<?xml version="1.0"?>
<VTKFile type="UnstructuredGrid"  version="0.1"  >
<UnstructuredGrid>
<Piece  NumberOfPoints="4299" NumberOfCells="8129">
<Points>
<DataArray  type="Float64"  NumberOfComponents="3"  format="ascii">0 3 0  0 0 0  8 0 0  8 3 0  2.271348744062821 1.3 0  4.271348744062821 1.3 0  4.271348744062821 1.1 0  2.271348744062821 1.1 0  2.271348744062821 1.114934919164796 0  2.190447044625326 1.141221474770753 0  2.190447044625326 1.258778525229248 0  2.271348744062821 1.285065080835204 0  5.759552955374674 1.895105651629515 0  5.828651255937179 1.8 0  5.759552955374674 1.704894348370484 0  5.728651255937179 1.714934919164796 0  5.728651255937179 1.7 0  3.728651255937179 1.7 0  3.728651255937179 1.9 0  5.728651255937179 1.9 0  5.728651255937179 1.885065080835204 0  4 0 0  4 3 0  4.728651255937179 1.7 0  3.271348744062821 1.3 0  2 0 0  6 0 0  6 3 0  2 3 0  4.728651255937179 1.9 0  4.228651255937179 1.7 0  3.271348744062821 1.1 0  3.771348744062821 1.3 0  4.228651255937179 1.9 0  3.771348744062821 1.1 0  0 1.5 0  8 1.5 0  1 0 0  1.187177687096757 2.000429750537657 0  7 3 0  6.803139547696373 1.012480603071503 0  0.9021862601535033 1.018124173435669 0  5 0 0  3 3 0  3 0 0  7 0 0  5 3 0  1 3 0  7.104248040359918 1.986165360239946 0  5.503778288295917 0.785837888237382 0  2.495808427066037 2.214162111762618 0  8 0.75 0  0 2.25 0  0 0.75 0  8 2.25 0  6.5 2.436310258975413 0  1.608300186371193 0.6785738917646325 0  1.536986566086786 1.385471918793477 0  6.480399683678512 1.647079381601204 0  1.80800635110899 2.325856610288343 0  6.19083307772345 0.6734049605871957 0  5.5 3 0  5.228651255937179 1.9 0  5.228651255937179 1.7 0  4.5 0 0  4.428462377007309 2.505036367504888 0  2.771348744062821 1.1 0  2.771348744062821 1.3 0  3.571537622992691 0.494963632495112 0  3.165394790080789 2.342780494468757 0  2.5 0 0  4.834605209919211 0.657219505531243 0  7.455028130279194 1.125 0  0.5409883023499144 1.875 0  7.5 3 0  0.5 0 0  0.5 3 0  7.5 0 0  0.7667769092934756 2.439016673339196 0  7.215634201289803 0.5673050419871494 0  2.006820450792165 1.790777124243141 0  4.25 0.5239171052288385 0  5.25 2.476082894771162 0  2.166356274216304 0.5483667459258765 0  3.858315220471597 2.444421605203556 0  2.75 0.5239171052288384 0  5.924287099093234 2.429243626224638 0  6.072356739016348 1.240342670023264 0  4.944044663357726 1.204353824730426 0  2.899747379983828 1.846895363037259 0  0.75 0.4897425659526317 0  7.25 2.513429374069412 0  6.5 0 0  6.690637554434032 0.4945432978594668 0  1.5 3 0  1.287813229447681 2.517670233324917 0  0.3794878732674716 1.125 0  1.04576070072875 1.508963996262239 0  3.5 3 0  7.498814139022702 1.644860070242492 0  6.962826756832308 1.496498645911257 0  4.5 3 0  1.5 0 0  6.5 3 0  3.5 0 0  2.5 3 0  5.5 0 0  5.439345372988929 1.269672237812379 0  6.225334899881005 2.049973800892953 0  7.543128857626563 2.148622394282652 0  2.771867793497581 2.593167376084939 0  2.203649685786837 2.577590040681516 0  5.25 0.392918944118691 0  5.795310240753807 0.4217481984929214 0  1.215549233070351 0.4187122234752926 0  0 0.375 0  0 2.625 0  8 2.625 0  8 0.375 0  2.449902479113768 1.762873274753766 0  1.580715592593267 1.820033896918241 0  3.156785614849873 0.3964195255610811 0  4.843214385150127 2.603580474438919 0  7.630213004207547 0.5625 0  0.4084269661472251 0.7161998458939687 0  8 1.875 0  0.4050535842049491 2.256620211306833 0  6.671641165518615 2.03608529882466 0  1.332633883113694 1.009287266582104 0  1.826344200813673 0.3520982666936249 0  1.806144068864642 1.054827025203454 0  4.942108333443534 2.212539020129926 0  3.057267754174354 0.787460979870074 0  6.469853204930337 1.240526937543684 0  3.269131073872058 1.694460674674057 0  0.6279677391368528 1.463882119120872 0  7.615488692879521 2.633151590506028 0  6.860018592229344 2.620567232970937 0  6.209086111251948 2.681863987596704 0  0 1.125 0  0 1.875 0  8 1.125 0  0.4439253205606249 2.629408708152278 0  1.633357677675374 2.653495676172913 0  6.353588521207471 0.3404543187542615 0  3.482278267803742 2.595235265664831 0  4.5934625737718 0.3662033709222601 0  3.519376098897214 2.229150374415466 0  0.3698609838975935 0.3473146451967915 0  5.742575589325881 1.075324245648719 0  2.551696266006118 0.8385616511190854 0  5.582153296668101 2.270021562389698 0  5.615835404123356 2.643028563315748 0  4.053491021854186 0.8385616511190855 0  6.121050562154818 1.612517910376934 0  1.893316775683703 1.434200238885389 0  5.216399089445781 0.983675310386221 0  2.144276563421249 2.229194170590271 0  1.498392367178918 2.159924515772697 0  6.519649874832567 0.8029876175561523 0  6.918856257370242 2.279006152279413 0  3.917096488975599 0.3611648530718135 0  2.834678494673575 2.259955123020974 0  3.100986078552175 2.675992747532722 0  4.492935109903419 0.7856254915044568 0  1.019981368711172 0.6980890225260483 0  7.154073980151074 0.9239582626501904 0  7.695839320790339 0.8914684142641515 0  7.69002518943898 1.366981020491457 0  3.197485618069747 2.014465195309666 0  0.3215688299868148 1.613817856577349 0  0.8867790749554765 1.820789137487273 0  3.75 3 0  4.923977396553949 0.3243628262084697 0  5.837701843195411 0.7558865788161703 0  4.122314931853554 2.672951413136614 0  3.388433700034239 0.7791818672115469 0  3.733625322529892 0.7771867628160518 0  4.611402120044809 2.220818132788453 0  4.174970639310601 2.259192020511294 0  2.450186650173232 0.3453750645406775 0  7.25 0 0  7.420025273690687 0.3148348224102921 0  6.267679475862917 0.9941203593261778 0  6.915224048685267 0.7169475268789032 0  5.802678126480036 1.391959872640785 0  0.8976165090202789 2.143653142901551 0  7.75 0 0  1.338122952308997 1.624946054450897 0  0.75 3 0  7.158208020242691 1.243550774347499 0  4.615779775258959 1.2 0  2.065180930752653 0.8605005383036952 0  1.520802868410001 0.3840862728492964 0  6.771955919059872 1.741857873793119 0  0.9980881542207145 2.671823107596957 0  6.980710405233875 0.3319661242845602 0  2.975048019983168 1.549554036301542 0  3.978651255937179 1.9 0  3.978651255937179 1.7 0  1.25 3 0  5.14207770714083 0.6818833360184926 0  1.315003639466062 0.7143439862774721 0  4.777972547091886 0.9488631090023403 0  6.75 0 0  4.3271739884593 0.2391371887653568 0  5.105870475850544 2.728913321982469 0  2.75 0 0  2.894129524149455 0.2710866780175304 0  5.233464304316012 2.187615061514887 0  2.67568670925481 1.577910825646511 0  7.417646234494145 0.7858128003352968 0  0.6131425078371748 0.9361161050216145 0  0.25 3 0  1.121652326896571 1.22034688124282 0  6.212656461890317 2.390990385449449 0  5.899525197681408 2.72292836436177 0  5.853216168047035 2.153374231148747 0  2.149656049719621 1.548415117662409 0  1.811759236008885 2.019715110345184 0  1.91557859236932 2.593566162293405 0  7.723657680393124 0.2883948797379171 0  3.811257383783537 2.163292795584117 0  2.166655977012556 0.2488589663877832 0  1.891586913752929 0.6317226521967907 0  2.484738554799742 2.695546697431357 0  2.3030826429551 1.999235834755983 0  3.842320627961555 2.729651040950754 0  6.061221315636763 0.2902587302850645 0  6.488808704458565 2.718155129487707 0  0.7138379542263819 2.718175998132943 0  6.678292708462373 1.438982190482032 0  0.2056453997834414 2.0625 0  7.246580444829325 1.513742997962968 0  4.794795000832012 1.434979939393759 0  5.180251712061557 1.403731697805745 0  2.648555840075871 1.977567744842983 0  3.75 0 0  7.7826662743154 1.6875 0  0.856451548625021 1.304898937958594 0  0.9572374997197044 0.2868512462452522 0  0.6249941210471001 0.2448742840187556 0  0.1995163854088737 2.4375 0  7.372187119100027 2.758159945312779 0  7.265179831701615 2.225456037668214 0  5.528635578543869 0.2942121897912883 0  5.75 0 0  5.478651255937179 1.9 0  5.478651255937179 1.7 0  7.734186990641565 2.367757401366313 0  1.143902579020446 2.27725964581014 0  3.521348744062821 1.3 0  3.521348744062821 1.1 0  4.021348744062821 1.3 0  4.021348744062821 1.1 0  4.478651255937179 1.7 0  4.478651255937179 1.9 0  5.98999716982035 0.9819101243453214 0  4.75 0 0  0.2321152493863931 1.355378398304151 0  0.1897439366337358 0.9375 0  7.739135545986715 1.957664237490197 0  0.1991870287896579 0.5516167470996873 0  7.75 3 0  7.100517059450099 2.747379410993668 0  6.600923685222165 0.2451110576133528 0  1.392186661184195 2.759591759549322 0  3.676607565728272 0.2531925827432989 0  3.403909978869961 0.2783988547646918 0  4.593172066297404 2.733882220828346 0  6.75 3 0  7.269286341348873 1.778236162756686 0  6.315248715137749 1.447641855398885 0  5.364728323218232 2.708982121375702 0  2.25 3 0  3.25 3 0  1.526661676354403 2.417482844289594 0  0.6201982467640795 1.209040981434005 0  6.902573708094182 1.248026309265496 0  2.426830667332022 0.612644712010144 0  0.25 0 0  1.25 0 0  1.694198195069015 1.58898332463461 0  7.484490044517883 2.415320908088231 0  0.6541636744233351 2.212470158067549 0  6.006938452776376 1.946555066001089 0  1.75 3 0  7.492600559570823 1.898353077385563 0  2.803349881554204 0.8464789858606286 0  3.944751790404565 0.6158979549993651 0  7.25 3 0  4.978651255937179 1.7 0  4.978651255937179 1.9 0  2.25 0 0  5.75 3 0  4.25 3 0  2.521348744062821 1.1 0  2.521348744062821 1.3 0  6.25 0 0  6.25 3 0  3.021348744062821 1.1 0  3.021348744062821 1.3 0  1.75 0 0  5.25 0 0  3.25 0 0  2.75 3 0  4.25 0 0  5.25 3 0  0.75 0 0  4.75 3 0  7.021293126847953 1.750860099811977 0  2.307829436278134 0.8376171725598144 0  5.573268598869341 0.5434587296122573 0  1.127924356795541 1.758527771404795 0  3.457405299585926 1.990454643947783 0  6.454591504101044 0.5651931326794313 0  5.460884999766072 1.026062442745985 0  3.425243083651417 1.511711228305123 0  1.580445186629329 0.9387951766863973 0  2.385259897490377 1.524113612706972 0  2.561515411418047 2.457046560238328 0  6.388200505342028 2.222589797141054 0  6.284339560050404 1.801638586259307 0  7.692764765698622 1.129222669471078 0  4.35400264621958 2.732325136481808 0  0.771798888230853 0.7405929998286889 0  1.375 0.1993767445679344 0  2.330389125741866 2.37839673298022 0  2.125 2.799968084229759 0  1.978630411268205 1.210461260594489 0  6.009909900030718 0.521112324368683 0  4.539486346637325 1.424511641435289 0  7.444971082689133 1.369864628362469 0  3.320383121050463 2.771360089857018 0  2.975598897581223 2.47892475252022 0  2.875 2.802714892484648 0  5.120488659227124 0.1993298737289537 0  5.580534101259182 1.48104491877921 0  0.306495133082851 1.849239659396401 0  6.498056233652326 1.881426690845703 0  1.254390724737726 1.409536707583045 0  2.657869256662386 0.2228416903539013 0  2.040295503046282 2.020315019445703 0  3.339542930360718 0.5493066082370135 0  4.660457069639281 2.450693391762987 0  5.00363966749376 0.8698001012512284 0  5.356919164021362 0.6103223667025656 0  2.226335282112375 1.763964212065495 0  0.2207564371993355 2.748662375200443 0  7.810724494446361 2.769649662964241 0  0 0.1875 0  1.506043824097835 1.157081283274109 0  6.678786083768168 2.276067123730935 0  1.656457919085554 0.2046082455606486 0  0.7357657483655897 1.987472025799338 0  4.395864789593539 2.134527137936405 0  6.050047994005831 2.240286862067246 0  1.158374512794148 0.8717050614698624 0  0.6893865267240555 1.691636354848604 0  6.570931344908114 1.031073132836237 0  7.201276916762732 0.3467128390739515 0  2.968189892617611 2.072496074344198 0  1.875 2.813979456724338 0  1.359401782052802 1.851582201491236 0  1.793690941053321 1.801844121160112 0  6.684929353880954 1.219588140149926 0  3.625 2.806376515439911 0  6.880075910469774 1.942935132292024 0  1.773238931962122 0.8254717711446585 0  2.050628387192019 2.42355283441206 0  4.555853582500877 0.9907255704044344 0  1.73279477490907 1.274077107178273 0  4.033439069150591 2.10556343163208 0  4.61693453766514 0.5921701875903398 0  4.270594779884228 0.7469315340349807 0  4.095939624971112 0.2121199023718825 0  1.159212534198276 0.2101311504982795 0  5.014067965438307 2.436014109776893 0  4.875 2.820223580869637 0  3.125 0.179776419130363 0  2.958048063008138 0.4750210758130851 0  5.875 0.1779507351987824 0  4.315515459766174 1.51912285685321 0  3.941057894048461 1.48087714314679 0  3.684301670379034 1.48087714314679 0  5.232640365533539 1.198392830627412 0  1.080951137285426 2.47822062000286 0  0.8336879198791927 1.515859183479761 0  5.060076778358577 0.4866220845514663 0  4.076707897457779 2.458884736728708 0  0.9598962474436734 0.4968509975578725 0  0.448630940890092 1.341810660678701 0  7.792319017824394 0.7011914152178098 0  7.817436633316849 0.4733454785124557 0  7.423077225937273 0.578157122680643 0  0 1.6875 0  1.177506610106126 2.794873181875388 0  7.003444170993201 1.066683857909812 0  7.802692881024662 2.163507616641207 0  0.5967564213105143 0.6294318021020704 0  0.3939574197073483 0.9205999229469843 0  1.35044475276983 2.305982710537119 0  4.773458579959214 0.4617090218054246 0  5.343095166810195 1.538235288651744 0  6.271068650382963 1.248765749074142 0  7.108930157139147 2.361606459130671 0  6.70512277811545 0.7045131435037202 0  3.68774249477278 2.334996610682958 0  5.375 0.1606658508666146 0  3.270519542749214 2.535931836094698 0  3.69372952017585 2.578255435130341 0  0.5591067942676156 2.400984180649673 0  0.501501518811998 2.07595500598414 0  2.663918668419426 2.807216197156269 0  6.909718698546482 2.817769281032425 0  6.694077360257781 2.789876590202474 0  6.703187442553233 2.483151105183529 0  6.875 0.1592801037683179 0  5.916470124204784 1.579863081035312 0  0.2106320024211946 0.2079260032282595 0  2.651131026973637 1.776351758894866 0  5.449913916968668 2.522311173953932 0  0.875 2.840728659674897 0  3.161520539543081 1.465458111460302 0  7.125 0.1592138339964968 0  4.8356424150624 2.056269510064963 0  5.085229423499119 2.056269510064963 0  3.143245273131498 0.5982805603478485 0  3.164247794499596 0.9437304899350371 0  8 0.1875 0  2.350946422861723 0.1721930588604064 0  7.367344266017688 2.053877165431433 0  4.625 0.1631259125592379 0  3.858970704066689 0.1688204743397669 0  5.58330394088811 2.064492716939323 0  3.066173627960582 1.735820450150917 0  3.488775979749307 1.778549906601222 0  2.912672514241002 0.6683348530088973 0  8 1.3125 0  1.318537854142644 1.206178021548527 0  1.728000227700003 0.5224676420300634 0  1.875 0.1572225521624811 0  2.026228177432675 0.3984724868703045 0  3.75035734349968 0.5794632951285328 0  3.364158537810295 2.359784452870434 0  6.892733613105576 0.5150614415295773 0  1.44581551971943 0.5666085848630719 0  1.929026503277596 2.176331012017457 0  6.186150234252012 0.4391557030055345 0  7.619082061007496 2.835885712636645 0  0.2163510437361308 0.745093943228197 0  7.054746618336194 2.553403015987506 0  0.5523391864104485 0.4328547929737092 0  7.806447292604494 2.567893641262925 0  2.324250902298706 2.814528365096956 0  5.375943262473345 2.31591936668847 0  5.706334625339821 2.444190487401019 0  1.880562477808624 1.629240501579194 0  8 0.9375 0  6.789269416626343 0.3304589308049196 0  5.631877150261195 1.296686766771254 0  3.279252026189946 2.188891949732385 0  0.9388433084216763 2.338577024773556 0  4.984909047095464 1.394500570260232 0  5.625 2.843282143992703 0  6.038971328736733 2.586799440903778 0  6.365540306494527 2.572115852410521 0  6.069639980196623 2.817992911054695 0  5.987030244176126 1.406973707273456 0  5.998208304381397 1.753927953846751 0  0.1897439366337358 1.127257363971379 0  2.063595758131081 1.377836243078621 0  4.407334316827481 0.4137071006172223 0  0.5130286836863709 1.617036447957102 0  0.4049150763258838 2.824849416467336 0  7.083056020652804 2.174179390127778 0  0.2170772667741101 2.250236929295242 0  0 2.8125 0  0 0.5625 0  0 0.9375 0  0 1.3125 0  8 2.0625 0  0 2.4375 0  8 1.6875 0  0 2.0625 0  8 2.4375 0  8 2.8125 0  8 0.5625 0  4.432571727960061 2.314958341067046 0  4.424361130975607 0.6069990396145737 0  5.305426463272198 0.8017156872542057 0  6.131976703933539 0.8559849782119628 0  6.495437488181123 1.425697138448139 0  1.625 2.849193660770673 0  1.702631966933804 2.480054528556845 0  0.3945128940205815 0.1585128232219865 0  0.3837096683553776 0.532325388084207 0  6.430652800684721 0.1718865143276112 0  4.068358648333322 0.4736107175032529 0  3.982173861232138 2.294743193082998 0  5.085811551073705 1.556999165397652 0  6.375 2.863818787787234 0  5.913065625022011 1.147445033104873 0  5.617882150235691 0.9351640955713405 0  5.625 0.1363334306462091 0  4.875 0.1417934192311381 0  1.461158655086404 2.589219087933798 0  3.646412092151834 2.080069631922709 0  1.51320695074349 1.570804898297982 0  3.662924726627279 0.9590580349507436 0  3.861011927755241 0.9133925860048835 0  6.011469094090558 0.7039887298321218 0  7.625 0.1339828651428013 0  4.567581235582893 2.049135406846275 0  3.412314136186667 0.9608857482343118 0  7.845064855800159 1.03125 0  7.110603992143392 0.7328156949035708 0  7.343886213932026 0.9655954417099432 0  2.695446926371731 0.704935019621942 0  4.16450895648486 0.9692808255595429 0  0.3829862737268478 2.455428628253845 0  7.416869702249061 2.582983594525651 0  6.942101830365243 0.896162492163083 0  2.412850976813409 0.97011357290435 0  4.682535756776067 0.7664855071132896 0  4.37426484156218 0.9332634348519913 0  7.520840196340105 0.933172734150715 0  4.228322074128209 2.080502975631199 0  4.260529141278408 2.421413634018853 0  4.130696109341814 1.52739396106039 0  7.62442918586278 1.774761782581752 0  4.770837351647241 2.298642338729403 0  2.659081788080151 0.9692808255595428 0  3.958145327098994 2.593082877725354 0  6.40471591607257 2.039281171083599 0  7.306334598397968 0.1729048699893991 0  2.058360679994292 1.044620012314328 0  7.829185279884737 1.249689537019901 0  5.396449504371625 2.076224077365662 0  4.122187764222807 0.6522483501231202 0  3.157368820378751 2.846331869069336 0  5.423574767468459 0.4425479183636216 0  6.228492551635899 0.1925303443146653 0  6.309485343235652 1.625507346789815 0  5.081928240613629 1.095477949084827 0  0.875 0.1279786035334645 0  0.625 2.872807231349105 0  2.910599886133734 0.9749028871813481 0  6.675942687910718 0.887645701953945 0  6.363541763283873 0.7176752554711824 0  0.6374683539252792 2.559094234831318 0  2.318214196716525 2.200881974211855 0  2.380451999092584 2.550166410698844 0  6.536479828049466 0.4091396456383392 0  4.205828921171869 2.828795651663931 0  1.160483441256899 1.048182063623446 0  1.473087576351168 0.7973906036653405 0  1.635467707016087 2.275618109215771 0  1.490274320073023 1.977360428989071 0  1.319842863700664 2.12593833323282 0  1.038097083874988 1.90873872682055 0  0.9764780051318016 1.670081096170961 0  4.196450314360722 0.3549213284652789 0  4.00547376903863 2.815650214993648 0  2.324106923644315 0.469012625258481 0  2.62156880152297 0.3985837966713345 0  2.480034323643658 2.034493276725437 0  1.661700266500493 2.103589112479392 0  6.833539413405495 2.118578138917358 0  6.873452116464108 2.447033046872782 0  0.1773085122201097 1.722774563976677 0  3.551220855419492 0.8343926111634291 0  0.1745608692771848 0.3787607588957928 0  6.14939191369715 1.444115253476156 0  0.1737483865491355 1.520281906039975 0  6.21911549660492 2.22049682798605 0  0.9168680812749136 0.8418321447764774 0  1.118669862799315 0.5590338296278408 0  6.549899648773398 2.159834050838793 0  0.7314224269944061 1.069611937491427 0  2.841353796948068 1.669521910326284 0  4.76007062325449 0.270479429215871 0  3.53306735188919 0.6645753085996963 0  2.65914669789004 2.303087220453846 0  2.813344566448606 2.428353573929568 0  3.013090021930811 2.246805135613744 0  5.82436238687318 2.568704780982975 0  3.309798891296519 1.872290238076339 0  2.934309673447985 2.64361922420006 0  7.814472049799869 1.50465929879655 0  7.655021655098611 1.571109061626279 0  7.571771901322369 1.246723485237504 0  5.662697013526129 0.7023838111245922 0  5.850187728751857 0.5846483525212913 0  5.783307692076898 0.9134909840193662 0  7.623045562133841 0.7349599866384433 0  2.591375535094126 0.579062742535565 0  0.2791346994157262 2.589466581216954 0  0.7902698721024758 0.2725582804264881 0  3.718619566838454 0.4151667532377809 0  7.283422824431731 1.126200550114735 0  7.08257872256741 0.4652016578276283 0  5.695560350679781 0.287749679775161 0  2.791393282540581 2.087559367698348 0  3.577778375184494 2.45940610792731 0  3.227071782510223 0.7415613901891035 0  3.063727798371986 1.903578862695664 0  2.272495362913909 0.6781587880568405 0  1.160383437867079 2.627510922698465 0  0.9159389877208036 2.52212862827949 0  7.098992249907573 1.599100397571838 0  4.921310899796076 1.04036092782652 0  4.780168576234989 1.136136869889566 0  1.649917785270087 1.08562067873332 0  2.63892990396826 2.140890151093337 0  7.517200974157271 0.4453873752455233 0  4.284497752351858 2.583714477697947 0  1.907814067544325 0.9188802062366697 0  2.058180260153352 0.6863263770157135 0  5.735654149762776 1.537056578033429 0  2.133661477418098 1.891975481493555 0  1.067888961090022 2.123579493465573 0  6.158507393800498 1.902703089825082 0  5.151560824104906 2.341071034967169 0  7.466093618080595 0.1569342601641805 0  5.375 3 0  5.461393680111762 2.840997485438855 0  7.327673748624619 0.4475840294641735 0  5.773900007791357 1.233397024616564 0  7.032182764022294 1.348138561407054 0  5.743228936485273 2.28312106946102 0  6.427047537521106 0.9438094824906325 0  6.364330737535968 1.12148683461465 0  6.126738841366476 1.081903380670372 0  3.853651255937179 1.7 0  3.288776049191406 0.1603062666728042 0  6.57377937878674 2.580384461298312 0  0.7684237581831077 0.8999863354882744 0  1.687393657270464 1.428022442434283 0  2.185580456385337 0.9485827716930095 0  6.649777608766383 1.613720728385618 0  6.804091879426719 1.549206929125696 0  6.831192863815948 1.39137717334906 0  3.875 3 0  5.787892550523208 2.84156679625577 0  4.849820483816788 2.439430343962491 0  7.857126247986756 0.8536502842876754 0  1.462122800346268 1.718985109007197 0  1.196240584772764 1.556118912756616 0  5.547131639282259 1.160901386492439 0  4.675515402810125 1.540086915197146 0  7.281264447178937 1.352850614144151 0  5.24380652943196 2.829434660023134 0  7.875 0 0  7.834300488722806 0.1625496741847962 0  0.125 3 0  0.8960915557260195 1.983279785059147 0  1.288189143426422 0.5588199693643537 0  4.465236777510833 1.274819796965408 0  7.271150028382294 0.7186149366691924 0  0.7922692038405756 2.285082273438065 0  2.510630316264237 0.1598101342535184 0  2.896348744062821 1.3 0  2.810466050751191 1.473270725017805 0  2.646348744062821 1.3 0  6.732568499192032 1.892643526721098 0  0.4354054081980534 1.755946709222653 0  6.613336602207601 1.771186720757238 0  5.155244974218371 0.8367034407806241 0  2.540053777617187 1.468882180843049 0  2.526686712054254 1.627066839911602 0  4.853651255937179 1.7 0  4.923220345295196 1.545318923683465 0  4.714250550489404 2.841798152593813 0  6.221234725824587 2.848137491099105 0  3.531081501623061 0.1665101296283208 0  5.204825932786708 0.5406829345150382 0  4.991492125441749 0.6302735225682695 0  1.402702325389829 1.461192343575625 0  0.8806089261616481 0.6301134392055565 0  0.1543659854986996 1.875426717694248 0  4.487476159353252 0.245756372041993 0  1.363310362684047 0.3585045711726328 0  1.672488672652514 0.357729943125893 0  0.5544941570932908 0.7854697714639491 0  2.795912501614242 0.1494477952630068 0  5.113409254612097 2.565714168355107 0  3.476847653277495 2.752713384442369 0  1.907935261418515 1.903583059807189 0  1.697341652457762 1.917976171698107 0  1.030711262875815 2.847209876338821 0  2.03545401457212 0.1564897461423372 0  4.375 3 0  4.472884018931556 2.841136863226079 0  2.63293428653169 2.657345282386031 0  2.473932011095064 2.848697560497845 0  7.569783842098106 0.2779852744958734 0  0.5365974559900749 2.749519802970809 0  3.926001265170338 0.7682820665565649 0  4.146348744062821 1.3 0  7.022506931934784 0.6067669988231218 0  6.973435509830387 2.061657105855986 0  2.757993064183921 0.3351428666911372 0  0.4963151905523232 1.030558052510807 0  3.119511506295593 2.525782049625154 0  0.4193432325861626 1.493810276522356 0  6.07481028904402 2.083664893113435 0  5.740454431559264 2.055727354154316 0  2.189870846101251 0.3986362360906477 0  0.6892016258296906 1.843218696555132 0  0.4136121379148391 1.95432813189261 0  4.755706208339188 1.285158973593789 0  6.082250346666522 0.1342375318900014 0  3.542111223139991 1.63594026571127 0  1.108044266096692 1.371055030121116 0  1.022675976048884 1.107561631611551 0  7.875 3 0  5.081648364131878 1.281751704868768 0  5.335020643750969 1.381258606550215 0  3.129372763582663 2.149956665792986 0  5.125 3 0  4.829536465290466 0.8076142302617835 0  4.457280031115094 1.11902335473143 0  5.913096159162373 0.3253259526644048 0  6.327348437012099 0.4873132200611194 0  6.922265976327687 1.639721897190412 0  2.280195272461265 1.625330089750501 0  0.351627255809972 2.112021702519262 0  0.125 0 0  1.021835896782739 0.1526923893285281 0  1.167915917530497 0.6985316890430876 0  1.306822356874986 0.8628315870262075 0  1.027351948143985 0.9397907542588475 0  4.375 0 0  3.907939259517581 2.038656022417292 0  1.995247429903624 2.722175330884236 0  6.804051718419299 0.8141673818669306 0  6.310555820227788 0.854179783848362 0  5.867252596270318 1.972818272692365 0  5.109250330562621 0.346964493480072 0  7.232907353005834 2.83957722219866 0  6.135808248310166 1.758381535362535 0  4.475106680651187 1.551809805422439 0  3.136806840233984 1.609158422872805 0  7.256933085800602 1.937893084796123 0  2.00122637996935 1.541972172080045 0  4.353651255937179 1.9 0  5.365885455433951 1.136674039017095 0  4.567988421094228 2.578310851406316 0  2.978936524670212 0.1479905706354013 0  3.020881353701638 0.3433433327245232 0  4.986295665087958 2.641616015641803 0  5.021063475329788 2.852009429364599 0  7.568472223677399 1.451202515931981 0  6.072668588448559 2.441754347190468 0  6.22389821143932 2.536587086524918 0  6.354298556945523 2.426519151335052 0  3.375 3 0  7.591731054781109 2.299104218937 0  7.625917483139032 2.47857472790845 0  7.861808314930648 2.296948497670831 0  0.8509094811928226 1.15698083355796 0  5.087824621981524 2.200077040822407 0  5.257718466163005 2.04024115318065 0  1.7393601869542 2.756050185471822 0  7.424998794760994 2.262444915159872 0  7.334343393250547 2.385736622234087 0  1.06715130292387 0.3904763650146257 0  2.019850699726729 0.5448806959271203 0  7.86075256662891 0.3351316471458102 0  7.660764309178596 0.4199346024867077 0  5.247924909082062 2.621812836201585 0  6.712681576884169 2.630518267729668 0  5.885510563003951 2.291054717639413 0  1.847044016436041 2.465637676108332 0  1.771166542867083 2.607983014741918 0  2.058671834987499 2.568587083498267 0  1.908582344024841 0.7745426452903083 0  7.204292713060704 2.09264325050364 0  3.828314533115416 2.303529269394533 0  0.8564356591887413 2.697897712058931 0  2.25288391187329 1.447646126318273 0  2.074646353789413 1.66678235913784 0  0.8333907814689161 1.686965629931744 0  2.625 0 0  4.917287765095331 0.4681821020213781 0  6.736294117410372 0.1968701828407988 0  6.625 0 0  1.751475912957388 0.6644137273620931 0  1.868111228495544 0.4897765668647609 0  7.8913331371577 1.78125 0  6.595576526755488 0.606585858397679 0  7.370028340178554 1.240360599194837 0  1.438295978178055 1.283386699347685 0  2.522528400166451 1.894691637527168 0  2.757502463925694 1.883114330717847 0  7.142417153140766 1.101223296073544 0  6.555582951641426 2.856648328456573 0  5.368472313422194 0.3069170304084372 0  3.020410486579135 2.797164487555913 0  3.763957425031638 2.853828655754994 0  1.582456453463844 0.516081024821788 0  1.955764838321526 0.2746187581235741 0  7.403090328343852 1.5208335732175 0  7.353133561170785 1.658343399582673 0  2.342278709883293 1.858407327633105 0  2.179490088761796 2.082437196573698 0  5.484593674952603 2.177150219712276 0  5.652236156357337 0.4241273471572001 0  2.195606237991358 2.432555791595309 0  7.125 3 0  5.93210604394268 2.86969580401072 0  6.585219728975054 1.318692358912619 0  6.345865534032844 2.723763832798165 0  4.733570826494041 2.698240168977434 0  1.516707474534408 0.1493477963971309 0  0.1424188817981045 2.629633655677307 0  5.558569155510822 2.419063778222812 0  0.8640511610442676 0.3930477587262131 0  7.886178254483363 1.96875 0  0.1061306812611095 0.657372026609061 0  6.508243845987662 2.295121793703362 0  1.23396139757963 2.386628122731392 0  5.710674221547199 0.5711392280411783 0  5.993466980625023 0.842232491726486 0  1.299614618076439 2.867092544758309 0  3.433620709615049 0.4285586617038313 0  3.546035947853037 0.3282969022322099 0  3.294644422062602 0.4173018828494717 0  0.753411002805392 1.400488641181544 0  0.9961818233578971 1.284986070034456 0  0.9367284656988216 1.420269480256811 0  0.1028226998917207 2.15625 0  2.298170527980015 0.3051624847119363 0  1.784558096813686 2.181899675215913 0  7.171773538769799 2.628177649152357 0  7.436947478718339 1.77016626140251 0  1.325804205193362 1.986767857767437 0  1.625 0 0  7.85935204153335 2.43757502635866 0  0.7270747926806322 0.1426411794201807 0  5.752947262573599 2.698027897795937 0  4.525290567885226 0.4874871015463924 0  3.625 0 0  0.4855063928351855 0.2664041860719227 0  0.6766227493751522 0.3728597884059665 0  0.625 0 0  0.5367213244617247 0.1355941604619285 0  3.841909566212326 0.4765640869342239 0  1.125 0 0  5.904504194911163 1.289557725328889 0  1.95177330142895 2.318936916988148 0  0.7775293758956715 2.580259111517285 0  0.09975819270443687 2.34375 0  7.67671840510897 2.089670343470703 0  7.760900910151057 1.822582118745098 0  7.493983999079109 2.695940106333091 0  7.476529652119999 2.857709428846382 0  0.2858208091579655 1.227407549935248 0  2.486105317818047 0.4831692335768927 0  4.304999747107636 2.290789607596419 0  6.973486400790029 2.696834250289448 0  7.036749357206551 2.868314441736644 0  6.53757008519223 2.013020574758575 0  2.396348744062821 1.3 0  7.155598936393149 1.409945216794391 0  0.1033753589069105 1.402592586456501 0  3.219550943399498 0.2765573456621035 0  5.242419371268285 0.2578742314290877 0  4.4375 0.1200122715289449 0  2.308996864709778 2.673130572683329 0  2.375 3 0  2.67338127682328 1.437870839661541 0  6.366959634528636 1.908133764676053 0  4.704124642714235 2.035355986368081 0  0.1331068160947458 2.85917878927017 0  4.337050216149243 2.868315929213761 0  4.603651255937179 1.7 0  6.125 3 0  2.439317106515412 0.7582424454617529 0  5.348018316447114 0.9373641762600047 0  4.125 3 0  2.861393599713342 1.974617956077304 0  7.375 3 0  3.411533154177971 2.870429738932952 0  1.125 3 0  7.878069707740282 1.380419851400436 0  4.103651255937179 1.9 0  1.272256161919738 2.700622080193212 0  0.09487196831686789 0.84375 0  0.09598730236164048 1.032378681985689 0  0.2835005709058311 1.032378681985689 0  6.815194192869591 0.6258952361029212 0  1.868401443996258 1.293172029236132 0  2.161011548963705 0.7619307746273121 0  4.625 3 0  0.2987950760175058 0.6402801180150608 0  1.933346665406737 1.083402189050675 0  2.125 0 0  7.563632519758432 2.014247411721228 0  7.136689771873936 1.842453134678795 0  7.00679901007931 1.88864929936463 0  4.529061319618255 2.412127810844396 0  0.1304045128184662 1.256274649009744 0  3.375 0 0  6.55323980954525 0.1214117099061692 0  3.825258279823434 2.597780237515613 0  6.660862145974069 0.3633334970412661 0  3.190203595740821 1.799187825620774 0  5.862142101178716 1.022971432101875 0  0.3079060704364694 2.346465965053834 0  4.473976353386607 2.673353403886763 0  3.796211255611496 0.308605922368821 0  3.731126054731732 0.1317623981447753 0  1.486557148131843 2.861649499841863 0  1.514226632141626 2.709849912015514 0  3.298839271794991 0.8941308270504864 0  4.743773503549808 2.167944256904309 0  3.444206855889266 2.466980482105448 0  4.050600112352789 0.3395376484986356 0  3.404184582371303 1.666657052152276 0  1.598134955762824 1.260073524488758 0  2.225357068765264 0.1301326012175692 0  4.221416024315659 0.1412459072410676 0  4.125 0 0  0.5659277654766058 1.737739674898912 0  3.679874533405038 2.204564842666399 0  6.416524447139269 1.531077659731712 0  6.394175164755691 1.345586965990101 0  3.832744766255574 1.555530562198507 0  4.031994891066594 0.9692808255595429 0  3.896348744062821 1.1 0  1.710408604710455 0.9640438333333957 0  1.60207222256717 0.8094261196758583 0  1.445436166021988 0.9323341062815432 0  7.222770221731473 1.642846891438226 0  7.631506724379751 1.009533494709159 0  5.468472130767799 1.401976729776033 0  3.415254986000583 2.129834652188881 0  7.8913331371577 1.612216265292111 0  0.6766742039124796 2.345017196994368 0  2.565941472670748 0.7080984532524395 0  6.4797947372045 0.2921953962389881 0  5.48356733878111 2.650440918009728 0  7.375 0 0  1.803478069209974 1.524258405923434 0  1.594699233668271 1.682045199959445 0  2.932724697889935 2.352396348382009 0  0.2856721173935213 0.4466401507472353 0  4.103651255937179 1.7 0  6.79809903524988 2.336523187000905 0  1.579168072093016 2.535869730560512 0  1.408593705546566 2.470809868282311 0  1.506882636815624 2.289323372799128 0  0.09797962372246735 0.2733653876229933 0  5.2124422419021 1.531631487037939 0  4.717238703559937 2.56849333215076 0  5.229542830361467 0.1284471666364712 0  5.125 0 0  3.02867054312385 1.432314557166519 0  7.302485040493753 0.8435874401427755 0  3.966194109561433 0.2413728355657699 0  3.836802783624596 0.686172769182357 0  5.603651255937179 1.7 0  4.665909837391783 1.378660932264589 0  0.5143219719393634 2.521653737421605 0  6.882095976079396 1.117910246503397 0  7.029588375308457 1.199951856027807 0  3.792295233032101 1.427765281099254 0  5.680525605637532 2.17625853251109 0  0.5826260221228858 1.33772547344764 0  0.5029197150614414 1.158208328215735 0  0.7315711054446598 1.273615481643245 0  3.587811058313209 2.677707248057543 0  3.714491020159906 2.706495610928197 0  6.384102784793717 1.726760952687305 0  4.68372740772416 1.041237921075855 0  3.29628658610963 1.437137380921275 0  3.396348744062821 1.3 0  3.300652820820426 1.568740111516865 0  7.501460381078254 0.6841060018949133 0  4.595515333326647 0.8658274397493403 0  2.933886560099 0.8451390250827031 0  2.678575163603995 0.8320750364389254 0  5.925649512188078 1.857213084963275 0  5.952074171899364 2.065869030335933 0  2.685742321640652 2.427887951547647 0  5.747637693522824 0.1713327333176419 0  0 0.46875 0  5.540224024384743 0.6657334439624609 0  2.625 3 0  0.3391489390547665 2.701776006809813 0  0.2618307947969828 2.871253385087039 0  0.7704726893228916 2.158896594182894 0  0.524223820005858 2.204162201334367 0  2.875 0 0  1.252080716981919 0.296946587370345 0  2.784669560559936 0.972553878393003 0  4.988701276101787 0.2091453079395688 0  0.7520753070065341 2.872941569353573 0  1.193563530259129 2.157057147573011 0  3.037589206328846 0.9732624241628568 0  3.537680903307324 1.438552480172905 0  0.7267479867461192 0.6181355425656628 0  3.776484548545692 2.015701279446883 0  5.497942266430353 0.1273577490846414 0  4.749386762623704 0.1452730074152829 0  7.687334922919604 2.21593916513982 0  1.021683623779217 2.242072768274554 0  2.537516538596241 2.333892524526448 0  2.505439493120354 2.570602754194893 0  6.98490892394978 2.38700285889936 0  0.6363911697451626 2.078727704583773 0  2.002787199003619 2.856704783707504 0  6.2284040089143 0.3194626304249414 0  3.537655176453307 0.9593939472350103 0  6.999991898000191 0.128682506435709 0  1.375 3 0  5.875 3 0  6.125 0 0  0.625 3 0  2.646348744062821 1.1 0  2.396348744062821 1.1 0  4.146348744062821 1.1 0  4.603651255937179 1.9 0  7.625 0 0  3.646348744062821 1.1 0  4.875 0 0  5.625 0 0  6.375 3 0  5.103651255937179 1.7 0  6.375 0 0  0.375 0 0  0.375 3 0  7.625 3 0  1.875 0 0  5.603651255937179 1.9 0  4.625 0 0  3.146348744062821 1.1 0  5.103651255937179 1.9 0  4.963704519137633 2.028128512591152 0  4.853651255937179 1.9 0  2.896348744062821 1.1 0  3.146348744062821 1.3 0  0.875 3 0  6.875 0 0  7.125 0 0  6.875 3 0  5.375 0 0  5.353651255937179 1.7 0  3.396348744062821 1.1 0  3.646348744062821 1.3 0  3.896348744062821 1.3 0  4.353651255937179 1.7 0  5.875 0 0  4.875 3 0  3.875 0 0  3.625 3 0  1.875 3 0  3.125 0 0  2.875 3 0  2.375 0 0  2.125 3 0  1.375 0 0  5.625 3 0  1.625 3 0  3.125 3 0  0.875 0 0  5.353651255937179 1.9 0  6.625 3 0  3.853651255937179 1.9 0  7.871278742789978 0.5945884488418145 0  0.2855324816471714 0.8527035096358139 0  6.896031483080529 1.762784580408694 0  1.267443861323423 1.74589910881485 0  1.227736604525339 1.873298715159696 0  7.298983102929559 2.630860749208337 0  5.467506212798636 1.527510960905677 0  5.684722559750565 1.419943831388849 0  3.488209757097959 2.350635508538178 0  3.594340639182068 1.967109078050405 0  3.325199513183115 1.995898606946767 0  1.814696778304813 1.180580891603346 0  2.536466856944908 0.962633270678822 0  1.092216878809259 1.62439566149935 0  7.618716377753197 1.900771351540628 0  0.2949566093729448 1.492302028136862 0  2.084538015154576 1.163747044614005 0  1.006049878383897 1.78972946484868 0  6.482066475053867 0.6853887895740478 0  6.0518063160416 1.511809695337344 0  7.367762826596564 1.87637766492319 0  5.465773073244035 0.9024305313617207 0  5.892535761035565 1.701769587863123 0  6.580675511810593 1.512533712449409 0  6.21918665007874 1.544874491485143 0  4.403593792824974 2.009030870033696 0  3.88620462521804 2.844159009240809 0  2.400859202422817 1.64734101063542 0  6.243797537185184 1.11411778101576 0  1.743631320693121 2.87807083471104 0  2.446706977230487 2.415503803121935 0  2.867596004933029 0.3913870939911015 0  4.400136717649683 1.432842672505696 0  4.240573885704286 1.405151365372263 0  4.014751972652293 1.594848634627737 0  3.970858178566936 0.1189722807823213 0  3.699740654544725 2.456404402782986 0  5.032165615094906 2.315194984676133 0  7.749617760410096 0.5870192185306132 0  0.6696828632982617 0.827364888572878 0  0 1.96875 0  4.161766293888241 2.552654635400136 0  3.41008759848385 0.1572050151157256 0  6.792539451838314 2.876175087033875 0  6.300152193592371 2.307401916070263 0  6.30671611902377 2.135684709056841 0  6.322401518061949 0.1119829378284152 0  4.800907923423417 1.556626268795748 0  7.349598689730622 2.879359060878973 0  1.047377826809803 0.8182168275821133 0  4.593529215003013 2.855362715813142 0  0.1050412750415145 1.622767505614038 0  2.548524021221977 0.2747797272574427 0  4.51102001416688 2.162681903478318 0  4.930357503718529 0.7365730292600565 0  3.038072773465369 0.6665959617613466 0  4.884306835117354 1.311338372523266 0  2.109139278371802 2.679317365989763 0  3.235616722582935 2.666318901245239 0  3.358538646700557 2.629358371536782 0  3.662975002969993 0.6763026162637694 0  6.609913991744022 2.697759000426672 0  4.88276009826301 2.323772874063422 0  5.729376169397111 0.8044413835599558 0  6.669140692500484 2.156257019152366 0  6.602862444129507 2.371216740289457 0  7.229881312505267 1.017959090014917 0  5.355803121467356 2.197174569338168 0  5.316715371269238 0.4972215593520518 0  2.742824109284314 2.712764929930767 0  5.61829497688393 1.060717690690188 0  4.933759883474814 2.525016416010662 0  4.111811687777615 1.405423019050703 0  3.272401970944926 2.881742975363299 0  4.240107309920202 2.695034770691751 0  0.09975819270443688 2.512405093864866 0  7.8125 2.893296921495653 0  5.55527189927452 2.746136748311867 0  6.691788655705595 1.086214184233991 0  0.6080267376949101 1.085254689054225 0  3.461421376705405 0.547242026546105 0  3.411779295876868 0.6580952941119408 0  4.622288925089402 2.337614799565673 0  6.612579758102286 1.916901784202252 0  8 2.71875 0  7.882346076332477 2.667207945676975 0  7.734825710718378 2.670335358550191 0  7.690653389882526 1.248093300019498 0  7.574121792008213 1.11442444808047 0  5.667379058758297 1.173487152403717 0  6.81042099021956 2.737931025508908 0  2.293963260148899 0.9798173056045005 0  5.899941413131403 0.477193839924144 0  6.008932592107408 0.3997658545394484 0  6.133947268463134 0.5573707208616714 0  2.378267710470026 2.097165534062144 0  4.262105200877778 0.8738819733152277 0  5.088192463148969 0.9685413976583765 0  5.057459645771173 0.7641272397128688 0  4.896807890605032 0.9231295613131481 0  2.246004710025884 2.293003278562249 0  2.403428258957052 2.286275428629825 0  3.22650522706955 0.5141159170465143 0  0.3197873120557198 1.73189726297161 0  0.2908542795451516 1.972319013055501 0  0.6303710547091633 1.585392574736482 0  2.219300950858934 2.88011161904649 0  2.646439177477484 2.539647971213236 0  1.263404069736036 0.1304692504465378 0  1.456021399194907 0.2853219087386896 0  6.499036200316607 1.763459122922119 0  1.711598714529561 1.710836894912891 0  7.056537147316004 0.8456259698807448 0  4.370623208659159 0.8073738534378765 0  3.384005704495379 2.243838169729286 0  8 2.53125 0  4.271348744062821 1.2 0  0.4753141102242788 0.6136100125599795 0  6.570144093818351 1.160937381848904 0  6.561381744436302 0.913420380480406 0  0 1.78125 0  6.232836714898556 1.361738088554614 0  7.519450226658766 2.526888147261101 0  2.876906789803321 2.541705329500299 0  3.075208702351202 2.417421327940579 0  2.8125 2.901357446242324 0  2.951244021428273 2.892649223405988 0  3.728651255937179 1.8 0  1.507701228403546 1.035583007538453 0  2.801663235243743 1.777147420103722 0  5.811962597932552 2.387893261979855 0  6.088529563810895 2.697856250406998 0  2.888932217359254 2.1574092792009 0  3.081787192029829 2.042142581335089 0  6.299027469579827 0.6096563315720666 0  5.047385382951134 0.1074377669648756 0  4.28191479578501 2.178621882195899 0  1.488527413709323 0.6785068229239888 0  1.791683472069584 1.380186896467645 0  4.154445549390897 1.998612152648825 0  0 2.71875 0  2.07593063153571 2.132625615144029 0  1.925958758130368 2.018125099786683 0  5.566601459951266 2.5363136581181 0  1.203975032690147 1.303748576557436 0  1.843109592595865 2.700886876141638 0  1.396043160966459 1.112806768803493 0  3.5625 2.903188257719956 0  6.064052814861358 1.846344030112162 0  2.021400053849204 1.906145793710991 0  1.591126422216105 1.487290931216985 0  2.722040062315719 1.68738183171561 0  5.536095424911401 0.4108689714977038 0  6.458771277918754 1.056100065889308 0  7.136615581755867 1.724056865958881 0  6.013784604248365 1.095912046326767 0  6.779268224494141 1.99713980080155 0  1.301992626912866 1.513246077228751 0  5.138024349435705 2.454333353199658 0  1.469757630440487 1.832605472545589 0  0.4000709602443028 1.237866384617697 0  4.008254444015554 2.698743098922079 0  0.7585337955293614 1.601282154270034 0  1.412793281550724 2.060228338884222 0  7.045082701928438 0.9597796724451686 0  4.71706591320706 0.6538203933275717 0  4.651395462169869 0.4743881449426434 0  4.582283823973031 0.7048353013760575 0  2.6875 0.1009772809365177 0  2.030198312744702 2.236930612900955 0  2.944215463318769 1.738147117538155 0  7.218705197421972 2.401057034508675 0  3.95546385265281 0.5003705712826502 0  2.336858611835638 1.74343298253 0  2.115904200567161 1.773300380247928 0  5.263064997502266 0.6868325949046156 0  5.43105903177506 0.6959610473902209 0  5.457794227429042 0.5532711925593694 0  6.6875 0.09456100524815174 0  6.155109543813399 0.9700770016453364 0  0.1161102942565304 1.986477985010011 0  5.615492100792353 0.819595009970906 0  5.267292683074434 2.360081868543403 0  2.429896156134177 1.416767806150804 0  6.787681385517902 1.280263551954267 0  0 0.09375 0  0.1200652205348528 0.1236286273798038 0  8 0.09375 0  8 2.90625 0  0.5124921415901402 2.860142363505086 0  5.359679993306425 2.593906051560577 0  5.882492370290561 0.8616632057193959 0  7.094912976460574 0.2807183073065077 0  2.728114090761283 2.215245942980237 0  1.777772294793183 0.2364590737141903 0  1.743341304279234 0.1206425440239278 0  1.570653933039509 0.2807600935491711 0  0.5708398718644611 1.985222696903426 0  3.909814267352423 2.213167021489466 0  0.8138656626701928 1.906480045740172 0  6.230469809066149 1.703425805327445 0  6.112765968762826 2.33392893182317 0  5.985676366939063 2.335126574023239 0  5.959666322032681 2.178866904453155 0  1.330569333178156 1.321769787011262 0  4.152057887426762 0.7627481943405244 0  4.236799548077688 0.6385833250874762 0  6.934984616958334 2.167528885739161 0  5.132135896252621 2.837770793609085 0  1.428793334529238 0.4529501683621107 0  7.142041730035513 2.482951046826609 0  1.215620092190648 1.151079437064795 0  2.228565587776203 2.753329225075325 0  6.434497219608319 0.4551367551381036 0  3.532026383588814 2.117070544646812 0  2.91855947158397 1.449204348392307 0  7.53370628121891 0.8143502445736115 0  1.970948474837872 1.322496937342317 0  5.767381421118181 0.6672473856006911 0  0.1100349252323985 2.736239728322571 0  3.039408097198852 0.5535367557341292 0  1.237575884428809 0.9505380362394348 0  6.77770964486054 1.157496384731751 0  1.007246993945411 2.022502692352971 0  3.598705048554954 1.544207376470783 0  7.886603185704953 2.084204503603852 0  7.191054430382636 0.815033806394253 0  5.715502153522419 2.592969794398822 0  6.659358349194117 2.894879011916375 0  7.217155445262855 0.4564427068178339 0  7.311700248413005 0.3379731661991962 0  6.820645256934543 2.228335431514702 0  5.803461893861035 0.3115533363643629 0  4.017130898266096 1.998583473348669 0  4.072659894212047 2.210804817607721 0  7.209701200671732 2.731748807840019 0  3.259160544638843 2.416930771243961 0  3.730806262066975 1.592671038499485 0  4.271310322617754 1.609561428426605 0  3.981535186775837 1.390438571573395 0  2.422449297482214 1.937657645792411 0  0.5061936198490555 0.8910131318870175 0  4.101580998821261 2.884260800112408 0  3.022830975977276 2.578288806577231 0  5.63545765631973 1.588958587842638 0  4.035529404439355 0.7304004871054259 0  1.370742848451084 2.65176335059736 0  5.36445806986278 2.436487064895537 0  2.293839091860856 2.48222970681982 0  7.882799031647808 1.143790061097548 0  4.804494539826243 2.904545529150051 0  3.1875 0.08988820956518151 0  4.843079409865093 2.714253604570386 0  4.29266494809598 0.4174158328240893 0  4.155162686424974 2.374139173141177 0  3.965620149671626 2.480213371643968 0  1.607740594050385 1.995788767425367 0  6.1875 0.09048462697028338 0  5.650443670906604 2.349497688407574 0  3.25484735421061 0.627716982896619 0  1.900153095767329 1.794527973100081 0  4.487595535257972 0.9044323984785423 0  5.350036167175015 2.883463785220014 0  6.163582134157604 1.185308261474552 0  5.817534041606375 1.616899213381062 0  5.836323918090573 1.500818657982331 0  6.016306614931063 1.61493694974271 0  0.6587663527818257 2.452366150008248 0  1.077958513664026 2.747694130337339 0  1.1875 2.906714710184191 0  2.798321780079541 0.6333135690734198 0  2.863364729045527 0.5392128908635523 0  5.969261957755651 0.2321957271644824 0  5.969159067022509 0.1112140134436632 0  6.082188999004433 1.353320751272867 0  4.326594552288072 0.1014891059521899 0  2.128519389627003 2.341062727628877 0  1.95792423790384 2.488558402896686 0  0.3428084320676604 1.387457947540453 0  0.5171997268961043 1.433844111308241 0  6.416753524080816 0.8355632946759262 0  2.181177588615466 1.662675092111982 0  7.429532819194709 2.148938955928116 0  1.277468669497757 2.2257634839331 0  6.26224175170179 1.90761126282934 0  1.069420542601889 0.2779647887748302 0  0.8178818339999263 2.060072348959838 0  0.1139927591507357 0.4755718691753109 0  4.574955592969166 1.097475916259566 0  6.262458118667434 0.7561409666949152 0  2.095590327525542 1.273806553339955 0  0.6136442818358097 2.668403411035879 0  7.905228386301895 2.197898282434815 0  7.780044258116172 2.057766884225396 0  2.321620459431653 0.5793402769815675 0  5.928669927113109 2.613296748280079 0  3.203287244710444 1.906837421737092 0  1.233089411552816 0.784299908396955 0  4.198306433156564 0.246841996277055 0  2.237161185048434 1.871355912832802 0  1.636008916109468 2.388692087647338 0  5.335025478040678 1.238081998260047 0  5.260273911858885 1.089904211013407 0  5.241396576099621 1.31164552702938 0  2.819134029825225 0.7377423491997169 0  1.802822856347595 1.912531670806251 0  0.9167456146818287 0.7328888763407281 0  7.741102586854521 0.9926916250017708 0  0.2840060712764652 0.1141284956626957 0  3.363161279524044 1.772039464043857 0  3.507459280886347 1.888873090710564 0  3.599933869610985 1.735671438815769 0  4.080731929795104 0.101985868490794 0  1.057065585028197 2.360398099342578 0  1.316571956410682 0.4552204615994591 0  7.356760535962556 2.492245105417213 0  2.5625 2.911334982614123 0  3.060286778159322 0.4429767058691579 0  2.971649507436593 1.962949331430045 0  2.16821541070976 0.6551407275531831 0  5.815770243657244 0.0889753675993912 0  7.760569236764118 0.8046911813169318 0  7.89055659900932 0.7494361413535791 0  5.000801850650131 2.747288269744805 0  1.193536629237767 1.665380814831488 0  1.121009266461209 0.1085004865133414 0  7.757928262590096 2.472298594958675 0  7.698072776853328 2.562788479310861 0  0.7639256121203131 1.767518561620498 0  2.065191833297495 0.2943341329563194 0  4.112262907200872 2.778637009101677 0  0.9412546504417222 1.559479708316538 0  3.586690111930668 2.570384712334544 0  2.40765298514808 0.8640282340260019 0  7.263951716311565 1.230902865321297 0  5.156114251782272 0.4419511380650663 0  5.089774800798031 0.5889992267114663 0  4.998690583933548 0.3999032658293861 0  3.397188710420969 1.405855614152562 0  0.2633961629712442 0.3082924842091004 0  6.797542097780387 0.4471178920866511 0  6.884587528592992 0.3823224039185484 0  6.883587193502623 0.270638192348126 0  6.976461242005063 0.4407755796911716 0  3.13227182300087 0.7038520392806251 0  7.075253974863291 1.488948803032289 0  3.061021765123921 2.899375650798129 0  7.725526844145969 0.1784771930826938 0  2.6875 2.912297030821065 0  2.57703403084837 2.747040447040488 0  0.4506768568801002 2.362313218002355 0  0.6639050179497442 0.7170926293160987 0  6.593748977855448 0.7189356787935713 0  1.061413645547105 2.5843926221858 0  1.187352833784423 2.482368215411995 0  6.712528028474781 0.5985177062442887 0  5.1631697448547 2.117875143297745 0  6.941021880264461 2.53955076386905 0  0.8539080078251646 0.5240091013978876 0  0.9815749583485212 0.5999672663398379 0  7.6875 2.915582414736942 0  5.457632099343188 2.384531871519589 0  4.15582593008647 0.8665023058567667 0  4.39001858456855 2.605743958468211 0  2.4375 0.0844160237179731 0  3.112390698064432 0.2866718176701022 0  4.836904499234691 2.208938646850981 0  0.9410062346297062 2.759527634251237 0  6.830206246125723 1.847736423812768 0  1.433798479270046 2.369247251140246 0  1.421336348486937 2.229585343499961 0  6.78138997107842 2.552102315924108 0  6.597656465567468 2.476809812432188 0  4.300820621841557 1.996309003944752 0  6.471016627507979 2.542080488665954 0  4.392809518610211 1.609561428426605 0  6.405605179319108 2.328394128456233 0  3.068070870623314 0.08988820956518151 0  4.931929129376686 2.910111790434819 0  2.169495206892218 1.367958636789777 0  1.684264347081159 1.81269872187389 0  1.673590222105195 1.188303625618083 0  7.525167721563749 0.5507833958287612 0  7.394447433867225 0.6813072033878315 0  7.3083406805402 0.6191302632477069 0  5.214319430710088 2.724997996973117 0  4.057713908139809 2.561577186648393 0  0.5838046241440908 2.292604277209041 0  6.913234093538097 1.002841346926367 0  7.328014616002738 1.447113326898491 0  7.90994049196054 0.4264415211179485 0  7.768248707985219 0.3820356045403175 0  0.6543605397682865 0.5387241882419027 0  7.157335700062617 2.259424632924093 0  7.032884452595802 2.276605014498551 0  7.670555219886381 1.468707537013375 0  6.691045426301284 1.326572233734295 0  2.005595518781458 0.9543569771866529 0  1.614516859724543 0.1063341564326097 0  1.810927597429615 0.9510487046175913 0  1.694871726209725 0.7561758234850197 0  5.531034040253041 1.982246358469662 0  5.666831134959896 1.992406854478836 0  4.841648807015448 0.5476994346978883 0  6.585801535789645 0.501944480977597 0  2.757320324872631 1.987484075765671 0  3.610981691531926 1.838725598853939 0  3.211876260451662 0.8459050667904593 0  7.605129815862203 1.667738511574067 0  3.252495832112705 0.9964313055870648 0  1.4375 0.0826002756853253 0  7.551673955788726 1.554516912595914 0  6.936900165903455 1.393986908462373 0  4.54131503099528 0.09779655818899249 0  4.590693268618519 0.2617857334254823 0  5.254752678935664 0.8895278006314733 0  8 1.21875 0  6.130360559012233 2.169511099898056 0  4.370277007499837 0.7007202612643693 0  1.920878399514442 0.3985942429492882 0  2.107985536331528 0.4624881680772856 0  1.140934700921439 1.468928262395971 0  0.4275255042145987 0.8202640278987036 0  0.385506783209056 1.022713890125456 0  1.971298910170938 1.68723075487066 0  4.736565965429473 0.8541302265202617 0  7.587784227555195 1.349248014901353 0  6.233250235067806 0.5305885003709052 0  4.647205464933295 2.643210232021739 0  5.278960132641342 1.614092111959674 0  5.410770587233506 1.619117644325872 0  7.004292439245603 0.231646649345568 0  7.896492317853824 2.830254461836229 0  0.7162990574064911 1.171624785707229 0  4.820689222119078 0.3623189704627228 0  4.706621949851574 0.370304804045609 0  5.478692062611517 2.279794878977122 0  4.443272405154317 1.014101176478145 0  2.847053343426976 2.701693653098842 0  5.443511331293715 0.2369950103127276 0  6.369434193314958 1.22502958421273 0  5.659643132953574 2.744819239360112 0  6.945114354891008 2.913712535508175 0  6.333415599430577 0.2198412874622849 0  6.919947296135636 0.614225571417011 0  0.9656471747216874 0.3953908241586219 0  7.210562545564598 0.2336706306932403 0  3.605124733795542 0.5917502856907224 0  3.633114451153757 0.1607118160112736 0  8 0.28125 0  7.904057995554404 0.2401759388127636 0  1.155867661289014 0.3344440634755773 0  6.162122030227345 1.28797556194553 0  7.444218786441184 1.014088502941666 0  7.704364018891862 2.772274184341471 0  7.591134868125006 2.734982157191067 0  7.5585922803743 2.917254438980558 0  3.585270880230093 2.308300514675491 0  0.2136101436037091 1.620858701512322 0  6.792022858392188 0.09571012366600364 0  0.7951549092837839 2.778484546297887 0  0.9500869958858508 2.91048575103903 0  7.1875 0.07960691699824843 0  4.35218466262298 2.377291473356204 0  4.566094995887805 1.329417005875563 0  7.470100786549444 1.2688859706122 0  8 0.65625 0  3.037104190401888 1.635841706344018 0  3.669520912903531 2.903188257719956 0  2.549771562659992 1.795583027154174 0  2.623941014401004 1.87546036926786 0  0.582425510535015 0.3364523211162421 0  0.54699889562672 0.5373680658039505 0  0.4710545381187344 0.3688494192733202 0  6.313058266206794 1.99660549250872 0  2.618956957410995 1.677134822613507 0  2.774569887635405 2.808203595508912 0  0.7257963814268763 1.501655270625275 0  1.9375 0.07861127608124056 0  5.194169302301825 2.916632175338247 0  6.159316761524265 2.76908090275999 0  5.5625 2.921641071996351 0  5.707115711435498 2.905995350494628 0  5.568043925490088 1.376172083443961 0  7.458413762220246 1.999021270915695 0  4.721006564269278 0.5506446573647128 0  4.908152025893746 2.120333766360539 0  5.156902261794807 1.978134755032481 0  5.007069929441938 2.128595246440781 0  3.091133260103118 0.8799528898890089 0  2.121205715352539 2.899984042114879 0  2.278064231060687 2.106642945779802 0  5.906857612404934 0.6758951085237341 0  2.991571230415824 0.2474571683379491 0  2.39029327472756 2.735881992174334 0  3.773377495894018 2.387830464044283 0  7.299190001633916 2.129501270441763 0  3.081625716414242 1.521270453782205 0  5.270314979509314 1.453699730194481 0  2.312256148015131 0.0791889031480498 0  2.3901932436724 0.2647283740779777 0  0.4413822642667118 1.856991064662093 0  5.361954551717681 1.036773186720409 0  3.268403977757753 2.308881847269871 0  5.535057826067636 1.614177700440533 0  4.269888562105215 0.9746988604475142 0  7.064283988362779 2.653540756540286 0  5.407214611738674 0.8164432002549873 0  0.4355776926800929 2.729356114079007 0  0.8433688027773388 2.372622643316977 0  0.9818039320361787 2.436987864063475 0  0.9220063608166709 2.240316356501 0  6.662716000587268 0.9886177084693701 0  0.3120908722479651 0.2186402522906873 0  2.198665608643407 1.978130557592921 0  2.839298455075434 1.378904566400341 0  4.634967940723131 2.118883281734125 0  2.749832171740246 2.348995910649285 0  2.589053880582341 1.378275127555662 0  1.364336635760347 1.721391299346339 0  1.564011775411996 2.085208214536213 0  1.597506949413558 2.181193655791705 0  3.84383863604062 1.017103954132509 0  6.775723876417707 0.9131957922400579 0  6.705198901318991 2.380421230538992 0  7.133050994973789 2.841813711776792 0  6.138788399256228 2.003288606040656 0  2.997572467623834 1.825258616852823 0  3.317745472633905 2.095859274457136 0  6.418324846817428 1.821455163552869 0  3.674307681834447 0.508940368949476 0  3.849452195354814 0.5875559683475108 0  3.826501702088785 0.8182014980053516 0  3.758143394907543 0.9045958471106763 0  3.952827994454164 0.8609208811618976 0  4.84289419086985 1.218104607824376 0  1.363883027747767 0.6258428984453924 0  5.584396514800971 2.163259090993453 0  2.783384105820892 1.575445851162017 0  7.127304513497778 0.627333050900044 0  8 2.34375 0  7.907031251786212 2.569683696108782 0  2.969711313058247 0.7479024410851383 0  1.75189740488295 0.4226933300904032 0  1.806220168501631 0.5824455747688992 0  1.652199847596177 0.5882902592312271 0  2.5625 0.07610122228665889 0  2.3125 2.920121380837231 0  6.222382702687872 0.898250037529028 0  0.5132296007447001 1.26108422606325 0  3.219275910998971 2.766228743201252 0  3.745295831128022 1.007011228308106 0  0.4375 2.923930754446173 0  7.010531627919823 0.7542152876047694 0  7.368888356749862 1.077412628476363 0  1.5625 2.924596830385337 0  1.640821027931947 2.751841871670312 0  1.496903399795278 1.474284316140948 0  0.4670206175491681 0.4808883618090754 0  1.840094814886907 1.717063059980738 0  1.778192992620906 1.639387318667481 0  1.905410214801048 1.533385372760357 0  1.818969967128883 0.73557578475793 0  3.11632057563667 2.251822442896066 0  0.4407275878654254 2.152843182910033 0  6.819980602404376 1.65086307527475 0  0.1957220763543746 2.536328013603402 0  3.8125 0.07618561446994085 0  5.160970212893632 1.624977702057032 0  2.154763944689134 1.05075324973308 0  5.993064974767529 2.499697490262903 0  6.138101264628685 2.609149372849719 0  6.0625 2.919587445980336 0  5.99865513357336 2.745278296307709 0  4.672616574425885 0.9354837064626939 0  4.5709999471875 1.523109036769455 0  6.276980756103953 0.4039157843137717 0  3.322776033603635 0.7125658319388773 0  7.698344410006606 0.6712672294627063 0  5.537935193876801 1.259996318317571 0  5.723714258353211 1.332207982134687 0  1.852908691263584 2.111045187501767 0  1.983530104033799 2.097374717813816 0  1.86061172220867 2.244391962237004 0  6.136191385953611 0.3542146429451064 0  6.092612376157584 0.4684837570780858 0  7.393237329768999 0.880820682861978 0  0.3132688944764828 0.7364960336451859 0  4.07749942542867 2.309957132491126 0  3.168421547744132 1.703278578400647 0  5.316496904073447 0.08033292543330728 0  4.42969909717957 0.5091329221897887 0  1.332763873547316 2.404890992119324 0  0 2.90625 0  6.153357534299007 0.2559441071660004 0  0.9527729131125376 1.187813616297596 0  0.2025117658882913 0.649377141970838 0  7.184839296771075 2.923747535839562 0  3.616705670540381 0.402768099188957 0  2.935479443336944 1.638582275771653 0  4.484994490899051 0.6864823343604746 0  4.51952409946721 0.5849913430960302 0  4.342889630062781 0.5534766595734666 0  2.370821850759054 0.6952468449517351 0  2.876430666393567 1.549575230408074 0  2.135162438283743 2.50864810666751 0  3.9375 2.926170323472899 0  1.127122340212563 1.860012327168055 0  6.057707420713413 0.915387607657175 0  6.16680499475123 0.7666091375024887 0  0.2561173389256673 2.153643136681996 0  4.130993340552823 2.094174039748972 0  7.817348898813847 1.900971960930707 0  6.067741210085614 0.7831331713480566 0  4.988111304070383 0.9667061806427235 0  7.766056224520343 2.274783813969006 0  4.899243070722783 1.445413637072318 0  4.983568707969472 1.296509501766544 0  5.082616687728144 1.379742773362456 0  3.216248392024993 1.373236996326518 0  4.404565011674199 0.3092894631204444 0  4.497081915887938 0.344158326491475 0  3.2194655288386 2.11157014901405 0  1.9375 2.927109613612603 0  5.455702066356124 2.743766818371112 0  5.996743532379465 1.311338998941247 0  2.12492468132193 0.1038216112699488 0  5.39521343334579 1.459782974382481 0  3.348080819579485 2.455276378564762 0  1.659104839290422 0.8848396552026552 0  6.050539053760171 0.6124135690981216 0  1.626313575689558 1.353332521485966 0  3.937683223513949 2.385221432366016 0  0.4176876214326778 1.592295306720221 0  3.619974309294186 1.390438571573395 0  6.448373963026139 2.134923787662297 0  2.159388853312111 0.8585251129027185 0  4.676768054827521 0.08156295627961899 0  3.5625 0.07448944807284182 0  6.296633111396689 2.640276139824771 0  6.414772729130681 2.655603545383915 0  4.536812140868959 2.295803033110584 0  0.190501458312993 0.8418547305716029 0  7.785885377757817 1.161246824609919 0  6.071005494989484 1.691731406670632 0  4.788213616874311 1.978134755032481 0  0.6332750858320058 0.1019215283550428 0  5.895635097449574 1.385052626360175 0  5.928463602771377 1.482583023073055 0  0.4555838849476066 0.08479815460928984 0  1.73622869165851 1.117883408036529 0  4.42779698212945 2.220752007625803 0  2.330414548083721 1.388855560095021 0  1.982679458970928 1.417576077808872 0  0.2846293327633436 1.127257363971379 0  0.09485854050412805 1.127257363971379 0  4.773889714576816 0.7299586804954169 0  2.075520609783997 1.47906278636762 0  4.752580813083633 2.402055326682611 0  2.266552941234248 0.2156552314150591 0  7.422805121459227 0.4782160242286112 0  1.702385399785933 2.015538162051647 0  2.799622112183015 0.24692446952533 0  6.363774997737032 1.020856054811877 0  7.70447473756587 0.5038578281680154 0  0.5032371984616242 0.7049151379777467 0  7.109035349276803 2.081906307458695 0  0.5514890750268587 1.526268486511797 0  3.783418797152248 2.508519523567818 0  4.9375 0.07089670961556904 0  4.810236564643787 0.07289207315966596 0  4.897392508154546 0.2336404619231699 0  2.778262494381925 0.430557453455398 0  7.250107377404921 0.9240797289133236 0  0.09432078025578305 0.9380708974921655 0  6.820382261685268 0.7206680749397422 0  5.15729912958389 2.649515304686142 0  7.786443232409375 1.340177131918302 0  0.7721076400990099 0.3665144460307627 0  4.044937255508568 0.5780973329361428 0  4.146121938443067 0.5459102341154425 0  4.164160990578331 0.4485382035694354 0  3.764718149939648 0.2197979059220719 0  3.675620984314329 0.8618273735692548 0  4.189735353852361 2.924248114971853 0  3.592265088414943 1.029529017475372 0  2.095720355469262 0.9465898702093485 0  0.3110978764099125 2.252472948334195 0  0.2137287604091713 2.344377852610648 0  1.691113316875051 2.194028415453614 0  3.934320114044013 0.9689577104934861 0  2.581828749776164 2.05320836340674 0  6.659686077456099 0.7911643590215141 0  1.53464364765236 0.5968033695140991 0  4.329065492963986 2.49421244185059 0  5.216603349248137 0.7670780731925021 0  7.529866317203817 1.805999454808134 0  1.372649562836295 2.557893760140416 0  0.1212196544082835 2.250325723741283 0  0.1897439366337358 1.031263269013669 0  8 0.46875 0  8 2.15625 0  0 2.53125 0  0 1.59375 0  0 0.28125 0  0 1.03125 0  0 0.84375 0  8 1.40625 0  0 1.21875 0  0 1.40625 0  0 2.34375 0  0 2.15625 0  0 0.65625 0  8 1.96875 0  8 1.59375 0  8 1.78125 0  8 0.84375 0  8 1.03125 0  5.406914984086662 1.97703387321194 0  7.538216657308959 1.026362357114476 0  4.781953235993274 1.042546738827078 0  2.689187630226245 0.6047041210814318 0  3.730456401441592 2.12080836128116 0  3.392581050833077 0.8719074351796526 0  3.33783201254855 1.026452523270287 0  3.467786221387509 1.029698826819672 0  1.392775398598729 2.853707366226008 0  1.415275660951844 1.561340118891238 0  1.602972704298216 1.588582898527123 0  6.587135506007639 1.418259033375299 0  6.484395919795018 1.332873582097848 0  3.994285647649834 0.414780457819965 0  6.405543638892857 1.438323238190146 0  1.733165500400301 2.387816401782468 0  1.667376343545091 2.566528075191255 0  7.811455161133983 0.2552963346334883 0  0.1209964394616668 0.7517990813479842 0  0.08283757116007293 1.734375 0  5.020526749030382 0.3035885140975557 0  4.417325800488609 2.91649183374441 0  5.490088088203875 2.070358397152493 0  5.308572704511486 2.121660230327814 0  5.127714530178677 1.19086846364002 0  2.74928167568064 2.499857500837288 0  3.760358151454287 2.247049276969356 0  0.3156604099421548 2.793435727211271 0  7.3125 0.07526640586977432 0  1.839058702072217 2.906989728362169 0  2.39760235261348 2.642376135171936 0  5.944527684630477 0.5892785310848144 0  1.97252718001825 0.8439987906321607 0  4.111252852461704 1.611599182508711 0  5.941062890526213 0.7637412398537291 0  7.90766236443452 1.519306002148909 0  7.75590660904825 1.58865835001756 0  7.759320044808958 1.429428325914326 0  0.8689929420688379 2.604192334658702 0  0.2920358133655354 0.5475901924121613 0  0.3781881246003645 0.4397150123952354 0  6.51641232746282 0.2070475864590954 0  6.467274476687348 0.08672920386303147 0  2.545704333408516 2.137459910773094 0  5.996836130448177 1.186691714090631 0  5.829234678320064 1.108228302413154 0  4.773266773584007 2.493419210933299 0  5.131952106276906 1.479806876203049 0  5.035989042337034 1.631617925775372 0  5.004736384988673 1.492911752583724 0  5.6875 0.06816671532310459 0  5.556455600461542 0.2028443457760374 0  7.067055304136486 0.371509788319123 0  6.560938771593751 1.693100340893545 0  0.6262360197408703 1.911066087181696 0  6.4375 2.931909393893617 0  6.3125 2.931909393893617 0  6.419711001929253 2.781460152728187 0  1.299521045405977 1.101139762565849 0  7.650172247917111 0.2321705149319458 0  5.548352178069019 0.9955408012272062 0  5.685879799524631 1.000282324376953 0  1.755386288100753 2.092791914694898 0  3.850143889693072 1.368316517086574 0  6.452026728324793 1.149003060993669 0  4.695273958520137 2.252003907948166 0  2.225176360629343 2.183168256387445 0  2.009849638518014 1.123808456487903 0  7.907317784383013 1.878445062041091 0  3.93296954293808 2.755439049972016 0  7.651682419643302 1.986881325551198 0  0.8464634180159434 1.397463199531988 0  3.311976382394993 0.2528581804529318 0  1.24797560070829 0.64582694531483 0  0.2871507765427943 2.48842669936348 0  0.4232094521326863 2.539002309051376 0  5.027352329839585 2.528733517241325 0  3.08963550657357 1.36767505965802 0  3.635595483127067 0.773293688735167 0  7.049594038693043 2.457710115726421 0  3.16723698595222 2.436811232506992 0  6.443710324976999 1.955493622704256 0  1.547028960652576 2.621971431483618 0  4.619616858132296 1.610106898861136 0  1.28859935661055 2.609874441335982 0  3.402954464709704 2.549003915778753 0  4.193564855413945 1.473145775568112 0  3.8125 2.932215874577523 0  0.3495569085414411 2.897953859877298 0  5.139471984514044 0.1092038802281012 0  7.5625 0.06699143257140067 0  7.6875 0.06699143257140065 0  7.777889802406732 0.08867049772482291 0  3.888968104018183 2.531271012153228 0  2.16630773631868 1.459270534154005 0  7.354879838662725 2.20280045961427 0  7.338121938638385 2.293540008620448 0  2.887052766574363 0.1020286788781666 0  0.1875 2.932954056605174 0  2.651521858431667 0.4963598677917361 0  4.477269188576138 2.081054603800097 0  4.533372355073217 1.967818059232846 0  6.102403238114092 0.6988435820964788 0  3.875332346397419 0.2601476314511855 0  7.014287976728159 2.77919128766605 0  6.709197171133621 0.284913801565562 0  1.426471181736403 1.912588612845233 0  1.533417109002021 1.897377288689427 0  7.639028937957767 2.383085938991456 0  5.84055133410567 1.888893337614201 0  1.240732763001804 2.076690137662061 0  1.494101720673182 2.502760821043862 0  2.579558572485007 2.254196033718048 0  3.191402039122001 2.584618205395446 0  5.904843297084896 2.524739182465486 0  5.454253384992525 1.176422072146709 0  1.658079168200028 0.4543072001682649 0  1.868321079687413 0.2482973528620255 0  3.347638981833799 0.08862510258797089 0  7.920281045026247 1.265625 0  0.09259388330303223 0.5657165387867573 0  3.297341370152023 0.8027296597104803 0  3.405171419962131 1.908323800292355 0  0.675564846281105 1.348572713340457 0  4.650687847647164 1.287391385274328 0  7.391813625800409 0.2209332956764066 0  5.460252249333481 0.35715200379585 0  5.619721417245848 0.6216150230355841 0  6.55767178666168 1.601279070845137 0  6.749570705776096 2.083257873280959 0  6.86323693212354 2.032460066437949 0  4.19197632056079 2.16805508746286 0  4.3195506543149 2.090169598166095 0  7.232801323351663 2.310837224546853 0  4.661500781328899 2.916315592814748 0  4.917781329313962 0.8350596480827378 0  4.285260708338089 0.3235033639797682 0  4.03618116054931 1.479267470139109 0  1.44556188168058 1.377639390366862 0  7.4375 0.06862652866774697 0  7.018501507051361 1.653660469959683 0  4.77793648037744 2.77729004314484 0  1.100159308012222 2.035488841892178 0  6.922434547256464 1.851221469046086 0  5.793241102225855 2.480008093890108 0  6.899336376694937 0.8109532636061221 0  5.036546450103023 1.200449143056937 0  4.982720223327101 1.117743678662931 0  3.471048640892403 0.08775637423076041 0  7.785731560559702 0.9120035706031145 0  7.899138296069559 0.9457128859883542 0  3.06220297921327 2.325958901953026 0  4.530985414996454 1.633292723801056 0  6.784052340777539 2.42704650962256 0  5.430480848640614 2.92717323281217 0  4.092508392927217 1.034640412779771 0  5.0625 2.933401349528206 0  0.07933291295798621 1.82481440345905 0  3.140355656369202 0.4856501523448665 0  5.849194644191638 2.911025246974391 0  7.382533796264118 2.667512279563775 0  0.2449935007151959 1.782848900794267 0  2.4375 2.932871308292935 0  7.690562655640252 1.707584267404301 0  5.865887931816462 2.063062916944327 0  1.351931888939112 0.1119168831645382 0  5.339180318384412 0.4093642662162513 0  4.436958023277136 2.413318006437392 0  2.466834414159139 1.035056786452175 0  1.882678901742107 2.380343967017007 0  1.420021596713133 1.026126865856346 0  4.477364678060709 2.581395675331351 0  0.630041878412773 2.76112725876951 0  7.601054560774443 0.8817505220329634 0  5.5625 0.06470531763482475 0  2.957608928744682 1.370732697457031 0  0.397114973992765 0.2486350432437103 0  6.1875 2.933182970955069 0  3.898767954268686 1.634454208737347 0  6.104839206488786 2.525665175339143 0  0.3046043963998051 0.9427682655334261 0  3.689930573939062 1.987800408752404 0  6.805524216900075 0.5365898917943168 0  7.295219030072415 1.589460827378356 0  1.0625 2.933081094489798 0  1.398846915259336 0.8525317061902995 0  5.27997276896328 2.26485058219838 0  2.752876849433282 1.400053465613373 0  2.631825076579386 0.3090822061582752 0  2.538267746165561 0.3642813177705019 0  7.474560182549546 1.45936663675971 0  3.195088569135437 2.928347509216684 0  3.108139819965629 2.768125824503485 0  7.902680658998295 0.09330078800227289 0  7.07821032147868 0.07960691699824841 0  6.921745426051541 0.07964005188415899 0  0.1996171174287906 0.0771427595505674 0  1.408342997474082 0.7290359040766786 0  1.516254615586926 0.8765350420152254 0  2.726693082578817 0.9024940347290626 0  2.608487566562439 0.9011978887458414 0  2.591355804550343 1.035696836484235 0  5.602090201440268 0.3480818981721173 0  1.727577908904799 2.279258078397832 0  3.893840891107399 2.655945772808891 0  4.892674280045374 1.978134755032481 0  5.046396637391733 1.978134755032481 0  2.293321414404321 2.572069703722323 0  0.9375 0.06398930176673226 0  0.7956037884175536 0.08049226702415148 0  0.9391329256326238 0.1955020603372405 0  1.146495916762644 2.366887613712134 0  2.924787035818828 2.262759169676179 0  2.979737603598394 2.162176722952438 0  4.178740678566115 2.462646851656652 0  1.825930294250955 0.07861127608124055 0  2.239446514466016 1.539322464828977 0  0.3862632075889899 0.621707192868459 0  0.8024488814634611 0.996256865082405 0  0.8622577645285661 0.9209704135442686 0  0.703981866562878 0.9747777334744796 0  0.6875 2.936403615674553 0  0.5625 2.936403615674553 0  2.442712855305341 1.851543379164145 0  4.933112458430811 0.558968502426639 0  1.016318953264801 1.37454155489275 0  4.658845301858642 1.963807480726856 0  2.039515370577611 2.335040196016795 0  1.550329076490394 2.794852077016064 0  6.304898645999473 1.536263395255542 0  6.394577123604304 1.638389733076847 0  6.388812038686945 0.6294182331849436 0  7.202630168388685 1.166582534282875 0  1.4375 2.936244485359026 0  2.713103487486975 1.033602398099124 0  2.407880511382426 2.184879866498738 0  7.122260380964872 1.010882011374944 0  7.34450594391758 1.965073066755089 0  2.220524693134137 2.664833392671702 0  5.169069667359964 1.062527861585249 0  0.536961751424651 2.613317033490412 0  3.49034230647974 0.7605988452732281 0  3.476934361801486 0.8923898922574233 0  7.588349724820651 0.6471390937579444 0  2.626010533520719 0.7665752059302372 0  0.9223977186234851 1.104483866505682 0  6.666773130477656 1.526798261504982 0  6.682843389404429 1.70450948855184 0  5.419218950575297 0.08033292543330728 0  4.518269836571393 2.501360300206651 0  0.8469669261963514 0.787439019835998 0  2.855795030040047 0.9117547905165712 0  2.965989368665769 1.037451443590674 0  2.839432781377301 1.035730467047618 0  4.276749824027091 2.775697643660822 0  3.108846930913331 1.021865244967519 0  0.8301857396227303 2.920364329837449 0  3.337643099012119 0.3386986131479722 0  2.949879321906307 0.56489729723695 0  1.973635335260661 0.4695245702140454 0  2.252221115021635 0.5225843730176186 0  2.409164755955699 0.4296467265323274 0  2.4014928705034 0.5227390322255087 0  1.894965380683649 1.208338616540635 0  1.149259311537868 0.9600650916792997 0  1.128646056349058 1.131462776826984 0  0.6987542643244138 2.627545080015468 0  2.877628987837962 2.063440158825797 0  2.695786037107684 2.064270363510054 0  4.455806757702871 1.364303023626209 0  1.130167361915861 0.4633677902869346 0  1.209349175762438 0.510810915396241 0  6.562076218577469 0.3245222978931679 0  6.966952991658349 1.97068611475601 0  1.427974815772075 1.195228722939288 0  6.303246118015577 2.805687372657796 0  3.009366237561521 2.702444339101149 0  3.939195573507972 2.122111470340014 0  6.498171341036117 2.626228303919967 0  5.76820570576618 2.192453234104424 0  1.589991068148965 1.172575204005637 0  2.609838407413957 2.383714585467944 0  7.578339982537093 0.3726323368682925 0  0.9114100983870423 1.733401435211407 0  1.051832742614849 1.714935307063721 0  0.2031060118357788 1.974754672867626 0  2.091802505499549 0.6012990807230821 0  2.036668190906575 0.7762903921016953 0  1.963467037622563 0.6938558592376602 0  4.9104947059259 1.634008044476614 0  5.381311223029241 2.798237882938747 0  0.9620735730495046 1.865391068425025 0  1.117081951327858 1.947357810944734 0  2.599076816962461 0.1566906217443441 0  0.1872964847397225 1.432296095544245 0  0.08404066432570216 1.53441485913785 0  5.683375541667615 0.8783332036127365 0  0.7287811085626341 2.078111849634477 0  7.4230183084084 2.926894971205861 0  1.543626546409956 0.7456951827450713 0  0.08761356946095172 0.3614174620450823 0  4.391193587394454 1.197440256504785 0  6.333704495033083 0.9386417711261804 0  0.7211548840037356 2.513520274234597 0  0.4880175165370034 2.283501471655137 0  7.762731940380821 1.077171688831171 0  4.128538488726984 0.2996994288957758 0  3.001422054085772 0.8961404790817009 0  3.458848744062821 1.3 0  6.594536231483284 2.081757335967529 0  6.611093364434603 2.221235024220256 0  6.73944228768446 1.611381342352156 0  3.750664152385349 0.6675842500843989 0  0.1999864738312167 0.462020049201513 0  3.80487581349994 0.3964443712977181 0  6.900768836492178 2.364266567807243 0  2.516867729638907 0.6338988383113188 0  5.542881770695455 0.8649412410588351 0  6.631248321579109 0.1623811427750468 0  1.049372196479771 0.5021814535985402 0  1.132526677653954 0.7834313730649229 0  3.921897482877826 1.558701222425962 0  2.231557797952838 0.8053400643108765 0  7.170360158485471 2.173090622356082 0  3.193502425866918 2.21075008898103 0  3.536953051525948 2.818115251002931 0  7.156917521124941 1.528983520977363 0  3.650133010362945 1.625364673079547 0  3.708848744062821 1.3 0  4.931161231126066 2.4000770586062 0  2.482625381212062 0.9000214734415372 0  7.296787802709425 0.5309657424445643 0  7.673006006906327 0.8069056397913525 0  4.682371356462894 1.133624746898468 0  4.695621363870557 0.2129198451275628 0  4.813836022007637 0.202832591503591 0  7.894930335740952 0.5115084407150073 0  6.157520574886209 2.457345267409789 0  3.595667496263981 2.177318435185601 0  7.014164628808495 0.5196989361136277 0  4.5625 3 0  4.525464571266067 2.913907760871503 0  2.805025582481478 2.177667011071492 0  0.8396191023937604 2.211928016530173 0  1.039404333525088 1.192703115391389 0  7.501347714504716 2.073495430176521 0  5.818373918047304 0.5046721394948682 0  6.48273647248701 2.213228242376407 0  5.724729251234924 0.4804315998342405 0  1.077656660776862 1.013959003962801 0  0.9901461046194969 1.025505405240674 0  3.141023465928379 0.8032118475822092 0  0.4835189890233418 2.44157623074284 0  5.850749892382617 2.651272061136308 0  0.9858445581244677 2.159842356306699 0  1.098846381536151 2.203906353827992 0  6.232247027589739 1.447444332739366 0  6.138071507672015 1.528854398033461 0  2.451840765744232 1.581457101719162 0  5.071576618123652 2.650345078916132 0  0.8448286525032709 1.601432011374474 0  7.895463964042842 2.916357650042248 0  4.1875 0 0  7.498355935930709 2.610154587209909 0  3.437012334082313 2.672506971671815 0  2.461887612711749 2.117277397703448 0  2.8125 0 0  0.8525150742832065 2.460548815836037 0  0.973942128759831 2.587685833203752 0  2.723872731421253 1.510114096255927 0  7.499410369845108 2.321501286501528 0  7.509694960947621 2.232134783710957 0  7.418060392841909 2.356660249767787 0  3.757775115560606 0.4910257589547172 0  5.29398504542888 2.758885952033319 0  6.270688133565304 2.459742016191565 0  1.368854409338676 0.5252318379207412 0  6.214903302209301 2.305755199845448 0  6.303589775925611 2.220943080916238 0  6.209328547486296 2.135165381497431 0  1.063546207327796 0.624459737369478 0  0.3913222445111932 1.677934578161928 0  6.660182351392788 1.844287737343286 0  7.023407466627546 1.55775567273862 0  7.210650410785994 0.6549729696066646 0  1.361556854221431 0.9290650922793688 0  0.08762690566213814 2.069654667020515 0  6.497430973486601 1.511400829291282 0  1.669475693574374 2.924596830385337 0  2.893066960208994 2.458146282024884 0  2.835412003966156 2.345598021008731 0  0.3368328121012809 1.299414910454696 0  2.333848744062821 1.1 0  1.964986696560479 2.403380031136558 0  0.3637692417776967 2.600199168273981 0  0.2256438657449306 2.660152866105107 0  1.415410110529059 2.144985589039529 0  0.3612386333183354 2.024770625909917 0  6.501489597591866 0.9833937536188991 0  3.58639088265157 0.2391532627023867 0  3.466050622599548 0.2208119870066607 0  4.018100955655084 2.899579568865095 0  4.878382510961987 1.131490632378818 0  1.884174562692832 1.008701857684759 0  1.856911149502563 0.8488676702171795 0  2.902455645116374 0.1860610312087973 0  3.662167323570512 0.07868415617348402 0  5.586534605025115 0.7385562543641346 0  2.518334832583013 1.713069798923036 0  6.459398312584664 0.374292222099508 0  7.929650996051934 2.390625 0  0.1799496693250255 0.2943252031359808 0  6.083814313706385 1.155245884552446 0  6.075459130374136 1.007740653780474 0  2.462507520572291 1.496652972953801 0  2.621804087722242 1.505502341634812 0  7.869474417641627 1.696733132646056 0  1.6875 0 0  7.927536487124017 2.487624908413758 0  6.96440255895511 1.143541403587657 0  1.264332704072257 2.787407588720336 0  7.625997867333178 1.181516256958455 0  7.506662611186592 1.1923235196552 0  0.1144404177047606 2.428077546932433 0  3.527796440187525 0.4163720998542287 0  1.19967249071887 0.07109369151033045 0  6.199271931662839 1.042300292880208 0  7.49235313782937 0.3624404180925079 0  6.868930699399637 1.47909878203177 0  6.903068017368311 1.55693001525335 0  5.779570319877641 0.9992170235250776 0  5.942227832742512 1.05021800120619 0  0.5927574695155676 2.152578099707954 0  5.844045768947625 1.191482602118124 0  5.346926818882439 0.6938848749046519 0  1.155563030765881 2.712561191159377 0  1.217020424810325 2.564379263476515 0  2.30274373389175 0.7535419768892923 0  7.131749390099518 0.5388721251854952 0  6.895947194893644 2.73322820276353 0  3.122690219546672 1.968289619123953 0  3.085914112225031 1.820916310752028 0  7.644300973443045 0.318959160418639 0  6.559696057697071 2.769321060589061 0  7.516542643745512 2.780200398496358 0  6.990137110552644 2.610079639672617 0  0.8378328175002081 1.073255866790644 0  7.351791809288354 1.746670776659463 0  4.440627119570031 2.757031573054047 0  6.735911429068436 2.211174903663292 0  7.146600873516708 0.4106385598133408 0  1.616609930393921 1.896629055663925 0  1.113500798436954 2.865381508328619 0  2.94609771252422 2.757825315703208 0  0.8758241545710972 0.2555179539220145 0  7.275675085083962 2.030596682733659 0  7.190822058536362 2.005061015549892 0  7.163176255541674 1.92395004425521 0  0.8059245943967587 0.1846149925242472 0  0.702740677256016 0.2879178636039826 0  7.383221614553563 0.1349847120643608 0  5.62535052499096 2.473388932671721 0  0.638270255910461 0.4521383516136682 0  3.676081719200087 0.3397644842659082 0  5.269920463706256 0.5994221154596261 0  4.736243215543682 1.612664037724922 0  6.742919401408442 1.492123417120307 0  6.856955494424852 0.885560041467373 0  2.38677541893503 2.013127815138763 0  2.540512453761924 1.97791579662062 0  5.084133283527796 2.390452535639127 0  5.15901669289108 2.249502181738146 0  5.671152827731603 0.2069748720112802 0  5.735768912555258 0.3619446952289833 0  4.343707979181699 1.026123807507352 0  2.506977129417659 1.389844402432706 0  0.7888903641579988 1.212893754331334 0  1.24376999222121 0.212757552751531 0  2.377311075936754 2.46499078544441 0  6.314483606793641 1.363648820684735 0  2.336007465277013 0.3831509976879052 0  2.124375469184091 2.016221084760588 0  3.277723214413971 1.79305709318666 0  3.958848744062821 1.1 0  1.228981382787262 2.298965449779747 0  1.514573634520824 1.244324213829284 0  7.193865482552719 1.327327564016126 0  7.439575287484774 2.502663693799438 0  1.996127992459116 2.632649253691018 0  0.9459524720364542 0.9203135675813676 0  1.499044388553622 0.5005328193453099 0  2.455280429830502 2.500927050607658 0  3.513989595539943 2.516044020751847 0  3.619806470841251 2.385751499824165 0  4.232687447805204 2.342408995529067 0  2.570574528930762 0.4676815536430913 0  3.205251791479055 1.550379933394359 0  2.873948843201125 0.7943643937111218 0  5.537797305114134 1.077739231409195 0  0.7042336223975275 2.802655270316546 0  0.5866649116775056 1.656708146869419 0  7.291890898658429 0.2559957266802382 0  0.6532662599894232 1.989027299137325 0  2.583574379003546 2.830409159274599 0  3.206888024595703 0.1700413429015836 0  6.484078286940026 0.8841706391029007 0  6.13076972176167 2.873337222343655 0  6.140489417212927 2.253033288117579 0  6.816945786592448 0.2197669955808137 0  4.849816294465306 0.9942313350692785 0  1.458150192022921 1.634104782176303 0  3.706563573013904 1.383885040308706 0  7.28661177778994 2.771607945911197 0  7.245481944320022 1.42932153768747 0  7.366497284158898 1.328840326107954 0  7.482869611898244 0.2474993728749128 0  7.551679223739158 0.1879169766765883 0  5.657631877415876 1.511631029385266 0  5.739555822772878 1.619681749290172 0  5.758401779200241 1.458987800810004 0  5.292756762225425 0.1875121576876136 0  6.214012325014234 1.841987323261645 0  6.082721663403334 1.92556800739355 0  1.018934518967718 1.586824475614063 0  6.449417635077306 0.7604997395949451 0  4.850501871783941 2.521665759886152 0  6.400923342820261 2.496151525612929 0  5.731512707679411 2.365488731657079 0  5.665836099190756 2.259787010986733 0  1.080600004783227 2.664937633548313 0  7.53808000574112 1.720855016215666 0  4.314560485737034 2.660213176294609 0  5.650420018871832 0.5153601988166995 0  3.896139314975727 0.08107115962818774 0  1.59141688465149 1.024318565032433 0  5.529581253018523 2.340605942200953 0  2.380332185520196 2.874219718494845 0  7.076442207196378 1.273247622820988 0  7.01485718502455 1.43043058936712 0  6.985328932134372 1.274842794613874 0  7.889826803518328 2.748695839008725 0  2.108078346292279 0.3697385987998079 0  4.732584882057083 1.203906612554439 0  5.543196840055881 2.842139814715778 0  4.627673781242042 1.461658799417126 0  4.712529739792561 1.452053512736714 0  5.998427535661794 2.660852853878717 0  7.396475206475527 0.3969497645400668 0  0.9540605079849698 2.084551798775407 0  5.182854741626954 2.522651211917795 0  6.399290282163961 0.2708170415537809 0  5.861355624636167 0.9406063976666394 0  7.380134389619491 1.158811924289315 0  5.818132447723994 2.758181481862619 0  5.706173448064604 2.81651630176009 0  1.252689277643997 1.032362064392718 0  2.849865020229275 2.619438852026075 0  7.584757642301992 0.4932799633228099 0  1.576876930705986 2.332132224803868 0  0.2363656308469449 1.89681195154427 0  2.1875 0 0  1.0625 0 0  5.806998064735273 0.8302301301555378 0  5.495142547958674 0.481079082442235 0  4.210357870052321 2.618661002037956 0  7.932378111591175 1.078125 0  2.045877065278509 0.07186725031393996 0  4.408905161934406 0.204180497309978 0  6.071437298336408 1.433587677954419 0  7.759056040510701 2.832227969996397 0  7.701118971849988 1.882244192143359 0  4.531458624996563 1.168327988681269 0  0.6058263648974357 1.815884881644669 0  4.647809035452854 2.794462362410608 0  1.131729194365834 2.542448284038302 0  1.47015839430079 2.782153058194704 0  6.646656460848918 2.542645311704234 0  4.576373869485475 0.7865628069397054 0  1.34550265394539 0.790493587184647 0  0.5625 0 0  4.208848744062821 1.1 0  5.50006911346609 1.329384488073252 0  6.552598731890018 1.822731238058123 0  2.06901317948926 1.842788023312537 0  0.5815509066462616 0.8616756731993936 0  3.994215775331543 2.18529028691885 0  1.933593814414904 0.5459315805637224 0  7.270260345457301 2.916719332345631 0  1.838554055609342 2.552508075613021 0  6.308340775352258 1.706586975097255 0  7.346935662877198 0.7466818663161798 0  7.191611517624241 0.7340192558658108 0  4.53951140690685 2.794780753917496 0  4.918023895769834 2.749471200049853 0  0.5837258890853113 0.7089617301575728 0  5.323212392263918 1.980749638374123 0  1.718059203421342 1.353631601840206 0  1.669316703363478 1.509306163956795 0  5.32724333395851 2.51413950753226 0  0.07708429043418062 1.910919120191193 0  5.833143571233847 2.233398491929422 0  5.178865610714769 1.256474690928711 0  5.950492251452464 1.653166055851975 0  2.739418201275221 0.7701445117181005 0  4.235344843463015 2.519926190061716 0  5.745486092016604 1.975479965023278 0  2.951696688447072 0.3911602597994976 0  1.702233309590711 0.2772158892503133 0  4.905080258844446 2.658992572500689 0  3.644589517432491 2.514757482584651 0  1.95522700728606 0.1568561491524092 0  2.112940492516536 0.1857921038150513 0  6.729638900108428 2.713263074645743 0  4.548695120553142 0.1918872158793362 0  0.9698730251408916 1.951302869000306 0  6.736818286911351 0.3928012201824348 0  5.972134567111644 2.257044294928335 0  7.084502635869841 1.908448138814561 0  0.4875738965228413 1.993450790838676 0  5.158472243319439 0.276466337460817 0  0.5823439548479519 2.478253737932294 0  3.509172016368112 1.553681151681021 0  2.430650533290237 0.164224130135864 0  2.474689558138461 0.2353857569273775 0  5.799227859755079 1.311069307890157 0  5.765102659338717 1.153215271026996 0  5.698013652655145 1.254535698861095 0  3.267518889714624 0.08284134434273928 0  6.746850740043059 1.389831616799198 0  6.885617962155868 1.329030579420964 0  7.286098799938983 1.859843375709306 0  6.860772802146251 2.54031803107343 0  0.2876077600631803 2.06081454051402 0  5.604277165799176 1.21912749247746 0  5.200590159056132 2.404370805812688 0  6.788547668252622 2.658080615061899 0  2.703590728976649 0.3965601103097038 0  3.335409584051791 0.6320770310520201 0  2.527412902185564 1.547092961005719 0  2.599573332759697 1.598537725370007 0  6.305438287487072 1.175799344746685 0  5.937539790094419 0.9207105394644368 0  0.3752794678243876 0.08042302568505348 0  5.981816920580104 1.541759779976285 0  5.896001205889249 1.78339920512076 0  3.393116061413692 2.04920457412757 0  3.597315408000651 0.8965081040143518 0  1.44159259920854 0.3741521160952487 0  1.376150556150094 0.2794545428151125 0  1.286306546296386 0.3809433387475415 0  3.232832029002195 0.3598764211937239 0  5.885858872021168 2.802962171080024 0  5.796579745998911 2.104349624730251 0  5.661547749265629 2.073050175757639 0  0.7512562237938193 0.8198904137479011 0  5.276716567114174 2.921729574860468 0  5.640111115084382 2.567114002849894 0  1.977558333996146 0.6140315505392163 0  6.587633237376861 2.929611397677459 0  5.058410031931786 0.6805144182774301 0  5.017469376444788 0.55447787070046 0  4.91172356619128 0.636031409142259 0  7.626824984589775 2.157446039501721 0  0.5026348280402178 1.802668979861235 0  0.4937722349348969 1.697419049379839 0  0.3666331366695829 1.796627857595585 0  3.388955936884982 1.583499453662596 0  2.259945811078647 0.9094088018977162 0  6.23262839315757 1.623599114119834 0  7.678148399399694 2.301912724686283 0  1.642080033444916 1.745436633811014 0  4.669457150693189 0.2938255482964041 0  4.017873024590657 2.366689284186416 0  6.970235286060367 2.465368309885655 0  3.041001835118574 2.11085384944621 0  1.560007834489881 1.098408202938406 0  7.0625 3 0  7.101762792532307 2.920158802930242 0  4.19389568463856 1.62171592317813 0  6.551664294585435 1.242362467340453 0  6.503707803017589 0.4993627801009529 0  0.3560879137430024 1.542586124817094 0  0.8061450319057213 0.592440329002377 0  6.060717327665076 2.00438652180123 0  6.211292346879191 1.970424967547034 0  0.2137952425660638 1.27243529877867 0  4.549495681933885 1.249675752227365 0  4.369572521505197 1.274648552333854 0  1.047932632736292 0.07788141014060643 0  3.534123816778084 2.033161900174244 0  7.116168209241862 1.34151092819749 0  2.323946059463954 2.280331680434859 0  7.566465974971414 2.421766956515415 0  4.272495199107101 2.920256069637417 0  3.570073760522753 0.7323388948539128 0  1.339095996372682 1.406114271856572 0  1.595713166397184 2.457694589902789 0  1.269675025681593 1.585392807346792 0  1.116265186161479 1.547653154654948 0  1.228626768422006 1.484141351079753 0  6.633995668046492 0.4384136639388474 0  4.639966166553586 2.533155206928345 0  4.568906826748068 2.657986210238044 0  6.979897604047615 0.8269151552625609 0  3.401709722231177 2.788001307194468 0  7.66080159127626 2.697816151912478 0  6.152691712904393 2.081654269839538 0  6.039033478525846 2.159324508789729 0  6.085306851375699 0.2140772761545677 0  6.036441081403655 0.06998881413199855 0  6.155721063906344 0.1625068414148703 0  4.100572040182906 0.4011312891840161 0  1.519073779223093 1.772250203095874 0  6.6070901316063 0.8496572304922003 0  2.043420921065307 2.929169854654097 0  5.179805654527843 0.9124343782119817 0  6.870880070610293 2.886598497292965 0  5.611629536920364 0.2652964526305087 0  7.010626963830025 2.135082688114249 0  5.372460442700961 1.311675081449808 0  2.234174464064863 0.6040444520616223 0  3.4375 3 0  3.480121185739077 2.91858624349351 0  7.470575246785485 1.567701754859602 0  4.347732609399038 2.218283883056385 0  1.714649125247277 1.042656679042379 0  1.860023998225678 1.113091440372908 0  2.996476129655737 2.401322322375728 0  3.3125 3 0  3.345684601463535 2.921798830652465 0  7.591905540893425 2.087313233463095 0  0.06995597150297424 2.66584314964367 0  4.219231310182352 0.8117891421802373 0  3.916151255937179 1.9 0  3.857183783196469 1.98043079300198 0  2.734571637036007 0.2005911316065152 0  2.762897829635297 0.07781398857245976 0  0.06957923123155303 2.586156709994103 0  1.5625 0 0  0.0625 0 0  0.08217570105285396 2.926890731929528 0  1.542640334903423 0.07560496968364824 0  2.625035806234076 0.6500402634112203 0  3.807266702747997 2.085084636419179 0  4.811726510187075 1.353751380421524 0  7.915374745543331 0.6677225409531876 0  0.7115824053690581 2.270903713125447 0  0.7650532549846915 2.359653203001947 0  0.98638130362978 0.7689398176696903 0  4.021017118528444 0.1821727249829342 0  6.805027114766598 1.92158788357117 0  6.757690916361194 1.818668758056786 0  6.707355402398036 1.96659460853996 0  4.369434063676497 1.099603843466325 0  7.202925671339256 0.1560558024113135 0  4.777312210671597 0.6044582935324136 0  1.192577596738214 0.5886423452218428 0  5.03921081537245 1.028110441374793 0  2.221982485930193 1.011968064705787 0  6.239065223884987 2.756779847213898 0  4.852144440829243 0.7331208642829908 0  3.707946666998403 2.790663431474655 0  7.473081709842444 0.8678936371273045 0  5.1875 0 0  6.157201836400996 1.365793551081619 0  6.492698335040747 2.809925971576567 0  3.787159443319616 2.669748949513802 0  0.8423881370282015 0.7012928797761133 0  5.076473342900129 0.8408654971893414 0  5.138323302048449 0.7598408998241969 0  5.895673235247452 0.07796383326777082 0  0.7046612113927235 0.06587602898597361 0  5.4131790838907 2.243307469137191 0  7.620917236271547 2.555877607083034 0  6.357310556762689 0.5586986309358196 0  0.4408873165333009 1.419140024049399 0  1.436877431187642 2.694657647920225 0  2.177244373043574 1.821204213284346 0  2.136952919370987 1.212765780561726 0  1.490928098222432 2.05640999158049 0  1.40571335620998 1.788175551865366 0  2.649358938887089 2.219399664703103 0  5.229109534412321 0.4673196101886729 0  5.165278619548657 0.6076510363602767 0  5.129322114036082 0.5220311248662279 0  6.306267633639012 1.070907046599214 0  0.1695691190126765 1.799661514223929 0  3.514019174577835 1.706179474291454 0  2.355167032068752 0.9263538013581492 0  6.831318656110262 1.214930562633157 0  2.550001572463402 2.642172736089976 0  1.580551850471935 0.436574349065716 0  2.075190781398323 1.581592081944271 0  1.955862194683044 1.607055095678225 0  0.3711950486249965 2.186961032258115 0  0.4221477569927726 2.075635156496263 0  1.763365434716698 2.529840159329551 0  4.317116440002799 1.38027276383464 0  6.526294372277296 1.095626380987141 0  1.749058967029393 0.3451481514275493 0  1.594005929137609 0.3557153072801168 0  0.8711387677835328 2.2996053473874 0  4.351853078779273 0.4728677124552105 0  2.516568484870675 0.555455957815128 0  4.830901121559358 2.133253410004016 0  0.8930196779924946 1.904151120196003 0  6.975426929057037 0.6682461418976635 0  7.064237555948354 0.6714113613401553 0  3.322733774787751 1.36588148162371 0  6.621321065764029 2.815984090026283 0  0.6944830325420294 2.146962998034432 0  0.8125501973288072 1.983363102422619 0  0.2508396975655858 1.691542686338545 0  1.914961447144638 2.741668331437482 0  2.501649423315163 2.773696646589173 0  1.761553051350554 1.455035550440814 0  0.1791599490651903 2.136713114728658 0  1.162100111833587 2.084564694353341 0  2.715837342440092 2.13908139655228 0  4.845817991751627 1.497620593933456 0  1.849879804374864 1.853649414067737 0  1.964521017386166 1.853586540118513 0  1.860918622030247 1.962465316545702 0  1.744648390443287 1.859053425895278 0  1.239738379299854 1.229697785936227 0  1.015229617594303 2.521010339270435 0  3.412744732690537 0.3546700009002419 0  3.399649392054502 0.4991139108891444 0  2.66588237151886 2.728671900203722 0  2.69285812333481 2.604597648430421 0  7.292909892651833 2.450070590100935 0  3.366590228768216 2.707648821465017 0  1.3125 3 0  1.355242890539954 2.923373173668697 0  4.186468782527391 2.752561666874195 0  0.9101161027794982 2.410118237923205 0  4.438292798190742 0.8450399574055507 0  3.968909401061955 0.6937184139415226 0  3.245188063195375 1.619733283459362 0  2.1875 3 0  7.415125718297022 1.936193524089183 0  5.929403969623959 0.4032422032977171 0  4.045998765555002 0.6543067397187138 0  5.294953556966861 0.9930557398180556 0  3.441101300506217 1.840072669973491 0  5.986799253723499 0.3062738700317528 0  5.851736099768527 0.3705233554652531 0  5.895558863194526 0.2512478097971345 0  2.9375 0 0  2.96875 0.07104645820190605 0  0.2640291670508103 1.562747182910105 0  1.184947453088742 1.809723863010033 0  4.398318170348809 2.821496711949608 0  3.066338282964199 2.192993480911938 0  2.150281033917921 2.152671845138179 0  0.7789575035033186 2.664583752009435 0  4.821182743661245 2.368754836378519 0  4.081180219959549 2.037452767061754 0  5.142883790761682 1.333623715919098 0  5.392157090696488 0.5129071398845702 0  4.348389374301973 0.3657742951550761 0  0.4744475208774037 2.794506589510525 0  0.5008141658701388 2.681322223088201 0  0.5759516196878071 2.814639108394904 0  0.9213556364285184 1.260130400534882 0  0.9365386445568165 1.339480291874829 0  0.6881254319833672 1.767426100183746 0  0.7023933372387822 1.9186024665052 0  7.26826722553082 0.4002719587106999 0  2.250790127953786 0.4456479530843985 0  2.214830919810751 0.3180797858310633 0  5.808529976365182 0.2283130647457449 0  2.270095624615127 1.701973012032154 0  2.316042697170038 1.556811667018257 0  1.716442853530674 2.673677553743083 0  1.295114008985133 0.06128827941379726 0  6.51340662567642 2.089213187388131 0  0.08064501315869782 0.1943114487109394 0  0.6811410964594158 0.9023955160887274 0  3.117349048942585 2.60176307049132 0  3.046293569390635 2.506228247519385 0  1.127556820709889 1.296848460786754 0  1.178150764146636 1.401958698818266 0  1.064523842322796 1.434418970944398 0  2.069198356525216 2.745935875281943 0  6.293044857788743 0.6861995532298037 0  2.256904548526913 1.372398922317789 0  2.328329885436661 1.467141054459687 0  0.9555206772663593 2.834406711155028 0  1.73344613272732 0.891086720423371 0  7.305739194493928 1.032828866609913 0  1.017351921317144 0.3331932918730107 0  7.046422388595373 2.037046963674381 0  6.905571009991678 2.095238405839142 0  4.431238455421204 0.7433154500287927 0  4.585141510858367 2.464178752136021 0  5.466996503486389 1.102077099682585 0  3.512760713114765 2.664986242834664 0  1.898215942251203 0.3253208480800665 0  0.2736094701827291 1.419216942535105 0  3.47766871604968 0.2956694926218132 0  4.083815851969436 0.9057466586838323 0  4.809328352431731 0.8802269982575508 0  3.239262218461763 1.484382310795605 0  2.702886836261067 0.2834896218091498 0  2.832240919600697 0.3162481221198908 0  2.952127044248492 2.550989713222522 0  3.535713589972551 0.5616164268412459 0  4.985408004079567 0.7933694975979914 0  7.209933163942143 1.863701549434767 0  3.422820311418406 2.309599476742259 0  4.352051556791173 0.6282993671629939 0  1.586884981638606 0.1762135603235582 0  1.440552981165681 0.1593478280899968 0  0.4444822248876916 0.9761878576306048 0  0.5386377755541346 0.9634319728715968 0  0.4373397488736876 1.077084085005658 0  6.606516654529938 2.296200413961599 0  7.31387330613932 2.555718101292991 0  6.333131793641579 1.290618434872527 0  6.51249077375813 2.925805276693273 0  3.151999038079321 2.074344377926468 0  1.27070807612674 1.662607172046716 0  0.6360574583932168 1.283498680156511 0  0.3718318286418746 1.889778346968751 0  5.993213994596458 1.831500396491348 0  5.808964747122789 2.022200247913514 0  5.940087493232884 1.987691891349964 0  1.252309876439375 1.951173706476358 0  7.109080819490512 1.176961593575131 0  7.051408049681301 1.126472869819477 0  5.489749988779998 2.455436897272958 0  3.904106130084411 2.316117163068879 0  1.964752539941951 1.954160645727526 0  4.837625864315697 0.2852145625392819 0  3.19380201544164 2.508346965618069 0  4.396586140175158 1.510142345095453 0  4.497597818813986 1.483461583617405 0  2.725640688882303 1.763398135595403 0  4.958039339822598 2.329524833155272 0  3.046291269083062 0.1899706186527178 0  6.01574142715062 0.1716652973819645 0  0.8189210612901492 0.4554258371159396 0  2.077670835071349 1.956519522668393 0  5.062359860821586 2.789698629517281 0  4.951863975486336 2.818506467915221 0  3.551856614902919 2.744098768129057 0  7.931006181894253 0.30981868324623 0  2.24006088464194 2.041332886455064 0  0.6347003802390322 1.011512618731344 0  3.500969559637925 1.367853005879933 0  0.4797039363763496 1.54938377636916 0  6.351453581965031 0.4158465378967056 0  1.981963718212328 2.559294689141421 0  5.726916133179627 2.517594387103698 0  7.445271168982604 0.9383496685406598 0  6.198131879989623 0.5978654617615317 0  2.203882524014579 2.356145158580127 0  5.294689649699599 1.158313786306515 0  6.000471263854117 2.411856333205245 0  1.511163330475022 0.2284027499791063 0  1.008970852941761 0.229129494724039 0  1.092238752750226 0.1773111006324694 0  0.3125 0 0  6.962094769677771 1.703920401652765 0  7.396055529119875 2.428361235280347 0  0.08183218834203596 1.322957438051646 0  0.1593057292171993 1.328358193496576 0  3.162860438275491 2.717532734043608 0  6.8125 3 0  1.23211010905612 0.8590989302322005 0  2.386485941476232 1.800691993873383 0  7.690178876513354 2.438753831492662 0  0.9193992672152876 0.5592018574157909 0  4.834944249197129 1.626247072598578 0  0.9141685540085356 1.629015355079239 0  1.848589522063962 2.626459298456651 0  7.423840567655892 1.628552693324725 0  7.736083949672146 1.512421792361541 0  3.950349211502091 1.972102335301291 0  6.22207768339899 0.8211326640466118 0  1.401734751391194 1.984661602798147 0  7.181228954198178 2.550585116796675 0  1.312877214469848 0.2403164881735021 0  6.946918131603679 0.1824711405660275 0  5.186611028353368 0.3485453599165603 0  1.910359118745697 2.667596783025342 0  4.700578941063108 2.343259148394981 0  5.072718084385366 0.412587279218235 0  0.7828023897454608 1.124734525544212 0  1.093967041215475 0.6921619037898054 0  2.867639839181718 1.74196760823382 0  0.9459706672998582 0.6648724106747654 0  2.846512445257877 0.4647570661481785 0  7.516354340728879 1.395907572650374 0  2.298553263122155 1.92112360340004 0  2.281674371082674 1.814423004611298 0  1.531058573669717 1.643978610963094 0  5.682782692165871 2.674538529666029 0  6.738970369537393 0.8491162633579117 0  6.732843897762097 0.7742873484927371 0  6.639016428953498 2.617126932244823 0  0.7666914811513829 1.844979044917708 0  1.09497676177159 0.9098151396186556 0  4.162492236451322 0.08069979263901403 0  7.691433842035114 1.054383041478376 0  3.772023438872516 2.753307298906235 0  5.825070908918356 1.691582190151268 0  7.809083517008681 2.692244599614833 0  5.231902987063788 1.97366957845499 0  1.68772125402893 2.809425278424637 0  1.813469894351716 2.770287423423608 0  7.810881645281542 1.986754285338592 0  7.934295824525423 2.026300936682889 0  4.949967584687909 0.1448849213195373 0  7.189852302421546 1.783221664078198 0  7.057066119231209 1.824280000854605 0  4.14653132464684 0.1551785564006601 0  0.6940974110766969 0.2117937534657665 0  5.181725439873026 1.138507514830449 0  5.780096310220477 2.629149158732401 0  6.811300163697933 1.088649224099695 0  7.715240163130948 0.744609418399608 0  2.375560501673627 0.8019386499631214 0  2.477821969851818 0.8215898283756085 0  2.457878895464245 0.6824529913511188 0  0.1840318062555892 1.20278491053543 0  6.396095891326388 0.1065722242539761 0  7.401804569165259 1.447054799599972 0  6.300661893243635 2.530660042306683 0  6.331112778074908 0.7835835237353669 0  3.991757687042885 0.7941649067655361 0  1.744595754133676 1.191043707602272 0  4.505856062281681 1.059343745950199 0  6.516766619654912 0.6142188266271669 0  6.64183720588626 0.5494872036755788 0  6.657181230433996 0.6479073636260362 0  6.008736093652143 2.864760799520697 0  5.9375 3 0  5.974492604163844 2.930450525403864 0  7.926052670117405 0.1665256480697818 0  2.823925761465234 1.849899739642515 0  2.691071343170662 1.842758220423197 0  2.705382173740441 1.933012992891132 0  1.987970097253184 1.030091130117842 0  3.49884313671933 0.4839545937865551 0  4.0625 3 0  6.144908161195132 1.831024533639656 0  6.141134143172069 1.684105547373246 0  6.066309749386178 1.765466834781164 0  7.610743734803793 1.511098440883614 0  6.974867999708397 2.230204498665176 0  5.370373037818553 0.2337306000143823 0  5.305089446801608 0.3442056688409413 0  7.287225324151833 1.70151608901153 0  1.201129512561583 2.230542801681116 0  1.298727097459731 1.893712345639771 0  1.281449445438608 1.820151977925673 0  2.011773434685545 2.165584150336236 0  4.532354618586504 0.4116565487011404 0  7.319820191378209 1.520177059543639 0  5.236873862758666 2.112604999998166 0  3.469440664344575 2.076612103152265 0  6.228829196089789 2.610483392874759 0  6.289420143694632 2.385063341231214 0  6.427377931551691 2.428012119382251 0  7.441132126035178 2.790353334549605 0  7.713782017577511 2.026435760775793 0  7.742980645647631 2.121001466920306 0  1.758134677536408 1.969474052794826 0  7.928676149659634 1.442232818290754 0  7.816943429227795 2.366499574490644 0  7.838239683330058 2.227574841915116 0  7.928797017902483 2.26727193819053 0  7.585922183217061 2.222489031382218 0  4.990862953096888 2.26092517375063 0  3.827234101286497 2.801095825326431 0  3.093391473282127 0.3582104690545346 0  2.955380464263742 0.3109426125682879 0  3.739951352011215 2.922918814970827 0  4.229880842384955 1.975496961987968 0  4.054442148019132 2.637897486384861 0  3.677422966437545 0.5818471670170368 0  5.250832405573991 2.548974492261677 0  5.293311701503493 2.682836952593936 0  0.922512426868523 2.659058458742411 0  4.185083345552346 0.69229787930651 0  0.3497031627974166 0.8066059717038662 0  3.754349460059416 1.529209450284328 0  3.861346574279002 1.48839663394564 0  3.819369610277568 1.625004234904046 0  5.634972632003278 2.915341262755563 0  7.628131908567578 1.409696856266483 0  3.636591310669361 2.623530633559461 0  7.856847795646121 2.512456427086749 0  2.221217448570548 2.503875585782668 0  2.12258629989742 2.436605401006797 0  2.266530134873066 2.41426729797464 0  2.033170301630014 2.497261206726878 0  2.130629747692899 2.581639650093004 0  1.350305653288578 2.197775466810822 0  5.471474501593761 0.6296839655520398 0  0.3522088350132604 2.521707849857458 0  5.07975308666273 2.129084186260293 0  1.772766718407556 2.452098382250696 0  6.13073389637495 0.6309073367245033 0  3.253865955209545 1.964675903549429 0  4.187494438495933 1.034640412779771 0  4.665320826016912 2.723740059271094 0  4.795254700865314 2.658858630901905 0  7.840812233906459 0.4047768658063807 0  1.191233179161578 0.1440435097599886 0  6.267981429474421 0.256024064062312 0  1.969471595991037 2.791095961563867 0  7.698625075905317 1.781662967679234 0  0.842336952751047 2.534483262313105 0  4.208186774669988 1.553498005815849 0  7.945035344314151 0.796875 0  1.889551611478034 0.7048457535884719 0  5.084566686806289 0.2649387746837379 0  5.808856476858403 2.311664991651226 0  5.915511044076521 2.356439747515688 0  6.64947765976631 2.426439845779296 0  3.909219725612907 0.4382260117043599 0  2.570932857865279 2.532320753209543 0  7.647716073118435 1.307311939993612 0  3.477259342632659 2.170205953843562 0  3.347845905103615 2.161712224566415 0  2.024423133957969 1.27053988239313 0  7.547679692937706 2.845973470545498 0  7.207936790182457 1.713415464505811 0  1.495769206507642 1.326072946622148 0  1.378374702095507 1.246171786834459 0  2.350877692328291 1.023122335936008 0  4.260476099350908 0.2051209620646214 0  4.256407583051731 0.07481193185476837 0  0.7615822399172195 1.695269483864228 0  0.8421316540792406 1.761039762621578 0  0.4789230249692108 1.920331312429898 0  2.033173056573261 1.724184614632254 0  3.844031554935977 2.373822832568888 0  3.833901118463741 2.230290981964343 0  0.467144568662768 0.1565312527909493 0  0.8665755334417153 2.769201706479547 0  5.216290835728544 2.308790120668547 0  4.844917295333648 0.4750749660137219 0  4.891282828322908 0.3949072853061136 0  4.987285209036401 0.48822017311516 0  5.570147345102476 1.552632090536814 0  1.932716298960762 2.248685818674104 0  0.987592576847202 0.8602522859821438 0  3.461029444361567 1.620554413231569 0  1.681196192352845 0.6847206531640356 0  1.8248420414438 0.6622572432876528 0  1.725234544134746 0.5958393434210087 0  1.799124954676488 0.5107047131644187 0  1.826802724629995 0.4271336809885823 0  2.181862269010333 0.4750512218132107 0  6.377770940205233 2.110567487345496 0  6.669905688981489 0.2246295821556238 0  6.646982620379677 1.150773212194853 0  0.382084298557949 2.329228433545221 0  5.731663698182364 0.7307326032516581 0  5.262726947855235 1.381661290156324 0  7.819406651870173 1.754767341029064 0  7.94566656857885 1.734375 0  4.733047261739277 2.911033162356556 0  0.3173050969076361 2.420337770260355 0  4.708777701572773 2.1076190653737 0  7.945417871955588 0.890625 0  6.473740339767508 2.364037830910253 0  1.907130157675107 1.358731097603395 0  1.797957797235643 1.305545155718145 0  7.216802961000678 1.091791134572037 0  4.656991723642916 0.6972311033601757 0  0.6035365132817513 0.1719150604580889 0  0.5508373741395508 0.2270490911914824 0  1.684112850772608 2.335624695056055 0  5.588434759466329 0.4677008514889777 0  3.180798635102481 1.011027552060477 0  4.742399567236149 1.378615782084501 0  1.135368578657456 0.6328731876132787 0  3.31829357844295 0.9603143947335829 0  4.312272086933834 1.448654453104649 0  5.909727076881085 1.218599846206578 0  5.971757704941831 0.4607424264791588 0  1.956483291197177 1.484554762799271 0  0.2892325513059397 2.938688275260587 0  7.244140262798564 2.584805224180811 0  7.531344003920671 1.305550202989517 0  1.995609426446823 0.2155542521329556 0  1.973493156136036 0.3465036966041342 0  6.538610422698662 2.517737434559875 0  3.975936650685894 1.025771046418172 0  6.736869749390053 0.9773522152398606 0  0.7842179949542024 0.6602010208030146 0  2.482257344026352 0.410593755012762 0  6.600613291965827 1.096263563441373 0  7.083177047534045 1.406096717515195 0  7.448055327300843 1.697724851914887 0  2.319534490414597 2.743515471716217 0  5.777368532840652 2.930730572781838 0  7.43368262767837 1.20684851658111 0  3.758579054373869 2.318135517299554 0  0.05341081346381472 1.453125 0  3.989576572790118 0.9172764483112722 0  5.418499877579419 2.146109917898921 0  5.536285887846264 2.220483852323654 0  1.225716862081343 2.846932679730813 0  1.338520743797074 2.80698710987317 0  1.257797051685294 2.927196309388647 0  7.312821274094206 1.282387897314827 0  1.567269767690235 2.247921534059221 0  1.287567625884837 2.33961002415737 0  1.273930203943506 2.44678919458985 0  2.086329725601018 2.282316638764389 0  6.684780514376468 1.776549581264213 0  5.156520023061009 2.048571034667471 0  7.316993451569772 2.703361116183038 0  2.708848744062821 1.3 0  2.685829023029822 1.367252410874568 0  6.641067001303544 1.275762534253756 0  0.8952607806217803 0.3264505970650676 0  0.9137163094218337 0.44334037108492 0  7.821136837758956 0.7666513173884342 0  3.25941633829685 2.052919009978572 0  2.963086671318024 1.889341550047466 0  1.064367800267168 1.263246825434843 0  5.547630460200705 2.60978083923145 0  0.4305801844340511 0.3108977679481771 0  5.062028608864522 1.449289597709827 0  5.966616274808432 2.808148000400402 0  0.1600051345206868 2.790496326354468 0  0.07699121220034519 2.806075493309767 0  0.3364856391492536 0.284993424779006 0  4.991434440767048 0.7012343125903852 0  6.613835784738839 0.07531413495344842 0  7.696179831821934 1.633256023971996 0  7.356742600418259 0.2837068315266699 0  3.00198018818346 1.696847793658487 0  3.663337171423641 1.029529017475372 0  5.33180249141473 2.05095903328663 0  3.547331353650531 2.393214575330381 0  6.117966244672463 0.07168586293754615 0  6.961941302532455 1.791266827815485 0  0.0525757034697778 0.703125 0  7.074031296952935 0.2110702494016765 0  7.834688975774579 1.828966664054282 0  5.322210408631701 0.8707813136956724 0  5.404131137686846 0.9821529927654928 0  0.8583183572231642 1.2275513687516 0  4.304389369654368 0.6812981724962039 0  0.9715594356522299 1.48881570491716 0  0.6939340067129854 1.438605878128372 0  0.8016780372340546 1.452517901707903 0  0.7838205917422968 1.329937610548142 0  0.8784733006610814 1.460804481303846 0  5.863391789247987 2.466572012398822 0  2.157711815865209 2.734299911904188 0  0.53125 0.06430641697006251 0  2.412280699714043 2.806992699818912 0  5.533151301336568 2.12087571683183 0  1.565628557860861 1.321790934638463 0  1.663288238941027 1.290112950605307 0  2.589344739086542 1.73937318582154 0  3.099637036835726 1.675267315700238 0  2.47825310430307 2.286123341521495 0  4.996859168337298 1.565801042776134 0  3.203633260962973 0.6776774966316506 0  4.3125 0 0  6.353939093115636 1.792532116340464 0  1.42064620497726 2.300032620106861 0  5.700245597347704 0.6420761855605599 0  5.778698445106231 0.5957862409010773 0  3.805386486307721 0.9631162139302273 0  0.2491439890477134 0.3815544952089771 0  1.196308436872549 1.737015227270831 0  7.68934923404897 2.844778855938905 0  1.075879362245181 1.80886191493456 0  3.454156171501423 0.8268611889754167 0  6.767358607615051 2.273673729220061 0  1.92997247529262 1.267503984201038 0  2.201956911859798 1.596406250242556 0  2.089114550883473 0.5306369184787522 0  7.437441056873268 1.846126440150121 0  5.838124546301064 0.6553614663432323 0  0.5664486433012781 1.027871661915473 0  0.5360059245919524 1.093684242549634 0  0.5791693407124322 1.150583683248112 0  3.339462017172252 2.845272938124376 0  7.830990862838998 1.434717798304763 0  7.8518330169459 1.315725709003791 0  7.932883719016623 1.335417356334208 0  2.603027943682834 2.594290303532288 0  5.161758227824973 2.77302600755406 0  6.223497464554313 1.772835182708268 0  7.602909080900164 0.8022627196197922 0  5.666151255937179 1.7 0  3.088427425967869 2.835131660503828 0  1.736183516912333 1.519429111318492 0  3.221018102863938 0.4378682754383055 0  3.295843973444517 0.4905318652608102 0  3.365345510628431 0.4079552455797259 0  6.769677991957888 2.802939514080355 0  6.722080715627677 2.857983679197305 0  6.741607786412079 2.927897327211778 0  6.840572483325862 2.802099722085809 0  6.634300134256413 1.367536327713146 0  3.150358326850444 1.856438403772932 0  1.34129728651089 2.057144415241876 0  1.235845439869943 0.7145595555341075 0  2.92647701257155 2.014929856190739 0  4.854185185164368 1.064440062576826 0  3.047230222754957 1.975242616029107 0  0.05141134994586036 2.203125 0  4.571871139301755 0.5391645460655052 0  4.470360202635212 0.444125718299731 0  6.293147248788735 2.065704867627131 0  7.932501375763898 1.195182403568758 0  1.829827257668028 1.459032931382762 0  1.808904578266399 2.841888078788751 0  7.70384853340362 0.3552651733502029 0  4.539600701356678 2.224579249276147 0  2.880511586785732 2.875328339796873 0  3.873634951464313 2.103120783321944 0  2.176640810933898 2.291539040156844 0  1.619476624135516 1.423363541663721 0  7.14877654696766 2.695329242729032 0  7.118663714071919 2.582333309149555 0  1.648804308693253 1.640324451296435 0  1.125722684986798 1.687294959925088 0  0.3332635072227694 1.176760948650159 0  5.602428716448612 1.970869013271427 0  3.611103864218222 1.456574017670652 0  3.463797700862539 1.452239012555215 0  0.6505035512989845 1.143055727334582 0  1.910688864368276 1.723020599884536 0  4.059625927281037 1.550231632534552 0  6.984529347179519 0.9977555787350983 0  0.05963875651191041 0.4280070773423604 0  7.759650953911023 1.272183275159268 0  3.973117156359556 2.057658149677007 0  0.1656851043795005 2.694922994761516 0  7.141610627611452 0.2265164111872081 0  0.889179687798167 2.054463161112089 0  1.791297245120996 2.251594395663083 0  2.867508130283245 0.6116062103349793 0  3.234777779071188 0.9308441351166922 0  7.036797491568994 1.967809017325395 0  0.1516449823344585 0.6021703394125817 0  4.379257789371183 2.277583140846332 0  0.7278530289870913 0.42217214521726 0  1.458272411104815 1.084172264749011 0  4.522403584491013 2.725615444554068 0  0.4617407386961897 0.7601999894934515 0  6.444116474886409 2.270655562228853 0  7.129367788188076 0.8548306140384128 0  6.609481960886591 1.992888017870321 0  6.511132505610217 1.949345180451714 0  6.472593168215866 2.033975658927456 0  6.833764708559438 0.950596457466826 0  0.1222299404980728 1.471203022126091 0  3.892747116590916 0.8327388400645621 0  2.458848744062821 1.3 0  6.362629413665924 1.575263183498411 0  1.511574380895767 0.9619440109049096 0  4.346044355904105 0.1702324920646839 0  4.083492351695838 1.96834180881248 0  2.265428380242853 0.3692204259442476 0  4.291151255937179 1.9 0  7.750643197333984 0.4504230725469255 0  1.882708764393537 2.310801991190365 0  7.070436234594677 1.700808783031239 0  4.086070119391226 2.378665296620767 0  3.474647394435055 0.6197068151542449 0  3.36567744888676 1.464451350975127 0  1.01151385892349 2.777121794362808 0  7.827806131069468 1.576371919204052 0  4.666747970105587 0.8667153211194062 0  3.29551011839257 2.70470907376315 0  2.509135147718807 0.7550046771614198 0  0.5176752944887554 2.345804990270229 0  7.825788649675415 1.105032190842194 0  3.911140950588092 0.5545211323515272 0  0.8142382953706475 0.8482787951924678 0  6.315247970142825 1.863494112174142 0  6.379213049325041 1.975790428820449 0  3.129102884815 2.909013283444994 0  6.235384527576065 1.185792251003871 0  6.6875 3 0  4.113606388147494 2.602203508621931 0  4.270496959737471 2.851685585349532 0  4.340461867456064 2.938643105550391 0  3.371729648496065 0.2160041593042752 0  4.91095461296736 2.590192334766711 0  1.949654212220192 1.14954457354566 0  4.763272140618152 2.231399442010626 0  4.67583242527482 2.188548722841849 0  4.482354415795926 2.362015944315635 0  5.391556580923401 1.201601559038071 0  0.04987909635221843 2.390625 0  0.04987909635221843 2.296875 0  6.469753155393279 1.576653546682655 0  6.812768839225283 2.490214111511884 0  7.428825263827755 2.718710392047156 0  7.550217798551598 2.655801817534365 0  6.430767602757925 1.888534634216452 0  7.316913352603312 1.186590304754609 0  7.011332644017845 2.93219200731071 0  6.911762170498945 2.666125200804693 0  6.975936987673318 2.83624875283496 0  5.391619865787743 0.8841379169719048 0  6.04948584329895 2.362614185830763 0  1.80757041972422 0.1446921015592202 0  7.360937433544983 0.5073166261292478 0  5.312740871682904 2.825345586726312 0  6.251305139326009 0.1241099811724451 0  5.556746624883762 2.677662034931312 0  7.93346156618325 1.007474814123382 0  6.5625 0 0  7.130994757571518 0.3419453271352206 0  3.240815830104869 1.850052174828226 0  4.606553337270516 0.06891819243459024 0  0.09375 0.06066542255431824 0  3.435647304375735 0.7214593812600076 0  5.40920726884823 2.649382083399213 0  7.251011711886614 0.1065723973147819 0  4.249423729571977 2.247849669883513 0  5.895481653643735 2.202492356567013 0  4.593325972586297 2.923965026858796 0  4.291242860577412 0.5977730137253062 0  7.235400536390208 2.153144504301659 0  3.708848744062821 1.1 0  0.3765073669129266 2.763058296367696 0  3.167287751466095 2.64896171371114 0  7.517352241198317 1.962897713053382 0  7.490953008212793 2.924151991805124 0  3.465545331176996 2.82342026695628 0  4.542748241654369 0.6495121251410751 0  2.718866261544092 2.85007170972994 0  1.018679423535773 0.4400289421418597 0  0.07541551796928228 1.202019510230182 0  1.641116909927679 0.9735152300531051 0  4.77008427995071 2.045155710874434 0  4.636003750985806 2.030894811843838 0  2.400653257070587 2.359004628580505 0  7.072873144368973 1.060119891690444 0  2.718257166039724 0.4633499528987935 0  6.61235886866389 1.213931114286221 0  1.944797240758873 0.9818292326175793 0  2.187281048319109 0.07063652428683742 0  6.537452245232942 1.373519181936156 0  7.434534253821104 2.062400355006332 0  1.901654909052227 2.526909193197782 0  7.487075590098351 0.612778992479589 0  6.83955245514624 1.719363076546847 0  1.433247847116213 0.6355064515158245 0  4.472582394014767 0.1788724034539813 0  4.480222105579821 0.06598057979093924 0  4.389024222607298 0.06897697744031069 0  3.170291533511157 0.3271273526346529 0  3.172275471699749 0.2281668823962332 0  1.185253138840416 1.929518788673273 0  6.767879179196628 0.6760137840419717 0  6.862730458607418 0.5766114288439361 0  6.865913861407261 0.6706471549120008 0  5.307810513685018 0.2763178012310313 0  5.188605304858737 0.2137080155011515 0  4.065833613742397 0.2731827062336992 0  3.983465263560758 0.3479867824128301 0  7.040231738088248 2.716742335714393 0  6.080190304757186 0.3983018719566068 0  5.21875 0.06087560245065143 0  3.179708964210719 2.276826374020833 0  5.995391678532979 1.475181531980741 0  4.791151255937179 1.7 0  6.713846989191938 2.549884508638842 0  5.103055253821904 2.296082467913628 0  7.950554927982965 0.609375 0  2.724580287923029 2.284170931633019 0  3.285654646081605 2.609848329158995 0  2.939169156043751 2.825599955523347 0  0.5693855991248771 2.055971945390101 0  0.7055737392188443 0.7701968455653865 0  2.592588666565954 1.935212000924032 0  2.898815892437914 1.916738676694621 0  2.801994257910568 1.93724974949504 0  2.818772147669071 2.026284076185384 0  4.374532963326165 2.442456675914429 0  7.9375 0 0  3.623720518994588 0.2961588892304385 0  3.791151255937179 1.7 0  1.931852990249233 2.856399881482915 0  2.057275178252061 2.814080127088761 0  2.014618875097388 1.63800386804193 0  7.234653559457165 2.663881160694221 0  3.00103961238741 0.6096210805132722 0  7.088574669727572 0.9083888725899218 0  5.36135613411839 0.7624177659524392 0  4.59654785881444 0.4341551047638046 0  6.770819123081778 2.150214628272721 0  2.041529475645886 0.4797354236425289 0  6.745890991670307 1.679063705297183 0  7.643048601288507 0.9392628935250982 0  7.576397696057453 0.9710281388020598 0  7.365583722112817 1.589087912841841 0  3.208848744062821 1.1 0  5.669461246552951 0.3498862235594395 0  1.061514882304451 0.7518047843691141 0  7.950196459105522 2.109375 0  2.131560500830747 0.3064849054621184 0  2.808457528389627 2.534922170878905 0  7.94566656857885 1.822226297546402 0  7.07299139913453 2.811788486749562 0  3.652691793623168 2.273773300283086 0  7.170155809453054 0.2872539782149955 0  4.913745183655733 1.377514270554197 0  7.548892281036109 0.7414766460801239 0  7.484059976817913 0.7659854483190097 0  5.531324540809207 1.431304449355148 0  5.401666323921254 1.393491545313249 0  7.181936367910239 2.794135528476065 0  1.649560562936052 0.521053919599928 0  3.642149694069738 2.731710839288935 0  0.05478404112638724 0.5091288912420079 0  0.5152986526429035 1.328949604439715 0  0.5834911575733934 1.408640949205019 0  7.558817443440912 2.581166414474996 0  6.248403263583984 0.4649349156190555 0  6.788068309440205 1.442637160588989 0  7.784522131996872 0.3168489963244879 0  6.445345156726558 2.861978857397323 0  7.9375 3 0  7.175748089848683 2.348134220352501 0  7.3125 3 0  3.253905723098387 0.2184624509624109 0  3.401734708692544 2.415210495410826 0  6.860057280097112 2.311081116480916 0  4.742853521490715 0.06724089639710847 0  4.166151255937179 1.7 0  7.934296897896195 1.666269465710603 0  4.401497042468106 2.677424272995782 0  6.008182682832707 1.681757604274979 0  6.008707918361362 2.099226390867407 0  1.340198078304319 2.713884250246445 0  1.210473959745424 2.673011648590833 0  0.05291169099663961 2.01130130691786 0  2.099858713851962 0.798207113343126 0  2.120965437447717 0.7086019441797039 0  2.227768371511082 0.7361512854010245 0  2.472830304592358 2.353243527299582 0  2.522287165777227 2.400775586362358 0  2.979200422173761 2.303906082251267 0  6.743958273404965 1.044052966042239 0  5.872405993377419 1.446823067034394 0  1.764838584630094 0.9993452028860168 0  6.952123956660746 0.5520791072904363 0  2.125023045016112 1.626343697514543 0  6.382531697402409 0.8931816539001974 0  1.85098569321801 2.177940216086114 0  3.277367922549652 0.309963736553846 0  5.425866316650492 2.584663182328791 0  5.531967171670262 0.5978995580707109 0  0.1434300004264443 1.079260316492524 0  0.2360578728410273 1.079260316492524 0  0.330943268970635 1.079260316492524 0  0.04854460429683663 1.079260316492524 0  0.2455224980660397 0.9761443521507542 0  0.1423013576614155 0.9843916448892674 0  3.758743405753643 0.8370703173145597 0  0.1417535634867155 0.8911860237286441 0  0.06000372073775364 0.7841568569966084 0  0.04743598415843395 0.890625 0  1.576640411495214 2.733509159702277 0  5.089779446795557 2.502081626349467 0  3.452495994801918 2.247640753656619 0  0.2463187780275707 0.5989505745863021 0  0.3528077128157837 0.6793999993318511 0  0.2549826593788027 0.6906494839349603 0  6.277255040582467 0.06177523926696522 0  7.193395339534277 1.472217170850834 0  6.358939077021128 1.498426817103504 0  7.327442848114011 0.6829651664357497 0  6.867774092756782 1.052287184865924 0  6.934686018074118 1.068184678561455 0  3.715559366958364 2.05676210552213 0  3.791151255937179 1.9 0  7.832208511184409 0.9632625040707405 0  4.462023141475331 1.632633122687302 0  1.544569734913078 2.016662850622921 0  5.730619352844727 0.9524653346132389 0  3.808571980972212 0.5345818217180451 0  3.792601876370084 0.1587314944959629 0  3.746363908400944 0.06671213045118288 0  3.704002905109999 0.1925385929388005 0  0.7221797375994706 0.6846673064873794 0  0.6635264995179747 0.6478340957077611 0  1.054940302900993 1.974371097649698 0  3.338583207255281 2.5237637503672 0  2.326543228129794 0.2448021652809912 0  6.907633596176824 0.4475275639147845 0  0.4512274153914713 0.5484951920062866 0  3.761703264616561 2.57313445968548 0  6.962947101186991 1.211091652469331 0  1.71875 0.05878023084421306 0  1.702520319589897 0.8272898554408449 0  6.059358819847129 0.8489270256282622 0  3.90707020082622 1.033068392513665 0  5.464208820561425 2.009484120521121 0  1.915984818965448 2.085993627088766 0  5.129384406497313 2.933259300347285 0  2.121250560255123 1.408713698609695 0  2.100953243021005 1.094827646012224 0  5.737256979487906 2.13727111319972 0  6.544207836786107 2.67735726503992 0  7.833310493368777 0.5388728502944407 0  7.768459836646375 0.5229577239594451 0  7.846954477421185 0.6591155275314395 0  4.995227772394983 2.932895346737718 0  0.04853179427789002 0.9860486560371221 0  6.527995924764641 0.06010246140593833 0  1.800727378831041 0.8853293748765977 0  6.626117606115718 0.306643346469293 0  6.597478916379417 0.3829996148847673 0  5.0625 0 0  5.094362689180454 0.0596210095324167 0  6.839297800205843 2.389869439414866 0  5.916604662717139 1.925562730636202 0  2.468890536532534 1.661979755904512 0  1.867705058756022 0.5565074624543001 0  0.04757449381805557 1.265625 0  3.132526068830319 1.758653200964239 0  3.226968502561708 1.744810511246955 0  2.287590653765962 0.1528382085723492 0  2.181116513739195 0.1821338150264659 0  4.666151255937179 1.7 0  3.097316222322738 1.43529544956135 0  3.015326693732685 1.497557497368889 0  5.969118714475664 0.6514730779488085 0  5.008433522818272 2.194794012417149 0  0.2618475890445161 2.298959381936716 0  3.903924998747648 0.6712315367732765 0  2.625210551236386 2.884458848980234 0  4.233910170027568 0.45567490486378 0  3.858506116751845 0.7509277630643326 0  4.041151255937179 1.9 0  4.955016454100639 0.2660109329463488 0  5.054723298308566 0.2059606281853661 0  3.411194406718101 2.937884731680125 0  5.49686710926211 2.933396339089585 0  5.167990731953714 2.183093184500828 0  5.664068670289627 1.355998634199824 0  7.648105110271869 1.838969444766962 0  1.216918822447815 2.739853929078428 0  2.790017641210428 2.660900313961128 0  0.1569437495980631 2.307709482887987 0  3.306877654388202 1.503477966669242 0  3.32247492781861 1.642471579032255 0  3.349276595639516 1.705968027761845 0  4.613172873962815 2.403672664700242 0  1.776106241656654 1.705756938326884 0  3.3125 0 0  5.3989054985239 0.3813780527887947 0  7.526168113312917 0.1246872572432117 0  5.291151255937179 1.9 0  4.724650034400461 1.966004414693853 0  3.737005077728893 0.2796135697460936 0  3.751238547390442 0.3573886880352363 0  3.851155013543179 0.3475327307005391 0  1.909788851592564 2.441761050879913 0  6.551092769764375 0.557964022933519 0  1.487262482700871 2.649723736595085 0  0.6258734121787456 1.70991140485709 0  7.63706565929452 1.092781555954873 0  7.366925922203462 2.12202332849057 0  3.9375 0 0  6.889252307616049 1.183453408724392 0  2.9375 3 0  2.902466320487848 2.938756593103383 0  5.504450332298429 2.788505441610789 0  0.4954857189232167 0.8191999834203239 0  1.63697889242491 0.2988600509579707 0  4.46425179200526 1.968701348318007 0  4.416151255937179 1.9 0  5.34458955820193 1.604994086847751 0  3.657403710599236 2.144221534605533 0  3.745330305381392 2.183277805520782 0  3.023237433072544 1.365788829378787 0  7.210673579919741 1.573868377175223 0  0.9574039722544514 0.1295086813588519 0  7.841408120105466 0.06072267400942803 0  1.151730127267893 0.4006427431870167 0  2.130929372039316 1.706613469263814 0  6.594102789442132 0.7849421224148212 0  5.107037471525834 1.033387346062426 0  3.444783165286754 1.723845867815552 0  7.149951255655917 1.651899340650158 0  6.146009959439259 2.3916965003291 0  1.819871302596536 2.404194370058879 0  4.711122118118551 2.772610301987702 0  7.380547572213702 1.808514432736484 0  0.1854394110970053 0.1441923128208513 0  3.337080776928933 2.296052333340183 0  1.313659072411503 0.1738998447956195 0  4.073373105733588 2.721617266864206 0  5.491504628086862 2.574164945739466 0  3.960232029437106 1.620731771067418 0  4.601250997628923 1.398634076875626 0  0.3793974911717731 1.441841904157258 0  3.583949111738518 2.242751249245134 0  6.444208360487786 1.386527823983856 0  6.432910519160646 1.293790014443481 0  1.59550161921962 0.8747939579531564 0  1.536808171287946 0.8113572646154287 0  1.608860689646372 0.744112586967002 0  0.1655191467357062 0.7035846258582945 0  6.712635389696245 1.148510412555343 0  4.098020432192817 0.9692808255595426 0  4.705726392905609 2.501457626378061 0  4.713214309893584 2.634901246639153 0  4.786908991222916 2.56204447347658 0  3.732005007775884 2.632620283012729 0  1.851776754125971 1.569044797430054 0  6.854169942201756 0.06576522946646569 0  0.1461135818881837 0.1965828851803968 0  3.487895225520932 0.36218274033356 0  2.733005653210411 1.619954427488149 0  5.306253762711105 1.297034555561611 0  5.52830673499932 0.930320514498381 0  3.391211745281245 0.5933752344893292 0  5.961648293079612 2.556939748630591 0  2.763040375028561 0.7048664560849919 0  0.7505416430318674 0.5561426198948899 0  3.598023351006931 0.6704148849252205 0  3.706130066848232 0.7207176534729524 0  4.477794656061858 2.259147883410341 0  1.560506660478001 2.859340585333047 0  3.403086074402822 1.026048357446296 0  1.638434606493148 2.507574597838619 0  5.9375 0 0  2.36086657774383 0.3229175929142641 0  0.6268769977664653 2.391878235942845 0  0.7077888654521254 2.405375877424552 0  0.5052782962372202 2.141402790396226 0  0.5885546093628025 2.218312558122516 0  0.4616147733524223 2.223521668137069 0  0.3353405801212241 0.488739423787647 0  0.3285196618726617 0.3976157393548237 0  6.963036690119355 1.586646123832577 0  4.630297937661288 0.9925250636034686 0  4.595441564405148 0.9335807216160591 0  4.73347753963283 1.087096144786321 0  4.732824298797716 0.9966885151166124 0  5.27765258340446 1.520315166996476 0  5.195600978707255 1.467810882863851 0  5.148978837593725 1.543627480377138 0  2.206628752980453 1.076564187171911 0  3.4375 0 0  1.359673728907007 1.926445393633766 0  0.4639143402410096 1.21407187960186 0  7.458157813653695 0.4178792950771676 0  4.0625 0 0  4.019190057605379 0.06775576507831432 0  1.130443856539391 2.141378404741099 0  1.256297459415671 2.139851267995502 0  2.921100202415173 0.9099469954532931 0  3.000766863330454 0.8298923380142552 0  5.889198534459975 1.085940179045452 0  4.780200691045178 2.843216564993905 0  6.493207030838628 0.1463314911763985 0  0.2225178008301241 2.816248753733188 0  6.452368548940099 0.2332072119883951 0  6.281672319702596 2.70535841703788 0  5.747815130900491 0.1021185139555759 0  6.546685904103311 0.6728507993658714 0  6.52988266667471 0.7372314982042533 0  6.922373928085022 2.601909134746815 0  4.335804398308979 2.803188198613554 0  7.556219026438243 1.870328472523596 0  6.508251674962723 1.185475060288735 0  1.395805744137683 1.334314400595337 0  5.622860861025315 2.213924354477172 0  0.1565603705544773 2.377302133300702 0  1.412220083542542 1.678749339665692 0  4.838117715059115 2.277611631373719 0  4.532117813833334 0.8393806299152236 0  5.80878964938417 1.951456779698649 0  0.4547431115624428 1.645571398827687 0  1.974032126420709 0.7590774187943036 0  5.842607423230726 1.260203202791543 0  3.952909682721661 2.859484634190445 0  0.6408691238807774 0.3079362226158504 0  5.904126521516281 2.110960221129353 0  4.175066903391214 0.6082876194663678 0  1.499620151569421 2.356035264390403 0  1.506807422720324 2.224369968398765 0  6.545524423901655 2.238046291562513 0  5.949663197786197 1.353344686988835 0  1.679284623281157 0.1102872622282575 0  0.6484937792001049 2.286466131432165 0  2.608825264480713 1.441234622226691 0  1.776772076262404 2.701267329064825 0  1.435258043599076 2.529844959009461 0  1.349406189902003 2.497340013523582 0  1.467437530587156 2.443725334324755 0  4.745022504580768 0.7890194471429807 0  2.592294860404974 2.185073364675817 0  2.466008544870381 2.628256619481794 0  5.917853359573896 0.9856673925607813 0  1.605843429153311 2.594875939634455 0  1.519973246244744 2.562123867404724 0  0.8305071262804886 0.3367164133918963 0  6.888318390891587 2.217682634283956 0  0 0.609375 0  3.930233375169008 0.2965915850885286 0  3.911621257753154 0.2065171142425431 0  6.366368789806986 0.1640993746611444 0  5.174690750939558 2.587012669234129 0  5.052702935682229 2.588361624986859 0  7.943089127241682 1.93444554505214 0  1.27048252584679 1.290207360618208 0  6.539087842813242 2.353481934925004 0  6.349978625395017 2.361784533012838 0  4.739634156776694 1.517480234529831 0  7.446223343711472 2.650501888197519 0  6.172785922185144 0.5038878618724796 0  6.068916732596819 0.5495448506418433 0  5.99707606927646 2.013028439130729 0  1.098170303197441 2.413397509487964 0  6.408974369599857 0.5166593748517092 0  0.6978373887291459 1.566034803544784 0  7.14672828225435 0.4756301172767883 0  2.331348586560468 1.6739564042708 0  7.485231008850676 1.066073968707645 0  0.6184371976316005 0.7660623808057697 0  1.338810470092005 1.784130710553684 0  1.524158439617474 1.708021775314865 0  7.623266026520793 2.933370959667397 0  0.05395922697102047 0.133094789068887 0  7.742788369322929 1.20962538111812 0  3.582134856144888 1.901284862002024 0  7.257221673779243 0.7885219139769332 0  7.331649039779175 0.9017195373869547 0  7.35788394663521 0.8103513934435203 0  2.822457580902158 2.762874079871834 0  3.7779778754794 0.7240037258661641 0  1.7777413314007 2.937420088645387 0  7.4098629194106 2.849765429993173 0  3.917915617824274 1.410281963211561 0  1.579907710017483 1.755575800131015 0  0.6793445871461518 1.235360857695155 0  6.82308559671398 1.782691107076397 0  0.4829486590124843 2.578030115303309 0  0.5753229905989994 2.542255931014906 0  7.062938251476972 0.1421371977638228 0  7.014128290885196 0.06434214300648562 0  0.5550682247585921 1.211126266527452 0  7.068200642421441 0.5584552363276464 0  6.950858027475354 1.330245860992715 0  0.6150877992707371 0.3920072519379648 0  2.590979157653788 0.2230892251375617 0  7.936647052279342 2.703310342145577 0  0.2539288964454758 2.398158854419465 0  7.944113542510095 2.873880950140841 0  7.650774648260598 0.6253425091773063 0  5.435141661070977 1.335021136429778 0  5.971271490782139 1.896091525332624 0  6.003773899574551 0.7789557947314539 0  7.238051020481826 0.2928310961434981 0  2.8850959678525 0.7298632753355628 0  5.024996194138291 2.040653852247526 0  4.899493538261242 2.040653852247526 0  4.984238576603142 1.964064256295576 0  3.420120769223991 2.610717561879986 0  1.084379624595479 1.080856666019903 0  0.776324788908801 2.222861075106273 0  0.8336637410555202 2.148098176155077 0  3.784563631413345 1.36406863744795 0  3.733732209220614 1.447117291687097 0  0.8734929540752486 0.06398930176673227 0  7.10831125018145 1.783272759778751 0  0.3485086813829266 0.8726567655628066 0  0.248668163994964 0.9075615078399927 0  0.2429538376454161 0.8040341075981267 0  5.061864636638284 0.90589211185764 0  4.978647691644047 2.574926719504512 0  0.4414013321859445 1.140869936185938 0  5.646550754260176 0.7642235365954536 0  6.200020991982848 1.237921230069504 0  6.228565862904901 1.296639321360429 0  1.12680729585973 2.928466084452819 0  5.741813175581205 0.2385836993542585 0  4.955869641950408 2.697891930843828 0  2.215767649622221 1.320456953140879 0  2.630374810744145 2.471207578012882 0  2.749516088512565 2.435617454123933 0  2.671082581996964 2.36577781922443 0  4.869102831062284 2.886930090184122 0  6.84375 2.944359736219129 0  2.086070113959686 2.068112302148675 0  0.8695607198077602 0.1917860899836206 0  5.811887480058608 0.1636984843813769 0  5.691242431593446 0.1365808214631042 0  0.1534559525977809 2.195185094769821 0  6.946760940283242 1.910183461658722 0  4.271348744062821 1.15 0  2.623295681663699 0.09710330088628147 0  5.152884565955933 0.9696516585121518 0  6.849110862843452 2.685119456252623 0  0.2156824315204411 2.597032339862604 0  6.433144524095556 1.688099394820882 0  5.750863480415809 2.76568160136972 0  5.561709094423217 0.1284770644154324 0  5.49882094835451 0.06367644798852506 0  5.435883370055479 0.141842329753325 0  7.831343370111314 1.642540604162627 0  0.291997457644781 2.654782642845124 0  0.2844601655404045 2.736600996556322 0  0.3874800810697026 2.659718393767526 0  4.254323275857335 1.040380102235251 0  7.952859079507938 2.766877799966775 0  4.87374611506113 0.06410261562884349 0  3.509137887449853 2.448787043424942 0  4.648973956909072 0.3977288375547811 0  7.356412384950817 2.603194247935536 0  6.294935357642788 0.546166346167654 0  2.615309723277627 0.8302530901250416 0  2.740831267509162 0.8393020847454915 0  1.081179061026123 2.265272454086924 0  0.9711176080094215 2.282473991331249 0  7.250247036583231 1.296661680057442 0  3.224143009730098 2.833964018009253 0  3.803466251322299 0.6317770882299473 0  1.187369542834332 0.273090224352997 0  1.21861838856767 0.3532702057054233 0  1.310888839403205 0.3219555790558006 0  2.193838001914485 2.814521207196096 0  2.259044641347737 2.81107691971187 0  4.374149964912617 2.541994822119238 0  0.766799833477593 2.936728236011362 0  0.6885462332453507 2.864758503709624 0  0.8140704740275644 2.85886836143366 0  2.872798610948617 1.614217967252197 0  1.755150418820038 1.580111050238782 0  5.220631711307478 0.8324680552957175 0  3.0561694095103 0.2541599857233101 0  4.308625556834696 0.9169838821665309 0  4.298081040877193 0.8094829715178407 0  4.201325274597156 0.9099958485040295 0  7.748401275962832 2.895472377041236 0  6.95065121222106 2.767709281064218 0  6.196926423999348 0.3756551871333436 0  6.289196329003861 0.3406924429070897 0  1.447989778293626 0.2223713877631342 0  4.5625 0 0  6.942265027772414 0.2459578153101454 0  2.502262336243136 2.935234077563745 0  5.910408174189938 2.929996901742845 0  6.123745390888206 2.93648005072384 0  3.101140687021677 0.960210848779019 0  3.043875889500754 1.036829211911921 0  2.975664832039489 0.9586641255431042 0  5.427895587974776 2.440728377923909 0  7.742688335909413 2.184606766260576 0  6.428074577500738 2.591499541685735 0  6.625502831618139 0.9323880094371145 0  5.497278948899173 0.7176545504690087 0  4.594526262729949 1.985071767194171 0  2.44251681038557 2.563007928490378 0  5.958605543338042 1.259818188774508 0  4.566946831320504 2.116978466651405 0  6.4375 0 0  2.776098623344323 1.03585702077679 0  4.126301187829366 2.499361869061632 0  7.050525905847739 2.391916047885775 0  6.954848585821152 2.331190451294705 0  3.368998457215478 1.838012730430822 0  6.311772885684144 2.868512470124662 0  5.762425149092722 0.5345047055124732 0  2.111887407181961 1.008295624922202 0  6.811406967424273 0.1563478056898943 0  5.677789962381319 1.102817857258709 0  4.360268803089796 0.8714710024356795 0  2.829702806736699 0.06568218267037507 0  2.869717587768129 2.399065889203607 0  3.002536978443486 2.01980345235256 0  5.649628758611042 2.413819461288471 0  0 2.859375 0  1.754633685046767 0.7294962998122129 0  1.824831242087645 1.245696031273042 0  1.798750562248091 1.118765173010855 0  3.627076927152822 2.020942767907107 0  3.658980162251825 1.934341974308085 0  3.523635265061658 1.970601941131962 0  7.34375 2.943585150435903 0  7.754225156828135 1.74670127939701 0  3.40625 0.05818384102275193 0  0.3744528826617 2.392386297270349 0  7.272531036694581 2.363255784088489 0  2.722549245918877 0.9657192561589594 0  2.788857918872385 0.9093286569631064 0  1.925764423274688 0.2158732397191373 0  7.58063476027521 1.952393177361492 0  6.289139788331013 0.174737984501907 0  4.462322456711663 1.181967558389538 0  1.248733978537238 2.014136008513327 0  6.537376795291276 0.2665108541501136 0  4.332953552770204 0.7539525563421915 0  0.2715308799116716 1.303177734846718 0  6.42531576989279 2.718215050890786 0  2.363469354804307 0.6299718410810982 0  6.772162058335374 0.267375630723975 0  4.049372228964797 1.419060312154785 0  3.6875 3 0  2.374613366006985 2.936980445437919 0  0.7016369881299694 1.629375528136986 0  1.29725719447732 0.9264687982640425 0  5.403946894532977 1.523249227186137 0  5.458699680460631 1.464115708053257 0  5.524987773970675 1.506198061240267 0  5.220428817094473 0.6395146350106384 0  0.2439425149894467 1.177823591248033 0  7.107605296446026 2.427157885723621 0  2.339057772436428 2.61672171916237 0  5.891887931801733 1.637461428613651 0  5.949861808239419 1.717082855295148 0  0.2509378933356685 0.4995053276505694 0  4.383961274164566 2.072612646113378 0  4.3786092463121 1.954515435016848 0  4.811988393281369 0.1361331393001508 0  4.686680170383277 0.1506237592576704 0  5.3125 3 0  7.098727248883088 2.294216898134518 0  5.609567918599803 1.13068984071761 0  5.623185606596125 0.9981185432378031 0  3.040186978879499 1.57029209281887 0  0.5007800940599467 2.922349270974101 0  0.6644024533035756 0.1564611690610592 0  6.244292348147039 0.6404479567247986 0  2.358309632765184 1.951936111965399 0  1.500603392322289 2.93689612786648 0  3.621173901373404 0.8358325710769908 0  2.749812894095939 2.904689292813619 0  7.464363417747824 0.5280737952455503 0  2.599169707442088 2.321798942984311 0  5.741393218043992 1.397218260341489 0  5.617740924290766 1.42586158671413 0  1.817086529753949 0.2879663440820888 0  1.718195316555077 0.2164193253246244 0  2.682461585096921 0.164286705523706 0  3.101276456001452 0.6487839446677907 0  3.033693631613757 0.7307591601461801 0  2.975363876235726 0.6668331300625601 0  6.850382833686645 1.594041479793977 0  2.373778656060184 0.1081449471828004 0  2.498956576009565 0.06457237963476731 0  2.250539879505699 0.0636420527999646 0  2.039196172218687 1.206896540275138 0  7.580519476272834 2.360728265876065 0  7.559802948709205 1.619908918047238 0  5.099567082329356 1.636832632819825 0  7.375051944633888 0.07292435873248021 0  7.041207376428096 0.3139092898150777 0  3.875375071120038 2.936948205084753 0  3.154088468220209 1.397357606840858 0  3.06061535946389 2.628175204746761 0  2.997932094454874 2.639737560017712 0  5.470581212661679 1.594020641562658 0  7.006045803381411 0.8861253530228517 0  7.099686657168052 0.7969448273822454 0  2.901798471310019 1.037451443590674 0  5.624806589712611 0.07342056090318291 0  2.016086129860995 1.481913627834514 0  4.972254986762096 1.622295032263599 0  7.500001484787334 0.06792248979936759 0  6.250048588567549 2.937315089722848 0  3.600407902480932 0.9581698278564975 0  3.47551872465939 0.9548518991577437 0  2.530235705030104 1.025845366770307 0  4.177194998994445 1.410434200155175 0  1.8125 3 0  4.4375 0 0  4.3125 3 0  5.8125 3 0  0.3125 3 0  3.333848744062821 1.3 0  0.6875 0 0  0.0625 3 0  6.0625 0 0  3.6875 0 0  1.6875 3 0  7.4375 3 0  4.916151255937179 1.7 0  0.8125 3 0  3.083848744062821 1.1 0  2.833848744062821 1.1 0  2.958848744062821 1.1 0  5.4375 0 0  2.708848744062821 1.1 0  4.666151255937179 1.9 0  0.5625 3 0  0.625 2.937490549316586 0  0.6875 3 0  1.8125 0 0  0.8125 0 0  0.9375 0 0  5.041151255937179 1.9 0  4.916151255937179 1.9 0  2.583848744062821 1.1 0  0.1875 0 0  6.9375 0 0  3.1875 3 0  1.1875 0 0  1.0625 3 0  3.916151255937179 1.7 0  6.3125 0 0  6.1875 3 0  2.958848744062821 1.3 0  2.458848744062821 1.1 0  2.4375 3 0  5.0625 3 0  4.083848744062821 1.1 0  5.4375 3 0  4.541151255937179 1.7 0  7.4375 0 0  4.6875 3 0  4.541151255937179 1.9 0  0.1875 3 0  7.6875 0 0  7.625 0.06265056377934551 0  7.5625 0 0  3.8125 3 0  3.083848744062821 1.3 0  3.833848744062821 1.3 0  6.3125 3 0  6.375 2.937270490538828 0  6.4375 3 0  5.6875 0 0  5.041151255937179 1.7 0  7.3125 0 0  4.4375 3 0  3.458848744062821 1.1 0  3.333848744062821 1.1 0  5.416151255937179 1.9 0  3.583848744062821 1.1 0  4.1875 3 0  4.8125 0 0  4.9375 0 0  2.333848744062821 1.3 0  0.4375 0 0  4.791151255937179 1.9 0  3.5625 0 0  4.6875 0 0  3.583848744062821 1.3 0  2.0625 0 0  1.9375 3 0  3.208848744062821 1.3 0  3.9375 3 0  7.1875 3 0  5.3125 0 0  6.0625 3 0  5.166151255937179 1.7 0  3.8125 0 0  1.5625 3 0  0.4375 3 0  2.3125 3 0  2.5625 0 0  2.583848744062821 1.3 0  2.833848744062821 1.3 0  2.3125 0 0  5.166151255937179 1.9 0  5.6875 3 0  5.5625 3 0  5.1875 3 0  1.9375 0 0  7.1875 0 0  0.9375 3 0  7.5625 3 0  7.0625 0 0  6.9375 3 0  5.416151255937179 1.7 0  5.291151255937179 1.7 0  1.4375 0 0  5.541151255937179 1.7 0  5.666151255937179 1.9 0  5.541151255937179 1.9 0  4.9375 3 0  3.0625 0 0  4.416151255937179 1.7 0  2.4375 0 0  7.8125 0 0  7.6875 3 0  2.6875 3 0  3.0625 3 0  5.8125 0 0  2.5625 3 0  1.3125 0 0  1.1875 3 0  6.1875 0 0  3.1875 0 0  4.8125 3 0  3.833848744062821 1.1 0  3.958848744062821 1.3 0  4.291151255937179 1.7 0  6.6875 0 0  2.6875 0 0  3.5625 3 0  4.166151255937179 1.9 0  2.8125 3 0  7.8125 3 0  4.083848744062821 1.3 0  4.041151255937179 1.7 0  4.208848744062821 1.3 0  5.5625 0 0  1.4375 3 0  6.5625 3 0  2.0625 3 0  6.8125 0 0  7.856029687777784 2.608660525270534 0  7.680018527543012 2.636141609855582 0  7.934902391335816 2.628624652494902 0  7.756591733697181 2.732360296266604 0  7.786936685312772 2.63051068662675 0  4.014307084797965 2.433835475359992 0  4.911406326623805 2.462984650766092 0  0.5853326995486589 0.4869337271870391 0  3.286583717174674 2.942860933090084 0  0.5750033195871072 1.270319857596171 0  6.949025994327418 0.7710057442959236 0  7.299039351913326 2.836628641163031 0  6.66653618581277 2.730532837592028 0  3.895618981955768 2.59344367361551 0  0.137608715124418 2.565007510758407 0  0.05962328140997029 2.461975294777959 0  0.1519652448162151 2.478052905630181 0  4.125075457193052 2.16162462555005 0  4.554464571434971 0.3149921120288935 0  5.332704115714884 1.444467664338916 0  4.821218300622276 1.292595175660483 0  4.925517371517246 1.264281240752325 0  7.154974133904616 0.6833788926571641 0  6.804722702444391 2.054097268693636 0  4.290512681203758 2.366439153911796 0  6.631349981264798 1.042364115062054 0  6.623214556282302 1.674855852028382 0  7.173985507098497 1.046132250632594 0  1.034297768530788 1.647112536802376 0  1.151085314386526 1.600703700364762 0  1.199651166466081 0.999850742849773 0  0.2347159018758847 1.507866224947515 0  3.498423811845326 2.288832887335202 0  0.6705350748125679 1.083826771376938 0  7.364867256024699 1.393707044202148 0  1.214352692505455 1.085537631000451 0  3.529135972410355 1.037344048502696 0  7.684519425473503 2.50138253274761 0  5.0411583118338 1.328820403067356 0  1.995120815080036 0.1085687017807079 0  1.367903685740869 1.516749087157245 0  6.436933244092393 1.760217011437979 0  3.310808857738905 1.934745216401255 0  3.390558043685444 1.9868462984764 0  4.873620359895669 1.58027423679865 0  2.137205379655402 1.14020540956997 0  2.790836397083271 2.302322251325598 0  0.5928194166103261 0.05448010969834408 0  2.47419588002598 0.9726960896790765 0  2.543991803504871 0.9005958519773769 0  2.596481074066677 0.9732633990527484 0  0.3502168118016124 1.949565015218834 0  0.3014427360549859 1.911131095854838 0  3.608375773505075 1.672788765933626 0  3.340445347253465 0.8430430378930494 0  2.17907705221997 2.933603908346047 0  5.483817429311381 0.8438068709253367 0  5.476776983913452 0.9653089869126567 0  7.239014869894447 0.8595740008294925 0  2.84869164667837 0.9737625659770672 0  4.386681638815411 1.370917878275498 0  1.407237615775248 0.7910633050239183 0  5.42299587031889 0.7570876044856322 0  5.286238823860985 0.4432273812951629 0  5.348811154058756 2.261417185845676 0  5.292566522094436 2.202355096769832 0  0.6493347092774885 1.52423850380891 0  2.250496702606546 2.935998167715585 0  6.34375 0.05366609315143422 0  5.313175530309031 2.31723013979378 0  5.345755984807974 2.373874632946851 0  7.821696748539814 2.831328484425018 0  2.139790420286274 1.955743511059562 0  5.295936227623876 2.423641316805944 0  7.347311342940192 0.5691844446929399 0  3.954040729091522 0.0595249346713 0  2.373979108875603 1.587129702881263 0  2.397860639227486 1.715857534675741 0  1.559395444882909 1.95518521597042 0  3.518336050392464 1.494146556119517 0  6.724293681811377 2.320068500634045 0  2.485470881007701 1.944432700213369 0  6.899168245607879 1.698505900848493 0  1.032028051236752 2.303432220051381 0  2.502162811887799 1.834340510940949 0  4.772335147724523 2.108133344296525 0  7.840554449076002 2.041841672987226 0  7.825882016487257 2.103999813204594 0  0.1246839867083469 1.684687716491308 0  0.06207884427157367 1.674427012916661 0  0.135436147614959 1.568870775052077 0  7.916092679394558 2.329039377798011 0  1.869680798590943 2.043239170580702 0  4.082870625817938 0.7742538962470024 0  4.097193696081908 0.7118274310491994 0  4.120663066142698 0.8193427887151666 0  6.189724891512225 1.490576305862164 0  6.178901452700399 1.592623114304613 0  6.455265334578874 0.6282771217825976 0  6.423632202640622 0.7042954528907978 0  7.447100355235877 0.7153424427113628 0  6.629979315818006 1.477308109302452 0  6.616395869683375 1.562023864651938 0  6.539539560357086 1.467624062756386 0  0.9920039812185665 1.729722374939308 0  0.9465432032331649 1.805753618053646 0  1.027696994817668 1.847719777572637 0  6.572096939638455 0.1802578876793236 0  1.105640116132859 0.8392253114592756 0  0 2.109375 0  2.904864150659487 0.4418107171313508 0  2.896358492421289 0.3346546314056956 0  2.807368544271884 0.3738385897662216 0  6.768260675344007 1.220052435563875 0  6.088230085394314 1.560974744324693 0  1.036477393469852 0.5656368070039242 0  2.714372398056835 2.769180905894394 0  2.696119807635337 2.668715068239909 0  1.846620005958697 1.352692087601687 0  3.238018865548703 2.254693084072676 0  0.7855936276186101 2.501759072526336 0  1.708380151125753 1.649139132705286 0  1.74846946817975 1.760196897633789 0  5.387523663869128 2.53406210489473 0  1.113579303753381 2.801147120070399 0  7.86330138347737 2.152853575885174 0  4.287737839048543 0.1496061631148573 0  1.65625 0.05312178098708432 0  4.559049612081647 1.582004872380152 0  4.027567040914793 2.502898435395364 0  5.607047519017343 2.712998591907972 0  2.886742039128362 2.310725447075359 0  6.674233850339291 1.914028396140147 0  6.553471619252303 1.905229775869257 0  6.184396596503093 1.101652136307058 0  1.002481178932852 1.435024400619012 0  4.65634662528801 0.5397691141405627 0  4.714374590994681 0.4867980233165991 0  2.273083666355475 2.351156160272773 0  6.931509696686886 2.417560570544331 0  2.431609399849275 1.354368369183308 0  3.826291363984546 2.864295378077553 0  7.78125 2.947246001486945 0  0.7162757867751695 2.205538109331163 0  4.105301377740841 1.464887939124167 0  4.066342329368902 1.352711509525352 0  4.134329066837923 1.355219837340425 0  3.532600098553949 0.2685084813628443 0  0.824322037434091 1.820903877550161 0  2.748345892585187 1.82179942787516 0  1.158418917351769 2.427637136746799 0  3.915574813269097 0.1453786248542538 0  2.160587436477126 2.639433722846912 0  7.503575375269473 1.514674763502384 0  0.5328545124156634 0.6459352150174057 0  0.4346570082964804 0.6602018080956915 0  5.334313064962482 2.942712677254091 0  5.47897264974395 0.1862701464479853 0  6.059743736315004 2.301102153182069 0  6.755248098937441 0.4959831485888196 0  3.993245898219347 1.531321301691346 0  4.065561801674374 1.643141321793032 0  2.68782967943281 2.493827254732428 0  6.325689390428566 0.2831270300830765 0  2.043589952727334 2.67788345020666 0  5.604289170875734 0.6807636094180329 0  5.05965898588047 2.257282524349419 0  5.004867097133799 2.372870902595479 0  4.09375 2.946084280670336 0  3.945107591305597 2.693224522092908 0  7.283341872371073 0.9756823603000897 0  1.752267787577505 2.816683452625423 0  7.001066258563148 2.520353111147643 0  3.719174380600593 2.518436890347973 0  3.6811001588529 2.396949798264913 0  3.638661322296658 2.453915593203877 0  5.301831681581785 0.738327187019889 0  7.809372144536984 0.6081002082255432 0  7.757092671052437 0.649294939445081 0  7.689256901858084 0.5779663059871573 0  0.1939271013562373 2.87127627578147 0  7.035200462423118 2.214238789453879 0  3.299843829329693 2.247000011288765 0  7.689086239025157 2.152557106709777 0  6.657525049562837 2.336968148914706 0  6.557007866439682 2.412575855793632 0  3.151296558942347 0.8616582680198099 0  7.636347429611796 2.257193654335171 0  2.652634272423707 1.030284326800744 0  2.085961826318122 2.623015040540855 0  3.145238754025858 1.523927068833314 0  3.079269584814269 0.5038129477530443 0  3.017332711277122 0.4950003025091728 0  2.35467295748314 2.152865062704116 0  2.339302532067502 2.04922432947897 0  2.426169664436884 2.061111372517645 0  4.254776885450522 1.466190107660274 0  7.368793608369244 0.6261226800730296 0  1.371087607074778 1.170832621206219 0  1.369214047490855 1.058169543808499 0  6.146440479351837 2.672013956012122 0  6.061300765473471 2.755128327892292 0  6.057548137880107 2.645095577402345 0  0.4292813347487092 2.014179399648193 0  4.456192939688383 2.140726470862654 0  0.5708184423085347 1.597945988547934 0  1.459118475624257 0.8570685041809079 0  3.56093660425429 1.354857353391575 0  5.997895070382284 0.9217946578364352 0  4.654631772781628 2.855183076279876 0  0.5009800769603541 1.492434428795153 0  2.279371529806917 2.868736921491171 0  2.440261571459982 2.237379427067823 0  5.724268610741476 1.196659017747555 0  3.863816986927918 1.429516298383088 0  3.470704731824878 0.1602948552672538 0  3.349452396631802 0.159560386168431 0  6.033954366426839 0.3444762664234297 0  5.416618665331315 1.065891444893287 0  5.466267859777344 0.2950691625477764 0  1.043410935632662 2.179141975228443 0  3.663954740116653 1.569771773195599 0  6.893980756871908 0.9354154780062254 0  1.045222569736816 1.321000665445172 0  5.845093102179794 1.351546442954666 0  4.714878853912759 0.7147722476529373 0  5.588665542845841 2.363360019043316 0  5.223759410426384 2.248185541842937 0  4.493560882100221 2.019756913546741 0  6.391778953060871 0.779674014347605 0  7.776264969809626 2.413167920092189 0  3.795437778898218 2.446757300415421 0  6.032172931868862 0.4648021278395139 0  4.473524644771209 1.424399643091266 0  5.202710650415896 0.7044255440383252 0  5.308216750128568 0.6463997043050143 0  4.707117119514672 1.323869867437559 0  1.848621927235254 0.7882626988285876 0  7.092434103055156 2.233996770635744 0  2.489551231686012 0.2964205475703908 0  2.061151697033666 0.2277832823736522 0  6.357352304257804 2.169458334897629 0  6.259744980036152 2.263652966025908 0  6.344125042844341 2.264692030960593 0  6.256765704053814 2.171327707715855 0  1.467577732606484 1.529142876553576 0  5.953156478820029 0.1717185237003838 0  4.257301481905439 0.2675712629150158 0  2.150419458253793 1.303175692278696 0  2.103875799562051 1.335313193140225 0  0.06237668518456206 2.867221498900617 0  1.713450360522394 2.136972740718623 0  3.796889202941275 1.490433993412116 0  5.04952746034396 0.3566968890949752 0  7.599040121745185 0.4320257275468997 0  3.627892281428168 0.4654106330060467 0  1.270940087182185 0.4984065763513998 0  7.17819811572322 0.9820712323125257 0  5.504040869149319 2.707376870659812 0  2.778772465427228 1.664615639750711 0  6.911268317878916 1.995148304301722 0  4.781202031404368 0.5440249957749567 0  5.944917318699962 0.5242131858153229 0  0.2481326925037498 2.015059056292109 0  3.537150034768518 0.8942736352236847 0  2.493425392695308 2.453956796029508 0  4.856995482656002 1.398303165566793 0  1.24759062331248 1.347870021040137 0  7.015347612689651 2.334607311265137 0  7.312317445833922 1.914114987553814 0  2.564200649024123 0.7766050709207735 0  1.010648478099811 2.105017207977065 0  2.999976403380757 0.429674619794173 0  1.646524539714677 1.949690163042309 0  1.647818172230843 2.043061505873212 0  0.891996951023405 2.938007871015515 0  2.270928695314002 1.039347763646257 0  5.779006704809837 0.7705707300225396 0  5.755492344759992 0.8593761203244334 0  4.899236706864274 2.262276566061306 0  0.9935645153943339 2.373271343851604 0  1.102957321127909 2.321412137480316 0  6.654515325037461 2.095840827365811 0  6.675972688848589 2.21600031136614 0  6.609379204445205 2.161085887585486 0  5.867926156769424 1.834948624907136 0  7.644153005729838 0.5038110753627107 0  2.230897894344073 1.128078196967774 0  2.230897894344073 1.271921803032226 0  2.251123319203447 1.121506558066285 0  2.251123319203447 1.278493441933715 0  2.235048112671478 1.091990176578174 0  </DataArray>
</Points>
<Cells>
<DataArray  type="UInt32"  Name="connectivity"  format="ascii">873 1545 3175  9 4294 4298  444 1574 3491  4 2675 3682  1238 2366 2963  1152 1648 2426  586 1933 3046  240 2680 2750  1134 1252 3676  332 1536 2303  14 15 16  371 2385 2961  531 1729 2645  12 19 20  1660 3420 3421  1927 2484 3569  372 2066 3130  525 1576 3735  1209 2385 2961  158 1441 2185  1386 2619 2707  754 2748 3201  631 1224 1734  742 2725 2726  409 1307 1699  228 1343 2634  1008 2144 4227  468 1718 1719  1247 2223 4069  1209 3108 4125  457 1630 3125  684 2383 3623  1398 2562 4008  530 1767 2319  1274 2496 3332  707 1473 2394  596 1792 1888  618 2076 3577  805 1311 2012  218 2581 3346  235 1689 1836  628 2413 3578  1075 1678 2640  459 1411 1412  586 1298 2743  686 2338 3606  1133 2118 2728  762 3428 4173  1373 2747 2808  611 2191 3101  432 1484 2402  616 1434 3727  178 1587 3186  941 2033 4277  420 1540 1541  599 1669 2252  1152 3163 3213  85 1743 2782  279 2105 2814  842 1662 1672  498 1750 1751  123 2346 4293  1657 2551 2744  450 1713 3672  1798 2299 4252  1667 3365 3367  697 1362 2651  980 3307 4107  1258 1982 2829  120 1230 2501  1340 2997 2999  1205 2020 2563  942 2339 3560  1182 3449 4128  457 1495 2582  443 3380 3721  562 1324 1925  841 2142 2342  377 1142 1865  56 2941 3503  768 2075 2446  1130 2153 2620  333 3078 3720  288 1375 2392  1126 3839 3840  456 1201 2316  356 1274 2496  468 1719 3263  633 1250 2202  88 1935 1936  88 1606 2191  580 1241 1670  872 1976 2158  357 2053 2792  390 2108 3229  352 2238 3069  1073 1439 3640  406 1426 2825  601 1414 2128  1183 3286 3857  608 1424 2318  59 1804 1992  1580 2156 2624  1075 2845 2846  783 2149 2764  387 1233 1548  1110 2443 2667  1275 2484 4274  1057 1218 1539  1482 2512 4160  109 2451 2863  271 2804 2919  1459 3127 3373  499 1659 2461  814 1323 1930  318 2323 3231  682 2436 2437  352 4087 4191  91 1242 1281  962 3433 3634  635 2293 2416  806 1562 2737  1092 1578 4063  185 2413 4231  1698 3309 3807  1219 2836 2838  339 1600 3195  1009 3339 3340  870 1565 2989  203 1170 2298  581 2123 2124  933 1700 3394  419 2200 3513  242 1637 1863  474 1260 2650  485 1611 2199  249 1897 2761  2120 3203 4081  80 1495 2928  319 2662 4083  38 2081 3251  946 2459 3118  343 2426 3518  1113 1937 4222  673 1923 2955  956 1835 3507  211 1657 2551  167 1962 2121  452 1542 1544  1188 1736 4161  1482 2512 3848  1176 1738 4212  1386 2619 2754  283 2159 2161  577 2059 2060  202 1862 3099  302 2206 3393  224 2907 2942  897 2192 3238  1039 1995 3895  2042 3859 4066  641 2255 3318  928 2268 2708  743 1660 2627  713 1295 2410  858 1231 3120  391 1350 2564  759 1897 2481  772 2401 4019  467 1643 2295  891 1969 3356  35 1774 2084  965 1864 2141  590 1482 2839  646 1938 3376  348 2184 3131  362 2602 2800  265 2948 3411  84 1326 1882  84 1326 1703  71 1236 1727  681 1692 4025  1911 2633 3765  938 1185 2916  573 2357 2553  87 1833 2201  1404 2812 2813  434 1811 3050  841 1512 2787  164 1238 2366  622 2311 2836  12 19 2394  2052 2515 3184  155 1632 2975  808 2262 3296  1169 2448 2558  447 1654 2938  276 1371 2347  1317 1768 1873  1075 2717 3251  1149 2949 2986  549 2819 4236  701 2507 2682  900 2406 2805  267 2252 3279  110 1814 2618  1901 2570 3595  1140 1547 3633  704 1869 2724  544 1813 1935  203 1170 2691  165 1430 2781  1150 3075 3076  517 1524 1625  967 2328 3392  1748 1826 3079  69 1634 3262  1367 2229 3097  680 1946 2575  354 2291 2656  1268 1843 2291  974 2550 2795  389 2003 3762  581 1506 2460  381 2636 2660  448 1656 3260  509 1754 2435  571 2031 3068  176 1910 4061  513 1890 3756  1096 3471 4235  564 2050 2269  79 1610 2227  360 1301 2657  1817 2249 3850  491 1680 2769  257 1679 2202  522 1934 2256  601 2239 3620  404 3177 3677  418 1335 1336  1582 2590 3718  1008 1582 2143  512 1848 2305  187 1880 1881  340 1228 2488  340 2488 2671  195 1424 2318  600 1625 2341  190 2326 2718  1053 1309 1446  150 2119 2813  618 2077 3577  193 1180 1267  339 1181 2371  641 2217 3318  230 1362 1961  424 3035 3643  445 1414 3389  1200 1222 2727  197 1670 1675  389 1325 2003  222 1269 2930  1926 3801 4151  888 1317 1873  888 1317 3333  785 1474 2934  1246 1766 4241  731 1974 2367  934 1959 3154  385 1813 2390  345 1170 1685  1413 2297 3800  265 2061 3795  341 2082 3649  341 2524 3838  341 2524 2693  341 2082 3838  762 2260 4173  872 1976 3009  1297 3145 4065  1414 2128 3345  705 2740 4217  1860 3043 3045  348 3021 3559  714 2014 2672  715 1666 2133  138 2548 3561  86 2748 2910  216 1644 2335  216 2142 2342  19 1473 2394  1087 3401 4052  1087 1361 2567  567 1592 1760  688 2610 2722  59 1992 3134  369 1348 2182  392 1393 3013  147 3364 4039  222 1793 2532  802 2687 2980  224 2375 3418  83 2049 2509  1010 2579 3082  413 1420 2292  1244 3621 4084  566 1832 2154  410 1403 2882  533 1993 4020  228 1665 2497  723 2634 2636  414 2505 3095  1299 3093 3094  474 1579 2650  1338 3530 3531  1073 3244 4089  58 1181 1842  232 2421 4270  126 2583 3534  48 2245 2246  233 2115 3477  403 1501 3473  235 1836 3543  361 2056 3100  583 1901 2570  867 2439 3349  268 2046 2615  1479 1952 3026  36 1785 1824  972 1912 2712  761 2265 2778  840 1998 2247  241 2964 2965  244 1464 2112  475 2507 4188  346 1248 2648  987 3562 3691  434 1473 3121  763 1812 3030  1554 3308 3835  283 2159 3847  1296 3298 4132  1354 2273 2844  952 1440 1663  571 2435 3830  1104 2972 4203  510 1605 3151  1103 2725 2972  1444 1921 3816  824 1262 2430  594 1262 2340  1006 1741 3818  903 2474 2815  766 1885 2161  1296 2802 4093  820 1667 3138  772 2790 3265  144 3741 4170  204 1249 3993  952 1900 3591  433 1892 3604  443 1601 2162  876 2482 3180  324 1145 2320  636 1445 2067  804 2766 2988  287 2629 3073  640 2036 2100  272 2018 3370  1432 2720 3751  454 1565 2989  870 1996 3812  95 1768 1873  506 3591 3599  1150 2738 3075  212 2373 2704  967 2718 2719  736 2788 2789  894 2111 3338  607 1674 2226  350 1256 3627  996 2266 2772  240 2243 3011  647 1230 2501  282 3732 4128  765 1885 2161  109 2160 2863  1424 2157 2614  910 2950 3786  469 3331 3814  154 1337 1715  1100 3109 4178  854 2451 2519  1007 3752 4190  1375 2392 3520  132 1560 3555  289 1602 3172  153 1605 2820  857 2087 3225  672 1687 1838  1040 1557 1559  430 3422 3843  691 1697 2355  644 2343 3700  644 2342 3700  693 2237 2641  319 1254 2676  1328 2499 3032  1202 1644 4208  1001 1560 2096  1043 1866 3853  815 2701 2749  798 2841 3255  268 1861 2046  1140 3443 4124  205 2923 4254  273 2079 2163  598 2248 2807  241 2248 3580  378 1323 1930  1073 1439 1932  1636 3244 3291  894 1707 2111  192 1821 2076  174 1289 3074  592 2951 3061  647 1590 2569  1088 3067 4113  507 3374 3780  507 1285 2478  1514 3605 3792  315 2563 3618  880 1573 3038  107 1372 2508  968 2300 3666  314 1381 3782  934 1974 2174  933 1700 3501  1244 2661 3621  1254 1723 2676  588 1194 2345  1814 3684 4169  756 2853 3611  321 2136 3144  863 2665 3148  622 1355 2473  72 1159 3622  211 3307 4107  528 1325 2003  1121 2362 2381  1422 2383 3623  577 2169 4122  353 3587 3837  1179 2214 2900  1009 3055 3339  551 1172 2480  764 2663 3590  775 2377 2765  536 1468 2833  1640 2547 3545  330 1701 1820  593 1563 1820  711 2533 2969  1127 1606 4027  1524 1790 3622  803 1979 4160  540 1980 3176  163 2757 3223  1314 2669 2695  719 2463 2642  799 2065 2242  336 1878 3256  408 1661 2309  1077 3806 3807  460 1650 2422  1122 4095 4096  666 2170 2453  641 2217 2218  127 2098 4289  371 2385 3052  508 2299 4252  226 1585 2784  342 1213 1653  828 2046 3349  1151 3163 3518  956 1499 2490  902 2038 2684  677 2448 3024  201 2448 2558  490 1486 3037  1139 1955 4070  805 2784 2785  782 3346 3481  474 1623 1877  550 2029 3642  1157 2494 4010  948 3064 3536  115 1775 2089  128 1292 2344  439 1275 2921  352 2099 2706  578 1706 2136  1266 2004 3202  353 1469 2701  412 1635 3532  783 2925 2926  179 1325 2283  528 1325 2283  1488 2168 2495  215 2166 2853  732 2138 2792  2053 2138 2792  473 2289 2453  1176 3619 3804  40 2810 3342  1149 1583 4032  424 2543 3132  79 1610 2173  1200 2727 4156  882 3275 3276  220 2277 2775  286 3635 3869  621 2144 4227  1230 1895 1896  1451 2612 4129  1182 1451 2459  642 1255 2417  492 1801 3240  973 2882 3312  1278 2507 2840  568 1278 2682  777 1821 2193  1700 2678 3394  1347 2746 3114  369 1348 2887  1167 1576 3735  921 1452 2069  921 1702 3052  179 1920 3216  402 1505 1506  524 2366 2963  1316 2626 2631  374 1277 2875  912 3455 3456  686 1747 2148  1142 1865 3674  206 1456 1747  378 1930 3557  1102 2395 4118  1059 1322 1448  702 1743 4119  427 1291 4198  228 1655 1665  1303 2660 3680  1308 2877 2879  880 1573 2632  1372 2508 3516  95 1768 3592  690 2677 3165  387 3043 3045  387 1402 2149  739 2408 2774  388 1407 2573  616 2320 2353  533 1457 2870  90 1463 2251  679 1430 2762  1738 2740 4217  705 2564 3497  770 2231 3110  393 1461 2125  182 2216 2336  615 2071 2216  338 1174 1950  690 1973 2241  690 1532 2677  522 1934 2492  522 2256 4229  398 2857 3752  90 2731 3140  452 1544 1629  684 3143 3469  703 2703 2705  1000 1899 3553  401 1441 2889  785 1474 2013  71 1474 2450  235 1374 2647  183 1250 2215  632 1734 2574  569 1428 2462  405 3763 3811  1423 2825 3563  406 2789 3252  410 1403 2398  145 1874 2281  1963 3701 3860  1407 2572 2573  604 2282 3031  444 1699 3325  1079 2699 4039  1739 3391 4180  1012 2291 3271  660 2535 2536  710 2713 4058  412 2407 3271  225 1565 1819  861 1893 3739  414 1513 2505  797 1299 2447  1161 2401 3092  416 2365 3265  636 2790 3403  1263 1502 3035  1337 2391 3331  1093 2433 2796  1032 2431 2752  419 1410 2200  119 2760 4084  210 2158 2204  771 1261 2872  807 2561 2995  195 1438 3165  422 1532 2677  317 3123 3164  134 1660 2627  424 1533 2543  178 1153 1712  209 1812 2850  1108 2864 4173  1291 4198 4199  1341 1342 3135  582 3163 3213  661 1435 2411  430 1730 3422  765 1353 1884  431 1567 2244  1346 3155 3248  869 1484 3247  961 3603 3604  498 1752 2500  217 2068 2441  630 2068 2317  587 1911 3765  743 1538 3054  979 2455 3445  713 2410 2940  132 1613 3840  288 3716 3789  515 1378 2094  678 1927 2484  439 1282 1847  1280 1385 2165  1265 1906 3836  691 2399 2979  2399 2979 3790  708 1491 2946  1633 2907 2942  443 1601 2871  443 2162 3380  938 1599 2434  147 1285 2915  1426 1971 4166  1412 1414 3389  56 1208 1764  446 1280 2165  1212 2643 3688  447 1654 3348  724 2563 3618  1205 1498 2745  857 2233 2918  1526 2233 2918  124 1658 2876  260 3356 3671  451 1577 2234  1161 2401 2424  262 3138 3365  241 2964 3826  453 4007 4011  453 1397 1398  817 1432 2720  1253 4077 4080  1273 2748 2910  1201 2316 2909  745 2581 3283  1495 2582 3283  458 1787 2958  196 1412 1414  93 1426 4166  649 2422 3822  1141 3770 3822  361 1203 2002  1574 3262 4126  993 1357 3665  462 2590 3718  500 1838 3056  1687 2608 4273  152 2787 4137  626 2332 3468  2064 2548 3561  755 2164 2818  466 1711 3753  466 1710 1711  674 2064 2548  185 1651 3834  850 3586 3758  2310 2836 3084  2457 2837 4104  470 3352 3353  2474 2815 3810  218 1728 1883  218 1883 2005  489 1662 1672  842 2848 3105  135 1350 1738  473 1738 2740  697 2650 2652  546 1260 2652  701 2507 2681  1465 2840 4188  476 1681 1758  1635 3532 3534  477 3022 4257  1410 2200 3064  53 3034 3360  139 1779 3230  259 2083 2756  866 2993 3150  819 2801 4093  1637 4021 4023  589 1825 2767  1175 2421 4270  52 1781 3190  1503 2150 3652  393 3159 3405  902 1153 1712  488 1722 3139  1489 2683 3796  539 1750 1751  880 3037 3200  490 3287 4183  724 1284 2741  633 1250 2215  365 1467 3010  1800 3240 4110  493 2177 2799  915 2565 3460  774 2893 3487  951 3527 3598  495 1720 2931  1410 1584 3023  452 1543 1629  124 3366 4162  497 1831 3558  205 1691 1925  81 1751 1752  779 2721 2929  499 1305 2374  955 1500 1639  955 3543 3544  813 1846 2064  2413 3578 4231  909 1834 3556  174 1563 3074  594 3379 4285  245 1840 4164  1839 3562 3691  42 1206 1740  505 1741 3818  506 2565 3460  915 2017 2364  314 1381 1911  507 1793 3374  188 1798 4047  508 2299 2786  698 1605 3151  2272 2982 3396  491 1684 3395  511 1684 1891  917 2957 3186  874 2015 3233  916 1794 2971  514 1795 2971  537 1908 3107  167 1392 2121  211 2379 4107  1297 2380 3630  166 3145 4065  796 2962 4034  941 2033 2531  518 1792 2531  981 1332 3574  1167 2521 3737  142 2029 3641  597 2183 2891  856 1526 2233  91 1281 2771  406 1423 1763  736 1934 2256  373 1238 2963  721 1727 3594  1645 3167 3539  722 2090 2542  526 1524 1790  1159 1790 3622  372 1305 2374  860 2513 3216  528 2003 2393  1143 3801 4151  99 2512 2766  238 1825 3026  425 1557 2593  917 1437 3185  532 1988 1989  1341 1375 3520  1107 1739 4180  533 1326 1882  821 2136 3144  534 1545 3175  535 1817 2249  624 1928 2249  9 3545 4298  536 1468 1757  753 1497 2881  323 2794 3462  1789 2384 3030  81 1751 3582  539 1751 3582  799 1197 1417  799 1417 3087  798 1915 4226  541 1915 3451  1014 1655 1665  1014 1647 3741  573 2145 4103  58 1842 1917  2504 3673 3696  544 2028 2808  1356 2680 2750  545 1999 3478  1020 3889 3890  1988 3716 3789  997 2042 4066  2468 3010 3237  1763 2502 3482  491 1250 1619  737 1360 2819  940 3530 3531  780 1827 2644  1172 2480 3234  551 1562 1855  870 1565 1819  552 1996 3812  459 1411 2404  553 1475 2469  563 1401 3493  1847 2344 4042  555 2053 2138  202 1607 1986  56 1208 2088  219 1732 2858  567 1732 1851  689 2240 4280  567 1732 4281  837 2770 3098  158 2185 2568  171 2594 4155  656 1294 2403  561 2072 2764  561 2312 4035  498 1751 1752  923 2793 2806  22 2190 2835  22 1677 2190  223 1730 2659  564 2050 2051  879 2813 3169  565 1977 1978  566 1762 1832  1370 2784 2785  1327 4280 4281  689 1732 2858  416 1595 2911  127 2541 3146  1428 2462 4179  569 2104 3415  705 1704 2470  338 1174 2454  571 1867 2483  582 2030 2483  572 1358 2089  272 2018 2145  1095 2145 4103  1122 2084 4097  1273 2748 3201  706 2496 3332  576 2008 2278  576 2039 3173  390 1430 2762  767 2059 3229  1706 2665 3148  578 1706 2665  637 2007 2008  637 2007 2009  197 1538 1670  89 1241 2780  173 1742 2723  581 1505 1506  582 2030 3213  582 1518 3522  583 3268 3685  162 1203 2131  986 3684 4169  584 2179 3773  1940 2516 3341  947 2516 3341  1366 1903 3519  586 2142 2809  606 1389 3102  134 1660 3421  588 2065 2242  1129 3168 3269  589 1825 3166  803 2512 4160  590 1466 2839  323 2094 2794  591 1536 2211  503 1252 2085  49 1252 2196  808 1223 2967  113 2137 2262  909 1834 2219  1262 2340 2430  392 1393 3406  167 1378 1938  596 1888 2284  85 1792 1888  116 1211 2520  816 2184 3698  240 1999 2243  598 1749 2248  827 2689 4154  161 2912 3457  792 3000 3196  792 2303 3000  1517 2290 3657  79 1455 2120  312 2352 2967  808 1223 1991  614 2570 2607  1264 2570 2607  604 1403 2398  604 3031 3711  916 2971 3136  428 2968 3136  606 2229 3097  89 1200 2830  1365 2049 2509  607 2226 3338  608 2225 2363  95 3003 3592  230 2055 2644  609 2156 2624  100 1483 2217  803 1979 2817  191 1359 2122  1791 3540 3541  711 1606 4027  612 1791 3540  318 2323 3154  130 1721 2514  50 1832 2154  614 1762 2057  221 1806 3319  615 2346 4261  911 1434 1960  175 1145 2353  897 2833 3238  1468 2833 3238  618 2075 3337  777 2077 3577  1335 2307 2796  619 1335 2307  342 2270 2732  80 2372 2610  186 1582 2143  1294 1931 3386  322 2310 3084  706 1597 2472  623 2260 2933  82 2387 4080  1025 3917 3918  696 1848 2305  1333 2444 4163  652 1279 1550  1333 2079 3204  360 1300 2657  627 1731 2336  628 2414 4220  628 2222 2414  233 2302 3369  233 2115 3369  969 1608 2442  151 2996 3570  549 2674 2819  631 1734 2091  1853 2587 3568  1189 2587 3568  633 1226 2201  1099 3177 4141  929 2877 2879  675 1519 1709  1445 2067 3753  55 1445 2981  637 2443 2667  576 1377 2039  282 1799 2386  1209 2385 2604  311 1404 2577  2547 3545 4283  667 1181 1842  667 2036 4033  278 2418 3647  642 1483 2217  1255 1467 2417  642 1483 2418  800 2550 2795  563 1232 1858  294 2990 3872  377 2259 3363  1323 2397 2898  167 1962 3292  646 1393 3013  363 2846 3624  363 2845 2846  1402 2149 2764  1084 3119 4036  1141 1849 2287  149 2414 3770  1687 3305 4273  2078 2763 4051  190 2326 2479  865 2275 2302  752 1394 2733  771 1456 1747  654 1418 1881  1520 1521 2736  770 2071 2231  1033 1623 1877  875 3021 3022  186 2143 2337  186 2337 3133  657 1862 2545  114 2059 3480  722 1359 2360  2360 2475 3793  1454 2379 3371  394 1454 4204  284 2535 3588  940 2535 2536  959 1568 3426  1286 1586 1964  1568 3426 3824  1254 2203 2264  339 1870 3195  2171 2540 3005  925 2452 2453  710 1572 2713  667 2171 2371  339 1870 3147  668 2504 3673  611 1170 1685  663 1976 2158  669 2204 3589  420 1222 2727  119 2012 2760  672 2078 4051  234 2533 2969  672 1687 2608  911 2237 3142  1966 2295 3747  913 1753 3383  388 2449 2936  676 1139 2571  677 2013 2450  721 1727 2549  1275 2484 3569  793 1927 3569  1377 2039 2556  679 1377 2556  484 1111 3335  681 1691 1692  681 2402 3246  682 1280 1385  682 2437 3724  683 1905 2589  193 1280 2436  684 1736 2383  1312 1493 3469  379 2729 3734  1456 2163 2873  686 1747 3606  884 2518 3078  333 2493 2620  342 2722 2732  342 1213 2722  120 1230 1896  1327 4085 4280  1973 2241 3679  922 1697 3423  693 2130 2381  876 2482 3181  1121 2130 2381  1101 2267 2280  1178 3683 4169  413 3228 4123  221 2231 3110  770 4261 4293  1362 2029 2651  697 1362 1961  289 1750 2631  1316 2820 4100  1143 1875 3868  700 2595 2596  184 1746 1934  48 2246 2406  475 4188 4245  85 1341 1342  1102 2782 4119  400 1493 3670  1312 2373 2704  163 1981 2757  704 1314 2669  705 2564 4217  1086 2688 3497  1597 2311 2472  706 1488 2495  985 3332 3581  217 3217 3581  708 2659 3157  223 2400 3423  1843 2291 2656  1268 2291 3271  338 2454 2713  1268 2407 2927  191 1913 2475  964 1535 1913  1344 2730 4253  1344 2498 2730  1002 2739 3123  384 1705 3122  830 1666 2653  714 2670 2671  239 2653 2654  41 2007 2008  1259 2150 3652  463 1689 4045  717 1813 1935  1374 2952 3516  718 2508 3516  1204 2463 2710  1081 1599 3014  752 1279 1945  373 1236 2963  1236 1727 4232  525 1508 2263  370 1508 2822  593 1163 4269  823 2137 3767  144 2198 2741  315 2020 2563  100 2172 3537  1073 2753 4089  782 2581 3346  319 2662 2676  1681 1758 2583  727 2186 2421  849 1396 2214  730 1862 3099  679 1430 2781  731 1974 2174  934 1987 4213  41 2008 2278  732 2138 2139  809 1676 2885  1128 4159 4196  184 1624 2595  736 1594 2256  183 2215 2574  511 1684 3656  984 2714 3655  285 2311 2472  998 1809 3436  112 2774 2842  264 1893 3302  1306 2301 3007  741 2836 2838  2391 3331 3814  1872 1941 4135  742 1941 4135  1866 3425 3853  979 2285 2692  778 2244 2245  271 2843 2919  1724 2975 3861  745 2582 3283  1096 3471 3817  527 1444 1921  649 1904 2685  107 1904 3188  324 2320 3330  911 1960 2491  749 1886 2638  750 1436 2866  867 3249 3250  206 1747 2148  122 2397 2898  1279 1945 3399  752 1449 3407  332 1536 2978  168 1497 2881  754 3201 3486  754 1968 2126  755 1968 2126  755 1642 1968  321 2167 4250  636 1445 2981  2114 2511 3226  2451 2863 4194  1364 4093 4094  1397 1398 4044  839 1397 4237  759 1897 2761  1611 2199 4098  761 1666 3039  239 2653 3039  426 1995 3659  763 1812 2850  763 2798 3006  775 2765 3590  1216 2765 3590  1353 1884 3463  765 2159 2160  244 2112 3220  765 2159 2161  1356 1522 3722  996 3722 3723  789 2048 2375  789 1490 2048  769 1521 2736  1735 3159 3405  1109 1649 4185  1261 3214 3350  771 1456 2873  772 2401 2424  1161 2228 3697  86 1201 2910  217 1953 2441  157 1212 1240  774 2377 2585  775 2663 3590  143 1805 2663  1128 4171 4196  220 2277 2742  368 2193 4244  368 1633 3777  778 2112 3220  778 1737 2245  407 1528 2282  1793 2532 3374  852 1827 2644  609 2156 2904  781 1450 2675  347 1352 3481  782 2581 3283  358 2289 3461  1399 2925 2926  1617 2082 3695  581 2124 2723  388 1408 2777  786 1249 2107  1249 2107 3025  905 2107 3025  801 1905 3311  1633 2942 3777  440 1616 2943  129 2687 3836  1364 2801 4093  238 1952 3026  315 2823 3459  791 2823 3459  72 2341 2991  792 1536 2303  1217 2063 4205  921 2274 3051  794 1540 1541  236 1762 2258  1476 3275 3276  1476 2832 3275  967 2326 2718  796 2025 3235  1029 3923 3924  229 1846 3798  408 1661 2037  957 2309 3256  335 1509 2242  163 1981 2065  1097 3852 4148  800 1539 2868  683 2396 3470  440 1905 3311  129 1614 2945  129 1490 2687  865 2302 3369  935 1972 2843  1091 2419 3489  836 2236 3489  566 1311 2257  805 2784 3828  1166 2024 4200  551 2024 4200  969 2068 3402  1138 2561 2995  823 3061 3062  113 2135 2137  2888 4159 4196  1319 2884 2886  862 1596 2466  467 1644 4208  812 1801 3240  812 2468 3010  813 1710 1711  813 1846 3798  814 2897 3508  814 1323 2898  815 1481 2702  421 2720 3751  455 4076 4077  818 1516 3012  1429 2471 3521  855 1683 3036  125 1857 3608  1358 1909 3313  321 1706 2136  1115 2853 3611  1384 2000 3617  1384 2000 4288  1289 3061 3062  823 2137 2321  257 2430 3597  824 1823 3656  1669 2252 3279  827 1669 2213  675 1937 4222  267 2188 3279  121 1388 1947  1173 3089 3090  971 3076 3077  829 1912 3044  830 3016 4230  830 1666 2133  831 1860 3045  831 3041 4142  1251 2175 3335  833 1730 2659  2050 2269 3529  447 1652 3348  59 1654 3134  1076 3007 3284  1306 3116 3310  836 1767 2319  836 3073 3489  38 1931 2606  1075 2717 2845  838 2527 2530  117 1186 1612  2368 3048 4054  152 2445 3017  586 1298 2809  146 2848 4025  1556 4143 4144  1519 1709 2195  844 1542 1544  847 2964 2965  90 1429 2731  845 1749 3140  847 3048 4054  241 2248 2807  847 1717 2964  161 1802 2912  848 2162 3380  849 2350 2477  850 1718 3586  468 1345 2357  1958 2182 3458  59 1958 3160  550 1338 2092  78 2092 3531  476 1769 3444  910 1759 3651  287 2629 3224  1085 3567 3791  790 1857 3036  855 2953 3784  521 1386 3713  136 2562 3316  290 2376 3323  857 2233 2855  259 1349 2688  858 2180 3797  859 2050 2051  859 2284 2985  1722 2513 3139  1124 1722 3524  451 1281 1868  861 2228 3198  1596 1668 2466  127 1227 2541  1154 3146 4140  1254 2264 4147  629 2326 2479  865 2479 2987  903 2755 3419  121 2866 3249  2293 3250 3324  868 2408 2774  868 2309 3256  869 1484 3246  1484 2402 3246  111 2027 4159  111 2888 4159  1177 3725 3726  663 1609 2158  663 1586 1976  873 1355 3174  339 1181 1600  513 3233 3756  425 1716 1994  1290 3021 3131  1211 1290 2520  554 1313 1755  324 1145 2043  877 1872 1941  650 1646 1872  1643 2295 3747  941 2105 2814  879 2812 2813  747 1373 1573  1373 1573 2632  1313 2190 4175  606 1389 3015  882 2056 3100  1119 2376 3783  857 2855 3636  333 2620 3168  884 2511 3226  885 1973 3679  886 1748 3080  438 1487 1908  1210 2869 3996  1304 2646 3156  266 2998 3333  888 3334 3442  450 1713 1807  1072 1713 3672  260 3357 3359  890 1770 3352  400 1312 1493  891 3353 3354  406 1763 2789  892 1746 3252  155 1724 2975  1288 2917 3070  639 1640 2547  894 1390 3337  1121 2130 3218  673 1923 4216  896 1658 3366  1188 1543 3390  1082 2821 3778  1082 2052 2515  1697 2400 3423  691 1697 2400  778 1567 2244  899 1555 3224  744 2419 4276  48 1737 2245  367 2062 3693  901 2062 3693  902 1956 2038  65 3277 3727  470 2815 3810  903 2755 2756  1937 3546 3785  635 1861 4223  497 1830 3558  905 3025 3409  906 1739 3391  410 3391 3510  265 2061 3411  907 3411 3412  435 3054 3420  908 3420 3421  909 2340 3597  502 1226 1833  910 1759 3429  126 1758 2583  693 2237 2381  911 1434 3330  267 3383 3455  161 3457 3603  913 1519 2195  843 1709 2195  914 2017 2364  506 1317 1768  915 1871 3362  176 2030 3213  176 1648 1910  1587 2957 3186  874 1587 2957  1130 1874 3387  444 1307 1699  1892 3603 3604  961 3257 3258  920 3447 3484  134 3446 3447  2274 2920 3051  351 2069 2274  2349 3239 3845  869 2356 3155  923 1369 2923  1106 2538 4158  358 2655 3461  925 2361 2452  779 1815 2992  407 1815 2992  543 1271 2378  1095 2018 2145  1334 1523 3677  133 1853 3568  1052 1852 3637  929 2878 4259  519 1433 3737  1593 1761 3396  613 1452 1721  1199 2323 3154  556 3502 4213  556 1208 2088  439 2921 4205  128 1959 4206  610 1929 2172  935 2919 3485  1714 2094 3171  323 1714 2094  460 1554 1650  937 2370 3308  314 1911 4050  938 2851 2915  790 2205 2954  1825 3166 3704  550 1338 2409  1338 2409 3530  596 1792 2531  983 1988 3716  1284 2198 2741  497 1831 2816  943 3017 3206  943 3350 3494  1928 2249 3850  638 1702 3115  155 1724 2960  364 2612 4129  120 1451 2459  584 2178 3300  162 2179 4138  572 2200 3064  496 1629 1829  1105 1822 4168  529 1926 3126  950 3069 4087  2104 3326 3415  494 1371 1804  951 3598 3599  401 1440 1663  952 1440 3593  557 1592 1760  557 1992 2966  1257 2666 3627  403 1698 3806  235 1569 3543  344 1729 3507  645 1729 1835  958 1878 3414  959 1286 1964  662 1586 1964  526 1524 2744  166 3145 3286  21 3550 3551  1106 1383 2538  698 1605 2820  698 3151 3433  14 16 2307  964 2333 2334  964 1535 3496  520 1421 2141  520 1864 2141  365 1255 1467  1149 2986 4032  967 2326 2328  967 2208 3392  384 1295 4228  969 2068 2317  969 1608 3570  972 1504 3639  972 1912 3044  391 1231 1620  96 1231 3120  972 1504 2265  1504 2265 2778  687 2114 3226  145 2153 3662  227 2795 2865  974 2550 3312  543 1271 2457  975 3059 4048  722 1508 2822  981 3167 3539  1002 3123 4086  978 1409 2597  979 2455 3446  134 2627 3446  595 3085 3306  394 3203 4081  525 1332 2625  1332 2625 3574  437 1341 1375  1126 3285 3841  983 1988 1989  983 2033 3715  738 1953 2716  738 2716 3416  985 1953 2716  285 2716 3616  986 3683 4169  583 3685 3833  246 1839 3562  381 2559 4253  262 1358 1909  478 1909 3313  1248 2890 3351  312 1248 2352  1419 3228 3431  597 2184 3698  142 1864 2183  3021 3559 4187  348 3021 3131  660 2132 2590  284 3533 3588  1458 2093 3170  126 2093 2950  2155 2525 3772  767 1356 1522  767 2059 3480  997 2023 3761  1021 2023 4195  1408 1809 4260  998 1742 3435  422 1438 2932  1354 2273 3002  559 1354 3553  2044 3748 3749  1409 2739 3123  90 1429 3521  679 1429 2471  1004 2532 3374  1970 3780 3781  408 2309 2841  1006 1708 3819  1007 1686 2458  758 2458 4194  1008 3718 4090  1008 1582 3718  50 2024 2154  1101 3234 3339  1178 2913 3082  1010 3596 3757  1011 3763 4275  405 3763 4275  284 2221 2599  1012 2221 2599  1283 3047 3725  1062 1561 2503  144 2741 3741  1014 1655 3740  1015 3866 4271  417 1413 2297  1797 2022 2622  2827 2828 3746  298 1328 3987  26 1344 2498  546 2011 3890  997 2042 3761  523 1404 2119  296 1990 3867  1023 2369 2896  1576 2896 3708  2015 3233 3756  512 1880 3918  34 1593 1622  258 1741 3327  106 3702 3886  501 1845 3924  500 1837 3849  63 1500 1639  298 1328 3368  847 1720 2931  495 1379 2431  449 1526 2918  1147 2358 3738  441 2399 3790  1266 3202 3837  434 1608 2442  432 1708 3211  64 1484 3247  428 2044 2968  31 1480 1795  1995 3659 3661  1040 1994 3660  547 3859 4066  422 2045 4282  417 1984 3512  204 1249 1530  1046 1983 3967  415 2401 3092  303 2552 3261  403 3542 4026  514 1794 2971  252 3930 4043  251 2097 2739  1052 1852 3922  1028 1839 3860  752 1945 3407  1056 1638 3951  800 1876 2868  44 2637 2638  335 1547 3633  43 1197 1417  1061 1570 3843  1177 3726 4218  1618 2325 4218  376 2751 2900  644 1553 2990  1100 1818 3635  1067 3668 3893  1068 1789 2384  763 2384 3030  1114 2505 3095  1114 3092 3093  1070 2523 3375  770 1735 3159  393 3404 3405  1969 3356 3671  1072 1969 3671  1636 3244 4089  1073 1932 3033  1395 3065 3119  648 1395 4036  363 2845 3547  38 2717 3251  521 1386 2276  243 1949 3007  963 1315 1575  1575 2937 3808  619 2306 2308  337 2937 3808  1079 1528 3031  1528 2282 3031  17 1198 1382  18 1198 1477  461 1599 1693  1599 1693 3014  613 1452 2069  1082 2821 3779  1083 3867 4055  523 1957 4055  1395 3119 4036  561 2073 4111  530 2903 3441  261 1859 2359  574 1529 2639  866 2755 2756  471 3400 4256  1087 1361 3846  560 1678 2081  171 2080 2594  791 2823 3563  1089 2823 3563  154 2837 4104  418 1337 2391  1555 2134 3241  1091 2419 4276  1134 1252 2085  316 1849 2287  1335 2796 3813  619 1335 1336  1094 4108 4110  231 1800 3096  1095 2457 4104  1271 2457 2837  1890 3471 4235  1096 1444 3816  563 2190 3579  1876 3852 4148  1098 3621 4084  119 1540 2197  1099 2215 2574  1334 3177 4141  1100 2177 2799  1172 3234 3339  327 1319 2886  2395 2867 4118  1102 2782 4117  5 2586 4001  331 2058 4240  1103 2586 2972  1104 2586 2972  929 1967 2110  1967 2110 3495  433 3604 4158  1056 1638 2322  407 2282 4181  1107 1739 4238  1133 3573 4286  377 2118 4174  123 1453 2032  123 2032 3653  325 3272 3384  637 2009 2667  232 1251 2175  484 2175 3335  1457 2870 3179  1112 2003 3762  1113 3182 4223  635 2293 3324  1114 2505 3687  1115 4249 4250  321 1706 4248  1116 2168 4251  108 2168 2495  1031 3904 4075  1117 3205 3368  671 2078 2763  1118 2608 3612  1119 3636 4018  243 2301 3007  730 2109 2779  1120 2109 4115  269 2362 2381  1121 1923 4216  574 2084 4097  395 1191 1808  1123 1977 1978  1123 2412 4246  488 1712 3187  1124 1889 4211  1169 2448 3024  1169 2697 3024  132 1560 2140  1126 3840 3841  1127 1688 4028  717 2647 4045  870 1283 2027  1283 2027 3047  799 1981 2065  1129 1621 2757  918 1699 3325  1130 2153 3662  177 3523 3634  1131 2101 3523  415 2598 4019  1132 2790 3403  645 1729 2645  131 1557 1559  1252 2196 3676  593 1563 3074  1302 2238 3289  1135 2238 3289  821 2959 3144  578 2099 3585  517 1657 3631  1137 2679 2962  807 1507 2561  1253 1975 4076  541 1955 3451  541 2352 2648  110 2345 3443  335 1196 1547  1141 1850 3823  149 1834 2219  377 1142 4013  2118 2728 4174  1310 1926 3801  757 2517 2518  175 1145 2623  175 1401 3493  482 3189 4022  1146 4021 4023  349 2358 4010  1431 3066 3738  152 3017 3206  464 1148 1512  2256 3149 4229  1594 2256 3149  579 2007 2009  277 3124 3639  826 2213 2834  68 1669 2213  605 1330 1648  1330 1648 2426  1437 3185 3573  1729 1835 3507  667 1181 2371  1154 3146 4139  349 1503 4078  1612 2207 2883  1156 2329 3650  349 1503 2329  136 3194 3316  1525 2494 4010  537 1320 1714  168 1748 1826  72 1159 2211  72 1625 2341  1160 2422 3822  649 1650 2422  2228 3198 3697  1161 3092 3095  1162 2922 4283  1163 2630 2974  1164 2634 4224  448 1655 3740  1164 2630 2974  511 1701 1891  1165 1701 3615  806 1585 2737  1166 1562 4201  1433 2521 3737  81 1277 3582  1169 2557 2558  1168 3673 3696  668 2557 2558  1169 2557 2697  721 1924 2691  345 2557 2697  1171 2746 3114  809 1347 2746  1172 3055 3339  327 2480 3234  343 1173 3090  427 3057 3839  170 1174 2601  170 1529 2639  680 1251 2388  680 1251 2074  135 3042 4073  1233 1548 3619  1062 2628 4062  694 2579 3082  1178 2913 3683  1063 1481 1954  1063 1954 2664  682 1280 2436  1180 2749 3742  1181 1600 4048  58 1181 3699  1630 1631 3449  364 1331 1630  1183 3145 3858  166 2025 4264  164 1238 1671  1184 3736 3796  461 4126 4189  461 2113 4126  1186 1612 2207  839 2207 2883  5 1187 2476  1187 2090 2476  399 2383 4161  1188 2006 4162  632 1224 1853  1224 1853 2587  159 1190 2294  159 1351 2313  1191 1808 1946  680 2348 2575  404 3677 3678  272 2145 2268  521 1193 2152  521 1193 2276  584 1814 3684  588 1194 2695  69 1195 1940  1634 2113 3262  1060 1196 3467  799 1197 3270  1198 1382 1477  17 1308 2116  613 2323 2464  921 2069 2274  580 1609 4266  580 1241 2780  586 1366 1903  456 1201 1933  465 1642 1968  138 1710 2852  585 2001 2002  947 3773 4138  719 1634 2113  361 2002 2463  1205 2745 3827  60 1360 1680  957 1878 3256  336 1206 1878  527 1682 1920  355 1921 3816  801 1616 1764  56 1616 1764  1209 2604 3108  638 2385 2604  527 1444 2869  179 1305 4024  477 1211 3022  1211 1290 3022  806 1585 2270  157 1212 2643  447 1653 3398  219 1732 1851  943 3214 3350  421 3350 3494  714 1492 2671  214 1215 2670  220 2377 2765  1216 2602 2800  1217 1959 3141  351 2063 3141  1218 2114 2511  366 1218 2114  1219 2714 3655  1219 2714 2838  1220 2722 2732  2270 2732 4079  57 2920 3051  57 1221 1628  210 2204 2428  210 1222 1546  1223 2352 2967  245 1915 4226  632 1224 1734  359 1190 2187  1225 3161 3669  901 2805 3033  502 1226 2220  257 1226 2220  665 2539 2541  367 1227 2539  678 1798 4047  1228 2486 2488  623 1229 2259  1253 1975 2933  558 1895 1896  363 1230 1895  1231 1620 3548  971 3077 3645  533 1993 4176  533 1232 2870  783 2072 2764  358 2655 2925  558 1895 2770  1591 2568 3378  796 2718 2719  397 2719 3235  373 1236 1556  1474 2013 2450  842 2848 3288  1692 2848 4025  373 1556 4143  373 1672 3227  685 1239 2525  341 1977 2693  369 2885 2887  851 1240 2016  435 1241 1598  89 1241 1598  1868 3763 3811  1281 1868 3811  498 1243 1802  289 2626 2631  1244 2760 4084  347 2566 2785  1585 2270 4079  1220 2372 2610  676 2572 3809  1246 2253 4242  346 2253 4242  346 1247 2223  346 1247 2890  346 1248 2890  786 2297 3800  786 1249 1530  183 1734 2091  183 1250 1619  1175 2186 2421  232 1251 2074  49 1578 4063  49 1252 2106  1975 4071 4076  455 4071 4076  872 2204 3589  319 2147 2203  966 1293 2810  1293 2578 3465  419 1379 3490  350 2666 3627  1257 1985 3490  419 1410 1584  2 1258 3278  1147 1503 2150  1147 2150 4149  76 2011 3825  474 1260 1623  943 3017 3494  273 1261 3214  594 1262 2351  174 1262 2351  360 2239 3209  1263 3209 3851  162 1264 2131  2070 3685 3833  1265 2396 2588  1265 3202 3837  1469 3587 4134  683 2396 2588  193 1267 2589  710 2407 2927  73 1268 2927  222 2532 3113  499 1269 2374  709 1843 2656  1399 2791 4155  322 2310 3174  741 1271 3084  575 1488 2168  1115 2166 2853  773 2405 2910  356 1274 2405  773 2389 3217  217 2068 2389  439 1275 3609  439 1282 2613  1276 4100 4102  1276 2875 4101  489 1662 1673  1184 2683 3796  2507 2840 4188  568 1302 3289  206 1394 2733  652 1456 2163  193 1280 2279  446 1280 2279  451 1281 3117  1281 2771 3117  214 1215 2613  214 1282 2613  454 3726 4218  328 3047 3725  553 1284 2198  553 1284 2469  507 1285 2127  147 1285 2127  663 1609 1675  663 1286 1586  526 1287 1962  526 2551 2744  329 2052 3184  1361 2917 3846  1289 2951 4284  1289 2951 3061  816 2184 3131  1290 3021 3022  427 1947 4198  1388 1947 4198  731 1368 2759  128 1959 2174  1293 2578 4120  365 3505 4120  38 1931 2081  1294 1931 4278  17 1308 3280  713 1295 2116  54 1363 1772  1296 4093 4094  516 2380 3858  1297 2380 3858  1214 2250 2445  1298 2445 2743  1069 1299 2447  415 2401 4019  601 2227 3646  360 1300 2239  1301 2290 3657  182 2216 2304  568 1302 3601  160 3326 3601  113 1303 2635  602 2262 3296  734 2523 2532  198 1304 2768  179 1920 4024  1682 1920 4024  862 1893 3302  1306 3116 3284  69 1195 1869  69 1307 1869  1308 2116 4228  1295 2116 4228  529 1822 2467  382 2725 2972  529 1926 4151  383 1310 1926  566 1311 4088  566 1762 2258  703 2703 2704  400 1494 2703  563 1313 1401  554 1313 1401  1314 3854 3855  334 2669 2695  1315 1575 2937  619 1315 2306  539 2875 4101  153 2820 4100  506 1317 2565  1317 2565 3333  1261 2387 4130  1318 2387 4080  327 1319 2267  552 1319 2267  1320 1714 3171  141 1788 2354  1055 1449 3686  635 1907 2416  379 1322 2293  2382 2397 3681  1394 2382 2734  472 1691 1692  81 1673 2591  179 1305 1659  179 1325 1659  499 1703 2461  1326 1703 4012  158 1591 2568  1327 1591 3378  1328 3205 3368  542 2499 3205  817 1214 2250  151 1507 2324  427 1173 1330  343 1173 1330  1220 2610 2722  364 2609 2612  370 3538 3539  525 1576 2263  626 1333 2079  626 1333 1943  1334 3177 3677  87 1334 1523  1093 2796 3813  14 2307 2796  468 1718 3586  418 1336 1719  1090 2432 3263  154 2146 4121  852 2055 2092  550 2055 2092  195 1339 2318  1339 3165 4131  825 2209 2998  1340 3679 3986  380 1342 2047  1342 2047 3135  85 1342 2782  1743 2782 4119  1343 2634 2636  1343 2730 4253  1344 2559 4253  1054 1391 2559  468 1345 1696  87 1345 1696  1346 3058 3248  869 3155 3248  1347 2016 3004  1347 3004 3114  776 2742 2887  776 2277 2742  391 1231 2180  391 1349 2180  970 2712 4016  135 1350 3315  159 1351 2294  737 1351 3347  726 2005 2662  347 2661 2785  109 1353 2134  1353 2134 3241  559 1899 3553  559 2185 2889  873 1355 1545  622 1597 2311  376 1356 2751  1396 2214 2900  656 1270 2600  1357 3133 3665  572 1358 2102  262 1358 2102  976 3538 3541  976 1359 2122  60 1360 2674  1360 2674 2819  1361 4255 4256  471 1724 3861  550 1362 2029  852 2055 2644  760 2861 2862  1363 3298 4132  854 2856 2857  261 2801 2856  564 1365 2049  279 2051 2592  1202 1644 2335  1202 2335 4209  1367 2895 4049  169 1367 2895  357 1368 2759  730 1862 2970  375 2538 3257  375 1369 2095  620 1370 2566  1370 2566 2785  494 1371 2485  276 1371 2485  747 1373 2747  747 1904 3188  544 1935 1936  156 1373 2028  385 1374 2390  717 1813 2390  982 2096 3555  288 1375 2286  688 1376 2609  219 1652 4099  576 2278 2939  576 1377 2537  646 1939 3376  515 1939 3376  1379 1985 3490  280 1379 1985  920 2455 3446  436 1380 3484  436 1381 2633  1381 1911 2633  436 1381 1477  436 1382 1477  923 2793 2924  923 2923 4133  2000 3617 4157  386 1425 4157  114 1385 4263  114 2059 2060  1386 2707 3713  91 2619 2707  695 2325 3049  695 1387 2292  750 2395 2867  1436 2866 3249  1204 3102 3774  1389 3102 3774  83 2075 3072  83 1390 2509  381 1391 2559  987 3562 3690  595 2121 2811  392 1649 4185  51 1393 2534  51 1537 2534  1323 2382 2397  1394 2382 3681  188 1228 2486  1395 2711 3065  1396 2751 2900  729 1396 2751  839 2860 4237  1612 2883 4007  1157 2797 4011  136 2562 4008  1399 2926 4155  709 1399 2791  223 2659 3299  442 1400 2330  175 1401 2623  554 1401 2623  831 3041 3045  97 2312 3041  973 1403 2882  145 2153 2686  1162 2456 2577  311 2456 2577  600 2679 2962  600 1405 2021  739 2777 4260  868 2774 2842  676 2572 2573  201 1407 2572  785 2013 2936  173 1505 2935  1409 3123 3164  977 2597 3164  495 1584 1965  1584 1965 3023  1411 1971 4166  892 1426 1971  459 1412 1413  196 1412 1413  1502 2773 3744  196 1841 3851  700 2128 3345  445 1414 3345  1415 3057 3839  605 1415 3057  610 1416 2115  100 2217 2218  799 1981 3087  1066 1980 3176  696 2304 2305  512 1418 1848  1547 3228 3831  1196 1547 3831  1420 2292 2603  225 1420 2603  1421 2093 3170  994 1458 2093  1422 3272 3384  325 2556 2984  548 1763 2502  1423 1763 3482  609 2157 2614  386 1424 2614  1425 2225 2363  608 1424 2363  791 2824 2825  93 1475 2824  762 2260 3439  426 1559 2892  451 1868 4179  861 1577 2234  390 1429 3012  390 1516 3012  577 2059 2108  165 1430 2169  449 1527 3626  1608 2996 3570  817 1432 2324  519 1433 2690  153 4100 4102  1145 2320 2353  616 1765 3727  661 1617 2082  1061 1435 3843  1564 2729 3734  379 1436 3734  1437 3573 4286  531 3185 3573  780 1438 2932  195 2157 2874  367 1439 1932  1227 2539 2541  953 3001 3584  1440 3583 3593  953 1441 3060  401 1441 3060  137 3198 3565  137 1442 2420  1136 2911 4192  1595 2911 4191  746 1444 3158  1447 2854 2959  55 1445 2315  382 1309 1446  1103 2725 2726  55 2854 2959  1447 3144 4250  379 1322 1448  749 1564 2729  378 2734 3686  752 1394 2734  1450 3400 4256  10 3682 4255  689 1451 2612  120 1896 2240  1452 1721 2821  371 1452 2821  1453 2032 3243  615 1453 3832  980 2032 3243  980 3306 3307  627 2120 3203  1455 2120 4081  652 1456 3083  206 1456 3083  533 1457 4136  389 3762 4136  1458 3533 3588  411 2409 3530  1459 3149 3372  40 2983 3342  233 1972 2849  651 2275 2302  769 1461 2899  118 1520 2736  769 1806 3319  393 1461 2899  1003 2471 3521  399 2383 3385  1464 3821 4245  1464 1922 3322  1011 1868 3763  160 2840 3764  589 1826 3079  590 1825 2767  231 1467 2417  231 1467 3096  639 1757 3768  536 1757 3768  1266 3393 3587  815 1469 2701  617 1821 2193  130 1721 3779  368 1471 3777  788 2942 3777  538 1812 2995  19 1473 3973  1474 2544 4268  1556 4144 4268  553 1475 2489  93 1475 2489  603 1476 3276  236 1762 2057  1080 3629 3781  1381 1477 3629  1560 2096 3555  605 1478 2140  530 1479 1952  530 1479 2319  1480 2968 3136  1038 2044 2968  102 2527 2530  326 1954 2702  590 1482 3848  99 2512 3848  629 2326 2328  100 1416 2327  432 1484 3211  1037 1708 3211  1006 2123 2124  581 2123 2460  880 1486 3037  156 1373 2632  1487 1908 3107  537 1320 3107  356 2405 4165  356 1488 2296  489 1489 2700  489 1673 2700  1490 2687 2980  442 1490 2980  83 1491 3072  442 1490 2048  648 2486 2488  97 2312 2487  124 1493 2876  450 1658 3672  1494 2703 2705  96 1494 2705  457 1495 3125  1331 1630 3125  1496 1645 3167  1645 3538 3539  591 1497 2914  168 1497 2914  1498 2745 3614  448 3317 3614  269 2362 2897  748 1960 2491  1049 1501 3473  1698 3806 3807  417 1413 3744  1016 1502 2773  2329 3650 3709  486 1155 3709  1150 3076 3077  1150 3077 3124  785 2934 2935  402 4144 4268  1237 4143 4144  146 2848 3288  1432 1507 2324  455 1432 1507  525 1332 1508  370 1332 1508  588 1509 2345  588 1509 2242  1005 2037 3703  1005 1840 4164  928 3499 3500  928 2708 3500  1512 2343 3700  464 1512 2343  862 1893 3199  1047 1513 3968  497 2816 3605  1514 2901 4170  892 3253 3254  700 1515 3345  767 1356 2680  2059 2108 3229  1517 2543 3132  424 1983 3643  582 1518 2696  68 1518 2696  1753 3383 3455  675 2189 4154  654 1521 2829  429 1520 1521  769 1521 1806  654 1521 1806  1522 3722 3723  114 3480 3723  1345 1523 2553  87 1345 1523  600 1625 2679  517 1625 2679  449 1525 3066  1525 2358 3066  1525 1526 2494  449 1525 1526  74 1527 3966  926 2127 3474  407 1528 3303  170 1529 2601  570 1529 2601  786 1530 3769  1045 1984 3512  999 3728 3730  230 1961 2288  1044 2045 4282  1046 1533 1983  488 1534 1956  65 1956 3277  331 1535 3496  658 2090 2476  1497 2783 2978  332 2783 2978  487 1537 3267  1537 2534 3267  1241 1670 3028  1538 1670 3028  366 1218 1539  800 2795 2865  670 1546 2197  420 1222 1546  236 1476 2832  236 1541 2832  845 2248 3580  452 2251 4014  1463 2251 4014  399 1463 1543  148 1544 1829  1544 1629 1829  1116 2947 4248  108 1545 3106  1540 2197 3053  1546 2197 3053  1547 3228 4123  1140 1547 4123  1548 3042 4073  829 1548 3042  652 1550 2444  307 1550 2444  138 2852 4207  813 2064 3561  626 1943 3438  464 1148 2332  464 1552 2880  464 1553 2880  1651 3440 3834  337 3308 3835  1555 2026 2629  1555 2629 3224  1556 2544 4268  1236 1556 2544  131 1437 1557  1437 1557 2593  1558 2798 3006  426 1558 3006  131 1559 3428  131 1437 4286  1560 2140 4193  1478 2140 4193  328 1561 3282  328 2673 3282  806 2643 3688  806 1562 1855  511 1563 1823  174 1563 1823  208 2867 4118  749 1886 2194  695 2292 2603  695 1951 2325  926 3303 3498  84 1703 2929  1567 1884 3463  244 1567 1884  743 1568 3824  197 3426 3824  235 1569 2952  1569 3542 4026  922 1730 3422  1570 3422 3845  661 2411 2412  661 2082 3649  666 1174 2454  73 2361 2452  747 1573 4225  747 1904 2685  444 1307 1574  69 1307 1574  248 1575 3856  1077 1575 3856  519 1576 2896  835 2771 3117  264 3116 3310  2223 3287 4069  49 1578 4069  991 1816 3706  142 2183 3707  609 1581 2624  78 1580 2156  1384 1581 4287  386 3617 4157  186 3133 3665  186 1582 2132  359 1583 3754  548 1583 3754  419 1379 1584  495 1379 1584  620 1370 1585  1370 1585 2784  67 1586 1976  178 1587 3759  513 1587 3759  1264 3268 4053  1588 3268 4053  669 1589 2264  297 1589 2264  188 2486 2711  1798 2299 3572  567 1591 1592  158 1591 1592  158 1592 3584  1592 3001 3584  509 1604 1622  510 1603 1604  548 1583 2983  548 1594 2983  950 1595 1942  416 1595 1942  264 1596 3310  740 1596 3310  622 1597 2473  108 1597 2473  606 1598 3015  89 1598 3015  1081 1599 2434  461 2916 4189  322 3059 3174  1600 3059 4048  1518 1601 2871  68 1518 1601  962 2101 3634  443 2101 2871  2101 3523 3634  1603 1604 3358  1593 1622 3063  1604 1622 3063  1605 1761 2994  510 1593 1761  612 2122 2331  612 1606 2191  1208 1986 3245  1607 1986 3245  807 1608 2996  807 1811 3050  1609 3515 4266  210 2158 3515  1297 3145 3858  1610 2173 4029  54 1611 2862  54 1363 2862  1156 4007 4009  453 2883 4007  437 1613 3658  1613 2286 3658  789 2944 2945  440 1615 2944  224 1615 3418  789 2375 3418  788 2941 2943  1471 2941 3503  661 1617 3844  784 1617 3955  454 2325 3049  1951 2325 3803  491 1619 2769  1360 1680 2769  970 1912 2712  391 1620 3314  333 1621 3720  540 1621 3720  1026 3029 3221  509 1622 3029  992 1816 1877  474 1816 1877  516 1624 2596  1624 2595 2596  792 2341 3196  600 2341 3196  914 1797 2022  493 1627 2017  1627 2017 3362  915 2017 3362  508 1221 1628  678 1798 4252  1543 1629 3390  496 1629 3390  1631 3449 4128  457 1630 1631  945 2604 3088  457 1632 3511  945 1632 3511  155 3108 4125  368 1633 4244  777 2193 4244  69 1634 1940  585 1634 1940  727 1681 2583  412 2584 4210  640 2036 4033  641 1636 2100  242 1637 4023  597 1637 1863  433 1638 2322  913 1753 3381  291 1837 3927  1640 3401 4052  639 1640 3768  1641 1903 3519  86 1641 1903  465 1642 4209  465 2335 4209  1643 2826 2828  467 1643 2826  811 2826 2828  216 2342 2440  203 1496 1645  976 3540 3541  331 2726 4240  650 2333 2334  724 1647 3317  448 1647 3317  605 1478 1910  605 1648 1910  595 1649 2811  1392 2121 2811  1554 1650 2370  107 1650 2370  1078 3440 3834  460 1651 3440  447 1652 3398  1213 1653 3398  447 2847 2938  447 1653 2847  59 1654 3160  851 1958 3160  448 1655 3260  1164 3260 4239  1165 2745 3614  330 1701 3615  211 1657 3632  211 2379 3632  896 3365 3367  124 1658 3366  1703 2461 4012  499 1305 1659  743 1660 3054  743 2285 2627  1048 1661 2037  957 1661 2309  472 1662 2591  1662 1673 2591  822 1663 3003  401 1354 3002  0 1664 3876  1328 2499 3205  542 1665 2499  2138 2139 3663  715 1666 2034  820 1667 3504  820 1783 3034  740 1596 1668  599 1669 4262  68 1669 4262  1609 1675 3731  580 1609 3731  1489 1671 2683  489 1489 1671  1671 1672 3227  489 1671 1672  1673 2700 3219  1277 3040 3219  607 1674 3799  279 1674 3799  663 1286 1675  197 1286 1675  111 1996 2884  776 2888 4196  1678 3067 4113  313 1678 3067  491 1250 1679  1250 1679 2202  511 1823 3656  60 1680 1891  1681 2605 3692  232 1681 2605  1210 2646 3156  527 1210 1682  819 1857 3608  1364 2801 2856  1680 1684 1891  491 1680 1684  544 1936 2546  611 2298 3101  1363 2861 2862  249 2860 4237  1127 2533 4273  463 1687 3305  1127 3305 4273  88 1688 4028  463 1687 1838  463 1838 3019  1409 2597 3164  423 2285 2692  1324 2591 2649  472 2591 2649  472 1692 3105  1692 2848 3105  719 1693 2710  169 1693 2710  362 2800 3109  1013 1694 3281  1148 2332 3468  273 2163 2873  1833 2973 3758  1226 1833 2201  898 1697 2355  403 1698 4026  718 3309 4026  1130 3269 3387  1699 1874 3387  368 2678 3394  932 1700 2678  1563 1820 3427  1701 1820 3427  57 1221 3115  57 1702 3115  1703 2721 2929  499 1703 2721  170 1174 2170  170 1704 2170  968 2878 4221  1002 1705 3122  1706 2947 4248  534 1706 2947  639 1707 2456  192 1468 1757  1006 1741 3327  432 1708 3819  675 1709 1937  104 1709 1937  755 2818 2852  466 2315 2818  1711 2067 3753  229 1711 2067  1712 3111 3524  178 1712 3111  889 3359 3361  889 1713 1807  1158 2914 3129  1158 3129 3628  741 1271 2837  469 2714 2838  1041 1716 1994  874 2015 3454  846 1717 2560  1717 2964 3826  1718 1719 3343  1336 1719 3343  1719 2432 3263  418 1719 2432  932 2514 3344  130 2514 3344  355 1207 2513  355 1722 2513  781 1723 2676  1288 1724 2960  471 1288 1724  891 1770 3353  96 1725 3354  890 3352 3355  1770 3352 3353  1125 1924 2549  721 1924 2549  1450 1883 3400  1728 1883 3400  344 1729 2776  531 1729 2776  430 1730 3388  833 1730 3388  615 1731 3832  394 1731 3832  834 1851 4258  567 1851 4258  685 1733 2524  685 1886 2194  737 2091 3347  631 2091 3347  123 3653 4186  2346 4261 4293  684 1736 3143  124 1736 3143  1278 2507 2682  48 1737 2681  1176 3619 4073  473 1738 4212  84 1739 4238  906 1993 4020  1206 1740 2803  505 1740 2803  505 1740 3710  505 1741 3710  998 1206 2803  173 1742 3435  565 1888 2284  702 1743 2425  166 1744 4065  960 1744 4065  479 1776 3408  889 1777 3361  184 1515 3254  736 1746 1934  751 2148 3607  686 2148 3607  168 1748 3129  537 1748 3129  845 1749 2248  2243 3011 3600  289 1243 1750  498 1243 1750  562 1752 3432  81 1752 3432  919 2095 2500  562 2095 2500  433 1753 3381  912 2103 3457  1604 1754 3358  509 1604 1754  1755 2482 3180  295 1755 2482  1015 1796 4043  509 2435 3865  192 1707 1757  639 1707 1757  910 2956 3651  476 1759 3429  1781 3189 3190  853 1769 3444  1760 1992 3134  557 1760 1992  510 1605 1761  930 1761 2994  794 2258 3273  236 2258 3273  1763 2788 2789  548 1763 2788  446 1607 3245  801 1905 2580  1765 3277 3727  1534 1956 3277  490 1766 3733  668 1766 3733  1085 2359 3441  287 1767 3567  952 3591 3592  1900 3591 3599  832 1769 3103  832 1769 3692  890 1770 3357  260 1770 3357  1461 1771 2125  118 1461 1771  1363 1772 3298  481 1772 3298  1146 2212 4022  116 2520 2526  1122 1774 2084  395 1808 4096  419 3490 3513  954 1775 2089  890 3355 3408  139 1726 3355  889 1807 3360  479 1777 3361  886 2859 3079  438 1908 3081  903 3230 3419  1779 3230 3419  866 2083 2756  35 2084 2993  853 3189 3190  482 1781 3189  832 2605 3692  52 3103 3190  820 1909 3138  53 1783 3034  819 2802 4093  819 1683 1857  939 2205 3329  939 1785 1824  1683 1857 3036  483 1786 2954  51 1393 2906  51 1787 2906  515 2354 3207  458 1939 2958  538 1789 3397  538 1811 3397  936 3292 3293  936 2794 3462  203 1791 3541  611 1170 2298  85 1341 1792  518 1341 1792  926 1793 3475  507 2127 3474  571 2030 2483  514 1794 2031  1050 1796 3526  514 1796 3526  825 1797 2622  266 2565 3333  188 1590 3572  188 1798 3572  508 1221 1799  1221 1799 2386  2035 4108 4109  492 3240 4110  928 1803 3499  133 1801 3500  1243 1802 2912  919 3257 3258  492 1803 3499  927 2176 3191  1804 2893 3487  494 1804 2893  775 2377 2585  775 1805 2663  221 1418 1806  654 1418 1806  820 1807 3504  450 1807 3504  1808 4095 4096  570 1808 4095  1408 2777 4260  173 1408 1809  101 2129 2130  1472 1811 3397  434 1472 1811  1138 1812 2995  1975 2933 4234  1373 2028 2808  544 1813 2808  584 1814 3300  110 1814 3300  222 1793 3475  779 1269 2930  991 1816 3222  474 1816 3222  535 1817 3215  1533 2543 3215  1694 1818 3281  1058 1694 1818  1819 3596 3757  225 1819 3596  593 1820 4269  330 1820 4269  192 1468 1821  617 1468 1821  949 1822 3328  824 1262 1823  174 1262 1823  36 1778 2859  36 1824 2859  939 3166 3704  238 1825 3704  590 1466 2767  168 1466 1826  195 1424 2157  780 1827 2874  948 3535 3536  496 1829 3535  1829 3535 3536  148 1829 3536  265 1830 3795  497 2339 3560  92 1831 3760  614 1762 1832  614 1832 3595  1696 3586 3758  502 1833 2973  850 3578 4231  149 1834 2414  122 2397 3183  956 1835 3509  1836 3543 3544  500 1836 3544  500 1837 3056  672 1838 3056  500 1836 3019  500 1838 3019  1028 1963 3860  602 1303 3680  245 1223 1991  601 1414 1841  196 1414 1841  640 2035 4109  667 1842 4033  73 1268 1843  709 2361 2655  797 2232 2598  674 1966 2295  501 1846 2064  797 2232 2554  103 1844 2709  128 1847 2344  1217 1959 4206  221 1418 1848  696 2071 2231  503 1849 3517  503 1252 2106  1160 3770 3822  503 1850 3823  219 1652 1851  834 1652 1851  383 3637 4221  383 2878 4221  133 1511 1853  632 1511 1853  902 1153 3448  178 1153 1854  551 1171 1855  157 3004 3114  329 2917 3846  897 2515 3184  125 1786 3301  125 1857 3301  1097 1677 3579  227 1858 2865  1085 1859 2359  1364 2856 2857  829 1860 3043  239 2265 3044  1861 3182 4223  268 1861 3182  657 1607 1862  202 1607 1862  1863 2956 3651  520 1863 2956  1864 2183 2891  597 1863 2891  377 1865 3363  686 1865 3363  423 3425 3853  959 1866 3425  177 1754 1867  1754 2435 3830  1868 2462 4179  1011 1868 2462  704 1902 2668  704 1195 1869  534 1870 3148  534 1706 3148  951 1900 3599  143 1871 3598  608 2224 3334  95 1425 2225  918 1699 1874  918 1874 2281  382 2972 4203  529 1875 2905  172 1876 3920  213 2976 3873  992 1877 2976  957 1878 3261  624 2304 2305  1418 1880 1881  512 1418 1880  654 1881 3479  654 1982 2829  906 1739 1882  84 1739 1882  781 1450 1883  781 1883 2005  765 1884 1885  244 1884 1885  244 1885 1922  244 1464 1922  208 1733 2194  685 1733 2194  1743 2425 3236  1888 2425 3236  1124 3111 3759  355 1889 4211  1096 1889 4235  256 1890 3471  1701 1891 2894  60 1891 2894  912 1753 1892  433 1753 1892  861 1893 3259  264 1893 3259  786 1894 2948  786 1894 3800  363 1895 3547  837 2717 2845  558 1896 4085  558 2568 3378  758 2159 2160  249 1686 2458  12 2394 3575  12 13 1898  837 2845 3547  559 2185 3098  276 3583 3593  951 2485 3527  1009 2070 3833  50 3055 4219  704 1902 2724  409 1902 2724  1201 1933 3046  586 1903 3046  649 1650 1904  107 1650 1904  683 1614 1905  440 1614 1905  441 2004 3202  441 1906 3790  904 1907 3450  886 3080 3081  537 1748 3080  478 1909 3602  916 1910 4061  916 1478 1910  1081 4049 4050  587 1367 4049  1548 3619 4073  970 3314 3315  1535 1913 2475  191 2122 2331  535 1914 2290  535 1517 2290  245 1223 1915  541 1223 1915  989 2890 3755  312 1248 3351  1917 2176 3191  1094 1917 2176  127 1227 1918  568 1919 4030  1227 1919 4030  367 1227 1919  527 1207 1920  1207 1920 3216  355 1207 1921  527 1207 1921  1885 1922 3787  1242 1922 3787  895 1923 3914  345 1170 1924  1170 1924 2691  205 1925 4254  1369 2923 4254  383 1926 4167  1926 3126 4167  57 1628 1927  678 1628 1927  624 1928 3863  624 2305 3452  610 1929 3161  310 1929 3161  673 1930 3557  814 2897 3488  621 2144 3552  621 1931 2606  310 2805 3033  901 1932 3033  586 1933 2743  456 1933 2743  1624 2492 4017  1934 2492 4017  717 1688 1935  88 1688 1935  611 1685 2546  611 1936 2546  104 1937 3546  167 1392 1938  646 1392 1938  515 1939 3207  1788 2354 3207  1195 1940 2516  585 1940 3341  742 1446 3377  742 1941 3377  569 1942 3192  1442 2420 3192  625 1943 3911  254 2272 2982  519 2690 3506  720 1945 3399  140 1111 2388  140 1191 1946  1173 1947 3089  427 1173 1947  644 1948 2990  644 2342 2440  856 2152 3194  243 1949 3193  680 2074 2348  570 1950 2575  695 1951 3745  1951 3803 3908  855 2903 3784  530 1952 2903  1953 2441 2715  738 1953 2715  1481 1954 2702  1179 2266 3492  346 1139 2648  112 1955 4070  902 1712 3187  65 1956 2038  1022 2181 2922  774 1958 3458  774 1958 3487  934 1959 2174  1199 1959 3154  65 1960 2038  748 1960 2038  546 2288 3729  546 1961 2288  526 1962 3293  1962 3292 3293  504 3701 3860  1005 1963 3701  959 1866 3476  959 1964 3476  844 1965 3018  1965 3018 3023  674 1966 3864  1966 3747 3905  199 1967 3495  465 1641 1968  754 1641 1968  400 1494 1969  891 1494 1969  18 1970 3781  1004 2523 3375  445 1411 1971  1515 3253 3254  804 1972 3294  2512 2766 3294  47 1532 1973  690 1532 1973  202 1986 2367  556 1208 1986  2260 2933 4234  1138 4071 4072  67 1976 3008  702 2425 2693  565 1888 2425  859 2051 2592  180 1978 2985  332 1979 2817  753 1497 2783  1144 3078 3720  275 2517 4015  1621 1981 2757  540 1621 1981  654 1982 3479  653 1982 3479  424 1533 1983  1983 3643 3644  1016 3643 3644  417 2773 3744  728 2528 3212  1974 2367 4068  1986 2367 4068  933 3501 3502  318 1700 3501  997 3788 3789  532 1988 3788  1083 3867 4057  150 2119 4056  1990 3867 4057  1021 1990 4195  808 1991 3296  602 2261 2506  1371 2347 2966  557 2347 2966  227 1858 4176  227 1993 4176  1040 3659 3661  425 1994 3660  1039 1558 1995  426 1558 1995  1319 1996 2884  552 1319 1996  37 2350 2477  729 1999 3478  545 1998 3668  545 1998 2247  545 2247 3689  250 2000 4288  822 2273 3002  162 1203 2001  1203 2001 2002  585 2002 2642  2002 2463 2642  616 2353 2393  1112 2353 2393  1035 1549 2004  441 1549 2004  726 2005 3071  218 2005 3071  896 1828 2006  496 1828 2006  579 1504 2778  579 2007 2235  732 2139 2278  41 2139 2278  1150 2738 4040  212 2009 2738  999 2288 3729  189 3728 3882  1260 2011 3825  546 1260 2011  119 2012 4091  794 2012 4091  2013 2449 2936  677 2013 2449  830 2653 2654  830 2014 4230  1716 3232 3454  874 3232 3454  369 1347 2016  851 1958 2182  914 1626 3525  914 2017 3525  927 3153 3370  543 2019 3153  927 2019 3153  58 1917 3191  549 2020 4106  549 4106 4236  190 1405 2021  796 2719 3235  914 2022 3829  1017 2022 4003  532 2023 4195  1988 3788 3789  50 2024 4219  551 1172 2024  1137 4034 4264  1137 2962 4034  431 1555 2026  744 2244 2245  111 1996 2027  870 1996 2027  1168 1685 2546  1168 2546 3483  142 2029 2651  965 2029 3641  571 2030 3068  1794 2031 3068  1015 2435 3865  514 2031 3866  595 1649 3653  595 2032 3653  2813 3169 4277  518 2033 2531  761 1666 2034  41 2007 2235  1094 4108 4109  231 2035 4108  1636 2100 3291  2036 2100 3291  1005 2037 3702  408 2037 3703  344 2490 2684  748 1499 2490  637 2443 3173  325 2443 3272  982 1613 2286  547 2040 3554  1001 2096 3750  300 3749 3883  66 2042 3884  324 2237 2641  554 1755 3180  1001 3748 3749  428 2044 3748  2045 3728 3730  422 2045 3730  828 2046 3091  2046 2615 3091  437 2047 3841  2047 3285 3841  442 2048 3290  768 2048 3290  2049 2658 2946  564 2049 2658  180 1571 3529  180 2050 3529  607 1365 3799  564 1365 2051  329 2052 3070  893 2052 3070  357 1292 2053  2344 4037 4042  1282 1847 4042  214 1282 2054  230 1362 2055  550 1362 2055  361 1203 2056  603 1203 2056  236 1476 2057  603 1476 2057  658 1535 2058  331 1535 2058  657 2060 2545  577 2060 2545  114 2060 4263  657 2060 4263  2061 3411 3412  553 2061 3412  701 2062 4267  367 2062 4267  1217 2063 3141  793 2274 2920  674 3766 3864  674 2064 3766  588 2695 3855  163 2065 3854  1304 2646 3130  372 2646 3130  636 2067 3403  229 2067 3403  630 2316 2909  630 2068 2389  1199 2323 2464  1199 1959 3141  986 2070 3685  320 2913 3683  696 2216 2304  696 2071 2216  1088 2073 4111  171 2080 4112  1084 2312 4035  313 3065 3119  1175 4058 4059  1175 2074 2348  83 1390 2075  1390 2075 3337  894 3336 3337  192 2076 3336  768 2048 2375  768 2375 2446  1837 3056 3862  273 1695 2079  626 1695 2079  1088 2080 4112  560 1678 4113  1931 2081 3386  560 2081 3386  1123 2412 3649  661 2412 3649  1349 2688 3497  574 2639 4038  574 2084 3150  2084 2993 3150  503 1850 3379  503 2085 3379  354 1357 2086  993 1357 2086  883 2087 3880  933 1471 3503  1987 3502 4213  115 988 3128  115 2089 3128  722 1508 2542  722 2360 3793  183 1619 2091  737 1619 2091  1338 2092 3531  852 2904 4127  1421 2093 2950  994 3532 3534  936 1378 2794  1378 2094 2794  562 1369 2095  562 1752 2500  547 3554 3750  982 2040 3554  978 1409 2739  978 2097 2739  578 2098 4291  578 2099 4291  1135 4290 4291  352 2238 4290  640 2035 2100  641 2100 2255  443 2101 3721  962 2101 3721  262 1828 3815  262 2102 3815  848 1243 2912  599 1601 2162  950 3326 3415  160 2104 3326  279 2105 2592  596 2105 2592  503 2106 3517  1092 2106 3517  265 2107 4114  905 2107 4114  577 2108 4122  1430 2169 4122  730 1368 2109  357 1368 2109  1852 3637 4221  1105 3126 4167  2111 2226 3338  311 2111 2226  475 1737 2112  778 1737 2112  719 1693 2113  461 1693 2113  366 2550 3312  366 2114 2735  610 3161 3485  610 2115 3477  17 2116 4060  713 2116 4060  1051 1705 2300  1051 2117 2300  377 2118 4013  645 2118 4013  1404 2119 2813  1083 2119 4056  79 1300 2120  627 1300 2120  1962 2121 3085  595 2121 3085  711 1913 2331  191 1913 2331  1485 2123 2460  432 1485 2123  505 1742 2124  1742 2124 2723  487 1771 2125  1071 2534 3267  754 2126 3486  215 2126 3486  926 2127 3498  147 2127 3498  1610 2227 3646  601 2128 3646  2129 2130 3218  1121 1923 3218  101 1810 2130  693 1810 2130  603 2057 2607  603 1203 2131  1582 2132 2590  993 3664 4150  715 2054 2133  214 2054 2133  899 1555 2134  109 2451 2519  113 1163 2135  593 1163 2135  578 2136 3585  821 2136 3585  808 2137 2321  808 2137 2262  555 2138 3663  715 2139 3663  715 2034 2139  41 2034 2139  132 1415 2140  605 1415 2140  411 1458 3170  965 2029 3642  586 1366 2142  216 1366 2142  1294 2337 4278  2143 2337 4278  1000 2144 3552  250 2273 2844  1523 3677 3678  1192 2145 2268  1090 2146 4121  1345 2357 2553  670 2147 2427  2147 2203 2427  206 1394 2148  751 1394 2148  783 1233 2149  387 1233 2149  716 2150 3321  924 1383 2793  924 2151 2793  521 1949 3613  521 2152 3613  687 2114 2735  687 2153 2686  1166 2024 2154  566 2257 4202  207 2155 2525  207 2525 3994  78 2156 4127  2156 2904 4127  1827 2157 2874  609 1827 2157  1609 2158 3515  872 2158 2204  1897 2481 3847  283 2481 3847  765 1353 2160  109 1353 2160  283 2161 2754  1386 2276 2754  599 2103 2162  848 2103 2162  2079 2163 3204  652 2163 3204  755 2126 2164  215 2126 2164  446 1607 2165  657 1607 2165  1272 3201 3486  575 1488 2296  575 2166 4249  575 2167 4249  1116 2947 3106  575 2168 4251  730 2779 2970  165 2169 2779  666 2452 2453  666 1174 2170  665 2171 2540  665 1439 2540  100 1416 2172  610 1416 2172  79 1455 2173  659 1455 2173  128 2174 3805  731 2174 3805  484 2175 4116  927 1803 2176  492 1803 2176  1065 1626 2177  493 1626 2177  584 2178 3773  334 2516 2669  584 1588 2179  162 1264 4053  858 2474 3810  858 1231 2180  523 1957 2922  1022 1957 2922  851 2016 2182  369 2016 2182  991 3705 3707  597 2184 3705  348 3559 3706  348 2184 3706  1441 2185 2889  1234 2185 3098  1268 2407 3271  727 2186 2584  1224 2187 2587  631 1224 2187  675 1519 2188  267 1519 2188  2189 2689 4154  268 2189 2689  1677 2190 3579  563 1313 2190  611 1936 2191  88 1936 2191  130 1470 2192  617 1470 2192  617 2193 3410  368 2193 3410  749 1564 2194  208 1564 2194  913 1638 3382  989 2196 4172  592 2196 4172  119 2197 3417  670 2197 3417  942 2061 2198  553 2061 2198  839 2199 2207  839 2199 2860  572 2089 2200  954 2089 2200  633 1334 2201  87 1334 2201  633 1226 2202  257 1226 2202  319 1254 2203  669 2203 2264  669 2204 2427  669 2203 2427  790 1857 3301  238 2953 3784  2206 3393 4134  3393 3587 4134  485 2199 2207  485 1186 2207  278 2328 3392  397 3127 3373  825 2209 2997  396 2209 2997  323 1158 2210  591 1158 2210  1159 2210 2211  591 2210 2211  242 1759 3571  242 2212 3571  1151 2616 2834  826 2616 2834  1179 1954 2664  183 1734 2574  633 1334 4141  1731 2336 3549  615 1731 3549  725 2218 3842  641 2218 3842  100 2218 3537  725 2218 3537  149 1850 2219  2085 3379 4285  909 2220 3556  2340 2430 3597  1012 2086 2599  994 1458 3533  1834 2222 2414  502 1834 2222  1246 2223 4183  2223 3287 4183  2224 3334 3442  888 2209 3442  95 1873 2225  608 2225 3334  311 2226 2812  311 1404 2812  601 2227 3620  1300 2239 3620  861 2228 3739  414 2228 3739  606 2230 3097  169 1367 2229  606 1598 2230  435 1598 2230  696 1848 2231  221 1848 2231  229 1846 2554  229 2232 2554  856 2152 3613  856 2233 3193  137 3198 3697  1428 2234 3565  41 2034 2235  761 2034 2235  1091 3073 3489  804 1972 2843  324 2043 3566  324 2641 3566  352 3069 4087  1135 2238 4290  601 1841 2239  1841 2239 3209  120 1451 2240  689 1451 2240  690 2241 4131  396 2241 4131  799 2242 3270  335 2242 3270  818 3011 3600  598 2243 3600  744 2026 2244  431 2026 2244  744 2419 2698  744 2245 2246  901 2406 2805  900 2246 2406  2243 2247 3689  598 2243 2247  840 2247 2807  598 2247 2807  624 1914 2249  535 1914 2249  817 2250 3775  456 2250 3775  452 2251 3648  845 2251 3648  912 1753 3455  599 2252 3456  676 1139 2253  346 1139 2253  877 1872 3424  650 1872 2254  2035 2100 2255  231 2035 2255  40 2983 3149  1594 2983 3149  1166 2257 4202  226 2737 4201  566 2258 4088  794 2258 4088  1108 2728 4174  623 2260 3266  1975 4072 4234  209 4072 4234  1840 2261 2506  504 1840 2261  602 1303 2262  113 1303 2262  1508 2263 2542  6 2263 2542  297 2264 3152  1666 2653 3039  972 2265 3044  996 2772 3724  376 1356 3722  552 1819 3757  552 2267 2280  928 1803 2268  272 1803 2268  708 2658 2946  833 2659 3157  806 2270 3688  342 2270 3688  1367 3097 3210  908 3097 3210  930 1944 2982  254 1944 2982  822 2000 2273  250 2000 2273  793 2063 2274  351 2063 2274  651 2275 3719  651 2303 3000  283 2276 2754  283 1193 2276  735 2277 4171  220 2765 2775  1120 2792 2939  732 2792 2939  801 1764 2279  446 1764 2279  1101 3339 3340  1010 2913 3082  604 1403 2281  145 1403 2281  2282 4181 4182  604 2282 4182  860 2283 4031  528 2283 4031  1978 2284 2985  565 1978 2284  743 2285 4197  423 2285 4197  982 2040 2286  288 2040 2286  649 2287 2685  316 2287 2685  230 1531 2288  999 1531 2288  925 2289 3461  925 2289 2453  182 1301 3027  1301 2290 3027  354 2086 2291  1012 2086 2291  413 2292 3431  1387 2292 3431  867 3250 3324  379 2293 3250  1190 2187 2294  631 2187 2294  467 1551 2295  674 1551 2295  575 2166 2296  1272 2166 2296  786 2297 3769  417 2297 3769  1791 2298 3101  203 1791 2298  946 2786 3625  647 2299 3625  384 2300 3667  384 1705 2300  243 2301 4018  740 2301 4018  651 1460 2302  233 1460 2302  803 1460 2817  1460 2817 4041  182 1914 2304  624 1914 2304  512 1879 3452  512 2305 3452  1078 3440 3835  1078 2306 2308  963 1315 3086  619 1315 2307  185 1336 2308  619 1336 2308  868 2309 3255  2309 2841 3255  1355 2310 3174  622 1355 2310  285 1219 2311  1219 2311 2836  1402 2312 3041  1084 2312 2487  1089 2313 4106  159 3482 3564  1835 2314 3509  645 1835 2314  756 2164 2818  756 2315 2818  151 1329 4233  630 1329 2316  630 1329 2317  151 1329 2317  608 2224 2318  1339 2224 2318  99 2766 2988  590 1479 3848  616 1434 2320  1434 2320 3330  823 1916 2321  312 1916 2321  1106 1383 3551  932 2514 3231  613 1721 2514  151 2324 4233  817 2324 4233  1618 2325 3803  454 2325 4218  629 2327 2987  629 2479 2987  100 1483 2327  629 1483 2327  278 2328 3647  1483 2418 3647  1612 4007 4009  1155 3650 3709  708 1491 2330  442 1491 2330  612 1606 2331  711 1606 2331  464 1552 2332  626 2332 3438  650 1646 2333  331 1646 2333  234 2334 3612  650 2334 3612  216 1366 2335  465 1641 3519  627 1301 2336  182 1301 2336  656 2337 3133  656 1294 2337  1229 2259 3363  82 1229 2338  942 2198 2339  144 2198 2339  909 2219 2340  594 2219 2340  792 1536 2991  792 2341 2991  811 1948 2440  644 1948 2440  644 1553 2343  464 1553 2343  555 4037 4042  1292 2344 4037  1509 2345 3443  1194 2178 3300  123 1453 2346  615 1453 2346  953 3060 3583  557 1592 3001  1950 2348 2575  338 1950 2348  898 1697 3239  898 2349 3239  545 1997 3478  37 1997 2477  1134 2085 4285  174 1289 4284  1248 2352 2648  541 1223 2352  1112 1457 3179  1112 2003 2393  1320 2354 3107  515 2094 3171  441 1549 2399  1549 2399 4046  681 1691 2356  205 1691 2356  573 2146 2357  1090 2146 2357  1525 2358 4010  1147 1503 4078  855 1683 2359  261 1683 2359  191 1359 2360  658 1535 2475  709 1843 2361  73 1843 2361  2362 2897 3488  814 1930 3488  386 1424 2363  386 1425 2363  914 1797 2364  266 1797 2364  636 1443 2365  416 1443 2365  981 2366 3167  164 2625 3574  731 1368 2367  202 1368 2367  847 1717 4054  75 2368 3048  6 2369 3708  2369 2896 3708  1554 2370 3308  2508 3309 3654  1154 2171 2371  339 3147 4140  80 1245 2372  620 2372 2566  1110 3272 3623  212 2009 2667  1269 2066 2374  372 2066 2374  224 2077 2446  224 2375 2446  290 1668 2376  740 1668 2376  774 2377 3242  220 2377 3242  543 2019 2378  975 2019 2378  960 3630 3632  659 2380 3630  2173 2380 4029  659 2173 2380  2237 2381 3142  269 2381 3142  378 2382 2734  378 1323 2382  1736 2383 4161  1422 2383 3385  62 1558 2798  638 1702 2385  1702 2385 3052  945 2604 3108  282 2386 3088  1261 2387 2872  82 2387 2872  140 1946 2388  680 1946 2388  1274 2405 3217  773 2405 3217  1374 2390 2647  717 2390 2647  1093 2391 3814  418 1335 3813  983 2033 2392  518 2033 2392  528 1765 2393  616 1765 2393  738 2715 3575  707 2441 2715  750 2395 4279  380 2395 4279  353 1267 3470  353 2396 3470  751 3607 3674  751 2397 3183  1107 4181 4182  410 3391 4180  691 2355 4046  691 2399 4046  691 2400 4247  691 2979 4247  1132 2790 4019  772 2790 4019  432 1485 2402  681 1485 2402  2080 2403 2594  560 2080 2403  907 1894 2404  459 1894 2404  1273 2405 4165  1273 2405 2910  901 2062 3137  901 2406 3137  2186 2584 4210  412 2407 4210  739 2408 2908  336 2408 2908  965 2141 2409  411 2141 2409  317 2410 2940  317 2455 3445  1571 2411 2412  430 1571 2411  180 1571 4246  1571 2412 4246  185 1651 2413  628 1651 2413  1160 3770 4220  2414 3770 4220  628 1651 2415  460 1651 2415  1322 2293 2416  304 1322 2416  2255 2417 3318  231 2255 2417  642 1255 2418  278 1255 2418  935 2843 2919  271 2419 2698  569 2420 3192  569 1428 2420  727 1681 2421  232 1681 2421  1160 2415 2422  460 2415 2422  82 1229 2423  623 1229 2423  772 1442 2424  137 1442 2424  565 1977 2425  1977 2425 2693  343 1330 2426  1152 2426 3518  2204 2427 2428  670 2427 2428  210 1546 2428  670 1546 2428  632 1511 2429  404 1511 2429  824 2430 4215  257 2430 4215  75 1720 3938  495 1720 2431  1090 1337 2432  418 1337 2432  984 2433 4292  13 2433 4292  1285 2478 2851  314 2434 2851  1015 2435 4271  571 2435 4271  1180 2436 2437  193 1180 2436  2437 2772 3724  326 2437 2772  682 1385 2438  114 1385 2438  828 2439 3349  121 1947 3089  811 2440 3020  811 2826 3020  2068 2441 3402  707 2441 3402  434 1473 2442  707 1473 2442  325 2039 2443  2039 2443 3173  307 2444 3820  152 1298 2445  1214 2445 3017  618 2075 2446  618 2077 2446  103 2709 4004  797 2447 2709  677 1407 2448  201 1407 2448  388 1407 2449  677 1407 2449  1125 2697 3024  71 1727 2549  899 1859 2519  854 1859 2519  73 1572 2452  666 1572 2452  1704 2740 3576  473 2740 3576  666 1572 2454  1572 2454 2713  317 2455 2940  920 2455 2940  1707 2111 2456  311 2111 2456  1095 2018 2457  543 2018 2457  249 1897 2458  758 1897 2458  2299 2786 3625  1182 2459 3118  146 3288 3712  146 1485 2460  1659 2461 3162  2461 3162 4012  1011 2104 4146  1011 2462 4146  1204 2463 3774  719 2463 2710  613 2069 2464  351 2069 2464  862 1513 3197  810 1668 2466  810 2465 2466  862 2466 3197  382 1309 2905  30 1309 2467  812 1801 2468  133 1801 2468  315 2020 4105  724 1284 3618  170 1704 2470  1086 2639 4038  325 2039 2556  1003 2471 2984  1274 3332 3581  985 2716 3616  1355 1545 2473  108 1545 2473  858 2474 3797  259 2474 3797  658 2475 3793  191 2360 2475  658 2058 2476  5 2586 4067  849 1396 2477  729 1396 2477  314 2478 2851  1080 3629 3782  190 2275 2479  865 2275 2479  1171 2746 4145  551 1171 2480  759 1193 2481  283 1193 2481  295 2482 3871  1131 1518 3522  1131 1867 2483  188 1228 4047  340 1228 2484  951 1900 2485  276 1900 2485  1395 2486 2711  648 1395 2486  97 1492 2487  648 1492 2487  648 1492 2488  1492 2488 2671  907 2404 2489  93 2404 2489  748 2038 2684  748 2490 2684  748 1499 2491  269 1499 2491  1183 1624 2492  522 3127 3857  687 2153 2620  687 2493 2620  136 1526 2494  1157 4008 4011  706 1597 2495  108 1597 2495  706 1488 2496  356 1488 2496  228 1343 2497  712 2498 2730  712 2499 3032  1665 2497 2499  712 2497 2499  498 1802 2500  919 1802 2500  120 2459 3638  120 2501 3638  359 1190 3754  159 1190 2502  28 1694 2503  1013 1694 2503  490 1486 3733  156 1486 2504  1114 3093 3094  1114 3092 3095  245 1991 2506  245 1840 2506  1737 2507 2681  475 1737 2507  718 2508 3309  1698 3309 4026  607 1365 2509  607 1390 2509  1144 2518 3078  98 1218 2511  98 2510 2511  884 2518 3437  804 2766 3294  803 2512 3294  860 2513 3139  1207 2513 3216  613 2323 3231  613 2514 3231  130 2192 2515  897 2192 2515  334 2178 2516  947 2178 2516  1144 2518 4015  2517 2518 4015  757 2510 3437  757 2518 3437  109 2134 2519  899 2134 2519  816 3698 4021  816 2520 2526  374 1276 2521  1167 3736 3771  734 2066 3130  1070 2522 2523  734 2523 2768  1004 2523 2532  685 1239 3838  685 2524 3838  685 1886 3772  685 2525 3772  116 1773 2526  1146 1773 2526  815 1481 2530  102 1481 2530  1256 2528 3212  1 1256 2528  875 1887 2529  655 1887 2529  838 1469 2530  815 1469 2530  941 2105 2531  596 2105 2531  1269 2066 3113  222 1269 3113  964 2969 4243  711 2969 4243  1393 2534 3406  1071 2534 3406  993 2086 2599  660 2535 3664  660 1580 2536  78 1580 2536  165 1377 2537  1120 2109 3297  375 1383 2538  961 2538 3257  665 1439 2539  367 1439 2539  194 2036 3005  194 2540 3005  2541 3146 4139  665 2541 4139  6 2542 3694  535 2543 3215  535 1517 2543  71 1474 2544  71 1236 2544  1862 2545 2970  2169 2779 2970  544 2028 3483  544 2546 3483  639 2456 2547  1162 2456 2547  674 1551 2548  138 1551 2548  71 2450 2549  1125 2450 2549  800 1539 2550  366 1539 2550  1287 3306 3307  526 1287 2551  1878 2552 3261  958 1878 2552  1192 2145 2553  573 2145 2553  501 1846 3320  1846 2554 3320  906 1993 2555  227 1993 2555  679 2471 2984  679 2556 2984  668 2557 3673  345 2557 3673  1766 2558 4241  668 1766 2558  26 1344 3528  308 1998 2560  840 1998 2560  455 1507 2561  1975 4071 4072  1193 2562 3316  759 1193 2562  1498 3317 3714  724 3317 3714  1349 2564 3497  391 1349 2564  915 2364 2565  266 2364 2565  1245 2372 2566  347 1245 2566  9 3545 4052  9 10 2567  1234 2185 2568  558 1234 2568  647 1230 2569  363 1230 2569  614 2570 3595  614 2057 2607  676 1406 2571  112 1406 2571  201 2558 4241  201 2572 3809  388 1406 2573  676 1406 2573  632 2429 2574  1099 2429 2574  1808 1946 2575  570 1808 2575  17 1382 4060  436 1382 2576  523 1404 2577  1162 2547 4283  278 2578 3465  278 1255 2578  694 1420 2579  225 1420 2579  801 2279 2580  193 2279 2580  745 1728 2581  218 1728 2581  457 1632 2582  745 1632 2582  727 1635 2583  1635 2583 3534  412 1635 2584  727 1635 2584  775 1805 2585  494 1805 2585  1103 2726 4240  1103 2586 4067  359 2187 2587  1189 2949 2986  129 1614 2588  683 1614 2588  1905 2580 2589  193 2580 2589  462 1580 2590  660 1580 2590  81 1324 2591  1324 1925 2649  859 2284 2592  596 2284 2592  917 1437 2593  425 1716 3232  656 2403 2594  656 1270 2594  184 1515 2595  700 1515 2595  700 1610 2596  516 2380 4029  977 1690 2597  24 1690 2597  415 3092 3093  797 1299 2598  2535 3664 4150  993 2599 4150  354 1357 2600  354 1270 2600  1174 1950 2601  570 1950 2601  362 1818 3281  362 2602 2902  454 1565 3049  225 1565 2603  638 2386 3088  638 2604 3088  832 2175 2605  232 2175 2605  38 1899 2606  1000 1899 2606  603 2131 2607  1264 2131 2607  1118 2763 4051  234 2608 3612  364 1331 2609  688 1331 2609  688 1331 2610  80 1331 2610  689 1376 2858  688 1376 2611  1376 2609 2612  689 1376 2612  439 2613 3609  1215 2613 3609  609 1581 2614  386 1581 2614  827 2689 3514  827 2213 3514  828 3089 3090  826 2615 3091  413 1420 2617  694 1420 2617  1140 1509 3443  694 2618 4124  91 1242 2619  766 1885 3787  1130 3168 3269  1130 2620 3168  825 2997 2999  1017 2022 2622  1017 2621 2622  825 2622 2999  1145 2043 2623  554 2043 2623  462 1580 2624  1581 2624 4287  1184 3736 3771  164 1671 2683  698 2626 3430  289 2626 3430  979 2285 2627  979 2627 3446  274 3954 4074  274 2628 4074  1091 2026 2629  1091 2629 3073  723 2630 2635  723 1303 2635  539 1750 2631  1316 4100 4101  156 1486 2632  880 1486 2632  1380 2633 3765  436 1380 2633  1164 2630 2634  723 2630 2634  1163 2630 2635  113 1163 2635  723 1303 2636  1303 2636 2660  1886 2637 2638  995 1886 2637  44 1448 2638  749 1448 2638  1086 2470 2639  170 2470 2639  313 1678 2640  1074 2711 3065  693 1810 2641  876 1810 2641  719 1634 2642  585 1634 2642  806 1855 2643  157 1855 2643  780 1531 2644  230 1531 2644  1133 2118 2645  645 2118 2645  1210 1682 2646  372 1682 2646  235 1689 2647  1689 2647 4045  1139 1955 2648  541 1955 2648  1691 1925 2649  472 1691 2649  697 1579 2650  1260 2650 2652  697 1579 2651  142 1579 2651  697 1961 2652  546 1961 2652  831 1860 2654  239 1860 2654  830 2014 2654  831 2014 2654  1399 2655 2925  709 1399 2655  171 2926 4155  354 1270 2656  627 1301 2657  627 1300 2657  708 2658 3157  564 2269 2658  708 2330 3299  708 2659 3299  987 2660 3680  381 1391 3690  347 1352 2661  726 1352 2661  1098 3621 4083  726 2661 3621  764 1627 2663  143 1627 2663  1179 2214 2664  281 2214 2664  863 2098 2665  578 2098 2665  954 1775 2666  350 1775 2666  212 2373 2667  1110 2373 2667  1314 2695 3855  704 1314 2668  1195 2516 2669  704 1195 2669  2670 3016 4230  214 2670 3016  1215 2670 2671  340 2484 4274  714 1492 2672  97 1492 2672  1013 2902 3282  735 2602 2902  1205 2020 2674  549 2020 2674  4 1723 2675  781 1723 2675  2005 2662 2676  781 2005 2676  422 1438 2677  1438 2677 3165  617 1470 3410  932 1470 2678  1137 2679 4177  517 2679 4177  767 1516 2680  240 1516 2680  701 2062 2681  48 2406 3137  568 1919 2682  701 2682 4267  164 2625 2683  1184 2625 2683  902 2684 3448  344 2684 3448  747 2685 4225  316 2685 4225  145 1403 2686  973 1403 2686  1906 2687 3836  802 1906 2687  574 2083 4038  259 2083 2688  2615 2689 3514  268 2615 2689  930 2690 3506  153 1605 2994  203 1496 2691  721 1496 2691  423 1690 2692  977 1690 2692  1733 2524 2693  702 1733 2693  702 1733 2694  208 1733 2694  1194 2178 2695  334 2178 2695  1152 3163 3518  68 2213 2834  345 1924 2697  1125 1924 2697  744 2246 2698  900 2246 2698  2699 3364 4039  444 2699 3325  1489 2700 3040  2700 3040 3219  353 1267 2701  1267 2701 2749  1180 1267 2749  326 2702 3742  400 1312 2703  1312 2703 2704  1150 3124 4040  703 2704 3075  703 3075 3076  96 2705 3675  1136 2911 4191  821 2959 3610  1076 2707 3713  91 2771 2977  404 2708 3678  404 1511 2708  797 2554 3320  797 2709 3320  1204 2229 2710  169 2229 2710  188 1590 2711  1074 1590 2711  277 2712 4016  277 3077 3645  338 2713 4059  2713 4058 4059  984 2433 2714  469 2433 2714  707 2394 2715  2394 2715 3575  285 1219 3655  285 2716 3655  38 1899 3794  38 2717 3794  796 2021 2718  190 2021 2718  967 2208 2719  397 2208 2719  817 1214 2720  421 1214 2720  779 1269 2721  499 1269 2721  1213 2611 2722  688 2611 2722  173 1505 2723  581 1505 2723  1307 1869 2724  409 1307 2724  742 1446 2725  382 1446 2725  331 1646 2726  742 1646 2726  795 2831 4156  420 1541 2831  131 2864 4286  1108 2728 2864  749 1448 2729  379 1448 2729  712 2497 2730  1343 2497 2730  1749 2731 3140  818 1749 2731  1220 2372 2732  620 2372 2732  652 1279 3083  752 1279 2733  752 1449 2734  1449 2734 3686  687 2686 2735  973 2686 2735  118 1461 2736  769 1461 2736  226 1585 2737  1562 2737 4201  212 2704 3075  212 2738 3075  1002 1705 4214  1002 2739 4214  473 2453 3576  705 1704 2740  724 1647 2741  1647 2741 3741  1348 2182 3458  1348 2742 2887  2250 2445 2743  456 2250 2743  517 1524 2744  517 1657 2744  60 2745 3827  1165 1701 2894  809 2746 2886  809 2884 2886  107 1372 3188  385 1372 2747  754 1641 2748  86 1641 2748  815 2702 3742  815 2749 3742  240 1999 2750  729 1999 2750  1356 2750 2751  729 2750 2751  1379 2431 2752  280 1379 2752  725 1929 2753  310 1929 2753  766 2619 2754  766 2161 2754  866 1780 2755  480 1780 2755  903 2474 2756  259 2474 2756  1129 1902 3223  1129 2757 3223  2758 3094 3687  1047 2758 3687  128 1292 3805  357 1292 2759  805 2012 2760  1244 2661 2785  1397 2761 4044  759 2761 4044  679 1429 2762  390 1429 2762  23 2254 3264  1118 2254 2763  1402 2312 2764  561 2312 2764  1216 2602 2775  1216 2765 2775  836 2236 2988  804 2236 2988  1466 1826 2767  589 1826 2767  2522 2523 2768  198 2522 2768  737 1360 2769  737 1619 2769  558 1234 2770  1234 2770 3098  835 3116 3284  835 2771 2977  2266 2772 3492  326 2772 3492  417 1984 2773  1016 1984 2773  112 1406 2774  739 1406 2774  735 2277 2775  735 2602 2775  1153 1854 2776  531 1854 2776  739 1406 2777  388 1406 2777  579 2235 2778  761 2235 2778  2109 2779 3297  165 2779 3297  89 1200 2780  580 1200 2780  165 1377 2781  679 1377 2781  380 1342 4117  1342 2782 4117  753 1979 2783  332 1979 2783  226 2257 3828  226 2784 3828  1244 2760 2785  805 2760 2785  508 1799 2786  946 1799 2786  152 1298 2787  841 2142 2809  736 1594 2788  548 1594 2788  1746 2789 3252  736 1746 2789  636 2365 2790  2365 2790 3265  1270 2656 2791  709 2656 2791  732 2278 2939  357 2109 4115  375 1383 2806  1383 2793 2806  1159 1790 3462  936 1790 3462  974 2555 2795  227 2555 2795  13 2433 2796  13 14 2796  1156 2329 2797  349 2329 2797  1068 2384 3453  763 2384 2798  493 1627 2799  764 1627 2799  764 2800 4178  2800 3109 4178  261 1683 2801  819 1683 2801  125 1784 3608  481 1784 2802  998 1742 2803  505 1742 2803  271 2698 2804  900 2698 2804  310 2805 3669  900 2805 3669  923 1369 2806  375 1369 2806  241 2807 3826  840 2807 3826  385 2747 2808  385 1813 2808  841 2787 2809  1298 2787 2809  40 2810 3372  966 2810 3372  392 1649 2811  646 1392 3013  1674 2226 2812  879 1674 2812  941 3169 4277  150 2813 4277  879 1674 2814  279 1674 2814  139 1726 3230  470 1726 2815  1117 3605 3792  1117 2816 3605  332 2303 4041  332 2817 4041  466 1710 2818  1710 2818 2852  1351 2819 4236  737 1351 2819  698 2626 2820  1316 2626 2820  1721 2821 3779  371 2821 3778  370 1359 2822  722 1359 2822  1475 2824 3459  791 2824 3459  93 1426 2824  1426 2824 2825  406 1423 2825  791 2825 3563  467 1644 3020  467 2826 3020  27 2827 2828  27 1643 2828  811 1948 3746  811 2828 3746  429 1258 2829  429 1521 2829  882 3100 3274  795 2832 3275  420 2727 2831  2727 2831 4156  1541 2831 2832  795 2831 2832  536 1856 2833  897 1856 2833  68 2696 2834  1151 2696 2834  2190 2835 4175  881 2835 4175  741 2836 3084  622 2310 2836  741 1715 2837  154 1715 2837  469 1715 2838  741 1715 2838  753 1482 2839  168 1466 2881  1465 2840 3764  568 1278 3601  408 1510 2841  798 1510 2841  1955 2842 3451  112 1955 2842  804 2236 2843  271 2236 2843  250 2144 2844  1000 2144 2844  1074 2846 3624  363 2569 3624  1075 2640 2846  1074 2640 2846  1212 1653 2847  1212 1240 2847  1237 3104 3288  842 3104 3288  233 1460 2849  803 1460 2849  762 1427 3439  763 2850 3006  1285 2851 2915  938 2434 2851  1642 2852 4207  755 1642 2852  756 2164 2853  215 2164 2853  55 2315 2854  756 2315 2854  243 3636 4018  243 2855 3636  854 1859 2856  261 1859 2856  2857 3752 4190  1007 2451 4190  1376 2611 2858  219 2611 2858  886 1748 3079  438 1778 3081  249 1686 2860  760 1686 2860  760 1686 2861  398 2861 3752  1611 2862 4098  760 2862 4098  758 2863 4194  758 2160 2863  131 2864 3428  2864 3428 4173  1097 1858 2865  800 1876 4148  121 1388 2866  750 1388 2866  208 1564 2867  750 1564 2867  172 1876 2868  1057 1539 3802  527 1210 2869  33 2869 3996  175 2870 3179  563 1232 3493  1131 2101 2871  1131 1518 2871  2338 2872 3606  82 2338 2872  771 1261 2873  273 1261 2873  195 1438 2874  780 1438 2874  374 1276 2875  1276 4100 4101  1493 2876 3670  1072 2876 3670  968 2300 3667  968 2878 4259  383 2110 2878  929 2110 2878  929 1967 2879  634 1967 2879  1064 2880 3960  1064 1552 2880  1466 2839 2881  753 2839 2881  974 2555 3510  974 2882 3312  453 1397 2883  839 1397 2883  111 1676 2884  809 1676 2884  369 1347 2885  809 1347 2885  2746 2886 4145  327 2886 4145  1676 2885 2887  776 1676 2887  776 1676 2888  111 1676 2888  401 1354 2889  559 1354 2889  989 2890 3351  1247 2890 3755  520 1863 2891  520 1864 2891  1427 2850 3006  762 1427 2892  774 2585 2893  494 2585 2893  1165 2745 2894  60 2745 2894  1081 2895 4049  169 1693 3014  1023 1944 2896  519 1944 2896  269 1499 2897  1499 2897 3508  956 1499 3508  122 2314 3509  1462 3110 3159  769 1462 2899  1179 2266 2900  376 2266 2900  1014 1665 2901  542 1665 2901  735 2673 2902  2673 2902 3282  855 2359 2903  2359 2903 3441  609 1827 2904  852 1827 2904  1309 2467 2905  529 2467 2905  646 1939 2958  646 1393 2906  224 2077 2907  777 2077 2907  1809 2908 3436  336 2908 3436  630 2389 2909  773 2389 2909  1201 2909 2910  773 2909 2910  416 1443 2911  1443 2911 4192  848 2103 2912  2103 2912 3457  1010 2280 2913  320 3340 4272  591 1158 2914  168 2914 3129  1185 2699 3364  938 1185 2915  461 1599 2916  938 1599 2916  471 1288 2917  329 2917 3070  449 1527 2918  857 2918 3225  1225 2804 2919  1225 2919 3485  57 1927 2920  793 1927 2920  2063 2921 4205  793 2063 2921  1162 2577 2922  523 2577 2922  1346 3155 4133  205 2356 3155  2151 2793 2924  306 2151 2924  1233 3619 3804  783 1233 2925  783 2072 2926  171 2072 2926  710 1572 2927  73 1572 2927  347 1245 3481  80 1245 2928  1107 1566 4238  779 1566 2929  779 1815 2930  222 1815 2930  844 1965 2931  495 1965 2931  422 1531 2932  780 1531 2932  1253 2423 2933  623 2423 2933  402 1505 2934  1505 2934 2935  173 1408 2935  785 1408 2935  785 1408 2936  388 1408 2936  337 2306 2937  1315 2306 2937  1240 2847 2938  851 1240 2938  576 2537 2939  1120 2537 2939  713 2576 2940  920 2576 2940  56 1616 2941  1616 2941 2943  788 1615 2942  224 1615 2942  440 1615 2943  788 1615 2943  440 1614 2944  1614 2944 2945  129 1490 2945  789 1490 2945  83 2049 2946  83 1491 2946  534 1545 3106  534 2947 3106  265 2107 2948  786 2107 2948  1293 3505 4120  365 2949 3505  910 1758 2950  126 1758 2950  1134 2951 4284  592 2196 3676  235 1374 2952  718 2952 3516  238 2205 2953  790 2205 2953  2205 2954 3329  483 2954 3329  1055 1321 3686  309 1321 2955  910 2956 3786  520 2956 3786  425 3232 4092  917 2957 4092  646 2906 2958  1787 2906 2958  55 2981 4192  55 2959 3610  155 2960 4125  893 2960 4125  371 2961 3778  893 2961 3778  600 2021 2962  796 2021 2962  1236 2963 4232  524 2963 4232  844 2931 2965  847 2931 2965  241 1542 2965  844 1542 2965  1804 1992 2966  1371 1804 2966  808 2321 2967  312 2321 2967  1038 2968 3295  234 2334 2969  964 2334 2969  577 2169 2970  577 2545 2970  1480 1795 2971  1480 2971 3136  1875 3868 4203  1104 3868 4203  628 2222 3578  502 2222 2973  1164 2974 4239  330 2974 4239  745 2975 3861  745 1632 2975  213 1887 2976  992 1887 2976  91 2707 2977  1076 2707 2977  591 1536 2978  591 1497 2978  1400 2979 4247  802 1400 2979  802 1400 2980  442 1400 2980  1443 2981 4192  636 1443 2981  1761 2982 3396  930 1761 2982  1149 1583 3342  1583 2983 3342  325 2984 3384  1003 2984 3384  859 2050 2985  180 2050 2985  1189 2587 2986  359 2587 2986  865 1416 2987  1416 2327 2987  99 2319 2988  836 2319 2988  1283 3725 3726  870 1283 2989  294 1553 2990  72 2211 2991  1536 2211 2991  779 1566 2992  407 1566 2992  35 1780 2993  866 1780 2993  153 2690 2994  930 2690 2994  538 1811 2995  807 1811 2995  151 1507 2996  807 1507 2996  1340 2241 2997  396 2241 2997  266 1797 2998  825 1797 2998  2621 2622 2999  200 2621 2999  651 3000 3719  1405 3000 3719  557 2347 3001  953 2347 3001  401 1663 3002  822 1663 3002  95 1425 3003  822 1425 3003  1240 2016 3004  157 1240 3004  667 2171 3005  667 2036 3005  1427 2892 3006  426 2892 3006  1306 3007 3284  1076 1949 3007  1976 3008 3009  664 3008 3009  872 1589 3009  664 1589 3009  365 2949 3237  365 3010 3237  240 1516 3011  818 1516 3011  1429 2731 3012  818 2731 3012  1392 2811 3013  392 2811 3013  169 2895 3014  1081 2895 3014  1389 3015 3274  89 3015 3274  830 2133 3016  214 2133 3016  1148 3206 4265  943 3206 4265  844 1544 3018  148 1544 3018  463 1689 3019  1689 1836 3019  216 2440 3020  216 1644 3020  992 3559 4187  875 3021 4187  477 3776 4257  148 3018 3023  148 1410 3023  1125 2450 3024  677 2450 3024  787 3025 3208  590 1479 3026  590 1825 3026  1914 2290 3027  182 1914 3027  1660 3054 3420  435 1241 3028  1026 1756 3029  509 1756 3029  538 1789 3030  538 1812 3030  918 3325 3711  1079 3325 3711  712 2498 3032  1019 3032 3877  1073 2753 3033  310 2753 3033  820 1807 3034  1807 3034 3360  424 3035 3132  1263 3035 3132  855 2953 3036  790 2953 3036  490 1578 3037  1578 3037 3200  1092 1578 3200  316 1849 4064  239 2265 3039  761 2265 3039  374 3736 3796  374 1277 3040  97 2672 4142  97 3041 4142  970 1912 3315  829 1912 3042  387 1548 3043  829 1548 3043  239 1860 3044  829 1860 3044  1402 3041 3045  387 1402 3045  86 1201 3046  86 1903 3046  328 2673 3047  1128 2673 3047  847 1720 3048  75 1720 3048  1565 2603 3049  695 2603 3049  434 1608 3050  807 1608 3050  921 1702 3051  57 1702 3051  921 1452 3052  371 1452 3052  420 1546 3053  420 1540 3053  435 3028 3054  1538 3028 3054  50 1901 3055  1009 1901 3055  672 2078 3862  672 3056 3862  427 1330 3057  605 1330 3057  1346 2924 3058  306 2924 3058  322 2378 3059  975 2378 3059  1440 3060 3583  401 1440 3060  592 1916 3061  823 1916 3061  2135 2137 3767  593 2135 3767  510 1604 3063  510 1593 3063  948 2102 3064  572 2102 3064  1074 2640 3065  313 2640 3065  2358 3066 3738  449 1431 3066  1088 2073 3067  313 2073 3067  176 1794 3068  176 2030 3068  1302 2238 3069  950 3069 3326  1288 2960 3070  893 2960 3070  726 1352 3071  218 3071 3346  768 2075 3072  442 1491 3290  836 1767 3073  287 1767 3073  1289 3062 3074  593 3062 3074  2705 3076 3675  703 2705 3076  1620 3548 3645  971 3548 3645  1504 3124 3639  277 3077 3124  333 2493 3078  884 2493 3078  1824 2859 3079  589 1824 3079  537 1908 3080  1908 3080 3081  1778 2859 3081  886 2859 3081  1178 2618 3082  694 2618 3082  1279 2733 3083  206 2733 3083  1271 2378 3084  322 2378 3084  1287 1962 3085  1287 3085 3306  1315 2307 3086  16 2307 3086  540 1981 3087  43 1417 3982  945 3088 3732  282 3088 3732  121 2439 3089  828 2439 3089  826 2616 3091  343 2616 3090  2616 3090 3091  828 3090 3091  1299 2598 3093  415 2598 3093  1069 1299 3178  1114 3094 3687  270 2758 3094  1161 2228 3095  414 2228 3095  812 3010 3096  1467 3010 3096  908 3097 3420  908 2271 3210  559 1899 3098  837 2717 3794  202 1368 3099  730 1368 3099  1389 3100 3274  361 2463 3774  612 2191 3101  612 1791 3101  606 2229 3102  1204 2229 3102  52 1782 3103  832 1782 3103  373 1672 3104  842 1672 3104  842 1662 3105  472 1662 3105  1116 2168 3106  108 2168 3106  141 2354 3107  141 1487 3107  155 1632 3108  945 1632 3108  362 1818 3109  1100 1818 3109  769 1462 3319  770 3110 3159  1124 3111 3524  178 3111 3759  1196 3112 3467  335 1196 3112  734 2532 3113  734 2066 3113  157 1855 3114  1171 1855 3114  638 2386 3115  1221 2386 3115  264 1577 3116  835 1577 3116  835 1577 3117  451 1577 3117  946 1799 3118  282 1799 3118  313 2073 3119  1084 2073 3119  470 1725 3810  96 1725 3120  434 1472 3121  1036 3121 3974  384 1295 3122  1002 3122 4086  317 2410 4086  317 3123 4086  579 1504 4040  1504 3124 4040  80 1495 3125  80 1331 3125  529 1822 3126  1105 1822 3126  1235 3127 3857  397 3127 3235  1358 2089 3128  478 988 3313  537 1714 3628  537 3129 3628  734 2768 3130  1304 2768 3130  1290 2520 3131  816 2520 3131  1263 3132 3304  1841 3209 3851  1357 2600 3133  656 2600 3133  834 1760 3134  1654 3134 3348  437 2047 3135  437 1341 3135  428 1478 3136  916 1478 3136  48 2681 3137  2062 2681 3137  262 1909 3138  1667 3138 3365  488 1534 3139  860 1534 3139  90 2251 3140  845 2251 3140  1199 2464 3141  351 2464 3141  911 2491 3142  269 2491 3142  1493 3143 3469  124 1493 3143  1447 2959 3144  321 3144 4250  1235 3286 3857  1183 3145 3286  127 2098 3146  863 2098 3146  3146 3147 4140  863 3146 3147  1870 3147 3148  863 3147 3148  1459 3149 4229  40 3149 3372  866 2083 3150  574 2083 3150  510 1603 3151  1603 3151 3433  2264 3152 4147  864 3152 4147  543 2018 3153  2018 3153 3370  934 1987 3154  318 1987 3154  205 2923 3155  2923 3155 4133  887 3156 3434  833 2269 3157  2269 2658 3157  1444 2869 3158  33 2869 3158  1462 2899 3159  393 2899 3159  1654 2938 3160  851 2938 3160  1225 3161 3485  310 3161 3669  1325 1659 3162  389 1325 3162  1151 2696 3163  582 2696 3163  317 3164 3445  977 3164 3445  195 1339 3165  690 3165 4131  589 1824 3166  939 1824 3166  524 2366 3167  524 1496 3167  333 1621 3168  1129 1621 3168  879 2814 3169  941 2814 3169  411 2141 3170  1421 2141 3170  515 2354 3171  1320 2354 3171  848 1243 3172  289 1243 3172  576 2008 3173  637 2008 3173  1600 3059 3174  873 1600 3174  873 1870 3175  534 1870 3175  1417 3087 3176  540 3087 3176  1099 2429 3177  404 2429 3177  1299 3094 3178  270 3094 3178  1112 2353 3179  175 2353 3179  554 2043 3180  876 2641 3566  876 1810 3181  692 1810 3181  1113 2189 3182  268 2189 3182  122 2314 3183  1142 2314 3183  897 1856 3184  329 1856 3184  531 1854 3185  917 1854 3185  917 1854 3186  178 1854 3186  902 1956 3187  488 1956 3187  1372 2747 3188  747 2747 3188  853 2212 3189  2212 3189 4022  1769 3103 3190  853 1769 3190  58 2019 3191  927 2019 3191  416 1442 3192  416 1942 3192  2233 2855 3193  243 2855 3193  136 1526 3194  856 1526 3194  873 1870 3195  873 1600 3195  1405 3000 3196  600 1405 3196  2465 2466 3197  39 2465 3197  2234 3198 3565  861 2234 3198  862 1513 3199  414 1513 3199  1092 3038 3200  880 3038 3200  1273 3201 4165  1272 3201 4165  441 1906 3202  1265 1906 3202  627 1731 3203  394 1731 3203  1333 2444 3204  652 2444 3204  1117 3205 3792  542 3205 3792  152 3206 4137  1148 3206 4137  458 1939 3207  458 1788 3207  3025 3208 3409  92 3208 3409  1263 3209 3304  360 3209 3304  587 2271 3210  587 1367 3210  1037 3211 3743  728 1985 3212  1257 1985 3212  176 1648 3213  1152 1648 3213  943 1695 3214  273 1695 3214  181 1533 3215  181 1817 3215  860 2283 3216  179 2283 3216  217 2389 3217  1274 3217 3581  895 1923 3218  895 2129 3218  81 1277 3219  81 1673 3219  778 1567 3220  244 1567 3220  1622 3029 3221  34 1622 3221  991 1579 3222  474 1579 3222  163 2668 3223  1902 2668 3223  1085 3441 3567  899 3224 3791  1527 2918 3225  74 1527 3225  884 2493 3226  687 2493 3226  373 1238 3227  1238 1671 3227  1419 3228 3831  413 3228 3431  390 1516 3229  767 1516 3229  1726 2815 3230  903 2815 3230  318 1700 3231  932 1700 3231  2957 3232 4092  874 2957 3232  874 1587 3233  513 1587 3233  1101 2267 3234  327 2267 3234  1235 3127 3235  1235 2025 3235  85 1743 3236  85 1888 3236  1189 2468 3237  1189 2949 3237  617 2192 3238  617 1468 3238  922 3422 3845  922 1697 3239  812 3096 3240  1800 3096 3240  431 1567 3463  431 1555 3241  1348 2742 3242  220 2742 3242  1454 2379 4107  394 1454 3243  1073 3244 3640  194 3244 3640  446 1764 3245  1208 1764 3245  681 2356 3246  869 2356 3246  733 3058 3248  64 3247 3870  869 3247 3248  867 2439 3249  121 2439 3249  1436 3249 3250  379 1436 3250  1678 2081 3251  1075 1678 3251  406 1426 3252  892 1426 3252  892 1971 3253  445 1971 3253  184 1746 3254  892 1746 3254  798 2842 3255  868 2842 3255  868 2408 3256  336 2408 3256  375 2095 3257  919 2095 3257  919 1802 3258  161 1802 3258  861 1577 3259  264 1577 3259  228 2634 4224  228 1655 4224  303 1661 3261  957 1661 3261  2113 3262 4126  69 1574 3262  468 2357 3263  1090 2357 3263  2254 2763 3264  671 2763 3264  416 1442 3265  772 1442 3265  623 2259 3266  1108 2259 3266  1071 2125 3267  487 2125 3267  583 2570 3268  1264 2570 3268  1129 1902 3269  409 1902 3269  1197 3112 3270  335 3112 3270  1012 2221 3271  412 3271 3532  1110 2443 3272  1422 3272 3623  794 1541 3273  236 1541 3273  795 2830 3275  89 2830 3274  2830 3274 3275  882 3274 3275  882 2056 3276  603 2056 3276  528 1765 3277  528 1534 3277  1258 1982 3278  653 1982 3278  827 1669 3279  675 2188 4154  1308 2879 3280  634 2879 3280  362 2902 3281  1013 2902 3281  1561 2503 3282  1013 2503 3282  782 2928 3283  1495 2928 3283  835 2977 3284  1076 2977 3284  1291 2047 3285  1126 3285 3839  166 2025 3286  1235 2025 3286  1578 3287 4069  490 1578 3287  1237 3712 4144  1237 3288 3712  1135 1918 3289  568 1918 3289  1491 3072 3290  768 3072 3290  194 3244 3291  194 2036 3291  167 1378 3292  936 1378 3292  936 1790 3293  526 1790 3293  1972 2849 3294  803 2849 3294  1480 2968 3295  31 1480 3295  1991 2506 3296  602 2506 3296  1120 2537 3297  165 2537 3297  1296 2802 3298  481 2802 3298  1400 2330 3299  223 2400 4247  1194 2345 3300  110 2345 3300  790 2954 3301  1786 2954 3301  264 1596 3302  862 1596 3302  926 1815 3303  407 1815 3303  1517 3132 3304  360 1301 3657  1127 1688 3305  463 1688 3305  980 2032 3306  595 2032 3306  1287 2551 3307  211 2551 3307  1077 1575 3808  937 3309 3807  937 2370 3654  937 3309 3654  1306 2301 3310  740 2301 3310  440 1616 3311  801 1616 3311  366 2735 3312  973 2735 3312  988 3128 3313  1358 3128 3313  1350 3314 3315  391 1350 3314  1912 3042 3315  135 3042 3315  2152 3194 3316  1193 2152 3316  724 2563 3714  1498 3317 3614  642 2417 3318  642 2217 3318  1462 3110 3319  221 3110 3319  1844 2709 3320  501 1844 3320  1259 2150 3321  3 1259 3321  1242 1922 3322  405 3322 3811  2376 3323 3783  883 3323 3783  635 1861 3324  867 3324 3349  1079 2699 3325  1079 3031 3711  1302 3069 3326  1302 3326 3601  1006 1708 3327  258 3327 3941  1822 2467 3328  30 2467 3328  939 1785 3329  483 1785 3329  911 2237 3330  324 2237 3330  1337 1715 3331  469 1715 3331  285 2472 3616  706 2472 3332  2209 2998 3333  888 2209 3333  1873 2225 3334  888 1873 3334  1111 2388 3335  1251 2388 3335  894 1707 3336  192 1707 3336  2076 3336 3337  618 2076 3337  894 1390 3338  607 1390 3338  1101 2280 4272  1101 3340 4272  1009 2070 3340  320 2070 3340  947 2001 3341  585 2001 3341  1293 2810 3342  1149 2949 3505  185 1336 3343  185 1718 3343  932 1470 3344  130 1470 3344  1515 3253 3345  445 3253 3345  1352 3071 3346  1352 3346 3481  1351 2294 3347  631 2294 3347  834 3134 3348  834 1652 3348  1861 3324 3349  1861 2046 3349  1261 3350 4130  421 3350 4130  312 1916 3351  989 1916 3351  470 1726 3352  1726 3352 3355  1725 3353 3354  470 1725 3353  891 1494 3354  96 1494 3354  139 1776 3355  1776 3355 3408  891 1770 3356  260 1770 3356  479 1745 3408  1745 3357 3359  177 1754 3358  177 1603 3358  889 1713 3359  260 1713 3359  889 1777 3360  53 1777 3360  1745 3359 3361  479 1745 3361  143 1871 3362  143 1627 3362  1229 2338 3363  686 2338 3363  1185 2915 3364  147 2915 3364  262 1828 3365  896 1828 3365  896 2006 3366  2006 3366 4162  896 1658 3367  450 1658 3367  1117 3368 4075  1416 2115 3369  865 1416 3369  272 1803 3370  927 1803 3370  659 2379 3371  659 1455 3371  1459 3372 3373  966 3372 3373  397 2208 3373  966 2208 3373  1970 3374 3780  1004 1970 3374  1004 1970 3375  18 1970 3375  515 1378 3376  1378 1938 3376  255 1941 3377  1053 1446 3977  558 3378 4085  1327 3378 4085  594 2219 3379  1850 2219 3379  848 3172 3380  1602 3172 3380  913 1638 3381  433 1638 3381  913 2195 3382  237 3382 3878  267 1519 3383  913 1519 3383  1422 3384 3385  1003 3384 3385  399 1463 3385  1003 1463 3385  1294 2403 3386  560 2403 3386  409 3269 3387  409 1699 3387  430 1571 3388  833 2269 3529  445 1411 3389  1411 1412 3389  1188 2006 3390  496 2006 3390  906 2555 3510  906 3391 3510  966 1293 3465  966 2208 3465  302 2004 3393  1266 2004 3393  933 1471 3394  368 1471 3394  491 1679 3395  824 1679 3395  931 2272 3396  34 1593 3990  247 1789 3397  247 1472 3397  1652 3398 4099  1213 3398 4099  1279 1550 3399  720 3399 3962  471 1728 3400  1450 4255 4256  1087 1856 3401  536 1856 3401  969 2442 3402  707 2442 3402  1132 2232 3403  229 2232 3403  393 2125 3404  1071 2125 3404  1109 3405 4184  1109 1735 3405  1109 4184 4185  1071 3406 4184  46 1945 3407  1055 1449 3975  1745 3357 3408  890 3357 3408  905 1831 3409  92 1831 3409  1470 2678 3410  368 2678 3410  1894 2948 3411  907 1894 3411  907 2489 3412  553 2489 3412  1206 1878 3414  42 1206 3413  1206 3413 3414  958 3413 3414  569 1942 3415  950 1942 3415  738 1898 3416  984 1898 3416  1098 2147 3417  670 2147 3417  1615 2944 3418  789 2944 3418  480 2755 3419  480 1779 3419  2230 3097 3420  435 2230 3420  134 2271 3421  908 2271 3421  922 3239 3845  1570 3422 3843  922 1730 3423  223 1730 3423  1872 2254 3424  23 2254 3424  743 1568 4197  959 1568 3425  197 1286 3426  959 1286 3426  511 1701 3427  511 1563 3427  1559 2892 3428  762 2892 3428  476 1758 3429  910 1758 3429  962 1602 3430  289 1602 3430  990 1419 3431  990 1387 3431  562 1324 3432  81 1324 3432  962 3430 3433  698 3430 3433  1304 3156 3434  198 1304 3434  998 1809 3435  173 1809 3435  998 1206 3436  336 1206 3436  884 2511 3437  2510 2511 3437  1552 2332 3438  61 3438 3961  1427 2850 3439  209 2850 3439  1554 3440 3835  460 1554 3440  530 1767 3567  530 3441 3567  396 2209 3442  396 2224 3442  110 2618 4124  110 3443 4124  476 1759 3444  853 2212 3571  979 2692 3445  977 2692 3445  1380 2271 3447  134 2271 3447  920 3446 3447  1380 3447 3484  1153 2776 3448  344 2776 3448  364 1630 3449  1182 1451 4129  1907 2416 3450  304 2416 3450  798 2842 3451  798 1915 3451  624 3452 3863  1879 3452 3863  2384 2798 3453  62 2798 3453  29 2015 3454  1041 1716 3939  2252 3455 3456  267 2252 3455  912 2103 3456  599 2103 3456  912 1892 3457  1892 3457 3603  1348 3242 3458  774 3242 3458  315 2469 3459  1475 2469 3459  506 1871 3460  915 1871 3460  2361 2655 3461  925 2361 3461  323 2210 3462  1159 2210 3462  431 3241 3463  1353 3241 3463  2322 3464 4082  1056 2322 3464  2208 3392 3465  278 3392 3465  1197 3112 3467  43 1197 3466  1197 3466 3467  1060 3466 3467  626 1695 3468  1148 3468 4265  684 2373 3469  1312 2373 3469  683 2589 3470  1267 2589 3470  256 3471 3472  3471 3472 3817  746 3472 3817  1049 1500 3473  403 1500 3473  507 1793 3474  926 1793 3474  222 1815 3475  926 1815 3475  301 3476 3906  301 1866 3476  233 1972 3477  935 1972 3477  1997 2477 3478  729 2477 3478  653 3479 3979  767 1522 3480  1522 3480 3723  1245 2928 3481  782 2928 3481  159 2502 3482  1423 3482 3564  156 2504 3696  156 2028 3696  920 2576 3484  436 2576 3484  610 3477 3485  935 3477 3485  1272 2166 3486  215 2166 3486  59 1804 3487  59 1958 3487  673 1930 3488  673 2362 3488  271 2419 3489  271 2236 3489  1257 2666 3513  1257 3490 3513  1185 2699 3491  444 2699 3491  1179 1954 3492  326 1954 3492  1232 2870 3493  175 2870 3493  421 1214 3494  1214 3017 3494  1105 2110 3495  199 3495 4000  964 2333 3496  331 2333 3496  705 2470 3497  1086 2470 3497  1528 3303 3498  147 3498 4039  1801 3499 3500  492 1801 3499  1511 2708 3500  133 1511 3500  318 1987 3501  1987 3501 3502  556 2088 3502  933 2088 3502  933 2088 3503  56 2088 3503  1667 3367 3504  450 3367 3504  1149 3342 3505  1293 3342 3505  519 1944 3506  930 1944 3506  956 2490 3507  344 2490 3507  122 2898 3509  814 2898 3508  2898 3508 3509  956 3508 3509  974 2882 3510  410 2882 3510  457 1631 3511  945 3511 3732  1045 3512 4006  954 2200 3513  954 2666 3513  826 2213 3514  826 2615 3514  1222 3515 4266  210 1222 3515  385 1374 3516  385 1372 3516  1849 3517 4064  1092 3517 4064  343 2616 3518  1151 2616 3518  465 2335 3519  1366 2335 3519  518 2392 3520  518 1341 3520  1003 1463 3521  90 1463 3521  1131 2483 3522  582 2483 3522  177 1867 3523  1131 1867 3523  488 1712 3524  488 1722 3524  493 2017 3525  493 1626 3525  31 1795 3931  514 1795 3526  494 2485 3527  494 1805 3527  1344 2559 3528  1054 2559 3528  833 3388 3529  1571 3388 3529  411 1458 3530  940 2535 3588  940 2536 3531  78 2536 3531  2221 3271 3532  994 2221 3532  994 2221 3533  284 2221 3533  994 2093 3534  126 2093 3534  496 1828 3535  948 2102 3815  1410 3064 3536  148 1410 3536  1929 2172 3537  725 1929 3537  976 1359 3538  370 1359 3538  370 1332 3539  981 1332 3539  612 2122 3540  976 2122 3540  1645 3538 3541  203 1645 3541  403 1500 3542  955 1500 3542  1569 3542 3543  955 3542 3543  955 1639 3544  500 1639 3544  1640 3545 4052  904 1907 3785  904 3546 3785  1895 2770 3547  837 2770 3547  971 3548 3675  971 3076 3675  2216 2336 3549  615 2216 3549  924 1383 3550  1383 3550 3551  21 3464 4082  21 3551 4082  621 2606 3552  1000 2606 3552  1354 2844 3553  1000 2844 3553  982 2096 3554  2096 3554 3750  982 1613 3555  132 1613 3555  502 2220 3556  502 1834 3556  1321 2955 3557  673 2955 3557  905 1831 3558  265 1830 4114  1816 3559 3706  992 1816 3559  497 1830 3560  942 2061 3795  138 1710 3561  813 1710 3561  246 1391 3562  1391 3562 3690  1423 3563 3564  1089 3563 3564  159 2313 3564  1089 2313 3564  137 2420 3565  1428 2420 3565  876 3180 3566  2043 3180 3566  3224 3567 3791  287 3224 3567  1189 2468 3568  133 2468 3568  1275 2921 3569  793 2921 3569  969 2317 3570  151 2317 3570  853 3444 3571  1759 3444 3571  647 2299 3572  647 1590 3572  1133 2645 3573  531 2645 3573  164 2366 3574  981 2366 3574  12 1898 3575  738 1898 3575  2170 2453 3576  1704 2170 3576  1821 2076 3577  777 1821 3577  2222 2973 3578  850 2973 3578  1097 1858 3579  563 1858 3579  452 1542 3648  241 1542 3580  217 1953 3581  985 1953 3581  1277 2875 3582  539 2875 3582  953 2347 3583  276 2347 3583  953 1441 3584  158 1441 3584  2099 2706 3585  821 2706 3585  850 2973 3758  468 1696 3586  1266 3587 3837  353 1469 3587  940 3530 3588  1458 3530 3588  669 1589 3589  872 1589 3589  1216 2800 3590  764 2800 3590  506 1768 3591  1768 3591 3592  1663 3003 3592  952 1663 3592  276 1900 3593  952 1900 3593  721 1496 3594  524 1496 3594  50 1901 3595  50 1832 3595  1010 2579 3596  225 2579 3596  257 2220 3597  909 2220 3597  1805 3527 3598  143 1805 3598  1871 3598 3599  506 1871 3599  818 1749 3600  598 1749 3600  1278 2840 3601  160 2840 3601  820 1909 3602  820 1783 3602  961 3258 3603  161 3258 3603  2538 3604 4158  961 2538 3604  497 2339 3605  1514 2339 3605  771 2872 3606  771 1747 3606  1865 3607 3674  686 1865 3607  1784 2802 3608  819 2802 3608  1275 3609 4274  1215 3609 4274  821 2706 3610  1136 2706 3610  1447 2854 3611  756 2854 3611  1118 2254 3612  650 2254 3612  856 3193 3613  1949 3193 3613  1165 1656 3614  448 1656 3614  1656 3260 4239  1165 1656 3615  2472 3332 3616  985 3332 3616  386 1581 3617  1384 1581 3617  1284 2469 3618  315 2469 3618  358 2289 3804  1176 2289 3804  79 1300 3620  79 2227 3620  726 2662 4083  726 3621 4083  72 1625 3622  1524 1625 3622  1110 2373 3623  684 2373 3623  1074 1590 3624  1590 2569 3624  2501 3625 3638  647 2501 3625  449 1431 3626  1034 3626 3980  1256 3212 3627  1257 3212 3627  323 1158 3628  323 1714 3628  1080 3780 3781  1381 3629 3782  659 2379 3630  2379 3630 3632  1137 1744 4177  960 1744 3631  1657 3631 3632  960 3631 3632  1140 1509 3633  335 1509 3633  1603 3433 3634  177 1603 3634  286 2177 3635  1100 2177 3635  857 2087 3636  1119 2087 3636  1052 1310 3637  383 1310 3637  946 3625 3638  946 2459 3638  972 2712 3639  277 2712 3639  1439 2540 3640  194 2540 3640  142 1864 3641  965 1864 3641  965 2409 3642  550 2409 3642  1502 3035 3643  1016 1502 3643  1016 1984 3644  45 3644 3899  277 3645 4016  1620 3645 4016  700 1610 3646  700 2128 3646  629 2328 3647  629 1483 3647  1542 3580 3648  845 3580 3648  341 1977 3649  1123 1977 3649  117 1612 4009  117 1155 3650  242 1863 3651  242 1759 3651  486 1503 3652  486 1259 3652  1109 1649 4186  1649 3653 4186  107 2508 3654  107 2370 3654  2716 3416 3655  984 3416 3655  1684 3395 3656  824 3395 3656  360 3304 3657  1517 3304 3657  1375 2286 3658  437 1375 3658  426 1559 3659  1040 1559 3659  1040 1557 3660  425 1557 3660  1040 1994 3661  292 3661 3896  1130 1874 3662  145 1874 3662  555 2054 3663  715 2054 3663  993 2132 3664  660 2132 3664  186 2132 3665  993 2132 3665  2117 2300 3666  32 2117 3666  929 2877 4259  384 2877 3667  1067 1997 3668  545 1997 3668  1225 2804 3669  900 2804 3669  400 1969 3670  1072 1969 3670  260 1713 3671  1072 1713 3671  1658 2876 3672  1072 2876 3672  1168 1685 3673  345 1685 3673  751 3183 3674  1142 3183 3674  1231 3548 3675  96 1231 3675  592 2951 3676  1134 2951 3676  1192 2553 3678  1523 2553 3678  2268 2708 3678  1192 2268 3678  1340 2241 3679  885 3679 3986  602 2261 3680  987 2261 3680  751 2397 3681  751 1394 3681  1450 2675 3682  1450 3682 4255  320 2070 3683  986 2070 3683  986 1588 3684  584 1588 3684  1588 3268 3685  986 1588 3685  1321 3557 3686  378 3557 3686  1513 2505 3687  1047 1513 3687  1212 1653 3688  342 1653 3688  545 1999 3689  1999 2243 3689  381 2660 3690  987 2660 3690  987 2261 3691  504 2261 3691  476 1681 3692  476 1769 3692  367 1932 3693  901 1932 3693  2090 2542 3694  1187 2090 3694  784 1617 3695  1239 2525 3994  2028 3483 3696  1168 3483 3696  1161 2424 3697  137 2424 3697  1637 3698 4021  597 1637 3698  975 2019 3699  58 2019 3699  841 1512 3700  841 2342 3700  504 1840 3701  1005 1840 3701  106 1963 3702  1005 1963 3702  245 1510 4164  408 1510 3703  939 2205 3704  238 2205 3704  597 2183 3705  2183 3705 3707  2184 3705 3706  991 3705 3706  142 1579 3707  991 1579 3707  1576 2263 3708  6 2263 3708  486 1503 3709  1503 2329 3709  1027 3710 3935  42 1740 3936  604 2281 3711  918 2281 3711  146 2460 3712  1506 2460 3712  521 1949 3713  1076 1949 3713  1205 2563 3714  1205 1498 3714  983 1989 3715  150 1989 3715  983 2392 3716  288 2392 3716  1008 2144 3717  250 2144 3717  462 2624 4287  462 3718 4287  190 2275 3719  190 1405 3719  1144 1980 3720  540 1980 3720  1602 3380 3721  962 1602 3721  376 2266 3722  996 2266 3722  996 2438 3723  114 2438 3723  682 2438 3724  996 2438 3724  1177 1561 3725  328 1561 3725  1283 2989 3726  454 2989 3726  65 1960 3727  1434 1960 3727  189 2010 3728  999 2010 3728  999 2010 3729  546 2010 3729  999 1531 3730  422 1531 3730  1670 1675 3731  580 1670 3731  1631 3511 3732  1631 3732 4128  1486 2504 3733  668 2504 3733  750 1436 3734  750 1564 3734  1167 3735 3771  525 3735 3771  1167 2521 3736  374 2521 3736  1167 1576 3737  519 1576 3737  263 3998 4149  263 1431 4149  1893 3199 3739  414 3199 3739  1014 1647 3740  448 1647 3740  1014 2901 3741  2901 3741 4170  1180 2437 3742  326 2437 3742  1484 3211 3743  64 1484 3743  196 1502 3744  196 1413 3744  695 1387 3745  105 3745 3984  1018 2827 3746  1018 1948 3746  878 3747 3905  27 1643 3949  1001 1560 3748  428 1560 3748  300 2041 3749  1001 2041 3749  1001 2041 3750  547 2041 3750  1318 2387 4130  455 1432 4077  1686 2861 3752  1007 1686 3752  466 2315 3753  1445 2315 3753  1190 2502 3754  548 2502 3754  989 2196 3755  49 2196 3755  1024 1890 3756  1024 2015 3756  552 2280 3757  1010 2280 3757  87 1833 3758  87 1696 3758  1124 1889 3759  513 1889 3759  1831 2816 3760  1031 2816 3760  66 2042 3761  1021 2023 3887  1112 1457 3762  1457 3762 4136  1465 3821 4275  405 3821 4275  1011 2104 3764  160 2104 3764  587 2271 3765  1380 2271 3765  501 2064 3766  501 1845 3766  593 3062 3767  823 3062 3767  1640 3401 3768  536 3401 3768  1530 3512 3769  417 3512 3769  1141 1850 3770  149 1850 3770  1184 2625 3771  525 2625 3771  995 2155 3772  995 1886 3772  2179 3773 4138  947 2178 3773  361 3100 3774  1389 3100 3774  1329 2316 3775  456 2316 3775  1664 2529 4257  1664 3776 4257  1471 2941 3777  788 2941 3777  1082 2052 3778  893 2052 3778  130 2515 3779  1082 2515 3779  507 2478 3780  1080 2478 3780  1477 3629 3781  18 1477 3781  1080 2478 3782  314 2478 3782  1119 2087 3783  883 2087 3783  1952 2903 3784  238 1952 3784  1113 1937 3785  1113 1907 3785  1421 2950 3786  520 1421 3786  766 2619 3787  1242 2619 3787  997 2023 3788  532 2023 3788  288 2040 3789  997 2040 3789  802 2979 3790  802 1906 3790  1085 1859 3791  899 1859 3791  1514 2901 3792  542 2901 3792  658 2090 3793  722 2090 3793  837 3098 3794  1899 3098 3794  942 3560 3795  1830 3560 3795  374 3040 3796  1489 3040 3796  1349 2180 3797  259 1349 3797  813 1711 3798  229 1711 3798  1365 2051 3799  279 2051 3799  459 1413 3800  459 1894 3800  1310 3801 4152  1143 3801 4152  1539 2868 3802  172 2868 3802  871 3803 3908  1618 3954 4074  1233 2925 3804  358 2925 3804  1292 2759 3805  731 2759 3805  248 1501 3856  403 1501 3806  937 3308 3807  1077 3807 3808  3308 3807 3808  337 3308 3808  676 2253 3809  1246 2253 3809  1725 3120 3810  858 3120 3810  1242 3322 3811  1242 1281 3811  552 1819 3812  870 1819 3812  418 2391 3813  1093 2391 3813  469 2433 3814  1093 2433 3814  948 3535 3815  1828 3535 3815  1096 1889 3816  355 1889 3816  1096 1444 3817  746 1444 3817  505 2124 3818  1006 2124 3818  1006 2123 3819  432 2123 3819  2444 3820 4163  625 3820 4163  1464 3322 3821  405 3322 3821  649 2287 3822  1141 2287 3822  1141 1849 3823  503 1849 3823  743 1538 3824  197 1538 3824  76 1623 3825  1260 1623 3825  1717 2560 3826  840 2560 3826  1205 2674 3827  60 2674 3827  805 1311 3828  1311 2257 3828  914 1626 3829  94 3829 3952  571 1867 3830  1754 1867 3830  305 3831 3997  305 1419 3831  1453 3243 3832  394 3243 3832  1009 1901 3833  583 1901 3833  185 2308 3834  1078 2308 3834  1078 2306 3835  337 2306 3835  129 2588 3836  1265 2588 3836  1265 2396 3837  353 2396 3837  2082 3695 3838  1239 3695 3838  1291 3285 3839  427 1291 3839  1415 3839 3840  132 1415 3840  1613 3840 3841  437 1613 3841  725 1636 3842  641 1636 3842  1435 2411 3843  430 2411 3843  661 1435 3844  70 3844 3978  293 2349 3845  1061 1570 3958  329 1856 3846  1087 1856 3846  758 2159 3847  758 1897 3847  1479 2319 3848  99 2319 3848  500 1639 3849  1030 3849 3950  944 3850 3928  944 1928 3850  196 1502 3851  1263 1502 3851  1097 1677 3852  643 3852 3946  1043 1690 3853  423 1690 3853  1314 2668 3854  163 2668 3854  2065 3854 3855  588 2065 3855  1501 3806 3856  1077 3806 3856  522 2492 3857  1183 2492 3857  1183 1624 3858  516 1624 3858  547 2041 3859  1042 2041 3859  1839 3691 3860  504 3691 3860  471 1728 3861  745 1728 3861  291 1837 3862  291 2078 3862  77 3863 3913  77 1879 3863  1845 3766 3864  299 3864 3923  509 1756 3865  1015 1756 3865  1015 1796 3866  514 1796 3866  296 1957 3867  1957 3867 4055  699 4001 4153  1104 4001 4153  1818 3635 3869  1058 1818 3869  3247 3248 3870  733 3248 3870  2482 3181 3871  692 3181 3871  1948 2990 3872  1018 1948 3872  1877 2976 3873  1033 1877 3873  978 2597 3874  24 2597 3874  308 2560 3875  846 2560 3875  1664 2529 3876  655 2529 3876  2498 3032 3877  26 2498 3877  2195 3382 3878  843 2195 3878  1065 2177 3879  286 2177 3879  2087 3225 3880  74 3225 3880  671 2078 3881  291 2078 3881  2045 3728 3882  1044 2045 3882  2044 3749 3883  1038 2044 3883  2042 3859 3884  1042 3859 3884  1042 2041 3885  300 2041 3885  2037 3702 3886  1048 2037 3886  2023 3761 3887  66 3761 3887  29 2015 3888  1024 2015 3888  76 2011 3889  2011 3889 3890  546 2010 3890  1020 3890 3891  2010 3890 3891  189 2010 3891  1035 2004 3892  302 2004 3892  1998 3668 3893  308 1998 3893  37 1997 3894  1067 1997 3894  1995 3661 3895  292 3661 3895  1994 3661 3896  1041 1994 3896  296 1990 3897  1021 1990 3897  280 1985 3898  728 1985 3898  1984 3644 3899  1045 1984 3899  1066 1980 3900  275 1980 3900  281 2214 3901  849 2214 3901  47 1973 3902  885 1973 3902  634 1967 3903  199 1967 3903  3368 3904 4075  298 3368 3904  1966 3864 3905  299 3864 3905  1964 3476 3906  662 1964 3906  1022 1957 3907  296 1957 3907  1951 3745 3908  105 3745 3908  46 1945 3909  720 1945 3909  254 1944 3910  1023 1944 3910  1943 3438 3911  61 3438 3911  255 1941 3912  877 1941 3912  1928 3863 3913  944 1928 3913  1923 2955 3914  309 2955 3914  1024 1890 3915  256 1890 3915  655 1887 3916  213 1887 3916  187 1880 3917  1880 3917 3918  512 1879 3918  1025 3918 3919  1879 3918 3919  77 1879 3919  1876 3852 3920  643 3852 3920  1043 1866 3921  301 1866 3921  1852 3666 3922  32 3666 3922  1845 3864 3923  1845 3923 3924  501 1844 3924  1029 3924 3925  1844 3924 3925  103 1844 3925  246 1839 3926  1028 1839 3926  1837 3849 3927  1030 3849 3927  1817 3850 3928  181 1817 3928  692 1810 3929  101 1810 3929  1050 1796 3930  1796 3930 4043  1795 3526 3931  1050 3526 3931  247 1789 3932  1068 1789 3932  1015 1756 4043  1026 1756 3933  881 1755 3934  295 1755 3934  1741 3710 3935  258 1741 3935  1740 3710 3936  1027 3710 3936  864 1723 3937  4 1723 3937  1720 2431 3938  1032 2431 3938  1716 3454 3939  29 3454 3939  843 1709 3940  104 1709 3940  1708 3327 3941  1037 1708 3941  1051 1705 3942  251 2739 4214  898 2355 3943  25 2355 3943  1058 1694 3944  28 1694 3944  24 1690 3945  1043 1690 3945  1677 3852 3946  22 1677 3946  810 1668 3947  290 1668 3947  1048 1661 3948  303 1661 3948  1643 3747 3949  878 3747 3949  1639 3849 3950  63 1639 3950  1638 3382 3951  237 3382 3951  1626 3829 3952  1065 1626 3952  1033 1623 3953  76 1623 3953  1618 3803 3954  871 3803 3954  1617 3844 3955  70 3844 3955  664 1589 3956  297 1589 3956  662 1586 3957  67 1586 3957  1570 3845 3958  293 3845 3958  62 1558 3959  1039 1558 3959  1553 2880 3960  294 1553 3960  1552 3438 3961  1064 1552 3961  1550 3399 3962  307 1550 3962  25 1549 3963  1035 1549 3963  181 1533 3964  1046 1533 3964  422 1532 4282  47 1532 3965  1527 3626 3966  1034 3626 3966  1983 3644 3967  45 3644 3967  1513 3197 3968  39 3197 3968  1049 1501 3969  248 1501 3969  63 1500 3970  1049 1500 3970  102 1481 3971  1063 1481 3971  248 1575 3972  963 1575 3972  1473 3121 3973  1036 3121 3973  1472 3121 3974  247 1472 3974  1449 3407 3975  46 3407 3975  1059 1448 3976  44 1448 3976  1446 3377 3977  255 3377 3977  1435 3844 3978  1061 1435 3978  1881 3479 3979  187 1881 3979  1431 3626 3980  263 1431 3980  990 1419 3981  305 1419 3981  1417 3176 3982  1066 3176 3982  1054 1391 3983  246 1391 3983  1387 3745 3984  990 1387 3984  1063 2664 3985  281 2664 3985  1340 2999 3986  200 2999 3986  1328 3032 3987  1019 3032 3987  304 1322 3988  1059 1322 3988  309 1321 3989  1055 1321 3989  1593 3396 3990  931 3396 3990  253 1310 3991  1052 1310 3991  30 1309 3992  1053 1309 3992  1249 3025 3993  787 3025 3993  1239 3695 3994  784 3695 3994  98 1218 3995  1057 1218 3995  1210 3156 3996  887 3156 3996  1196 3831 3997  1060 1196 3997  2150 3998 4149  716 2150 3998  1143 3868 4153  253 1310 4152  949 4000 4168  949 1822 4168  1104 2586 4001  1104 3868 4153  1028 1963 4002  106 1963 4002  2022 3829 4003  94 3829 4003  2447 2709 4004  1069 2447 4004  28 2503 4005  1062 2503 4005  1530 3512 4006  204 1530 4006  1156 2797 4007  2797 4007 4011  1157 2494 4008  136 2494 4008  117 3650 4009  1156 3650 4009  1157 2797 4010  349 2797 4010  1398 4008 4011  453 1398 4011  389 3162 4012  533 1326 4136  1142 2314 4013  645 2314 4013  1463 1543 4014  452 1543 4014  275 1980 4015  1144 1980 4015  970 3314 4016  1620 3314 4016  184 1934 4017  184 1624 4017  1119 2376 4018  740 2376 4018  2232 2598 4019  1132 2232 4019  906 1882 4020  533 1882 4020  816 2526 4021  1146 2526 4021  1146 1773 4022  482 1773 4022  1146 2212 4023  242 2212 4023  372 1305 4024  372 1682 4024  681 1485 4025  146 1485 4025  1569 2952 4026  718 2952 4026  1127 2533 4027  711 2533 4027  1127 1606 4028  88 1606 4028  516 2596 4029  1610 2596 4029  568 1918 4030  1227 1918 4030  860 1534 4031  528 1534 4031  359 2986 4032  359 1583 4032  1842 1917 4033  640 1917 4033  796 2025 4034  2025 4034 4264  1084 2073 4035  561 2073 4035  1084 2487 4036  648 2487 4036  555 2053 4037  1292 2053 4037  2083 2688 4038  1086 2688 4038  1528 3498 4039  1079 1528 4039  2009 2738 4040  579 2009 4040  651 1460 4041  651 2303 4041  1282 2054 4042  555 2054 4042  1756 3933 4043  252 3933 4043  1398 2562 4044  759 2562 4044  463 1688 4045  717 1688 4045  25 1549 4046  25 2355 4046  1228 2484 4047  678 2484 4047  975 3699 4048  1181 3699 4048  587 1911 4049  1911 4049 4050  314 2434 4050  1081 2434 4050  1118 2608 4051  672 2608 4051  9 2567 4052  1087 2567 4052  162 2179 4053  1588 2179 4053  846 2368 4054  846 1717 4054  523 2119 4055  1083 2119 4055  150 1989 4056  1083 1989 4056  1083 1989 4057  532 1989 4057  710 2186 4058  1175 2186 4058  1175 2348 4059  338 2348 4059  1382 2576 4060  713 2576 4060  176 1794 4061  916 1794 4061  1062 1561 4062  1177 1561 4062  49 2106 4063  1092 2106 4063  316 3038 4064  1092 3038 4064  1297 3630 4065  960 3630 4065  997 2040 4066  547 2040 4066  5 2476 4067  2058 2476 4067  556 1986 4068  934 1974 4213  1247 3755 4069  49 3755 4069  1139 2571 4070  112 2571 4070  1138 2561 4071  455 2561 4071  209 1812 4072  1138 1812 4072  1176 1738 4073  135 1738 4073  2628 4062 4074  1177 4062 4074  1031 2816 4075  1117 2816 4075  1318 4077 4080  1253 4076 4077  1432 3751 4077  1318 3751 4077  1147 2358 4078  349 2358 4078  620 2732 4079  620 1585 4079  82 2423 4080  1253 2423 4080  394 4081 4204  1455 4081 4204  1106 3551 4082  1106 2322 4082  319 2147 4083  1098 2147 4083  1098 3417 4084  119 3417 4084  1896 2240 4085  2240 4085 4280  1295 3122 4086  1295 2410 4086  950 1595 4087  1595 4087 4191  1311 2012 4088  794 2012 4088  725 1636 4089  725 2753 4089  1008 3717 4090  1384 4090 4288  119 1540 4091  794 1540 4091  425 2593 4092  917 2593 4092  398 2857 4094  1364 2857 4094  1296 4094 4132  398 4094 4132  1122 1529 4095  570 1529 4095  395 1774 4096  1122 1774 4096  574 1529 4097  1122 1529 4097  2199 2860 4098  760 2860 4098  219 2611 4099  1213 2611 4099  1433 2690 4102  153 2690 4102  1316 2631 4101  539 2631 4101  1276 2521 4102  1433 2521 4102  1095 2146 4103  573 2146 4103  154 2146 4104  1095 2146 4104  315 2823 4105  1089 2823 4105  2020 4105 4106  1089 4105 4106  1454 3243 4107  980 3243 4107  1800 4108 4110  231 1800 4108  640 1917 4109  1094 1917 4109  1094 2176 4110  492 2176 4110  171 2072 4112  561 2072 4111  2072 4111 4112  1088 4111 4112  560 2080 4113  1088 2080 4113  1830 3558 4114  905 3558 4114  357 2792 4115  1120 2792 4115  832 2175 4116  832 1782 4116  1102 2395 4117  380 2395 4117  1102 2694 4118  208 2694 4118  702 2694 4119  1102 2694 4119  1255 2578 4120  365 1255 4120  154 1337 4121  1090 1337 4121  390 1430 4122  390 2108 4122  413 2617 4123  1140 2617 4123  1140 2617 4124  694 2617 4124  1209 2961 4125  893 2961 4125  1574 3491 4189  1574 4126 4189  852 2092 4127  78 2092 4127  1182 3118 4128  282 3118 4128  1182 3449 4129  364 3449 4129  1318 3751 4130  421 3751 4130  1339 2224 4131  396 2224 4131  1363 2861 4132  398 2861 4132  923 2924 4133  1346 2924 4133  838 1469 4134  838 2206 4134  742 1646 4135  1646 1872 4135  1326 4012 4136  389 4012 4136  1512 2787 4137  1148 1512 4137  162 2001 4138  947 2001 4138  1154 2171 4139  665 2171 4139  339 2371 4140  1154 2371 4140  633 2215 4141  1099 2215 4141  831 2014 4142  2014 2672 4142  373 3104 4143  1237 3104 4143  1506 3712 4144  402 1506 4144  1171 2480 4145  327 2480 4145  569 2462 4146  569 2104 4146  1254 1723 4147  864 1723 4147  800 2865 4148  1097 2865 4148  1431 3738 4149  1147 3738 4149  284 2535 4150  284 2599 4150  1143 1875 4151  529 1875 4151  253 3999 4152  1143 4152 4153  3999 4152 4153  699 3999 4153  2188 3279 4154  827 3279 4154  1270 2594 4155  1270 2791 4155  1200 2830 4156  795 2830 4156  822 2000 4157  822 1425 4157  433 2322 4158  1106 2322 4158  2027 3047 4159  1128 3047 4159  753 1979 4160  753 1482 4160  1188 1543 4161  399 1543 4161  1188 1736 4162  124 1736 4162  1333 1943 4163  625 1943 4163  1510 3703 4164  1005 3703 4164  356 2296 4165  1272 2296 4165  93 2404 4166  1411 2404 4166  1105 2110 4167  383 2110 4167  3495 4000 4168  1105 3495 4168  1814 2618 4169  1178 2618 4169  1514 2339 4170  144 2339 4170  1128 2673 4171  735 2673 4171  989 1916 4172  592 1916 4172  2260 3266 4173  1108 3266 4173  1108 2259 4174  377 2259 4174  1313 1755 4175  881 1755 4175  533 1232 4176  1232 1858 4176  1744 3631 4177  517 3631 4177  1100 2799 4178  764 2799 4178  451 2234 4179  1428 2234 4179  410 2398 4180  1107 2398 4180  407 1566 4181  1107 1566 4181  1107 2398 4182  604 2398 4182  490 1766 4183  1246 1766 4183  3404 3405 4184  1071 3404 4184  3406 4184 4185  392 3406 4185  770 1735 4293  1109 1735 4186  992 1887 4187  875 1887 4187  1465 3821 4245  1465 4188 4245  1185 2916 4189  1185 3491 4189  854 2451 4190  854 2857 4190  1136 2706 4191  352 2706 4191  55 3610 4192  1136 3610 4192  428 1478 4193  428 1560 4193  1007 2451 4194  1007 2458 4194  1990 4057 4195  532 4057 4195  2277 4171 4196  776 2277 4196  1568 3425 4197  423 3425 4197  750 1388 4279  1388 4198 4199  1291 2047 4199  380 2047 4199  551 1562 4200  1166 1562 4200  226 2257 4201  1166 2257 4201  566 2154 4202  1166 2154 4202  382 2905 4203  1875 2905 4203  1454 3371 4204  1455 3371 4204  439 1847 4205  1217 1847 4205  1217 1847 4206  128 1847 4206  138 1551 4207  1202 1551 4207  1202 1551 4208  467 1551 4208  1642 4207 4209  1202 4207 4209  710 2186 4210  710 2407 4210  1124 1722 4211  355 1722 4211  1176 2289 4212  473 2289 4212  1974 4068 4213  556 4068 4213  251 3942 4214  1705 3942 4214  824 1679 4215  257 1679 4215  1121 2362 4216  673 2362 4216  1350 2564 4217  1350 1738 4217  1618 4074 4218  1177 4074 4218  1172 3055 4219  1172 2024 4219  628 2415 4220  1160 2415 4220  968 3666 4221  1852 3666 4221  675 2189 4222  1113 2189 4222  635 1907 4223  1113 1907 4223  1655 3260 4224  1164 3260 4224  1573 3038 4225  316 3038 4225  798 1510 4226  245 1510 4226  1008 2143 4227  621 1931 4278  384 2877 4228  1308 2877 4228  522 3127 4229  1459 3127 4229  714 2670 4230  714 2014 4230  850 1718 4231  185 1718 4231  1727 3594 4232  524 3594 4232  1329 3775 4233  817 3775 4233  2260 3439 4234  209 3439 4234  513 1890 4235  513 1889 4235  2313 4106 4236  1351 2313 4236  1397 2761 4237  249 2761 4237  1566 2929 4238  84 2929 4238  1656 3615 4239  330 3615 4239  1103 4067 4240  2058 4067 4240  201 3809 4241  1246 3809 4241  346 2223 4242  1246 2223 4242  964 1913 4243  711 1913 4243  1633 2907 4244  777 2907 4244  475 2112 4245  1464 2112 4245  1123 1978 4246  180 1978 4246  223 3299 4247  1400 3299 4247  321 2167 4248  1116 2167 4248  2167 4249 4250  1115 2166 4249  1447 3611 4250  1115 3611 4250  1116 2167 4251  575 2167 4251  678 1628 4252  508 1628 4252  1343 2636 4253  381 2636 4253  562 1925 4254  562 1369 4254  1361 2567 4255  10 2567 4255  471 2917 4256  1361 2917 4256  875 3022 4257  875 2529 4257  834 1760 4258  567 1760 4258  2877 3667 4259  968 3667 4259  1809 2908 4260  739 2908 4260  615 2071 4261  770 2071 4261  599 1601 4262  68 1601 4262  1385 2165 4263  657 2165 4263  166 1744 4264  1137 1744 4264  1695 3468 4265  943 1695 4265  580 1200 4266  1200 1222 4266  1919 2682 4267  367 1919 4267  402 2934 4268  1474 2934 4268  1163 2974 4269  330 2974 4269  232 2074 4270  1175 2074 4270  2031 3866 4271  571 2031 4271  320 2913 4272  2280 2913 4272  234 2608 4273  234 2533 4273  340 2671 4274  1215 2671 4274  1011 3764 4275  1465 3764 4275  1091 2026 4276  744 2026 4276  2033 3715 4277  150 3715 4277  621 4227 4278  2143 4227 4278  1388 4199 4279  380 4199 4279  689 1732 4280  1732 4280 4281  567 1591 4281  1327 1591 4281  1532 3965 4282  1044 3965 4282  2181 2922 4283  7 2181 4283  174 2351 4284  1134 2351 4284  1134 2351 4285  594 2351 4285  2728 2864 4286  1133 2728 4286  3718 4090 4287  1384 4090 4287  3717 4090 4288  250 3717 4288  127 1918 4289  1135 1918 4289  352 2099 4290  2099 4290 4291  2098 4289 4291  1135 4289 4291  984 1898 4292  13 1898 4292  1735 4186 4293  123 4186 4293  4294 4296 4298  4 11 4297  10 3682 4295  7 4296 4298  7 8 4296  4 3682 4297  3682 4295 4297  3545 4283 4298  7 4283 4298  </DataArray>
<DataArray  type="UInt32"  Name="offsets"  format="ascii">3 6 9 12 15 18 21 24 27 30 33 36 39 42 45 48 51 54 57 60 63 66 69 72 75 78 81 84 87 90 93 96 99 102 105 108 111 114 117 120 123 126 129 132 135 138 141 144 147 150 153 156 159 162 165 168 171 174 177 180 183 186 189 192 195 198 201 204 207 210 213 216 219 222 225 228 231 234 237 240 243 246 249 252 255 258 261 264 267 270 273 276 279 282 285 288 291 294 297 300 303 306 309 312 315 318 321 324 327 330 333 336 339 342 345 348 351 354 357 360 363 366 369 372 375 378 381 384 387 390 393 396 399 402 405 408 411 414 417 420 423 426 429 432 435 438 441 444 447 450 453 456 459 462 465 468 471 474 477 480 483 486 489 492 495 498 501 504 507 510 513 516 519 522 525 528 531 534 537 540 543 546 549 552 555 558 561 564 567 570 573 576 579 582 585 588 591 594 597 600 603 606 609 612 615 618 621 624 627 630 633 636 639 642 645 648 651 654 657 660 663 666 669 672 675 678 681 684 687 690 693 696 699 702 705 708 711 714 717 720 723 726 729 732 735 738 741 744 747 750 753 756 759 762 765 768 771 774 777 780 783 786 789 792 795 798 801 804 807 810 813 816 819 822 825 828 831 834 837 840 843 846 849 852 855 858 861 864 867 870 873 876 879 882 885 888 891 894 897 900 903 906 909 912 915 918 921 924 927 930 933 936 939 942 945 948 951 954 957 960 963 966 969 972 975 978 981 984 987 990 993 996 999 1002 1005 1008 1011 1014 1017 1020 1023 1026 1029 1032 1035 1038 1041 1044 1047 1050 1053 1056 1059 1062 1065 1068 1071 1074 1077 1080 1083 1086 1089 1092 1095 1098 1101 1104 1107 1110 1113 1116 1119 1122 1125 1128 1131 1134 1137 1140 1143 1146 1149 1152 1155 1158 1161 1164 1167 1170 1173 1176 1179 1182 1185 1188 1191 1194 1197 1200 1203 1206 1209 1212 1215 1218 1221 1224 1227 1230 1233 1236 1239 1242 1245 1248 1251 1254 1257 1260 1263 1266 1269 1272 1275 1278 1281 1284 1287 1290 1293 1296 1299 1302 1305 1308 1311 1314 1317 1320 1323 1326 1329 1332 1335 1338 1341 1344 1347 1350 1353 1356 1359 1362 1365 1368 1371 1374 1377 1380 1383 1386 1389 1392 1395 1398 1401 1404 1407 1410 1413 1416 1419 1422 1425 1428 1431 1434 1437 1440 1443 1446 1449 1452 1455 1458 1461 1464 1467 1470 1473 1476 1479 1482 1485 1488 1491 1494 1497 1500 1503 1506 1509 1512 1515 1518 1521 1524 1527 1530 1533 1536 1539 1542 1545 1548 1551 1554 1557 1560 1563 1566 1569 1572 1575 1578 1581 1584 1587 1590 1593 1596 1599 1602 1605 1608 1611 1614 1617 1620 1623 1626 1629 1632 1635 1638 1641 1644 1647 1650 1653 1656 1659 1662 1665 1668 1671 1674 1677 1680 1683 1686 1689 1692 1695 1698 1701 1704 1707 1710 1713 1716 1719 1722 1725 1728 1731 1734 1737 1740 1743 1746 1749 1752 1755 1758 1761 1764 1767 1770 1773 1776 1779 1782 1785 1788 1791 1794 1797 1800 1803 1806 1809 1812 1815 1818 1821 1824 1827 1830 1833 1836 1839 1842 1845 1848 1851 1854 1857 1860 1863 1866 1869 1872 1875 1878 1881 1884 1887 1890 1893 1896 1899 1902 1905 1908 1911 1914 1917 1920 1923 1926 1929 1932 1935 1938 1941 1944 1947 1950 1953 1956 1959 1962 1965 1968 1971 1974 1977 1980 1983 1986 1989 1992 1995 1998 2001 2004 2007 2010 2013 2016 2019 2022 2025 2028 2031 2034 2037 2040 2043 2046 2049 2052 2055 2058 2061 2064 2067 2070 2073 2076 2079 2082 2085 2088 2091 2094 2097 2100 2103 2106 2109 2112 2115 2118 2121 2124 2127 2130 2133 2136 2139 2142 2145 2148 2151 2154 2157 2160 2163 2166 2169 2172 2175 2178 2181 2184 2187 2190 2193 2196 2199 2202 2205 2208 2211 2214 2217 2220 2223 2226 2229 2232 2235 2238 2241 2244 2247 2250 2253 2256 2259 2262 2265 2268 2271 2274 2277 2280 2283 2286 2289 2292 2295 2298 2301 2304 2307 2310 2313 2316 2319 2322 2325 2328 2331 2334 2337 2340 2343 2346 2349 2352 2355 2358 2361 2364 2367 2370 2373 2376 2379 2382 2385 2388 2391 2394 2397 2400 2403 2406 2409 2412 2415 2418 2421 2424 2427 2430 2433 2436 2439 2442 2445 2448 2451 2454 2457 2460 2463 2466 2469 2472 2475 2478 2481 2484 2487 2490 2493 2496 2499 2502 2505 2508 2511 2514 2517 2520 2523 2526 2529 2532 2535 2538 2541 2544 2547 2550 2553 2556 2559 2562 2565 2568 2571 2574 2577 2580 2583 2586 2589 2592 2595 2598 2601 2604 2607 2610 2613 2616 2619 2622 2625 2628 2631 2634 2637 2640 2643 2646 2649 2652 2655 2658 2661 2664 2667 2670 2673 2676 2679 2682 2685 2688 2691 2694 2697 2700 2703 2706 2709 2712 2715 2718 2721 2724 2727 2730 2733 2736 2739 2742 2745 2748 2751 2754 2757 2760 2763 2766 2769 2772 2775 2778 2781 2784 2787 2790 2793 2796 2799 2802 2805 2808 2811 2814 2817 2820 2823 2826 2829 2832 2835 2838 2841 2844 2847 2850 2853 2856 2859 2862 2865 2868 2871 2874 2877 2880 2883 2886 2889 2892 2895 2898 2901 2904 2907 2910 2913 2916 2919 2922 2925 2928 2931 2934 2937 2940 2943 2946 2949 2952 2955 2958 2961 2964 2967 2970 2973 2976 2979 2982 2985 2988 2991 2994 2997 3000 3003 3006 3009 3012 3015 3018 3021 3024 3027 3030 3033 3036 3039 3042 3045 3048 3051 3054 3057 3060 3063 3066 3069 3072 3075 3078 3081 3084 3087 3090 3093 3096 3099 3102 3105 3108 3111 3114 3117 3120 3123 3126 3129 3132 3135 3138 3141 3144 3147 3150 3153 3156 3159 3162 3165 3168 3171 3174 3177 3180 3183 3186 3189 3192 3195 3198 3201 3204 3207 3210 3213 3216 3219 3222 3225 3228 3231 3234 3237 3240 3243 3246 3249 3252 3255 3258 3261 3264 3267 3270 3273 3276 3279 3282 3285 3288 3291 3294 3297 3300 3303 3306 3309 3312 3315 3318 3321 3324 3327 3330 3333 3336 3339 3342 3345 3348 3351 3354 3357 3360 3363 3366 3369 3372 3375 3378 3381 3384 3387 3390 3393 3396 3399 3402 3405 3408 3411 3414 3417 3420 3423 3426 3429 3432 3435 3438 3441 3444 3447 3450 3453 3456 3459 3462 3465 3468 3471 3474 3477 3480 3483 3486 3489 3492 3495 3498 3501 3504 3507 3510 3513 3516 3519 3522 3525 3528 3531 3534 3537 3540 3543 3546 3549 3552 3555 3558 3561 3564 3567 3570 3573 3576 3579 3582 3585 3588 3591 3594 3597 3600 3603 3606 3609 3612 3615 3618 3621 3624 3627 3630 3633 3636 3639 3642 3645 3648 3651 3654 3657 3660 3663 3666 3669 3672 3675 3678 3681 3684 3687 3690 3693 3696 3699 3702 3705 3708 3711 3714 3717 3720 3723 3726 3729 3732 3735 3738 3741 3744 3747 3750 3753 3756 3759 3762 3765 3768 3771 3774 3777 3780 3783 3786 3789 3792 3795 3798 3801 3804 3807 3810 3813 3816 3819 3822 3825 3828 3831 3834 3837 3840 3843 3846 3849 3852 3855 3858 3861 3864 3867 3870 3873 3876 3879 3882 3885 3888 3891 3894 3897 3900 3903 3906 3909 3912 3915 3918 3921 3924 3927 3930 3933 3936 3939 3942 3945 3948 3951 3954 3957 3960 3963 3966 3969 3972 3975 3978 3981 3984 3987 3990 3993 3996 3999 4002 4005 4008 4011 4014 4017 4020 4023 4026 4029 4032 4035 4038 4041 4044 4047 4050 4053 4056 4059 4062 4065 4068 4071 4074 4077 4080 4083 4086 4089 4092 4095 4098 4101 4104 4107 4110 4113 4116 4119 4122 4125 4128 4131 4134 4137 4140 4143 4146 4149 4152 4155 4158 4161 4164 4167 4170 4173 4176 4179 4182 4185 4188 4191 4194 4197 4200 4203 4206 4209 4212 4215 4218 4221 4224 4227 4230 4233 4236 4239 4242 4245 4248 4251 4254 4257 4260 4263 4266 4269 4272 4275 4278 4281 4284 4287 4290 4293 4296 4299 4302 4305 4308 4311 4314 4317 4320 4323 4326 4329 4332 4335 4338 4341 4344 4347 4350 4353 4356 4359 4362 4365 4368 4371 4374 4377 4380 4383 4386 4389 4392 4395 4398 4401 4404 4407 4410 4413 4416 4419 4422 4425 4428 4431 4434 4437 4440 4443 4446 4449 4452 4455 4458 4461 4464 4467 4470 4473 4476 4479 4482 4485 4488 4491 4494 4497 4500 4503 4506 4509 4512 4515 4518 4521 4524 4527 4530 4533 4536 4539 4542 4545 4548 4551 4554 4557 4560 4563 4566 4569 4572 4575 4578 4581 4584 4587 4590 4593 4596 4599 4602 4605 4608 4611 4614 4617 4620 4623 4626 4629 4632 4635 4638 4641 4644 4647 4650 4653 4656 4659 4662 4665 4668 4671 4674 4677 4680 4683 4686 4689 4692 4695 4698 4701 4704 4707 4710 4713 4716 4719 4722 4725 4728 4731 4734 4737 4740 4743 4746 4749 4752 4755 4758 4761 4764 4767 4770 4773 4776 4779 4782 4785 4788 4791 4794 4797 4800 4803 4806 4809 4812 4815 4818 4821 4824 4827 4830 4833 4836 4839 4842 4845 4848 4851 4854 4857 4860 4863 4866 4869 4872 4875 4878 4881 4884 4887 4890 4893 4896 4899 4902 4905 4908 4911 4914 4917 4920 4923 4926 4929 4932 4935 4938 4941 4944 4947 4950 4953 4956 4959 4962 4965 4968 4971 4974 4977 4980 4983 4986 4989 4992 4995 4998 5001 5004 5007 5010 5013 5016 5019 5022 5025 5028 5031 5034 5037 5040 5043 5046 5049 5052 5055 5058 5061 5064 5067 5070 5073 5076 5079 5082 5085 5088 5091 5094 5097 5100 5103 5106 5109 5112 5115 5118 5121 5124 5127 5130 5133 5136 5139 5142 5145 5148 5151 5154 5157 5160 5163 5166 5169 5172 5175 5178 5181 5184 5187 5190 5193 5196 5199 5202 5205 5208 5211 5214 5217 5220 5223 5226 5229 5232 5235 5238 5241 5244 5247 5250 5253 5256 5259 5262 5265 5268 5271 5274 5277 5280 5283 5286 5289 5292 5295 5298 5301 5304 5307 5310 5313 5316 5319 5322 5325 5328 5331 5334 5337 5340 5343 5346 5349 5352 5355 5358 5361 5364 5367 5370 5373 5376 5379 5382 5385 5388 5391 5394 5397 5400 5403 5406 5409 5412 5415 5418 5421 5424 5427 5430 5433 5436 5439 5442 5445 5448 5451 5454 5457 5460 5463 5466 5469 5472 5475 5478 5481 5484 5487 5490 5493 5496 5499 5502 5505 5508 5511 5514 5517 5520 5523 5526 5529 5532 5535 5538 5541 5544 5547 5550 5553 5556 5559 5562 5565 5568 5571 5574 5577 5580 5583 5586 5589 5592 5595 5598 5601 5604 5607 5610 5613 5616 5619 5622 5625 5628 5631 5634 5637 5640 5643 5646 5649 5652 5655 5658 5661 5664 5667 5670 5673 5676 5679 5682 5685 5688 5691 5694 5697 5700 5703 5706 5709 5712 5715 5718 5721 5724 5727 5730 5733 5736 5739 5742 5745 5748 5751 5754 5757 5760 5763 5766 5769 5772 5775 5778 5781 5784 5787 5790 5793 5796 5799 5802 5805 5808 5811 5814 5817 5820 5823 5826 5829 5832 5835 5838 5841 5844 5847 5850 5853 5856 5859 5862 5865 5868 5871 5874 5877 5880 5883 5886 5889 5892 5895 5898 5901 5904 5907 5910 5913 5916 5919 5922 5925 5928 5931 5934 5937 5940 5943 5946 5949 5952 5955 5958 5961 5964 5967 5970 5973 5976 5979 5982 5985 5988 5991 5994 5997 6000 6003 6006 6009 6012 6015 6018 6021 6024 6027 6030 6033 6036 6039 6042 6045 6048 6051 6054 6057 6060 6063 6066 6069 6072 6075 6078 6081 6084 6087 6090 6093 6096 6099 6102 6105 6108 6111 6114 6117 6120 6123 6126 6129 6132 6135 6138 6141 6144 6147 6150 6153 6156 6159 6162 6165 6168 6171 6174 6177 6180 6183 6186 6189 6192 6195 6198 6201 6204 6207 6210 6213 6216 6219 6222 6225 6228 6231 6234 6237 6240 6243 6246 6249 6252 6255 6258 6261 6264 6267 6270 6273 6276 6279 6282 6285 6288 6291 6294 6297 6300 6303 6306 6309 6312 6315 6318 6321 6324 6327 6330 6333 6336 6339 6342 6345 6348 6351 6354 6357 6360 6363 6366 6369 6372 6375 6378 6381 6384 6387 6390 6393 6396 6399 6402 6405 6408 6411 6414 6417 6420 6423 6426 6429 6432 6435 6438 6441 6444 6447 6450 6453 6456 6459 6462 6465 6468 6471 6474 6477 6480 6483 6486 6489 6492 6495 6498 6501 6504 6507 6510 6513 6516 6519 6522 6525 6528 6531 6534 6537 6540 6543 6546 6549 6552 6555 6558 6561 6564 6567 6570 6573 6576 6579 6582 6585 6588 6591 6594 6597 6600 6603 6606 6609 6612 6615 6618 6621 6624 6627 6630 6633 6636 6639 6642 6645 6648 6651 6654 6657 6660 6663 6666 6669 6672 6675 6678 6681 6684 6687 6690 6693 6696 6699 6702 6705 6708 6711 6714 6717 6720 6723 6726 6729 6732 6735 6738 6741 6744 6747 6750 6753 6756 6759 6762 6765 6768 6771 6774 6777 6780 6783 6786 6789 6792 6795 6798 6801 6804 6807 6810 6813 6816 6819 6822 6825 6828 6831 6834 6837 6840 6843 6846 6849 6852 6855 6858 6861 6864 6867 6870 6873 6876 6879 6882 6885 6888 6891 6894 6897 6900 6903 6906 6909 6912 6915 6918 6921 6924 6927 6930 6933 6936 6939 6942 6945 6948 6951 6954 6957 6960 6963 6966 6969 6972 6975 6978 6981 6984 6987 6990 6993 6996 6999 7002 7005 7008 7011 7014 7017 7020 7023 7026 7029 7032 7035 7038 7041 7044 7047 7050 7053 7056 7059 7062 7065 7068 7071 7074 7077 7080 7083 7086 7089 7092 7095 7098 7101 7104 7107 7110 7113 7116 7119 7122 7125 7128 7131 7134 7137 7140 7143 7146 7149 7152 7155 7158 7161 7164 7167 7170 7173 7176 7179 7182 7185 7188 7191 7194 7197 7200 7203 7206 7209 7212 7215 7218 7221 7224 7227 7230 7233 7236 7239 7242 7245 7248 7251 7254 7257 7260 7263 7266 7269 7272 7275 7278 7281 7284 7287 7290 7293 7296 7299 7302 7305 7308 7311 7314 7317 7320 7323 7326 7329 7332 7335 7338 7341 7344 7347 7350 7353 7356 7359 7362 7365 7368 7371 7374 7377 7380 7383 7386 7389 7392 7395 7398 7401 7404 7407 7410 7413 7416 7419 7422 7425 7428 7431 7434 7437 7440 7443 7446 7449 7452 7455 7458 7461 7464 7467 7470 7473 7476 7479 7482 7485 7488 7491 7494 7497 7500 7503 7506 7509 7512 7515 7518 7521 7524 7527 7530 7533 7536 7539 7542 7545 7548 7551 7554 7557 7560 7563 7566 7569 7572 7575 7578 7581 7584 7587 7590 7593 7596 7599 7602 7605 7608 7611 7614 7617 7620 7623 7626 7629 7632 7635 7638 7641 7644 7647 7650 7653 7656 7659 7662 7665 7668 7671 7674 7677 7680 7683 7686 7689 7692 7695 7698 7701 7704 7707 7710 7713 7716 7719 7722 7725 7728 7731 7734 7737 7740 7743 7746 7749 7752 7755 7758 7761 7764 7767 7770 7773 7776 7779 7782 7785 7788 7791 7794 7797 7800 7803 7806 7809 7812 7815 7818 7821 7824 7827 7830 7833 7836 7839 7842 7845 7848 7851 7854 7857 7860 7863 7866 7869 7872 7875 7878 7881 7884 7887 7890 7893 7896 7899 7902 7905 7908 7911 7914 7917 7920 7923 7926 7929 7932 7935 7938 7941 7944 7947 7950 7953 7956 7959 7962 7965 7968 7971 7974 7977 7980 7983 7986 7989 7992 7995 7998 8001 8004 8007 8010 8013 8016 8019 8022 8025 8028 8031 8034 8037 8040 8043 8046 8049 8052 8055 8058 8061 8064 8067 8070 8073 8076 8079 8082 8085 8088 8091 8094 8097 8100 8103 8106 8109 8112 8115 8118 8121 8124 8127 8130 8133 8136 8139 8142 8145 8148 8151 8154 8157 8160 8163 8166 8169 8172 8175 8178 8181 8184 8187 8190 8193 8196 8199 8202 8205 8208 8211 8214 8217 8220 8223 8226 8229 8232 8235 8238 8241 8244 8247 8250 8253 8256 8259 8262 8265 8268 8271 8274 8277 8280 8283 8286 8289 8292 8295 8298 8301 8304 8307 8310 8313 8316 8319 8322 8325 8328 8331 8334 8337 8340 8343 8346 8349 8352 8355 8358 8361 8364 8367 8370 8373 8376 8379 8382 8385 8388 8391 8394 8397 8400 8403 8406 8409 8412 8415 8418 8421 8424 8427 8430 8433 8436 8439 8442 8445 8448 8451 8454 8457 8460 8463 8466 8469 8472 8475 8478 8481 8484 8487 8490 8493 8496 8499 8502 8505 8508 8511 8514 8517 8520 8523 8526 8529 8532 8535 8538 8541 8544 8547 8550 8553 8556 8559 8562 8565 8568 8571 8574 8577 8580 8583 8586 8589 8592 8595 8598 8601 8604 8607 8610 8613 8616 8619 8622 8625 8628 8631 8634 8637 8640 8643 8646 8649 8652 8655 8658 8661 8664 8667 8670 8673 8676 8679 8682 8685 8688 8691 8694 8697 8700 8703 8706 8709 8712 8715 8718 8721 8724 8727 8730 8733 8736 8739 8742 8745 8748 8751 8754 8757 8760 8763 8766 8769 8772 8775 8778 8781 8784 8787 8790 8793 8796 8799 8802 8805 8808 8811 8814 8817 8820 8823 8826 8829 8832 8835 8838 8841 8844 8847 8850 8853 8856 8859 8862 8865 8868 8871 8874 8877 8880 8883 8886 8889 8892 8895 8898 8901 8904 8907 8910 8913 8916 8919 8922 8925 8928 8931 8934 8937 8940 8943 8946 8949 8952 8955 8958 8961 8964 8967 8970 8973 8976 8979 8982 8985 8988 8991 8994 8997 9000 9003 9006 9009 9012 9015 9018 9021 9024 9027 9030 9033 9036 9039 9042 9045 9048 9051 9054 9057 9060 9063 9066 9069 9072 9075 9078 9081 9084 9087 9090 9093 9096 9099 9102 9105 9108 9111 9114 9117 9120 9123 9126 9129 9132 9135 9138 9141 9144 9147 9150 9153 9156 9159 9162 9165 9168 9171 9174 9177 9180 9183 9186 9189 9192 9195 9198 9201 9204 9207 9210 9213 9216 9219 9222 9225 9228 9231 9234 9237 9240 9243 9246 9249 9252 9255 9258 9261 9264 9267 9270 9273 9276 9279 9282 9285 9288 9291 9294 9297 9300 9303 9306 9309 9312 9315 9318 9321 9324 9327 9330 9333 9336 9339 9342 9345 9348 9351 9354 9357 9360 9363 9366 9369 9372 9375 9378 9381 9384 9387 9390 9393 9396 9399 9402 9405 9408 9411 9414 9417 9420 9423 9426 9429 9432 9435 9438 9441 9444 9447 9450 9453 9456 9459 9462 9465 9468 9471 9474 9477 9480 9483 9486 9489 9492 9495 9498 9501 9504 9507 9510 9513 9516 9519 9522 9525 9528 9531 9534 9537 9540 9543 9546 9549 9552 9555 9558 9561 9564 9567 9570 9573 9576 9579 9582 9585 9588 9591 9594 9597 9600 9603 9606 9609 9612 9615 9618 9621 9624 9627 9630 9633 9636 9639 9642 9645 9648 9651 9654 9657 9660 9663 9666 9669 9672 9675 9678 9681 9684 9687 9690 9693 9696 9699 9702 9705 9708 9711 9714 9717 9720 9723 9726 9729 9732 9735 9738 9741 9744 9747 9750 9753 9756 9759 9762 9765 9768 9771 9774 9777 9780 9783 9786 9789 9792 9795 9798 9801 9804 9807 9810 9813 9816 9819 9822 9825 9828 9831 9834 9837 9840 9843 9846 9849 9852 9855 9858 9861 9864 9867 9870 9873 9876 9879 9882 9885 9888 9891 9894 9897 9900 9903 9906 9909 9912 9915 9918 9921 9924 9927 9930 9933 9936 9939 9942 9945 9948 9951 9954 9957 9960 9963 9966 9969 9972 9975 9978 9981 9984 9987 9990 9993 9996 9999 10002 10005 10008 10011 10014 10017 10020 10023 10026 10029 10032 10035 10038 10041 10044 10047 10050 10053 10056 10059 10062 10065 10068 10071 10074 10077 10080 10083 10086 10089 10092 10095 10098 10101 10104 10107 10110 10113 10116 10119 10122 10125 10128 10131 10134 10137 10140 10143 10146 10149 10152 10155 10158 10161 10164 10167 10170 10173 10176 10179 10182 10185 10188 10191 10194 10197 10200 10203 10206 10209 10212 10215 10218 10221 10224 10227 10230 10233 10236 10239 10242 10245 10248 10251 10254 10257 10260 10263 10266 10269 10272 10275 10278 10281 10284 10287 10290 10293 10296 10299 10302 10305 10308 10311 10314 10317 10320 10323 10326 10329 10332 10335 10338 10341 10344 10347 10350 10353 10356 10359 10362 10365 10368 10371 10374 10377 10380 10383 10386 10389 10392 10395 10398 10401 10404 10407 10410 10413 10416 10419 10422 10425 10428 10431 10434 10437 10440 10443 10446 10449 10452 10455 10458 10461 10464 10467 10470 10473 10476 10479 10482 10485 10488 10491 10494 10497 10500 10503 10506 10509 10512 10515 10518 10521 10524 10527 10530 10533 10536 10539 10542 10545 10548 10551 10554 10557 10560 10563 10566 10569 10572 10575 10578 10581 10584 10587 10590 10593 10596 10599 10602 10605 10608 10611 10614 10617 10620 10623 10626 10629 10632 10635 10638 10641 10644 10647 10650 10653 10656 10659 10662 10665 10668 10671 10674 10677 10680 10683 10686 10689 10692 10695 10698 10701 10704 10707 10710 10713 10716 10719 10722 10725 10728 10731 10734 10737 10740 10743 10746 10749 10752 10755 10758 10761 10764 10767 10770 10773 10776 10779 10782 10785 10788 10791 10794 10797 10800 10803 10806 10809 10812 10815 10818 10821 10824 10827 10830 10833 10836 10839 10842 10845 10848 10851 10854 10857 10860 10863 10866 10869 10872 10875 10878 10881 10884 10887 10890 10893 10896 10899 10902 10905 10908 10911 10914 10917 10920 10923 10926 10929 10932 10935 10938 10941 10944 10947 10950 10953 10956 10959 10962 10965 10968 10971 10974 10977 10980 10983 10986 10989 10992 10995 10998 11001 11004 11007 11010 11013 11016 11019 11022 11025 11028 11031 11034 11037 11040 11043 11046 11049 11052 11055 11058 11061 11064 11067 11070 11073 11076 11079 11082 11085 11088 11091 11094 11097 11100 11103 11106 11109 11112 11115 11118 11121 11124 11127 11130 11133 11136 11139 11142 11145 11148 11151 11154 11157 11160 11163 11166 11169 11172 11175 11178 11181 11184 11187 11190 11193 11196 11199 11202 11205 11208 11211 11214 11217 11220 11223 11226 11229 11232 11235 11238 11241 11244 11247 11250 11253 11256 11259 11262 11265 11268 11271 11274 11277 11280 11283 11286 11289 11292 11295 11298 11301 11304 11307 11310 11313 11316 11319 11322 11325 11328 11331 11334 11337 11340 11343 11346 11349 11352 11355 11358 11361 11364 11367 11370 11373 11376 11379 11382 11385 11388 11391 11394 11397 11400 11403 11406 11409 11412 11415 11418 11421 11424 11427 11430 11433 11436 11439 11442 11445 11448 11451 11454 11457 11460 11463 11466 11469 11472 11475 11478 11481 11484 11487 11490 11493 11496 11499 11502 11505 11508 11511 11514 11517 11520 11523 11526 11529 11532 11535 11538 11541 11544 11547 11550 11553 11556 11559 11562 11565 11568 11571 11574 11577 11580 11583 11586 11589 11592 11595 11598 11601 11604 11607 11610 11613 11616 11619 11622 11625 11628 11631 11634 11637 11640 11643 11646 11649 11652 11655 11658 11661 11664 11667 11670 11673 11676 11679 11682 11685 11688 11691 11694 11697 11700 11703 11706 11709 11712 11715 11718 11721 11724 11727 11730 11733 11736 11739 11742 11745 11748 11751 11754 11757 11760 11763 11766 11769 11772 11775 11778 11781 11784 11787 11790 11793 11796 11799 11802 11805 11808 11811 11814 11817 11820 11823 11826 11829 11832 11835 11838 11841 11844 11847 11850 11853 11856 11859 11862 11865 11868 11871 11874 11877 11880 11883 11886 11889 11892 11895 11898 11901 11904 11907 11910 11913 11916 11919 11922 11925 11928 11931 11934 11937 11940 11943 11946 11949 11952 11955 11958 11961 11964 11967 11970 11973 11976 11979 11982 11985 11988 11991 11994 11997 12000 12003 12006 12009 12012 12015 12018 12021 12024 12027 12030 12033 12036 12039 12042 12045 12048 12051 12054 12057 12060 12063 12066 12069 12072 12075 12078 12081 12084 12087 12090 12093 12096 12099 12102 12105 12108 12111 12114 12117 12120 12123 12126 12129 12132 12135 12138 12141 12144 12147 12150 12153 12156 12159 12162 12165 12168 12171 12174 12177 12180 12183 12186 12189 12192 12195 12198 12201 12204 12207 12210 12213 12216 12219 12222 12225 12228 12231 12234 12237 12240 12243 12246 12249 12252 12255 12258 12261 12264 12267 12270 12273 12276 12279 12282 12285 12288 12291 12294 12297 12300 12303 12306 12309 12312 12315 12318 12321 12324 12327 12330 12333 12336 12339 12342 12345 12348 12351 12354 12357 12360 12363 12366 12369 12372 12375 12378 12381 12384 12387 12390 12393 12396 12399 12402 12405 12408 12411 12414 12417 12420 12423 12426 12429 12432 12435 12438 12441 12444 12447 12450 12453 12456 12459 12462 12465 12468 12471 12474 12477 12480 12483 12486 12489 12492 12495 12498 12501 12504 12507 12510 12513 12516 12519 12522 12525 12528 12531 12534 12537 12540 12543 12546 12549 12552 12555 12558 12561 12564 12567 12570 12573 12576 12579 12582 12585 12588 12591 12594 12597 12600 12603 12606 12609 12612 12615 12618 12621 12624 12627 12630 12633 12636 12639 12642 12645 12648 12651 12654 12657 12660 12663 12666 12669 12672 12675 12678 12681 12684 12687 12690 12693 12696 12699 12702 12705 12708 12711 12714 12717 12720 12723 12726 12729 12732 12735 12738 12741 12744 12747 12750 12753 12756 12759 12762 12765 12768 12771 12774 12777 12780 12783 12786 12789 12792 12795 12798 12801 12804 12807 12810 12813 12816 12819 12822 12825 12828 12831 12834 12837 12840 12843 12846 12849 12852 12855 12858 12861 12864 12867 12870 12873 12876 12879 12882 12885 12888 12891 12894 12897 12900 12903 12906 12909 12912 12915 12918 12921 12924 12927 12930 12933 12936 12939 12942 12945 12948 12951 12954 12957 12960 12963 12966 12969 12972 12975 12978 12981 12984 12987 12990 12993 12996 12999 13002 13005 13008 13011 13014 13017 13020 13023 13026 13029 13032 13035 13038 13041 13044 13047 13050 13053 13056 13059 13062 13065 13068 13071 13074 13077 13080 13083 13086 13089 13092 13095 13098 13101 13104 13107 13110 13113 13116 13119 13122 13125 13128 13131 13134 13137 13140 13143 13146 13149 13152 13155 13158 13161 13164 13167 13170 13173 13176 13179 13182 13185 13188 13191 13194 13197 13200 13203 13206 13209 13212 13215 13218 13221 13224 13227 13230 13233 13236 13239 13242 13245 13248 13251 13254 13257 13260 13263 13266 13269 13272 13275 13278 13281 13284 13287 13290 13293 13296 13299 13302 13305 13308 13311 13314 13317 13320 13323 13326 13329 13332 13335 13338 13341 13344 13347 13350 13353 13356 13359 13362 13365 13368 13371 13374 13377 13380 13383 13386 13389 13392 13395 13398 13401 13404 13407 13410 13413 13416 13419 13422 13425 13428 13431 13434 13437 13440 13443 13446 13449 13452 13455 13458 13461 13464 13467 13470 13473 13476 13479 13482 13485 13488 13491 13494 13497 13500 13503 13506 13509 13512 13515 13518 13521 13524 13527 13530 13533 13536 13539 13542 13545 13548 13551 13554 13557 13560 13563 13566 13569 13572 13575 13578 13581 13584 13587 13590 13593 13596 13599 13602 13605 13608 13611 13614 13617 13620 13623 13626 13629 13632 13635 13638 13641 13644 13647 13650 13653 13656 13659 13662 13665 13668 13671 13674 13677 13680 13683 13686 13689 13692 13695 13698 13701 13704 13707 13710 13713 13716 13719 13722 13725 13728 13731 13734 13737 13740 13743 13746 13749 13752 13755 13758 13761 13764 13767 13770 13773 13776 13779 13782 13785 13788 13791 13794 13797 13800 13803 13806 13809 13812 13815 13818 13821 13824 13827 13830 13833 13836 13839 13842 13845 13848 13851 13854 13857 13860 13863 13866 13869 13872 13875 13878 13881 13884 13887 13890 13893 13896 13899 13902 13905 13908 13911 13914 13917 13920 13923 13926 13929 13932 13935 13938 13941 13944 13947 13950 13953 13956 13959 13962 13965 13968 13971 13974 13977 13980 13983 13986 13989 13992 13995 13998 14001 14004 14007 14010 14013 14016 14019 14022 14025 14028 14031 14034 14037 14040 14043 14046 14049 14052 14055 14058 14061 14064 14067 14070 14073 14076 14079 14082 14085 14088 14091 14094 14097 14100 14103 14106 14109 14112 14115 14118 14121 14124 14127 14130 14133 14136 14139 14142 14145 14148 14151 14154 14157 14160 14163 14166 14169 14172 14175 14178 14181 14184 14187 14190 14193 14196 14199 14202 14205 14208 14211 14214 14217 14220 14223 14226 14229 14232 14235 14238 14241 14244 14247 14250 14253 14256 14259 14262 14265 14268 14271 14274 14277 14280 14283 14286 14289 14292 14295 14298 14301 14304 14307 14310 14313 14316 14319 14322 14325 14328 14331 14334 14337 14340 14343 14346 14349 14352 14355 14358 14361 14364 14367 14370 14373 14376 14379 14382 14385 14388 14391 14394 14397 14400 14403 14406 14409 14412 14415 14418 14421 14424 14427 14430 14433 14436 14439 14442 14445 14448 14451 14454 14457 14460 14463 14466 14469 14472 14475 14478 14481 14484 14487 14490 14493 14496 14499 14502 14505 14508 14511 14514 14517 14520 14523 14526 14529 14532 14535 14538 14541 14544 14547 14550 14553 14556 14559 14562 14565 14568 14571 14574 14577 14580 14583 14586 14589 14592 14595 14598 14601 14604 14607 14610 14613 14616 14619 14622 14625 14628 14631 14634 14637 14640 14643 14646 14649 14652 14655 14658 14661 14664 14667 14670 14673 14676 14679 14682 14685 14688 14691 14694 14697 14700 14703 14706 14709 14712 14715 14718 14721 14724 14727 14730 14733 14736 14739 14742 14745 14748 14751 14754 14757 14760 14763 14766 14769 14772 14775 14778 14781 14784 14787 14790 14793 14796 14799 14802 14805 14808 14811 14814 14817 14820 14823 14826 14829 14832 14835 14838 14841 14844 14847 14850 14853 14856 14859 14862 14865 14868 14871 14874 14877 14880 14883 14886 14889 14892 14895 14898 14901 14904 14907 14910 14913 14916 14919 14922 14925 14928 14931 14934 14937 14940 14943 14946 14949 14952 14955 14958 14961 14964 14967 14970 14973 14976 14979 14982 14985 14988 14991 14994 14997 15000 15003 15006 15009 15012 15015 15018 15021 15024 15027 15030 15033 15036 15039 15042 15045 15048 15051 15054 15057 15060 15063 15066 15069 15072 15075 15078 15081 15084 15087 15090 15093 15096 15099 15102 15105 15108 15111 15114 15117 15120 15123 15126 15129 15132 15135 15138 15141 15144 15147 15150 15153 15156 15159 15162 15165 15168 15171 15174 15177 15180 15183 15186 15189 15192 15195 15198 15201 15204 15207 15210 15213 15216 15219 15222 15225 15228 15231 15234 15237 15240 15243 15246 15249 15252 15255 15258 15261 15264 15267 15270 15273 15276 15279 15282 15285 15288 15291 15294 15297 15300 15303 15306 15309 15312 15315 15318 15321 15324 15327 15330 15333 15336 15339 15342 15345 15348 15351 15354 15357 15360 15363 15366 15369 15372 15375 15378 15381 15384 15387 15390 15393 15396 15399 15402 15405 15408 15411 15414 15417 15420 15423 15426 15429 15432 15435 15438 15441 15444 15447 15450 15453 15456 15459 15462 15465 15468 15471 15474 15477 15480 15483 15486 15489 15492 15495 15498 15501 15504 15507 15510 15513 15516 15519 15522 15525 15528 15531 15534 15537 15540 15543 15546 15549 15552 15555 15558 15561 15564 15567 15570 15573 15576 15579 15582 15585 15588 15591 15594 15597 15600 15603 15606 15609 15612 15615 15618 15621 15624 15627 15630 15633 15636 15639 15642 15645 15648 15651 15654 15657 15660 15663 15666 15669 15672 15675 15678 15681 15684 15687 15690 15693 15696 15699 15702 15705 15708 15711 15714 15717 15720 15723 15726 15729 15732 15735 15738 15741 15744 15747 15750 15753 15756 15759 15762 15765 15768 15771 15774 15777 15780 15783 15786 15789 15792 15795 15798 15801 15804 15807 15810 15813 15816 15819 15822 15825 15828 15831 15834 15837 15840 15843 15846 15849 15852 15855 15858 15861 15864 15867 15870 15873 15876 15879 15882 15885 15888 15891 15894 15897 15900 15903 15906 15909 15912 15915 15918 15921 15924 15927 15930 15933 15936 15939 15942 15945 15948 15951 15954 15957 15960 15963 15966 15969 15972 15975 15978 15981 15984 15987 15990 15993 15996 15999 16002 16005 16008 16011 16014 16017 16020 16023 16026 16029 16032 16035 16038 16041 16044 16047 16050 16053 16056 16059 16062 16065 16068 16071 16074 16077 16080 16083 16086 16089 16092 16095 16098 16101 16104 16107 16110 16113 16116 16119 16122 16125 16128 16131 16134 16137 16140 16143 16146 16149 16152 16155 16158 16161 16164 16167 16170 16173 16176 16179 16182 16185 16188 16191 16194 16197 16200 16203 16206 16209 16212 16215 16218 16221 16224 16227 16230 16233 16236 16239 16242 16245 16248 16251 16254 16257 16260 16263 16266 16269 16272 16275 16278 16281 16284 16287 16290 16293 16296 16299 16302 16305 16308 16311 16314 16317 16320 16323 16326 16329 16332 16335 16338 16341 16344 16347 16350 16353 16356 16359 16362 16365 16368 16371 16374 16377 16380 16383 16386 16389 16392 16395 16398 16401 16404 16407 16410 16413 16416 16419 16422 16425 16428 16431 16434 16437 16440 16443 16446 16449 16452 16455 16458 16461 16464 16467 16470 16473 16476 16479 16482 16485 16488 16491 16494 16497 16500 16503 16506 16509 16512 16515 16518 16521 16524 16527 16530 16533 16536 16539 16542 16545 16548 16551 16554 16557 16560 16563 16566 16569 16572 16575 16578 16581 16584 16587 16590 16593 16596 16599 16602 16605 16608 16611 16614 16617 16620 16623 16626 16629 16632 16635 16638 16641 16644 16647 16650 16653 16656 16659 16662 16665 16668 16671 16674 16677 16680 16683 16686 16689 16692 16695 16698 16701 16704 16707 16710 16713 16716 16719 16722 16725 16728 16731 16734 16737 16740 16743 16746 16749 16752 16755 16758 16761 16764 16767 16770 16773 16776 16779 16782 16785 16788 16791 16794 16797 16800 16803 16806 16809 16812 16815 16818 16821 16824 16827 16830 16833 16836 16839 16842 16845 16848 16851 16854 16857 16860 16863 16866 16869 16872 16875 16878 16881 16884 16887 16890 16893 16896 16899 16902 16905 16908 16911 16914 16917 16920 16923 16926 16929 16932 16935 16938 16941 16944 16947 16950 16953 16956 16959 16962 16965 16968 16971 16974 16977 16980 16983 16986 16989 16992 16995 16998 17001 17004 17007 17010 17013 17016 17019 17022 17025 17028 17031 17034 17037 17040 17043 17046 17049 17052 17055 17058 17061 17064 17067 17070 17073 17076 17079 17082 17085 17088 17091 17094 17097 17100 17103 17106 17109 17112 17115 17118 17121 17124 17127 17130 17133 17136 17139 17142 17145 17148 17151 17154 17157 17160 17163 17166 17169 17172 17175 17178 17181 17184 17187 17190 17193 17196 17199 17202 17205 17208 17211 17214 17217 17220 17223 17226 17229 17232 17235 17238 17241 17244 17247 17250 17253 17256 17259 17262 17265 17268 17271 17274 17277 17280 17283 17286 17289 17292 17295 17298 17301 17304 17307 17310 17313 17316 17319 17322 17325 17328 17331 17334 17337 17340 17343 17346 17349 17352 17355 17358 17361 17364 17367 17370 17373 17376 17379 17382 17385 17388 17391 17394 17397 17400 17403 17406 17409 17412 17415 17418 17421 17424 17427 17430 17433 17436 17439 17442 17445 17448 17451 17454 17457 17460 17463 17466 17469 17472 17475 17478 17481 17484 17487 17490 17493 17496 17499 17502 17505 17508 17511 17514 17517 17520 17523 17526 17529 17532 17535 17538 17541 17544 17547 17550 17553 17556 17559 17562 17565 17568 17571 17574 17577 17580 17583 17586 17589 17592 17595 17598 17601 17604 17607 17610 17613 17616 17619 17622 17625 17628 17631 17634 17637 17640 17643 17646 17649 17652 17655 17658 17661 17664 17667 17670 17673 17676 17679 17682 17685 17688 17691 17694 17697 17700 17703 17706 17709 17712 17715 17718 17721 17724 17727 17730 17733 17736 17739 17742 17745 17748 17751 17754 17757 17760 17763 17766 17769 17772 17775 17778 17781 17784 17787 17790 17793 17796 17799 17802 17805 17808 17811 17814 17817 17820 17823 17826 17829 17832 17835 17838 17841 17844 17847 17850 17853 17856 17859 17862 17865 17868 17871 17874 17877 17880 17883 17886 17889 17892 17895 17898 17901 17904 17907 17910 17913 17916 17919 17922 17925 17928 17931 17934 17937 17940 17943 17946 17949 17952 17955 17958 17961 17964 17967 17970 17973 17976 17979 17982 17985 17988 17991 17994 17997 18000 18003 18006 18009 18012 18015 18018 18021 18024 18027 18030 18033 18036 18039 18042 18045 18048 18051 18054 18057 18060 18063 18066 18069 18072 18075 18078 18081 18084 18087 18090 18093 18096 18099 18102 18105 18108 18111 18114 18117 18120 18123 18126 18129 18132 18135 18138 18141 18144 18147 18150 18153 18156 18159 18162 18165 18168 18171 18174 18177 18180 18183 18186 18189 18192 18195 18198 18201 18204 18207 18210 18213 18216 18219 18222 18225 18228 18231 18234 18237 18240 18243 18246 18249 18252 18255 18258 18261 18264 18267 18270 18273 18276 18279 18282 18285 18288 18291 18294 18297 18300 18303 18306 18309 18312 18315 18318 18321 18324 18327 18330 18333 18336 18339 18342 18345 18348 18351 18354 18357 18360 18363 18366 18369 18372 18375 18378 18381 18384 18387 18390 18393 18396 18399 18402 18405 18408 18411 18414 18417 18420 18423 18426 18429 18432 18435 18438 18441 18444 18447 18450 18453 18456 18459 18462 18465 18468 18471 18474 18477 18480 18483 18486 18489 18492 18495 18498 18501 18504 18507 18510 18513 18516 18519 18522 18525 18528 18531 18534 18537 18540 18543 18546 18549 18552 18555 18558 18561 18564 18567 18570 18573 18576 18579 18582 18585 18588 18591 18594 18597 18600 18603 18606 18609 18612 18615 18618 18621 18624 18627 18630 18633 18636 18639 18642 18645 18648 18651 18654 18657 18660 18663 18666 18669 18672 18675 18678 18681 18684 18687 18690 18693 18696 18699 18702 18705 18708 18711 18714 18717 18720 18723 18726 18729 18732 18735 18738 18741 18744 18747 18750 18753 18756 18759 18762 18765 18768 18771 18774 18777 18780 18783 18786 18789 18792 18795 18798 18801 18804 18807 18810 18813 18816 18819 18822 18825 18828 18831 18834 18837 18840 18843 18846 18849 18852 18855 18858 18861 18864 18867 18870 18873 18876 18879 18882 18885 18888 18891 18894 18897 18900 18903 18906 18909 18912 18915 18918 18921 18924 18927 18930 18933 18936 18939 18942 18945 18948 18951 18954 18957 18960 18963 18966 18969 18972 18975 18978 18981 18984 18987 18990 18993 18996 18999 19002 19005 19008 19011 19014 19017 19020 19023 19026 19029 19032 19035 19038 19041 19044 19047 19050 19053 19056 19059 19062 19065 19068 19071 19074 19077 19080 19083 19086 19089 19092 19095 19098 19101 19104 19107 19110 19113 19116 19119 19122 19125 19128 19131 19134 19137 19140 19143 19146 19149 19152 19155 19158 19161 19164 19167 19170 19173 19176 19179 19182 19185 19188 19191 19194 19197 19200 19203 19206 19209 19212 19215 19218 19221 19224 19227 19230 19233 19236 19239 19242 19245 19248 19251 19254 19257 19260 19263 19266 19269 19272 19275 19278 19281 19284 19287 19290 19293 19296 19299 19302 19305 19308 19311 19314 19317 19320 19323 19326 19329 19332 19335 19338 19341 19344 19347 19350 19353 19356 19359 19362 19365 19368 19371 19374 19377 19380 19383 19386 19389 19392 19395 19398 19401 19404 19407 19410 19413 19416 19419 19422 19425 19428 19431 19434 19437 19440 19443 19446 19449 19452 19455 19458 19461 19464 19467 19470 19473 19476 19479 19482 19485 19488 19491 19494 19497 19500 19503 19506 19509 19512 19515 19518 19521 19524 19527 19530 19533 19536 19539 19542 19545 19548 19551 19554 19557 19560 19563 19566 19569 19572 19575 19578 19581 19584 19587 19590 19593 19596 19599 19602 19605 19608 19611 19614 19617 19620 19623 19626 19629 19632 19635 19638 19641 19644 19647 19650 19653 19656 19659 19662 19665 19668 19671 19674 19677 19680 19683 19686 19689 19692 19695 19698 19701 19704 19707 19710 19713 19716 19719 19722 19725 19728 19731 19734 19737 19740 19743 19746 19749 19752 19755 19758 19761 19764 19767 19770 19773 19776 19779 19782 19785 19788 19791 19794 19797 19800 19803 19806 19809 19812 19815 19818 19821 19824 19827 19830 19833 19836 19839 19842 19845 19848 19851 19854 19857 19860 19863 19866 19869 19872 19875 19878 19881 19884 19887 19890 19893 19896 19899 19902 19905 19908 19911 19914 19917 19920 19923 19926 19929 19932 19935 19938 19941 19944 19947 19950 19953 19956 19959 19962 19965 19968 19971 19974 19977 19980 19983 19986 19989 19992 19995 19998 20001 20004 20007 20010 20013 20016 20019 20022 20025 20028 20031 20034 20037 20040 20043 20046 20049 20052 20055 20058 20061 20064 20067 20070 20073 20076 20079 20082 20085 20088 20091 20094 20097 20100 20103 20106 20109 20112 20115 20118 20121 20124 20127 20130 20133 20136 20139 20142 20145 20148 20151 20154 20157 20160 20163 20166 20169 20172 20175 20178 20181 20184 20187 20190 20193 20196 20199 20202 20205 20208 20211 20214 20217 20220 20223 20226 20229 20232 20235 20238 20241 20244 20247 20250 20253 20256 20259 20262 20265 20268 20271 20274 20277 20280 20283 20286 20289 20292 20295 20298 20301 20304 20307 20310 20313 20316 20319 20322 20325 20328 20331 20334 20337 20340 20343 20346 20349 20352 20355 20358 20361 20364 20367 20370 20373 20376 20379 20382 20385 20388 20391 20394 20397 20400 20403 20406 20409 20412 20415 20418 20421 20424 20427 20430 20433 20436 20439 20442 20445 20448 20451 20454 20457 20460 20463 20466 20469 20472 20475 20478 20481 20484 20487 20490 20493 20496 20499 20502 20505 20508 20511 20514 20517 20520 20523 20526 20529 20532 20535 20538 20541 20544 20547 20550 20553 20556 20559 20562 20565 20568 20571 20574 20577 20580 20583 20586 20589 20592 20595 20598 20601 20604 20607 20610 20613 20616 20619 20622 20625 20628 20631 20634 20637 20640 20643 20646 20649 20652 20655 20658 20661 20664 20667 20670 20673 20676 20679 20682 20685 20688 20691 20694 20697 20700 20703 20706 20709 20712 20715 20718 20721 20724 20727 20730 20733 20736 20739 20742 20745 20748 20751 20754 20757 20760 20763 20766 20769 20772 20775 20778 20781 20784 20787 20790 20793 20796 20799 20802 20805 20808 20811 20814 20817 20820 20823 20826 20829 20832 20835 20838 20841 20844 20847 20850 20853 20856 20859 20862 20865 20868 20871 20874 20877 20880 20883 20886 20889 20892 20895 20898 20901 20904 20907 20910 20913 20916 20919 20922 20925 20928 20931 20934 20937 20940 20943 20946 20949 20952 20955 20958 20961 20964 20967 20970 20973 20976 20979 20982 20985 20988 20991 20994 20997 21000 21003 21006 21009 21012 21015 21018 21021 21024 21027 21030 21033 21036 21039 21042 21045 21048 21051 21054 21057 21060 21063 21066 21069 21072 21075 21078 21081 21084 21087 21090 21093 21096 21099 21102 21105 21108 21111 21114 21117 21120 21123 21126 21129 21132 21135 21138 21141 21144 21147 21150 21153 21156 21159 21162 21165 21168 21171 21174 21177 21180 21183 21186 21189 21192 21195 21198 21201 21204 21207 21210 21213 21216 21219 21222 21225 21228 21231 21234 21237 21240 21243 21246 21249 21252 21255 21258 21261 21264 21267 21270 21273 21276 21279 21282 21285 21288 21291 21294 21297 21300 21303 21306 21309 21312 21315 21318 21321 21324 21327 21330 21333 21336 21339 21342 21345 21348 21351 21354 21357 21360 21363 21366 21369 21372 21375 21378 21381 21384 21387 21390 21393 21396 21399 21402 21405 21408 21411 21414 21417 21420 21423 21426 21429 21432 21435 21438 21441 21444 21447 21450 21453 21456 21459 21462 21465 21468 21471 21474 21477 21480 21483 21486 21489 21492 21495 21498 21501 21504 21507 21510 21513 21516 21519 21522 21525 21528 21531 21534 21537 21540 21543 21546 21549 21552 21555 21558 21561 21564 21567 21570 21573 21576 21579 21582 21585 21588 21591 21594 21597 21600 21603 21606 21609 21612 21615 21618 21621 21624 21627 21630 21633 21636 21639 21642 21645 21648 21651 21654 21657 21660 21663 21666 21669 21672 21675 21678 21681 21684 21687 21690 21693 21696 21699 21702 21705 21708 21711 21714 21717 21720 21723 21726 21729 21732 21735 21738 21741 21744 21747 21750 21753 21756 21759 21762 21765 21768 21771 21774 21777 21780 21783 21786 21789 21792 21795 21798 21801 21804 21807 21810 21813 21816 21819 21822 21825 21828 21831 21834 21837 21840 21843 21846 21849 21852 21855 21858 21861 21864 21867 21870 21873 21876 21879 21882 21885 21888 21891 21894 21897 21900 21903 21906 21909 21912 21915 21918 21921 21924 21927 21930 21933 21936 21939 21942 21945 21948 21951 21954 21957 21960 21963 21966 21969 21972 21975 21978 21981 21984 21987 21990 21993 21996 21999 22002 22005 22008 22011 22014 22017 22020 22023 22026 22029 22032 22035 22038 22041 22044 22047 22050 22053 22056 22059 22062 22065 22068 22071 22074 22077 22080 22083 22086 22089 22092 22095 22098 22101 22104 22107 22110 22113 22116 22119 22122 22125 22128 22131 22134 22137 22140 22143 22146 22149 22152 22155 22158 22161 22164 22167 22170 22173 22176 22179 22182 22185 22188 22191 22194 22197 22200 22203 22206 22209 22212 22215 22218 22221 22224 22227 22230 22233 22236 22239 22242 22245 22248 22251 22254 22257 22260 22263 22266 22269 22272 22275 22278 22281 22284 22287 22290 22293 22296 22299 22302 22305 22308 22311 22314 22317 22320 22323 22326 22329 22332 22335 22338 22341 22344 22347 22350 22353 22356 22359 22362 22365 22368 22371 22374 22377 22380 22383 22386 22389 22392 22395 22398 22401 22404 22407 22410 22413 22416 22419 22422 22425 22428 22431 22434 22437 22440 22443 22446 22449 22452 22455 22458 22461 22464 22467 22470 22473 22476 22479 22482 22485 22488 22491 22494 22497 22500 22503 22506 22509 22512 22515 22518 22521 22524 22527 22530 22533 22536 22539 22542 22545 22548 22551 22554 22557 22560 22563 22566 22569 22572 22575 22578 22581 22584 22587 22590 22593 22596 22599 22602 22605 22608 22611 22614 22617 22620 22623 22626 22629 22632 22635 22638 22641 22644 22647 22650 22653 22656 22659 22662 22665 22668 22671 22674 22677 22680 22683 22686 22689 22692 22695 22698 22701 22704 22707 22710 22713 22716 22719 22722 22725 22728 22731 22734 22737 22740 22743 22746 22749 22752 22755 22758 22761 22764 22767 22770 22773 22776 22779 22782 22785 22788 22791 22794 22797 22800 22803 22806 22809 22812 22815 22818 22821 22824 22827 22830 22833 22836 22839 22842 22845 22848 22851 22854 22857 22860 22863 22866 22869 22872 22875 22878 22881 22884 22887 22890 22893 22896 22899 22902 22905 22908 22911 22914 22917 22920 22923 22926 22929 22932 22935 22938 22941 22944 22947 22950 22953 22956 22959 22962 22965 22968 22971 22974 22977 22980 22983 22986 22989 22992 22995 22998 23001 23004 23007 23010 23013 23016 23019 23022 23025 23028 23031 23034 23037 23040 23043 23046 23049 23052 23055 23058 23061 23064 23067 23070 23073 23076 23079 23082 23085 23088 23091 23094 23097 23100 23103 23106 23109 23112 23115 23118 23121 23124 23127 23130 23133 23136 23139 23142 23145 23148 23151 23154 23157 23160 23163 23166 23169 23172 23175 23178 23181 23184 23187 23190 23193 23196 23199 23202 23205 23208 23211 23214 23217 23220 23223 23226 23229 23232 23235 23238 23241 23244 23247 23250 23253 23256 23259 23262 23265 23268 23271 23274 23277 23280 23283 23286 23289 23292 23295 23298 23301 23304 23307 23310 23313 23316 23319 23322 23325 23328 23331 23334 23337 23340 23343 23346 23349 23352 23355 23358 23361 23364 23367 23370 23373 23376 23379 23382 23385 23388 23391 23394 23397 23400 23403 23406 23409 23412 23415 23418 23421 23424 23427 23430 23433 23436 23439 23442 23445 23448 23451 23454 23457 23460 23463 23466 23469 23472 23475 23478 23481 23484 23487 23490 23493 23496 23499 23502 23505 23508 23511 23514 23517 23520 23523 23526 23529 23532 23535 23538 23541 23544 23547 23550 23553 23556 23559 23562 23565 23568 23571 23574 23577 23580 23583 23586 23589 23592 23595 23598 23601 23604 23607 23610 23613 23616 23619 23622 23625 23628 23631 23634 23637 23640 23643 23646 23649 23652 23655 23658 23661 23664 23667 23670 23673 23676 23679 23682 23685 23688 23691 23694 23697 23700 23703 23706 23709 23712 23715 23718 23721 23724 23727 23730 23733 23736 23739 23742 23745 23748 23751 23754 23757 23760 23763 23766 23769 23772 23775 23778 23781 23784 23787 23790 23793 23796 23799 23802 23805 23808 23811 23814 23817 23820 23823 23826 23829 23832 23835 23838 23841 23844 23847 23850 23853 23856 23859 23862 23865 23868 23871 23874 23877 23880 23883 23886 23889 23892 23895 23898 23901 23904 23907 23910 23913 23916 23919 23922 23925 23928 23931 23934 23937 23940 23943 23946 23949 23952 23955 23958 23961 23964 23967 23970 23973 23976 23979 23982 23985 23988 23991 23994 23997 24000 24003 24006 24009 24012 24015 24018 24021 24024 24027 24030 24033 24036 24039 24042 24045 24048 24051 24054 24057 24060 24063 24066 24069 24072 24075 24078 24081 24084 24087 24090 24093 24096 24099 24102 24105 24108 24111 24114 24117 24120 24123 24126 24129 24132 24135 24138 24141 24144 24147 24150 24153 24156 24159 24162 24165 24168 24171 24174 24177 24180 24183 24186 24189 24192 24195 24198 24201 24204 24207 24210 24213 24216 24219 24222 24225 24228 24231 24234 24237 24240 24243 24246 24249 24252 24255 24258 24261 24264 24267 24270 24273 24276 24279 24282 24285 24288 24291 24294 24297 24300 24303 24306 24309 24312 24315 24318 24321 24324 24327 24330 24333 24336 24339 24342 24345 24348 24351 24354 24357 24360 24363 24366 24369 24372 24375 24378 24381 24384 24387 </DataArray>
<DataArray  type="UInt8"  Name="types"  format="ascii">5 5 5 5 5 5 5 5 5 5 5 5 5 5 5 5 5 5 5 5 5 5 5 5 5 5 5 5 5 5 5 5 5 5 5 5 5 5 5 5 5 5 5 5 5 5 5 5 5 5 5 5 5 5 5 5 5 5 5 5 5 5 5 5 5 5 5 5 5 5 5 5 5 5 5 5 5 5 5 5 5 5 5 5 5 5 5 5 5 5 5 5 5 5 5 5 5 5 5 5 5 5 5 5 5 5 5 5 5 5 5 5 5 5 5 5 5 5 5 5 5 5 5 5 5 5 5 5 5 5 5 5 5 5 5 5 5 5 5 5 5 5 5 5 5 5 5 5 5 5 5 5 5 5 5 5 5 5 5 5 5 5 5 5 5 5 5 5 5 5 5 5 5 5 5 5 5 5 5 5 5 5 5 5 5 5 5 5 5 5 5 5 5 5 5 5 5 5 5 5 5 5 5 5 5 5 5 5 5 5 5 5 5 5 5 5 5 5 5 5 5 5 5 5 5 5 5 5 5 5 5 5 5 5 5 5 5 5 5 5 5 5 5 5 5 5 5 5 5 5 5 5 5 5 5 5 5 5 5 5 5 5 5 5 5 5 5 5 5 5 5 5 5 5 5 5 5 5 5 5 5 5 5 5 5 5 5 5 5 5 5 5 5 5 5 5 5 5 5 5 5 5 5 5 5 5 5 5 5 5 5 5 5 5 5 5 5 5 5 5 5 5 5 5 5 5 5 5 5 5 5 5 5 5 5 5 5 5 5 5 5 5 5 5 5 5 5 5 5 5 5 5 5 5 5 5 5 5 5 5 5 5 5 5 5 5 5 5 5 5 5 5 5 5 5 5 5 5 5 5 5 5 5 5 5 5 5 5 5 5 5 5 5 5 5 5 5 5 5 5 5 5 5 5 5 5 5 5 5 5 5 5 5 5 5 5 5 5 5 5 5 5 5 5 5 5 5 5 5 5 5 5 5 5 5 5 5 5 5 5 5 5 5 5 5 5 5 5 5 5 5 5 5 5 5 5 5 5 5 5 5 5 5 5 5 5 5 5 5 5 5 5 5 5 5 5 5 5 5 5 5 5 5 5 5 5 5 5 5 5 5 5 5 5 5 5 5 5 5 5 5 5 5 5 5 5 5 5 5 5 5 5 5 5 5 5 5 5 5 5 5 5 5 5 5 5 5 5 5 5 5 5 5 5 5 5 5 5 5 5 5 5 5 5 5 5 5 5 5 5 5 5 5 5 5 5 5 5 5 5 5 5 5 5 5 5 5 5 5 5 5 5 5 5 5 5 5 5 5 5 5 5 5 5 5 5 5 5 5 5 5 5 5 5 5 5 5 5 5 5 5 5 5 5 5 5 5 5 5 5 5 5 5 5 5 5 5 5 5 5 5 5 5 5 5 5 5 5 5 5 5 5 5 5 5 5 5 5 5 5 5 5 5 5 5 5 5 5 5 5 5 5 5 5 5 5 5 5 5 5 5 5 5 5 5 5 5 5 5 5 5 5 5 5 5 5 5 5 5 5 5 5 5 5 5 5 5 5 5 5 5 5 5 5 5 5 5 5 5 5 5 5 5 5 5 5 5 5 5 5 5 5 5 5 5 5 5 5 5 5 5 5 5 5 5 5 5 5 5 5 5 5 5 5 5 5 5 5 5 5 5 5 5 5 5 5 5 5 5 5 5 5 5 5 5 5 5 5 5 5 5 5 5 5 5 5 5 5 5 5 5 5 5 5 5 5 5 5 5 5 5 5 5 5 5 5 5 5 5 5 5 5 5 5 5 5 5 5 5 5 5 5 5 5 5 5 5 5 5 5 5 5 5 5 5 5 5 5 5 5 5 5 5 5 5 5 5 5 5 5 5 5 5 5 5 5 5 5 5 5 5 5 5 5 5 5 5 5 5 5 5 5 5 5 5 5 5 5 5 5 5 5 5 5 5 5 5 5 5 5 5 5 5 5 5 5 5 5 5 5 5 5 5 5 5 5 5 5 5 5 5 5 5 5 5 5 5 5 5 5 5 5 5 5 5 5 5 5 5 5 5 5 5 5 5 5 5 5 5 5 5 5 5 5 5 5 5 5 5 5 5 5 5 5 5 5 5 5 5 5 5 5 5 5 5 5 5 5 5 5 5 5 5 5 5 5 5 5 5 5 5 5 5 5 5 5 5 5 5 5 5 5 5 5 5 5 5 5 5 5 5 5 5 5 5 5 5 5 5 5 5 5 5 5 5 5 5 5 5 5 5 5 5 5 5 5 5 5 5 5 5 5 5 5 5 5 5 5 5 5 5 5 5 5 5 5 5 5 5 5 5 5 5 5 5 5 5 5 5 5 5 5 5 5 5 5 5 5 5 5 5 5 5 5 5 5 5 5 5 5 5 5 5 5 5 5 5 5 5 5 5 5 5 5 5 5 5 5 5 5 5 5 5 5 5 5 5 5 5 5 5 5 5 5 5 5 5 5 5 5 5 5 5 5 5 5 5 5 5 5 5 5 5 5 5 5 5 5 5 5 5 5 5 5 5 5 5 5 5 5 5 5 5 5 5 5 5 5 5 5 5 5 5 5 5 5 5 5 5 5 5 5 5 5 5 5 5 5 5 5 5 5 5 5 5 5 5 5 5 5 5 5 5 5 5 5 5 5 5 5 5 5 5 5 5 5 5 5 5 5 5 5 5 5 5 5 5 5 5 5 5 5 5 5 5 5 5 5 5 5 5 5 5 5 5 5 5 5 5 5 5 5 5 5 5 5 5 5 5 5 5 5 5 5 5 5 5 5 5 5 5 5 5 5 5 5 5 5 5 5 5 5 5 5 5 5 5 5 5 5 5 5 5 5 5 5 5 5 5 5 5 5 5 5 5 5 5 5 5 5 5 5 5 5 5 5 5 5 5 5 5 5 5 5 5 5 5 5 5 5 5 5 5 5 5 5 5 5 5 5 5 5 5 5 5 5 5 5 5 5 5 5 5 5 5 5 5 5 5 5 5 5 5 5 5 5 5 5 5 5 5 5 5 5 5 5 5 5 5 5 5 5 5 5 5 5 5 5 5 5 5 5 5 5 5 5 5 5 5 5 5 5 5 5 5 5 5 5 5 5 5 5 5 5 5 5 5 5 5 5 5 5 5 5 5 5 5 5 5 5 5 5 5 5 5 5 5 5 5 5 5 5 5 5 5 5 5 5 5 5 5 5 5 5 5 5 5 5 5 5 5 5 5 5 5 5 5 5 5 5 5 5 5 5 5 5 5 5 5 5 5 5 5 5 5 5 5 5 5 5 5 5 5 5 5 5 5 5 5 5 5 5 5 5 5 5 5 5 5 5 5 5 5 5 5 5 5 5 5 5 5 5 5 5 5 5 5 5 5 5 5 5 5 5 5 5 5 5 5 5 5 5 5 5 5 5 5 5 5 5 5 5 5 5 5 5 5 5 5 5 5 5 5 5 5 5 5 5 5 5 5 5 5 5 5 5 5 5 5 5 5 5 5 5 5 5 5 5 5 5 5 5 5 5 5 5 5 5 5 5 5 5 5 5 5 5 5 5 5 5 5 5 5 5 5 5 5 5 5 5 5 5 5 5 5 5 5 5 5 5 5 5 5 5 5 5 5 5 5 5 5 5 5 5 5 5 5 5 5 5 5 5 5 5 5 5 5 5 5 5 5 5 5 5 5 5 5 5 5 5 5 5 5 5 5 5 5 5 5 5 5 5 5 5 5 5 5 5 5 5 5 5 5 5 5 5 5 5 5 5 5 5 5 5 5 5 5 5 5 5 5 5 5 5 5 5 5 5 5 5 5 5 5 5 5 5 5 5 5 5 5 5 5 5 5 5 5 5 5 5 5 5 5 5 5 5 5 5 5 5 5 5 5 5 5 5 5 5 5 5 5 5 5 5 5 5 5 5 5 5 5 5 5 5 5 5 5 5 5 5 5 5 5 5 5 5 5 5 5 5 5 5 5 5 5 5 5 5 5 5 5 5 5 5 5 5 5 5 5 5 5 5 5 5 5 5 5 5 5 5 5 5 5 5 5 5 5 5 5 5 5 5 5 5 5 5 5 5 5 5 5 5 5 5 5 5 5 5 5 5 5 5 5 5 5 5 5 5 5 5 5 5 5 5 5 5 5 5 5 5 5 5 5 5 5 5 5 5 5 5 5 5 5 5 5 5 5 5 5 5 5 5 5 5 5 5 5 5 5 5 5 5 5 5 5 5 5 5 5 5 5 5 5 5 5 5 5 5 5 5 5 5 5 5 5 5 5 5 5 5 5 5 5 5 5 5 5 5 5 5 5 5 5 5 5 5 5 5 5 5 5 5 5 5 5 5 5 5 5 5 5 5 5 5 5 5 5 5 5 5 5 5 5 5 5 5 5 5 5 5 5 5 5 5 5 5 5 5 5 5 5 5 5 5 5 5 5 5 5 5 5 5 5 5 5 5 5 5 5 5 5 5 5 5 5 5 5 5 5 5 5 5 5 5 5 5 5 5 5 5 5 5 5 5 5 5 5 5 5 5 5 5 5 5 5 5 5 5 5 5 5 5 5 5 5 5 5 5 5 5 5 5 5 5 5 5 5 5 5 5 5 5 5 5 5 5 5 5 5 5 5 5 5 5 5 5 5 5 5 5 5 5 5 5 5 5 5 5 5 5 5 5 5 5 5 5 5 5 5 5 5 5 5 5 5 5 5 5 5 5 5 5 5 5 5 5 5 5 5 5 5 5 5 5 5 5 5 5 5 5 5 5 5 5 5 5 5 5 5 5 5 5 5 5 5 5 5 5 5 5 5 5 5 5 5 5 5 5 5 5 5 5 5 5 5 5 5 5 5 5 5 5 5 5 5 5 5 5 5 5 5 5 5 5 5 5 5 5 5 5 5 5 5 5 5 5 5 5 5 5 5 5 5 5 5 5 5 5 5 5 5 5 5 5 5 5 5 5 5 5 5 5 5 5 5 5 5 5 5 5 5 5 5 5 5 5 5 5 5 5 5 5 5 5 5 5 5 5 5 5 5 5 5 5 5 5 5 5 5 5 5 5 5 5 5 5 5 5 5 5 5 5 5 5 5 5 5 5 5 5 5 5 5 5 5 5 5 5 5 5 5 5 5 5 5 5 5 5 5 5 5 5 5 5 5 5 5 5 5 5 5 5 5 5 5 5 5 5 5 5 5 5 5 5 5 5 5 5 5 5 5 5 5 5 5 5 5 5 5 5 5 5 5 5 5 5 5 5 5 5 5 5 5 5 5 5 5 5 5 5 5 5 5 5 5 5 5 5 5 5 5 5 5 5 5 5 5 5 5 5 5 5 5 5 5 5 5 5 5 5 5 5 5 5 5 5 5 5 5 5 5 5 5 5 5 5 5 5 5 5 5 5 5 5 5 5 5 5 5 5 5 5 5 5 5 5 5 5 5 5 5 5 5 5 5 5 5 5 5 5 5 5 5 5 5 5 5 5 5 5 5 5 5 5 5 5 5 5 5 5 5 5 5 5 5 5 5 5 5 5 5 5 5 5 5 5 5 5 5 5 5 5 5 5 5 5 5 5 5 5 5 5 5 5 5 5 5 5 5 5 5 5 5 5 5 5 5 5 5 5 5 5 5 5 5 5 5 5 5 5 5 5 5 5 5 5 5 5 5 5 5 5 5 5 5 5 5 5 5 5 5 5 5 5 5 5 5 5 5 5 5 5 5 5 5 5 5 5 5 5 5 5 5 5 5 5 5 5 5 5 5 5 5 5 5 5 5 5 5 5 5 5 5 5 5 5 5 5 5 5 5 5 5 5 5 5 5 5 5 5 5 5 5 5 5 5 5 5 5 5 5 5 5 5 5 5 5 5 5 5 5 5 5 5 5 5 5 5 5 5 5 5 5 5 5 5 5 5 5 5 5 5 5 5 5 5 5 5 5 5 5 5 5 5 5 5 5 5 5 5 5 5 5 5 5 5 5 5 5 5 5 5 5 5 5 5 5 5 5 5 5 5 5 5 5 5 5 5 5 5 5 5 5 5 5 5 5 5 5 5 5 5 5 5 5 5 5 5 5 5 5 5 5 5 5 5 5 5 5 5 5 5 5 5 5 5 5 5 5 5 5 5 5 5 5 5 5 5 5 5 5 5 5 5 5 5 5 5 5 5 5 5 5 5 5 5 5 5 5 5 5 5 5 5 5 5 5 5 5 5 5 5 5 5 5 5 5 5 5 5 5 5 5 5 5 5 5 5 5 5 5 5 5 5 5 5 5 5 5 5 5 5 5 5 5 5 5 5 5 5 5 5 5 5 5 5 5 5 5 5 5 5 5 5 5 5 5 5 5 5 5 5 5 5 5 5 5 5 5 5 5 5 5 5 5 5 5 5 5 5 5 5 5 5 5 5 5 5 5 5 5 5 5 5 5 5 5 5 5 5 5 5 5 5 5 5 5 5 5 5 5 5 5 5 5 5 5 5 5 5 5 5 5 5 5 5 5 5 5 5 5 5 5 5 5 5 5 5 5 5 5 5 5 5 5 5 5 5 5 5 5 5 5 5 5 5 5 5 5 5 5 5 5 5 5 5 5 5 5 5 5 5 5 5 5 5 5 5 5 5 5 5 5 5 5 5 5 5 5 5 5 5 5 5 5 5 5 5 5 5 5 5 5 5 5 5 5 5 5 5 5 5 5 5 5 5 5 5 5 5 5 5 5 5 5 5 5 5 5 5 5 5 5 5 5 5 5 5 5 5 5 5 5 5 5 5 5 5 5 5 5 5 5 5 5 5 5 5 5 5 5 5 5 5 5 5 5 5 5 5 5 5 5 5 5 5 5 5 5 5 5 5 5 5 5 5 5 5 5 5 5 5 5 5 5 5 5 5 5 5 5 5 5 5 5 5 5 5 5 5 5 5 5 5 5 5 5 5 5 5 5 5 5 5 5 5 5 5 5 5 5 5 5 5 5 5 5 5 5 5 5 5 5 5 5 5 5 5 5 5 5 5 5 5 5 5 5 5 5 5 5 5 5 5 5 5 5 5 5 5 5 5 5 5 5 5 5 5 5 5 5 5 5 5 5 5 5 5 5 5 5 5 5 5 5 5 5 5 5 5 5 5 5 5 5 5 5 5 5 5 5 5 5 5 5 5 5 5 5 5 5 5 5 5 5 5 5 5 5 5 5 5 5 5 5 5 5 5 5 5 5 5 5 5 5 5 5 5 5 5 5 5 5 5 5 5 5 5 5 5 5 5 5 5 5 5 5 5 5 5 5 5 5 5 5 5 5 5 5 5 5 5 5 5 5 5 5 5 5 5 5 5 5 5 5 5 5 5 5 5 5 5 5 5 5 5 5 5 5 5 5 5 5 5 5 5 5 5 5 5 5 5 5 5 5 5 5 5 5 5 5 5 5 5 5 5 5 5 5 5 5 5 5 5 5 5 5 5 5 5 5 5 5 5 5 5 5 5 5 5 5 5 5 5 5 5 5 5 5 5 5 5 5 5 5 5 5 5 5 5 5 5 5 5 5 5 5 5 5 5 5 5 5 5 5 5 5 5 5 5 5 5 5 5 5 5 5 5 5 5 5 5 5 5 5 5 5 5 5 5 5 5 5 5 5 5 5 5 5 5 5 5 5 5 5 5 5 5 5 5 5 5 5 5 5 5 5 5 5 5 5 5 5 5 5 5 5 5 5 5 5 5 5 5 5 5 5 5 5 5 5 5 5 5 5 5 5 5 5 5 5 5 5 5 5 5 5 5 5 5 5 5 5 5 5 5 5 5 5 5 5 5 5 5 5 5 5 5 5 5 5 5 5 5 5 5 5 5 5 5 5 5 5 5 5 5 5 5 5 5 5 5 5 5 5 5 5 5 5 5 5 5 5 5 5 5 5 5 5 5 5 5 5 5 5 5 5 5 5 5 5 5 5 5 5 5 5 5 5 5 5 5 5 5 5 5 5 5 5 5 5 5 5 5 5 5 5 5 5 5 5 5 5 5 5 5 5 5 5 5 5 5 5 5 5 5 5 5 5 5 5 5 5 5 5 5 5 5 5 5 5 5 5 5 5 5 5 5 5 5 5 5 5 5 5 5 5 5 5 5 5 5 5 5 5 5 5 5 5 5 5 5 5 5 5 5 5 5 5 5 5 5 5 5 5 5 5 5 5 5 5 5 5 5 5 5 5 5 5 5 5 5 5 5 5 5 5 5 5 5 5 5 5 5 5 5 5 5 5 5 5 5 5 5 5 5 5 5 5 5 5 5 5 5 5 5 5 5 5 5 5 5 5 5 5 5 5 5 5 5 5 5 5 5 5 5 5 5 5 5 5 5 5 5 5 5 5 5 5 5 5 5 5 5 5 5 5 5 5 5 5 5 5 5 5 5 5 5 5 5 5 5 5 5 5 5 5 5 5 5 5 5 5 5 5 5 5 5 5 5 5 5 5 5 5 5 5 5 5 5 5 5 5 5 5 5 5 5 5 5 5 5 5 5 5 5 5 5 5 5 5 5 5 5 5 5 5 5 5 5 5 5 5 5 5 5 5 5 5 5 5 5 5 5 5 5 5 5 5 5 5 5 5 5 5 5 5 5 5 5 5 5 5 5 5 5 5 5 5 5 5 5 5 5 5 5 5 5 5 5 5 5 5 5 5 5 5 5 5 5 5 5 5 5 5 5 5 5 5 5 5 5 5 5 5 5 5 5 5 5 5 5 5 5 5 5 5 5 5 5 5 5 5 5 5 5 5 5 5 5 5 5 5 5 5 5 5 5 5 5 5 5 5 5 5 5 5 5 5 5 5 5 5 5 5 5 5 5 5 5 5 5 5 5 5 5 5 5 5 5 5 5 5 5 5 5 5 5 5 5 5 5 5 5 5 5 5 5 5 5 5 5 5 5 5 5 5 5 5 5 5 5 5 5 5 5 5 5 5 5 5 5 5 5 5 5 5 5 5 5 5 5 5 5 5 5 5 5 5 5 5 5 5 5 5 5 5 5 5 5 5 5 5 5 5 5 5 5 5 5 5 5 5 5 5 5 5 5 5 5 5 5 5 5 5 5 5 5 5 5 5 5 5 5 5 5 5 5 5 5 5 5 5 5 5 5 5 5 5 5 5 5 5 5 5 5 5 5 5 5 5 5 5 5 5 5 5 5 5 5 5 5 5 5 5 5 5 5 5 5 5 5 5 5 5 5 5 5 5 5 5 5 5 5 5 5 5 5 5 5 5 5 5 5 5 5 5 5 5 5 5 5 5 5 5 5 5 5 5 5 5 5 5 5 5 5 5 5 5 5 5 5 5 5 5 5 5 5 5 5 5 5 5 5 5 5 5 5 5 5 5 5 5 5 5 5 5 5 5 5 5 5 5 5 5 5 5 5 5 5 5 5 5 5 5 5 5 5 5 5 5 5 5 5 5 5 5 5 5 5 5 5 5 5 5 5 5 5 5 5 5 5 5 5 5 5 5 5 5 5 5 5 5 5 5 5 5 5 5 5 5 5 5 5 5 5 5 5 5 5 5 5 5 5 5 5 5 5 5 5 5 5 5 5 5 5 5 5 5 5 5 5 5 5 5 5 5 5 5 5 5 5 5 5 5 5 5 5 5 5 5 5 5 5 5 5 5 5 5 5 5 5 5 5 5 5 5 5 5 5 5 5 5 5 5 5 5 5 5 5 5 5 5 5 5 5 5 5 5 5 5 5 5 5 5 5 5 5 5 5 5 5 5 5 5 5 5 5 5 5 5 5 5 5 5 5 5 5 5 5 5 5 5 5 5 5 5 5 5 5 5 5 5 5 5 5 5 5 5 5 5 5 5 5 5 5 5 5 5 5 5 5 5 5 5 5 5 5 5 5 5 5 5 5 5 5 5 5 5 5 5 5 5 5 5 5 5 5 5 5 5 5 5 5 5 5 5 5 5 5 5 5 5 5 5 5 5 5 5 5 5 5 5 5 5 5 5 5 5 5 5 5 5 5 5 5 5 5 5 5 5 5 5 5 5 5 5 5 5 5 5 5 5 5 5 5 5 5 5 5 5 5 5 5 5 5 5 5 5 5 5 5 5 5 5 5 5 5 5 5 5 5 5 5 5 5 5 5 5 5 5 5 5 5 5 5 5 5 5 5 5 5 5 5 5 5 5 5 5 5 5 5 5 5 5 5 5 5 5 5 5 5 5 5 5 5 5 5 5 5 5 5 5 5 5 5 5 5 5 5 5 5 5 5 5 5 5 5 5 5 5 5 5 5 5 5 5 5 5 5 5 5 5 5 5 5 5 5 5 5 5 5 5 5 5 5 5 5 5 5 5 5 5 5 5 5 5 5 5 5 5 5 5 5 5 5 5 5 5 5 5 5 5 5 5 5 5 5 5 5 5 5 5 5 5 5 5 5 5 5 5 5 5 5 5 5 5 5 5 5 5 5 5 5 5 5 5 5 5 5 5 5 5 5 5 5 5 5 5 5 5 5 5 5 5 5 5 5 5 5 5 5 5 5 5 5 5 5 5 5 5 5 5 5 5 5 5 5 5 5 5 5 5 5 5 5 5 5 5 5 5 5 5 5 5 5 5 5 5 5 5 5 5 5 5 5 5 5 5 5 5 5 5 5 5 5 5 5 5 5 5 5 5 5 5 5 5 5 5 5 5 5 5 5 5 5 5 5 5 5 5 5 5 5 5 5 5 5 5 5 5 5 5 5 5 5 5 5 5 5 5 5 5 5 5 5 5 5 5 5 5 5 5 5 5 5 5 5 5 5 5 5 5 5 5 5 5 5 5 5 5 5 5 5 5 5 5 5 5 5 5 5 5 5 5 5 5 5 5 5 5 5 5 5 5 5 5 5 5 5 5 5 5 5 5 5 5 5 5 5 5 5 5 5 5 5 5 5 5 5 5 5 5 5 5 5 5 5 5 5 5 5 5 5 5 5 5 5 5 5 5 5 5 5 5 5 5 5 5 5 5 5 5 5 5 5 5 5 5 5 5 5 5 5 5 5 5 5 5 5 5 5 5 5 5 5 5 5 5 5 5 5 5 5 5 5 5 5 5 5 5 5 5 5 5 5 5 5 5 5 5 5 5 5 5 5 5 5 5 5 5 5 5 5 5 5 5 5 5 5 5 5 5 5 5 5 5 5 5 5 5 5 5 5 5 5 5 5 5 5 5 5 5 5 5 5 5 5 5 5 5 5 5 5 5 5 5 5 5 5 5 5 5 5 5 5 5 5 5 5 5 5 5 5 5 5 5 5 5 5 5 5 5 5 5 5 5 5 5 5 5 5 5 5 5 5 5 5 5 5 5 5 5 5 5 5 5 5 5 5 5 5 5 5 5 5 5 5 5 5 5 5 5 5 5 5 5 5 5 5 5 5 5 5 5 5 5 5 5 5 5 5 5 5 5 5 5 5 5 5 5 5 5 5 5 5 5 5 5 5 5 5 5 5 5 5 5 5 5 5 5 5 5 5 5 5 5 5 5 5 5 5 5 5 5 5 5 5 5 5 5 5 5 5 5 5 5 5 5 5 5 5 5 5 5 5 5 5 5 5 5 5 5 5 5 5 5 5 5 5 5 5 5 5 5 5 5 5 5 5 5 5 5 5 5 5 5 5 5 5 5 5 5 5 5 5 5 5 5 5 5 5 5 5 5 5 5 5 5 5 5 5 5 5 5 5 5 5 5 5 5 5 5 5 5 5 5 5 5 5 5 5 5 5 5 5 5 5 5 5 5 5 5 5 5 5 5 5 5 5 5 5 5 5 5 5 5 5 5 5 5 5 5 5 5 5 5 5 5 5 5 5 5 5 5 5 5 5 5 5 5 5 5 5 5 5 5 5 5 5 5 5 5 5 5 5 5 5 5 5 5 5 5 5 5 5 5 5 5 5 5 5 5 5 5 5 5 5 5 5 5 5 5 5 5 5 5 5 5 5 5 5 5 5 5 5 5 5 5 5 5 5 5 5 5 5 5 5 5 5 5 5 5 5 5 5 5 5 5 5 5 5 5 5 5 5 5 5 5 5 5 5 5 5 5 5 5 5 5 5 5 5 5 5 5 5 5 5 5 5 5 5 5 5 5 5 5 5 5 5 5 5 5 5 5 5 5 5 5 5 5 5 5 5 5 5 5 5 5 5 5 5 5 5 5 5 5 5 5 5 5 5 5 5 5 5 5 5 5 5 5 5 5 5 5 5 5 5 5 5 5 5 5 5 5 5 5 5 5 5 5 5 5 5 5 5 5 5 5 5 5 5 5 5 5 5 5 5 5 5 5 5 5 5 5 5 5 5 5 5 5 5 5 5 5 5 5 5 5 5 5 5 5 5 5 5 5 5 5 5 5 5 5 5 5 5 5 5 5 5 5 5 5 5 5 5 5 5 5 5 5 5 5 5 5 5 5 5 5 5 5 5 5 5 5 5 5 5 5 5 5 5 5 5 5 5 5 5 5 5 5 5 5 5 5 5 5 5 5 5 5 5 5 5 5 5 5 5 5 5 5 5 5 5 5 5 5 5 5 5 5 5 5 5 5 5 5 5 5 5 5 5 5 5 5 5 5 5 5 5 5 5 5 5 5 5 5 5 5 5 5 5 5 5 5 5 5 5 5 5 5 5 5 5 5 5 5 5 5 5 5 5 5 5 5 5 5 5 5 5 5 5 5 5 5 5 5 5 5 5 5 5 5 5 5 5 5 5 5 5 5 5 5 5 5 5 5 5 5 5 5 5 5 5 5 5 5 5 5 5 5 5 5 5 5 5 5 5 5 5 5 5 5 5 5 5 5 5 5 5 5 5 5 5 5 5 5 5 5 5 5 5 5 5 5 5 5 5 5 5 5 5 5 5 5 5 5 5 5 5 5 5 5 5 5 5 5 5 5 5 5 5 5 5 5 5 5 5 5 5 5 5 5 5 5 5 5 5 5 5 5 5 5 5 5 5 5 5 5 5 5 5 5 5 5 5 5 5 5 5 5 5 5 5 5 5 5 5 5 5 5 5 5 5 5 5 5 5 5 5 5 5 5 5 5 5 5 5 5 5 5 5 5 5 5 5 5 5 5 5 5 5 5 5 5 5 5 5 5 5 5 5 5 5 5 5 5 5 5 5 5 5 5 5 5 5 5 5 5 5 5 5 5 5 5 5 5 5 5 5 5 5 5 5 5 5 5 5 5 5 5 5 5 5 5 5 5 5 5 5 5 5 5 5 5 5 5 5 5 5 5 5 5 5 5 5 5 5 5 5 5 5 5 5 5 5 5 5 5 5 5 5 5 5 5 5 5 5 5 5 5 5 5 5 5 5 5 5 5 5 5 5 5 5 5 5 5 5 5 5 5 5 5 5 5 5 5 5 5 5 5 5 5 5 5 5 5 5 5 5 5 5 5 5 5 5 5 5 5 5 5 5 5 5 5 5 5 5 5 5 5 5 5 5 5 5 5 5 5 5 5 5 5 5 5 5 5 5 5 5 5 5 5 5 5 5 5 5 5 5 5 5 5 5 5 5 5 5 5 5 5 5 5 5 5 5 5 5 5 5 5 5 5 5 5 5 5 5 5 5 5 5 5 5 5 5 5 5 5 5 5 5 5 5 5 5 5 5 5 5 5 5 5 5 5 5 5 5 5 5 5 5 5 5 5 5 5 5 5 5 5 5 5 5 5 5 5 5 5 5 5 5 5 5 5 5 5 5 5 5 5 5 5 5 5 5 5 5 5 5 5 5 5 5 5 5 5 5 5 5 5 5 5 5 5 5 5 5 5 5 5 5 5 5 5 5 5 5 5 5 5 5 5 5 5 5 5 5 5 5 5 5 5 5 5 5 5 5 5 5 5 5 5 5 5 5 5 5 5 5 5 5 5 5 5 5 5 5 5 5 5 5 5 5 5 5 5 5 5 5 5 5 5 5 5 5 5 5 5 5 5 5 5 5 5 5 5 5 5 5 5 5 5 5 5 5 5 5 5 5 5 5 5 5 5 5 5 5 5 5 5 5 5 5 5 5 5 5 5 5 5 5 5 5 5 5 5 5 5 5 5 5 5 5 5 5 5 5 5 5 5 5 5 5 5 5 5 5 5 5 5 5 5 5 5 5 5 5 5 5 5 5 5 5 5 5 5 5 5 5 5 5 5 5 5 5 5 5 5 5 5 5 5 5 5 5 5 5 5 5 5 5 5 5 5 5 5 5 5 5 5 5 5 5 5 5 5 5 5 5 5 5 5 5 5 5 5 5 5 5 5 5 5 5 5 5 5 5 5 5 5 5 5 5 5 5 5 5 5 5 5 5 5 5 5 5 5 5 5 5 5 5 5 5 5 5 5 5 5 5 5 5 5 5 5 5 5 5 5 5 5 5 5 5 5 5 5 5 5 5 5 5 5 5 5 5 5 5 5 5 5 5 5 5 5 5 5 5 5 5 5 5 5 5 5 5 5 5 5 5 5 5 5 5 5 5 5 5 5 5 5 5 5 5 5 5 5 5 5 5 5 5 5 5 5 5 5 5 5 5 5 5 5 5 5 5 5 5 5 5 5 5 5 5 5 5 5 5 5 5 5 5 5 5 5 5 5 5 5 5 5 5 5 5 5 5 5 5 5 5 5 5 5 5 5 5 5 5 5 5 5 5 5 5 5 5 5 5 5 5 5 5 5 5 5 5 5 5 5 5 5 5 5 5 5 5 5 5 5 5 5 5 5 5 5 5 5 5 5 5 5 5 5 5 5 5 5 5 5 5 5 5 5 5 5 5 5 5 5 5 5 5 5 5 5 5 5 5 5 5 5 5 5 5 5 5 5 5 5 5 5 5 5 5 5 5 5 5 5 5 5 5 5 5 5 5 5 5 5 5 5 5 5 5 5 5 5 5 5 5 5 5 5 5 5 5 5 5 5 5 5 5 5 5 5 5 5 5 5 5 5 5 5 5 5 5 5 5 5 5 5 5 5 5 5 5 5 5 5 5 5 5 5 5 5 5 5 5 5 5 5 5 5 5 5 5 5 5 5 5 5 5 5 5 5 5 5 5 5 5 5 5 5 5 5 5 5 5 5 5 5 5 5 5 5 5 5 5 5 5 5 5 5 5 5 5 5 5 5 5 5 5 5 5 5 5 5 5 5 5 5 5 5 5 5 5 5 5 5 5 5 5 5 5 5 5 5 5 5 5 5 5 5 5 5 5 5 5 5 5 5 5 5 5 5 5 5 5 5 5 5 5 5 5 5 5 5 5 5 5 5 5 5 5 5 5 5 5 5 5 5 5 5 5 5 5 5 5 5 5 5 5 5 5 5 5 5 5 5 5 5 5 5 5 5 5 5 5 5 5 5 5 5 5 5 5 5 5 5 5 5 5 5 5 5 5 5 5 5 5 5 5 5 5 5 5 5 5 5 5 5 5 5 5 5 5 5 5 5 5 5 5 5 5 5 5 5 5 5 5 5 5 5 5 5 5 5 5 5 5 5 5 5 5 5 5 5 5 5 5 5 5 5 5 5 5 5 5 5 5 5 5 5 5 5 5 5 5 5 5 5 5 5 5 5 5 5 5 5 5 5 5 5 5 5 5 5 5 5 5 5 5 5 5 5 5 5 5 5 5 5 5 5 5 5 5 5 5 5 5 5 5 5 5 5 5 5 5 5 5 5 5 5 5 5 5 5 5 5 5 5 5 5 5 5 5 5 5 5 5 5 5 5 5 5 5 5 5 5 5 5 5 5 5 5 5 5 5 5 5 5 5 5 5 5 5 5 5 5 5 5 5 5 5 5 5 5 5 5 5 5 5 5 5 5 5 5 5 5 5 5 5 5 5 5 5 5 5 5 5 5 5 5 5 5 5 5 5 5 5 5 5 5 5 5 5 5 5 5 5 5 5 5 5 5 5 5 5 5 5 5 5 5 5 5 5 5 5 5 5 5 5 5 5 5 5 5 5 5 5 5 5 5 5 5 5 5 5 5 5 5 5 5 5 5 5 5 5 5 5 5 5 5 5 5 5 5 5 5 5 5 5 5 5 5 5 5 5 5 5 5 5 5 5 5 5 5 5 5 5 5 5 5 5 5 5 5 5 5 5 5 5 5 5 5 5 5 5 5 5 5 5 5 5 5 5 5 5 5 5 5 5 5 5 5 5 5 5 5 5 5 5 5 5 5 5 5 5 5 5 5 5 5 5 5 5 5 5 5 5 5 5 5 5 5 5 5 5 5 5 5 5 5 5 5 5 5 5 5 5 5 5 5 5 5 5 5 5 5 5 5 5 5 5 5 5 5 5 5 5 5 5 5 5 5 5 5 5 5 5 5 5 5 5 5 5 5 5 5 5 5 5 5 5 5 5 5 5 5 5 5 5 5 5 5 5 5 5 5 5 5 5 5 5 5 5 5 5 5 5 5 5 5 5 5 5 5 5 5 5 5 5 5 5 5 5 5 5 5 5 5 5 5 5 5 5 5 5 5 5 5 5 5 5 5 5 5 5 5 5 5 5 5 5 5 5 5 5 5 5 5 5 5 5 5 5 5 5 5 5 5 5 5 5 5 5 5 5 5 5 5 5 5 5 5 5 5 5 5 5 5 5 5 5 5 5 5 5 5 5 5 5 5 5 5 5 5 5 5 5 5 5 5 5 5 5 5 5 5 5 5 5 5 5 5 5 5 5 5 5 5 5 5 5 5 5 5 5 5 5 5 5 5 5 5 5 5 5 5 5 5 5 5 5 5 5 5 5 5 5 5 5 5 5 5 5 5 5 5 5 5 5 5 5 5 5 5 5 5 5 5 5 5 5 5 5 5 5 5 5 5 5 5 5 5 5 5 5 5 5 5 5 5 5 5 5 5 5 5 5 5 5 5 5 5 5 5 5 5 5 5 5 5 5 5 5 5 5 5 5 5 5 5 5 5 5 5 5 5 5 5 5 5 5 5 5 5 5 5 5 5 5 5 5 5 5 5 5 5 5 5 5 5 5 5 5 5 5 5 5 5 5 5 5 5 5 5 5 5 5 5 5 5 5 5 5 5 5 5 5 5 5 5 5 5 5 5 5 5 5 5 5 5 5 5 5 5 5 5 5 5 5 5 5 5 5 5 5 5 5 5 5 5 5 5 5 5 5 5 5 5 5 5 5 5 5 5 5 5 5 5 5 5 5 5 5 5 5 5 5 5 5 5 5 5 5 5 5 5 5 5 5 5 5 5 5 5 5 5 5 5 5 5 5 5 5 5 5 5 5 5 5 5 5 5 5 5 5 5 5 5 5 5 5 5 5 5 5 5 5 5 5 5 5 5 5 5 5 5 5 5 5 5 5 5 5 5 5 5 5 5 5 5 5 5 5 5 5 5 5 5 5 5 5 5 5 5 5 5 5 5 5 5 5 5 5 5 5 5 5 5 5 5 5 5 5 5 5 5 5 5 5 5 5 5 5 5 5 5 5 5 5 5 5 5 5 5 5 5 5 5 5 5 5 5 5 5 5 5 5 5 5 5 5 5 5 5 5 5 5 5 5 5 5 5 5 5 5 5 5 5 5 5 5 5 5 5 5 5 5 5 5 5 5 5 5 5 5 5 5 5 5 5 5 5 5 5 5 5 5 5 5 5 5 5 5 5 5 5 5 5 5 5 5 5 5 5 5 5 5 5 5 5 5 5 5 5 5 5 5 5 5 5 5 5 5 5 5 5 5 5 5 5 5 5 5 5 5 5 5 5 5 5 5 5 5 5 5 5 5 5 5 5 5 5 5 5 5 5 5 5 5 5 5 5 5 5 5 5 5 5 5 5 5 5 5 5 5 5 5 5 5 5 5 5 5 5 5 5 5 5 5 5 5 5 5 5 5 5 5 5 5 5 5 5 5 5 5 5 5 5 5 5 5 5 5 5 5 5 5 5 5 5 5 5 5 5 5 5 5 5 5 5 5 5 5 5 5 5 5 5 5 5 5 5 5 5 5 5 5 5 5 5 5 5 5 5 5 5 5 5 5 5 5 5 5 5 5 5 5 5 5 5 5 5 5 5 5 5 5 5 5 5 5 5 5 5 5 5 5 5 5 5 5 5 5 5 5 5 5 5 5 5 5 5 5 5 5 5 5 5 5 5 5 5 5 5 5 5 5 5 5 5 5 5 5 5 5 5 5 5 5 5 5 5 5 5 5 5 5 5 5 5 5 5 5 5 5 5 5 5 5 5 5 5 5 5 5 5 5 5 5 5 5 5 5 5 5 5 5 5 5 5 5 5 5 5 5 5 5 5 5 5 5 5 5 5 5 5 5 5 5 5 5 5 5 5 5 5 5 5 5 5 5 5 5 5 5 5 5 5 5 5 5 5 5 5 5 5 5 5 5 5 5 5 5 5 5 5 </DataArray>
</Cells>
<PointData  Scalars="f_513009"> 
<DataArray  type="Float64"  Name="f_513009"  format="ascii">0.0000000000000000e+00  0.0000000000000000e+00  0.0000000000000000e+00  0.0000000000000000e+00  3.7836161857579667e-04  -1.1419068510772957e-03  -2.4909050464418728e-03  -2.3425104858075503e-03  -1.1393805680319591e-03  2.1143899183983716e-03  1.2604453970067630e-03  6.0569000550411342e-04  -2.9108980035564640e-03  4.2396782964423188e-03  -2.9214061601227181e-03  -1.3007632051733794e-02  -1.3821573596698470e-02  -1.0419102193890588e-03  -1.2828707202012098e-03  -4.1614391678863969e-03  -4.0680730402876970e-03  0.0000000000000000e+00  0.0000000000000000e+00  -7.3185705841431769e-04  -8.4829813736016549e-04  0.0000000000000000e+00  0.0000000000000000e+00  0.0000000000000000e+00  0.0000000000000000e+00  -9.6434203546681284e-04  -9.1876605213601101e-04  -1.0159371229992783e-03  -8.1499795877340965e-04  -7.9127965987693498e-04  -6.4378532267877239e-04  0.0000000000000000e+00  0.0000000000000000e+00  0.0000000000000000e+00  3.7425872521593080e-04  0.0000000000000000e+00  3.7041936345896478e-04  3.4976860603369299e-04  0.0000000000000000e+00  0.0000000000000000e+00  0.0000000000000000e+00  0.0000000000000000e+00  0.0000000000000000e+00  0.0000000000000000e+00  3.4579645483490969e-04  7.3870365381328745e-05  7.6893699673583323e-05  0.0000000000000000e+00  0.0000000000000000e+00  0.0000000000000000e+00  0.0000000000000000e+00  4.1666780470764060e-04  5.5345587293703907e-04  8.9016081066401929e-04  8.5944454051645972e-04  2.8146463627628127e-04  2.4644982940740602e-04  0.0000000000000000e+00  -1.0769185767293011e-03  -1.1486319376952468e-03  0.0000000000000000e+00  -4.6221966126370106e-04  -1.1626926298266092e-03  -8.6876944471912364e-04  -5.0741289529017343e-04  -3.0594784159960776e-04  0.0000000000000000e+00  -3.5423175500732743e-04  1.6621359643564994e-04  1.6857232327103003e-04  0.0000000000000000e+00  0.0000000000000000e+00  0.0000000000000000e+00  0.0000000000000000e+00  1.2581169705060317e-04  1.2559159510206600e-04  5.4515393478783887e-04  -5.4933584762976182e-04  -3.7899475612701171e-04  3.3450788638683593e-05  -6.3337181420684103e-04  -4.3805751811863773e-04  2.0726941901682200e-04  5.7180371520215592e-04  -5.4909087508859817e-04  -3.1303713104548171e-04  1.5258729283425617e-04  1.5332144089883978e-04  0.0000000000000000e+00  1.6900109717163869e-04  0.0000000000000000e+00  1.7998648333084253e-04  1.3183902974142874e-04  4.5427840753690181e-04  0.0000000000000000e+00  1.8638107638448931e-04  4.3927361122803889e-04  0.0000000000000000e+00  0.0000000000000000e+00  0.0000000000000000e+00  0.0000000000000000e+00  0.0000000000000000e+00  0.0000000000000000e+00  -7.5837368061317586e-04  1.1237067205651526e-03  1.3827899271368245e-04  -3.5525312292135019e-05  1.0338819146121092e-04  -3.9092570720181934e-05  1.0386578490834777e-04  2.3269580311323772e-04  0.0000000000000000e+00  0.0000000000000000e+00  0.0000000000000000e+00  0.0000000000000000e+00  -4.2979096358742745e-04  6.1277263471603638e-04  -3.8469595132772352e-04  -3.5243347508633169e-04  5.8679106964990547e-05  1.0728799036444564e-04  0.0000000000000000e+00  8.5913120912258100e-05  6.1088401147223876e-04  6.3780200834621123e-04  2.3008164798039071e-04  1.2957668195218487e-03  -8.6252564970835791e-04  -8.0928203869386304e-04  6.3320180269221512e-04  -7.9452858933924415e-04  2.3584026932589700e-04  5.6689426415404559e-05  2.0163958522604079e-04  2.0960965877407726e-04  0.0000000000000000e+00  0.0000000000000000e+00  0.0000000000000000e+00  4.7442832812587777e-05  1.3117813169340775e-04  1.2483669198925132e-04  -3.3546999184209367e-04  -2.9157605438969076e-04  -8.2264492247699353e-04  5.0924115468534198e-05  1.6545338575239609e-04  -7.3391679914051639e-04  -2.7921238571144069e-04  -4.2804210558556599e-05  -8.1104959416389657e-04  1.2824509334815187e-03  9.8413139373406365e-04  -6.8998822108846635e-05  2.4720193927522960e-04  3.6566669923363351e-04  3.2606016691309351e-04  3.5114358948213823e-04  -3.7262530447767492e-04  -1.0289121223400755e-04  -1.3183281925767219e-04  -9.7042642111079731e-04  3.0931946103486503e-04  2.2927120780757073e-04  7.4745298552374382e-05  1.0427073836475209e-04  -4.9414001689396269e-04  1.0994193893982920e-04  3.0268225808050518e-04  0.0000000000000000e+00  -1.3983321622971340e-04  2.1752686925327134e-04  -3.2186695112491637e-04  -8.0555816272716632e-04  -7.9265510427404520e-04  -7.6545249917478171e-04  -8.5861422361358853e-04  -1.3139708573983101e-04  0.0000000000000000e+00  5.0855473175966555e-05  4.4618778412413538e-04  2.1978241897226339e-04  -5.7940879064466812e-04  2.2824309518498895e-04  0.0000000000000000e+00  6.1853478186605357e-04  0.0000000000000000e+00  2.9068300515072476e-04  -1.1174119546741592e-03  5.3815297038759230e-04  2.6514184208342197e-04  5.8947444916231497e-04  9.3894020286811611e-05  9.1760866529494212e-05  -7.4793418807170145e-04  -6.6008824826310861e-04  -8.8918334912739625e-04  0.0000000000000000e+00  -1.2200817653769594e-04  4.5143948376419828e-04  -6.6767618644591239e-04  0.0000000000000000e+00  -2.3185749428808374e-04  -2.1616121414951014e-04  0.0000000000000000e+00  -2.2188464372371191e-04  -8.5475040696111611e-04  -1.0238508054720168e-03  1.3140803238489510e-04  2.0366392709711252e-04  0.0000000000000000e+00  5.1457289089022632e-04  4.8217224935739970e-04  7.9847219161476032e-05  2.8646217818457720e-04  -3.7594293229983975e-05  4.3887989128239612e-04  1.4489424199780828e-04  2.1986629479691688e-05  -1.0511250023738810e-03  1.6883140913737307e-05  5.0435201821392680e-04  3.3178364715095350e-05  1.2824776120240450e-04  -2.7278001537668568e-04  9.3652055740982309e-05  1.9423772979134651e-04  5.8632230314109930e-05  6.1603270457419247e-04  5.3810584884150187e-05  2.9361942169809003e-04  -9.3055898394924668e-04  -1.1646860898632252e-03  -1.5360155475125297e-04  0.0000000000000000e+00  7.6438424555022108e-05  3.5348496469919438e-04  1.2150103544083331e-04  6.4268895607007097e-05  3.2391456647670912e-05  6.4289452856227893e-05  2.2320932867466131e-04  3.3581328617492866e-05  0.0000000000000000e+00  -9.2578363190478003e-04  -1.7219529042189212e-03  6.2772739805115797e-05  2.4976210112245633e-04  -7.9437283061033551e-04  -8.1017440674494153e-04  -8.9720291626267136e-04  -9.6676563825075614e-04  -8.4061368364686821e-04  -9.5007675526765333e-04  2.9874438504796442e-04  0.0000000000000000e+00  8.1975011646297235e-05  5.8665902113534483e-05  8.6155166270292854e-05  4.1038140201049618e-05  0.0000000000000000e+00  1.0132246463344363e-04  8.4199022597837621e-05  8.7669383905244214e-05  -2.4626029998055682e-04  -2.5874188755313526e-04  -2.5311798577077699e-04  0.0000000000000000e+00  2.8271130249184965e-04  8.7112794359157171e-04  -1.4990266946551895e-04  0.0000000000000000e+00  0.0000000000000000e+00  2.3320575566994527e-04  2.3238409941839732e-04  4.2598734401056381e-04  -2.4872474479444858e-04  0.0000000000000000e+00  0.0000000000000000e+00  7.5603536451217300e-04  1.1826009541018485e-04  1.5083968213212967e-04  1.4698805668839662e-03  0.0000000000000000e+00  1.7905190533655464e-04  -7.8704683381989270e-04  -6.3409273737128301e-04  0.0000000000000000e+00  -1.1297187488211360e-03  -1.0067017886195395e-03  0.0000000000000000e+00  0.0000000000000000e+00  0.0000000000000000e+00  -6.7615980614702540e-04  -1.6528799235967311e-03  0.0000000000000000e+00  0.0000000000000000e+00  -9.6292640548697301e-04  -9.3850358063500387e-04  0.0000000000000000e+00  0.0000000000000000e+00  0.0000000000000000e+00  0.0000000000000000e+00  0.0000000000000000e+00  0.0000000000000000e+00  0.0000000000000000e+00  0.0000000000000000e+00  4.2130000805534160e-04  -6.9287534823347257e-04  8.2858334450047936e-05  4.2893781264908177e-04  -1.1109773768820746e-03  2.1765056519887021e-04  8.2643343201742594e-05  -6.3785537295410596e-04  8.3172819369558084e-04  -6.9362077460240353e-04  4.0299802591973263e-05  6.7656564686409697e-04  1.2510850553010971e-03  9.1592088202104732e-05  -2.5575486800957667e-04  2.2711500427694095e-04  1.2185801194728151e-04  1.1908751636380884e-04  5.5272065754046029e-05  1.8689239506406298e-03  1.6753275585994630e-04  -7.6409687242237569e-04  1.9583359602225780e-04  -1.4860736936141586e-04  -1.3969531809315437e-04  -3.3190054898407630e-05  -4.6206942475294142e-05  -1.0134570548948486e-03  9.3424077122299221e-05  8.7050124261705913e-04  6.1717636002836919e-04  -1.3715166940226654e-04  3.5287948430090429e-04  -5.1514774624778837e-04  -5.3290735434108403e-04  -1.9950948792501095e-04  5.7048840401576751e-06  2.6122723819880714e-04  1.6221596566326950e-05  1.7429798677361228e-05  0.0000000000000000e+00  8.9852251495472536e-04  4.6744845361551020e-04  1.3221355936870457e-04  2.1727459018972629e-04  -8.8141195405574957e-04  6.4214718658221509e-04  4.4872188618330064e-04  2.4418902746798304e-04  4.5386919421013476e-04  7.6920637262391798e-05  -2.0882040411053835e-04  6.6136317764801063e-05  5.2846373627184044e-04  5.6980767772091734e-04  5.3767409302180166e-04  -1.7667066561442865e-04  4.8802416566252882e-04  7.8067964417577300e-04  1.8294924711963805e-04  -1.4564269641631196e-03  1.3109064871982916e-03  -1.0236754677015831e-03  -5.0233860056175046e-04  -9.6194491232268783e-04  -2.1484150789906220e-04  1.1180824436177289e-04  -5.4508531944035649e-04  -1.5704810163643952e-04  -1.5009275660842524e-04  -4.0718669004707512e-04  4.9240240606938618e-05  -8.5790268141240926e-04  -8.1975258202903443e-04  -9.3986175820107165e-04  -5.0376496024881858e-04  1.6326530859167972e-04  3.3212183522858204e-04  -1.2931263538030574e-04  -5.2901234010711926e-04  2.0815837922918916e-04  1.6346282507920758e-04  4.0595342493210421e-05  2.3773309306191351e-05  9.2522062701958432e-05  0.0000000000000000e+00  6.9712175412183828e-05  3.1692636873946104e-04  5.6942797651123000e-05  1.4696665421697975e-04  1.2386520148893092e-04  2.6552545633143885e-04  -2.9046432987412789e-04  -1.2117496812572627e-03  7.4540478465793180e-04  2.4348468716763093e-04  2.5233709014245090e-04  -8.1307442944915679e-04  -1.2924313461676317e-07  -2.9627948692638131e-04  -4.3855875966698868e-04  9.6090366238075440e-05  1.3253398278689741e-04  -3.3713253705607546e-06  9.2081859125344530e-05  1.2914965814304742e-04  3.2211805885403084e-04  4.7594973631545401e-05  7.2445521917317054e-04  1.7490218295088301e-05  -4.5086685255038610e-04  -1.9174596425375212e-04  4.0117083077792430e-05  -7.6221020421686936e-04  3.8704889218317551e-05  -1.0080606483423634e-03  -1.0801678502720404e-03  -5.7826153583913765e-04  -8.9176838047268366e-04  0.0000000000000000e+00  -3.6719002760377117e-05  2.1391251774722898e-04  -1.2466268907120929e-04  -1.7222746760896482e-04  -1.4325052119388379e-03  -8.8066963709598290e-04  -1.0865793248169781e-03  -6.0887866233524739e-04  0.0000000000000000e+00  6.7439126592660397e-04  3.8432993913126167e-04  8.0142520874506700e-05  1.3028812352329497e-04  -6.1610351599246794e-04  -4.8280697485115354e-04  1.5780384521428672e-04  3.9584952552206015e-04  3.3149149916485469e-04  1.5672575370318859e-04  2.5706620406342478e-05  5.7282236688182256e-05  1.8815848079728402e-04  9.6344130729072002e-05  3.2243675352964669e-05  3.3914865704718138e-05  -8.0717663908315700e-04  -1.3140769611863696e-04  7.1908531655284985e-04  0.0000000000000000e+00  1.0503767607279954e-04  -7.0577868940663606e-04  -5.3497820827671930e-04  1.8440554838247393e-04  -8.0440009139068217e-04  -2.5984634163273991e-05  2.4024259913027073e-04  3.0871489462412920e-04  9.5587167278516469e-05  5.9263757449573345e-04  2.3378982372807174e-03  6.4252574288761925e-05  8.8317338611149912e-04  -4.1332467702821145e-04  1.8139454816141023e-04  2.0555569831135598e-05  3.1123955407473677e-04  4.5848786183395653e-05  0.0000000000000000e+00  0.0000000000000000e+00  0.0000000000000000e+00  0.0000000000000000e+00  0.0000000000000000e+00  0.0000000000000000e+00  0.0000000000000000e+00  0.0000000000000000e+00  0.0000000000000000e+00  0.0000000000000000e+00  0.0000000000000000e+00  -6.9371721017165292e-04  -6.4025021883485104e-04  2.5672483700782984e-05  3.3422144684344836e-04  7.5579280486006697e-04  5.7592460102372197e-05  2.1034514352329071e-04  2.5289883064461718e-05  7.8408625264283517e-05  6.0696843844500653e-05  -5.3240974767028405e-04  -9.2519951465410170e-04  -1.1133083300751596e-03  9.2355327303341161e-05  3.5997984978139116e-04  1.0639170556336704e-04  2.2708172356081850e-05  -6.8771583366204867e-05  1.5759773675302465e-04  -1.6365856749814454e-03  7.4286900940020192e-04  -8.6469124968707105e-04  -9.4541476439737049e-04  2.5558109401748559e-04  1.4026090851466825e-05  -9.4218466145246224e-04  -1.0507055373654992e-03  4.2723147807893662e-05  1.8500920391259951e-04  1.7686558092071234e-04  -5.5842075279547549e-04  -1.2016529663454812e-03  5.9862773955866949e-05  9.9496948537937727e-05  2.7694392867722251e-04  -1.8319290147649483e-03  -7.2725997035424288e-04  -1.6090173308541602e-03  1.2405964161839412e-04  -9.6436820102624064e-04  -6.1172978060222358e-04  -9.3642493425734981e-04  1.3310893446808153e-04  -6.7795598310253107e-04  -1.0062558060536788e-03  -4.2567575546070222e-04  8.7664900476370556e-04  3.3294935856082099e-05  1.5386304850625600e-03  5.3774322230609610e-05  -1.0563197292431437e-03  -7.2240391976839419e-04  -7.0793495825587129e-05  2.0479288411361513e-05  6.6098984467568301e-05  1.0076198806336495e-03  -3.4573710142445807e-04  4.9998469928504318e-05  2.2910969362329964e-05  -1.0092686370774117e-03  3.4084771812536752e-04  2.8279822965250932e-04  8.1199153901828449e-05  1.6410551989782016e-04  7.5704405076347091e-05  1.4447328902341007e-04  -1.6293420961817438e-04  5.1588009449041856e-04  5.9355353950576832e-04  3.0792543591377862e-04  5.0846482647924672e-04  3.4817681629416069e-04  3.4700556774925766e-04  3.7904266012283872e-04  -3.5882303108999362e-04  -1.8092059839700672e-04  -8.3487917901896658e-05  -2.5320675823064896e-04  7.3717160215363124e-05  4.2016321478328267e-04  4.6308169459856417e-04  2.8834161796561559e-04  5.7438718545278068e-05  -9.2745153825816605e-04  2.6106573386356787e-05  9.6284820554188525e-04  6.0221813072418582e-05  7.5134299826414962e-04  3.1507259513212480e-04  2.8435740738266097e-04  6.3234546753393537e-04  2.7273026992669899e-04  -6.2162925424000964e-04  -1.6338842788162148e-04  -7.0052868704863506e-04  1.8040112866576999e-05  -6.2183413890999474e-05  -1.3212227389388187e-04  4.5111685596981214e-05  -6.4399483457924388e-04  -8.0896214427778870e-05  6.4209278703065666e-05  1.2225430796621218e-04  1.3963110040334377e-04  1.4170826088739883e-04  1.6356899126887244e-04  3.1545917159040153e-04  7.8051873159779440e-05  -3.8187650429695691e-04  3.2952973903508165e-05  9.2481574347783171e-05  -4.2386758677523802e-04  2.2677969607038460e-04  1.1877271524583139e-04  5.8249182644647166e-05  -2.3132711745668074e-05  -5.3357037181801965e-04  -8.2939411568711994e-04  -5.5932872830008365e-04  -2.8128529010460173e-04  1.2428452390924138e-04  1.2601894283344745e-04  3.7448466950519782e-04  -4.8401547051762358e-04  -6.0525443343042084e-04  1.0904026699897517e-03  -4.2725357134947880e-06  5.9615622043105750e-05  -4.1189473368727169e-04  1.0624302340415726e-03  3.7275678019749062e-04  -2.5132456795892814e-03  3.7758690708771192e-04  2.8712904867875960e-04  1.4279305843606181e-03  -5.6596640315585592e-04  2.3208925441656856e-05  0.0000000000000000e+00  -5.4901388670460225e-05  8.4219801920353514e-05  -2.7827272424637032e-04  3.7952196912773066e-04  3.3946072058524725e-05  4.2664439966018516e-04  5.6599538529979447e-04  4.1713930120301963e-04  -9.0200351058545029e-04  -1.4734527441117036e-04  2.8791430412100833e-04  2.6150294133770157e-04  9.9943193919779880e-04  -2.0261096201156661e-04  6.9794362413520979e-04  5.6712947975496219e-04  5.1231145901573503e-04  0.0000000000000000e+00  1.7047865251369374e-05  -5.3339336234994005e-04  3.3391919511134571e-05  6.4690257943506013e-04  5.4366472557638903e-04  -2.3028514550557430e-04  -6.9641920590310564e-04  2.6006769051407892e-04  -1.0494602015240754e-04  0.0000000000000000e+00  7.4512619145625500e-06  0.0000000000000000e+00  2.6951458495778593e-04  3.4105765719184134e-04  -1.4685330237430546e-03  1.4973261704967584e-04  1.6714423921650030e-04  -7.7209429880885282e-05  -9.0948659220805000e-04  -8.2622524700903767e-04  -1.3632300825879059e-03  6.1096302232405847e-04  1.4236432815144525e-04  7.4511562619660756e-04  -7.4234441872360582e-05  -1.2998643441385761e-03  -9.4049598306619883e-04  -9.3963354213764732e-04  -1.0556968829860277e-03  -1.4606999960348918e-04  9.6982665819228921e-05  -1.6259380372982222e-04  -7.0584128495156139e-05  -2.0854771805871612e-04  7.2175165812206473e-04  2.3285473496942620e-04  4.6501388666987328e-05  -2.1930533710846331e-04  2.2535270995793346e-04  2.5263902104212695e-04  1.6096225934447911e-04  -1.0107928053949540e-04  -3.6450872958362831e-04  -1.9654611576249315e-04  4.6642677161667066e-04  4.9527467019782007e-04  4.5633345173442876e-05  4.8456594264850082e-05  0.0000000000000000e+00  -1.5391568613765125e-04  3.9900809411140987e-07  1.8767975363487627e-05  3.3276999638954199e-05  3.8978525870485217e-05  -7.8631796048477540e-04  -9.9823833710873397e-04  1.6797070855694731e-04  4.0007871717430302e-04  -2.4183001572764684e-04  1.6966603899434761e-04  -2.0330398106924508e-04  1.5048023420335762e-04  1.0609735697846864e-03  -1.5973711698041471e-03  -2.2943920128598640e-05  2.2757430802782981e-04  1.1995770309423105e-04  -7.3615986703384360e-04  4.3125351190763588e-05  -8.4440477037452870e-04  5.0521808512182635e-04  4.3500352434856695e-04  0.0000000000000000e+00  -9.7695128921184175e-04  -1.0499856497776820e-03  -2.6552568748545649e-04  0.0000000000000000e+00  -4.5934410440380048e-04  -1.9732763275612164e-03  9.6545598105559442e-05  1.7754667941853665e-04  4.8705146087887468e-04  -1.7920404964307830e-04  8.8143934397267418e-05  0.0000000000000000e+00  7.1691488944131590e-05  3.7213340545610638e-04  5.3942200456879913e-04  3.9956570278790204e-04  0.0000000000000000e+00  -9.5600941136783136e-04  9.1420786932022572e-05  2.7905972888052583e-04  3.6213963454562057e-04  9.6609470949849613e-06  -7.8505128361804213e-05  5.4006237309509111e-05  1.4408527172121159e-03  -8.1390084691739016e-04  -8.6011410170655955e-04  2.7741967518580104e-04  7.0360104954723685e-04  -5.4980413610437125e-04  -3.0132618733463249e-04  -4.1550669410494946e-04  -1.1715123735381570e-04  -3.0779933603304377e-04  -3.1285909149168605e-04  -1.1962714435231246e-04  1.5242499820130673e-04  3.5576090984127068e-04  3.3343466756586106e-04  4.6038803546452519e-04  0.0000000000000000e+00  1.0616220614702701e-04  7.5740601685246741e-05  3.5272158519664419e-05  3.4321229765646715e-04  -7.4582377578602511e-04  -1.2533455548829199e-03  9.2594116470230394e-05  1.6114872400742024e-04  1.6451827656413815e-04  1.8643174867486991e-04  2.2737717541565072e-04  1.2885539807444459e-05  3.9971195643936511e-05  -2.6683890761524835e-04  2.2630327535040284e-04  3.6017227934913228e-04  2.0862694035703356e-04  1.4971612419842367e-04  1.2991241875051970e-04  7.6086244001574461e-04  2.7583579221175414e-04  -8.3908149149708867e-04  7.4768714395176872e-05  -4.9237243540548807e-04  5.4612701224015289e-04  3.0902230988862268e-04  0.0000000000000000e+00  -2.1891883509004786e-04  6.3427195327726732e-05  0.0000000000000000e+00  5.6412435215018872e-04  3.0226153742279828e-04  3.7517340699168354e-05  2.2288049228310402e-04  2.1271681108720345e-04  8.0537031580217155e-04  -2.6410038702711963e-04  -6.1318281477219707e-04  2.7361110962633133e-04  9.5830084446361181e-05  1.3829193358262227e-06  -6.5395258090154059e-05  -1.4486054478770547e-04  3.7571374557421566e-04  1.1999822735280456e-04  2.2162929677343532e-04  2.4697594814406307e-04  -1.0839912076001409e-04  2.2987087833888220e-04  -9.0494608338082677e-04  8.0480548382158803e-05  1.4183234078289945e-04  0.0000000000000000e+00  3.8646114123077256e-05  6.3331900672945502e-04  1.9393607600125926e-04  -2.7976048541821749e-04  9.5992709301447070e-05  1.5225034011148181e-05  -2.5831935318684768e-04  1.4658314652303260e-04  3.6989968668141976e-05  2.5160431928206709e-05  5.4115268458747301e-04  2.1581382579823405e-04  1.2314991160711347e-04  2.9276847597123654e-04  4.7147908419817221e-05  -4.2425512531772046e-04  -3.2886506844634816e-04  -3.9354450486967283e-04  2.9899578219360159e-04  4.3205819579724488e-04  3.9509310565431007e-04  2.4540705654009074e-05  -5.0938765004955616e-05  3.7254684307857952e-04  1.3403645705491269e-04  2.0759712156767675e-04  4.2262776713982971e-04  0.0000000000000000e+00  2.9567962063203327e-05  4.5242682248904044e-05  5.8037421625274062e-06  -4.5196517785310071e-04  0.0000000000000000e+00  5.2824820854957202e-05  1.0499640671362148e-04  0.0000000000000000e+00  2.9960256529967896e-05  -4.8517830505768637e-04  0.0000000000000000e+00  2.0433862603749231e-04  2.5301179588390661e-04  9.4196375960722140e-05  1.8586995269916843e-05  9.9960356343257038e-05  8.2426442469032645e-05  6.2857383725054212e-05  3.1348392052369802e-05  1.0035943633488827e-04  -1.6395000743754917e-04  -7.4753488278307787e-04  1.4254348926148898e-04  5.7506512928481049e-05  7.4292415035239769e-04  -1.3403412354861647e-03  3.2665760054926527e-04  3.6216482711331627e-05  -2.5042702441209014e-04  -2.5313025371112034e-05  -1.0855344924306785e-04  6.5532886068654411e-05  0.0000000000000000e+00  -9.4704692288160295e-04  1.0546789993514446e-03  -9.5967497134768630e-04  5.0896550810314916e-06  -1.2452469554259955e-04  -5.9524072804191563e-04  0.0000000000000000e+00  -3.5144790501911549e-04  8.3791255242124814e-06  0.0000000000000000e+00  -6.9645589543619667e-05  0.0000000000000000e+00  -9.4883001706486358e-05  0.0000000000000000e+00  4.0429526883392590e-05  -9.8108932185042748e-04  1.0638658571659107e-04  2.7301519172338192e-05  3.1042808174614455e-05  9.3306839551908616e-05  2.0508317507486016e-04  1.6086147340095410e-03  2.4843353293872874e-04  0.0000000000000000e+00  7.0628715294101174e-05  1.9000417499505306e-03  0.0000000000000000e+00  1.4367761345681054e-04  3.4806066847159939e-04  4.1545903567678978e-04  -5.7012671991825436e-04  4.5313435433647748e-05  0.0000000000000000e+00  4.2815482532405257e-05  -4.2370050609100683e-04  1.2374741997458089e-04  -1.1335084179472750e-03  3.6953545641282793e-04  5.7243302566303149e-05  -3.1222313335035234e-04  -3.1683942241294405e-04  -1.3018142792562342e-04  5.2112980821229043e-05  1.0952689943909247e-04  -8.6150122660973800e-04  -7.9505317033059066e-04  -4.4356320625015000e-04  -3.5941039612805208e-04  -7.5154396424140018e-04  1.0281251511038776e-03  5.3401318274412028e-06  -1.4209469450462723e-04  0.0000000000000000e+00  1.9239665773234873e-04  -1.0937045266262932e-03  8.7750149352833890e-04  7.5136217890884943e-04  -8.2553777529519815e-04  -8.2269924320702242e-04  -7.7812289025639499e-04  1.0102091081717886e-03  6.7978797440279657e-04  6.9465923077618411e-04  3.1150458249913160e-04  1.0070783787794159e-04  -9.1227537036912127e-04  -7.1715095845261269e-04  3.7994762309489380e-05  1.2949019579905436e-04  -4.7906589975715586e-04  1.0597156890446128e-04  -1.1837314419830556e-04  0.0000000000000000e+00  8.7841634209875105e-04  6.7988151618393307e-04  -1.1515532633402415e-04  4.9567079132059068e-05  -9.2434506980228377e-04  3.7433331728907817e-04  1.8379418551773373e-04  2.0858261036129963e-04  2.8213864547621878e-04  1.0896178793545321e-05  -1.1273188199350589e-03  -4.3395746661033919e-04  -1.6377358772463828e-05  0.0000000000000000e+00  -7.4681656723060697e-04  1.6846137645855111e-04  -2.4817016243448685e-04  -7.1918949980099938e-04  -3.7633834580508580e-03  -8.1885899945558849e-04  7.0878819682016308e-05  3.7975361404705976e-04  3.4627830542035155e-04  -7.7799530582532900e-04  -5.7310155780104398e-04  2.1860965575577155e-04  1.8155568815836579e-04  2.8686166054464846e-04  -2.8904480582937894e-04  -2.9378905606648877e-04  1.0555556385085064e-03  -9.6843633552253113e-04  -8.6156579012830047e-04  -8.6189095505972459e-04  -9.6001125175133113e-04  9.6811966373742603e-05  -1.0975747149678614e-03  -9.2914633935745733e-04  -7.0578783885608500e-04  2.1081145307161094e-03  7.6513083229290575e-04  -1.7727325047806103e-05  3.8401675801409476e-05  0.0000000000000000e+00  8.6060487256920995e-05  0.0000000000000000e+00  2.9122487261125264e-05  9.5469226637809540e-06  1.9245926090246285e-04  1.1994831953231545e-04  0.0000000000000000e+00  1.7230612645381094e-04  -1.0317957992140205e-03  -7.3285484164243637e-05  2.7400526403227267e-05  3.0831086723499812e-04  -9.1594770357708490e-04  -8.5622956796121519e-04  1.8089164823915349e-04  -1.9361924014468460e-03  1.1189663655402657e-05  -9.0595648038140967e-05  8.7450787323040433e-05  2.3033384709540675e-04  7.2780635080235543e-05  3.9455643555472579e-05  2.7769173565916688e-04  1.6984254756697203e-04  4.6726944755428633e-05  1.1224769832531143e-04  -9.0763296848959301e-04  3.5200406212647864e-05  0.0000000000000000e+00  0.0000000000000000e+00  0.0000000000000000e+00  0.0000000000000000e+00  -9.3075198364558887e-04  -1.9363664641431229e-03  -1.1976180281636918e-03  -9.7221881551559023e-04  0.0000000000000000e+00  -9.9555533296350135e-04  0.0000000000000000e+00  0.0000000000000000e+00  0.0000000000000000e+00  -1.0307494428407550e-03  0.0000000000000000e+00  0.0000000000000000e+00  0.0000000000000000e+00  0.0000000000000000e+00  0.0000000000000000e+00  -3.0568709448674776e-04  0.0000000000000000e+00  -1.0121665210641865e-03  -8.0425716675275706e-04  -1.1698943269191080e-03  -1.0802001406560019e-03  -9.6296916310935007e-04  -7.5499448346086774e-04  0.0000000000000000e+00  0.0000000000000000e+00  0.0000000000000000e+00  0.0000000000000000e+00  0.0000000000000000e+00  -1.1645537544373787e-03  -9.2433980789150981e-04  -8.1698573926651541e-04  -9.2673609364757423e-04  -9.1029086288530532e-04  0.0000000000000000e+00  0.0000000000000000e+00  0.0000000000000000e+00  0.0000000000000000e+00  0.0000000000000000e+00  0.0000000000000000e+00  0.0000000000000000e+00  0.0000000000000000e+00  0.0000000000000000e+00  0.0000000000000000e+00  0.0000000000000000e+00  0.0000000000000000e+00  0.0000000000000000e+00  0.0000000000000000e+00  -9.4795375237898515e-04  0.0000000000000000e+00  -1.5249025945934106e-03  2.1038000788768255e-05  8.3767825777301939e-05  4.9984116804570366e-04  5.1101575050473244e-04  4.6194620879752509e-04  1.0938491633162747e-04  -2.2763837543475578e-03  -1.0164490747368268e-03  -5.9829756816412655e-04  -1.2855337394216059e-03  -5.5635837350124161e-04  1.4655019585297338e-03  -9.8916088361537032e-04  4.5821803556873539e-04  1.3094730091341310e-04  1.0376034142878845e-04  4.0144218926569889e-03  3.5586208336057601e-04  2.6675895866112793e-04  8.4169904345220441e-04  2.3352180242419032e-04  3.4183705974868017e-05  1.1879899265392002e-03  7.1781679479754627e-04  1.1091518982691731e-03  -9.1881487881332398e-04  -1.5319412553398186e-04  -1.1917357872392616e-03  5.4342249086635624e-04  4.5749719470570582e-05  7.9029748878072244e-05  -3.1590084367931330e-04  -9.1360759001529225e-04  -9.8686784150642357e-04  -8.9483813943962436e-04  -1.1912274258868892e-04  -6.1339504520315695e-04  -6.6617712765445515e-04  4.0848056990925562e-05  2.0783549841362934e-04  0.0000000000000000e+00  -4.3939994849460690e-04  -1.4844628258584784e-04  7.0183399061227614e-05  5.8413987496202082e-04  8.4615374416548692e-04  3.9301938624439283e-05  -1.0254257431747211e-03  3.3541773684770394e-05  3.6723969810121903e-04  -1.3679834380387094e-04  3.5270089167666766e-05  -1.5731213919652803e-04  -9.3260088257999900e-04  -2.9661219706052347e-04  -5.6752510735274078e-04  -7.7631025705809096e-04  9.3105008499164070e-05  -1.9478949900751473e-04  -2.5886312020467571e-04  -6.9444490218795998e-04  1.9647645581224806e-04  -7.0952253941840467e-04  2.0693063397167605e-04  5.5465908865595952e-04  4.3720384992502369e-04  2.2517653076821969e-04  -6.8953122225596858e-04  -1.7276747658872634e-05  -2.0077450472015305e-05  2.8520482257528495e-05  -4.0549935309227463e-04  -9.6135765513673005e-04  -6.9614218729884873e-05  -2.9893339903348429e-04  1.4016247762752942e-05  8.3438534699209225e-06  -6.9703090388537834e-05  4.5501146403620888e-04  2.1908182598655109e-04  -5.8455883473365188e-04  -6.4032603049444788e-04  -6.4604262895178572e-04  7.3038945826071542e-04  0.0000000000000000e+00  1.5509890837959627e-05  3.4970344404268023e-05  9.8782746988321720e-05  1.2739271346180484e-04  -2.3691715086075817e-04  1.4622161345312213e-04  -1.3655500998975782e-03  1.4212698762849023e-04  1.2713639375859287e-04  1.9552656419247560e-04  1.4148142791701500e-04  -1.3024447796984783e-03  -2.4804100578447159e-04  -2.0582399740263750e-04  -3.2647101492547855e-04  1.6446687911912512e-04  1.0049105906184898e-04  -5.0620195068704890e-04  1.0521575695901900e-04  8.2189520380218078e-05  2.2987576544774541e-04  2.7458825673347253e-05  -4.2697814331785250e-06  7.3770689036486322e-05  1.7842843916086480e-04  8.9778249263461677e-04  6.6788744038298988e-04  2.2806132146729923e-04  -1.2221415451307825e-03  -7.1941308479033547e-04  0.0000000000000000e+00  -8.7425719244685958e-04  1.1174042522563748e-04  5.4967329174085650e-04  3.7194665189834261e-04  0.0000000000000000e+00  8.5044222543958288e-04  9.0698049970592393e-05  -8.5126299141424899e-05  -1.8662813815424926e-04  -1.2822920673058353e-05  -2.7379986961347183e-05  -1.2266690034326276e-03  8.1611896411625472e-04  -4.2511691296489407e-04  1.6539327344667094e-04  1.7321469336833737e-04  -6.0467263955035105e-05  -2.8174393772822362e-04  2.2648041545698860e-04  -3.4409153340498612e-05  -8.0436473157517751e-04  5.0107811205716635e-04  1.2171254996479685e-03  -8.6493914157610751e-04  0.0000000000000000e+00  2.6087212272047597e-04  3.9513410140129790e-04  -1.4510672655662231e-04  5.8104963878277628e-04  1.1033313928677961e-04  7.4314987160094259e-04  -8.1693738388260859e-05  2.1910643360185406e-03  4.0729973181393575e-04  8.6915881293164786e-04  -5.1206755363086809e-04  4.7888892593504561e-05  4.7798783394589642e-04  3.5277390238984472e-04  4.7621810053110605e-04  5.4411301760889528e-04  6.2453050449207104e-04  -5.0665674543052739e-04  6.0145458790077555e-04  1.4323267870288887e-04  -2.9975857274373450e-04  2.8543921319598215e-04  4.0624938939609839e-04  2.6532702559882887e-04  -5.0148565838900345e-04  -3.6302706072530622e-04  -6.9831338018685335e-04  -5.9167801902181008e-05  2.7567339343673880e-04  -5.3488313592973003e-04  1.9465906342166117e-04  -5.3014212353628552e-04  -1.3367649629374893e-04  2.6385983715591579e-04  -3.5119815621333168e-05  3.4391618660383227e-05  3.6272448225656773e-05  3.1371262648984547e-05  4.2022062607303062e-04  3.2008397035324989e-05  1.3792269404279948e-04  -5.8376162193909075e-04  -1.1769448716661981e-03  4.8404669404202748e-04  0.0000000000000000e+00  5.7543641613927398e-06  0.0000000000000000e+00  0.0000000000000000e+00  2.1106336959511387e-05  -2.6100764910616379e-04  2.8049455492532867e-04  7.0154000964042342e-05  2.7743438107174482e-05  1.3692055368255625e-04  7.4653444890259552e-05  1.9017574222282373e-04  1.6490837291686027e-04  -7.9579195007878313e-04  2.6138220312380299e-04  1.4909876524580254e-03  5.3660477145678288e-04  3.5801745913478604e-04  7.3454806022980206e-04  6.8609701596273709e-04  -9.5147685224561765e-04  -7.1519388025538424e-04  3.8495861918987556e-04  -1.2359938302978398e-04  2.9479536738534907e-04  1.9127454112770445e-04  5.8323166733467463e-04  5.5714431188849256e-05  1.7274680944658974e-04  -1.1465613432014030e-03  -7.7387911340808142e-04  1.0742603430010471e-04  1.6108532634153600e-03  1.6467780268477445e-04  8.4352385395663426e-06  -4.8204644765554460e-04  5.3355856331391879e-04  4.5228125282371082e-04  3.0561378031968229e-04  -7.2920653088201547e-04  3.4487584691032458e-05  1.8909309531133723e-04  -1.8074957071467546e-05  6.5982747669897178e-05  1.0123243908414111e-04  6.5935215255409578e-05  4.2293210671249159e-04  7.8298344157513199e-05  -1.1083643798651755e-03  -6.8331611879842173e-04  9.2852482967325365e-05  -3.2672352447017238e-04  -9.8384148180613172e-04  -9.0207865233144109e-04  -8.5688345315790336e-04  -3.9439839316395718e-06  1.5903352807210454e-04  -1.1727728388288422e-04  -1.2216894225465153e-04  -3.5698501926055006e-04  -7.6243970590583548e-04  1.2771741956629806e-04  -3.6229139416625263e-04  1.0933144545962509e-04  3.5021013215188569e-05  -8.4663378431004807e-05  -7.9365468390835459e-05  -2.5456773158747677e-04  -4.4898195385639154e-04  -6.5249369572993241e-04  -5.4833667388040457e-04  4.8473729794907118e-04  3.0884941678756779e-05  -4.0554553694645870e-04  -6.0521137769711439e-04  5.4998541184503270e-04  -1.0814609826256582e-03  -6.8708816568306306e-05  6.4307947828363369e-04  -4.7615410676159258e-04  7.5744979399054637e-04  1.2412810370983271e-03  1.0478608635765247e-04  7.8978847297109470e-05  3.1242622748447709e-05  -4.7912489120104839e-04  -4.5945394413332140e-04  6.9926812649354745e-05  3.3071245616858485e-05  6.9245219005806150e-04  -9.6646978400882470e-05  2.0350740270705790e-04  1.8031261715963128e-04  1.2280675103924413e-04  1.9091752975339122e-04  3.5719900621728081e-04  -1.1557521373891002e-04  1.7740569988974078e-04  3.0240086163130957e-04  1.2846258135495677e-03  1.3538393879741534e-04  2.2473069536508924e-04  2.0671039199853123e-05  -1.4122447347102187e-03  2.9992751511785274e-04  1.7212867793330040e-03  5.9390063875898574e-05  2.6567454997378416e-05  6.8630492245477437e-05  -5.2607491284893815e-05  1.5378926651439962e-04  -5.3975442398192946e-04  4.5162581171490990e-04  -2.5281516389265773e-04  1.4767576477767302e-04  2.5205276354525258e-04  -5.8111504290505537e-04  -2.1093045722878049e-04  -8.2290579314095880e-04  -7.0316077495723649e-04  5.7845390981363224e-04  2.8004330167856115e-04  6.9258587974247842e-05  1.3010654387438481e-05  -1.0478567631189736e-03  -1.5553319722263629e-03  -1.0069562692621085e-03  -1.0382694594915725e-04  1.9995849480324127e-04  2.8259651484953684e-04  1.3379664708407628e-04  4.1131742407087383e-06  -3.7882437429804356e-04  5.6444878759116455e-05  1.7466907571227306e-04  2.2627229485593264e-05  5.2942595019615972e-05  2.2411668153928153e-05  -2.0931477361070248e-04  5.0481556694706106e-04  5.5112423718775416e-05  4.8858034867905430e-05  5.1598279358800994e-05  2.6313049326986358e-04  7.7276886316973695e-05  -2.2165597851673874e-04  3.7924544463521629e-04  -4.0111910296603811e-04  -5.5375226688912295e-05  2.5182626580114181e-04  -7.8107786320796740e-05  -1.4144272325944472e-04  -1.3405943953945999e-04  -8.0469189356885623e-04  3.1728509681328242e-05  1.4334100251095272e-04  1.1629132127202617e-04  8.0852386893127254e-05  1.2436923406657910e-04  -6.3953427385266437e-04  3.7434844740554126e-04  -3.6618273782426350e-05  1.4065662209055395e-05  -2.5946180367637843e-06  1.4985331627026758e-05  8.2944868941102012e-05  1.8492983940794917e-04  2.7372714237816479e-04  1.2706065604887673e-04  1.7856939489326024e-04  2.0872609325432129e-04  -9.5576836005857385e-04  2.2285872161467929e-04  1.8987939709827543e-04  2.5629937772990002e-04  1.0408220306725834e-05  -2.4883399285763005e-04  -1.0412454356110109e-03  -3.7525776052025012e-04  -2.0464668075828453e-05  -2.5221349724993247e-04  -9.7051912921782067e-04  6.6264555386599924e-05  5.4247813136686519e-04  2.4662925856559396e-04  3.2491996907930222e-04  2.5757657875951430e-04  3.5733649114112466e-04  -7.4463787868732161e-04  3.3483220424974252e-04  -7.4144637054775436e-04  5.4630056080466843e-04  -7.2813779473720631e-05  -7.4743912021705511e-05  1.1553327245246911e-04  6.6874170381871288e-04  1.1773152140925984e-03  7.3564859207673667e-05  1.1757949998478875e-04  1.2125876455238071e-04  -1.9222969018582736e-04  -4.5765914450707895e-04  1.2111933074293693e-04  3.3063697825926291e-04  2.4904706354505330e-04  1.0702615633628543e-05  2.4714997025681702e-05  1.4215575395759973e-04  2.5627253584717126e-04  3.0120765944119046e-04  1.1531931132018351e-04  5.6017603887900690e-04  1.2962804806448021e-03  7.0187060597896950e-05  1.0810620587225948e-03  6.9864697091559329e-04  -1.9525072645889515e-03  -7.3861161135770526e-04  -2.9519616216856385e-04  1.8407484016485208e-04  -4.8634862049946972e-05  -1.5096763419819130e-03  -8.0360101844001539e-04  1.4254607247825331e-04  -9.7903624455861508e-04  5.2535869133610626e-05  1.6232722663754966e-04  4.3078104693653076e-04  -8.0979433187416627e-05  -2.0950184090319063e-04  -4.4919931874491582e-05  0.0000000000000000e+00  9.3871476642914638e-04  -9.0526626931754142e-04  2.1084240216267169e-04  1.4310124840330080e-04  5.2027745917994828e-04  1.2534940726029940e-04  1.2828422913911520e-04  5.6512970475448854e-04  -5.5934694541169127e-04  1.3980108692487268e-04  1.9495877943672343e-04  -3.3673570068925191e-04  -1.2324444536220816e-03  -1.7201955009875309e-03  6.2980382923420305e-05  7.2451291814656481e-06  2.7474074027997869e-04  -2.1099538354303943e-04  -2.5830263870034399e-04  -3.1860756155693170e-04  -1.7682158442255736e-03  -4.5003340694830315e-05  1.0485843395328150e-05  6.2984258693825432e-04  -2.3525873119898765e-05  4.2774312081507386e-05  7.7588883511756218e-05  1.8630004086492849e-04  1.6795437072526979e-04  5.1514040848856553e-05  -6.1438134237392088e-04  -1.5389733087131370e-04  0.0000000000000000e+00  6.5748808317547673e-06  1.7542236050534956e-04  7.1895752091883139e-04  1.5575218046878957e-04  2.6931150782656052e-05  4.4232704232530648e-05  1.5578506879146395e-05  -7.3309115739055356e-04  7.2728212301582997e-05  3.0224179409450113e-05  5.1508030726573137e-05  2.4457589160598258e-05  1.7683250635458338e-05  -5.9133886057171280e-04  -7.1211241205784682e-04  1.7458692168556385e-04  0.0000000000000000e+00  -1.0249980195408937e-03  -8.8839365594060675e-05  -8.2888375192351386e-05  -2.2240272705600561e-04  8.0003538769761429e-05  1.1554929332085155e-04  6.9763018831019957e-05  9.9031026028399563e-04  -4.6462257811861812e-04  -1.9042414982152328e-05  2.7844542667059663e-04  3.5481188543730184e-05  -5.7660598681716466e-05  1.3556237228757475e-04  -1.5493648298680587e-05  1.3651309562504618e-06  -5.9139120593658422e-04  1.8399332047041905e-04  -3.7409480948744853e-04  -9.4827964743580951e-04  -9.2472170702146469e-04  -8.5637167240378844e-04  -8.6451242126513129e-04  2.8195875657380434e-05  1.7556952724670705e-04  2.0367617219359496e-04  -1.9611418363571601e-04  4.1862609771771352e-05  -6.5159070176859816e-04  2.2933016858080115e-04  -9.9093981214512647e-04  -1.0286966736596291e-03  -9.5682997026596781e-06  -7.1924721668483393e-05  1.3666329874875141e-04  -4.4354214860732487e-05  -4.6753488674014114e-04  -1.4331396473999322e-03  -1.2074702705092623e-03  1.4560135225341305e-04  6.0334372112541683e-05  3.4729605611387657e-05  1.5595690764361639e-04  1.6485283751753509e-04  2.0747474314464042e-04  3.9422276332252217e-04  2.7467318815016867e-05  2.1787288654832296e-04  -6.9178632875597167e-04  -9.7007236444958042e-04  -2.9351401645826147e-05  -1.0672163475715488e-03  6.0045574830556742e-04  4.5552679962249608e-04  3.5485405071640621e-04  -1.0743665743601879e-03  3.3133361941827438e-04  3.9040290938776342e-04  6.1570507365663610e-05  1.3366521564509154e-03  -9.5978208052705972e-06  -7.9301257756524157e-04  9.8770308287049187e-04  -4.9327545248151173e-04  -6.0221851004023733e-04  -8.3153111613131631e-04  -8.8110034098927263e-04  -8.4657726382343082e-04  -7.7993378181651920e-04  4.0552508164695499e-04  7.0027729521905149e-06  -7.5977379649876521e-04  1.5350008721112370e-04  0.0000000000000000e+00  1.5317914741563962e-05  -6.7871158329248530e-04  2.6054541883907263e-04  3.9999005178359821e-04  4.5518638909929781e-04  -3.1604950502483258e-05  1.6375912482355522e-05  3.9536196898797455e-04  1.8930303050103747e-04  -1.2022429046405632e-04  -1.0203036641093476e-03  9.7316004427529461e-06  2.1423166905914061e-04  1.8961568645592598e-04  2.8220172878713417e-05  9.5870589994314528e-05  8.0958690607637728e-04  8.8093730257201360e-05  6.9819522619010081e-04  7.8466175449745776e-04  1.0114769512502024e-03  6.7485348307233853e-04  -2.6965894052333558e-04  1.0583591741301985e-04  5.5398624931203642e-04  2.6557018572981762e-05  -7.4715994391568117e-05  -1.0191230576318034e-03  1.3033400765187994e-03  2.8301250191999707e-04  2.5376204861820353e-04  3.8434339528514758e-05  1.0238086239695422e-04  -1.0463577084606863e-03  -6.4327523991483443e-04  1.4864489076889852e-04  -6.7877018739233741e-04  5.5950067090901456e-05  -5.8508467416842566e-04  -2.6035729034754111e-04  3.7368929698051680e-04  3.6544820773206564e-04  3.1541716259714562e-04  1.2133367285849714e-04  1.6042093498808217e-04  1.5083646567965166e-04  8.3324885612577688e-05  -6.9264110360596552e-04  -1.0436745461898395e-03  -2.9641183973047183e-06  -5.0425246966537577e-04  2.3571850749453958e-04  0.0000000000000000e+00  8.6991604512726207e-05  3.9997925921457473e-04  4.7987343175354555e-05  2.7548025014033103e-05  -3.8884592471504241e-04  -5.6580648021875785e-04  -7.4184689722962805e-04  -5.8517652502397229e-04  -6.4653784344517935e-04  -3.0607695342052169e-04  -8.5341175274969048e-04  1.4124234243555219e-04  -7.1886761858980656e-05  3.9733888727443921e-04  3.3822227500593112e-04  3.1469553562925393e-04  6.1170919790205804e-05  -8.5855089078304533e-04  6.1018820242353027e-05  2.7764001034224199e-04  -3.1539105375406125e-04  6.1012579303762774e-05  -1.1808348575569883e-03  -7.4952563324586592e-04  -1.0512060708483700e-03  -1.1611290362812650e-03  -3.0049442389425314e-04  -2.9962000314389141e-04  -3.5108808152416372e-04  2.4624751847674227e-05  -1.3927637086780852e-04  5.8605489030428637e-04  9.5311896142593684e-06  -9.2578175069462862e-04  -3.8363894776324137e-04  8.5043737307964249e-04  2.0939630967799900e-04  1.0417324697044297e-03  -5.9455036908925211e-04  1.4600924617638885e-04  -7.3986035402558484e-04  7.3493988247316322e-04  1.1362031639303749e-04  -5.7999544533045355e-05  -7.0467285984585935e-05  2.5537739767176704e-04  2.4997331232328183e-04  -8.6903555817846795e-04  5.5028655921748992e-05  6.4708156447611774e-05  2.0955855427784026e-03  -1.0566814504272451e-03  2.7347966552624983e-05  5.3355039384092768e-04  6.0503096911695337e-05  1.6072870837336546e-05  1.2294912791815315e-03  -8.1067326667210512e-04  -4.1143215433651417e-03  1.5848228958854297e-03  9.7243757586501403e-05  3.1800029717902578e-05  -5.3664394465867816e-04  1.0650062195480688e-03  -6.5987601493986824e-04  -1.3734000432137356e-05  7.8261692845308403e-05  4.9707693278711008e-04  -1.7804430843354943e-04  4.7564620634054446e-04  4.2051114401396316e-05  1.3305827674034142e-04  3.2316682795729046e-04  2.0141984620599117e-04  -5.0326374572413728e-04  -2.8345276575783682e-05  -4.1982450210144751e-05  -1.1003894344111770e-04  -2.9940034222242337e-04  1.9471023570291371e-04  2.8935994488232910e-05  2.4197383931027789e-04  -2.5745484786044565e-04  7.0735901681005461e-05  1.1987362682736602e-04  -6.2705824567013137e-04  -5.9387722312550313e-04  -4.8624855660915416e-04  -2.1571423136382444e-04  -9.2412514912831108e-04  -7.5237207204572183e-05  -9.1948347875213951e-04  8.3098550965279492e-04  6.6555121641381012e-05  4.0336479564152246e-05  3.7680762762120853e-04  -8.8760784994278629e-04  6.0162509753104215e-06  2.9923551670946912e-04  4.3335955490609695e-04  -5.0098093168959867e-04  -1.0206565848617752e-04  1.6915500445601302e-04  1.6931595899923133e-04  2.5761504948772959e-05  6.1794456263062567e-05  0.0000000000000000e+00  0.0000000000000000e+00  0.0000000000000000e+00  0.0000000000000000e+00  0.0000000000000000e+00  0.0000000000000000e+00  0.0000000000000000e+00  0.0000000000000000e+00  0.0000000000000000e+00  0.0000000000000000e+00  0.0000000000000000e+00  0.0000000000000000e+00  0.0000000000000000e+00  0.0000000000000000e+00  0.0000000000000000e+00  0.0000000000000000e+00  0.0000000000000000e+00  0.0000000000000000e+00  -1.0267543062317600e-03  1.2943014440038543e-04  -6.9002791370294638e-04  -4.7469650292178287e-04  -1.1941427363037565e-03  -9.0095243194588347e-04  -8.9076524371329820e-04  -8.9640338912746510e-04  5.2911514523772670e-05  6.9529843204068611e-04  8.1021544740198675e-04  6.6513191427791684e-04  6.9247745108299641e-04  -4.3000833711004421e-04  8.4406692962929561e-04  2.5123841410003159e-04  1.7203592068673037e-04  1.3744764489108515e-05  3.1983367220334492e-05  2.6839873121502495e-05  -1.0596258939993035e-04  -7.7737202474461870e-05  -3.7756328520542132e-04  -4.8642358832391187e-04  -3.2120690662302794e-04  -3.6785089460036094e-05  -8.9372605802496327e-04  1.9289199869149806e-05  1.4596196489585491e-05  3.3400499049743491e-05  5.2617632068526582e-05  1.9443689137161688e-04  7.6862338223592495e-04  -9.2210653583443022e-04  2.5971747616180353e-04  3.1646133380635016e-05  8.5869350520249057e-05  8.1739626269873442e-05  1.0106175229220612e-04  6.0511579073539571e-05  6.5238802577177678e-05  7.4145439925192848e-05  3.0539672158308661e-05  2.5044410079556951e-05  3.9444279683339500e-04  2.3268369580827360e-04  -4.7782148619661044e-04  -9.8539496395009651e-04  -1.2387370015740932e-03  -1.1084709328316570e-03  1.4118605209107419e-05  2.4090023646625105e-05  9.6618407331227222e-05  8.0282953670484628e-04  1.9314910364968496e-04  4.6350208995525098e-05  4.5101421731308134e-05  1.5347111405188501e-04  6.3297898096448431e-04  2.2867096537304328e-05  8.3497435647498670e-05  2.5642615417223826e-04  4.4121916004865317e-04  -7.9231387814169272e-04  5.9847855560608170e-04  -9.4497095258368733e-04  2.0153128018692994e-04  2.6076022068351455e-03  3.0965855039015189e-05  -2.4620849316762559e-04  1.1486185057838408e-04  3.4383059378616801e-04  -2.3887146832685894e-04  3.7893440096101633e-04  4.2277444065176390e-05  5.6916673244985926e-05  -4.4137259337878034e-04  -9.6356141300578835e-04  -7.8783473098080817e-04  2.2715685317951448e-04  -2.7125638721229185e-04  8.7789673717653496e-04  1.4719512704383292e-04  -7.8744094233564586e-04  1.3733457690045498e-04  -3.4274844367970152e-04  -9.4989147744729493e-04  -6.4088313341746159e-05  1.0529449607260514e-05  -2.1619260100574675e-05  8.4780161828755411e-06  5.8129410446835193e-06  5.5064589491859735e-06  -4.8441167036024303e-04  -4.8402576999398970e-04  1.9552700856321795e-04  1.8343991830135873e-04  -7.8864467003436433e-05  3.6891975591368245e-06  -2.8458840199577652e-04  -7.8847765998434256e-04  -9.8012911347369891e-04  2.6114400423931413e-04  -2.6722207464333346e-04  9.9587341525610534e-05  9.4799025105807175e-05  4.9373274950383983e-04  5.3538559635671746e-04  8.4365326501354378e-05  4.1580382203139782e-03  3.5608272103975440e-04  1.9743172400613573e-04  1.8138723860058562e-05  -1.9533190285617118e-04  2.1991777708492820e-04  -2.3435431257852273e-04  3.2648469385265517e-04  1.4590978416842564e-04  -8.0556604151483377e-05  2.5317576176868771e-05  1.9611546159434528e-05  -8.1299697085929299e-04  -1.4201950296570977e-03  2.5995902673102130e-04  -4.6772299804945325e-04  3.8131760444287033e-05  2.1774439861808498e-05  1.0879028050921156e-04  8.0055102285488935e-04  5.3644395742005562e-04  4.7800861374743653e-04  -7.6385932400271526e-04  -8.2428209707727967e-04  2.1480258691448847e-04  -7.5055712186677611e-05  -4.0623574900222799e-04  -3.1998780431180448e-04  -9.5244809880961603e-04  7.8749367552074839e-04  1.0945415425778412e-05  4.1641815476835530e-04  -2.0826981192438861e-04  3.2333181394645326e-04  4.7798443746373183e-04  6.9308546081266951e-05  2.5670078858333704e-04  -4.4144391180360942e-04  -4.6483584392902224e-04  -8.1781413653054255e-05  5.3104944641955213e-05  2.5656286584310512e-05  -2.3218064182972464e-04  -6.9946455114673796e-04  3.2932283149187910e-04  -3.4850335795367220e-05  -1.1967615264143084e-03  -5.0897551057887646e-05  2.4265154710300071e-05  -4.4197562288273036e-04  1.9432063168499107e-05  8.6291936905816239e-05  7.8174140659847458e-05  8.4501020519317351e-06  1.0894345179006627e-04  9.0042112549583496e-04  6.8760399513083083e-05  -9.4284969753794777e-06  -6.6353767461776851e-04  -8.1744084917570415e-04  2.3479274571847292e-04  7.2459867438539347e-04  -4.2591973385114329e-04  4.3922221423710588e-05  9.6262318272091971e-05  8.8799781752216887e-06  -9.9747347411924280e-04  3.9931158053819186e-05  3.9640795588688848e-05  -8.6596560648397297e-04  3.0563861516290527e-04  9.5774932194518986e-05  -1.6939529787654518e-03  1.7532146544134804e-04  2.7047807386324657e-04  2.0292866354605888e-05  5.9623852190795784e-04  -6.6415481397367484e-04  -1.4430626554558705e-03  -1.8028291691200775e-04  -1.3329272306260157e-04  1.8791769981411571e-04  -3.5481964463533412e-05  -1.0136197605686655e-04  2.6411492938550471e-06  2.0196797441243153e-05  2.3168907947988213e-05  5.9595655820422140e-06  5.1069599073866778e-04  6.9802074783967770e-04  -7.5657305906324320e-04  -8.6695511925275609e-04  -9.9322963419140684e-04  5.2093495996771227e-05  3.1194156407390628e-04  -3.4173327138716766e-04  -1.0083001917619934e-03  -9.2364337800672383e-04  8.5066915017217989e-05  2.6901647946491656e-05  2.7591212212631803e-05  8.0906831911989208e-05  2.1650434264803309e-04  -1.3096148790472440e-04  -1.5747645586312292e-04  -5.5868917123044087e-04  4.3339192763387358e-05  -1.1114400957132326e-04  9.0093792707462801e-05  2.9288741967383825e-04  3.0831204528052937e-04  2.4739308523910705e-04  1.3036779065233686e-05  1.0301818677312872e-05  9.7620283270245982e-05  -2.1550238288533204e-04  4.4966215591799122e-04  -1.0348589901560136e-03  2.2217597295347936e-04  7.7070355071599990e-05  1.0577785333162387e-03  1.0257085562302775e-03  2.4122059572909729e-04  2.6364981915867901e-04  2.3484441044736239e-05  -8.6677344138032697e-04  8.9306974958394022e-05  2.5328787773303831e-04  2.3362876530482287e-04  8.5354324790070174e-05  -1.6552314585845123e-04  6.0963550133032986e-05  -7.0082203525492607e-04  -8.3571905113617284e-04  7.4166263875211227e-05  -6.8828529680879560e-04  3.7098708900106480e-04  6.5817483223621156e-04  6.8412801630848266e-04  3.1749523770524233e-06  -4.9399193664489917e-04  2.6713348173250872e-04  -9.1794414428242419e-04  -9.3388444405669219e-04  -8.7264396524551339e-04  -2.2612536073542976e-04  -9.6523118445698624e-04  1.9183730616181310e-05  -3.1745995043978322e-04  -4.7878656753650237e-04  2.4544196919039975e-04  -6.6675534921058614e-05  -1.1147397082596176e-04  -2.6138812346465645e-04  1.9469318773715182e-03  4.8037743756691964e-04  5.0484668194739025e-04  7.6331717891496884e-05  -8.3926837333012994e-05  1.8833969600222717e-05  -2.2809913215587579e-04  2.3703772398288390e-04  2.8723317161269939e-04  1.1507357357145342e-04  4.2661328753910386e-04  7.7115092870710879e-04  1.2938717586999355e-04  -8.5510875799927439e-05  -1.0212750399651485e-03  2.5845970676582588e-04  -2.4296201394614838e-04  9.6915819782615196e-04  9.4137986599351844e-06  4.3885247990908080e-05  3.3231356034581954e-04  4.1263087827833638e-04  5.6462149956508314e-05  2.6530332024988791e-04  5.7419852978110846e-04  4.5157678566787367e-04  -1.1710088019526580e-03  -9.6033993945702443e-05  3.3263388606941840e-04  3.8045415564012380e-04  -7.6706589915664000e-05  6.5703246071685886e-05  2.8977976929426055e-05  2.4545431945526697e-04  1.9716368006168400e-04  1.8124135278954554e-05  5.9320643437096485e-04  1.2015375959760898e-05  -9.0770215087000142e-04  4.1889813052029126e-04  1.0395468527500383e-04  9.9985886910273968e-05  6.8042146555397643e-05  -3.2399104846370422e-04  -9.0330961884401535e-04  -6.7559685900502172e-04  6.6456857356433940e-04  5.4771270030871955e-04  6.1055537683746871e-04  -6.6310153623867177e-04  3.5071726325307594e-05  -4.0451655670436886e-04  3.1844538154168436e-04  -3.5713572115595550e-04  1.5918503536723028e-04  5.4879361136670570e-05  2.3425909500042493e-04  3.9592806687415376e-04  -8.6572714528926733e-04  -2.8550612513697976e-04  2.7214350684516645e-04  -4.1340704698360729e-04  -1.4893041217049492e-04  3.3407751582220380e-04  -9.5927484280931645e-04  -8.4270447423135286e-04  -5.6561405517152131e-04  -9.7018975843942150e-04  1.0446251385830869e-04  7.3150983995334354e-05  -6.2210496705046516e-04  -1.4930846618294014e-04  -1.1649693247834687e-04  1.5269423046112111e-05  4.3588865981188693e-04  -9.4030416295987724e-04  1.4266934507977880e-04  0.0000000000000000e+00  -8.0172749074462239e-05  -9.3873162946537069e-05  1.9776119796925654e-04  4.5821293962898166e-04  1.6094862680855483e-04  1.3227761795837759e-04  6.4182575088649432e-04  1.0722601938153343e-04  4.4627526803394415e-04  3.9905843690490921e-04  -8.1598033143574777e-04  7.8573996006213142e-05  7.9500415887936226e-05  2.5318826464666244e-04  2.6830084832311831e-04  8.9347865446152356e-04  1.0481668667507720e-03  -6.7214697557138679e-04  -2.9355157527159113e-04  3.2570812463761037e-04  3.8399541018876523e-06  0.0000000000000000e+00  7.9890593740637841e-05  -2.5456889103615018e-04  8.6862389352866716e-05  0.0000000000000000e+00  1.3549171162938344e-04  1.1764098780470193e-04  -6.8447877557430712e-04  1.2949020456222494e-04  1.3907686626271981e-04  1.4653218023540323e-04  -5.1773034396558788e-04  -1.5805018474772094e-04  4.1319996609618683e-04  3.3920263870202582e-04  6.3561729092843672e-04  7.1095582033180941e-04  8.8119159624268470e-04  2.9472723174569300e-04  1.3305053509955333e-04  6.9200977312274534e-04  4.1111387737993959e-04  1.4695597040126422e-04  6.1529205854777061e-04  2.2615301578781824e-05  7.9640843858418185e-04  2.8740198908644705e-05  -9.4630859992535904e-05  -6.7905807141330194e-05  1.2029195973957784e-04  -4.5096607516802644e-03  2.1558919923659762e-04  4.2054371480737123e-05  2.2401194591920693e-05  3.6878570794810010e-04  9.8404592244349186e-05  4.3447725881738745e-04  -2.3498204298886169e-04  -2.1131914818462387e-04  -9.9357739366527032e-05  -4.7072395723831345e-04  1.5634755627848076e-03  8.3196884114791975e-04  -1.3831666888742278e-04  -7.6966945926415384e-05  1.3184698745117467e-04  -5.5276894795467453e-04  1.3328117199532804e-04  1.5810111102342796e-05  2.0667328811493621e-05  6.0228068929260711e-04  4.8778091448996254e-04  -1.9250290751526124e-03  -1.2245905589365581e-03  4.5372819999468004e-05  0.0000000000000000e+00  1.4309101069839714e-05  3.5970183940271902e-04  7.2573341911892378e-05  1.1570518151226867e-04  1.5663281789594666e-04  1.9147750674959840e-05  -4.1678244412395320e-04  3.8927262590010800e-05  5.0888292955328157e-04  5.2084574444004135e-05  5.0004034550654611e-04  4.8284725209485102e-04  2.1824859688618849e-04  3.8234620460114098e-04  1.4589628206759550e-04  1.7894951805277041e-04  1.1430207540737463e-05  9.1780180681720364e-05  1.4729174603921554e-04  1.0670244254770062e-05  1.3292168723148313e-04  1.3733976936646959e-04  -9.6636992194059078e-05  -3.9111539437382227e-04  3.2068671263086523e-05  1.5398380381748112e-04  4.4103459761726216e-05  1.7826179428424667e-04  3.2242048608118688e-04  2.4711613121694049e-04  -2.2937036475005653e-04  4.7596830303396940e-04  9.7535406522479329e-05  5.6278507549860672e-04  4.1028799048390626e-05  -6.6278167259997944e-05  9.8232852977395033e-05  2.5525919834457696e-04  2.9752057552887197e-04  3.2184090292979847e-04  6.3812365751161676e-05  8.4698419602234273e-05  2.3020347080549763e-05  -1.0057970137753839e-04  1.1725636538268356e-04  -3.4459861857085610e-04  -3.8056155948301415e-05  -8.6053814807371257e-04  5.9401527978668355e-04  2.9972202653673455e-04  1.3589761818943655e-04  7.2795921709613306e-05  -5.8792742690209139e-04  -8.3495334794179163e-04  4.0050956195407959e-05  7.8972171653698229e-05  -1.4438720685022496e-03  -1.6177677145872028e-03  3.1238187012024802e-04  1.1993055896244577e-04  8.1059103353178254e-05  8.2527438457150222e-04  -7.8716778065184083e-05  2.7348585124697294e-04  -8.9336539314028500e-04  -5.4712615416633648e-04  2.5601523254774675e-04  9.0993631094532794e-04  2.9502163751935509e-04  1.1229420904484244e-04  1.2334831755665712e-04  3.4557412234517107e-04  3.5184242605138210e-04  5.9248107262738092e-05  -4.3273093265729849e-04  -6.2551078028612892e-04  -5.8354482655163819e-04  -2.9314938073771201e-04  -1.1900099791107186e-03  -8.2701057324549587e-04  -4.6783909292822870e-05  4.0439996792203503e-05  2.0670337119339785e-04  5.0227662429360835e-05  1.8786813661199675e-04  6.8610635166188970e-06  -1.4934968127764013e-04  3.7158827408203816e-04  7.2929226686772956e-05  7.0336050047169587e-04  6.8529084189609339e-05  -4.7962517390506880e-04  6.8412347509140222e-04  -8.5119038070016696e-04  7.0588083088056315e-05  2.7936999567812888e-04  2.2131363184167482e-04  3.5660814782599877e-05  2.4004467573847495e-05  -8.3556885963975865e-04  -4.1100797612598616e-03  -9.5805324149192763e-04  -1.1468346635322189e-05  1.4289198201079142e-03  1.7095509437795862e-03  4.2197711195959988e-04  2.9909600258457464e-04  -4.8337598356359393e-04  3.8392259099710962e-04  1.2371437996473031e-04  -1.1396315484587396e-04  1.0417596672917593e-04  1.6679383799631444e-04  -3.3444992773999909e-04  9.4667749224756637e-05  -8.2685129638936845e-05  9.2316152292406639e-04  -5.2367088291229900e-04  1.9566638563302359e-05  3.3875837067914529e-04  4.0261712888588875e-04  3.7258118008195307e-04  1.0838121655779089e-05  1.0280495704210106e-04  -9.3719876803223425e-04  -5.4322324456335509e-05  -6.1308607143111828e-04  -7.6636427010169672e-04  1.7293866124206325e-04  6.6916225074503002e-05  2.5739123123247207e-04  -3.9116983338571625e-04  9.6401865987693922e-05  2.0847776592445048e-04  1.9506534960051625e-04  3.5430758600932178e-05  -1.3890430422164183e-05  5.8124788485502997e-04  -5.7899012117029347e-05  5.7628403448427225e-05  2.9019111036846759e-04  7.0166589202052781e-05  0.0000000000000000e+00  0.0000000000000000e+00  2.2304577798618806e-04  4.8470490733957019e-05  -4.0176932723318516e-04  1.9197599386953322e-05  2.6364377343753029e-05  -1.9290078584325302e-04  8.3559659726253541e-04  1.6580211416964878e-05  1.0174129806643151e-04  -1.5381444404848276e-03  1.9542776370054497e-04  -1.8851356288405419e-04  1.5030531814656272e-04  8.2895924640560582e-05  2.9789609805645013e-04  -7.1590587421339858e-04  5.1330699676450529e-04  0.0000000000000000e+00  -8.4157945882588198e-04  -6.3006472946361197e-04  7.9537231289077571e-04  3.6977916584189879e-04  1.8285699085593730e-04  -8.7386758149738384e-04  3.2853796847329299e-04  2.6437944671529906e-05  1.6707991536233120e-04  1.1141930200684763e-03  1.3766892035915970e-04  1.6502776231145755e-04  -1.9557986589194601e-04  -2.1939186732600541e-04  1.5756430409325290e-04  -6.2252182126380524e-04  1.1661848586647780e-03  9.2291968030022622e-04  -3.4230161060675953e-04  2.2350688381891618e-05  4.8351459541069942e-04  -6.8720675115259682e-04  3.1030490266796074e-03  -5.6703357136523246e-04  -4.7677397135397273e-04  -1.7335473365194677e-03  -3.2408835775358564e-04  1.7471952669325950e-04  -3.0947403990191349e-04  -4.5582945268562731e-04  6.6620024744648126e-05  4.8986003281959077e-05  1.7106818336289694e-04  -1.5950463816171104e-04  3.0905127940797708e-04  1.3142093492586374e-04  5.7674502688008934e-04  3.6800985357597139e-04  1.3770282594988064e-04  -5.4968473956797772e-05  8.9654032485657359e-05  -6.7013592941084037e-04  -4.7727497234709176e-05  -6.9327714996711681e-05  1.9937751377510830e-04  1.9394282833425051e-04  -1.7893201411668590e-04  -7.3517230959880203e-05  5.6114007507248979e-04  4.4316078410191714e-04  2.7000396971433509e-04  2.4276233512855408e-04  7.4630895769256400e-05  -3.0650581042784619e-04  -4.4348676856730007e-04  1.9600539686002349e-04  -2.7536720215605074e-04  -6.7977609006218058e-04  -8.0701820557363088e-04  -7.7621481148892511e-04  6.2893779656211519e-04  3.4359398001259636e-04  1.2375989395626631e-05  1.1299949060370959e-03  3.5443714404016099e-03  -1.1125112081235781e-03  -8.8399405375162504e-04  2.4535549995061704e-04  1.7579121729857273e-04  2.2388909415075713e-04  -3.3702891396237292e-04  5.2169289715755077e-05  1.2963103273704992e-04  -1.7319244215682546e-03  2.3948883774924451e-04  -4.7119777971956076e-05  -1.2974564456411778e-04  3.3015208405140419e-04  4.5691436631816891e-05  -1.7316632822958155e-04  -1.8911723382811172e-04  -3.2437754590012446e-04  1.1057367800643885e-04  1.6447012966212365e-04  1.6776715961957614e-04  1.1742500865175247e-04  -6.1570454825508739e-04  1.9637333438892932e-04  1.1678270516705764e-03  8.2514526324949190e-05  6.4475285225617249e-04  -2.1562957031806792e-04  -6.3081017315976245e-04  2.4810685132383911e-04  -6.6535070776811467e-05  9.2524760542088641e-04  0.0000000000000000e+00  3.2422025355346250e-05  -8.0699930839250400e-04  6.0506223790598123e-04  1.8265991206211759e-04  1.2576948527767503e-04  1.9841928900055737e-04  1.6468415920768140e-03  1.2866086228866874e-03  7.5039663421288700e-05  -8.4102402304330327e-04  -1.3719587712255153e-03  3.7040275456144471e-05  -1.1425761276412450e-03  3.3262508764769219e-04  1.3687412409329539e-04  9.7080067024630907e-05  -7.7220622442162140e-05  -7.9051927119091461e-04  6.9172816211314687e-04  2.2469825255391586e-04  5.8309902575136481e-04  4.8355426208966055e-04  5.7869924189753587e-04  1.5248065805595129e-04  -4.7066322309108534e-04  -3.3305016673150652e-04  2.4127709789413713e-04  -1.5158391664786327e-04  4.0989104364740228e-05  1.1079201497641213e-03  9.2321603958429540e-04  7.0287365101406030e-05  2.2435690178107477e-05  5.5063865685925448e-05  -4.1965158221501377e-04  5.8713724304438708e-04  3.3850457091236946e-04  2.2009439824189254e-05  -1.0798328891966720e-04  5.9597211285723738e-05  4.2030800665248283e-05  3.5870010094804614e-04  -6.5703024567864373e-04  4.0390935814853111e-05  0.0000000000000000e+00  -6.4031088390979158e-05  1.9277283962122440e-04  -7.8492039562274348e-04  1.1287477456043990e-03  1.4408875307849280e-03  -1.5277285199534544e-04  0.0000000000000000e+00  -5.2170417732703995e-05  1.2838871498334085e-04  6.9409082721307737e-06  -9.5737859408903442e-04  -7.9758768325558188e-04  -1.1471522785779203e-03  -1.3297082376560640e-04  -5.0924105713936583e-05  8.3675157329613737e-06  0.0000000000000000e+00  0.0000000000000000e+00  1.9920792207170218e-06  4.8116609979256881e-05  -4.9818854618902488e-04  -1.4142107034268055e-03  -9.6501301430566172e-04  1.6132921217579484e-05  1.5285376562621238e-04  1.4432440223812503e-04  3.2115982565110088e-04  -1.9291586699414989e-04  5.4694352116110791e-04  6.0786632024812737e-04  6.1907962461445318e-04  -1.6697250052403962e-03  3.4279621053436023e-05  -3.7617908382796505e-04  3.1973504855616872e-04  -4.9465167132991198e-05  -1.1795748850879841e-03  1.6336416065631783e-04  -3.2869140250673111e-04  -1.9098899228725685e-04  1.2555533561353735e-04  0.0000000000000000e+00  8.2796954554963651e-04  1.2829014418285899e-04  -3.3006231357588460e-04  2.4282941374258892e-04  -1.9067326512360098e-04  -1.1262210391056510e-04  2.1283022924350284e-05  1.9715987848857748e-05  -3.2457134346219793e-04  6.6316395644895636e-05  2.1491046980932828e-04  1.6037635578558415e-04  1.1516753757689458e-04  1.1756563712784478e-04  5.5681519641270789e-03  4.3450138615731528e-04  5.4532988790296144e-04  -4.8430857876226713e-07  -5.3062022838121586e-05  -8.9012595882905824e-05  -1.1182840721726682e-04  5.2522269693948897e-04  5.3104827123939698e-05  -6.5063058140788432e-04  -1.3374866244479616e-03  4.4433995878509063e-04  1.7071875921413004e-05  3.0038234916850246e-04  1.8639629632629921e-04  6.8048682908322710e-04  8.5643250144829065e-05  1.0999462719951242e-04  1.8094436988832182e-04  -7.9257877167618243e-04  5.0184694958066412e-04  2.2220969905539014e-04  2.3469547429600873e-04  1.8040274628472935e-04  -4.8175452745783992e-04  -2.9677792888916922e-04  -1.0111151410978989e-03  2.8714542111371350e-04  1.9451613998568528e-04  1.7712234340192293e-04  -6.9213870196077089e-04  1.1787387667597037e-04  1.7050340638316843e-04  2.4076229925429232e-04  8.2982426543574657e-05  9.0618655518587577e-05  1.7182962620169671e-05  1.0414137289491412e-03  4.2957772154407974e-05  3.3091325540493229e-04  -5.6534099192195240e-05  -9.6728948023943251e-04  6.3870907094917123e-04  4.4876141913439028e-04  4.2067438996945506e-04  5.6934869249672230e-04  6.0808873928739975e-04  1.4298678203980434e-04  -3.4558136507411891e-04  -4.7936411956892304e-04  -5.7403398888003426e-06  -1.7312624130764258e-05  1.6030727125915969e-04  -2.0531528314936154e-04  0.0000000000000000e+00  2.7645956661892984e-05  -2.5026250783178255e-04  1.5923541028454259e-04  -1.1464437757128479e-03  -7.2658146960665761e-04  -8.1755808550052107e-04  0.0000000000000000e+00  2.0680098534064557e-04  1.1528695252716358e-04  -7.9345249196400886e-04  -6.8021778330457856e-05  -1.0978052695202337e-03  9.5804252470999584e-05  9.7749777232750696e-05  6.7735130735327892e-05  0.0000000000000000e+00  -5.4226091910276433e-05  9.1324325242532202e-05  4.5601356459559582e-04  -1.7673522662421377e-04  -3.0277222456251093e-04  2.4829158364537572e-04  7.6251370446787150e-05  -6.7315826056916475e-04  -9.2311141208799709e-04  -4.7327313878388480e-04  1.0192200849179358e-05  -3.7381419538802822e-04  2.8390980841096884e-05  4.6230142351535354e-05  3.1303235725767934e-05  3.8943004118130578e-04  3.9553351952460150e-04  2.3588668151866359e-04  2.1609786889442966e-04  8.1557080290485081e-05  -6.2776071601695637e-06  3.4333687590188764e-05  5.8225164917957151e-05  -3.3429632043131428e-04  -1.9154860653622439e-03  1.2514231074159699e-04  3.6396740274530723e-05  7.1263426319397602e-04  6.4735901492611105e-06  2.2506524806918237e-04  -1.7175621700281214e-04  -1.7475953749268561e-04  5.2514958489042367e-04  5.5885042084636574e-04  4.7310981009932159e-04  7.8413261408680383e-05  2.7559843697089214e-04  -2.0980930226317729e-03  -1.2470808463983624e-03  4.5033076027531602e-05  9.2455613774021148e-04  2.0216275900431917e-04  1.5169582858088265e-04  3.6260738413203611e-04  4.2627069868749140e-04  -8.1420998822572530e-04  -5.4875811837729505e-04  -1.7788729157000832e-04  -2.7935863042293684e-04  1.5150789599144117e-04  9.7181055279761241e-05  -2.8862399936561956e-04  -1.0963656266714883e-03  -5.1593166257037049e-04  -8.6157700411358218e-04  -1.6859784893575127e-04  -2.1599865711206156e-04  -1.0477070964042042e-04  -5.5023247021274710e-04  -2.3578209190276459e-04  3.0591229367973600e-04  -6.0089913641169835e-04  -6.4035585628913628e-04  1.1038088661630118e-04  9.9400366328121216e-05  1.4583345850930374e-04  1.7929597824209846e-04  1.5067590770120710e-04  4.9510711966442610e-04  1.2747114135841809e-04  7.2369134094466502e-04  4.9978594226360183e-05  -4.0034916672126118e-04  5.4486504917707274e-04  2.4280306530992404e-04  1.1238144421050962e-04  2.3824202466757325e-03  9.9538879588358738e-04  2.0501546226898574e-03  4.2818453310496313e-04  3.0426307399981201e-04  3.0248663580700376e-04  -3.0188907064655974e-04  -7.1672608730481301e-04  5.4976905272206638e-04  -1.5268655984718757e-04  -2.5365986725458395e-04  -8.8066288435778789e-04  -5.0881702666435579e-04  -4.0654418125996396e-04  -7.2636864560490658e-04  -1.6762933944170359e-04  5.3422351742215552e-05  1.5755562277986203e-04  2.8625886070206459e-04  -1.6170472411971716e-04  -1.5413534512302753e-04  -2.2249681458248963e-04  6.1088048531349226e-06  2.9718815519079884e-04  2.2291111175262216e-04  -8.3572283875108769e-04  1.7183283125493797e-04  1.5137243911656441e-04  1.4859521388432652e-04  5.4399704411291611e-05  1.4611286907820225e-04  2.2746841501837284e-04  1.7053573735459425e-04  -3.2287759167649155e-04  3.7908458200277536e-04  1.5004729310580443e-04  1.0295723802125419e-04  8.6327285391528960e-05  0.0000000000000000e+00  4.5944817556855736e-04  1.3783475613466438e-04  2.8561850189198044e-05  5.6033952663226467e-05  -1.2501765720581630e-04  0.0000000000000000e+00  4.8804886506506682e-04  -2.2837740325589988e-04  6.5969535471495071e-05  2.2107469874236595e-04  -9.2628674072162674e-04  3.5883500437461466e-04  1.3875129291393857e-04  2.1266901939627928e-04  9.1732078629761212e-05  -1.4181550438105591e-03  3.2995462408945772e-04  4.5539153639349947e-04  1.5892720218844202e-04  1.4245879755278598e-04  5.1147053129103327e-05  -5.5123249812080690e-05  1.1369705304649453e-04  -6.7515186566522291e-04  -1.1982810052824993e-04  3.0034685836522964e-04  3.3639670527837529e-04  -3.6981146918984214e-04  2.6824930007790314e-04  -3.5814487865449380e-04  1.6780196525470887e-04  1.0815833911038383e-04  1.2069972950590278e-04  7.1765374544711816e-04  -5.6997619938700611e-05  3.0960364088957154e-04  2.7816893204093187e-04  2.4757848894768896e-04  2.5117727918636006e-04  4.2480712104578508e-04  -8.1122880280185916e-05  8.7027799781068784e-05  -2.3516341955650123e-04  2.3158087478963377e-03  2.3260074272123751e-05  -7.2831233278241138e-04  7.0461985493877654e-05  8.3436539529484259e-05  6.1131247678439940e-05  2.0639430019848621e-05  -5.9469109209890788e-05  3.2372792839276148e-04  3.9236611857640136e-04  -1.5862090664486210e-04  6.2105928702508467e-05  -3.1555760684725078e-04  7.4029862688892699e-05  3.9555157854443080e-04  5.8340822055246493e-05  -6.2434077149534854e-04  -7.5990568375659861e-04  -4.6493921250691526e-04  6.3578344700294777e-05  3.7408819377891449e-05  2.1626405408505791e-04  3.6005771159876369e-04  3.2473575442725286e-04  -9.7174184800218055e-04  1.2436736786220293e-03  -8.1728618586508631e-04  2.3620266989249312e-04  1.9649383931929671e-04  2.3573421318016881e-04  5.4345734433435558e-05  0.0000000000000000e+00  3.0651035180850239e-05  3.3425271396239885e-06  -3.0797718429691236e-05  4.2491579628645391e-05  -5.2330319594055968e-05  1.6615380805519982e-03  -4.7159210121654768e-04  0.0000000000000000e+00  1.7393908956677409e-03  1.4131247182595562e-03  1.7165039367467534e-03  1.3681478797246741e-04  3.4403103829624211e-04  1.5754711697768712e-06  -1.7405631798714162e-05  2.7431533357495181e-04  2.7413489841828485e-04  4.6261937751503496e-04  4.8437424613829413e-04  3.1208548799464548e-04  -3.6431905867307198e-04  2.5375303977406648e-04  -8.6740909516687013e-04  -1.1389075039476338e-03  2.7348370176903826e-04  5.2734333895860456e-04  4.4318374179923883e-04  4.8948183983456359e-05  9.1356525601712785e-05  7.7150115377655894e-05  5.5870322142118490e-04  2.4229996379275603e-05  4.2648029900741831e-05  4.3978153760686310e-05  1.8170018874420561e-05  1.1699904826192645e-04  -7.9054679784000168e-04  -1.9337861740846329e-04  -3.1226465974114971e-04  -2.4367075271411291e-04  -7.1026658334349187e-05  -9.3193973668530749e-04  -3.6751508077630639e-04  -6.0847060157914593e-04  -3.0562941063446200e-04  -1.9949113720518779e-04  9.1075403978134261e-05  -7.8706407480392778e-04  9.9922152226714642e-05  -8.1993623311033101e-04  -8.5273111214805627e-04  -1.0084624864252125e-03  -1.4626997186315814e-05  1.2808998742550813e-04  -3.5156111482772780e-04  2.6649157051769656e-05  1.2431436812661105e-04  1.6148968122812657e-04  1.2743448992509621e-04  1.6763231588235450e-04  1.1896235564938713e-04  3.3048797887145760e-04  6.3483209045823947e-05  4.9036046427087065e-05  -1.0083851234247512e-03  2.1684229936612927e-04  2.3328545380411583e-04  -5.0712484569340503e-04  -1.5466348186003946e-03  -2.7216086376364023e-04  -3.2887632311675500e-04  1.8355133514358010e-05  7.9074946343716439e-05  9.1076528686837954e-05  6.8144717008424588e-05  1.0552350564303165e-04  1.1649330362473397e-04  -9.3291589959298266e-04  1.1925158814969968e-05  5.0876180464823871e-04  -6.7463508621808774e-05  -5.8660840036736410e-05  3.7013130624796942e-04  3.7782618771687904e-04  -4.6470147938699704e-04  1.6367785381645767e-05  1.1594676608675347e-04  -9.4964409419911555e-04  -6.4602236535825505e-04  3.0141421791936738e-03  2.9061135415366181e-05  3.1512832592407595e-04  8.6577602387177507e-04  7.4864239344410877e-04  -7.1065074209375467e-04  -1.9958709508330913e-04  -7.3772024621789089e-05  2.7532055743188484e-04  3.0179435897090349e-04  1.4240902010651571e-04  3.8491565049097608e-04  -7.5394135270275768e-04  -1.0615705777713156e-03  3.0183918199269925e-05  5.7882514934222397e-05  -5.8871802690041095e-04  -2.4154375362516809e-04  -1.9057071354859875e-04  -1.8384441440041840e-04  -3.0792796241599215e-03  2.8516024140432168e-04  3.5274948410546277e-04  -6.7037384687236763e-04  5.5149093891646136e-04  5.3415435451322217e-04  4.6475227097395001e-04  3.9088429931684809e-04  2.5390552544942026e-04  1.2590119175855769e-04  8.1052762680677458e-04  7.6663912996258356e-05  4.8812051806701706e-04  7.4388052654852490e-05  1.6816614680015108e-04  -7.5219248691630507e-04  6.2347071554007556e-05  1.8808070846121931e-05  -8.0815308757907741e-05  5.3782329084826468e-05  -1.0500335277462336e-03  1.3342194857772338e-05  4.9879823387263312e-04  1.4703856729528480e-03  1.3007435124580927e-03  2.3824134904737012e-04  -6.1984729021690517e-04  4.4102182426137726e-05  5.0738001448091017e-05  2.7783318023213202e-04  6.5000860413081136e-05  -8.1507483898650033e-04  -6.7066994606779131e-04  3.2726327663754089e-04  -8.6680115779463082e-04  -8.9394507284039132e-04  3.6615899667569998e-04  1.4949581405544900e-04  8.8541787489444736e-04  5.2390930880870350e-06  1.3392956252593989e-04  1.5760438689139283e-04  9.1391832584625409e-05  1.7265479994736150e-04  3.4068065457570879e-04  -1.2583504187149033e-03  3.7533831698023982e-04  2.1046795833754061e-04  -2.1364496232568990e-04  4.8191822815660056e-04  3.5072107162605970e-04  2.0333269084984448e-04  5.0830626462111305e-05  4.2141588624303591e-06  1.8446111238102248e-04  -7.2671454973643698e-04  1.8502229848326471e-05  -1.1338480446143830e-03  -9.5480652695644917e-04  -8.3406233861795247e-04  5.1710935276519254e-05  7.0110682573860990e-05  2.4903051783281360e-05  2.3610068942449942e-04  3.3924902059201905e-04  2.5114878802575693e-04  2.0129320495139024e-04  2.2003633320261058e-04  6.7627839559112159e-04  -7.4449808451829721e-04  8.5813463669037532e-05  -7.6849880703887610e-04  -1.0067448464318748e-03  5.5621956307572271e-04  1.2725472977616554e-04  1.7632921059247718e-04  3.8520162813471388e-05  -5.9681548200897223e-04  -2.9912696990488214e-05  4.7890644427554650e-04  -1.1257875435933680e-04  5.3081299079901424e-05  -1.1395310283342627e-03  8.4692684785270692e-05  9.7876275683600883e-06  4.7053116905885112e-06  3.8246874337980773e-05  -2.2795986314355358e-04  2.5446090332672335e-05  1.0718914843647969e-04  5.0648525580607776e-05  -6.1627793367885801e-04  -1.1494134354756759e-03  -5.3050465103799413e-04  -6.1643252088247234e-04  2.3613143309786495e-05  4.5512038372189523e-04  1.3212931016377412e-05  5.3848388397532259e-05  5.6567215870672685e-05  -8.7506272539934751e-05  -3.0875578550817766e-05  3.4684452712516856e-04  -8.4102564794120494e-04  4.0938203357112029e-04  2.6696356176519062e-04  3.1774418848364797e-04  3.1270415831155757e-04  3.6049599187881721e-04  1.6088249026682076e-04  6.9933660171571363e-05  1.4282570870853105e-05  3.1210237672834065e-05  -7.4039173541173983e-04  9.3471669204641230e-04  1.0620321431392989e-03  -6.5893423470454445e-04  -7.8076903286801056e-04  6.4569851853459745e-05  -1.1020669863734502e-03  -6.3749492327229765e-04  0.0000000000000000e+00  1.1362107290302339e-03  3.0148840967818638e-04  1.4676178890273453e-04  1.4801339769107989e-04  -7.7457932861929341e-04  3.6962915205020041e-05  5.0241719093300835e-04  2.0003327736948299e-05  4.0611078994341531e-04  -9.4615580995084539e-04  4.2452633003867585e-04  1.6314119498331459e-03  2.4195604352071493e-04  1.5271255169106609e-04  2.0379710277771578e-04  1.9124174221772183e-04  1.9653412720389068e-04  1.8925171620057799e-04  2.1105430279691405e-04  -1.0011788906868463e-04  5.7683007864355830e-05  4.8433689055422748e-05  2.2013472619895833e-05  1.9410210789863204e-05  -1.6615891795156428e-04  1.3919410877850260e-03  8.8154881124797823e-05  -3.3981705986598268e-03  -6.2280408251021158e-05  9.8248731302183045e-04  -3.9096702536672639e-04  -4.9349699156546315e-04  -3.8915968812203416e-04  1.1428226900015222e-04  8.5377321837325906e-05  4.2566492974469574e-05  1.0751308024408308e-04  6.3815180201838464e-04  -1.0044814521096829e-04  4.0690168001829632e-04  4.1044087501642475e-04  2.7768627947168638e-05  -4.8410624175779102e-04  -1.3823271784741087e-04  1.1483396523030622e-05  -4.7591556529066843e-04  -4.3541066104477345e-04  1.0249573556929340e-03  2.0588861702178365e-05  1.1159343920200690e-03  5.7366158480348717e-05  2.9664215657416630e-05  -7.6300595451307511e-04  -2.6770381061318973e-05  -1.2758318441014405e-03  1.8391637230092339e-04  9.3604481041407496e-04  1.1425305194396571e-04  1.6170574890108104e-04  8.3326129858993768e-04  4.5223015313506206e-04  1.1633083958760841e-04  2.0220440287198929e-04  -7.8831652214017458e-04  -5.4994321002754831e-04  2.4263438921226624e-04  5.7876169980498123e-04  -8.3139111536114046e-04  2.9355409560669803e-04  9.7802361043957877e-06  7.7330493225704291e-05  -6.6676932299056095e-04  1.4713457651326103e-05  5.3268963346885016e-05  2.5613846279339166e-04  3.0097689296935368e-04  -5.8301630707572325e-04  -1.0589562245483231e-03  3.8473307160426289e-04  3.3716783219793993e-05  -7.4964488185668473e-04  1.2825036310753503e-04  7.9939828518951403e-04  -2.6960624888038969e-04  1.2922519483678395e-04  5.9217411318283604e-04  2.1157807644793002e-04  6.8630528852645946e-04  8.2326489831432753e-04  8.1779352698912295e-04  3.2201186258178945e-04  4.2669682887058615e-05  -9.4841940711201146e-04  -3.1353484065893842e-03  1.0054674154119788e-03  7.7832019763675710e-04  -1.6487145884691354e-04  -1.1117181213623805e-03  1.1407901137362865e-05  -9.9946415550961954e-04  3.1369621810439196e-05  2.7542490621397146e-04  3.9371185437505403e-04  -6.4016334748573421e-04  -6.0702954323382699e-04  -1.0466488201351005e-03  6.4153545774018231e-05  5.9918885502637461e-05  -7.5880397743486770e-04  -1.7995736884276496e-04  -5.4399245126506436e-04  9.8600207250185287e-05  5.0420975597871642e-05  -6.2633952620196802e-04  2.6833908252739039e-04  1.1406993191189121e-03  1.0034502197809676e-03  -4.0202081927506478e-05  6.0277938193440241e-04  0.0000000000000000e+00  -4.0339337824226151e-04  -1.4527545589182345e-04  -6.0890275348807240e-05  -2.0209144458066918e-04  -3.8274976427048386e-04  2.2399968628758079e-03  -8.2805918695895929e-04  -9.2916632924096591e-04  -5.7800167735641604e-04  -3.4212114880613590e-04  8.7663599711311827e-06  9.9848356623032120e-06  8.3997691279361357e-04  2.8604770681048416e-04  6.6857868319247289e-05  6.2700510963599861e-05  9.5239895246734851e-04  2.2158181208420356e-04  3.1084584776788058e-05  1.6842476074171485e-04  7.7163414973863601e-05  1.0370815074900115e-04  4.8776941405897573e-04  7.2973905057134686e-05  9.2001003009200123e-05  -1.0448994760245445e-04  4.3302701227278392e-05  -1.3891019829180795e-04  1.7771550892949256e-05  0.0000000000000000e+00  8.2408470377588999e-05  -4.9577910772076537e-04  -5.3768346502167756e-05  2.5891848568175857e-06  -8.1976222644269373e-04  -1.6635423321931852e-04  2.2378419454548381e-05  -7.5567048656760615e-04  3.0942432415524164e-04  -7.0173853687566907e-05  -6.8675943016998590e-04  2.5116596138074495e-04  -4.8767537306609616e-04  2.5741291664972938e-05  -1.7034042054247487e-04  1.6517900999051815e-04  1.6431691952459881e-05  -1.3917842077204118e-04  -6.1061544797749658e-04  -7.4191081673752181e-06  2.0054248165013135e-04  2.5902068655735753e-05  9.1401291697179620e-04  -9.6578496959934593e-04  -1.0032235244597934e-03  9.8633820720321486e-05  2.9155447195319584e-04  -3.3903186089926491e-04  5.5379423439631966e-04  1.0674552592044354e-03  1.1460292212598367e-05  6.8373336845967895e-04  1.8706550199748672e-04  1.6950345542945179e-04  8.8548281743106255e-05  5.5024525291695744e-04  4.4576818736857040e-04  -1.5944154263486892e-04  -5.8738675556118416e-05  -6.4215741091791878e-05  -2.8009311527723495e-04  -2.1319824369329802e-04  3.9087732100411498e-04  2.3053231902737874e-04  1.8057823790847564e-04  2.1496385322561417e-04  -1.8129039362177226e-05  -3.2459341118420337e-05  -2.7309754533495236e-04  -3.7225974377392179e-04  1.2256332846351383e-04  1.3334498942375194e-04  -7.4488055298251615e-06  -2.9683859709677600e-04  1.0230794535836156e-03  -9.9400980142517613e-04  2.7741349384401148e-04  -6.2696364914210934e-04  8.4911256631146310e-06  -5.6548548866938561e-05  -2.3740842777088039e-04  -3.7982472672150162e-05  1.5326657941249055e-04  2.0939099266838418e-04  2.0517800103660879e-04  -3.1715356718142480e-04  3.3693935940490580e-05  -1.8699382087860119e-04  -5.4599051335147808e-04  0.0000000000000000e+00  -2.9604044708913299e-04  -6.9346124195301972e-04  4.9546390269016170e-05  5.6978207366593158e-05  5.7357658086030355e-04  1.1116290940981251e-04  -5.7956416270715176e-04  2.3893065210713957e-04  -2.4019242015338012e-05  -3.6813892243809797e-04  4.8298653374950843e-04  1.9533406191603949e-04  6.2020231576789375e-04  9.2267857130331801e-05  1.1281901648845285e-04  2.4127395847327502e-04  -9.4360280440721779e-04  6.4359410712087913e-05  3.5013675721438573e-04  1.4912744739818780e-05  8.4208974400396975e-05  -5.0652072425474786e-05  1.8417572930267458e-05  7.8911760169263708e-05  -7.8785005487714177e-04  6.6552996866686700e-05  -1.0143243149113670e-03  9.2665779705021489e-05  1.1063070940962324e-04  -1.4577344067138954e-03  -9.7113108292490779e-04  7.3869505204506478e-05  3.8123572612016091e-04  -2.4668812307015737e-04  1.0476684993161205e-05  1.9035427990323912e-04  2.1989127205532724e-04  7.3607918232831041e-05  1.6644080732929430e-04  5.2024277822902904e-04  1.9235040888936691e-05  9.3505451215582266e-05  0.0000000000000000e+00  2.2375863109106407e-04  0.0000000000000000e+00  -1.8991578593307166e-04  -4.8377650655117400e-04  3.6063879756003617e-04  -4.3418819927155864e-05  -8.6305396592547298e-04  2.2731867038400630e-05  -3.3751395565094917e-04  1.1559942140663777e-03  1.0415610707527273e-03  1.0443682260899164e-04  1.1398978632882467e-04  1.4134365358699602e-05  5.0130543125766430e-04  5.2061974677822537e-05  2.0508669535799758e-05  6.2691441902463596e-05  3.5889833544346144e-05  -1.8086275902262747e-04  4.0016993368860318e-04  4.6808682944114629e-04  1.1824208920981824e-03  1.6074981776632901e-04  3.1998670544702433e-04  3.7303832777192941e-04  3.6285006740666018e-04  -2.8843110700401499e-04  -2.4057880180642315e-04  6.9629233346539093e-05  4.7579895502090578e-05  7.8923396219805382e-05  1.1187191560482658e-04  1.6154740023775153e-05  7.8207330972958667e-05  4.5251467311689722e-05  -8.1222857155439801e-04  4.2341658352381529e-05  1.6476627495348464e-05  1.4136653066082251e-05  1.0389148130779355e-04  -3.8050981807129372e-04  -6.4631554945167563e-04  5.5142807161115583e-05  8.8820249418144592e-05  6.3822722484124068e-05  2.1442130033628429e-05  3.1066407674563772e-04  8.8283950269175699e-04  1.2768998477760536e-04  3.6261750489289401e-04  3.3664686601851939e-04  -7.5442127412931096e-04  -9.9654935327699707e-04  4.3668078265944977e-05  -6.8386593508810338e-04  4.4546482939134658e-04  2.1037038473642480e-04  -5.3450629698122143e-04  -1.5911417182535895e-04  -6.6076689822913386e-05  -1.9565869053445631e-04  1.9710964696276011e-04  1.6997114971408972e-04  3.2318577043331055e-04  -3.2657206542804305e-04  -1.2831958908172894e-05  1.3373085074164665e-04  9.6223966456880918e-05  -4.3571244761983811e-04  3.7588423060013143e-04  3.6182307542471592e-05  7.6929729064682633e-04  3.5887994405437633e-04  -1.0459857955535761e-03  -6.9085874285708230e-04  3.8924844028398101e-04  -4.5353258647580680e-05  2.9378613651552163e-04  2.3438087033746499e-03  6.9315650959929755e-04  2.2172307099485697e-04  2.5520473403554381e-05  3.4022403657103952e-05  2.8048870124250219e-05  -5.3634731875990362e-05  1.5292205605964158e-05  2.0458806563986078e-05  1.0027381265599546e-03  1.0370559147551632e-04  1.3704047014372026e-04  0.0000000000000000e+00  -1.3996664627533315e-05  3.3141804468880018e-04  2.2503083743092320e-03  -3.7045704395378184e-04  3.4179739748662111e-04  1.6551829418059077e-05  -5.3183442356461049e-04  -3.8531110386504818e-04  -8.6659994569870655e-06  2.7709660525451468e-05  -8.1781991956990396e-04  -1.1220806837542383e-03  -9.9750933827914140e-04  2.0608791386216005e-04  -8.8886312472113310e-04  5.2609904034431954e-05  -7.5914500453893858e-04  2.8145713898283101e-06  -5.0841379949329729e-04  -7.6195202910946916e-04  -4.7731489737693286e-04  -1.0851412474516454e-04  -5.7008682412640631e-05  -4.4501407308717786e-05  -2.4978716510145632e-05  -8.1866133873807138e-04  -6.7951781235429693e-04  1.2282707466519844e-04  8.6632055761953777e-05  -4.2011821359628838e-05  3.1115917385094061e-05  -7.4624731502632383e-04  -6.2996771586027974e-04  -7.4317355457937577e-04  -6.5164529793618284e-04  7.3225999822407162e-04  0.0000000000000000e+00  9.2728074159985729e-06  1.6290395855848289e-05  -1.1870902341255536e-03  -1.0760281328408277e-03  -2.7879419306060295e-04  -3.5709236156282275e-04  -3.5569375896441543e-04  2.0580715106606752e-04  2.0290354571351609e-04  1.3611993405213485e-04  2.1933905301531003e-04  1.0659759160874842e-04  2.0437285221414303e-04  0.0000000000000000e+00  3.9336797387974686e-04  0.0000000000000000e+00  -1.1863737687452490e-05  -6.8973003225094472e-05  1.4586325717987406e-04  1.9105663399543026e-04  -8.3821872742430217e-04  -8.2698076271089059e-04  -1.0583941522527404e-03  -9.9250895786429831e-04  -9.2294295313342597e-04  -8.5592015735351285e-04  3.0858559361946148e-04  5.4335846506152691e-05  2.7845386202443725e-06  2.1220193025372908e-04  1.6369707120613984e-04  3.0158158407088116e-04  -1.5651825492147536e-04  -4.8359071554287104e-04  3.4306321253852124e-04  4.8219195422975997e-04  2.3170383673763907e-04  -2.0689722863188677e-04  2.2938420523198073e-04  1.1231515508370362e-05  -4.9058182812113549e-04  1.0514313481640612e-04  -2.8814786958310885e-04  -2.1996311068687364e-04  -8.7434318444087596e-04  -3.9085421148177561e-04  1.3589215783582937e-04  -9.1936561126492941e-04  7.3788640326520442e-04  7.2869217179222917e-04  7.6316793552587631e-04  6.7016010618207739e-04  6.1455760358184027e-04  4.2099002928382327e-05  4.6101816157933503e-04  -1.2256464484921349e-03  -4.8383917853898943e-04  -3.4002458959247442e-04  -4.2672301298281448e-04  -3.4706056759751483e-04  8.1997877537368525e-04  1.9749920372000106e-05  1.1269751437028881e-05  -3.3964383429030192e-04  -8.8535923306039700e-04  -7.4783666681070440e-04  1.2479451484480883e-04  -5.9269936347518422e-04  1.5859871883129690e-04  -7.7841000203061786e-04  1.7147994366016400e-04  -6.8706432271338751e-04  -7.8451702779543326e-04  -7.1378553233357759e-04  5.3172686075304612e-05  -9.9633528374176738e-04  1.9155221482607853e-04  0.0000000000000000e+00  -6.3518338233286686e-05  1.1162534304438072e-04  1.2327288452176988e-04  1.2304329187580503e-04  1.3297318397352071e-04  1.0416541551870645e-04  6.2982889536195233e-05  5.0832247042094061e-05  4.5716943811847900e-04  -1.1820781125986438e-03  -8.7872564496785550e-04  -1.2337748121090363e-03  -4.7817194071319831e-04  -1.2980679526985472e-03  -7.9594821231417860e-04  -1.3827599888822631e-03  -5.0659117102235820e-04  0.0000000000000000e+00  4.8851784414061662e-04  1.6676267326200329e-04  6.3556241722055430e-05  0.0000000000000000e+00  -6.8953262445660570e-05  2.9450825580226882e-04  3.3631788436340790e-04  -8.5442634987313961e-04  -8.6045130100459086e-04  1.7926472856777476e-04  -1.3751197255991223e-04  5.0554384677835942e-05  1.1509548562191324e-05  8.2046709164107476e-05  2.0070179714551603e-04  2.3197361164760935e-05  2.5530134900567412e-04  2.9318947212766190e-04  1.9843662713062558e-04  -1.9301827702929204e-04  1.5535700673008005e-04  5.7076793294046730e-04  7.5462942583734080e-04  -4.9080997533162735e-04  2.7664157387738047e-05  6.2139733528893961e-04  -7.9600503591466655e-04  -1.0163585522177888e-03  2.9845439158268411e-04  1.5794177536198088e-04  5.4466308959881255e-04  1.6913188981235473e-04  -1.4094678954228244e-04  8.2164817548535429e-05  9.0423624942889973e-04  -7.5841471132743164e-04  2.7078308985006172e-04  3.5054327456561843e-04  5.6601038394338331e-04  3.9566554632077065e-04  6.3095343289571362e-05  1.3430806384006171e-04  -1.4957196218252750e-03  1.0969388348625737e-04  1.8540636951821357e-04  1.8069164314177732e-04  2.2079930252902563e-04  -6.0461581458989551e-04  5.2517795024641320e-05  4.2726984961436926e-05  4.4826849654879805e-04  1.6408694654079860e-04  1.6896274136221043e-04  1.2019197223066247e-04  3.8860938933581570e-04  0.0000000000000000e+00  -3.0366274771267282e-04  -2.0887368363888627e-04  5.8187835323819091e-05  -3.3258399412228971e-04  -3.3264633431896642e-04  1.8772626801123753e-05  6.4811416082846587e-04  4.7462831424790179e-04  5.2809199568640578e-04  -8.7481593736671195e-04  7.9794159947479837e-05  1.8103828828432958e-04  1.9539893002892708e-04  1.5844163283846198e-03  1.8745676736700969e-04  1.8936730977683745e-04  2.6121288619734856e-04  1.1317048239529049e-04  -2.3769188372200527e-04  1.5020634490255918e-04  1.7990357021977952e-04  5.6656793631692864e-04  6.8465323951369601e-04  1.0362499176713992e-05  3.0774354667931029e-06  8.0670592138518149e-05  -8.5487785310324916e-04  1.6887025949315269e-04  1.7183759816073835e-04  1.4376174752419942e-04  -3.4757533765690927e-05  -7.8010304489214727e-04  2.2882305630990821e-05  3.7462817112495709e-05  -8.5048836535378980e-04  7.0386620554091235e-04  2.5875000525364320e-04  5.5800904022104442e-04  5.9737914491791518e-05  7.6952982790886315e-05  3.5877111739002310e-05  1.7295994273948238e-05  2.0394950840460282e-04  1.4666127255769730e-04  4.1717438145720797e-04  9.9067390219260176e-05  -1.0506180414676943e-04  7.7339560948483375e-06  4.3845644052713746e-05  2.8292589180065107e-06  6.0722491753324644e-05  -8.9288748083992406e-04  2.6417087785558986e-03  2.7057743049384140e-04  6.1968753110752133e-05  -7.0737917743526229e-04  -8.8358534783983559e-04  -9.2676745154014891e-04  -8.8749237030301246e-04  -2.9560120859672213e-04  4.6662979423472571e-04  1.7560382100199548e-04  2.0695256111158964e-04  -8.2982839941933778e-04  -8.3654649857559072e-04  2.4229005506447875e-05  3.6359494777298646e-04  1.0507187210285377e-04  7.5935578735529237e-05  6.8391069643219160e-05  -2.0931241070188959e-04  -3.9111509617188408e-04  1.5569725262760433e-04  1.3939698224830441e-04  6.7412293636532348e-04  7.1265207682953311e-04  2.3015178675239910e-05  5.0410090648123719e-05  -2.5739869448890079e-04  -3.0783835169760866e-03  9.0059113467997388e-06  -4.6453213317395138e-05  7.2072182068864145e-06  -9.8243604148972875e-05  3.0272674020247721e-05  3.7569943202114310e-04  7.2729293826905191e-05  3.9436573911042848e-05  2.6687350532146905e-05  3.4898599962715939e-05  4.4781193351698555e-04  -2.4278817917847001e-03  -5.4360670386866253e-05  -1.0189357014840281e-04  1.6850926284960518e-04  2.5161252982578332e-05  9.4451713508632588e-04  1.8494541844058418e-05  1.8480603212920856e-05  5.7613295097948578e-06  8.4339325778662426e-06  5.8683919059396858e-05  2.9324698798346674e-05  2.1831500226710702e-05  3.8715661007373902e-05  -1.6995557199305194e-03  4.3906393784454092e-06  -3.1765333517349072e-05  -4.8999414632684127e-04  -3.1286576255033316e-04  1.0630110037529833e-04  2.1144979966676640e-04  -8.2169664289357574e-04  -9.7394410845839192e-04  2.3729849298952471e-04  2.0894990460147651e-04  2.6707750352695012e-04  -8.9728120099009600e-05  -6.7420221884275592e-04  1.4629709915242825e-04  1.9787676276319257e-04  1.9179120846479018e-04  4.9183601858103462e-05  4.4035970153398346e-05  -4.8609866579098806e-04  1.4050984203822071e-05  2.7199094733833728e-05  3.3249816535852414e-05  -5.9235851190177614e-04  9.1104202255194537e-04  -1.0966299408822338e-04  -2.0812809145732492e-04  -1.6033241228348666e-03  -1.0725595582766034e-03  -1.3186758174640093e-03  1.0110377294150854e-05  1.1168142818086762e-04  1.3004727338624230e-04  1.1996319352021993e-04  1.4531322401790752e-04  0.0000000000000000e+00  7.1126066615093673e-05  6.5251317214332851e-06  2.0648152348302789e-05  3.5026987159690003e-05  -9.7048180285652826e-04  -9.0068537590571826e-04  -1.0032728481319266e-03  -4.2669179391164604e-04  7.3261181408416326e-05  2.9970172682137786e-04  3.7690577259482820e-04  6.9049969980199727e-05  -9.9279808580669555e-04  5.4455770922982583e-05  4.4930539487063835e-04  -1.0641347581001842e-03  0.0000000000000000e+00  -8.8032876852000403e-04  -5.4244760760599497e-04  2.5037368645994252e-04  3.1078990079271549e-04  -6.1621737036105201e-04  8.8242705757641266e-05  1.3080307981667259e-04  8.5043777010911418e-04  4.8560449234351524e-05  -1.0658132388346978e-04  -1.0817785340381516e-03  -4.5584790650328936e-05  -1.1509088656687514e-04  -1.7647665455712590e-04  -1.5159644487827077e-04  0.0000000000000000e+00  6.2359101138437895e-04  1.4937519316585910e-03  1.6114556415588639e-03  -1.6490492409486695e-03  -2.5863025590266713e-03  -2.0894436794396103e-03  1.6028791741181371e-05  8.6157709393751405e-05  -5.3377478679256972e-05  6.5485970554481199e-05  1.8856529458526912e-04  -9.2345522535726584e-04  -8.5101753848575482e-04  9.0540400803628321e-05  1.4213412769372691e-04  6.1189032408981667e-05  -9.1383594548183930e-04  3.9075606882205257e-04  9.2212665339784831e-05  -8.7863848978736252e-04  9.6169251406761139e-05  1.9280157723065820e-04  -1.2618676829239029e-04  8.5892874353282834e-05  -9.0434657655596702e-04  0.0000000000000000e+00  1.1838961506926078e-05  2.5866792963897357e-04  5.6411627051673979e-04  -1.3548426879316166e-03  -1.0046493005051833e-03  -8.6878160517776272e-04  -6.8769511129909575e-05  8.4458823141766700e-05  2.2141918846908836e-04  7.0044476117868325e-05  4.2260619596142977e-04  2.1689955014479244e-03  4.7945104156406491e-05  -9.8225326043195117e-04  -1.0870749015495700e-03  -7.6206280730749433e-05  -1.0461527982929721e-04  0.0000000000000000e+00  2.6683490606403194e-04  3.5936304465367288e-05  2.0241801184284607e-04  -8.3546867872980252e-04  1.1377865774318058e-05  4.3548366989069183e-05  2.5224923794030398e-04  2.3902029148445617e-04  2.3785908209691189e-05  -8.9098164272196484e-04  -7.8320204843613899e-06  8.0033739069464331e-05  7.9812083286100260e-06  -3.0740576903081214e-04  -1.0134659433835664e-03  1.6327574415855026e-04  1.4101343475354848e-04  -9.4733016045222946e-05  -6.6655553992387350e-04  -7.4698028366732634e-04  -6.5175682529960684e-04  5.2609679638849409e-04  -2.1101250629739486e-05  -2.1042385673521236e-05  -3.5970743938184426e-06  2.2729728945508230e-03  1.0149080146192092e-04  1.5859223762169968e-04  -1.0077676105646641e-03  1.3043179314603576e-05  8.2865491112957593e-05  -6.2489633904051813e-05  -9.2134133950207294e-04  -1.3008080724432640e-04  -1.1782567079987957e-04  -5.7730880063787469e-04  2.6159238969103172e-04  2.0942116699321345e-04  -9.4739749528980764e-04  1.1601614378073567e-05  7.4462306270413445e-04  -9.9782271453220271e-04  9.7738795623491367e-06  3.9884053562510465e-05  -1.0784936235572558e-03  -1.0140672392580129e-03  -1.1767786279177554e-03  -9.5494837895544478e-04  0.0000000000000000e+00  0.0000000000000000e+00  0.0000000000000000e+00  0.0000000000000000e+00  0.0000000000000000e+00  -9.8591680088568490e-04  0.0000000000000000e+00  0.0000000000000000e+00  0.0000000000000000e+00  0.0000000000000000e+00  0.0000000000000000e+00  0.0000000000000000e+00  -1.0961847495592301e-03  0.0000000000000000e+00  -8.6537435707231488e-04  -1.0465831432897642e-03  -9.9246329460119984e-04  0.0000000000000000e+00  -1.1776183779482348e-03  -9.9076682818212696e-04  0.0000000000000000e+00  1.1408980919284980e-05  0.0000000000000000e+00  0.0000000000000000e+00  0.0000000000000000e+00  0.0000000000000000e+00  -1.3437293382954107e-03  -1.0067895369262295e-03  -1.0089556356397227e-03  0.0000000000000000e+00  0.0000000000000000e+00  0.0000000000000000e+00  0.0000000000000000e+00  0.0000000000000000e+00  -8.0372475293432721e-04  0.0000000000000000e+00  0.0000000000000000e+00  -8.5760272221560704e-04  -1.8136970155648597e-03  0.0000000000000000e+00  0.0000000000000000e+00  -7.5466690221671461e-04  0.0000000000000000e+00  -8.0842660648976509e-04  0.0000000000000000e+00  0.0000000000000000e+00  -8.9699182310164444e-04  0.0000000000000000e+00  0.0000000000000000e+00  6.6250253641730821e-06  0.0000000000000000e+00  0.0000000000000000e+00  -1.1427769225035606e-03  -9.1680579188025107e-04  0.0000000000000000e+00  4.2755686095525858e-05  0.0000000000000000e+00  0.0000000000000000e+00  -1.0450848547213958e-03  0.0000000000000000e+00  0.0000000000000000e+00  -9.8794958219382929e-04  -8.6969513664664135e-04  -1.1521162926340558e-03  -9.7740708131978946e-04  0.0000000000000000e+00  0.0000000000000000e+00  0.0000000000000000e+00  -7.1131275822386474e-03  0.0000000000000000e+00  -8.8809967393294737e-04  0.0000000000000000e+00  0.0000000000000000e+00  -8.5109265266198328e-04  0.0000000000000000e+00  0.0000000000000000e+00  -9.2474704021497042e-04  0.0000000000000000e+00  0.0000000000000000e+00  0.0000000000000000e+00  0.0000000000000000e+00  -1.5273024857776446e-03  0.0000000000000000e+00  0.0000000000000000e+00  0.0000000000000000e+00  0.0000000000000000e+00  0.0000000000000000e+00  -1.6149121173208811e-03  -9.1969439660633109e-04  0.0000000000000000e+00  -1.2147818069784848e-03  0.0000000000000000e+00  0.0000000000000000e+00  0.0000000000000000e+00  0.0000000000000000e+00  0.0000000000000000e+00  0.0000000000000000e+00  0.0000000000000000e+00  0.0000000000000000e+00  0.0000000000000000e+00  -1.2436594911888268e-03  -1.6314123874654088e-03  0.0000000000000000e+00  -2.1890571177567032e-03  -5.1862607376185303e-03  -9.1988053557215464e-04  0.0000000000000000e+00  0.0000000000000000e+00  -8.3476588314747085e-04  0.0000000000000000e+00  0.0000000000000000e+00  0.0000000000000000e+00  0.0000000000000000e+00  0.0000000000000000e+00  0.0000000000000000e+00  0.0000000000000000e+00  0.0000000000000000e+00  0.0000000000000000e+00  0.0000000000000000e+00  0.0000000000000000e+00  0.0000000000000000e+00  -9.4636671254316425e-04  -8.7013340093149312e-04  -8.3754384803565499e-04  0.0000000000000000e+00  0.0000000000000000e+00  0.0000000000000000e+00  -9.2419259529191147e-04  0.0000000000000000e+00  0.0000000000000000e+00  -9.5705014373726415e-04  -8.3325516925063649e-04  -9.4679987500155636e-04  0.0000000000000000e+00  0.0000000000000000e+00  0.0000000000000000e+00  0.0000000000000000e+00  0.0000000000000000e+00  2.2178354291571575e-05  4.6002736735995931e-05  9.2478015502660070e-06  2.6032137835970286e-05  3.0979965416616695e-05  -6.6867508944582605e-04  -5.4057254817276175e-04  1.1437256422992271e-04  -3.4019696658502595e-05  2.1493772655822196e-04  2.3715745810982632e-04  4.9774150483549268e-05  1.7069842274901743e-04  -4.2231165280717304e-04  1.7463457341101102e-05  9.0195098616932447e-06  2.2415775881124592e-05  -8.5117462170741635e-04  -2.7857378322029814e-04  -1.1243787311756349e-03  -7.7895510434886019e-04  -6.7944803904917582e-04  1.6842597496509224e-04  5.0346741376306413e-04  -7.1202154905491185e-04  4.3419545901774066e-04  7.1598978446194548e-04  2.4913387200233103e-04  4.1457515989917569e-04  5.0125451570120810e-04  5.1947387175396058e-04  8.2078798365828494e-05  -7.4730527967424663e-04  2.4400043779907745e-04  2.2777036643867242e-04  5.6793902040012175e-04  -1.0125736872807348e-03  6.1237462258653878e-05  -9.4511445995667262e-04  3.6631813037933977e-05  6.7671939172870036e-04  9.4692955229754320e-04  -8.5347074344973358e-04  -1.0101919495724952e-03  -1.0306969449638615e-03  1.5510277017515125e-04  -6.6620090242526853e-05  1.3788973186281277e-05  -6.7565083244949386e-04  -6.9930877347590024e-04  -7.0700794313135009e-04  1.0015974941840777e-04  8.9449863769284753e-05  -1.0031490997373198e-03  -9.5537555768480139e-04  1.8875882312751731e-05  6.1273899380201655e-05  6.1619334541025749e-05  1.8480249638077421e-04  -9.7051476407700513e-04  -1.1454484411056135e-03  5.5951984764807767e-04  6.5296039839204574e-05  -2.5061730413080089e-05  -5.1543401740552954e-04  -8.4225730197302266e-04  2.4438971181706885e-04  1.4750437942655913e-05  1.8956314053122137e-05  -3.9062700220340711e-04  -3.8345643503983869e-04  1.1967054530139728e-05  4.2810248323499382e-04  -4.6765137693302009e-04  1.0558623786304879e-04  -6.1117086820878331e-05  -4.2006598042576370e-04  -2.1009305301437155e-04  5.3449554983975962e-04  -8.0426267347768912e-04  4.2037428226517461e-04  -8.5944404772243608e-06  4.9855387612124640e-04  2.1745430706014053e-04  -1.7218681433434809e-04  -1.1011938475137938e-03  4.9836678719409405e-05  5.2479814208737565e-05  4.0873541262376261e-05  2.0595101348416826e-05  4.6197501921503727e-05  2.0676108124911209e-05  5.1066009823545549e-04  -9.1811535828887269e-04  -8.1438446527372344e-04  -1.0423531644600096e-03  1.0397847504702437e-03  1.2966247864846768e-03  2.3282765155699194e-04  2.9057844644785714e-04  1.0948363456345291e-04  6.8319085709972254e-04  6.9756676340981209e-04  7.4227861979996208e-04  3.7676641804824669e-04  3.4153108477291482e-04  3.5888162749827797e-04  6.1441066424120826e-05  4.0838598371492087e-04  0.0000000000000000e+00  -3.6844616639496104e-04  -2.7182450470501773e-04  -2.9933969569545001e-04  4.7499729596168079e-04  1.6280157845088993e-03  2.5904187493197355e-04  -1.1551688632962992e-05  -7.5164531645342557e-06  1.4321578880220523e-03  -4.1726084867841549e-04  1.1408237670212521e-04  7.5440848198404938e-04  6.9341368330141538e-04  -2.3676732977768593e-04  6.2588455991284070e-05  3.9725297474045122e-05  -1.5089956526473131e-04  3.5083994100173113e-05  -7.1269129381069279e-04  -4.9125819937578916e-04  -4.4148984185960510e-05  -8.2993968812602309e-05  6.5603457082500489e-04  7.8699253831750345e-04  5.5352651936583196e-04  4.2747423101068476e-04  -4.4650045513746538e-04  -3.3720434504519898e-04  1.4325119533929165e-04  2.8248311886573820e-04  1.9067247275161576e-04  -1.3107960316415915e-04  4.8536387472905446e-06  1.6685842187279875e-04  -8.0138809579333181e-04  -8.8875390670674706e-04  -7.9221696069252769e-04  -2.5264769348733195e-04  2.8424810454431338e-04  -3.1150133571916227e-04  1.9733990212487311e-04  -1.4397957067599688e-04  9.4914942284151578e-05  1.7838522184727577e-04  1.3243081915870000e-04  1.0757658605431750e-04  -2.6828907976749720e-05  1.4098292417341026e-05  6.0372239463931515e-04  1.6529892533848395e-04  -8.7794155001279012e-04  -9.0003226880128575e-04  -1.5947489564398829e-06  1.0081280653556581e-04  9.7092863604084239e-05  1.0721445172423111e-04  -7.1267815774474089e-04  -5.6549060732906029e-04  -5.1809685506075351e-05  -3.1156129706676482e-04  1.9799515615309088e-04  6.9183320453114285e-05  2.1578218518870316e-04  -4.8353402428327709e-04  -6.2488962880148972e-04  -5.6395091993625350e-04  -1.4875153484761249e-05  3.2138009143670084e-05  4.4418457557064232e-05  5.0560512789781981e-05  7.8947131376627894e-06  3.1914209234497039e-04  -4.6688972693499767e-04  9.1707610016758862e-05  4.3584352170571085e-04  4.2246600891069090e-04  -8.5645578359557785e-04  9.8494679713433700e-05  -8.7862227756977144e-04  1.1511198720005634e-04  -9.6229971644822205e-04  -4.6789033478433480e-04  -4.7231164980965004e-04  1.6772059971030881e-04  1.2621352775371683e-04  1.3584916773031207e-04  -8.3664890501695456e-04  1.1199995433966672e-04  7.3564936273709666e-04  6.8378586747974712e-04  2.0958453947502099e-04  1.3003296574639516e-04  1.8127660255427995e-04  1.1770896044040402e-04  -8.9033503548848587e-04  2.0630551627100083e-04  6.3799215747538894e-04  -8.0051008330071912e-04  3.6031596659744460e-04  -1.3658790965164272e-04  1.8276536990988160e-04  2.9809217743188486e-05  1.2603321556717046e-04  1.1585092674529349e-04  -9.6914405541719255e-04  -1.4661914161707927e-04  -1.4111078432394600e-04  1.1037776589241262e-04  -1.8037146884489276e-05  2.0071328929056706e-05  2.5607037637901309e-04  -7.9852652553923629e-04  3.0770372639607008e-04  4.6520966018635709e-04  -5.8880658456880538e-05  -4.1882317074986604e-04  -1.1704728173167342e-04  -4.9425467578768066e-04  -9.8660946985521425e-04  3.1275127412834145e-04  4.9435593166380445e-05  -5.4846472540467461e-04  1.4994420070322644e-04  -8.3568443430868174e-04  -8.2508524664203457e-05  -3.4129014431442333e-05  -7.3503621406817584e-04  7.4623780558881383e-04  2.9128225195173017e-04  -1.2549798815183824e-04  5.7367505616416880e-05  7.9334527174656849e-04  6.9707270703407264e-04  6.7216668041799037e-04  8.8853662910266253e-04  7.4751786809384979e-04  5.1465075962823897e-05  -2.8587176648002489e-04  5.3390990944091824e-04  2.0640383464535870e-03  2.4955261284834305e-06  3.6324556464333360e-04  -1.0326107703761932e-03  -1.0493741443701203e-04  4.9362529309995437e-05  -4.7985998490264275e-04  2.9242257658518257e-04  2.3013325980137186e-04  -9.5804693495279099e-05  -5.1367030882524872e-04  4.5296378349195970e-04  -3.5862348927549021e-04  1.5678210970150258e-04  6.7582132830361650e-05  -8.9641125327734144e-04  5.5439355711097881e-05  -8.9046121685943747e-04  6.1141919074012908e-04  2.8728775364184869e-04  2.5131311455402601e-04  -4.7077873209628722e-04  2.7556233737194291e-04  -3.6167590209114164e-04  5.4968032864947524e-04  4.4297546326050300e-04  1.6265027849010578e-05  -1.8514376805401846e-03  2.1843275157767099e-04  1.4724378558683278e-04  -6.8880645601453118e-04  1.8180085346594099e-04  2.2072143728130226e-04  5.9302271278897348e-04  5.0887835285272636e-04  5.8447505305014088e-04  3.6944894759695034e-03  4.9674430467194909e-05  -2.6276252395145507e-03  -6.0569512874386862e-03  9.2229089166686608e-04  9.9524805283155555e-04  3.3273910539134634e-04  </DataArray> 
</PointData> 
</Piece>
</UnstructuredGrid>
</VTKFile>