<?xml version="1.0"?>
<VTKFile type="UnstructuredGrid"  version="0.1"  >
<UnstructuredGrid>
<Piece  NumberOfPoints="4307" NumberOfCells="8146">
<Points>
<DataArray  type="Float64"  NumberOfComponents="3"  format="ascii">0 3 0  0 0 0  8 0 0  8 3 0  4.462022820687749 1.895105651629515 0  4.531121121250254 1.8 0  4.462022820687749 1.704894348370484 0  4.431121121250254 1.714934919164796 0  4.431121121250254 1.7 0  2.431121121250254 1.7 0  2.431121121250254 1.9 0  4.431121121250254 1.9 0  4.431121121250254 1.885065080835204 0  3.568878878749746 1.3 0  5.568878878749746 1.3 0  5.568878878749746 1.1 0  3.568878878749746 1.1 0  3.568878878749746 1.114934919164796 0  3.487977179312251 1.141221474770753 0  3.487977179312251 1.258778525229248 0  3.568878878749746 1.285065080835204 0  4 0 0  4 3 0  4.568878878749746 1.3 0  3.431121121250254 1.7 0  2 0 0  6 0 0  6 3 0  2 3 0  4.568878878749746 1.1 0  4.068878878749746 1.3 0  3.431121121250254 1.9 0  3.931121121250254 1.7 0  4.068878878749746 1.1 0  3.931121121250254 1.9 0  0 1.5 0  8 1.5 0  1 0 0  1 3 0  7 0 0  6.76450854137172 1.936011388495627 0  1.173665979060803 1.8 0  3 0 0  5 0 0  3 3 0  5 3 0  7 3 0  1.500131613524267 0.8601371925617622 0  6.616779533710557 0.9357140282944165 0  2.687335280802824 0.8471543052893487 0  5.309782387174184 2.151757936464656 0  8 0.75 0  0 0.75 0  0 2.25 0  8 2.25 0  0.7210278991639203 1.125 0  7.34627086515792 1.125 0  6.067973295059782 2.242960634844295 0  1.5 2.459794211157357 0  7.437658381138324 1.875 0  6.250576697539167 1.499846931686509 0  3.5 3 0  2.5 3 0  5.068878878749746 1.1 0  5.068878878749746 1.3 0  5.5 0 0  3.5 0 0  4.369067757679615 0.5164949955642458 0  2.75 2.416494995564246 0  4.5 3 0  0.7096860006690278 2.34541866577463 0  7.5 0 0  0.5 0 0  7.5 3 0  1.761579475180378 1.475098558961513 0  0.5700971601285321 1.715474245334465 0  7.146759964522444 2.40946293262089 0  6.5 3 0  2.088838159604918 0.6270361047987667 0  3.252946264328426 0.579511193160173 0  7.09682887681017 0.5859868774073602 0  4.749143833080744 2.424154519316795 0  2.168039396641622 2.442233579582945 0  3.75 2.470616703600435 0  5.369067757679615 0.5706167036004346 0  6.054875125669033 0.6349621738984872 0  0.75 0.5350952811674916 0  6.5 0 0  3.812525904169914 0.5749052143445745 0  2.239765514213506 1.165700884598954 0  2.5 0 0  2.931121121250254 1.7 0  2.931121121250254 1.9 0  6.577879310453642 2.45448802943199 0  5.5 3 0  1.859949750632382 2.005312441317982 0  5.723176107958212 1.82257020375335 0  6.762710379876688 1.425219583997634 0  3.253040251614192 2.387381502457909 0  4.863304117778011 0.6500498999502737 0  4.254433633688589 2.551934176742809 0  0.5 3 0  4.5 0 0  1.5 3 0  1.5 0 0  1.237905220819822 0.437099323056081 0  1.210335139589109 1.286146705038028 0  3.048886667423703 1.2 0  5.652450506741605 2.522201387127078 0  6.636270597010114 0.4581372848758084 0  7.581183438367439 0.4875443744217078 0  2.829785934299481 0.4192542486504885 0  5.173410611224017 2.581893847631701 0  4.889957389508358 1.993903807488977 0  0 0.375 0  7.611279252681038 2.532519501787359 0  0 2.625 0  6.059929315341036 1.087231887980823 0  5.284119201567025 1.705363886979278 0  1.690337338543955 0.4112593156250492 0  5.735284152035171 0.354317736557925 0  2.6560311516009 1.345437718738347 0  1.060684364740978 0.8460177960277335 0  0.4243471687386609 0.814765248252197 0  0.3814337363342968 1.352723333047985 0  7.080599244533158 1.679499574012479 0  1.080219177810428 2.572752526886439 0  6.25 2.685993918795373 0  1.886811091485475 0.9668483872829545 0  0 1.875 0  0.383127210705926 2.087342650670448 0  1.066735353114979 2.179095572118866 0  6.25 0.2982466471499765 0  0.8756184692141912 1.479041572230999 0  2.461784670487431 0.5319625245915176 0  0.391763084714874 0.3765174462864987 0  6.114453115828244 1.860675818371689 0  0.3478940748853134 2.467570261507053 0  6.423464249355933 2.106351286514795 0  7.412287106794429 1.497523704934682 0  7.633814059655507 0.8689519277278621 0  8 1.125 0  6.963772589681916 1.098773996178132 0  4.055747815190795 2.238258527049524 0  0 1.125 0  8 0.375 0  8 1.875 0  8 2.625 0  4.801785028063803 1.623267981688701 0  4.686739073439303 0.3221818861834785 0  1.463055819638441 2.067467331284012 0  1.75 2.729897105578678 0  0.75 2.731905835502943 0  7.25 0.2596833011170773 0  5.663057442348352 2.169080346595155 0  2.25 0 0  7.706928357187389 1.3125 0  6.75 3 0  6.88010579544256 2.656699066030309 0  5.697663769732054 0.7151659170659649 0  7.315916404683115 2.709195935272877 0  7.444197254733404 2.224955804466624 0  3.554151017451901 2.202086448630479 0  5.076148787323236 0.3554104754140598 0  0.8500879531089389 1.913357707358889 0  7.718829190569163 1.6875 0  7.113556338635961 2.043121238123022 0  2.349443232234834 0.8489768957296409 0  5.92087592427824 1.394737953305334 0  6.390706078571349 1.190189151775318 0  6.542375883062894 1.681394303950979 0  1.831441533949769 2.352935681977007 0  2.045949280910048 1.698873831058647 0  1.420368180871654 1.559369927934732 0  1.622056239390852 1.170754913338645 0  4.446130806090262 2.249747265641362 0  3.25 2.744693746666445 0  7.718829190569162 2.044785355276367 0  3.032988353822387 0.8505291962619554 0  3.75 0 0  3.530911955001272 0.3555950291310814 0  2.25 3 0  2.468386293403384 2.641147085015286 0  2.210176486735528 0.3239935874774995 0  2.78357491811682 2.747418148071398 0  3.216906505134783 0.2502830477604774 0  6.297490756388391 0.8524143483485509 0  3.525865743636012 0.7705948732923734 0  2.681121121250254 1.9 0  2.681121121250254 1.7 0  2.460089916751242 2.240285571481803 0  4.103439044330858 0.7518490219871889 0  4.550305140855872 0.7785331402677929 0  4.25 0 0  4.06927211492793 0.3406091878633245 0  4.75 3 0  4.885288502357994 2.707408782209412 0  4.551487279617915 2.680456647544585 0  5.025854475194768 2.276735212049175 0  7.75 0 0  0.25 3 0  1.655202109993657 1.76831024381299 0  5.928601970913812 2.686632130146018 0  3.181121121250254 1.9 0  3.181121121250254 1.7 0  3.00519775011118 2.202486218116157 0  0.2549013577993652 1.6875 0  6.848638851690672 2.259122229755592 0  7.75 3 0  7.374301933266878 0.7104270976862214 0  3.278905058793731 1.41095311291639 0  3.818878878749746 1.1 0  3.818878878749746 1.3 0  7.12564057292485 1.368324439592985 0  1.25 3 0  1.343694896760389 2.715409523306244 0  6.88960415114936 0.8058729580746847 0  6.924452320886186 0.3134770247175372 0  3.010507597323143 2.557229127927411 0  0.9578294219363166 0.3062460859127702 0  0.6618343949953276 0.2503383713695972 0  0.7197219824116022 0.8292720467451931 0  1.800132580219746 0.6843552766663417 0  3.973608433210532 2.688740754238495 0  5.130639637847073 0.7881014036867721 0  5.449579370110651 0.2887606515602375 0  5.318878878749746 1.1 0  5.318878878749746 1.3 0  3.550753908572481 2.70024581208066 0  3.29648021131916 0.9582845941873617 0  2.162979818586095 2.122383927275499 0  2.125 2.733463006623984 0  2.516183225955593 1.08827731399688 0  2.058255961687255 1.400981271491226 0  7.169221009778889 0.9047947909730614 0  6.331301136341362 0.5702549093293489 0  2.382348135003248 1.417587851211905 0  0.4693551493538359 2.720812822164019 0  6.523209213437497 2.724998278552941 0  6.31833625552364 2.361063722708671 0  4.318878878749746 1.1 0  4.318878878749746 1.3 0  2.791616513431848 1.106337759027311 0  0.25 0 0  0.1951582229121949 0.5625 0  3.75 3 0  0.2887603711341178 1.074640024589244 0  3.798810221882639 0.3020535027851985 0  5.489674306016603 1.955385178378665 0  5.543060728376323 1.585640877469526 0  5.893410397503177 2.035488618831187 0  5.25 0 0  2.583847731107543 0.2733774118291387 0  4.428419195253182 0.2566974164842357 0  5.75 3 0  5.25 3 0  5.433297750348394 2.71549702357366 0  2.74915664784445 2.149710481407237 0  5.389132543925856 0.8353083518002173 0  3.773857976695497 0.8426091434998507 0  6.75 0 0  1.934332769808996 0.2727668426241642 0  5.825024165478905 0.9462893255874684 0  3.034260136284725 1.464487116404824 0  5.986032712069154 0.2656102055389665 0  4.818878878749746 1.1 0  4.818878878749746 1.3 0  4.696713690486157 2.166833511941833 0  1.309002516283433 2.279876941398452 0  7.747861669682166 0.2722588868785559 0  4.25 3 0  0.9566917734958819 1.232869894188532 0  1.161655776818017 1.540907914033257 0  1.275020880456334 1.018646265253758 0  1.75 0 0  6.652163596860359 1.191670518935875 0  6.800409414827563 1.680485937847293 0  6.503918449050648 1.423738216837076 0  0.6399545948822296 1.371171678042467 0  1.455335353681729 0.2703467356221142 0  1.25 0 0  3.806593795314118 2.220264423766677 0  5.029107741878483 1.770145895963598 0  3.316822922979838 2.137876685493779 0  3.497736191189681 2.45159126559461 0  5.482146719272828 2.338128863289826 0  5.893512549247734 2.431457493902778 0  0.75 0 0  3.25 0 0  2.75 3 0  3.25 3 0  3.681121121250254 1.9 0  3.681121121250254 1.7 0  7.25 0 0  1.75 3 0  4.75 0 0  4.181121121250254 1.9 0  4.181121121250254 1.7 0  6.25 0 0  6.25 3 0  5.75 0 0  0.75 3 0  7.25 3 0  2.75 0 0  5.933232838188144 1.660116805831378 0  7.743663660431563 2.305986544507819 0  0.6488163017771934 2.086795634902776 0  7.499284464133919 0.2519710725658768 0  1.285246637850335 0.7004786229807198 0  1.470238335116225 0.5312827074405742 0  1.00912177531967 0.5616219961663521 0  8 0.5625 0  5.673359731825902 2.766789842574963 0  7.625 2.782770323155014 0  1.875114165226527 1.219202703241326 0  1.939004594646653 2.57345272861059 0  7.377464342554606 2.476862103106487 0  0.2189698255912135 2.749853449605858 0  1.413188315640382 1.79878769864189 0  6.495978405808312 0.2505313418749202 0  6.67131567227273 0.6987536697088375 0  6.860214351715401 0.5448843213175976 0  7.767133071378045 0.65625 0  2.10764389532779 0.8684023911074691 0  3.002812896760147 0.6011829016479248 0  5.007830967027869 1.528082232917301 0  4.604671770469668 0.5448426046986763 0  5.211110328272974 1.930177656236074 0  7.345185611560191 0.4759452121751248 0  4.280605699598039 2.101098002368845 0  1.680928533719111 2.169400319012519 0  3.993214894654302 1.496468306044498 0  3.495459802751576 1.491862326229939 0  3.745138148335211 1.496468306044498 0  4.241476176606648 1.496468306044498 0  1.125 2.802315126539089 0  5.814323993734735 1.181667567870105 0  6.368168161466256 1.862525553612965 0  4.039976586394054 2.468345163151935 0  4.482641271527584 1.491502838268209 0  3.302768592291224 1.186949087076346 0  4.723160658573549 1.836552361407939 0  4.964408752315514 2.494601399967027 0  5.094486334747489 2.794174125833071 0  5.235346647653891 2.364027659713849 0  6.176983408835765 1.283678186078743 0  6.067782868049544 0.8607162055533697 0  2.686734935349991 0.6093121147175005 0  2.980318063826391 0.2361892205712051 0  4.332209374710674 0.7416544205942122 0  6.652664022666693 2.137641195279961 0  0 0.1875 0  8 2.8125 0  4.758307872295441 0.8760945350138634 0  7.761904437916233 1.075637660715519 0  4.89252897925004 0.208889199842607 0  4.189535280516382 2.775346851440375 0  0.5665830881012615 2.518430950233659 0  4.464868478462884 2.473107565511907 0  0 1.3125 0  3.002835777481324 2.778557180801254 0  2.174741170602639 1.892616785761075 0  0.8833876753261598 0.9764161689978853 0  0.512416699234122 0.5878819786377618 0  7.104263155781676 2.631045125307205 0  0.2272051903737443 1.916863655580537 0  6.121338488493231 2.489284026116465 0  0.9576082871582645 1.701769651586184 0  5.146966609704847 0.565970079982187 0  1.170358814626275 0.2165132806368259 0  1.442278878731807 1.325186413773457 0  0.5134300970267498 1.026551129413969 0  0.1962476103116952 0.28125 0  1.284876814925742 2.496827096746526 0  0.8540805870296729 2.525703181414234 0  2.381724240471748 0.185823617967223 0  0.1998759516051095 0.8629577131825651 0  2.792373772481608 1.522718859369173 0  6.718947929583448 0.2225612370141705 0  1.912230212137738 0.4932327012987849 0  2.217129176151627 1.5581939690292 0  0.8590347568035217 2.12724537685163 0  5.917114375808374 0.4695473394459266 0  5.55787912512913 0.4721232738360194 0  3.959491611367668 0.9245955336276649 0  2.868644955526455 1.314117470946041 0  3.764354255597398 2.774362390548164 0  4.214086231106132 0.9299693065735741 0  2.375 2.830193082876531 0  7.56042567602988 1.153685340177958 0  3.625 0.1682748283164299 0  5.626666154235222 0.1723420503315744 0  0.5163163809570659 2.254455592747989 0  0.5156298971577139 1.921025977983561 0  0 2.0625 0  0.2325164911792368 2.265132782389891 0  0 2.4375 0  5.716721318557666 1.468381536067533 0  4.956304312370071 0.9261586114002617 0  1.736247440317405 0.2079622548797901 0  7.423252915765144 0.92197098753296 0  3.595926918413328 0.5625738623606238 0  4.027684705574479 0.5528586799347988 0  1.251634690927306 2.076200495917124 0  3.088516491039524 0.4127108979695834 0  5.341701043020988 1.508644230224254 0  7.823311299173459 2.504480892077395 0  0.4992820544135742 1.521868017915196 0  0.1829514847457195 1.40625 0  7.219161637831383 1.85024525454816 0  6.939974393500033 1.529457301485915 0  6.941034265860687 1.830528210373856 0  7.818753947630837 2.71875 0  0.919426509035544 2.327255950087812 0  1.544432612208824 2.790377537950914 0  2.849367743945234 0.7310370161581846 0  8 0.9375 0  5.376078959954165 2.516244511284866 0  0.375 0.1678825106434355 0  7.28364545473436 1.65632032465089 0  1.644104575821582 1.970536643764213 0  6.465721318152218 0.7280522260687041 0  6.397836693422551 2.547434521858129 0  6.125 2.842996959397687 0  2.536203792447099 2.437324884416224 0  6.571009694818132 1.880618500483952 0  6.790433972811607 2.46376263350186 0  2.779219003764919 0.2242508043862245 0  5.117456692597464 2.102056113507261 0  1.706161243353533 0.8656108890541169 0  2.042177873777917 1.102455340066853 0  7.125 2.836114489111434 0  5.85646246617033 2.232892029843626 0  5.125 0.1590809146555127 0  0.8644951065416896 0.695526199749366 0  4.24057451088243 2.335196514226046 0  1.073618363282566 1.049333837430696 0  1.122981710932236 2.374228387184809 0  1.051650552129162 1.970212011301383 0  2.543224098687199 1.547097554532886 0  5.627206454623679 0.9050302689544429 0  1.958583280147469 2.185782923984218 0  4.874535684916871 0.4197547153626086 0  6.202338559540729 2.066758262812745 0  4.537521108063769 2.065054424863003 0  6.162634836006847 0.4725136766204032 0  0.7648539478516388 1.736932566671348 0  6.366974474296942 2.842996959397687 0  0.6895245029092579 1.55845028191079 0  2.096554196089798 0.1675328788461211 0  1.505433916505872 2.26279553112741 0  6.136928702220509 1.663716392657729 0  1.703163275225048 2.522499825687746 0  4.227238796177001 0.2061747361005499 0  2.536868734337019 2.051673482724511 0  7.57340088175022 0.6829533330330388 0  7.827554599066809 0.8422538282387458 0  2.29324471099601 0.6498465146063598 0  2.514641370097588 0.7310175205546332 0  5.211368136963166 0.9530801473098209 0  7.772501971877627 0.4635014059600924 0  3.336741971164655 2.566762749035554 0  6.929438944261585 1.302768692002388 0  7.151058909933757 1.169683483774733 0  6.777757275602092 1.043884099930619 0  1.862181059316273 1.801564333707141 0  4.375 2.845893102823545 0  3.216719855882294 0.7775068454527205 0  0.1810331710977258 2.561944331715449 0  0.9467319872709483 2.717940901613828 0  6.49255357791399 2.284145895775321 0  6.345462075926638 1.670198829110725 0  2.586436484862379 2.811566256349167 0  5.275232793952931 0.391385919764704 0  5.914449786758567 1.847953766772862 0  7.511042756182903 1.680476837828607 0  7.318984221577898 1.32194690064872 0  4.713975359753839 1.445293463784152 0  4.622395806238734 1.651228395729934 0  3.375 0.1438574401249223 0  5.89260995195184 0.7551496771482734 0  7.233282546068708 2.216945336514737 0  7.314050074181343 2.033170007983379 0  7.041903975105581 2.246636248240252 0  1.466448405858872 1.051431965498336 0  4.038518040468287 2.048433258907728 0  4.625 2.856221270994456 0  5.47197663216546 1.762199555107942 0  4.406158359781031 0.9204621183798762 0  7.795155764801296 1.49738889397299 0  7.603726668451229 1.512317249532948 0  1.937195895662821 2.76366050788432 0  8 0.1875 0  0 0.5625 0  0 1.6875 0  8 2.0625 0  8 1.6875 0  8 1.3125 0  0 2.8125 0  0 0.9375 0  8 2.4375 0  6.125 0.1397455497816253 0  7.518416853420646 1.339417381904711 0  6.68961617890634 2.627926893737301 0  6.759917537959754 2.807454076204605 0  4.625 0.1427576858270387 0  5.815710100718588 0.1829090386389832 0  0.875 0.1388138203004064 0  1.042919901227795 1.397703994636707 0  0.600932361047426 0.4252219255425927 0  2.35278437594923 2.489489492504064 0  0.5550984458068334 1.206789420161936 0  0.625 2.865952917751471 0  6.931315719558627 2.014713433605687 0  1.599193949697225 0.6853860663647241 0  6.943367808361959 2.827191835685737 0  3.953210044355574 0.1868647817925692 0  2.351471079617162 2.102902447658373 0  2.270286823827723 2.280334142610811 0  5.746687884985984 0.5374000520960465 0  5.531436431993654 0.6516546708519875 0  5.837229373821017 2.842135363550194 0  7.070065507212045 0.1827276972851126 0  7.10438681367414 0.3904326285495021 0  6.964767861168915 2.411485378959782 0  2.484142549446835 1.268028513403275 0  2.660207257103873 2.592770023600772 0  3.122386657768454 1.023405915614379 0  2.861986871549968 0.9298687158115813 0  6.45309529842313 0.430715144904079 0  3.790216096207089 2.037868474527595 0  6.879726980089991 0.1368562845939594 0  2.51965796588793 0.9097737221757316 0  3.375 2.872346873333222 0  7.802803537083411 1.866142677638184 0  7.620692443408718 1.889596135368345 0  7.529639046644407 2.055799314629717 0  3.421115190188708 0.5037842115935324 0  2.288845712962036 2.658115051963415 0  7.633929188085661 0.1352262166955073 0  3.064430498701312 2.376142770940067 0  2.427339967998081 0.357601166424035 0  5.728303773299706 2.358142546899574 0  0.3585678256126699 2.859534490051752 0  1.965569851031026 0.7558277581277837 0  4.603128244669395 2.322007388022202 0  7.375 0.1256315830034445 0  5.749038276022016 1.646004669245081 0  5.716252521662765 2.000378788652017 0  5.486156104506183 2.161619065241639 0  1.875058040050126 1.620230301617466 0  4.84441267167669 2.267428108618017 0  2.834927649265486 2.570763572181221 0  2.616766404251792 0.4470184198942145 0  6.375 0 0  5.375 0.1269560030763045 0  6.257270834096258 1.044697333094448 0  6.434719556994979 0.9785744153777916 0  3.910994871230571 2.349712131534684 0  0.3728728678072346 1.818099334547931 0  7.569407467716593 2.356101120954168 0  0.2076006628373475 2.091337699266173 0  1.996769156162498 2.408784629105182 0  3.924668578650962 0.7180984729698251 0  4.219790765255384 0.6113174138883702 0  7.852950011477456 2.15625 0  0.1649601212532792 1.217823840100303 0  5.259192787089573 2.734598919458101 0  4.244115738352015 0.3860322155693388 0  3.613245038961441 2.865000592210453 0  1.34764593381828 1.178887181824786 0  1.624728851019638 1.351983648364873 0  0.8060385010575681 1.319690317403858 0  2.625536630305925 2.284557518922492 0  1.299216900842959 1.435161481007221 0  1.60834833533664 1.587179940817082 0  1.292799375420919 1.67536082862973 0  7.45110498315549 2.82728536956106 0  7.465830776180859 2.624590699322512 0  0.875 3 0  3.472992575780452 0.9574196658957064 0  2.054104319538075 0.3961152680770705 0  3.692649318655278 0.7009881711261682 0  3.477988144589825 2.05825299075387 0  3.40470650691497 2.307757807718002 0  3.632555142489528 2.345919906507087 0  0.2847377046466278 0.711359335386763 0  3.372881587989202 0.702164320781171 0  3.919759739840318 0.4215132561694448 0  1.375 0 0  5.443878878749746 1.1 0  5.17903170542952 1.560195417031905 0  6.069135145186514 1.499692118296715 0  5.375 3 0  6.337260390174784 1.352251114529464 0  1.659259308285234 2.340886393037882 0  5.044767753636177 1.940345541926373 0  2.346723796681682 1.02635852902004 0  6.632875541910896 1.536390956129025 0  4.531707822693629 0.3914955144310533 0  2.22405782356355 1.7282913404405 0  0.3203291108513844 1.520933984382237 0  2.206668851500793 0.4984023415469285 0  1.875 0 0  7.853464178593694 1.221699987091747 0  4.868355010304794 1.781835813185251 0  4.725162723753177 2.610026653668357 0  0.6821368104579997 1.885696205348961 0  6.006469362392754 1.247964749973863 0  6.680549007127616 2.311471889949375 0  3.152507180446177 2.08058138166599 0  1.490187406515652 2.629390773076109 0  1.728765643640689 1.035890307359445 0  2.875 3 0  3.125 3 0  3.174567626720485 2.242464384821973 0  3.371685546888272 0.3095693252197266 0  3.105494558698543 0.127705660575065 0  4.685513015842382 1.999609402314578 0  3.711372488241419 0.4432193989973018 0  7.632065586981475 2.184815859274865 0  7.242550958034636 1.491524723007631 0  6.181037577621602 0.7380618208863526 0  7.198665269461404 0.7304857988451481 0  3.174464399037487 2.533264861029699 0  2.968512976471078 1.055573542474757 0  3.917546815009046 2.850242688913295 0  4.595058647844438 0.9332657996199712 0  4.473454477179893 0.6421665779561738 0  4.71096468065948 0.7257185134608424 0  2.094076401861736 2.274792329059472 0  1.400552814093939 2.869400374413013 0  4.400562518533217 2.621737760161329 0  6.625 3 0  6.351892610477606 0.1656334045993847 0  6.774636167843794 0.3744016433013916 0  4.875 3 0  4.788555146537677 2.840254153494786 0  0.4153564686972964 1.661141519276684 0  2.177277791705537 1.015381277562663 0  2.910311435727611 2.071303254565889 0  2.90045680202744 2.343656062749016 0  5.772226527361929 2.635150014610596 0  6.089230300255382 2.65071653369623 0  1.35227388402475 1.949061118107825 0  2.036672185116354 2.006992227925784 0  5.443878878749746 1.3 0  2.65088851516387 0.1269428025060137 0  3.187570580741669 1.5353901607034 0  0.1324215358413022 1.03125 0  6.551506414100093 0.5933432400619887 0  3.618377088462465 0.8901050643701305 0  1.227816137316333 0.8578809805198906 0  0.3568789670838665 0.5365491442328514 0  0.5759123000227196 0.7430637949353028 0  7.036449752104851 0.736673724182568 0  5.353780606867001 1.865290280693751 0  0.1274506788996826 1.78125 0  0.148719621168805 1.56483542792877 0  6.292913794036806 2.201539757605039 0  1.625 0 0  1.577967722240651 0.1588959821004847 0  2.875 0 0  1.443153338714718 0.7123410478164617 0  4.948089425275381 2.851569589929762 0  5.031685411830103 2.650013318112721 0  4.941185814426828 2.14335148378202 0  2.221848679416799 1.336976883478504 0  7.248189947715008 2.566935109244169 0  5.025135475672208 0.6754849392614803 0  5.255712473176541 0.6784548538202551 0  4.375 0 0  0.125 3 0  0.125 0 0  7.852296350761851 2.875978467682468 0  7.842663284099079 0.1368656212012278 0  3.823081494005311 2.619375072834285 0  4.108594764092505 2.609198869613628 0  2.839106212082157 0.5751334344877609 0  6.625 0 0  3.186464615879804 1.276120509782895 0  3.366968654357452 1.548949270538236 0  3.403700356706892 1.353292501412313 0  3.693878878749746 1.1 0  0.3295039819584075 2.629753852931426 0  3.63396866539747 2.052292199711485 0  5.009616618053016 0.4949762716535435 0  0.8893391432527826 0.4528413856303921 0  1.077612054003204 0.4150266964487302 0  1.170237901567295 0.5852066325100023 0  2.015247599028004 1.85257936692923 0  7.458330222954438 0.5805109542094172 0  6.051776087700296 2.007110359496875 0  4.095392712731777 0.1231762020029421 0  3.802873606606293 0.146426395570669 0  1.029390415420253 0.1521530077842438 0  5.193878878749746 1.3 0  4.860290362106631 1.490183754662515 0  7.093292535872295 1.526682584812726 0  0.7515575945096011 0.3785857794817716 0  6.806298274053191 2.108611491270652 0  6.671686733314236 1.764478716256164 0  3.616695584972119 2.556206386332834 0  3.400376954286241 2.722469779373553 0  6.554364861157945 1.074766424032144 0  5.775229815268104 1.328863766398405 0  3.056121121250254 1.9 0  4.895739115475562 0.794366537626311 0  6.904201149975457 0.958017693977892 0  6.763160276775995 0.8917393640274117 0  2.806121121250254 1.9 0  1.82228437862959 2.864948552789339 0  3.246228353309659 0.405416749213143 0  0.1558341140081786 2.404702656794879 0  5.09209401778642 2.413163545203738 0  2.656970276720574 1.008025438927461 0  6.837964358706445 1.182486282440619 0  1.218565597390409 2.631875559058314 0  3.11440292739516 2.673930028955123 0  2.026247563861494 1.25246878069269 0  0.5337895808389024 0.1556354273872428 0  1.89371071941426 1.379371759997182 0  2.015084378075206 1.548014842928561 0  7.273508682394192 2.852456049910852 0  1.32842822738773 0.1609485795366246 0  4.943878878749746 1.3 0  4.731677943389102 0.4651996171997224 0  0.4208501506017569 1.142889892845225 0  6.241220733703142 1.778973022680228 0  7.287305634065874 2.356926348877459 0  0.8125 2.865952917751471 0  0.6638884239224102 0.9773854644140763 0  0.7115875682618321 0.6797882568688524 0  5.519165407534275 1.436303759025467 0  4.693878878749746 1.1 0  2.049087338536709 2.860441259463754 0  2.223721838879971 2.849744255865973 0  2.158068910458619 2.589555095630763 0  1.769599514043327 0.5380117936520672 0  4.595730830577747 2.540207400600422 0  7.554970728272914 1.000454937986848 0  4.067923540840967 2.865025606422419 0  5.982215695041327 2.549259715957683 0  7.273176250081471 0.6039355048178818 0  1.625 3 0  0.9980269418916771 2.451180498473484 0  6.5625 2.866794538008646 0  5.416755282496863 0.431811533000427 0  5.593856656007964 0.3153293496662279 0  0.3320952537449435 0.9319416754251985 0  1.008561755737541 1.556557923024862 0  3.385085364134457 1.074637418820032 0  5.512851079175782 2.58480997846688 0  5.4375 2.864582519547857 0  5.355797901885728 2.012959913837515 0  6.399446817321286 1.531627459374872 0  1.311891654017445 0.308440065792726 0  5.625 3 0  0.1875 0.1338165923309605 0  5.619702812442442 1.714232536072811 0  0.5508269594687368 0.8861926898523746 0  1.499826112389357 1.921223647242414 0  2.180712799352103 0.7426067261518384 0  1.010561644034363 0.7082331362193326 0  6.99266131972684 0.4840377494075818 0  1.515995627806028 1.450128281650422 0  1.617331166764723 0.5392011031501924 0  3.306121121250254 1.9 0  7.873097130872277 2.369277041422046 0  5.981175901193826 2.822120760428175 0  1.675594434754982 2.856591952598051 0  0.7110856896365509 2.492264577479315 0  0.1424475072575044 0.731259265007369 0  2.61347251910422 1.202659089734521 0  0.9906267263496054 2.855710690936767 0  1.209073880543134 1.93910984624209 0  5.913265602389834 0.6128250316806482 0  1.593122644110023 0.9748575534832592 0  2.238682048904335 0.183805954428053 0  1.496818446290155 1.681467757598925 0  5.190014401220854 2.227114392169415 0  1.031171252440051 1.826692544559051 0  3.1875 2.872346873333222 0  0.3733616599994482 2.231758220982426 0  6.321464064613542 0.712055019982087 0  6.309767208068678 0.4285369644963476 0  3.892617624056564 2.492882809172169 0  1.263599924110039 2.832475152194388 0  2.398932605845467 1.559153910196803 0  2.912420293513427 1.182447033492795 0  5.261858705809589 0.2353043611971095 0  7.291191333590076 0.9880065577420339 0  7.299817958569565 0.8372138591765599 0  7.0466162542458 0.9807283909171691 0  6.264691984329719 2.494088533272831 0  7.487509211915334 0.7956666217716692 0  2.529650484303412 1.405021318461827 0  3.398941900879777 0.8420481119119614 0  1.840315928000994 0.8203362951879 0  6.595783843696913 0.1434421225838891 0  7.864219157346795 1.367985263695266 0  7.862586164347436 2.003302822987918 0  0.9146789396785833 0.8332311899771428 0  0.6121089110152649 2.664848357675469 0  4.578083450708037 1.926422160149594 0  0.1428115141013242 0.4216701316357797 0  7.859414595284582 1.730473387905927 0  0.8207451070209806 1.608205642021243 0  1.959981658969211 0.1346537350814801 0  1.80580124622231 0.3305018449395591 0  6.940539809378632 1.690071238398511 0  1.735998748756407 1.260248478942435 0  7.896366229423773 1.59375 0  5.859368196885725 1.529167814062619 0  3.087900514955044 0.7175418728045391 0  5.536509801723703 0.7972268741724868 0  7.076067093339704 1.897245766362881 0  7.72935074890526 2.609665437770031 0  1.622047904640437 2.674592256346184 0  5.474332381986204 0.9499493318488902 0  5.402241751156824 1.637901360259502 0  0.5254121649462453 0.3008763787064375 0  2.290831588991315 1.978787032250786 0  1.596087418097628 0.3020268704606758 0  6.531728255919819 2.585940440867077 0  6.389317650940229 2.686492359543992 0  6.445842180764611 2.414069969578804 0  6.195129014178043 2.298249296138473 0  2.711888960378243 0.3457684144240085 0  4.767308398459297 0.1412598426622738 0  2.515700751942804 0.1536146879581201 0  5.104748867303888 1.437248324270948 0  7.864749848605446 0.9786422500448571 0  1.210286363114852 1.14456368427336 0  1.363523963111238 0.9053466335004646 0  6.633983057420619 1.343213316388077 0  6.504770515767368 1.280411948587524 0  2.746247749101479 1.246032656281287 0  1.822448076176656 2.142991935650538 0  7.441941272839388 1.224503363027574 0  1.148402284532302 0.7220014190059649 0  3.943470571079365 2.164991449312212 0  1.413943693035186 0.4036043276285951 0  4.151755803800461 0.4900155651214539 0  3.662106589854563 0.3150419656007964 0  2.397949975844738 1.156210413486231 0  7.861203318112754 0.3548642112890287 0  7.616964917421483 0.3430815790757732 0  4.875 0 0  7.195494466892639 0.4918770069494308 0  1.484299105834556 1.194283341419221 0  6.111126058236732 0.3376579462600046 0  7.467444865325863 0.3950634411862253 0  0.4792668420832776 2.398284260262384 0  5.143121731642286 1.69524401025946 0  4.933779900472738 1.663075447705516 0  5.584602808688391 1.85354455958603 0  5.575902541306014 2.062798525595166 0  7.375 3 0  1.76706033546643 1.903619306705318 0  5.752529578364348 0.8350568620134787 0  5.697826803358642 1.016262732528433 0  5.971203194178019 0.9731474490948185 0  0.1001854946515461 1.96875 0  0.797795034188173 0.2507282549051211 0  6.641606255748425 1.99967231688489 0  0.3583400377470082 1.953469759188696 0  6.46110484430146 1.970243546442078 0  6.326979221213021 2.00677535002619 0  2.346958611153278 1.280950627720903 0  2.8125 2.87978549958768 0  1.092779141069835 1.215395685228167 0  3.771527178205325 0.9785303268561992 0  5.787346967601811 2.116213712900733 0  1.125 0 0  5.964704049449138 2.152620597809414 0  2.378956146866209 2.355946890424193 0  2.678209102748237 2.03835894090292 0  2.865720423728436 2.213467383182951 0  1.95412700716178 0.621387527896508 0  1.310840889454264 0.559933785755539 0  7.389143616516507 1.745593871896097 0  5.256557534836547 0.8222709718591876 0  5.382894379857495 0.7031164061906909 0  0.1320102058638946 2.859909862757404 0  2.930522962782628 2.66525363673934 0  0.9461926986217604 1.097167530164836 0  0.3075061460294831 1.230217484261801 0  3.056121121250254 1.7 0  2.933660325424674 1.556896037455719 0  3.003953032431596 1.327451035921138 0  0.4920301646579859 2.852521665210554 0  4.398553955836467 0.3865529095398158 0  4.489411070938598 0.135376210759229 0  4.350416902725922 0.1414914393051246 0  0.625 0 0  6.185059496552078 0.6043542907450986 0  5.871463468593602 0.3405064438549699 0  5.992192340873735 0.1327617713884939 0  4.673742756385814 2.732579359149407 0  0.5160355352307606 2.118047009736106 0  0.7495358688223256 2.000173851522268 0  0.6490971475034988 2.223204217914659 0  4.562280394385581 0.2610980301978051 0  4.855911485286967 2.575374758846626 0  5.29789433728839 2.868799185266862 0  7.167871808847177 1.037769271793279 0  6.018746645106224 1.765142602720997 0  0.7301497380581218 0.1337035409561236 0  4.411728459070054 2.120744996881898 0  0.807253243059149 2.252003145985884 0  3.154929278380492 0.8950992681397375 0  4.788269532087369 2.072430706851255 0  4.568488907268085 2.191433903993766 0  6.184111674422248 0.9307541654043773 0  3.697645025628407 2.660465152345959 0  4.331801893691961 2.438174986256606 0  3.493788902838253 0.2196591065016699 0  6.915674477428344 0.6707880880507203 0  4.321646813842877 2.224344542651253 0  4.19044522062289 2.217348963122217 0  1.414786913912167 2.358916477888053 0  1.178242637797325 2.252626800084343 0  1.399521290602002 2.183457503684108 0  7.68279917725155 2.422366508961622 0  0.4552808085685606 2.589505279794412 0  2.307554701003465 0.4131916660886465 0  1.549680493050584 0.4257220690245235 0  0 2.15625 0  3.478778017073268 0.6216203131641233 0  4.282423156767126 2.68119713697082 0  1.735086785664941 1.652437244558325 0  4.743050118653921 0.5963904497111676 0  5.340540510798179 0.9686444563174379 0  7.436450970509219 2.357696035682952 0  3.151032130412869 1.402405042103463 0  7.056837511879408 2.507083169611516 0  1.100795725079881 1.67355348823481 0  6.749668519221734 1.280230107706646 0  7.199107863840645 0.1298416505585387 0  5.875 0 0  6.904691491071424 2.52796549716737 0  6.875 3 0  3.159344624482026 1.148172127631604 0  0.5087159635520958 1.389668501336159 0  0.7517688915590872 1.438253393126744 0  0.8328421958407778 1.192081715084277 0  0.6942242043807106 1.252608602319581 0  5.077623087913609 0.967574897661623 0  1.172005045365711 1.410023895295896 0  0.4154806926893688 0.680788879916265 0  2.958020603509119 0.3712771690322111 0  6.054288698635633 1.370000352031313 0  3.306121121250254 1.7 0  2.57743671488309 2.169634206437715 0  2.9375 0.1137064688514887 0  7.053405070937129 1.258134338887359 0  6.792975548790823 1.80972622273594 0  6.761962046804557 1.555747071283436 0  6.938847701197056 2.15344936800249 0  5.125 3 0  3.606680074713343 1.439842371975303 0  3.655730059380413 1.569251159359071 0  3.806121121250254 1.7 0  6.383114506351901 0.3188650486745134 0  5.773681113003129 2.478687894952508 0  5.960030985884654 2.317418278414545 0  4.87787388077427 2.394909944147972 0  4.443878878749746 1.1 0  0.1250805391889421 2.191851601222254 0  6.503159489303282 0.8595329317659416 0  7.347114536984161 0.3460177403427142 0  5.504480115233327 0.1294261583900475 0  7.738088387479804 0.9473633898237058 0  4.173258696969484 2.03406932267576 0  4.306121121250254 1.9 0  5.828183570208954 1.75013813653547 0  5.577325493364226 2.868494806192402 0  4.08127421121816 0.9665115064778329 0  3.710076212818024 2.146526317134886 0  6.216426349457832 1.940253734731805 0  3.472827236892746 2.586881761171517 0  4.613388815678269 1.515786777917322 0  3.783433867998795 2.347495215910341 0  6.999674266261718 2.709315908751044 0  3.556121121250254 1.7 0  0.2737281623539459 0.4346058063322325 0  3.363647447403773 2.015024048406054 0  3.372469197453248 2.430610444805726 0  3.430872799215113 2.181105627841595 0  5.923185775152886 1.097416590381606 0  2.431121121250254 1.8 0  1.910581568879515 1.094757126156912 0  3.248907795992225 0.1271849897004386 0  0 2.71875 0  7.508002889941156 0.1260092784947411 0  6.090011472472214 2.367222725507019 0  2.674363690960053 1.569681952288712 0  5.82031420043061 1.930798111263835 0  7.659089128321487 0.5885065832662076 0  3.128580998608481 0.5984427664180502 0  7.719512840844405 0.77453455279614 0  7.864702626087811 0.5625186726332132 0  7.875174829600449 0.7239692754426058 0  6.177632092816386 1.151955284690093 0  5.601098400965153 2.398893581879326 0  5.573221521194163 2.254234207984769 0  5.395642382849839 2.245513720546696 0  6.647998635009269 2.747752286000948 0  7.589610289727318 2.659209118401493 0  7.559754515194795 2.889805333233447 0  7.721162471872726 2.872014838676859 0  6.557274824588996 0.3603145879984794 0  5.687585257729564 1.231069575390218 0  3.913766398218733 2.047554052735655 0  4.499094059960591 2.872986052328736 0  4.348972428227848 1.437282287492644 0  4.398009678602073 1.56804740566894 0  1.8125 0.1085689860858082 0  7.625 3 0  7.125 0 0  2.125 3 0  3.875 0 0  7.875 0 0  4.125 0 0  3.875 3 0  3.125 0 0  3.556121121250254 1.9 0  5.375 0 0  7.375 0 0  7.625 0 0  3.375 3 0  6.875 0 0  3.806121121250254 1.9 0  0.625 3 0  0.875 0 0  6.125 0 0  4.625 3 0  4.056121121250254 1.9 0  3.375 0 0  4.693878878749746 1.3 0  4.625 0 0  4.375 3 0  5.193878878749746 1.1 0  2.556121121250254 1.9 0  2.125 0 0  6.375 3 0  2.556121121250254 1.7 0  5.125 0 0  7.125 3 0  6.125 3 0  0.375 0 0  4.943878878749746 1.1 0  5.625 0 0  3.625 0 0  2.625 0 0  2.375 3 0  3.943878878749746 1.1 0  2.806121121250254 1.7 0  2.375 0 0  1.125 3 0  4.103074890557734 1.43799883648336 0  4.150756130698128 1.568584605643003 0  4.306121121250254 1.7 0  4.193878878749746 1.1 0  4.443878878749746 1.3 0  3.693878878749746 1.3 0  3.884683335055465 1.56019527636554 0  3.839790939423669 1.43009763818277 0  3.943878878749746 1.3 0  4.193878878749746 1.3 0  4.056121121250254 1.7 0  2.625 3 0  5.875 3 0  0.375 3 0  3.625 3 0  1.375 3 0  7.875 3 0  1.875 3 0  4.125 3 0  6.439491349555214 1.75734452230754 0  1.452883543311726 0.1216960427315447 0  0.9228855556374087 1.363536114931773 0  3.29541604909417 2.262765195696947 0  5.488552512697107 2.462582976213 0  0.9810776265181085 2.08029499269123 0  5.362575404242505 2.387563685265603 0  5.336417874713201 2.635475811628846 0  2.302497693894752 1.85 0  2.879838803912728 1.439732271324609 0  1.733883076179695 2.056610365120329 0  7.50422298452793 2.464750436907105 0  5.2646778040046 1.406535933679598 0  4.722770655269403 2.286521078943709 0  3.490864504854757 2.814877929409467 0  6.79729802773495 0.7180004763992902 0  7.014825517491561 1.428171056873121 0  1.137774387523866 0.9431831162182032 0  6.039430942519144 0.5077520379545415 0  5.720305684486413 2.880560203211775 0  5.624915170788036 2.647743275835605 0  5.551817439396478 2.748216666434002 0  2.01835642804122 2.669319779864647 0  1.857844062268254 2.667793456630263 0  1.886503201689954 2.462569784197695 0  6.47138318445971 0.1275558445830449 0  1.402930690045838 2.539260083412746 0  4.513392817006254 1.613579701651546 0  7.055496621406448 0.8581193798604333 0  2.0568594972331 0.9800996282583602 0  0.8663854648807942 0.5731056496300131 0  2.8125 0.1058854573749423 0  3.03846517076458 2.030183271181926 0  5.64527030327246 0.6062232753845517 0  6.72230637408798 0.5684667236236713 0  2.753484613027748 2.28812345494242 0  0.6358161595122516 0.5822275421033303 0  0.4631370547234366 0.4758936397212849 0  7.68772761699277 1.183232298991486 0  7.880375148581337 1.103102286282111 0  6.618025193559718 0.8112448230946269 0  7.439614183441519 1.044283713404144 0  0.7595759094662899 2.607370652337004 0  2.066034469508545 2.509328199508589 0  6.54462483325265 2.0768726311635 0  6.245987237148471 2.811060808884987 0  5.21148039876291 1.804165606164462 0  4.459042577435422 2.758693190246122 0  2.233141547247359 0.9012008478628378 0  1.898483636470921 1.500911592617562 0  3.231624855964167 1.057661369020517 0  4.109297724349382 2.355100539683781 0  4.190411476041645 2.447216087554255 0  2.970041314492185 0.7458421036034495 0  1.977562848049903 0.8808862726197153 0  1.300218293045465 1.555373639621018 0  2.915550517385785 2.471018754554662 0  6.886518152960801 0.427566395621801 0  5.241348470722774 2.049172546358134 0  4.831610815949273 0.9721737502692025 0  5.398741495071214 1.407200935485578 0  1.536101362099558 1.804790705860117 0  1.293621549709279 1.837803199337519 0  0.1178250786403045 2.671875 0  2.763881093801142 1.404396825041482 0  1.557184438509962 2.149530961623822 0  1.75236846738243 2.264524909486736 0  7.222735523492601 0.375777405219423 0  1.588066237008631 2.558792009804492 0  4.957491854896941 1.85955426512313 0  2.559740454261235 0.6128628999169411 0  2.641593691265953 0.7274667353551925 0  2.742833170113139 0.5026715305920372 0  2.802578023697637 2.022773085335011 0  4.997354205910686 0.1307296542141224 0  5.039595351827231 0.2420727372286997 0  4.957337025077342 0.3311659454954287 0  0.8746130685537296 1.792707630531883 0  4.611654211889585 0.666561035799786 0  4.487649725532246 0.5241863469424951 0  0.3702135286554983 2.350699487970382 0  2.337549194911026 0.5337654369507202 0  3.954292545382448 0.3067275883309698 0  3.098445675833031 0.246032938731724 0  4.372083822408108 2.012837489446798 0  0.6012618859255602 2.401426483355223 0  6.093374351407234 2.123314639479245 0  2.702871701398465 2.834397566142554 0  7.612344247691916 1.760666904426635 0  4.766300233490201 1.731272419316127 0  4.620716293873756 1.818070061533485 0  4.785361669255013 1.939890726874604 0  2.311492859110136 1.640526083644168 0  2.935795302940291 0.4949235851931941 0  1.681957402362733 0.1032676867653793 0  1.636720524570953 1.470951809125256 0  5.257561652832313 0.1175699170802121 0  3.049550191281317 1.582243558202412 0  3.406047442051278 1.2 0  5.7982536780625 0.6451736262934931 0  1.324001581750873 1.319363625060741 0  6.678232017343178 2.893758308221384 0  6.18760427969934 2.58637332901127 0  4.785307138470049 0.2576759902305008 0  6.000981765945145 0.3842757437259276 0  5.947101011204832 0.8580002675021994 0  2.418345405358292 0.6492806144920308 0  3.805969410580334 0.7259841634372941 0  3.655069027440273 0.9957647008101835 0  1.113915823596311 2.685328317252156 0  4.184201208976257 2.895410532560986 0  2.089036648896433 0.5089335943389008 0  5.013099428894803 0.792189689062588 0  5.888725451843396 1.281756156886148 0  4.08500698417958 2.72347932256115 0  2.097929256715894 0.2860211035420186 0  4.989688880423294 1.411432725242203 0  1.776324624996368 1.147056068455878 0  7.41556232741889 2.104335375122653 0  0.3551860835058188 2.74323383907991 0  2.860925371938612 0.3071213336048593 0  6.653778577299142 1.650180033312079 0  8 0.46875 0  5.012182006846554 2.052017718668675 0  0.2570770060073184 1.804116728770711 0  3.520365702310509 2.316480687397726 0  0.9643902568076003 2.562491754866037 0  0.8038708025877934 2.417950552464527 0  2.582298179495177 2.688336323205332 0  1.198153544450913 0.3286369905864479 0  1.22272763419596 0.1128723186747109 0  1.064384445444083 0.262067314240963 0  6.741914648283811 2.212476017174316 0  4.898106128065424 0.5363257289298817 0  6.516944367553524 1.564809663646018 0  7.420651398529032 1.989093552819645 0  7.603511608111762 1.261801137932212 0  7.1876231299276 1.592743476873163 0  3.981326931083349 2.570874459425363 0  5.806474350047317 1.066668601705667 0  2.119917100543696 1.790292141013035 0  2.157202495306227 2.007453455585748 0  0.614593485473347 1.081333034534446 0  6.174199471152396 1.404348168597948 0  0 0.84375 0  7.209028273789549 2.75546181690883 0  1.614304124006874 2.446781588911832 0  0.7450654314145849 2.153066685582924 0  0.395892684299033 1.029244970787715 0  3.305457240207463 1.302723050387916 0  2.14726503604967 1.24045209434205 0  4.547684252299183 1.409738344015907 0  7.402379066052592 1.621001987056509 0  6.242302438751835 0.1188926174166329 0  2.275954965442074 2.405096529977125 0  2.311455408526663 0.09603558172694594 0  6.289107179360488 1.247936748699601 0  4.696135492019336 0.9827691382764642 0  1.980686964134528 2.296491050668306 0  4.647652539932117 0.8269453062933892 0  4.44331344394596 0.7539277979508834 0  4.360388828434002 0.6298932005995028 0  4.219250807779892 0.726546330150862 0  6.886014464901521 1.418375987568882 0  5.87489748645731 2.586523943996041 0  1.936391900221653 2.898222288496211 0  0.448967352495265 1.256790434271303 0  3.062354481072918 2.890058939101704 0  2.937163911998264 2.891326482996851 0  7.263912031450234 1.213953038091721 0  0.2452895304288695 2.860032819860024 0  6.067173730193995 0.7474103510316521 0  5.191391323069268 2.46926866042909 0  5.067184444591469 2.542378310782815 0  5.051073623143546 2.898845470247809 0  5.137899046351432 2.689502781418334 0  1.146005985837255 2.033841727250245 0  3.865996257163457 2.72425619703567 0  3.802435053383426 2.890060342208981 0  3.171210976033889 0.4920598657326042 0  0.3051692596786284 0.8223476616592419 0  6.663414416807463 1.040180268779384 0  0 0.09375 0  1.694124087745225 0.6229464533172845 0  4.313421017638436 0.2888083842802051 0  7.355004291083286 2.603335507813191 0  7.62260337950684 1.395507251996266 0  6.609996494214295 0.2567412300852736 0  6.705991427674546 0.1073066931278497 0  6.82012146525688 0.2715875051387414 0  4.422189177798999 2.364775691973434 0  1.5625 2.903727499661592 0  3.220435147886495 2.636048698444952 0  4.10489411326073 2.131387806510095 0  6.8125 2.906690836720545 0  2.636601085634551 1.457983329931361 0  3.232689177532657 1.993049443474053 0  3.475408671431189 1.602574215774427 0  2.749968010605238 0.9447831628908444 0  0.4449851526709178 0.9259160940844384 0  0.2310611733041253 0.9791886511359873 0  7.74534388585428 2.192462862005828 0  5.111323450434723 1.851293612866467 0  0.4911307914568218 1.804541929469488 0  2.469109749456502 0.254563723494837 0  5.16304597801597 0.4433731487075883 0  5.262977488880092 0.5119807907482433 0  5.144643222830305 0.6770242419760303 0  7.358437658097403 0.2354932023397953 0  1.905829587349637 0.3812501509152244 0  2.173825815307289 1.445254866928109 0  0.8260186186272448 1.076726536354559 0  4.132788914262463 0.8585794362690972 0  2.892297903650502 2.769377297202604 0  6.44508915639335 0.5466497001409771 0  3.654376236590068 2.762291841895895 0  5.152751953348933 0.2702286460249041 0  0.2664890738430551 2.391457280048408 0  0.09757911145609743 0.62463341671683 0  3.503769179422335 1.385917430717986 0  2.308986151874682 0.2710934524694122 0  7.662156883991239 1.027809256798145 0  0.7734490686531653 0.9341056265117195 0  0.9804142293629066 0.9226084496260983 0  7.119856871214952 1.789236941084024 0  7.210462139111942 1.97083102439295 0  7.330831137923478 1.841252636619305 0  3.526775836385666 0.1106744815049401 0  0 2.53125 0  3.721860601291235 0.2218602517223748 0  0 2.34375 0  1.357912764437031 0.7901022329298844 0  4.116423660758018 0.2359881349424703 0  2.24617505338591 2.521519828068563 0  4.259686105702745 0.5092107656987872 0  7.853998991798904 0.2456892363212613 0  0.8567661232181371 0.3483258565788203 0  4.634706234080517 2.43230334443246 0  1.309342447284447 2.389731256650507 0  1.180550359823799 2.52940516566808 0  4.986136420834665 2.749235717987923 0  6.667017499840587 0.3509715444800088 0  7.522739943539302 2.745210413510976 0  7.71622574922432 1.797781994869338 0  0.2945052951414098 0.3278576906263738 0  0.09588298436943486 0.3234342722723171 0  0.1085857176160231 0.2124749965909377 0  0.1466828390468144 1.673887683642286 0  1.1875 2.910611698878846 0  0.8680710625995196 2.637406411889607 0  0.2968366547431261 2.154045545960842 0  1.862339894354264 2.245428369797162 0  5.1875 2.90284239642933 0  6.55263993157627 2.189047368055227 0  5.782322638543699 2.745678979650577 0  3.705139559542479 0.5527001790642847 0  3.597338777099821 0.4484299037322007 0  3.576610037043153 0.6699845992076293 0  3.029495395837499 0.9633480801703884 0  1.408176461945162 1.428863215759373 0  2.305265663922158 1.492903370707793 0  2.113655872245054 1.608518840772753 0  4.10716445112081 0.6365508812289288 0  4.052257472766033 0.447474389945588 0  3.917020565538331 0.5337770424238801 0  1.734858012732226 1.369170066356356 0  2.176856037864753 0.09498613896893962 0  4.699446011563343 1.591037611277322 0  6.442005748114502 1.09012065250293 0  7.049306025550138 2.134871342797517 0  5.039233523350699 1.662253550972042 0  2.900234554467112 0.82848666674156 0  2.794696946367718 0.8442218332414871 0  0.2704951625797836 1.336111355838817 0  7.528084471859414 0.8958060591201243 0  2.072032361541186 0.7343174362838577 0  5.81216370171461 0.4340804006426708 0  6.381781344240724 2.269662377403683 0  0.10565700372762 2.303305219333352 0  4.98705532179223 2.379727584968484 0  5.6895276197189 1.123661350117529 0  2.485791924546601 2.342121598408454 0  2.548579091603285 2.554636016791441 0  2.639958927199018 2.394650773238264 0  3.89250038504831 0.835077433894132 0  3.996758573802089 0.7912472721722233 0  7.837787552105794 2.611971811456533 0  1.438454232783208 2.767913837307824 0  7.340068583322591 2.185966500522937 0  0.8546646267647878 2.02029722230225 0  0.9488885612819659 2.209237381621439 0  7.844115119882476 2.264551795209959 0  8 2.53125 0  1.546815409875393 2.362489754636482 0  7.244871991473823 2.457669942065817 0  0.09635628712599366 0.890625 0  4.63598644169176 0.416698506817583 0  4.781083595792891 2.733172021545522 0  5.274628475280956 2.548710113862167 0  7.073130566707631 1.092722725332277 0  5.671143912874661 0.4502091818960142 0  5.466070424683 0.5263483914934577 0  2.409252128083552 0.7584331922550476 0  0.5703923395336216 2.768487898004731 0  6.858040474717995 2.372393955625004 0  6.802954604807318 2.575250148907549 0  6.685709487552608 2.423537328170021 0  0.4687701508438473 2.01963338893825 0  0.6146843317012914 1.977830069527306 0  1.740419012973897 2.417379994980016 0  1.718061850429652 2.628122497267741 0  6.189329650023237 2.172674873089185 0  4.516433561640847 1.013927251407024 0  3.891730256348408 1.014079683481554 0  2.475555587496064 2.762277437480774 0  2.48917875261718 2.880994661667573 0  2.375399969506896 2.722386386471179 0  1.816016515790405 2.557339373935803 0  1.910249595146577 1.903344942307632 0  5.507837730282708 0.3774197712740326 0  5.6875 0.08557484678369223 0  5.68493042713214 0.2609690618896826 0  0.2843045649013661 0.2224861409132574 0  4.78436389238122 0.3637959500473092 0  1.169013213088003 2.145308995914682 0  1.357899980317259 2.085263248534831 0  1.26921855547059 2.181165175530775 0  6.021817257336049 2.449775448928982 0  4.495474456008537 2.574575792901585 0  6.545671846029608 1.181398667790451 0  3.115013244708399 2.786378146649736 0  5.127278391458111 2.312149549591819 0  7.216878218560014 2.100099840212549 0  7.191041430130473 2.313662628555528 0  2.41421421635263 0.9405658719057346 0  4.314860232645422 0.8583632955520594 0  4.305794712921799 0.9883864478420209 0  7.186198141260313 1.703613178130499 0  3.644267399836486 2.452544525544452 0  2.308709852695643 2.912306499542033 0  6.083317939779881 0.9799641838182138 0  1.793048284259095 0.4351898029628593 0  7.135483264499175 0.2786061256751498 0  7.032299039660579 0.3101497645731782 0  6.991795330738573 2.59789357259962 0  7.419320847181525 2.727245251400959 0  5.59626241313572 1.959344091813605 0  2.689340459037265 2.696060743532765 0  4.895471902621403 0.1034621700032423 0  3.706695381112554 0.09839636579747821 0  7.616789872850574 1.62913917122151 0  7.703763020196593 1.560272367518546 0  0.1042719923446317 2.073523394261991 0  3.818990957334292 0.4652461297082069 0  5.659086624135837 1.567116926618157 0  5.623429727889326 1.400783388581865 0  5.818377284647169 1.431100532627824 0  2.536194369417802 0.3723523313537083 0  0.9598075003889011 1.910096555609102 0  1.116357621244191 1.887757865854087 0  0.4375 0.08394125532171773 0  0.2904192075518119 0.1003819140028692 0  0.3831438092168821 0.2722190794883043 0  6.035324682900892 1.607576257915124 0  1.541437430940111 1.284340881135601 0  1.034268684790919 2.294126793175852 0  2.39728476124401 2.00370257969557 0  1.604478862726817 0.8036186887976408 0  1.700380157992019 0.7405383815951124 0  7.533304507250302 1.83051963400785 0  5.443072392519896 1.544217975666404 0  5.283424743211344 1.596638920436511 0  7.738519858556257 0.1075736092255383 0  3.375225126555436 1.44706449632502 0  7.646261129932051 0.2408526543422326 0  8 0.09375 0  1.844538690528478 0.2120948048497861 0  1.700951229412435 0.3068238098265918 0  2.4375 0.08399776188044657 0  2.745506372952284 0.7004474575509892 0  0.09692797831604104 0.5179664154525516 0  7.503243949007676 1.566556474923645 0  6.221316382166256 2.399267826211184 0  7.877194534944061 0.4584514489741467 0  0.5975727576984626 1.819372961532591 0  6.569488351003839 0.7193832089164415 0  6.405750216309992 0.6430758568802 0  6.384777141237578 0.7940453667142305 0  4.25248146358316 0.1046177073348021 0  2.682074186657357 1.117711264979664 0  7.213350931955985 1.307776154352444 0  5.9375 2.916678421025703 0  3.063853863558247 0.5152180339096244 0  3.164205151154851 0.340582054502619 0  6.012124884431176 1.903551032388281 0  3.649590537972593 2.240106490254274 0  2.049440084453229 2.116526901416493 0  1.945037039427789 2.076501955642657 0  6.963773275611608 1.203660748405455 0  5.45585248703224 2.05692388576993 0  2.445023817695102 2.539067346718047 0  1.323277175906775 2.61050875215709 0  6.626993330946213 2.545558949020112 0  5.290320795070048 2.270961819877563 0  5.535147427966051 0.2291185995451662 0  0.5826814801133047 1.60111720480086 0  0.5857773789957211 1.461604057911193 0  0.4222206389699489 1.449932461340162 0  7.100485134003075 2.73501031149188 0  7.1875 2.918057244555717 0  7.031115267578551 2.894119243377879 0  6.294617250233984 1.142962626972593 0  6.459292034230204 2.899634592959521 0  7.319566585274925 1.559841203776952 0  2.190824535727728 0.6403849702520716 0  2.288585549988215 0.7578045515569756 0  6.875624433479469 1.609991798993821 0  7.016249284512593 1.760034071520385 0  7.004889769399196 1.609536740890605 0  6.857112737509299 1.890535006308225 0  1.24222621254854 2.731918652304732 0  0.1127379673739122 1.317882139915306 0  0 1.40625 0  0.1009055369405309 1.471527079114694 0  2.5804967507939 0.8204793163680661 0  7.362242344142848 2.286769324340256 0  5.960727407660243 1.492824827150629 0  7.765119491745875 1.398226816768785 0  7.897954839491357 1.469121734829234 0  1.797990561949918 0.9132681183117395 0  4.523106015748023 2.38759075659986 0  5.365441549238549 2.79201164780948 0  1.083190080804371 2.904222599255063 0  4.810932859269886 0.7441883325912284 0  8 1.03125 0  0.271822853183153 2.0102154950007 0  8 0.65625 0  7.727738186085786 2.76849879455092 0  7.913903024085222 2.680625173271747 0  7.900116657070443 2.78366829711193 0  4.79726083631099 2.175850957376325 0  6.241032323287778 1.676580191844842 0  4.305079636472243 1.596307244108104 0  3.760174035733564 1.599160797022994 0  3.993325750531711 1.600090694908127 0  1.755684454541345 1.801108556186032 0  1.961895858636202 1.763581683828262 0  1.39517723267123 1.65981112930636 0  1.176383504466828 1.047535311549403 0  3.360748206562839 0.5943177406670094 0  1.212667469615655 2.423988690002462 0  2.147061383613445 1.113933813265409 0  7.522003375258582 1.945886932473825 0  6.064373571554467 2.754807911760983 0  6.319922833055331 2.612451185552668 0  3.9375 0.08364069962294426 0  1.861372824032304 0.5807850968626395 0  1.54884685181018 2.010813536169947 0  1.621658927072362 1.868073655673604 0  2.279084008401269 2.761678156955189 0  5.342921806979025 0.3069721137600788 0  3.093191007394509 1.292861839138559 0  6.722717626244099 0.7935695476885302 0  2.911243218597301 0.6492200360577208 0  6.955636217503009 0.5780182254631375 0  6.158884476465983 0.2415633898041027 0  1.368954542022966 0.6431195801909744 0  8 1.78125 0  7.903294639868017 1.828429084641463 0  5.745205319864227 2.247628530924866 0  5.859351367724945 2.335111943975741 0  1.086782784725224 0.6420253908852914 0  7.143970253181424 2.169909908925217 0  2.881442112754915 0.2020290740467517 0  2.681744651832219 0.2496543635921425 0  6.678202655811234 1.871833501211036 0  6.539746586366713 1.78344202190076 0  6.470084269450818 1.870003000363762 0  1.313415147722573 2.920150838946378 0  1.115034364486051 1.324527374598897 0  4.863970818704733 1.883531503598393 0  4.273459558661683 2.000549001184423 0  4.558604873126659 1.711067228777502 0  6.736959176950617 0.4683299387188804 0  7.473772100660388 0.6961154885147377 0  1.540092167824917 0.6038356617181624 0  3.293959716707052 0.8496277933507113 0  3.203549818814895 0.67297198460064 0  7.793611281051744 1.614138502090702 0  0.09123383514734229 2.484375 0  6.1875 2.921498479698843 0  6.042490640817966 2.905567769770176 0  7.238109814615268 1.113749871507195 0  3.313767928887327 0.4899873861505541 0  7.159414120312202 2.514947924012518 0  4.623093033235596 2.104325449757679 0  4.472200943350128 1.995147412946142 0  3.432539814493749 0.3974789156776393 0  7.414028166765067 1.384019148930589 0  7.329364243220835 1.439486110039065 0  2.851324074314312 1.611359429684587 0  5.568878878749746 1.2 0  3.999558037924533 2.788229759332124 0  0.8985920373174647 2.809156269574113 0  7.272609277563602 1.757622112933305 0  3.31690549035859 2.665726419941212 0  4.69789195744286 2.512025114823521 0  2.678050724496565 2.490852029808969 0  3.562577929900679 0.9775942333246816 0  5.149307396936676 2.007211971092441 0  5.091841545394757 2.200182242716918 0  2.331064925216054 1.752919619062504 0  5.973399615726916 0.6921535238436128 0  0.6509893148946886 2.572472789120179 0  1.096675730594472 2.473056388753846 0  6.120109499908411 1.7615271701212 0  6.160385323683697 1.559833022332932 0  4.271421173548505 2.839135126643934 0  4.010676564127243 2.332891606085564 0  6.446119743862134 1.640928693887533 0  6.354840456473484 2.453113433077127 0  6.15782003739367 2.722109117793404 0  3.286736305498128 2.480877268640564 0  6.322900980182292 2.106488880266399 0  1.57001513669954 1.07804471207098 0  0.6331471101177533 0.1552114135791789 0  7.782670098912364 2.412747475971952 0  2.460789959025929 1.484569675593344 0  2.485976657021241 1.623548777266443 0  6.718114033255929 2.062968023408555 0  7.772503478852051 1.960957764423331 0  3.683387404302324 0.804102517782066 0  1.12006604900956 0.1030155922934198 0  0.67363565688163 1.670294006923355 0  4.690599416128133 0.2205193881710827 0  1.020626284970311 2.651921119256777 0  1.040021525896948 2.751348099609207 0  5.65744651873486 0.808452059182277 0  5.594896903984797 1.001608478726609 0  0.9432959627838492 0.6355811122945417 0  0.8180289170004333 0.7904566173166203 0  1.605408997650522 2.239363216392265 0  4.19309007102407 0.3000996490853904 0  8 0.84375 0  7.912393048128011 0.892383133363478 0  0.9026194147169038 2.424804869287898 0  3.737207519919988 2.569232144354566 0  1.630432286273682 2.075335443278343 0  7.717935395675371 0.3733233119154324 0  2.609304691671097 1.975858936961763 0  2.483447601621747 2.141661407276032 0  3.73794781272025 1.398234153022249 0  3.998732747934718 1.398234153022249 0  4.246460826350811 1.398234153022249 0  2.374762908643027 2.608860902430857 0  4.352159434746472 2.535209151322032 0  0.7830943472304006 1.836921891288682 0  6.340357765829439 1.768314951627208 0  6.286384735341753 2.90316123081624 0  6.156756836955626 1.055824762643827 0  6.28187672840642 0.9494117052142168 0  6.457016889276077 2.799786832425449 0  6.962849016371243 0.2097806736900735 0  6.981335076719913 0.1048744990328112 0  7.090917462438025 0.4878352313208907 0  2.187517133387697 2.221861898933487 0  7.55793396316264 0.5844778744210892 0  7.586031598051083 0.7816613526592121 0  7.672652172098874 0.6869062162168991 0  4.884779768121913 1.390043185997464 0  3.073770719060808 1.106259079473162 0  8 0.28125 0  6.253837203799748 0.509530487871353 0  6.198600616879242 0.3815115035522544 0  4.007034897428434 0.6520548848790924 0  5.065255950856615 0.8708158002902611 0  3.561562173118635 1.575382699274933 0  0.9215836601349168 1.607583521632144 0  2.39916882409195 0.4537492305514245 0  5.8125 0.08080456652774863 0  1.363900486074189 1.07494205381966 0  1.454276410757645 0.9507073646382495 0  6.834349334598343 1.333010289547214 0  6.742808206294038 1.141443245115863 0  6.86584653588437 1.087996908265203 0  1.826306311553777 1.305025849409621 0  3.856409709824543 2.131937248579758 0  1.149476368117958 0.486209506909652 0  6.948536566202853 2.303419131196131 0  7.055128497229535 2.35329556852107 0  1.809592308232209 1.718282907799283 0  6.287492282462892 1.590610646539163 0  3.985311650044009 1.974216629453864 0  3.576363895559327 0.2701454837344791 0  5.496950241001941 1.669303922896174 0  5.48733044746829 1.85847513183068 0  5.378705303136221 1.730411710191443 0  2.012671602094835 0.2158769202360481 0  2.0625 0.07556935671429763 0  6.604030343990125 1.439633587769067 0  7.725081238686466 2.511292123600813 0  5.794263907784839 0.7433040596099276 0  5.168018111381191 0.872280671573452 0  4.359096386950783 2.74646559008099 0  8 2.90625 0  7.768316642858029 0.5598338968708128 0  7.675004871716758 0.4608985898433672 0  6.200468281050933 0.8337568085387113 0  6.738862157809538 2.71217088237477 0  6.857591052916535 2.762036444034966 0  7.512254431486165 1.449954074157544 0  0 1.59375 0  1.97333906534807 1.170040345051354 0  0.4730321341370344 2.494617070267512 0  6.59663846608921 2.65970687620087 0  7.337324960844201 1.938512795454847 0  2.818361482020096 1.014552084777642 0  3.862119391746367 0.225839888741432 0  7.201420627301969 2.655550740604718 0  4.557438239363038 2.781223171944348 0  0 2.90625 0  2.258442886395639 2.148413005963044 0  5.848946489103709 0.8516351738042551 0  2.583526294550639 2.9103247750232 0  0.9068613387986675 2.907058602866735 0  7.391280272126385 0.8056735312099073 0  0.8532698348322968 1.698824338710627 0  3.280637692749078 1.594419789312622 0  7.356957584285888 2.802128116755191 0  7.381329652534933 2.899664331442067 0  3.703493509778943 2.910344892055079 0  6.492275041787443 2.498261291702202 0  7.528876791501734 2.161571079587837 0  7.561771698377863 2.256204707407966 0  2.752690218517516 2.622439033084262 0  0.9776221199002709 0.4047905652651152 0  1.196532625712679 1.702601540337478 0  3.155910568035945 2.429168391793231 0  3.085210699642247 2.495471439694843 0  7.119551691473506 0.7858569036500083 0  0.09794781324293315 0.09413875099057752 0  0.2505276745320654 2.490117425193743 0  0.2127591704265502 2.653323265787563 0  4.642727959266905 1.372646731892076 0  4.763898597830081 1.53213945921027 0  4.765553555962064 1.372646731892076 0  4.430491804259558 1.395751419134104 0  0.3141260596431921 1.423476812498378 0  4.317962791353508 2.922946551411773 0  4.509078825021966 0.8805472693957453 0  6.410084112278667 0.8861784595015602 0  7.288034416414204 0.168700214120731 0  4.937978355325142 2.626400367360346 0  4.678374519755526 1.747231984985043 0  3.48838988922616 0.8616241910376294 0  7.109447957353218 0.09494598580097528 0  2.436879976999814 2.4366347243189 0  3.126545497036257 0.8043836355153954 0  3.4375 0.07192872006246116 0  3.302524848963692 0.2068322426215571 0  4.6875 2.928110635497228 0  6.457296076899183 2.195557931292168 0  6.531113366121587 2.371384819015509 0  0.4667500142545936 0.2246307010825277 0  6.103013243399378 1.21788526823148 0  1.839626853250659 2.768795918634981 0  2.033673227119472 2.764577917529892 0  0 1.21875 0  0.7418879630956744 1.032059163071779 0  6.531480165210171 0.4943719214836885 0  6.875378212744519 1.760529985775051 0  6.589354635341951 2.278719793130227 0  6.324927105523373 2.75714692393935 0  4.5625 0.07137884291351934 0  4.6875 0.07137884291351934 0  1.637568071377401 2.768902903228927 0  5.285806922930781 2.446902842528454 0  2.883355046968711 1.090712269808594 0  7.626213637022811 2.08429512741078 0  7.61102198088571 1.987298146236555 0  0.1373975218765179 1.87842878742663 0  0.104522322976952 1.132239932917589 0  0.1966070815742866 1.103330377791061 0  0.08583032437599797 2.580776910324739 0  5.779222724998255 0.2703614599376969 0  5.914720855147966 0.1957367563787963 0  6.401086385151154 1.43118651926767 0  4.110013220115314 1.971305315294162 0  3.899559756217215 1.371607580233119 0  5.916372044180457 1.943348954403297 0  2.196228297992859 2.34878394006843 0  2.358285708737974 2.209589073833995 0  0.3345744028887838 0.6296352670274893 0  4.396024643569203 1.01938839812801 0  7.906920646768208 2.458499995845115 0  3.073222977415901 2.272781905722395 0  3.10494467121826 2.174292139533775 0  3.955712434720448 2.259444708376576 0  5.670034738769728 1.9005260790145 0  3.385672348094105 0.9380865834943388 0  3.468925193614089 1.052976996451165 0  0.5638946475819329 1.306341736651419 0  7.653934067889317 2.276651208054223 0  6.8125 0.07066851019034839 0  0.09031962176944409 2.76850246504498 0  2.5625 0.07122167894893977 0  4.980827504716309 0.5883727904244379 0  1.016498654031572 1.159985401163629 0  0.4375 2.929423029763607 0  3.044085964443497 0.3264293981361081 0  4.201352496602373 2.631089712388886 0  1.82005613152532 1.063879878187019 0  7.916941854657348 1.923781077674159 0  0.7936455723533754 0.6332073057938641 0  1.224384258660053 1.610907705659851 0  6.761760355541242 2.363883739850509 0  8 2.71875 0  0 0.28125 0  0 1.96875 0  3.28125 2.905572932769854 0  8 2.34375 0  0.71875 2.828070257088578 0  0 1.78125 0  0 1.03125 0  8 1.21875 0  8 2.15625 0  8 1.40625 0  8 1.59375 0  0 0.46875 0  0 0.65625 0  8 1.96875 0  6.067165563888064 0.215539779297424 0  6.0625 0.06987277489081267 0  4.638527179079034 2.645740205933195 0  1.38130704365971 0.4942437625241589 0  5.472508404274047 0.7318335500295096 0  4.869101582837943 0.2996188507403187 0  5.907322243436551 0.08957357871807331 0  2.952671343790677 0.9083986822644098 0  3.14921066640881 2.335303346354846 0  5.14394856888552 1.026540073654911 0  5.913588027947492 1.190870144963291 0  5.923658948364509 1.755180576355868 0  1.696770943357148 1.546353449175736 0  1.793347949438551 1.565923391067237 0  1.511231834400621 1.587949417975061 0  1.641411020584983 1.675397100422659 0  0.9468388462233163 0.2074790098079332 0  0.8046851113067388 0.07644411353920032 0  0.957232902789277 0.08717612681264811 0  5.205353996632367 2.134798789728894 0  7.368583739607534 0.6145962901979218 0  6.356911931558992 1.039706275167189 0  0.6745976137486096 1.764728656903689 0  3.339335776929949 0.4003140038695265 0  4.661281002990003 1.902357772767958 0  6.978429639179912 1.92485039139275 0  4.14827888488368 1.36899941824168 0  3.860627862069691 1.968934237263798 0  3.713404676199362 1.987182643379406 0  7.213594524021255 1.401931859808412 0  1.968976442310189 1.019025483710753 0  1.101124632468346 1.470270413613261 0  1.021145665058996 1.304123639104771 0  0.9638066912962581 1.447705877516747 0  6.9375 2.924798568019703 0  2.08983110077327 1.489719159296767 0  0.4848018134148328 0.3850143734391179 0  3.414030901467628 2.514280176224414 0  7.440164626449387 0.4866703789008998 0  6.524792486188126 0.9501272656632492 0  1.984139148331917 1.459287166345533 0  3.525007069706573 2.905979492050751 0  3.893791730777023 0.6280686432062141 0  5.719898831086308 0.9244578186579724 0  4.158742798388745 1.014984653286787 0  5.260176634537777 1.02654007365491 0  0.6930765120001758 0.4562662727764571 0  0.6144739102679536 0.3318915388379418 0  0.5516125966346396 0.5037973704591958 0  4.791352006581757 2.507655105291183 0  6.845655357375941 1.506627920433552 0  0.5294392258128736 1.117785751872591 0  0.6426258850944035 1.175151266828067 0  5.661531705534088 2.289906557956161 0  1.517679785079291 0.7685553722831504 0  3.267079624864651 1.501121097638026 0  2.445099213368811 0.8478555266462831 0  3.518155402629356 0.504531187234492 0  0.62370362348043 2.311919217532605 0  7.019798647493813 2.045836561560531 0  6.844673018201247 1.982227635147702 0  2.092129168427583 2.375714280528822 0  2.09572969155377 1.316779323285897 0  6.802408103177894 0.6218666042210719 0  6.083376399334426 0.4255219330637768 0  3.711305029523368 0.9167543951114084 0  3.021649938980577 2.686821982281372 0  4.332016944150606 2.346086622139952 0  2.564521612295693 1.320441634509078 0  2.448000693702296 1.35274613677846 0  2.520294369374573 1.182525900291556 0  6.98078381944122 0.389868580093865 0  2.141339977048055 0.4309214613405296 0  7.687480087212153 1.465921702055714 0  4.089191709820671 1.623024229658137 0  2.822205859297092 1.196152804611573 0  5.42829672411224 2.622895907541989 0  5.846177709462664 0.5393323545636758 0  0.7764066682651098 1.527227337900384 0  0.658914431447467 2.74390389131386 0  0.6875 2.932976458875736 0  0.5625 2.932976458875736 0  4.92470227119182 1.566490866072979 0  0.1875 2.932907076201361 0  4.877000346774125 0.8866264121708545 0  2.6875 2.928279419722051 0  4.792991155593968 2.343755453607734 0  4.933531735945304 2.300319193142601 0  2.602548328750911 1.623548777266443 0  2.836589827410544 2.664683729119651 0  5.221802003057581 2.818062554221803 0  5.351466282747551 0.2156285452251422 0  2.235237971797876 2.057900920844151 0  6.712064975392174 2.511357211052465 0  5.075695209487878 0.07954045732775633 0  5.585203121723065 1.506228859402412 0  1.982303940683921 1.337852889792333 0  0.4355514061701899 2.163425600589793 0  3.110895374429846 1.96635507079414 0  6.80082563397166 0.1825005251250603 0  7.033227879683906 2.800363578686705 0  6.551559102504365 1.986067986305307 0  4.493695753754257 2.147942673820353 0  4.226495209482639 0.8363589818154281 0  5.246444788528749 1.498280773462273 0  3.829976163040958 2.426234120555432 0  5.672801788696654 1.32264630161467 0  1.513260407803162 0.3415054081737559 0  1.972948068620277 1.6338681180234 0  3.19539100547978 0.9753834314026034 0  4.86430689314347 2.902524163424073 0  0.08095018824796696 0.7998212589894214 0  6.43295693340404 1.342794072978804 0  4.123221216714893 2.51493261758512 0  5.613367108715264 0.6916139350747929 0  5.562651242275392 0.5645391808721045 0  5.448115360981497 0.6154168736279335 0  7.592457506621309 2.443808532111891 0  6.958686173305455 0.8760177202921924 0  1.641803187402062 1.261186466312886 0  7.909009196275774 2.551747601707691 0  5.822477611950617 1.840345489084497 0  2.618416242246414 0.9158131152970912 0  4.804545988379034 0.5249714177417735 0  5.088748827305158 1.584058728890831 0  3.100074598495537 2.584656930100905 0  5.68342213877243 2.436956294131194 0  3.217047457702576 2.14827950096174 0  1.383424967227736 2.447416198972133 0  4.148657653590757 0.3942541548503712 0  4.319288250218741 0.4391034048665245 0  4.014127227325931 1.034820011337821 0  3.729609076670124 2.278967977386307 0  0.5625 0.06791649170537276 0  5.872446972938326 2.758232413309378 0  5.799453676636413 2.92429406248323 0  2.197022126316528 2.674259683209212 0  7.436017194517561 1.134455008690057 0  4.888906980569729 1.035070435861779 0  3.858909636279025 0.9283339729558294 0  5.885422761643207 1.013067241704087 0  2.989657389538904 2.323488726283585 0  3.851276198701755 1.633943806151641 0  3.61081156005653 1.966909736839776 0  2.1875 2.933504837461347 0  6.380605639073664 0.4839529149807837 0  6.242501737674612 0.2087262616546192 0  7.469913183151868 2.915239156832572 0  5.84283251015003 1.622207204341567 0  5.737527224553686 1.734527591555516 0  5.752538366454665 1.554598246460364 0  1.322027687153204 0.3998717091671399 0  5.877957671194699 2.124045266357549 0  4.226830887900486 1.635787859377723 0  1.893780797415599 0.6935932293549744 0  3.320362369607047 0.07192872006246115 0  1.304673342195757 0.0729412013019467 0  6.470924372724848 0.3365237758733227 0  0.2230124024505562 1.497884769203479 0  0.252484213116242 1.590417395847221 0  0.4095897995998748 1.56274320942363 0  2.758811224152045 1.616129850764715 0  7.431178957431173 0.3119053728886225 0  4.570503188039422 2.928110635497228 0  6.722842037449531 0.9723801547729882 0  2.490325122829207 0.9975698815447835 0  2.960282045589805 1.985911656607166 0  3.4375 2.936173436666611 0  3.33325930451453 2.788192464281727 0  7.351865173831201 1.237139893334231 0  0.6446505584221178 0.8855531100180245 0  5.700715706458082 2.088443437036823 0  5.804784670027919 2.018163825738184 0  7.56637577514991 0.1933321678555067 0  4.530098838294211 2.274916280300152 0  4.647605300419427 2.242681150440689 0  4.045478493405471 0.8895148948213145 0  6.3125 0.06374198167516851 0  5.4375 0.06347800153815228 0  7.003414450036743 0.653591209526557 0  0.9879326462190275 1.01471643144144 0  2.73966645100453 1.966908756479256 0  0.5059850543586404 1.650548149540075 0  5.310036160389243 0.8881807239896864 0  2.623165046383304 0.3532667521903268 0  5.214005610125476 1.647287220375263 0  4.8125 0.06403226018747171 0  4.4375 2.936935582984435 0  0.338034497989231 1.616304867968719 0  3.177004546584398 0.07328547990986532 0  2.314357106480755 1.112008745932205 0  2.320544141319933 0.9364671547529843 0  2.426624871113001 1.071762391735118 0  5.408508679171771 1.021356549622123 0  0.302229562160009 2.928179407678475 0  2.003061842977413 0.4737369992275611 0  5.013762269907963 1.036824424707381 0  4.761761730396628 1.035025241151645 0  7.18641039814458 0.5811290497767877 0  4.417353670778922 0.0802399247512116 0  7.3125 0.06281579150172226 0  7.4375 0.06281579150172226 0  7.435046274985521 0.1908631922390482 0  5.1875 0.06304789085514551 0  1.532588522096894 0.08258608183153317 0  5.398631044227238 2.128189710457612 0  4.030486866024284 0.2601932419275312 0  5.5625 0.06262716789865827 0  0.2047537030493306 0.6581086124201997 0  3.282156464281838 2.060701656702309 0  7.289379024362283 0.7458091583773826 0  7.202981223575155 0.8208562063832382 0  7.145745781443932 0.659646759218076 0  2.555220457963094 0.5185822078861926 0  2.657321378771751 0.5257636070054308 0  5.574530172973241 2.16594986791617 0  5.483756516909462 2.249844523221227 0  6.124600776376344 1.95172853188758 0  3.615359648297598 0.7529445314905653 0  0.1821965837729455 2.005243435145474 0  3.005477295953489 2.447882726287848 0  4.193719552275512 2.128633659521696 0  7.666426086585169 2.704056630794662 0  1.397273539786186 2.272046638720634 0  2.487818334572237 0.4469494614637892 0  2.821639837696948 2.477567359540378 0  2.922328895134 2.558953448482838 0  0.3230110026389821 1.74455797856409 0  0.4394433600872484 1.876231279386855 0  0.3069388711755709 1.877658084754552 0  2.035632720791814 0.8145782365611823 0  2.023844824988051 0.5678754515561208 0  5.441718827907521 0.1969265759793524 0  1.454946710161708 0.6253219382497535 0  0.2123218150564705 2.179344408183339 0  2.961042224675765 1.405034653155569 0  5.721581009625557 0.1737900728501733 0  2.993621121250254 1.7 0  3.867693048497706 2.277215150129943 0  3.957612747456233 2.42846073770605 0  5.219143567439016 2.65664996214346 0  0.4223277101202286 2.799481014633683 0  2.134584190612981 2.825373751879474 0  0.4369248145018058 2.29295290307351 0  7.924892979553457 2.2985699750638 0  1.202324306430809 2.33692778319853 0  6.106905558615853 0.5641027395544115 0  3.39688032958583 2.630286872584581 0  2.492780349910858 1.975836741362255 0  4.805182060887159 2.647959153668921 0  1.914429557295503 2.379900401751928 0  1.968842800556949 2.49145401155095 0  2.25760874612643 0.5697500409823147 0  0.845351492204748 2.730030623660627 0  5.563667772975692 2.511178924337986 0  7.777638878061933 2.110445433110875 0  7.909690328186262 2.08304767582459 0  7.926475005738729 2.203125 0  3.708799601965809 2.393328400980859 0  7.041367080365742 1.344798052334959 0  6.471704790615359 2.652053116394546 0  6.242435497041489 0.6723788053059971 0  1.386322939684208 1.257625194642241 0  1.285324575884945 1.240625612243285 0  3.293914499316829 0.6609480101730402 0  0.5439928275432049 2.60574139577489 0  2.174758947602489 0.243799875761569 0  0.7258684921999785 1.354696170790318 0  0.8431753713529523 1.398341188103537 0  0.8859756488393529 1.284280396842944 0  7.720804625443949 0.8618083757003288 0  0.3606987188958348 0.7547506272795111 0  0.2280389125159805 0.7791716292498474 0  0.8381999474665677 0.8754583998440874 0  4.876547954698597 2.483463912470453 0  1.224265585610512 1.48000742203936 0  1.249292695287775 1.363924692021824 0  2.540602845731872 2.268923598997505 0  2.697503276738287 2.226270682569525 0  5.190178014362216 0.3548817990513147 0  3.006798787161713 0.4438656853755374 0  3.645772861967639 1.371118808039497 0  5.346911899997685 0.4854106146184713 0  7.158523955613401 1.469206474866551 0  4.860204380773581 2.116853969236685 0  3.303280139849795 0.7603199194491621 0  3.461705461740037 0.7114091892028053 0  3.813924630230146 2.529046507956041 0  7.925098030494726 0.796875 0  2.289127129140451 1.402639956904299 0  5.995434009582019 1.149994198380331 0  2.988063031807996 2.113684607431441 0  2.235127480826168 1.251905609673368 0  7.71374350577832 1.889930800892549 0  6.632387122300174 0.5498760617173001 0  6.541153506096267 0.07622065561992938 0  1.333201345509793 1.756379606966399 0  7.927646059899527 1.265625 0  7.762298353472244 1.238215795110846 0  7.807343188734045 1.148882656009764 0  4.601976503822183 0.3375515334603 0  3.362664113960385 1.634603126539354 0  7.522857517904623 2.553757150536428 0  7.422661947133648 2.550119627499158 0  0.4834114638369423 0.7435748352612201 0  4.963125121790016 0.4195662948399823 0  7.5625 0 0  1.984454380525471 0.3439220768353161 0  0.2153534723903383 0.3678478746864241 0  3.571091806087661 2.783831950754585 0  6.594058998360866 1.261561684800554 0  1.620832852440367 0.8907680682933605 0  1.686825836129002 0.95449291315519 0  0.5771823139105412 0.6519630181396167 0  5.298309169160086 1.793643416594203 0  1.658746802782277 1.090371828955042 0  0.9696358796363878 1.995296587452748 0  0.570444797913455 2.051515965848594 0  2.099302156207708 1.943278764532077 0  1.948879622870061 1.98314994700086 0  1.063002241547128 2.055152681741898 0  2.826480482609453 2.10237163528784 0  3.400121056052817 2.104959699743052 0  3.447006582431522 1.982107062655328 0  3.508955695667339 2.134398918852413 0  3.571297558844671 2.406604369636059 0  3.475562427668982 2.24879315761966 0  3.332493132094599 2.354464516707183 0  3.457760125831033 2.375445337496067 0  6.396703511611092 0.08379272889334591 0  3.745275024989521 0.6293694730488463 0  3.651492834199253 0.6280092606990242 0  2.323377345668476 1.197568739572028 0  3.840379499640077 2.813455387263452 0  3.9375 2.936834029410925 0  6.705802293399 1.490159210453656 0  5.981066190072811 2.063649870931859 0  4.970566222394092 1.976771728883831 0  2.07873108502544 1.182880974271688 0  3.306500388730911 1.096666165538852 0  6.266932082409116 1.411068026399718 0  6.253453004715648 1.326222200062736 0  6.372761417428903 1.273965663166329 0  2.135738327383015 1.706185104682808 0  2.216665230194475 1.814567171097792 0  2.199797244853161 1.643601903966048 0  0.6663914186075275 0.07564687698011124 0  5.175161556831526 1.386635642543475 0  3.995956409190931 0.3837232618954077 0  3.841693121352808 0.3795946244135892 0  5.935677849587655 1.574557140223033 0  1.505264088772192 2.713943081976683 0  1.423377550526668 2.683361528407251 0  1.503786671187972 2.545095453730494 0  4.493546046248106 0.3137655127904348 0  4.556925726741684 0.4735286069949102 0  2.405614839964164 2.915096541438265 0  6.259156163868924 0.7708416386186143 0  4.687419715343665 2.364958731023313 0  2.663222211903218 2.128639501365681 0  0.5948270856476002 2.155111371579116 0  1.377867827155949 0.9901129164587297 0  1.430145708860947 1.128489693570206 0  0.8819787058392409 0.26647698002496 0  2.437173772049345 2.074907641472898 0  4.79578159724732 1.811351529280806 0  4.837848866914883 1.701756703220573 0  4.948095854524858 1.775156294720049 0  6.273692384236073 1.866709534803412 0  3.470906912811192 2.671667294909469 0  4.556788940320311 2.465150355653115 0  1.651762372636705 0.2335304548697186 0  1.244221078675538 0.257710231736962 0  1.290225981746264 1.116664586229074 0  2.977315996658489 1.242611956719599 0  3.018719605221953 0.1540389991027192 0  0.2637264942470042 1.156574480036774 0  0.5418328667548185 2.338959134925489 0  3.623765833138248 0.08413741415821495 0  3.118621121250254 1.7 0  3.140798948087333 1.610905806242806 0  1.039102153423063 1.737901452273383 0  5.966137124273737 1.322838982811694 0  4.608785946181684 2.021908063237655 0  4.706974841407737 2.081477288482986 0  5.509065072081005 2.672062149992066 0  2.2612725225848 1.04165895509627 0  2.868621121250254 1.9 0  0.787924309954898 2.077808064760887 0  0.6651347427904041 0.757279285127308 0  5.061881223534413 0.5622219582805413 0  1.54014098343822 1.368887428469725 0  0.6687658546366559 1.44987697005156 0  5.040013035042912 2.132547095655862 0  1.143728851716121 0.8592950037264828 0  1.225695951876422 0.9458164145144881 0  1.225743187946043 0.7679462869329023 0  1.37058896025814 0.2403483655049782 0  2.603093134773431 1.075753803127663 0  7.13278390035718 1.284869439511162 0  4.440012733116105 0.8388127267046219 0  6.80605003843515 0.8012248534573162 0  0.0750457113964008 2.381567330780505 0  7.476403914429177 1.762289058794261 0  6.325502055117382 0.2508072928929728 0  6.410707634488651 0.2305322554978865 0  5.81402383590121 2.405412728024698 0  1.120253781243249 1.128089226718252 0  2.811016650971687 2.350719601222298 0  2.937521033886362 2.262827085518266 0  2.222929244706431 0.4078246098402856 0  0.06962299032950192 1.640625 0  4.942540327359733 2.936802825201075 0  6.1875 0 0  2.023975451994666 2.583894367952221 0  0.4007342579071657 2.673279551035115 0  4.610980924805744 1.017829191800671 0  4.675954036449627 0.9018396480502082 0  5.984152052372839 0.7777009928637204 0  2.574251037388934 0.9868297162298787 0  4.780857357276593 0.6706780716683188 0  0.766922584800406 1.918672745839913 0  5.285588642980547 0.5963631095000672 0  3.10323057311178 1.520768556084691 0  7.043717298795256 1.173097113584735 0  1.250135824083734 1.766569668324471 0  7.925837144947333 1.175770085341056 0  4.290019224620712 0.6744937790512174 0  6.656255310150569 2.223997219817838 0  1.357325327289935 1.494787675977648 0  2.099211770432989 2.187218451439356 0  2.153282758311499 0.5643201835050771 0  5.3125 0 0  3.73538805211143 0.3604322840104751 0  1.055175630162113 0.9628668073060759 0  0.8325490670965009 2.335526915494322 0  1.897592642531473 1.703697394814828 0  6.681443534444663 0.8679884918625135 0  5.506378878749746 1.1 0  7.525726403935964 1.230156700387715 0  5.270042444053661 1.872189246703479 0  2.183881396341149 0.8289200000985633 0  3.456034991158185 0.3161971042041237 0  3.405299787139211 0.2273525644873317 0  3.290635201366434 0.2894835234469483 0  3.900763308075668 2.648809987136699 0  3.7883144430931 2.694821282733257 0  1.499073507509734 0.1952797623197878 0  3.254080346010209 2.557391065066522 0  3.0625 0 0  3.159751496645717 0.1903113983934466 0  1.487678737223815 2.857538711310123 0  3.074656034666928 1.371974641856134 0  7.785618936446564 0.1978099004555539 0  7.8125 0 0  7.92826941459534 0.140625 0  7.3125 3 0  5.280175268619529 1.977460251658942 0  1.577998988648535 1.731823398799047 0  7.820151255553744 1.297687167053129 0  5.982843192617808 2.235994785634789 0  4.960016347383671 0.734992922026185 0  0.08244455442305457 1.211962841831529 0  1.160426245614814 0.403287218903865 0  1.108549373527454 0.3352996624263377 0  4.169439629961936 0.07582812944484035 0  2.728445347373294 1.05136408325446 0  5.694795119376257 2.597279542354551 0  5.71617037514213 2.6959959741263 0  5.849124118577594 2.664809806806854 0  6.001604814119958 2.635975296732161 0  6.106872406147049 2.570316128192963 0  7.91072688407523 0.6405983235075016 0  2.711710574234564 1.498603200813288 0  7.806056319198093 2.803650979429805 0  5.302974636339569 0.7444937640238234 0  3.126304025286187 1.220713395707305 0  4.703609093603182 2.815782188821016 0  4.769277573268838 2.920127076747393 0  4.87164161832283 2.799113208137225 0  3.07070399754051 2.101746663720815 0  5.961474920347572 0.5424295069086382 0  1.4375 3 0  1.36060140781808 2.796659372865528 0  2.999551798259168 1.132875815261218 0  2.900566409447618 1.005660152405248 0  6.12100134752566 0.683584141580184 0  4.463149915297422 0.4423916871806303 0  3.256357882168146 2.826933432317196 0  1.566362440518438 1.515963136235319 0  6.37461750038467 2.187252723800814 0  5.077070458300278 0.7322713523312714 0  0.3558486016220158 0.4525066291073411 0  0.437330791220723 0.5540862380263576 0  0.2714915722811924 0.5213130368507588 0  7.792817659800154 0.7353183710921353 0  4.630060948505491 0.7494816289774497 0  4.728841347612303 0.8032941729002467 0  7.111051337850306 2.29221227903491 0  4.53638533369152 0.5898942540022638 0  4.514778106574926 0.7089215346211056 0  4.423256287084516 0.5776735368780724 0  3.8125 0 0  3.854186194301463 0.0807247094214191 0  0.3741698560590344 2.552684115250591 0  0.2652818141752235 2.573924833220075 0  0.2823907990661295 2.69730812224181 0  6.614601193139192 2.379112697294451 0  5.476817376334703 2.78887231472041 0  7.506254766051202 1.092099438300755 0  2.727553877371656 0.08463742735027102 0  2.568639711370718 2.351468680065376 0  1.249303835158431 0.6213303038536842 0  1.091707785475696 0.5595605934113552 0  1.226997651664484 0.5216274580016637 0  4.021919385098785 0.08155084685005108 0  0.2001853701890942 0.4804877846779665 0  3.528786667211384 1.979451792567924 0  0.4247319879192331 1.747907583476044 0  2.019536437489484 0.6706248440396585 0  6.871585347884987 2.453112631471638 0  7.644134101693819 2.91425780435481 0  6.951991379171657 0.7478550866486027 0  0.07579660747966599 0.970835036301514 0  1.434864390852454 1.982816087307661 0  1.310030099474306 2.019023344219416 0  1.416882501502239 1.887767929264837 0  0.296566452030767 2.315638148089956 0  3.623271610378293 2.139783800551044 0  7.701934443887359 0.1808196666623778 0  6.332956441028084 1.480258049043871 0  4.475278280861979 2.653016231622874 0  7.406682944464268 1.300533733268938 0  5.077010819239383 0.4414625289317751 0  7.637245148068336 1.111722834728885 0  4.022512794706458 2.130992128029624 0  0.824924195006128 0.5028697321116427 0  1.02067487389498 0.4777224770867236 0  0.9342434787591262 0.5237344478274464 0  7.183133346189334 0.210997498111122 0  4.314096540964234 2.606677057548957 0  6.850602138262838 0.3465407387910873 0  6.733765020794803 0.3032591686445913 0  1.6875 3 0  1.746076246381055 2.911029546634341 0  4.706793578108149 1.673989706360175 0  3.372200651516363 1.27201921258111 0  6.301844049093185 2.281894308701901 0  7.656900790568355 0.9467899491710863 0  7.502378445585903 2.310984575780912 0  6.58287255801868 1.611522199141822 0  5.109518731524432 1.768562695949671 0  3.233197734548847 0.9033277148467108 0  0.1636658426356766 0.9349720573693605 0  1.039101421290945 2.377950424759903 0  4.323696054585814 0.06396760254825211 0  1.440698028683526 0.8012982085150759 0  4.574918692298938 1.579462604966104 0  2.617997911138441 0.2004484371032912 0  2.714635255857648 0.176148728994865 0  0.06628955441193482 0.703125 0  1.812293200350463 1.407118251823755 0  2.391123499039554 0.2829344392701413 0  2.158256196461289 0.9347764993941011 0  7.932345150207254 0.5178549158426012 0  7.696973475032935 2.12604972645572 0  2.089149781516636 2.631078844372005 0  5.602652566256704 0.3998722545977782 0  7.932653060317177 2.859375 0  7.8125 3 0  0.7291843520903445 2.232061659680436 0  1.937970078470464 2.68224530617859 0  2.754493796445305 2.534453786782441 0  3.98211912347846 0.4866770206618901 0  1.474090808635181 2.148907688428143 0  0.3016788298621559 2.802989192748799 0  3.25224857851054 1.242343461504531 0  3.241322095657747 1.33650009866628 0  4.93083722371065 1.460503820188436 0  5.402489096372545 1.940269861112854 0  5.416257056304271 1.81769852351485 0  0.9488194322605464 1.82846191038353 0  3.042929967222787 0.07767892815870457 0  3.237054067634766 1.141853298105959 0  3.712265689222118 2.066800417463786 0  1.779674972182741 0.7638178086967172 0  2.699744141895218 0.4296665429093041 0  6.122676148752642 2.048309254266839 0  3.564938730659547 0.836852379082539 0  0.7541750432969458 1.655798974890203 0  6.1258931416161 0.8019450381302299 0  6.488808470790952 0.648045516615254 0  6.608341415632041 0.6495373866864451 0  5.033549822112813 1.85002184428781 0  0.5935236667251594 1.899962699669875 0  5.132653178197438 1.928788972367584 0  4.322094659274035 1.524721103094222 0  6.681406579791901 1.410807816689941 0  0.5837524491789235 0.2219963509240046 0  0.1823945384100013 2.328445140847512 0  0.1711841021713327 2.482882714233067 0  1.89312185670008 0.0827064315264798 0  2.709668641586036 0.7710434456512303 0  5.337780947845006 2.716181672747777 0  2.10363552296723 1.045849543052454 0  6.094349783920421 1.298648338814838 0  1.775335310739482 2.48891660975292 0  5.541509106673208 0.8840310220471327 0  5.460167556333055 0.8708983850034334 0  7.043921894577805 1.970022285376508 0  2.106261369408093 2.919767205179567 0  0.1915796678049429 1.327316059161495 0  5.488039009412427 1.025929772714334 0  7.375062936688636 0.9906678143116192 0  7.335489110712976 0.9148976599385614 0  7.252082309689055 0.914335021388491 0  6.055332156073525 1.689640141235812 0  2.785690218076817 1.3235260371602 0  0.06769683486272379 1.546875 0  3.53558314180746 2.528497740196944 0  3.553939680057405 2.614590407307407 0  0.4931940561102364 0.6648490766352397 0  1.519424420126981 0.6887374141911924 0  4.281071056094345 2.760455144150475 0  7.554437053311432 0.4042569651682101 0  7.518169462118964 0.3312617005256208 0  0.5899754434831237 1.005996121888106 0  0.6971843896910427 2.665208921139409 0  7.778395397984073 1.744077914501188 0  0.06970834140142247 1.836258735046263 0  0.1936215911760502 1.73769969244842 0  0.07334548346344223 1.721296665219774 0  7.108128838441684 2.913789204194982 0  0.5972936265291433 0.8205738972719627 0  1.0625 0 0  7.296732864820598 0.4102478199324442 0  5.667432993948296 0.5297462632930491 0  3.457070373879858 0.1490608472498729 0  4.919752556310722 2.067139945543218 0  4.880229253623418 2.194938334524966 0  4.963028942285182 2.223149119621433 0  5.724704502526646 0.6141412919413461 0  6.42975604784858 2.334900555572034 0  2.881109885244375 2.001643226161925 0  0.504254711067758 0.8209648152096016 0  0.3410405096735735 1.135405053359924 0  4.069179410495109 1.543313200040552 0  7.283851157680736 2.637209552847636 0  7.319757455614336 2.531845112145409 0  0.9917576133218025 0.7930826325318863 0  0.9217126054680984 0.7526711680567764 0  5.10381572687041 2.618591113794608 0  5.060403015266466 2.723262458209346 0  5.020219740315688 2.820147385611648 0  7.78125 2.925717364971128 0  6.363127053123471 2.92190026878956 0  4.295199069094612 0.5819337939582908 0  7.934085932174661 0.234375 0  1.944375432585023 1.264927779477404 0  7.927866826186658 0.3129006865076882 0  2.348219064813078 0.7073819150830198 0  2.960476342311337 1.484422813008968 0  2.769336279010694 0.620824499429558 0  6.194050070327103 1.864805346739868 0  6.672272738308428 1.267486871987201 0  2.028791815184378 2.230430115894495 0  3.448328544383206 1.422484674612313 0  3.457428647545527 1.315518359456461 0  3.572303141404288 1.500898842661808 0  4.031910942366692 2.633372834608551 0  5.264790741995602 0.3136668941006335 0  5.203853705711559 0.1784757798102476 0  2.197590176922067 2.771882179769384 0  1.8125 3 0  3.22563411369485 2.312478876997401 0  4.9507624246728 0.8483959195361573 0  0.6938421759935273 0.3234547386069916 0  0.8196292862846457 0.4172333933091562 0  5.798136731637816 2.557153073439069 0  5.850440399931835 2.497807648963195 0  5.192777321884982 0.7328295423271228 0  5.200887426921825 0.6226495534691625 0  7.67127398384025 0.06485237219487804 0  6.887582250282114 2.086660149149511 0  6.816643988038253 2.186911950556209 0  2.018493903347293 1.930954621846462 0  3.427272187848568 1.512073127746266 0  7.9375 0 0  7.9375 3 0  0.08163655211496544 2.927609597180046 0  2.929669845654576 0.57305050895603 0  4.375456591522975 0.801370154040723 0  2.821793140098895 0.497950381645652 0  6.172010617279757 1.482522095735573 0  3.88566923636447 2.571422150603901 0  1.777945851398996 1.985511010920505 0  1.377756840580374 0.100424197978757 0  3.685219196033388 2.834233514270029 0  6.815537813744097 0.9634867801207314 0  6.849887114977729 0.8834186584314773 0  4.034741096949492 0.1783268213046636 0  4.158051138274553 0.169861426393561 0  1.046932405278547 0.07629132515569417 0  3.62577627668858 1.633174127832892 0  5.557964950260588 1.771435514284628 0  3.876614753546112 0.3022825607329994 0  6.881802898689902 0.2183251211896647 0  2.300806330723831 2.579416197551917 0  2.860730873357586 2.41042486977709 0  3.243621121250254 1.7 0  3.339868152522551 1.374486251670759 0  3.556491001863636 2.048577590386948 0  2.271782463664232 0.8339125340652112 0  6.818839278553466 0.4739998893230388 0  7.298397343573352 2.114448877564476 0  6.522683894710403 0.782983446959551 0  1.096718938972681 0.1912450260523413 0  7.691474615857883 1.968172937228739 0  2.350453212372911 0.3487778309098061 0  0.2609589114827542 0.6041819228197317 0  2.631766611019971 2.748359528059737 0  5.861007845829922 0.2585347612868253 0  5.642222000445786 2.023682937414258 0  4.401527171397875 0.6955151192109755 0  1.303381433335381 0.4812921907101489 0  2.607052482854893 2.080188544042315 0  4.999562862028515 2.579747540273781 0  3.333299423205374 1.02410308106761 0  0.1067720162070118 1.394700779273835 0  7.510547092432533 0.5218572052424699 0  2.780714265206322 0.3044910935144059 0  4.172497999409448 2.298284684702226 0  1.084781304015896 1.545529564815294 0  0.9347516326297984 1.530385500424988 0  0.9951920224377891 1.633412023316755 0  2.095970892030557 1.865353404163113 0  7.071128246805087 2.430021062644327 0  5.665677434273148 1.648393481316707 0  1.703566471526214 1.185160187371525 0  0.7851718639310982 0.7155366105059818 0  6.611946592931564 1.715286463221011 0  6.62011977157611 1.821483719601013 0  6.720277565973842 1.698313319554455 0  6.97721127350805 2.491635959844285 0  5.166305303722759 2.762622789926881 0  1.028858557724518 0.3432397809875336 0  3.358542293261093 1.145966746464179 0  7.081449033488918 1.602634499263476 0  7.016261797330954 1.507533306370607 0  0.5368087586884229 2.68282313663292 0  7.488841566029032 0.9616665271843976 0  0.9450745758018685 2.637034252913077 0  6.361477795816009 0.9483663439876121 0  4.459654311977791 0.9690007777129658 0  1.755094817590699 2.341605183511116 0  7.15836153392398 1.906465604313782 0  1.770258065277588 2.805924582107203 0  1.894180173810492 2.830686784734815 0  4.107536528446611 0.5566117738508211 0  6.368003341182812 1.115448432751593 0  6.881273393594298 2.87243865887236 0  6.174537372939412 0.0780516457779305 0  7.744832458191272 2.688155668859516 0  1.894185546133418 0.884366134537472 0  5.44556552624441 2.548331990661903 0  5.996355250392742 1.423654024309537 0  3.17148541451122 2.72984592624963 0  7.574667152163066 0.08005133738401511 0  4.620645476554293 1.441646200055852 0  2.040047350850946 1.779595664979943 0  6.921374433156618 1.033733730480065 0  5.645120890806119 2.918311280932065 0  5.649872747488343 2.840804741831658 0  6.753216075111083 2.287999182576645 0  4.834987656607304 1.558976196882075 0  4.790581708489901 1.449635483182796 0  6.549812574305648 1.352333520291315 0  7.28125 2.929334334977532 0  3.919663003312943 1.449442409593621 0  5.50605474449936 2.915073788857875 0  5.4375 3 0  2.298782913929331 2.835496323348012 0  4.056174758291609 2.552797471331528 0  6.563596186172068 1.504366106632509 0  6.626695900069382 1.113616182898889 0  6.580170840874379 1.002815788243777 0  6.498648098907608 1.022077901451616 0  1.693526315062996 0.5464130879361094 0  3.62695595918582 2.690533900677886 0  5.3125 3 0  5.36916154767269 2.915173615414299 0  6.467302997236716 1.164971739741219 0  1.637180825458417 2.923668506312558 0  0.811087065503401 1.000294111109257 0  3.412061904684643 2.801535196845597 0  7.90542270981472 2.930341897454166 0  6.740660706101667 0.6667871215183958 0  1.792388716444982 0.9907677999764573 0  5.985564685275969 2.742473271585112 0  4.886334502569311 0.7201689979769038 0  4.94230705379713 0.6577802631959986 0  4.819218090944465 0.8203004942641869 0  4.112255656870045 2.436859974153195 0  1.074708450685453 0.7629071278034226 0  4.35656379064675 0.221338998296068 0  4.421574411106705 0.1761739175200656 0  0.4438587720306206 0.3197068952053217 0  6.798576418293417 2.656661893778624 0  6.953869934963127 1.377904686723539 0  5.744995846999974 1.398483327560548 0  5.809956201427885 1.258924251443868 0  5.853923407441436 1.350929043704122 0  3.164318704834109 0.4164777174257204 0  2.60748024334303 2.463153047225298 0  6.907825095690136 1.151742514719511 0  6.923179771735954 2.720980501851439 0  7.190506935098203 1.234984875568001 0  5.023608532025259 2.446603008718696 0  5.055377588045764 2.346800873715502 0  5.160947455036665 2.380511449369852 0  6.728376706802841 2.137982720034801 0  3.646264911193743 0.2409728290957776 0  2.137808268517889 0.353026635370921 0  0.7740121823686952 1.246344005156659 0  7.002423683003837 0.8042266168886241 0  0.2331725480231918 1.259222117675107 0  6.862972088205662 1.258392287881343 0  4.112842997077234 2.79864295041843 0  3.990635226837508 2.878995544614723 0  4.0625 3 0  3.821120271313045 0.6504611765386992 0  1.452523240023713 2.925223791621959 0  0.9247505309480134 2.497575779664193 0  2.956330820910441 1.630908014104576 0  2.705336041373477 2.353401243232843 0  5.169998922146369 1.483034092868788 0  1.609642741445276 0.07581161355311741 0  4.960232260267848 0.2513185701954049 0  5.748483793238812 1.896939703706655 0  1.932279297038102 1.569152562533743 0  7.011962430828224 1.856981783161938 0  7.269996396171446 0.4806823256754608 0  1.150947944539087 2.598674078562366 0  1.260169236631875 2.568499462408387 0  4.316012177796535 0.3639692634113175 0  7.888248889669021 0.07538311097925762 0  0.0637130171907849 0.421875 0  3.372643331521884 2.240958914962288 0  1.398792451391588 0.5706449228818952 0  7.19471023521673 1.778720827558161 0  6.966006956698284 2.226992590273758 0  6.257543531934817 0.5845736293466498 0  6.788857863843425 2.034298033791022 0  6.381489509417746 1.944274975209028 0  1.724613699642922 1.729542203786629 0  7.316759019028175 2.428640658224894 0  7.283649947909844 2.27792208045663 0  7.217311197226246 2.383939409841049 0  3.645874877354662 0.5061109629141861 0  5.466595017162083 1.375172103929319 0  5.548425250400044 1.369504144342746 0  4.658874524513874 0.4901899291456764 0  4.714670658762798 0.391974440976715 0  4.801371177007525 0.4370211262703165 0  4.690859383009515 1.514262632830466 0  1.112854190997504 2.296268762017449 0  2.388165923297053 2.278441601436052 0  1.577310338718303 1.931219656165638 0  4.166532637844008 0.7871177067829778 0  0.7237005438386039 0.6055586879134387 0  0.7965327383875317 2.672848134159839 0  5.600618347437691 2.576623575800059 0  3.5625 0 0  7.841668106249018 1.930811666743244 0  7.793421536950468 2.033448920668005 0  7.1875 0 0  1.838892090333842 0.509179296642548 0  1.792048872214258 0.6096849124049338 0  1.729671348971621 0.4748213261138096 0  2.914556898890164 2.147870725322669 0  3.503758058367378 0.4282836525174999 0  7.937467858037889 1.734375 0  7.085654961544146 1.452259829187793 0  7.216449094516869 0.9804675606917241 0  7.199254341197096 2.844285269511143 0  7.281810939910649 2.777006872209888 0  5.078866368126004 1.50728284391131 0  6.913631780995294 0.06717544506258735 0  1.1875 0 0  7.526935734777465 2.821171444976249 0  6.292501274392915 1.93961757709858 0  0.6280484925237416 0.4970081060086686 0  2.749451073458381 1.16898972992981 0  3.688385689741357 2.512761488255398 0  7.361856906434295 2.361457153610151 0  0.3233778090888213 1.007223527490143 0  0.259876776058745 0.9091582822979593 0  0.3858963505606892 0.879396027882852 0  6.683152376426217 2.816606236737908 0  4.413652559800328 2.695346265913052 0  3.052056954860504 1.034603291355293 0  1.125908511078208 1.961870034537665 0  4.256378878749746 1.1 0  4.688870913191502 0.6530448418904589 0  0.4958490498107894 1.724674285532805 0  6.254779773288162 2.137115948597768 0  7.682523876911065 0.3078746166588577 0  7.57499145906423 0.2757408148683704 0  0.4557560777611149 1.07566132618887 0  0.4815555129518196 1.188325061069429 0  1.68038760837015 2.24414049952851 0  3.96008641689456 0.5943933843760613 0  4.428025685841415 2.539570470923243 0  4.141875991244759 2.675642716387161 0  7.680564768968709 2.347092497098996 0  3.778650710334448 0.07462023084184467 0  6.724682921895825 1.62222426831565 0  0.534144134014957 2.450204107935654 0  0.4187535734234172 2.442735972780007 0  2.981864454458064 0.672545276674655 0  7.942096415515035 0.421875 0  5.737644623979598 2.806834483252747 0  3.216713126558438 1.440702476235036 0  6.379883363444525 1.603724125000806 0  6.456657920468653 1.482371231091021 0  1.391027841010435 0.3173127227553245 0  3.651919723174584 0.3925139235234368 0  7.648733061092083 2.604123528115951 0  4.158086998279749 0.6919935826942579 0  4.230797099628349 1.565047771317895 0  1.115435221524002 1.749337415909882 0  5.074507333293916 2.011377898339881 0  3.924300996432246 2.773939191992331 0  0.3642354292953191 0.09462916438397628 0  2.957977711022629 2.390720569355585 0  0.8703559829442505 2.205069334084052 0  1.9765965240195 2.831179215568774 0  2.00782910905281 2.924341576419702 0  0.7859372405186877 2.796743931576827 0  0.8383378433604736 2.935499899030466 0  0.7630708166364485 2.925158705612168 0  1.940505996977773 1.834895808762589 0  1.915761511247434 0.8121390888628263 0  0.8785274447344894 1.131499900438599 0  5.890210262930622 1.462116175187356 0  5.313628884953601 2.075385686011761 0  0.2233527801748758 0.06905805768547363 0  0.2099731122899285 0.2064594168580438 0  4.676950778451097 0.5623219785256927 0  2.171975957331026 2.516498151114286 0  7.297856846711976 1.064895972999309 0  2.295744449424444 1.566648616500164 0  1.504525168767208 1.116305248385212 0  6.051403829199575 2.519177136614525 0  2.111209099320934 2.06953316830405 0  7.263546163549591 1.914054008417439 0  2.152479065181089 1.371085005230995 0  5.952092894216257 2.479644572363392 0  1.369365753265324 0.7170565437018676 0  5.854348660474797 0.693866248924505 0  6.733265964000156 1.354786822430748 0  5.345176232204607 0.6413596498384754 0  1.647280399165208 2.604301666277284 0  1.624098350502072 0.4582623021656567 0  1.614259804491166 0.3793975130114194 0  1.545403251802534 0.5051764875571959 0  1.61336234374821 0.6129263168448759 0  3.863550265595598 0.769059001477462 0  5.353621193010598 0.3848974882470266 0  6.493908782782439 2.131056520727758 0  6.609737351884115 2.925896003832314 0  6.526094038087329 2.930978091781975 0  6.531517401638308 2.799037871297807 0  5.985680877955609 1.971936269651047 0  1.814500494078589 2.425511026901089 0  4.960465191190959 0.06459146890539422 0  4.660368720393175 2.575261729854174 0  4.56255553338179 2.606845038851656 0  2.622976030048293 1.276939020489295 0  3.102336512540619 0.949177990860224 0  1.518034742879143 0.9941502873888366 0  1.550565606691183 0.9142964608983767 0  7.829006037157516 1.797430496677838 0  5.597581429919583 2.324895962565969 0  1.603901391497051 2.835592054159535 0  7.327476235910137 0.5502335862900866 0  7.308367298423113 0.6717785389534382 0  7.221141788679557 0.6585090076585323 0  0.6790898064616445 2.419139925608163 0  0.6346344429273528 2.482153753721426 0  0.7866613121774488 2.491544214454861 0  2.12898871203588 0.6888491365401965 0  2.237213027864022 0.6973089825040699 0  3.246032774921431 2.212919003144934 0  5.488370849006539 0.448278789247721 0  5.436246059882763 0.3609925305750104 0  0.9656006122937466 2.384858390113076 0  1.03579889080323 2.514213911939307 0  7.166429161425312 2.589428451585393 0  5.665417823564548 0.3317495912612046 0  5.607214907246722 0.2431366584260479 0  5.521862295405283 0.3012614972139623 0  1.286377284442427 0.8115399385740922 0  7.939927798617431 1.359375 0  7.833159910761586 1.434540343347268 0  5.412269766406969 2.447397773614811 0  7.390527774886151 0.4116403151770047 0  0.9050351199520815 0.9061352996116497 0  6.609892716282634 2.810608398117938 0  4.114376675048436 2.924937149079839 0  2.784956940647176 0.7690382048276857 0  7.901635122303929 1.668529073219546 0  3.533521957246719 0.9141652430221452 0  0.6175010809441672 1.251440438127439 0  4.982482495074521 1.613875100876819 0  1.688249450847823 1.833980628763447 0  1.236438336506096 0.1848514308326771 0  5.510999969685478 1.517216006275687 0  5.447950554371456 1.468990328592459 0  6.555580479131758 0.2060263752248073 0  6.634934538284675 0.07671987827102209 0  6.66558671726561 0.1702043792162336 0  6.186676519867812 1.72743442275449 0  0.4342620488785627 1.951990723258245 0  3.429231335284703 1.128810257874666 0  3.419090087721523 1.008524692063684 0  4.232061562810789 0.9984028584750353 0  5.357377632328851 2.310933378771324 0  5.5625 3 0  6.013187675683354 2.373203909590917 0  2.482689527388935 0.6064041014640135 0  0.307109734428117 2.078168803808301 0  1.280872488585366 2.669959179926957 0  5.570311033492067 1.656072381172091 0  5.672412253728947 1.767648828059897 0  1.148977391850412 1.615375456737098 0  6.114807507139093 2.915242695873183 0  7.043885612364472 0.4316988080936816 0  7.039693169800393 0.540174172634791 0  6.918070976352584 0.4962485852548074 0  0.456018944133305 1.333491699078 0  7.941842395158306 2.015625 0  4.243621121250254 1.9 0  2.837346945670508 1.377818271580677 0  1.397653975651791 2.613510154395266 0  6.907970668004814 1.945191852569293 0  3.783606563848743 2.114656939056277 0  3.211805757862354 1.606313638898157 0  0.0662107679206511 1.067307435639807 0  3.884344894971778 0.1518504218841323 0  6.052929936262748 2.833647480942214 0  5.907855225883302 2.822437376490638 0  4.554901115861633 0.1813963992282331 0  4.496398237858831 0.2270053893127013 0  1.793309160320863 2.629085178048161 0  3.756378878749746 1.3 0  0.535885975508084 0.9573730374511134 0  3.964829464371889 2.093403154913263 0  4.035239226888397 0.7207372168686469 0  7.920754194440217 1.034822055366517 0  6.23958165535699 1.193080552637547 0  1.890871019562852 2.3112188948868 0  1.84375 2.934383880511601 0  1.044530127220646 1.898007184705494 0  0.8020830733012415 0.1501985722070368 0  5.406468276503377 0.9274148431475175 0  0.9063655312067614 1.959428334979362 0  7.0625 0 0  4.388476575478466 2.300555488210382 0  6.394168953018332 0.7147842202414274 0  0.2983520035932454 2.229087436667924 0  4.211956188522512 2.704570931898015 0  2.837525852059774 0.6488348655980913 0  1.48313181323676 1.51802130876053 0  2.116740162646252 0.7947718855287407 0  3.490811142796341 2.741889420453155 0  1.012391666404988 2.926745910467965 0  1.06031435687961 2.835306815643583 0  0.9754646849681956 2.784663927475768 0  4.21269951033683 1.968918673350924 0  1.4375 0 0  7.79285414753616 0.3895882393917888 0  7.840167233227235 0.6597751652514539 0  4.566752859528555 1.854153014281722 0  1.425201692019826 0.1903615306806203 0  6.032016614009225 0.9268537119219048 0  6.022959020458967 1.02456644516168 0  5.905879771832975 0.9279058140088552 0  3.96457506364165 2.500482657723335 0  6.056159261180853 0.2884734681361144 0  6.178679900156153 0.311316698596413 0  1.579228517211178 0.2314487496262937 0  3.704399319314986 1.635842667376257 0  3.157017654344473 0.7381112737819677 0  3.06665573882867 0.6438199111217371 0  3.05868590430784 0.783416713929053 0  6.978745648249999 0.9484475933671367 0  7.0157634327912 1.047168458983469 0  7.095456411651611 0.922639701796545 0  5.136614915947314 2.518271470014978 0  1.472012678701951 1.840912292710158 0  7.943410231770101 2.390625 0  7.812235871968788 2.329747075602536 0  3.45219188932194 0.7867033101893999 0  3.372800851914939 0.7753711030298763 0  0.3840819242572694 1.212387146624906 0  2.862831458518884 1.541468362458911 0  1.567896618844303 1.651509555722403 0  1.434091816946772 1.725423262376689 0  4.075687151432256 0.8210908803119216 0  7.138662754260825 1.975679920291133 0  1.313416770270985 0.9574223549884884 0  1.295223322196686 0.8828910355768445 0  1.428500300341967 0.872895710194026 0  0.4613937358214709 0.15235896480776 0  0.1587667264514732 0.8025134558859869 0  1.015141586990931 0.636527395224601 0  1.470873509484245 1.393322445146228 0  3.755679328279651 0.5006596791369453 0  5.221727206610956 2.292736000709237 0  5.251021174241624 2.191119964941383 0  7.166487633075307 2.245355784180166 0  1.186304508906206 1.870844234617598 0  1.282720174364476 1.914639092104374 0  1.216031684440831 2.012101729027531 0  6.324202559643669 2.53838681798598 0  6.25920804663267 2.571787016181227 0  6.288247902594948 2.426258976343787 0  6.193768838893339 2.469200820368595 0  6.140908313709965 2.419210745682678 0  4.917888088726065 1.929018174207446 0  3.189194103832984 2.800006134442117 0  6.269847733395056 0.3679954938090755 0  6.381736770476419 0.409522485195755 0  5.984475602575613 0.6213013243114263 0  6.44054121663657 1.243912804443838 0  4.581331342504606 0.864150844574719 0  2.231058059212791 2.607298503249103 0  0.3328420109938314 1.298487419414405 0  2.167978328303509 0.1725234054492654 0  2.310012786140579 0.1983102492834871 0  5.151950201547989 2.8391296826073 0  2.85742041533589 2.28793388347743 0  1.689810179281108 1.909431287065583 0  5.054132687723222 1.374613664907534 0  3.865048909762578 2.927650315233828 0  3.689204367134373 1.438030443104827 0  3.675339426287018 1.504770355188455 0  2.55345523598613 1.248407948562392 0  1.26242094687523 0.3602020033573847 0  1.804590312343944 1.236551313267666 0  5.118751499635815 0.4999165671889725 0  1.847726288870873 1.131070037455743 0  4.378747297376816 1.632554599670941 0  3.242297362190009 0.4778105627652067 0  7.693898715854178 1.394913400776874 0  1.212798633466283 0.6856433563705808 0  2.235512316980861 0.9734215260884449 0  7.073853731302735 0.673692127090027 0  2.278390549368902 0.347277085800608 0  4.540728314488065 1.991099660602676 0  4.52069678918454 1.905420260609656 0  5.724125243380128 2.531256735451245 0  5.213072862888636 1.721376040687881 0  3.876653770839381 2.197759422875541 0  4.696154199229648 0.1420087642446563 0  4.840925761083716 0.1546941415653807 0  2.686257945960382 1.201900864343482 0  2.598562006808134 1.385827068588195 0  2.532307055984811 1.476167369334055 0  3.130954459777554 2.92378853623225 0  3.217409358504391 2.936829825551579 0  6.308292584245055 0.6399597147456753 0  5.80762574591937 2.284362411419627 0  4.177842578962904 1.442349002344191 0  5.74407790195842 0.463339530800207 0  0.6352989043113388 1.512546803891349 0  1.199488220134451 2.793552580865924 0  1.88622507898731 2.176712699565539 0  1.756969183603158 2.187046138097475 0  1.867510142834976 2.080547646728261 0  2.379555388078392 1.488945056094726 0  2.391102712626769 1.63202979084573 0  6.423436319380841 2.481327054474748 0  6.030472349964751 2.303515153810644 0  7.464304905035344 0.8633587346790695 0  4.263151548054101 2.474674391092693 0  1.218671709652534 1.215352314239207 0  2.877929176207054 1.243374921297342 0  0.5338588367490233 1.99012658694128 0  5.085453418344535 0.6324616277777712 0  5.34375 0.06347800153815226 0  2.643529427343661 2.872880552607742 0  2.361593528646019 1.944722890101956 0  2.310274039939096 2.046520401623106 0  2.216183194348318 1.955062553320554 0  2.691394023497689 1.412110589268228 0  5.540485824253677 1.907627341005716 0  7.934513422920443 0.9651011795646177 0  7.844170035354708 0.9109886128519646 0  7.831178369321095 1.0460678269442 0  1.770264873994223 0.8343471973745655 0  4.86792145707013 1.641344647442974 0  4.98965874645066 1.708986701870019 0  4.24766805482523 2.405614485783315 0  4.618846058960967 0.2144996570645367 0  6.472895415317874 2.04670103024061 0  6.397624261882263 2.035331619451206 0  6.516051804571498 1.92500788843984 0  7.944417785265723 0.7042309525379339 0  4.718658480795494 1.936242798174086 0  1.336431966951681 1.617835717931014 0  7.530076473144951 0.7386592665652596 0  0.05830132050943455 2.857655698041547 0  3.101436023551287 1.44845140276335 0  7.777691094754426 2.558288105692339 0  2.400291395783724 0.5758946183316187 0  6.952508403169623 2.656661380784227 0  3.562058730841485 0.2007702745391597 0  1.861827358295819 0.2832909699213139 0  1.752434301756634 0.3771215018346885 0  1.788512578454969 0.2593056798680313 0  1.689763119404387 1.313930176988577 0  0.202677670051374 1.850034525817373 0  6.145878972885242 2.237106541389801 0  6.124468584376578 2.304791019333325 0  4.03125 2.936716894128546 0  4.619022469085608 1.72084176920525 0  3.214440092524273 2.472437994530452 0  3.57894352381105 2.266264697316797 0  5.543784827391641 0.7203841645665021 0  4.818590888644049 2.441468236304025 0  3.808296674684335 1.5531352656255 0  1.9435192911862 0.2030346926645618 0  2.031059241338191 0.1394988198481719 0  1.99142241763102 0.07072427194760583 0  7.010189262139392 1.679747441182805 0  6.945784267533375 1.760282132431235 0  6.870130061552702 1.690315676351035 0  5.786354636157786 1.493452539034186 0  0.845026532928153 1.54228314564095 0  3.791764455473672 0.2317990650865227 0  3.945515624903301 1.536993366260674 0  3.921115626539036 1.628949031418617 0  0.1594304696130064 2.792192418152481 0  7.812022659371375 0.303284394337533 0  6.215759858589832 1.608422191811071 0  7.804275279722147 0.07356920951531015 0  0.5526944849416634 0.3659141304090185 0  1.672277567854527 1.407583933094844 0  4.181266721481294 2.560244651385823 0  4.248562951465519 2.168742158389763 0  2.624409187585845 0.6529861605357304 0  2.620658849705269 2.533325033702362 0  0.920285556662791 2.045208996097206 0  6.790598331359872 0.5528040156634498 0  6.677434739286627 0.6260268558635091 0  3.577195879013323 1.369643686120135 0  6.101112178047421 1.430899264246832 0  0.7641920837565234 0.4648798738273375 0  2.965543619652494 0.9856525773462924 0  7.506122169835522 0.6329607357589612 0  7.835536855916153 1.556308116596218 0  7.948183114711886 1.546875 0  2.770360632712305 2.216298603048944 0  2.472864781453036 1.554059226429894 0  5.28984765149108 2.798439105171315 0  5.255614008809984 2.927707145315572 0  4.334840127659906 1.959414028432819 0  7.402056233064112 2.657559678662694 0  2.375827430339812 1.346921203746732 0  1.445223016688521 0.4660625870564177 0  7.135927155708322 0.159555431370704 0  7.241063880696262 0.07139198886564331 0  6.226806741773005 0.4452673630006526 0  1.675251674189448 1.613221702140552 0  1.804615684813479 1.634813311404101 0  3.803875127746425 1.362658522428216 0  0.7187545986471442 2.088249864978498 0  1.690109275383845 2.692792966447954 0  1.574576562941394 2.72667729147406 0  1.564097952513622 2.628711616509098 0  4.173956044007875 1.509585354269859 0  5.353385295766598 1.580992819630763 0  5.331975436769178 1.65354746106525 0  6.38956728543447 2.616717784676813 0  6.460500438856302 2.581576840730723 0  6.45198139637398 2.720634678416586 0  6.319673198561091 2.682225760419847 0  6.558083000134559 2.521365521143722 0  3.730061858537985 0.2910059354999171 0  4.451960744656112 1.631322293144055 0  1.102607625441496 2.115987448131399 0  1.031192450922787 1.466736353057083 0  4.285043738073745 0.1666269046916103 0  5.455272463106376 0.8015968481763674 0  4.197845415432196 0.5438955542792732 0  4.200724040972987 0.4405004832449809 0  0.3664509683388426 2.154935907295824 0  3.751651232151129 0.7778058208737523 0  2.72485621822985 2.086331107079839 0  2.713693523714756 2.763508861166164 0  1.534508030648134 2.081332890769858 0  6.159930657558159 2.65143660329527 0  6.722667479137631 1.212001798488364 0  6.885768155370068 2.199477745374991 0  1.838785552132612 1.873821149868517 0  2.762479831545301 0.3959198696810811 0  5.793141740931959 2.191019039985258 0  1.582785301229126 1.424926183316398 0  2.506259864469109 0.8055985025315269 0  2.915629350898667 0.2632521419268278 0  1.658894768970711 1.019533918256838 0  0.888745569648333 0.06940691015020319 0  6.395656842638444 2.763954178308782 0  4.000183263446123 2.200144239895355 0  1.580377944053231 1.226577904007133 0  5.988163245397184 1.832613941686583 0  2.937167211282851 1.299643755684675 0  4.021537269087346 2.401438051208968 0  1.990389997908907 0.9512913231351726 0  2.046274579924609 0.9059582904825128 0  7.586439546283906 0.9365917786444334 0  1.106319026805893 1.818611462276025 0  6.714346167785211 1.989635684083351 0  6.649101572699331 2.068499152690521 0  6.604375183178644 1.941291516215496 0  7.598262928680353 1.054495429493452 0  6.957997400598241 2.080197390011921 0  6.6875 0 0  7.0625 3 0  5.8690246504958 2.930416259788043 0  2.159113997162753 1.513555653287709 0  2.715292528508829 1.308776258313735 0  1.849805319994421 0.7494831917021008 0  1.869496062783195 0.147650610865202 0  7.326816704665539 1.712275608529993 0  7.436520792928794 1.687627823562507 0  7.422655282604572 1.806827475840009 0  4.845060185178596 0.5822797068768415 0  4.486162455194932 1.364190077225541 0  5.146860654580552 1.625735626094704 0  1.381158520450428 1.362529146611838 0  3.81102792210839 1.485622235167621 0  6.382889335811155 2.385642172176796 0  5.867262450414895 1.690458029901673 0  7.480146223468696 1.281982227346776 0  4.059254766563392 1.36899941824168 0  4.043705075229036 1.461040260222547 0  6.255383410570184 2.332635925306662 0  6.241576292438138 2.247507679533712 0  2.042782872994976 2.32592466170588 0  1.170980671983117 2.728150390165548 0  0.07136569239443287 2.239909790980473 0  2.41017988889741 1.234709412802304 0  2.463525435572599 1.132660165536474 0  2.540673996913535 2.627731787896845 0  3.791387162974533 1.968934237263798 0  2.407262869653736 2.148713376385131 0  0.6603793787192074 0.3861996656801643 0  2.582681772024323 0.1371724264298034 0  2.550289318712304 0.2132029624186197 0  2.44500498373463 0.1542973557412139 0  7.143431718359532 1.647619500666164 0  1.705276605962458 2.782526665529807 0  2.569435047026939 1.1352138603105 0  4.483093245276057 2.329979462234495 0  6.273263733294226 2.054220253135513 0  4.337344586377584 2.146885554072322 0  4.432910623742465 2.183660760390694 0  4.472509251648132 2.084428148587197 0  6.821413616805024 2.838418506406425 0  0.7048898097604812 0.9208648887228769 0  6.17504741830429 2.001724411213638 0  6.872781318678538 0.6145154901913533 0  6.881096606560202 0.7341729484999922 0  6.067992984706424 1.156766865207424 0  4.403867628001122 2.434566875770546 0  1.483490463819969 0.4043630200921458 0  6.3125 3 0  1.455532785967555 1.257256503581784 0  2.628754686131184 2.213786594284062 0  5.177447017595992 2.071241046388074 0  7.371830000852046 1.06022654872571 0  1.138157261137669 0.7903790149469843 0  6.455181309656838 0.8067527114251026 0  3.599893594187863 0.3462672351151965 0  6.916275980003516 2.59689240479641 0  4.417433463044978 1.459041181106127 0  4.358002860960563 1.368840768938199 0  0.6395420118448175 0.6892686133139122 0  4.256378878749746 1.3 0  3.592052901082906 2.934857360590213 0  3.993621121250254 1.7 0  0.06363065646412938 1.907407777348545 0  0.05009274732577305 2.015625 0  1.145058172885385 1.26156952156411 0  1.025250952593245 1.228147414916635 0  7.434362317580163 0.7522770265201539 0  0.2901190389404812 1.944132341588971 0  2.04491732484758 1.629776245197356 0  7.102230660964152 2.560769639127729 0  2.242906993023593 0.2523593708079462 0  2.886139104217909 0.3745134017361631 0  2.970674083005994 0.3039815669847124 0  5.946893338816865 0.3308152246214603 0  5.931832966044283 0.4001446000818273 0  5.802202579935706 0.3358637611737137 0  5.33214623669638 1.931743871233654 0  0.6869224122959334 1.959958190089946 0  6.562997808091358 0.8932153881191017 0  3.71602592236521 2.21363958220292 0  2.486213405987714 2.484252547972598 0  6.71188634755605 0.4037518592466142 0  0.9524978173001458 1.301441966501548 0  3.793147919929796 0.9085391628816903 0  3.81880274011353 1.027793809303266 0  3.756378878749746 1.1 0  3.714030379948797 1.028739669067086 0  4.25199323732703 2.904752029737451 0  6.524050407915506 0.4234320156369892 0  0.6740485550640674 1.045866018373466 0  3.06168800522606 2.742830388951444 0  5.118516184481887 2.927147611967073 0  5.0625 3 0  0.6648612050172905 2.154967181362589 0  0.5014728200817912 2.186281572896388 0  0.4509658897177359 2.096701746255658 0  0.5790630281338085 2.223348408131185 0  1.414177656095705 1.195074343072531 0  3.228433056718631 0.3175388987301181 0  7.144913723886718 0.4456695140101186 0  2.966436585139272 0.8418836067509445 0  2.282114055669691 1.304043381361059 0  0.5683514695065414 1.532689572003939 0  0.5319386634593342 0.4366824644263559 0  6.189803337262187 0.1639261316112159 0  7.6875 3 0  2.828114098781676 2.807029438291861 0  2.890221369310038 2.839369130784218 0  1.9375 0 0  4.526314466878882 0.9443943613482242 0  0.3960834330435486 2.015712572868072 0  2.060633682657081 2.438918332729343 0  0.9219146357149373 1.033086291608173 0  1.011935484636757 1.078658340675266 0  0.9385817514786767 1.166013707300725 0  2.307976522712975 2.339700180771544 0  2.345704872598849 2.418766164709087 0  1.565887208385458 2.296186433888412 0  5.935414390596815 2.61851814225246 0  7.146209784505954 0.9710553969581655 0  7.701857117321746 0.5290442338112565 0  7.249770366151747 1.560955508875149 0  2.561671500825766 0.6819271329376668 0  0.7919199701316124 0.3208928840048192 0  0.7299255104577913 0.2118964500889451 0  0.8475956977237176 0.2024961818678352 0  7.544150406037512 1.742733491085535 0  4.548417720161203 1.512720288564759 0  3.8125 3 0  1.455051967422968 1.627417771955086 0  0.0625 0 0  5.729171180376052 2.151631471741702 0  4.494705535469299 0.0676881053796145 0  5.313418877514215 0.1580715547216802 0  7.773604261683566 1.007117372528019 0  0.8097519158757295 2.174150103328351 0  4.124027954249996 2.250627461140331 0  2.204579340880135 1.078266299395804 0  6.037783107796234 2.173485949460578 0  5.919782832895088 2.204941826405222 0  2.275639269324366 0.5030182958942145 0  2.487585815042353 0.3220387662396947 0  5.658080970232765 0.9630331486922905 0  3.253769814982615 0.7166520118497698 0  2.759531477402432 2.928601202953049 0  2.8125 3 0  2.871118928878434 2.925663534108252 0  5.531338028414997 2.112523606843133 0  5.619184188034207 2.116224786668203 0  5.516477731877065 2.021957301291245 0  4.346523793009465 2.078682910590462 0  3.306716299770923 1.97375897224343 0  3.368621121250254 1.9 0  6.113766245601524 0.9145705887247356 0  6.223240528453068 0.9860452823583614 0  6.239195307537295 0.8890479254926954 0  5.440502861422084 2.932291259773928 0  6.650802334049374 2.481877953047652 0  0.04878863307205131 0.140625 0  7.817831279540869 0.5137279797057942 0  5.784644782334274 0.8930597417513262 0  5.644637698508236 1.069360088989151 0  5.73009011452467 0.7725498139198976 0  5.688336441478383 0.8664549389201249 0  5.760010420901631 0.9776874024941143 0  0.369888082576453 2.926266683781046 0  4.787610714555441 2.581658832050934 0  4.925285881753928 2.555305470745406 0  4.742740053339224 2.676314353496445 0  1.82675624788852 1.504424327223684 0  5.438683051866488 1.701675624365167 0  0.737794458071888 0.06651320984973962 0  3.958008410662399 0.8545065206372504 0  3.178421647602851 1.343167681708141 0  0.7547369750954742 2.294812366827499 0  0.8709342237015431 2.278309268487164 0  7.636515379307482 1.325304665359866 0  1.29671124877511 2.772887412790453 0  6.747549332699486 2.877556885117261 0  7.842110668025986 2.089256912853622 0  5.608108936831725 2.786817938099935 0  5.614573119693714 2.717046299870765 0  7.57837926354613 1.684599291497151 0  7.648478904386977 1.692117666693303 0  1.95489139981281 0.5502116982288513 0  0.2058920713025899 1.640148831244385 0  0.05461129351112797 1.35200884519468 0  2.812195533945382 1.262719895218968 0  3.620722483157642 2.623454416316138 0  0.3094248080081552 2.522951117002925 0  4.764239046509473 0.9671062321255778 0  5.999690821110491 1.54924789800461 0  4.751555847385204 2.128732101411819 0  2.244010248540644 0.1141691405347448 0  6.814194611578347 2.319556560659782 0  2.681595916094369 0.9446272706221146 0  4.637253887285625 1.588954190280611 0  4.291021472551578 1.458739413591871 0  4.872246938381148 2.641286638733197 0  0.1640293286040734 1.940341000208491 0  3.204179438084668 1.197287387551727 0  2.951062715933139 2.73187230107401 0  2.988305121079349 2.624413522143914 0  2.885439192776619 2.615262973412461 0  6.03333161262358 2.695210734167208 0  4.105953089732097 2.038419228250499 0  4.227445668243367 2.067001222037464 0  1.0625 3 0  7.397959723063749 0.5435189059182196 0  6.854023222176123 1.020355391158481 0  0.8097237619625471 1.970408681635112 0  5.566235328066225 0.9438013077988955 0  1.968795366165674 0.4124076578856495 0  5.32724508291949 0.8075374312603024 0  5.231842070388761 0.8871723494446552 0  5.19590476018382 0.7992703207184315 0  6.801097662111752 1.10728499280894 0  3.781430698951125 0.4094562934976861 0  7.098635394217244 1.027548778300063 0  3.329148167082936 1.487420631186531 0  4.418677053897119 2.05353434870096 0  7.500150404435566 0.4546684917536004 0  1.149574448798474 0.2811725084260544 0  6.190115793557061 0.5356668663823717 0  5.399583204496366 0.7672145412331797 0  1.679015477781657 0.1712167478502261 0  3.34733022045768 0.8859775511465531 0  7.651515139646088 0.754553503965362 0  4.902135959949748 1.721964757873565 0  7.834224947249343 1.667943747422074 0  0.5578346742552224 2.86597335345729 0  0.4880780777504731 2.785395768480786 0  4.918940542723075 0.4714445920851971 0  1.804503568118975 2.049782815070528 0  2.255999261571257 2.215684019394709 0  5.329198732215084 1.374215874203592 0  5.381378878749746 1.3 0  5.34260595054809 1.441297680722988 0  5.662973514886048 2.373125404523386 0  5.543650386898431 2.364541593312946 0  5.614388935615 2.465705490854832 0  1.114515932464289 2.227952030079368 0  1.247580680014713 2.247258902668551 0  5.654903002730963 1.499203577946405 0  4.081356199652425 1.033094795411393 0  4.148086017557317 0.9507191417496889 0  4.016853676810365 0.9533890105008551 0  7.141597264734034 0.5314796616924512 0  2.244621790815213 1.454414610397628 0  4.288214899371744 0.7990877733462138 0  4.253983281696711 2.235970457987326 0  0.9228091825985179 0.3645398402595507 0  1.851634469809812 1.939216297128276 0  7.478666469228179 2.692269650821455 0  1.154141879618707 0.6512634882056904 0  6.296288066791344 1.71670889854733 0  2.833416835488399 1.960419472658138 0  5.47828275656933 1.603768968657134 0  4.42647475232264 0.3246122912414802 0  4.396361457423828 0.4543719097423543 0  7.615684580416431 0.430526612679085 0  1.237859308881871 1.074599464424476 0  2.0625 3 0  5.145980964002138 2.162906203609162 0  0.2509431274564456 0.1539871439005094 0  4.505526608875454 2.2148014232888 0  4.556327511076701 2.126989774581917 0  4.632682160902787 2.178769703995146 0  0.04776316330271678 2.109375 0  5.95826875751582 2.412435478564227 0  5.303159047658284 2.35310241524747 0  7.417774822418684 0.659747079144305 0  1.386620886093891 2.93447410070769 0  3.3125 3 0  3.34485800985715 2.936173436666611 0  5.654993355203653 1.833253739466544 0  6.772426288954128 1.743710295478378 0  6.4375 0 0  1.348232387212311 1.880102726044621 0  6.001408107094274 0.1997560833471042 0  5.996096170436867 0.06638088569424695 0  6.058596170436867 0.1362536605850596 0  7.171129312695819 1.105212986883269 0  2.594304149470968 1.507017356504646 0  2.663044261913591 0.05835254591087349 0  7.503330331512819 2.390336415913489 0  7.437157533880624 2.432227862855463 0  7.438878020723401 2.291241530897876 0  1.546850993978253 1.168483639613648 0  5.6875 3 0  5.987465839800229 1.703893884848799 0  6.071778408938958 1.808006101773375 0  4.603479726884698 2.727945119023753 0  4.641258012690772 2.791201822002404 0  7.027336575091094 0.2393711341465505 0  0.9972361623829888 2.152817814973045 0  0.9277366877402913 2.142186682976132 0  3.183705005238973 0.8353483805921994 0  3.097176062682377 0.8643870994609574 0  7.616699742660899 2.851114120343619 0  7.779247619211525 0.8945250980060893 0  7.234231051374568 1.044783590986377 0  4.06965724132127 2.30105496589435 0  4.179473788317477 2.375076685422771 0  3.960210255976127 0.9987579430648166 0  1.54610028272149 1.871341159789266 0  7.39015117522024 1.182691473798306 0  1.758516258548789 2.119405354307637 0  6.165115481758146 2.357341793923139 0  6.509162059615008 2.434047937316589 0  7.03125 0.05965986836096872 0  6.687064338874507 0.5121693823297505 0  5.024329461791178 0.9303770668548653 0  5.144475937570643 0.9606367284002209 0  3.592558192503702 2.494288677677545 0  4.754745296851514 2.007065962744056 0  4.822029875713524 2.000242406216552 0  1.862924779204628 0.4430915380965367 0  0.7174903198579893 1.495643669045871 0  0.5181746629831925 1.456779850554897 0  0.573211129272353 1.372444022781814 0  3.465778792055181 2.876228087839712 0  0.3732759248393521 1.884820739315684 0  4.8125 3 0  7.648625966985792 1.823052544433303 0  1.554349116164068 2.50011622869871 0  4.741642365994466 2.218369769842951 0  1.417044881868983 2.115169498921873 0  0.1620537832290269 2.260846161498637 0  5.027162630275464 2.210528294470004 0  0.6639945403875785 2.022212791036141 0  0.7297188495477948 1.193444808129674 0  7.846761988480187 2.430282979347867 0  4.504740232172381 1.679217677556267 0  5.56940441933433 2.934190095825642 0  7.706467234443779 2.936569226573993 0  7.283280973820344 1.384327835650623 0  0.2461301727652384 1.433203827975822 0  0.6845867911955419 2.282745949540381 0  0.6016167580343946 0.9386493052161493 0  4.350151230200952 2.668670739699563 0  1.333838938103057 2.212494099006027 0  1.448014220821359 2.229010986477714 0  6.674742068848744 0.2723872160701647 0  1.326854327832564 2.854525267582175 0  1.481601052217314 2.331148082105424 0  4.435856509922353 1.525208792111843 0  0.215656205750183 2.433854658869579 0  0.4759790957465206 2.653694769417972 0  1.445328857768526 2.419546510559713 0  1.357511431473726 2.325263178987612 0  5.911988239240688 2.270592945397193 0  4.872415454070243 2.328028058078634 0  4.926703003862679 2.439927977510929 0  3.758930707516432 2.635546932896475 0  3.727028761205076 2.719739502182741 0  6.46875 0.05997712099241039 0  4.950658102033177 2.692287176041649 0  1.711759120392577 1.971944016073276 0  2.450125552088056 1.418813158989104 0  3.387382531635174 0.4463924148033719 0  0.508730365453839 2.550040098378975 0  5.908554919476784 2.52951606520055 0  5.131378878749746 1.3 0  6.99644045920763 1.294389613890773 0  7.098613205286758 1.209913604990331 0  6.122369233572844 1.113509047691574 0  6.171410289379378 1.217822082856188 0  6.211691176164826 1.094270999642346 0  6.787614882428902 1.22575608528413 0  4.738931838576637 0.5306591292771037 0  3.351542313687593 2.493163012602898 0  5.081399065153932 2.478110182665646 0  0.9375 3 0  0.3246552337756617 0.389122041402998 0  1.155715727831302 1.18722506942192 0  5.275805205224533 0.9612647706070412 0  5.324903732342213 1.034117300632739 0  4.38470920741604 2.232790378655608 0  4.292085797818861 2.287066988091186 0  4.160838349706467 1.63416917696987 0  2.410090514973743 1.006794306934324 0  4.0625 0 0  2.623074052051702 0.5847723319113447 0  7.62689742756728 2.387874961782157 0  7.648359256305579 2.478300079291356 0  5.991310265758257 1.08400531488765 0  5.869800600254882 1.140501689051149 0  6.857571641826979 1.824313837818405 0  0.3125 0 0  0.733974351896279 0.7617741535342377 0  7.682194773274531 2.817572590602603 0  3.425204779082738 0.659581668370458 0  3.427718009521612 0.5735797740830675 0  3.52767603546023 0.5728989243600485 0  7.494249563381143 1.169765755980684 0  2.026429593883884 0.2860404422471982 0  3.081508682545404 1.642306855783103 0  6.090192074574573 1.565266540219349 0  4.956205702594749 0.9985341678994251 0  6.4375 3 0  6.836809275762762 2.515001268031699 0  1.227002679934643 1.54545513621786 0  3.155473078192636 2.621551873803765 0  0.4240099777527511 2.865141370734855 0  6.145827465785215 1.343363124183147 0  5.870899428827167 0.1454513158637057 0  4.955387264378857 0.1838188471842147 0  5.061515539827746 0.1433815411283688 0  4.637235274988097 1.962775363321501 0  7.706212049033758 1.116609210857096 0  7.697663631471162 1.247816294655681 0  7.622373861257782 1.175795204665401 0  7.241058301684702 0.5416028013852965 0  1.745987271582576 0.1364880958023851 0  1.740870015793844 0.06803461460057661 0  1.6875 0 0  6.975236273845584 2.770028550177792 0  7.060442794261465 2.681503962595284 0  1.301261278064428 2.121842143764814 0  7.158886028274086 0.3453507765455556 0  0.5400791511189064 1.856880884275805 0  3.548700190141234 2.845151242068097 0  6.790274140094377 1.615315249223764 0  6.779979009775021 1.490584476358949 0  6.695043247142909 1.561911608396557 0  6.749370705557786 1.866247963531171 0  1.471543677690303 0.05895165048136719 0  2.956225408724747 2.826920208181667 0  0.7494749455100879 1.588778390050975 0  0.7900168975010271 1.136735543605298 0  0.8926009692952844 1.2190527123346 0  0.8142943986895048 1.456823456460162 0  0.6550351547815415 1.306372577847084 0  0.4750971592514219 1.587642465653924 0  7.148591251421657 2.101759267296071 0  2.695497450198358 1.635303307886123 0  7.172013627898902 0.06682418178423898 0  2.547022808626195 2.114703408555682 0  0.714100753584725 1.822985369391057 0  4.134311585584776 0.3299228116994066 0  2.924609944837722 0.4290923358457265 0  5.600771438666585 0.84785012099005 0  0.8886846777546077 1.858385740413892 0  2.973733804066844 2.047756546124659 0  3.103900892006399 2.039702829341015 0  3.164490501499194 2.001837249934751 0  3.045975667320366 1.965065576302156 0  4.336100853103575 0.9220977958417349 0  1.96508027305735 1.69852728136497 0  6.468994195517306 0.9153515151503022 0  2.355687479078058 0.6257815937479112 0  0.06211984095462165 2.175527909481443 0  0.1618660663007366 2.137921136923655 0  5.773024522994094 0.1331483486605186 0  0.9760371967431627 0.8569655115684051 0  0 1.265625 0  1.378061389773538 2.020275994694352 0  5.026138278224354 0.3989418033565703 0  7.312938038403026 0.2866741046449163 0  1.524328118320733 0.2733403926677139 0  2.546870453636248 2.751210509268546 0  2.502393551717434 2.69991165023018 0  3.133084734403324 1.088142141064654 0  3.753379441854391 2.842090566714356 0  2.978837493138156 0.06239793498238713 0  2.877317501182273 0.0727562977639413 0  2.95746111536513 0.175454013802912 0  6.31536490784214 0.3178026291383026 0  1.97694561918339 1.084969358594092 0  1.904187583642513 1.029878354843114 0  5.430244843129409 2.381915304332939 0  5.738278532053313 1.177206118277042 0  1.107287079312954 1.40570168362231 0  1.186611760050536 1.34667486043177 0  2.995645708634541 0.5314396296973679 0  7.5473876081563 1.620761598535478 0  5.641611261476527 1.177509463295938 0  0.9976975803569492 0.2518146066781886 0  5.501349573680425 2.849676366753821 0  0.4380549990455087 2.228169986935036 0  5.439665677498852 0.1320899231143127 0  5.572837192179676 0.1302025720383513 0  1.931335714193132 2.249881747274381 0  1.671922922369896 2.408752320258058 0  2.841614165331982 0.8010212078591987 0  6.730096392802294 1.79309285414367 0  7.242992846792919 2.034010042106372 0  7.17865781820485 2.044009861622472 0  5.604646448582959 0.7636225615082062 0  4.77492045465796 1.873598886355386 0  7.284082606385177 1.975611335089788 0  2.51407146716301 2.196495266789044 0  2.869637815086366 0.137703516488656 0  6.021854003209758 0.4455008308486952 0  6.316459698961519 0.4929664266294496 0  5.543967859472033 2.429222813911571 0  5.07871129367582 1.035292681338783 0  6.940207307454616 1.595619623103333 0  4.908102522019089 0.6014580275775876 0  3.113116162711813 0.06352732889400514 0  6.948668696901088 1.446304095521253 0  2.674888037086819 1.964885997857116 0  2.685561113162132 0.6739454949725452 0  2.246014184049579 1.893653317906949 0  0.3511116414110541 1.682843194086043 0  1.497658296551727 1.748813516371468 0  1.08426456156328 0.4942748527381591 0  3.217784567603314 2.082933767661377 0  3.521831049619515 1.32304290269423 0  7.050524691439094 0.1212357505374728 0  1.084039529050171 1.610635930866841 0  7.902705596555822 2.616518668013038 0  2.438589388702525 2.709412212211665 0  2.552288716990323 0.4538137470393729 0  1.907612639358947 1.159846030153441 0  3.493621121250254 1.9 0  7.134602356986176 0.7231572925964124 0  7.143505760575228 0.8456935880585967 0  5.9375 0 0  2.16283207355736 2.288977742763412 0  3.512105284581825 0.282473610911717 0  0.2291484070679948 1.045509814578752 0  5.750951592205162 2.418430598601708 0  3.061936958758269 2.636564417340969 0  6.804285649937134 2.722677200457116 0  2.774617988084606 2.68332592087327 0  6.691339911356875 1.100040955049103 0  7.887008166040315 0.1902404023033633 0  3.063413046671502 0.5795590991962637 0  0.443585765896773 0.6204002850068421 0  3.539821689583247 1.632985196381116 0  4.145363408604377 2.176477825697113 0  0.06494843651313076 0.2636861041750901 0  7.525945602733099 2.648246241397631 0  7.578845075860121 2.592169903159345 0  7.587589999669337 2.726636422571124 0  1.715862169305508 1.122027137705401 0  5.560839092227825 2.630600478930437 0  3.674381528131813 2.586496661058825 0  7.142453659891846 2.684484179798792 0  2.688678138049712 2.293064949374001 0  3.869370556737084 0.6944175992161292 0  6.825571154426442 1.443576042209654 0  1.293528074692062 0.2155982072250545 0  2.480561287361544 0.6729286569186802 0  2.965505139801056 2.511396641153889 0  2.872374272718728 2.518575561883611 0  6.725415796816783 2.939245964295531 0  2.762986858629009 2.809245321337708 0  6.043176294292726 0.5718399094183584 0  6.103680961662445 0.4993913136258915 0  7.727873064045188 1.621923156714014 0  6.848805908348126 0.6762992537293421 0  6.337098716036414 1.416321839856304 0  7.443561181131447 0.1269791499569991 0  7.5625 3 0  6.727573720747936 0.7295958897951408 0  7.571759467370098 0.8461970897447343 0  5.191217971941108 0.5094210065439402 0  3.033538275558825 1.273147900778538 0  3.6875 0 0  7.281453417585712 0.3463881433653579 0  0.1563221035860005 0.05995717979729957 0  1.422740744399196 1.492671799852387 0  0.9775314586037769 1.766802733685617 0  4.808624221946484 0.9132468683680998 0  4.89905001660663 0.9680601487015322 0  1.957243700923279 0.6853124637275191 0  0.3522559463001091 0.6912284110333257 0  3.432538268284053 0.8937391332821174 0  5.006378878749746 1.3 0  7.486704276298674 2.00356059771411 0  5.776149282533183 1.787163935866731 0  5.789567386315876 1.697501792224255 0  5.871196052498433 1.79924082138344 0  0.6831214174720563 0.5349519891938931 0  6.874536650356319 2.936042281217014 0  0.1734446236163693 2.704317609849344 0  5.423665577777022 2.306622857612348 0  7.103958782221749 2.222934805559113 0  3.894046171190223 2.412918292526251 0  2.995234207137973 1.542147786801625 0  7.639466826011983 0.5142653505451077 0  3.847360252855144 2.34020957324188 0  3.803224352518711 2.284500792798404 0  7.707060121310808 0.6320289944204873 0  7.624681179109555 0.6433838050626194 0  7.779595376020092 0.7987232072609618 0  7.673489352329918 0.8188622416818335 0  7.732735124624467 0.7111297166273136 0  7.861212187023868 0.7870760502354163 0  4.09375 0.0576349672830861 0  6.156621367750207 0.9906263622806823 0  0.1596762372804089 0.3347252216369949 0  3.88351950513656 1.495464176419991 0  7.057959225547542 1.810447044505176 0  4.650327892499968 0.2698947339498154 0  5.797206238722692 0.4985434736047096 0  7.4375 3 0  3.312025834020794 0.134977169396354 0  3.256872885674766 0.06365620557658212 0  3.223903620489317 0.186393408413866 0  6.320036737973009 0.7918550478813025 0  0.7822873476265639 0.8438323336992498 0  4.825168821707056 1.036430662490742 0  5.607039561809257 1.604463635774928 0  5.66246188387528 1.963690572169937 0  5.626799941042764 0.06429641527447039 0  2.902059866595728 1.373063287509873 0  2.230689492691194 0.78382360575537 0  2.648304154589428 0.7931245729998349 0  2.578990246760137 0.745740389102556 0  3.314905635995282 2.851660403909728 0  5.835562953722934 2.075028886119916 0  4.507092517914413 2.936439207195965 0  4.559716523386501 2.847101219034458 0  4.443873346311832 2.828172944609753 0  3.516795411689345 1.080824052570685 0  3.308723488725408 2.420133101141015 0  3.436056498156802 2.435406123794315 0  3.394172825127478 2.370649658507478 0  3.345646562405833 2.07791589919553 0  3.365551388616574 2.176635409614561 0  3.418182156759543 2.042067848953576 0  1.439425813207595 2.48482059449307 0  4.325602819732134 2.805848598935756 0  6.037745353315297 2.582369034508491 0  2.465789769017263 2.943116101381348 0  7.484639877077838 2.108363652583352 0  7.15811608762443 1.53449820848456 0  5.229767309270711 0.5661004281349231 0  0.5893202504233818 1.139981629372859 0  0.738187158004612 0.2761833557818867 0  6.656742049530793 2.683649071208042 0  6.587895051567686 2.723810090993777 0  0.06430579558192639 2.708868997987645 0  0.1415453429100723 2.612376637661397 0  0.06216783587778367 2.640254981111458 0  3.902278021769413 0.3604176148577882 0  6.977346033320565 0.278439375019739 0  7.558563243312781 2.497352038253247 0  0.6270356844036176 2.800782076898451 0  5.439608260358598 1.99414114858176 0  6.422347145017659 1.822147791068846 0  6.385019127603396 1.721560847832392 0  6.477047290794571 1.701082509271865 0  2.372304050143971 0.06725695709017465 0  6.239311713415862 1.999922900303036 0  0.9585556554479814 0.465219057920499 0  2.142892461405423 1.177092049402995 0  3.0625 3 0  3.593829484420434 1.032975625832691 0  3.631378878749746 1.1 0  5.214411120224937 1.441369714830645 0  5.752644406020679 2.053245967020115 0  5.349029667640218 2.449367428287022 0  7.253228153355654 2.693984788940121 0  3.019525712373481 2.841284405102078 0  3.121434589532538 2.856525399481082 0  3.03125 2.945070736012674 0  4.849968235538429 0.4792993273123266 0  5.043446668794615 1.450886090107864 0  1.251838959035361 2.897147202002604 0  7.513332996729407 0.06241198938381931 0  7.498360054384039 0.1886244704175987 0  1.842126480420411 0.3828578167313803 0  5.179873641332356 1.865697113449138 0  0.4984848781659663 0.06411027613585699 0  5.41008362027365 0.4954228534769169 0  1.162148810649664 2.466198009721488 0  5.768297483940419 1.965726570112182 0  5.863750139473654 1.978574804545516 0  5.865801040532199 1.887746675901173 0  3.134920862753035 0.6670356239912283 0  3.193652900503538 0.6079571620692661 0  1.352721078602856 1.816199712210808 0  3.989006896466019 0.1351487283281948 0  6.525821894147287 0.3058722731900808 0  6.615425590787727 0.3941629836707539 0  5.632136870377773 1.269892904966116 0  5.742104753909176 1.272067892779021 0  5.375953488651301 2.582414853982666 0  5.287070065982023 2.676673707540651 0  5.268667213294655 2.613876342670885 0  5.385246730730248 2.675015563113057 0  3.423098209965128 1.260980750839491 0  5.261837207736898 2.109282897379475 0  2.498632859295731 0.06423374368146437 0  2.813644257225993 1.457293642389971 0  4.850846745694552 1.945002168892963 0  2.879566502989146 0.5255244226424799 0  5.759643247171105 1.115546674604142 0  3.769110159664987 2.410803985659868 0  5.910939708043578 2.371049327709871 0  6.176583055580745 1.799877953967618 0  3.92429403622931 1.963308664061615 0  2.9375 3 0  3.018900144407262 1.633839054644788 0  7.687074668516146 1.741922094205955 0  6.029189550439697 2.108797896865283 0  1.349445414814635 2.502625992499873 0  1.45103592620591 2.579991303328208 0  4.294081993257218 0.2289138479049528 0  4.514664338340608 2.51343755502246 0  6.532144651780913 0.1467662809540995 0  6.464520090022024 0.1928757532429902 0  6.411083354504738 0.1448544223033572 0  5.948489232613819 1.03486479737258 0  6.0625 3 0  5.618387662646854 2.211970125636452 0  5.367365460443113 2.185188225059801 0  5.527362931033668 2.295864780941509 0  5.529409027794277 2.208213950264487 0  5.431224301943891 2.193183043062454 0  7.526279289601264 2.942951620893696 0  6.029548209092275 1.306678309391036 0  5.507069242619006 0.593773418249572 0  1.91976561558588 1.322426388633551 0  2.941916874221261 1.110950447467507 0  1.8125 0 0  6.124963983980714 2.778088077792229 0  6.189844912572414 2.778537338569476 0  3.290104393443826 2.608884485340381 0  5.922953036242051 0.2720958036598689 0  4.749711673574088 0.06279976003040355 0  4.575880120664516 1.77725330900087 0  1.870528246934723 1.44082313972559 0  3.847380133913094 2.066868323728613 0  6.53374116520746 2.662906522371145 0  1.673863262992774 0.8041984654935583 0  2.823018709982375 0.1795044008504314 0  0.7838791386607953 1.378246346406002 0  0.5155353228689407 1.260449885760688 0  6.26145430828041 2.748959249174262 0  6.18979820240474 2.843336413269482 0  6.308792564206483 2.81827118422902 0  5.749309923767259 0.06510701036442468 0  7.213753473806189 0.3124194312481228 0  3.10248647214373 1.162230770649495 0  0.5004247457720572 2.916258339881366 0  1.168310538028977 2.849503048123778 0  5.499996264988839 0.06250385653771143 0  4.006378878749746 1.3 0  4.506378878749746 1.3 0  4.368621121250254 1.9 0  3.1875 3 0  3.743621121250254 1.7 0  4.9375 0 0  6.5625 3 0  0.8125 3 0  3.5625 3 0  3.618621121250254 1.7 0  0.1875 0 0  0.0625 3 0  7.6875 0 0  4.1875 0 0  4.9375 3 0  0.6875 0 0  3.9375 3 0  3.368621121250254 1.7 0  6.5625 0 0  3.631378878749746 1.3 0  2.493621121250254 1.9 0  5.506378878749746 1.3 0  5.5625 0 0  1.5625 0 0  5.1875 0 0  7.375 0.06250079378345935 0  7.4375 0 0  7.3125 0 0  4.381378878749746 1.3 0  4.4375 0 0  5.006378878749746 1.1 0  0.3125 3 0  5.381378878749746 1.1 0  3.1875 0 0  4.4375 3 0  2.743621121250254 1.9 0  5.4375 0 0  6.3125 0 0  3.4375 3 0  2.993621121250254 1.9 0  4.5625 3 0  3.3125 0 0  4.243621121250254 1.7 0  2.1875 3 0  3.618621121250254 1.9 0  3.868621121250254 1.7 0  4.881378878749746 1.1 0  5.8125 3 0  4.006378878749746 1.1 0  3.118621121250254 1.9 0  5.0625 0 0  2.618621121250254 1.7 0  2.6875 3 0  0.1875 3 0  0.625 2.937347348976497 0  0.6875 3 0  4.118621121250254 1.7 0  5.256378878749746 1.1 0  4.131378878749746 1.1 0  6.9375 3 0  3.743621121250254 1.9 0  3.868621121250254 1.9 0  4.131378878749746 1.3 0  0.9375 0 0  0.8125 0 0  0.5625 0 0  0.4375 3 0  2.5625 0 0  6.8125 0 0  4.381378878749746 1.1 0  3.881378878749746 1.3 0  4.118621121250254 1.9 0  4.6875 0 0  4.625 0.06305222141649498 0  4.5625 0 0  4.8125 0 0  4.6875 3 0  3.4375 0 0  4.3125 3 0  4.631378878749746 1.1 0  4.667028869734176 1.042885342954922 0  4.756378878749746 1.3 0  4.702779016765146 1.363208608394405 0  4.631378878749746 1.3 0  3.6875 3 0  2.6875 0 0  2.5625 3 0  3.993621121250254 1.9 0  5.8125 0 0  4.881378878749746 1.3 0  2.618621121250254 1.9 0  2.493621121250254 1.7 0  2.9375 0 0  2.868621121250254 1.7 0  6.1875 3 0  1.3125 3 0  3.9375 0 0  7.1875 3 0  6.0625 0 0  5.9375 3 0  2.4375 0 0  0.4375 0 0  2.3125 3 0  5.6875 0 0  3.881378878749746 1.1 0  4.506378878749746 1.1 0  2.1875 0 0  5.1875 3 0  1.3125 0 0  1.1875 3 0  3.493621121250254 1.7 0  3.243621121250254 1.9 0  6.9375 0 0  6.8125 3 0  1.5625 3 0  2.0625 0 0  1.9375 3 0  2.3125 0 0  4.3125 0 0  4.1875 3 0  2.8125 0 0  5.131378878749746 1.1 0  5.256378878749746 1.3 0  0.5625 3 0  4.756378878749746 1.1 0  4.368621121250254 1.7 0  2.743621121250254 1.7 0  6.6875 3 0  2.4375 3 0  5.065694245515506 1.721235733583363 0  6.734445311069441 2.576113596413532 0  2.431037403726104 2.857958226296357 0  0.1654636980078571 1.468469623207094 0  2.859520121702853 1.147737406793179 0  0.8238366791963732 2.586218881609863 0  0.7493691423220259 2.543903745220278 0  3.426582546846111 1.635492433595841 0  4.935135651576143 2.788513735042079 0  4.158833371839616 0.5938761648631349 0  0.3123536351242139 0.1664516510799932 0  2.813153188625397 0.3584933830042737 0  0.9809966357467175 1.387316302551459 0  0.9009531484854204 1.421984981642979 0  0.7416403206625711 2.43533305132578 0  4.467384432527789 0.3764732946541198 0  1.865778158131728 1.556579707739488 0  4.378133932793399 0.8650380414304865 0  7.924665475412436 0.5797777976408809 0  4.048601490844839 1.963056159043436 0  7.009369698432289 0.1681647190781758 0  1.448412679676795 0.3482620393822682 0  7.783584635991747 2.862638047795713 0  6.102202228577966 2.188006964397046 0  2.605562309126814 2.627761788667982 0  6.517233505583749 1.125412561835724 0  6.663905964489427 0.7641117024036699 0  7.750453807828602 1.176220222967007 0  2.076803192775865 2.692870680017277 0  1.906469819400401 2.627544560600183 0  1.985821652794968 2.723411611854241 0  1.811226373911891 2.711529398876812 0  1.970504853716716 2.628153474188996 0  1.889344321338317 2.722494202208669 0  3.691190598542471 0.1629641614500385 0  5.868302595544288 0.4040800602720127 0  0.3340504821014719 2.010763701430684 0  6.339876173361821 1.554694946599305 0  7.566446536336266 2.108953200717954 0  7.686563401222005 2.220359868248206 0  0.05761636841966573 1.2890625 0  7.842955837010449 2.938246866914995 0  2.337271179650316 0.4698169267551497 0  3.018176074455186 1.388706299781428 0  1.79157331051031 0.1791008418768552 0  7.016377863155819 2.188818118636768 0  1.622437638816592 2.140051938447289 0  1.515079528352997 2.198968184385989 0  0.3832978715097263 1.502686958324261 0  3.281632803539796 0.3525066329543768 0  1.149297155960052 0.1579544253813044 0  5.315543031313099 2.501820284779419 0  1.270960349044394 1.177980238690989 0  1.881798412435034 2.532668209547415 0  1.08520393477319 0.9057281052863094 0  1.106959726851669 0.9970220289249572 0  3.635976254784023 0.6881101770261769 0  5.414759494848023 1.879787462667868 0  7.35471446709198 2.083147820377144 0  7.405224009491937 2.170498798221986 0  6.590264413258069 2.034690794775859 0  6.599510546037281 2.105717059575321 0  2.161613137427606 1.306707464046965 0  2.097198275826154 2.566481140984664 0  5.550315871259458 2.810751418363665 0  5.835917879812115 0.7898578223423018 0  2.359707287682684 1.811235512345152 0  2.360994164700585 1.882437518030782 0  7.470227519568652 1.626043855694546 0  7.385291218760021 1.55749418093901 0  7.337939822983287 1.621608574873975 0  6.825640268602098 0.4113734077462508 0  3.54692208794795 1.439047643254976 0  5.703112702132652 2.940063079408396 0  3.34703981147257 0.2515129863979076 0  6.494764413635735 2.848876513238727 0  5.502615696739883 2.523394824234578 0  5.111706397894324 0.9097525050760468 0  5.619637676139971 0.4876611929224679 0  2.873127074254582 0.4634101650035343 0  1.68895974266593 2.104798936412796 0  1.676249765463025 2.02645153245365 0  2.73419684742362 1.557687006725912 0  5.216323686246907 0.4113033421671954 0  5.121014996333566 0.3979913698019236 0  4.782182704777183 2.265051646501041 0  4.66340498747572 2.307901185299531 0  8 1.640625 0  4.244326879099003 0.2655577945909453 0  3.337422504662885 2.725311574563118 0  2.12046542778742 0.9853804772080527 0  2.031336287535292 1.038790427790114 0  0.5731992073269929 0.5650377870140827 0  1.163002515014386 1.471251248934464 0  5.225986227574598 1.355318443520897 0  6.894592990524478 1.355639046499967 0  6.946754106074176 0.4414826311564251 0  0.3888549155152023 2.612672815661881 0  7.467396750294774 2.167692779074077 0  7.497443378294508 1.022766550823001 0  7.155559052929027 1.842448191897176 0  0.3957169816507166 1.291041094124092 0  7.442406852386927 2.047787549866764 0  6.144512589467553 0.4127431567195465 0  4.734163555757231 2.869389389552037 0  0.2230203329031608 0.7173660586442526 0  0.7723557977505818 2.355852970232144 0  4.845686081132649 2.056919345002941 0  6.671252984007618 1.938411549498969 0  0.4214461287606948 0.7424761829891461 0  5.358334998941027 2.853863458319213 0  3.03200463796169 0.3872311245925014 0  4.291949953173258 1.361965404007134 0  5.489588038631443 2.399603305029874 0  1.569424537978807 0.8550170869409778 0  1.15625 0.05312267697140538 0  0.9184177128384672 1.749344173587008 0  0.8249065668157882 1.754640094753759 0  7.815378128685394 0.6017984102152478 0  5.776651880945462 2.8549100364438 0  7.5801843617553 1.448582514917086 0  7.545150892403919 1.396347928577683 0  7.479338113030878 1.39285747930011 0  7.449946041521268 1.44783854036323 0  7.47915985318252 1.506046025682956 0  7.541648461085235 1.505105695729084 0  2.250546498181142 2.93686631784076 0  4.64207853638124 0.6130483933251808 0  2.78125 0.05294272868747114 0  6.079743437661999 2.42818353670417 0  2.458553904472601 1.195399156187964 0  4.503376692578643 2.811279531851277 0  6.860395070041455 2.14264636553061 0  0.6584490278303091 0.8257502660703127 0  6.15227526985126 2.103389673106114 0  1.941323947335945 2.435037094816497 0  7.383240113160958 0.8704276498271994 0  3.918298966246205 0.2547825655433512 0  7.117544442859749 2.354297656021841 0  5.680309999758649 0.6571063801739601 0  5.585540442196749 0.6218908472850431 0  2.821793173692239 2.168695063860913 0  2.53125 2.945370115050619 0  1.731854464435281 0.6800177581620028 0  1.665566294614849 0.6837419710025503 0  7.110717087200179 2.477218712497311 0  0.8556360603900838 0.6341645326311157 0  0.8057645171018848 0.5615355148979985 0  3.476140972356185 2.509984423744226 0  5.404892598744827 0.2463321684087201 0  0.493630051076776 0.5293121629863643 0  0.4068377948673836 0.5006677147612781 0  0.4159790972071271 0.4344442249230159 0  4.089946045404934 0.4969531513255471 0  7.810225400289417 2.207275929520375 0  2.413902117885057 1.297779848895435 0  1.231500112265019 1.826836224352454 0  4.493248246306007 1.552787029527678 0  4.567658347942734 1.637852759938332 0  7.56651544352736 1.561842078419972 0  7.661763928969399 2.021970885232702 0  2.403077440766635 0.5147911609481167 0  3.02853394934432 0.7303764025268408 0  2.912324657847321 0.7147792668629716 0  7.046227904300687 0.3701487683483123 0  2.121100189073187 2.481958316774194 0  6.483650508879978 1.809992465229906 0  0.906331172383476 2.587221124929803 0  2.29495003363279 0.9913665930077025 0  6.830111842454683 1.567161090487768 0  6.181635687058757 0.6770848576330084 0  4.578908293394786 0.7217234066991852 0  5.20981009816072 1.993428043445453 0  6.435267453317087 0.2866803018232084 0  0.863198205585417 1.340793971446565 0  3.78125 2.947430378744506 0  0.5698203123620535 2.28354189497141 0  5.374106507531533 2.071668545843715 0  3.07558872737177 0.185297731963431 0  3.625429055967537 0.8286558565483767 0  0.4782373957366684 0.9768934940394728 0  1.699424999742444 1.463326984838709 0  7.340449959939273 2.945397307116415 0  1.596693891105094 1.789955338992385 0  7.500617133776176 2.249487416957729 0  4.586941996977417 2.248857278041235 0  2.135185201235076 2.672406553301151 0  4.612649183092807 1.878354113701792 0  1.013262362395175 2.215476171849367 0  0.9308686550100719 2.267425632689829 0  1.307208890609626 0.6427698085552619 0  7.94376473537616 1.094509497430212 0  3.055130347460138 0.9080398163128922 0  4.656947817000808 2.053297073693353 0  3.163644389349661 1.471368818713517 0  7.866602139741119 1.162273605633362 0  1.089864555500595 0.7033771091040887 0  4.10328925455094 1.499335134562174 0  1.958265207893605 1.39855266460357 0  7.249213420081574 2.155134470996336 0  6.909858430209397 2.255853117205609 0  6.885782743065381 2.314938678747294 0  6.926842943764934 2.361929536956644 0  6.990628313137477 2.352302109308236 0  7.729436341507317 2.383311978526856 0  5.544191122636095 1.046150166218571 0  2.355046359334373 2.550782055206852 0  4.275897500762042 0.9115640180331811 0  2.42611111066887 2.797469065321149 0  2.519803506194348 2.812100737320844 0  5.313142617994708 2.213815767651714 0  5.017674051546229 0.3387250772519345 0  4.918741971595995 0.3780826584590024 0  1.961421544418898 1.515604875410604 0  0.4306229925018865 1.389245784028811 0  7.938117431392409 2.140285833628035 0  7.213477746163409 1.176542593437381 0  7.319221299718381 1.182558906201036 0  7.297527131129852 1.264849940442088 0  5.262573557535585 0.4510195910978759 0  5.314927061884329 0.54328095223066 0  5.114961714731485 1.360274662845239 0  2.509529670683457 1.345935465138365 0  5.493806114684546 2.730706002030189 0  5.791027278190006 2.34575708160532 0  6.984903709315731 1.985526755943193 0  3.065817127700307 2.437374992970066 0  4.497612939531508 2.710533289251007 0  7.41873208090375 0.2509248220986822 0  6.621037398014677 0.8750462165066325 0  2.777367813630258 0.5569739663110118 0  3.307226193053997 2.201952847269002 0  6.770894333012771 0.1228505746144345 0  2.997591260928604 2.262986804263735 0  4.496571970969002 1.752447174185242 0  1.255070775419131 2.307294204399951 0  5.814715938728003 1.006392326968573 0  3.102066328866113 0.3511529638384644 0  5.678869485950888 2.230107351672349 0  7.389936882312439 1.439594921168193 0  2.428580404845586 2.31971873319338 0  1.756333979028878 2.577916321128345 0  1.803101540655717 2.227812775018187 0  1.810739707058725 2.291936672770686 0  7.305508052704021 1.498120409022147 0  4.366446201533159 0.9704718455499303 0  0.9368516088396226 0.1460156619592336 0  2.279473510203879 1.792712350593157 0  1.646631040086343 2.543868960881256 0  0.6525696699081641 2.364923667189202 0  4.421953241774554 1.965235515467376 0  6.497996681565682 1.219870732577029 0  0.3868638884402822 0.5922984733191309 0  3.175371201184479 1.048108050530613 0  3.276201921643323 1.01740175920272 0  2.107833577330053 1.548100282891817 0  2.257300516805426 1.675199846001354 0  2.926091237145122 2.205344361028931 0  0.4606032937811581 0.8655247821692649 0  2.252342476853507 1.609748461532553 0  2.71079097930378 0.5538912680449511 0  2.76970210461421 0.1495613721150117 0  4.24767874982568 0.3258010645132617 0  3.392592518039373 1.955543751355654 0  7.896803830033321 1.317344978791058 0  2.154304171728707 2.882736613640137 0  5.445177790470476 0.6784175064121886 0  4.380142635923167 2.909336858326665 0  1.846044587825739 0.6416121601431137 0  6.126331802601092 0.6223831078370727 0  4.848714743205448 0.3607318406679093 0  2.349224809566126 0.7683785503843866 0  6.212633359233845 2.528941717096251 0  6.07581630968674 1.910356998919146 0  4.500821819580089 0.8207425348435363 0  4.165599201736351 2.834433771805446 0  6.905696868491377 0.3705920766496557 0  4.579146526744429 2.409347020456755 0  1.360127019472168 1.562369174050293 0  1.29716507341745 1.495288823364263 0  7.692127978176478 2.562001639221899 0  7.799668655602586 2.660262477324157 0  0.05652563359907586 1.429501083425718 0  2.288944524254388 2.470439479318627 0  2.230410441263361 2.448112924815693 0  4.824615275768292 1.401038187280121 0  5.214838172909769 0.2762998150772052 0  3.528428029030998 1.271921803032226 0  3.528428029030998 1.128078196967774 0  3.548653453890372 1.121506558066285 0  3.548653453890372 1.278493441933715 0  3.536937182439202 1.302817907830173 0  </DataArray>
</Points>
<Cells>
<DataArray  type="UInt32"  Name="connectivity"  format="ascii">2879 3521 3522  339 1726 3199  6 7 8  3382 3639 4128  697 2586 4300  4 11 12  307 1984 2718  704 2596 2597  1588 3761 3795  458 3265 3688  13 4305 4306  580 1779 3713  694 1309 3052  588 1433 2160  790 1540 1902  284 2139 3763  900 1387 3238  372 1402 2758  230 1476 2241  374 1625 2643  836 2121 2587  514 1447 1865  931 1823 3086  375 1300 2373  981 1848 2058  213 2094 2693  458 3121 3755  60 1671 3057  655 2333 2635  749 1279 2708  310 1619 2349  133 2079 3575  620 1712 1713  463 2235 3508  723 2695 2696  787 3320 3487  1243 2619 3644  177 2066 2685  813 1506 2161  96 2845 3418  184 1293 3249  1790 2724 2882  518 1770 3258  518 1771 2677  99 2610 2611  776 1179 1888  804 2194 3552  982 2368 3270  707 2272 2486  1158 2307 2714  252 1437 1995  187 2097 2914  568 1941 3108  929 3535 3536  1398 2130 2496  562 1238 2061  795 1354 3701  791 2761 3444  1402 2758 3407  578 3080 3396  161 1505 3430  465 1526 2752  58 1226 3468  607 2405 3220  106 2074 2998  1125 1638 3878  76 1374 2668  1274 2571 3182  457 1495 2803  1365 1987 2920  16 3761 3795  1348 2602 4040  186 1730 2563  4 11 4265  1560 2176 3633  736 1539 2592  83 1418 2704  622 1251 2401  1786 2201 3001  85 2297 4284  2323 2967 3397  1116 2702 4107  529 1749 3231  1188 1588 3795  1414 1976 3524  931 1824 3087  553 1437 1995  210 2388 2521  176 1979 4104  1534 2936 2937  470 1357 2453  570 2073 3240  450 1621 3260  856 2515 3418  97 2146 2408  914 3297 3736  615 1775 1776  686 1213 1786  1520 2095 2450  2342 2710 4242  446 1833 3582  730 1583 1704  450 3485 4062  105 1962 2535  724 1967 2507  308 2323 4205  763 1551 2927  779 2269 2918  272 2086 4108  1130 2150 4269  890 2185 3703  286 2217 3837  108 2065 3383  1563 2524 4086  48 3221 4244  79 1567 3818  49 1278 3338  780 2930 2931  1282 2362 3810  1092 1915 3797  591 1996 3152  772 1298 2019  1117 1859 4165  1165 1869 2188  608 1744 2416  556 1491 1832  820 1676 3313  1203 2148 2449  261 1456 3044  603 2412 3863  235 1652 2662  519 2447 2986  525 3165 4170  652 2205 2206  448 2987 3461  246 1228 2706  1870 2420 4240  1555 3569 4123  1106 1481 3844  966 2840 2995  1407 2764 4144  1421 2687 3460  430 3612 4106  393 2039 2834  658 1327 2222  396 1308 1569  853 1160 2054  70 3317 4121  438 2712 2874  1098 2057 3694  634 2215 2216  1613 2400 3572  946 2754 3573  845 2001 2003  1128 2252 2523  1110 2347 2349  1603 2716 3178  643 1601 3114  884 2500 3024  867 1912 3017  2495 3116 4147  142 1478 2235  691 1646 3072  502 1216 2250  800 1507 2270  400 2424 2561  791 2424 2425  464 1975 2509  786 2050 2899  887 2916 2949  269 1628 2717  620 1758 4053  924 1606 1680  355 1428 2977  1406 3484 3562  775 1439 2933  645 1476 2765  1955 2421 4280  803 1593 2438  925 2076 3504  1483 2838 3413  249 2844 3749  78 1355 2802  261 1456 3030  1216 2250 3555  422 3096 3097  158 1689 2626  609 1795 2584  524 4217 4218  520 1927 4281  459 1856 3519  313 1322 3679  1225 1488 3683  700 2495 2631  979 2339 2395  585 1475 1943  790 2481 4301  84 2233 4235  75 1485 1613  1438 2392 3586  489 1431 1568  1758 1759 4175  816 3739 4115  1412 3630 3631  236 1340 2992  597 2001 2003  547 1959 1961  1450 2828 2829  169 2602 2946  277 1923 2587  451 1596 3541  728 1637 3398  2382 4044 4047  1148 3468 4263  788 1340 2992  380 1341 2156  576 2107 2236  201 1525 2665  1447 1448 3873  1345 3033 3060  341 1170 1733  267 2195 3335  782 1799 2299  1449 2214 3149  146 1547 1548  1459 2413 3646  527 3606 4268  402 1342 2569  616 2255 4064  182 1362 3167  182 1362 1480  1167 2531 3112  1161 4057 4176  762 2252 3753  218 2031 3689  526 3064 4039  111 2503 3118  348 1163 1789  48 1850 2596  1120 2526 3221  187 1337 2097  797 1566 2915  184 1900 3669  1446 2059 2175  1144 2284 3832  573 1363 3684  641 2219 2519  29 2227 3965  1292 1987 2920  1158 2311 4186  892 3401 4030  844 2244 3101  453 1312 2512  903 2863 2864  606 2060 3311  197 1699 3435  899 1377 3311  1127 2710 4242  1359 2628 2629  551 1898 3495  971 1288 1973  539 2493 2578  684 1199 2317  931 1823 1824  201 2826 4198  1252 1378 1756  540 1717 1819  283 1938 2020  682 1453 2521  1089 2854 3832  1153 1992 3111  878 2953 3075  727 2720 2916  446 1706 4132  513 1870 3139  166 1349 1870  412 1518 1519  655 1719 3660  852 1973 2817  332 1656 2479  332 2477 4087  1188 3795 3796  259 1364 2778  333 1631 2957  332 1277 1656  621 1840 3479  125 1304 1497  452 2773 4263  631 2642 3415  631 2294 3487  58 1226 1373  1108 1929 2907  918 3186 3696  1020 1735 2878  1137 4111 4291  68 1363 1587  624 1717 1718  699 2488 3070  821 1858 3059  1116 2124 3201  760 2867 3482  1263 4158 4159  379 2687 3460  702 2430 2431  461 1848 3514  819 2418 2419  555 1902 2043  591 1935 3152  1025 2145 2956  1650 2711 3606  1779 3369 3713  230 1645 1701  517 1701 1771  1103 4046 4048  737 2377 4078  385 2428 2854  1469 2209 3176  233 1290 2767  314 2469 3861  795 1354 2996  1572 3425 4231  235 1294 1466  785 2943 3611  1340 2100 3391  1879 2789 2959  684 2316 3332  317 1250 2386  503 1694 3777  1008 2709 2819  1166 4038 4149  826 2453 3155  1240 2211 2502  192 2311 4186  334 1633 2985  1338 2790 4207  1229 2387 2388  626 2145 2956  511 1781 2824  371 2437 2867  401 1336 2669  917 2253 3664  1983 3757 3798  1007 3854 3857  813 1959 1961  249 1674 3400  474 1474 3128  443 2716 4149  433 2014 2482  348 1789 3215  829 1183 1614  1159 2166 2310  1005 3382 3639  642 2278 2279  977 2590 3622  753 1511 4125  1115 2089 3075  190 1771 2677  1286 2233 4235  159 1925 3632  1566 2096 2915  582 2141 2142  1420 2896 3296  861 1854 3307  528 1278 1696  1089 2046 2472  1098 1875 3637  353 2612 3709  669 2272 2302  1893 2585 3013  912 1520 2095  1093 2169 4101  437 1530 2056  1318 1939 3844  110 2540 3364  356 1194 2638  434 1619 2461  1303 1991 2245  272 1794 2846  272 1842 2543  570 2173 3240  273 1660 2184  661 2258 2902  142 1664 2625  97 3567 3686  170 1214 1599  835 2121 2587  755 1214 1599  451 1595 2833  1486 2987 3245  1246 2720 2916  695 1829 2513  1131 2613 3446  143 1598 3445  1138 3193 3830  428 1589 2742  615 1938 2804  624 1717 3039  284 2136 3457  284 2430 4163  1864 2794 3381  108 2065 2682  2271 3282 3494  432 1550 2984  220 1858 2487  479 1738 2448  955 2186 3608  870 3287 3692  1247 3801 3802  767 3294 3997  1632 1768 2589  963 1523 1953  1422 3563 3881  151 2567 3175  770 2355 2567  355 1816 2648  143 1273 3675  1522 1964 2740  339 3489 4172  940 1659 1817  1181 2781 4013  301 2751 3893  431 1488 1911  577 1709 1958  951 3214 3215  548 1983 3798  397 1961 3050  305 1782 2725  2746 3318 4204  137 2315 2729  971 1973 2817  995 3698 3808  1263 2598 2777  1546 2044 2659  756 1962 2736  823 1918 2775  687 2347 2349  688 1715 2348  1002 1463 2375  460 1686 3263  1334 1945 2280  521 1334 1945  160 1425 3080  1425 3080 3396  174 1604 2126  128 2574 3131  491 2568 2747  1123 2062 2225  1713 2360 4199  924 1680 3528  1627 3113 4061  923 1405 3562  1321 2353 3486  1012 1968 3821  529 1294 1749  421 1465 2526  635 1563 4086  523 1422 1423  832 3011 3277  455 1646 3072  128 1841 3131  323 2252 2374  404 1472 2091  1163 1473 4252  1196 1649 2389  1159 2298 3402  726 1376 2672  856 1675 2515  248 1426 3008  307 2013 4243  110 2435 3364  175 3180 3408  1575 3409 3410  859 3117 3395  595 1621 2721  1524 1885 2457  333 1523 3043  1633 1837 2985  774 1583 1704  1500 2988 3163  1140 2670 3379  1360 3615 3835  1124 1912 3017  1124 1912 4075  1132 1924 2613  435 3015 3446  1107 3476 4173  339 3199 3489  340 1178 2357  210 1453 2521  804 2894 2972  618 2194 3552  665 2462 2537  739 1317 1586  1320 2463 2464  343 2555 2952  567 2051 3826  344 2630 2930  168 2193 2622  345 2416 3548  262 1702 2898  1420 2896 2897  1459 2473 2883  1151 2413 3646  1553 3610 3636  978 1855 3388  892 2655 3401  659 1603 2716  1080 1556 4181  372 1324 2119  986 2305 2327  2332 3248 3478  412 1517 2285  353 2228 2308  1139 1949 3710  832 2870 3009  829 1614 2976  223 1218 2256  1132 2613 3446  137 1297 1721  1165 2188 2728  632 1635 2723  1270 1878 3188  566 1762 2187  658 1503 4018  360 3344 3571  600 2154 2156  1088 2155 4262  362 1991 3255  886 2754 3257  654 2124 3201  363 4107 4165  515 1490 1911  524 2331 2554  561 1515 2842  827 3160 3451  422 1711 2994  750 2545 3654  41 2741 3134  686 2344 2962  84 2233 2772  724 2208 3687  688 2275 2556  571 1930 3033  574 2086 2087  654 2200 3201  371 2867 4195  1262 1720 3301  758 2757 3407  215 2294 3320  373 1318 1530  902 2381 3236  1445 2365 2807  493 1298 1809  950 2115 4124  525 1880 4237  260 1268 3140  378 2353 3486  78 1494 2242  879 1965 3711  1846 3143 4270  722 1919 2650  1085 2127 3065  438 1438 2127  815 3041 3632  519 1179 1888  1926 2447 4093  120 1764 3218  349 1242 2238  377 1580 2917  1144 2428 2854  915 2599 3331  676 1626 3497  1416 3591 4222  839 1980 3449  56 3449 4232  391 1401 2047  225 2043 4164  392 3237 3239  2381 3317 3481  448 1485 1613  638 2329 2715  969 3595 3596  1387 3238 3253  395 2045 2881  994 1784 3779  14 1435 2671  705 1917 2620  1456 3044 3146  823 1457 2182  839 1948 3538  1121 2320 4114  1336 2737 3197  1336 2669 2737  564 2467 3107  619 2244 3360  437 2365 2676  1439 2712 2874  185 1473 3241  1000 1472 3672  1092 3797 4109  1011 2465 4037  313 1517 3534  866 2040 3465  124 1353 2949  658 1327 3328  658 1969 4018  1168 3326 3842  1449 2214 3269  411 1750 3531  958 3567 4184  276 2553 3419  411 1497 2651  817 2033 2573  1366 3026 4296  126 1319 1594  745 1625 2643  178 1818 3243  1278 1696 2277  456 2099 3734  1005 2794 3382  417 2816 3799  220 1858 2409  418 1402 1442  621 1840 2094  419 1584 3147  644 2335 2337  761 2678 3448  186 1467 1730  421 1466 2402  422 1534 3096  422 1534 2936  27 1471 1571  794 2939 4287  424 1363 2322  1362 3167 4039  40 1871 2663  701 2551 2552  826 1711 2994  426 1386 1795  1152 2025 2397  1111 3609 3636  780 1411 1590  618 3021 3458  1604 2126 3123  47 1865 2367  639 2197 2968  89 2001 2143  431 1490 2443  1550 2984 4239  1549 1864 4253  1183 1403 1816  732 2200 3533  802 2460 2461  1132 1924 3061  143 3279 3445  436 2218 3256  871 1559 3207  413 1445 2807  1445 2676 3384  775 1439 2712  1256 2131 3103  439 2980 3426  1047 1608 1899  1854 3303 3307  819 2418 3354  838 2990 4257  441 1476 1477  99 2231 3150  1403 1816 4285  875 3281 3843  443 2716 3178  1576 3363 4265  1576 3181 3363  1184 1875 3637  851 1184 1875  75 1485 1993  75 1283 1464  127 3099 3877  825 3098 3125  1486 3245 3462  945 2203 3461  449 1678 3045  452 1389 3627  921 2034 3488  451 1443 2427  1080 1637 3788  818 2773 3092  151 1390 3090  1535 2314 2860  822 1903 3005  455 1648 3370  1001 3370 3732  456 3731 3734  456 3010 3443  1161 2063 3594  1161 2063 3283  1151 3063 3265  532 1504 3121  224 1192 2302  224 1192 1655  847 1628 2717  1463 2375 2731  718 2577 3233  624 1272 2259  462 2619 3507  716 1664 3359  793 2907 2909  1121 2424 3194  216 1929 2510  464 1664 3359  690 1398 2496  361 3006 3647  1127 1683 2710  1127 1699 4146  1567 2904 3817  1567 3817 3818  1358 2410 3471  137 1160 1297  374 1207 2801  1189 1615 1616  350 1609 3136  350 3136 4076  277 2594 2735  755 1599 2734  182 3167 3605  473 2090 4098  163 2090 4099  474 1474 1769  875 1963 2147  881 3147 3148  1461 3619 4083  1118 3554 3555  839 1980 2343  477 1724 2675  339 3270 4172  341 2176 3633  478 3038 4173  1307 1738 2448  917 2253 2254  860 1681 4080  776 1179 2770  161 1368 4074  729 1505 2667  1305 2766 3634  59 1449 3149  1668 4215 4216  1668 4216 4217  429 3012 3873  2396 3012 3873  841 2346 2868  1037 1740 1974  118 2125 2974  487 1676 3313  156 2966 3319  497 1804 2108  1461 4139 4140  1690 4139 4140  711 2355 2873  711 2568 2873  986 2119 2327  772 2083 4120  658 1970 3328  177 1758 2376  801 1792 2684  165 3326 3695  165 1568 3695  1804 2108 2237  1700 2500 3024  1375 1922 2926  406 1774 3475  634 1233 1988  851 1545 2900  502 3319 4136  1690 4136 4137  1181 2709 2819  515 1845 2571  892 1941 2655  1041 3958 3959  1659 1817 3549  688 2274 2275  695 1829 4261  1486 2203 2987  572 2080 4189  418 1442 1743  86 2680 4162  1313 2518 4298  538 1634 2518  278 1486 2203  124 1353 1727  1122 1593 2438  959 2494 3139  816 2651 3739  1448 2396 3873  514 1565 2433  1274 2571 3720  515 1911 3560  194 1312 2017  693 1312 2511  630 1872 3162  1476 2241 2476  518 1770 3663  1234 3258 3259  520 3860 4155  120 1380 2986  1380 2447 4093  520 1925 3041  521 1946 3142  522 3653 4035  523 2848 4179  80 2009 3390  936 1424 2554  1384 4216 4217  845 3166 4145  773 2789 2959  1362 2624 3064  68 1363 2645  789 2295 3862  107 2185 2295  528 1351 1818  1133 1351 3243  1294 1466 2402  650 1294 1749  1014 1666 3871  841 2346 3126  1642 3437 3783  532 1976 2230  773 1469 2978  533 1978 3464  806 2439 2793  536 1758 4053  536 1758 1759  1215 1532 3715  536 1532 3715  616 1577 1834  1573 1834 3503  1395 2167 4017  388 4017 4223  269 2264 3056  615 1776 1938  283 1938 2804  252 2369 3172  1186 2841 3688  1864 3853 4253  542 1549 1864  543 1250 2005  879 1536 4283  544 1355 2041  739 1317 2181  1270 1878 2879  304 1443 2161  976 3156 3717  754 2390 3786  96 1960 2845  754 3786 4192  549 2027 3856  233 1907 4213  1129 2650 4228  967 1359 1898  551 1520 4100  540 1775 1952  641 2219 2953  1186 2841 3027  553 2025 2397  1233 1957 3247  298 1233 1988  2018 3625 3751  972 2043 3624  1236 1491 2871  556 1640 3297  186 1640 2563  557 1850 3593  83 1626 2704  558 1777 2049  559 2040 3465  559 1283 2329  560 1928 3428  161 3430 4199  863 1432 3206  1770 1872 3663  562 1872 3162  1344 2384 2722  191 1342 2739  349 2238 2534  564 3107 4024  146 1548 1792  749 1280 2707  2051 3826 3827  567 2414 3077  402 1343 4168  843 3107 3108  533 1979 3756  1710 2508 3607  1180 2073 2074  106 3207 3617  1345 1665 2372  811 1345 1665  271 2080 3225  1082 2080 4189  954 2170 2536  257 2089 2170  574 1339 2240  173 1825 3272  1175 3060 3120  575 1823 3086  761 2337 2911  41 2933 3134  577 1322 1425  431 1489 2695  934 3428 3429  115 3528 4295  730 1704 2750  774 2888 2889  872 1950 3226  261 1289 2118  581 1191 1883  88 1335 2141  582 1611 2029  1027 1954 2328  583 2133 2135  98 1602 3762  989 2658 3766  281 2049 2975  83 1418 2069  950 2115 2432  586 2082 3712  187 1734 2399  1529 3535 3536  247 2244 3101  588 1344 2384  724 1210 1967  589 1967 2507  590 2249 2423  282 1282 2362  855 1893 2825  168 1506 2755  345 1744 3510  593 2600 2601  345 1744 2416  594 1923 2153  595 1146 2721  1389 2565 3627  113 2148 2449  341 1170 1835  639 2415 3280  1128 2002 2968  276 1496 3566  170 1599 3789  149 1183 1614  1159 2166 2298  600 2155 4262  601 1971 1999  206 2038 3648  602 1191 1883  602 2063 3283  808 2412 3146  1018 3557 3558  604 2109 2110  1301 2345 3553  855 3014 3371  855 2825 3014  81 1317 1586  904 2060 3341  306 3089 3236  1283 1464 3564  1193 2621 2622  117 1420 2897  426 1384 2331  609 1751 2239  215 2163 2855  1148 2164 3092  992 1791 2963  1197 2549 2961  44 3794 3803  1247 2981 3803  782 2942 3802  98 1717 1819  1718 2031 4241  616 2253 2254  917 1307 2448  185 2255 3241  113 3459 4122  912 2095 4122  247 2244 3360  88 1433 2929  1281 2066 2376  620 1713 1782  476 1980 4233  1690 4135 4136  1420 1639 3736  622 2297 4185  743 1831 2796  792 2021 2022  218 1718 2031  98 1717 3039  1650 2295 2711  625 2295 3862  223 1194 1582  626 2144 2956  192 1240 4289  628 1241 2534  628 2310 2312  932 2714 2759  629 2307 2714  230 1476 2765  518 1645 3663  916 1878 3188  197 2342 2788  1181 2781 2819  1181 3321 3691  87 3420 3499  132 1653 2943  1563 2524 3066  1114 1563 3066  899 1377 2288  960 3234 3993  636 1921 2223  601 1969 1970  1485 3245 3577  430 1531 2415  639 2197 3280  706 3590 3925  1112 1909 3588  1115 2219 2953  1115 2953 3075  1244 2489 2490  742 3261 3505  2282 2764 3770  202 1945 2280  761 1537 2335  761 2335 2337  645 2130 2496  645 1476 1477  733 2828 2829  820 1450 3400  252 1554 2369  647 2369 2370  566 2422 2636  649 2334 2364  650 2402 2403  1114 1874 2607  187 2029 2399  651 1188 1876  273 1528 2206  1097 2205 2206  123 2082 4124  805 2119 2327  371 1222 2437  654 2200 2444  321 1874 3185  918 1990 2333  1589 2406 4187  656 2125 2251  365 2040 3210  658 2222 2429  1357 1741 2301  659 1391 3161  279 2258 2895  104 2891 3570  399 1457 2182  661 2015 2258  955 3609 3636  308 1311 2813  47 2792 4129  664 1921 2290  196 2290 4023  967 1359 3496  665 1255 2462  666 2451 3472  198 1411 1590  430 1531 2149  667 2767 4077  316 2114 2459  1265 2458 2459  707 1513 2612  1192 2272 2302  258 3356 3367  224 1655 1682  894 1468 3105  453 1312 1622  317 1722 3721  884 1250 1894  673 1720 3273  269 2264 2340  675 2266 2656  1218 2593 2899  1218 2256 2505  356 2638 4290  677 1924 2593  1152 2503 3118  1152 2397 3118  319 2830 3821  1105 2140 3850  890 1541 2263  107 2185 3703  1177 2191 2234  340 1229 2357  1229 2388 2521  1188 1876 3229  211 3227 3990  1693 2315 2729  684 2226 4112  685 2339 2395  685 1839 2395  163 3601 4226  1286 3702 4234  219 1827 3621  864 2174 3266  1209 2274 2275  688 2348 3650  689 2323 2325  880 2323 4205  1398 2752 3117  172 1526 2580  691 1849 2540  328 2446 2652  692 2147 2784  692 2147 3843  453 1468 3105  694 1697 3052  179 2313 2726  369 2527 3365  1915 2646 3797  831 2158 2646  325 1893 2825  1350 2825 3014  698 2558 2559  410 1498 3641  699 2487 3170  821 1858 2409  513 2494 3139  609 2239 2584  701 2551 2553  1201 2553 2727  386 1295 3498  1295 2599 3498  1272 1585 3866  1272 2259 3866  275 1663 3115  704 1261 2595  168 1506 2576  705 2621 2622  1112 1977 3590  353 2308 2612  707 2272 2610  655 1990 2333  708 2581 3352  1120 2248 4041  216 2212 3186  1153 2454 3399  877 1992 3645  770 2603 2795  103 1271 4000  79 1573 2965  404 1259 1472  53 1358 3164  1253 2462 2537  1359 2628 3496  532 1414 1976  49 1933 3338  1663 3115 3512  1409 2602 4266  335 1512 2888  717 1319 2653  624 1718 1936  176 2577 2942  719 1230 1873  314 1665 3861  220 1605 3267  721 2372 3870  722 2650 4228  380 1340 2762  722 1919 3211  723 1708 1709  688 1667 2274  756 2208 3687  325 1935 2697  697 1649 2389  326 2166 2672  1403 2673 2674  566 1761 1762  246 1762 2187  1637 3398 3788  136 2474 3838  316 2459 2666  729 2666 2668  512 1801 1891  730 1583 2749  1291 1748 2604  55 1748 3573  763 2460 2461  1620 2084 3747  1434 1906 3386  1434 2548 3749  1139 2008 3333  1139 2008 3748  2053 2421 4280  1021 1955 2421  736 1539 2483  82 1770 1872  1313 2518 2948  766 2598 2777  738 1263 2598  1317 2181 4292  739 2787 2788  354 2110 3011  354 3011 3277  286 2217 2490  965 2489 2490  328 2796 3351  743 2009 2798  294 2354 2355  437 1594 3813  1329 4020 4182  746 2783 4090  1641 2783 4090  473 4098 4234  1902 2043 4164  748 1399 2812  748 2811 2812  246 2187 2456  749 1228 2706  1844 3104 4027  508 1842 3104  751 2557 2835  751 2150 2538  256 2319 4238  1100 3324 3681  753 2590 3622  977 2582 3477  754 2268 2756  754 2756 4192  60 2151 2341  755 1214 2735  309 1565 2044  842 1962 2736  757 2582 3432  1441 2757 3407  758 2758 3407  249 1674 2844  96 1932 3716  749 1228 1279  732 2200 3201  1538 3448 4198  1538 2678 3448  1128 2252 2374  762 2252 2885  840 2614 4211  763 2614 4211  764 1544 2849  918 1544 1990  173 1825 2884  370 1444 2202  766 2774 2776  927 2774 2775  987 2020 3294  610 1776 1938  768 1371 2055  768 2055 2912  202 2281 3347  769 1571 2861  1367 2162 2163  711 2355 2567  1122 4020 4021  1165 2799 4264  772 1922 2926  1224 1375 1922  796 1880 4237  232 1881 3176  335 1189 1616  1060 1328 1512  775 2933 2934  403 1406 3562  776 2292 2945  1098 2292 3693  777 2122 2792  47 2367 2924  778 2077 3213  1300 2373 2529  318 2107 2919  173 1527 3272  1589 3193 4187  1483 2838 4225  1157 2392 4131  937 2192 2545  176 1979 2299  782 2981 2982  783 1160 2054  392 3237 3623  622 1687 2401  622 2072 4185  1653 2943 3085  132 1545 2901  558 2049 3727  338 2050 2899  335 2988 3163  215 1500 3320  788 2762 2993  385 2999 3129  1469 2703 2978  2090 2481 4301  790 2482 3276  1572 3425 3444  791 2425 2426  623 2021 2022  209 1705 2021  1470 2210 2627  1379 2908 3361  794 2938 2939  239 2938 3160  400 2561 2996  209 1705 3209  796 1275 2979  1144 2284 3007  580 1734 3713  229 1779 3369  1841 3131 4106  798 2396 3012  799 2831 2832  319 1968 3821  36 1508 1806  800 1508 2815  801 2067 3322  177 2066 2376  122 2460 3598  362 1303 1991  152 1801 1890  803 2076 2560  4 1576 4265  804 2894 4202  493 1298 1460  812 1568 3073  806 1548 2692  133 2544 3051  807 2400 3572  449 1346 1678  808 3044 3146  1421 3460 3809  738 1421 2687  810 1498 3641  810 1498 3047  174 2549 3680  811 2549 2961  1443 2161 3334  1506 2161 3334  324 1543 2501  324 1543 2730  815 2419 3106  258 2419 2876  816 2566 2921  482 2525 3630  115 1928 3784  115 2113 3678  611 2164 3092  818 2773 3090  815 1815 3106  440 2418 3354  820 3094 3095  1092 3378 3380  821 1847 3059  1117 1859 3246  361 2129 2546  991 1591 4081  927 1918 3189  279 2736 4036  824 1482 1694  824 2071 3097  447 1492 1641  1125 3877 3879  470 1357 1741  93 1742 3452  827 3036 3451  966 3412 3837  828 2397 3118  1200 2541 4026  1156 2648 4226  830 1458 3173  64 2955 3714  325 1196 3805  832 2870 3011  354 1301 3553  833 2184 3404  106 1180 2074  484 1661 2172  273 2184 3404  275 1409 2121  835 1679 2408  594 2151 2152  594 1766 1923  385 2999 3330  837 2428 3144  330 2721 2990  838 2989 2991  1249 4232 4233  1121 1948 2320  840 2207 3195  122 1303 4069  558 2050 3724  558 1598 1777  927 1918 2775  279 1918 4036  1314 3107 3108  1342 2569 4024  844 2737 3197  619 2669 2737  869 2143 3165  845 2001 2143  1651 2468 2470  847 2435 2436  847 2435 3403  355 2648 3550  971 1288 3602  328 2446 2817  174 1930 3127  850 2173 3240  1545 1811 2900  851 1545 2901  847 1454 2718  1849 2540 3364  853 2188 2728  925 1693 2315  327 2406 3810  1126 2362 2974  605 2178 3371  855 1893 3013  856 1426 3008  248 2390 3786  857 1426 2533  154 3853 4253  577 1425 1708  577 1708 1709  1398 3117 3395  420 1538 2678  159 1681 3305  860 1702 4080  990 1219 1951  336 1821 3530  262 3303 3307  2897 3529 3851  1760 2440 3205  365 1515 2030  908 1828 2875  908 2875 3267  40 2663 3135  865 1609 3136  130 2842 4051  365 1515 3210  138 2780 3017  867 3017 3018  337 2179 2701  980 2179 2701  236 1880 3502  667 2100 3391  472 1703 4224  870 3249 3250  871 1843 3208  871 1559 1843  1365 1987 3315  250 1983 3757  432 3282 3494  369 2527 4065  695 1211 2527  875 2147 3843  1166 3281 3843  190 1361 4255  876 3258 3259  1153 2132 3111  877 1992 3111  640 1977 2454  205 2102 2291  879 2042 3327  379 2006 3327  880 2323 2325  880 1814 2535  1304 1417 2660  419 1417 1584  1287 2491 2492  670 2233 2772  815 2418 2419  258 2419 3106  317 3055 3721  218 1936 3667  885 1293 3344  572 2078 2634  886 1991 3255  566 1501 2422  1353 2636 2949  204 2190 2191  1177 2234 3725  935 2733 3316  935 2263 3316  237 2560 3491  101 1892 4009  599 2111 2165  599 2166 2298  894 2615 2616  193 1468 2366  894 1468 2366  1605 1944 2157  445 3366 3694  235 1956 3638  897 2532 3867  264 1811 3422  1036 2224 2572  264 1811 2900  899 3435 3436  197 2342 4242  901 3220 3473  900 1387 2128  901 3089 3473  446 1636 3582  910 2381 3278  413 1625 2246  253 2616 2864  505 2863 3016  342 2537 3310  196 1377 2060  1254 2952 3234  1332 1901 2952  463 1379 3425  234 2022 3661  592 1596 3541  907 1595 3434  908 1605 2157  895 1944 2157  1913 3180 3408  919 3179 3521  1227 2381 3236  910 2746 3318  178 2906 3441  1737 3440 3441  551 1520 2450  912 2195 3335  545 1986 4200  913 1913 3408  346 2896 3296  914 1687 3298  915 3331 3682  915 2599 3498  358 1270 3188  916 1878 3015  390 2632 3029  180 1673 3664  1114 2105 3067  321 2524 3066  435 2542 3393  920 3062 3393  974 1767 3348  974 1273 2032  1106 3768 3844  921 1318 3493  922 1406 3385  922 1404 1406  403 1404 1406  923 2034 3485  924 2725 3527  560 1713 1782  925 2076 3491  2076 2560 3491  602 1883 2221  1300 2529 2970  927 2774 2776  927 2776 3082  1358 3164 3471  53 1310 1358  587 1529 3535  401 1336 1868  356 2724 2882  930 1683 3483  465 1525 1670  859 1525 2826  1213 1934 3150  629 1239 2308  933 3519 3520  1043 1820 1856  1374 2666 2668  161 1368 1505  648 1707 1866  263 2234 3725  668 2458 2459  668 1374 1574  1716 1794 2846  937 2192 2741  938 2475 2771  1243 1662 4110  939 2350 3083  153 1288 3602  898 1765 1817  515 1689 2626  1482 1904 3300  1845 2571 3720  527 2711 3606  943 3606 4268  1246 2851 3876  944 1781 3463  2079 3575 3875  133 1844 4028  1291 2754 3573  886 2754 3255  511 1781 3876  947 2634 3474  750 2544 3104  1559 3207 3617  363 2124 2432  123 2115 4124  348 3122 3610  1553 3122 3610  592 1596 2504  952 2416 3548  953 1707 2112  190 1361 2088  454 2059 2175  42 2260 2393  955 3610 3636  1249 1470 2627  462 2637 4110  1555 3569 3629  276 2553 2727  410 1861 3644  276 1750 3049  959 3116 4147  1668 2661 4215  1332 3234 3993  1299 2477 4087  292 2903 3890  1067 1953 3043  1523 1953 3043  319 2216 4188  964 2216 4188  542 1864 3381  542 1549 4239  366 2939 2940  1407 2840 3412  1860 2085 3042  81 1586 1860  561 1515 2030  969 3164 3471  1120 1465 2526  970 2526 3221  1147 2446 2652  849 1147 2652  972 2018 3625  391 3625 3751  740 1301 2359  973 1301 2359  329 3062 3179  975 1561 2853  976 1932 3718  1932 3718 3816  753 2319 3622  977 2582 2583  384 1393 3447  979 2857 3222  979 1475 2339  443 2398 3184  980 2179 2474  981 2430 2431  228 2180 2431  1040 3967 3968  477 1723 2579  585 1418 2136  585 1418 2069  364 2809 3212  984 1488 3561  1656 2514 3674  1277 1656 3674  135 1324 1442  986 2303 2305  987 3765 3767  283 3766 4246  988 3763 3764  284 2136 2139  989 2133 2135  989 2135 2137  990 1821 3530  336 1821 2621  600 1591 4262  9 991 1591  612 2126 3123  992 3612 3613  617 2186 4193  498 994 1784  1143 1784 3779  546 1288 2013  1391 3035 3161  1462 2939 2940  377 2284 3832  1058 1580 1972  998 1932 3816  250 1963 2147  460 1628 1686  1648 3729 3730  712 1573 2965  1000 3817 3818  455 1647 3023  1001 3370 3733  1003 2283 3020  1003 2283 2893  1516 2283 3020  117 2897 3529  117 2101 3187  752 2065 4091  1005 3383 3639  549 2016 3857  1006 1864 3853  549 1479 2016  1007 2838 3722  238 1641 2783  503 1482 1694  817 2033 2738  313 1517 2033  208 2380 2465  1010 1958 3858  1012 1267 1321  1321 3224 3822  14 1435 1917  485 1767 4034  1597 1728 3230  1016 3199 3489  1107 3102 4172  1017 1522 2964  1174 3557 3558  1019 2332 3248  1735 2878 3453  522 3083 3653  735 2053 2421  1022 1535 2314  1023 2498 2656  693 2276 2512  21 1535 2326  1258 2144 2956  1026 2260 3643  987 3294 4278  555 2043 3624  251 1176 2014  546 2012 3911  1030 2117 2578  533 2605 3464  531 1642 1643  260 1268 1783  1033 3168 3946  512 1892 3940  507 3124 4261  287 3314 3901  501 1545 1811  486 1740 1974  1014 1672 3839  1039 1966 3927  477 1725 3968  505 1754 3959  1042 1998 4282  1043 1856 3943  454 2536 3581  10 1446 3004  1045 1346 1678  447 1752 3879  77 1492 2782  1154 1905 3551  431 1490 1911  423 2847 2861  243 1441 2757  1052 2007 3542  391 1400 3751  390 2189 4049  66 1307 1738  647 2321 3427  388 1539 2592  388 2167 4017  1942 3389 3447  91 2048 2644  1458 3173 3790  155 1346 3336  331 1524 2457  30 3158 3886  334 1522 2740  1063 1522 4011  1416 2713 2837  240 1416 1773  1065 1726 3914  333 3043 3154  1631 2092 2957  331 1632 2589  32 3054 3204  1068 1631 3088  1069 1632 1768  1068 1768 2589  1070 1633 1837  1061 1837 2985  1071 1524 1885  1062 1885 2457  1167 1896 3287  1072 1703 1896  254 1946 3933  1074 1788 3308  1852 3464 3565  245 3271 4190  214 1558 3981  1078 1245 4002  741 2638 4290  1080 3787 4181  1557 3787 4181  1081 2015 2258  508 1559 1843  133 3051 3575  2658 3766 4246  584 2138 2658  1084 2816 4128  1086 1756 3799  1256 2712 2935  1370 3438 3439  344 2930 3413  1007 2838 4225  417 2575 3825  1087 1887 3828  822 1446 3004  361 2129 3006  1144 2428 3144  1144 2854 3832  859 2506 3501  1627 4095 4096  1091 2114 3429  1091 2113 2114  405 1915 3380  913 3410 4200  267 1575 3410  703 2180 2886  981 2180 2431  1095 1874 2607  320 3700 4041  213 1840 2094  1096 2619 3644  1787 2218 3256  436 1528 4070  2292 2945 3693  1098 2292 3637  1099 2732 4134  1099 2582 2583  1100 2278 2279  312 3323 3324  1101 3323 3324  2319 3622 4079  2225 2377 4078  1102 2377 4043  452 1390 2773  315 4044 4068  1389 2417 2785  1389 2565 2785  554 1988 2140  373 1318 3844  921 1318 1939  1562 3476 4173  1107 3102 3476  792 2425 2426  1108 1719 3661  1134 2574 2753  1134 2574 3131  86 1857 3719  1110 4161 4162  647 2321 2370  1111 2321 4143  205 1775 1776  1112 1977 3587  1113 1926 2447  159 1179 1681  650 2105 2403  109 2105 3454  1115 2645 3684  1363 2645 3684  509 1859 3246  2347 2488 3070  2303 4166 4167  135 1324 3517  1118 3553 4042  2109 2110 4042  1514 2870 4206  1542 2248 4041  48 2248 4244  56 2761 3194  1121 2424 2561  1583 2064 2749  152 2064 2749  315 2062 2225  1123 4078 4180  138 1741 2301  350 1333 4076  1571 2847 2861  643 1533 1601  1126 2362 3810  1126 2125 2251  1127 3760 4146  466 1683 3760  1495 2523 3753  2252 2523 3753  74 1823 1824  721 1665 2372  2150 2538 4269  1130 2150 2394  1598 2050 3130  1131 1598 3445  435 1878 3015  1132 2997 3061  1351 1818 3243  1133 2730 4178  544 2041 2753  1134 2041 2753  949 2086 2087  574 2086 4294  540 2031 4241  1136 2036 3690  764 1882 2848  321 2524 2850  1138 2268 2756  1830 3193 3830  1237 2008 3333  1237 2227 3966  646 2670 3379  779 1825 3272  201 1826 2269  576 1716 1794  1142 2107 3819  1308 1569 1763  317 2317 2386  997 1275 2284  1275 2284 3007  420 1537 1627  1090 4095 4096  1146 2990 4257  1331 2989 4257  523 1644 3242  523 1422 3563  595 2565 3627  1148 2773 4263  282 2362 4015  1589 2406 2742  347 2025 4275  1150 3063 3265  1352 2413 2821  415 1459 2821  1152 2025 4275  347 3063 3646  640 1977 3587  848 1428 2786  1154 1428 2786  433 1905 3551  163 1296 2090  686 2116 3601  1156 2116 4227  1157 2392 3586  781 1438 2392  628 2310 2311  326 2166 2310  1159 2310 2312  67 1159 2312  1160 1297 2338  395 2338 2410  926 1658 4057  457 1495 2471  694 1697 2860  1312 2017 2511  2260 2393 3643  185 1163 2261  1164 1561 3079  975 1561 3079  357 2728 2800  1165 2728 2800  1391 4038 4149  1391 3035 4038  1395 1703 4224  1427 2531 3112  1168 1449 3269  1431 1568 3695  341 1169 1733  148 2585 3013  1170 2894 4202  1170 3038 3869  113 2148 2941  1171 3458 3459  788 1340 2762  9 1172 2993  1000 2905 3672  678 1543 2501  1018 2412 3863  399 3368 3557  571 1444 2202  74 1345 2372  1176 2482 3276  263 2046 2472  648 2191 2234  18 1178 2835  18 19 1178  159 1179 2452  519 1179 2452  570 2073 2074  574 1180 3153  157 1274 3691  127 1182 3114  366 2939 4287  442 2116 4227  149 1183 1403  1184 3216 3217  264 2900 3216  480 1702 4080  1251 1592 2229  457 2063 3594  134 2841 3027  563 1654 1853  563 1364 2778  651 2399 2823  651 1188 1588  469 1615 1616  126 1189 1615  466 1597 1728  270 1728 3230  2006 2042 3327  581 1191 2006  398 2486 3455  1192 2272 2486  1193 1821 2621  608 1193 1821  741 1582 2638  1194 1582 2638  449 1195 2077  581 1195 2633  725 1196 1649  1197 1791 2963  314 2961 2963  1368 2525 4214  1412 2525 3630  237 1199 2052  543 1199 2052  111 3118 4026  427 1200 2541  170 2361 2551  598 1201 3568  846 1463 2731  1202 2375 2731  428 1203 2742  596 2406 2742  657 1760 2440  206 1204 2441  584 1205 2139  162 2135 2137  374 1207 1625  126 1206 2808  1207 2246 4121  70 2799 4264  1208 1427 2531  1394 4223 4224  1209 2274 2960  1814 1962 2535  280 1210 2699  695 1827 3621  1211 2527 3365  1609 2663 3135  207 1212 2495  442 4227 4285  686 1213 3375  598 1679 2594  170 1214 2361  482 2525 4073  59 1306 1695  156 2109 3554  1266 4135 4136  419 1493 4085  125 1304 1417  677 1924 3061  223 1218 2480  15 1360 3620  1219 3530 3835  361 1220 2546  690 1526 2580  822 1903 3006  230 1701 1903  55 1222 3232  1291 1748 3573  1223 2151 2152  1223 2504 3069  376 1375 2926  499 1224 1375  160 1265 2458  1225 1698 3800  595 1621 3260  595 1226 1373  1388 3220 3473  1227 2381 3278  1228 1279 4195  727 1228 2719  680 2387 2388  340 1229 2387  1531 2415 3280  667 2103 3244  1231 1726 3151  1065 1726 3151  1578 4137 4138  1493 4084 4085  298 2224 2572  1234 4298 4299  1313 2760 4299  1458 3831 3986  556 1491 3511  169 1236 1491  627 1237 2227  1239 2228 2308  171 2061 2872  1331 2989 3626  192 1239 2947  1729 2564 3252  488 3591 4260  488 1729 2211  1241 2238 2534  67 1159 3402  1416 1773 4260  1364 1365 3315  1243 1861 3686  1861 3567 3686  742 2281 3261  642 1334 2280  1245 2568 2747  1245 2747 2748  1781 2851 3876  1246 2916 4116  1248 3250 3289  1293 3249 3250  870 3250 3289  463 3425 4231  1980 4232 4233  543 1250 2386  200 1894 2005  85 1251 1592  85 2945 3693  1086 2816 3799  112 1252 1378  714 1252 3515  112 2462 2910  664 1921 2223  343 2463 2464  665 1320 2463  112 1255 2462  403 1256 2935  1445 3384 4203  626 2145 2639  386 2508 3607  569 1710 2508  1258 1710 3607  1000 1259 1472  712 1473 2623  376 2364 2707  586 2083 4120  48 1261 1975  464 1261 1975  758 1326 1720  1326 1720 3301  222 1965 4283  514 1447 1448  894 2615 3105  253 1264 2615  578 2113 2114  1322 1425 3396  489 1508 2815  490 1430 1431  799 1267 2830  378 1268 2832  378 1269 1910  378 1910 4247  217 1269 2517  531 1642 2517  545 1510 1985  358 1270 1510  103 2293 2642  414 1271 2262  703 1979 4104  176 1272 1585  1273 2346 3126  485 1273 2346  1274 3321 3691  504 3182 3321  796 2980 3502  1275 2979 3007  681 1707 2112  332 2477 2497  715 1933 3338  528 1351 1352  760 1279 4273  760 2444 2455  649 1761 1762  1375 2334 2364  305 1281 4169  305 1371 2913  596 1282 2404  282 1282 2404  607 1464 2405  1464 2405 3564  541 2373 2529  183 2077 3213  686 1786 2201  1285 2090 4099  368 1287 2492  368 2492 3774  670 2491 2492  224 1287 2491  153 1288 1731  546 1288 1731  581 2118 3355  1191 2006 2042  380 3143 4270  233 1290 1846  1302 3183 3747  362 1291 2604  1242 1914 2679  387 2837 4222  885 3345 3346  1293 3344 3571  235 1294 1956  529 1294 1956  569 1295 2120  1295 2120 2599  163 1155 1296  433 1155 1296  1297 1721 3490  1721 2411 3490  244 2305 2327  244 1298 1460  682 1299 2477  1299 3068 3652  1346 2950 3336  375 1300 2951  389 2320 3138  389 2345 3138  1302 2084 3747  802 1620 2084  122 1303 3598  802 2460 3598  409 1306 1584  1417 1584 2660  166 2420 2921  1305 3630 3631  409 1306 2766  1306 1695 2766  1054 2189 2683  390 1307 2189  468 1569 1763  116 1308 1763  694 1309 4049  694 1429 4049  1310 1358 2213  396 1310 2213  308 2323 2967  663 2044 2433  194 1343 1940  194 1940 3583  1313 4298 4299  510 4221 4298  67 1314 2467  1314 2467 3107  675 1452 2264  492 1455 2266  219 1827 2174  687 2349 3792  545 1317 2169  81 1317 2169  268 3385 4250  1318 1530 2056  717 1500 2843  126 1319 2653  1320 3500 4023  664 2290 4023  1114 2105 3454  1012 1321 3822  313 1322 2700  577 1322 2700  534 1323 2793  1323 2439 2793  986 2119 3517  1324 2119 3517  114 1808 2657  372 1325 1326  351 1797 3676  658 1969 1970  657 2441 3034  1328 3806 3884  2294 3320 3487  1206 2562 4182  469 1615 2562  561 1432 3596  561 1330 2842  1238 2872 3626  1238 2061 2872  905 2601 4125  1332 1901 3078  1333 1751 2239  470 1333 1751  1334 2732 4134  312 1334 2732  1335 2141 2142  401 1335 2142  537 1868 2691  180 2253 3664  929 1337 2097  401 1868 3537  911 2790 3441  527 2711 2790  574 1339 3153  370 2928 3153  667 1290 3391  236 1340 2100  1341 2154 2156  1341 3211 4270  563 1364 1365  402 1342 1654  402 1343 2384  194 1343 2159  563 1654 2869  88 1344 1853  1345 3060 4196  571 3033 3060  778 2950 3336  449 1346 2950  1347 2675 3339  478 1733 3038  556 1639 3511  557 1348 1832  1412 2525 4214  481 1368 4214  591 1451 1996  854 1996 3152  1151 3063 3646  1459 2413 2821  528 1278 1352  49 1278 1352  408 3480 4018  1969 3480 4018  795 1647 3701  140 1647 3701  544 1355 2330  78 1355 2330  897 2532 3218  382 2292 3637  239 1357 3155  1357 2453 3155  395 2410 3471  713 1358 2410  198 1359 1898  714 2628 2629  15 1581 3620  861 1360 3304  424 1361 2322  573 1363 2322  424 1361 1736  424 1736 3223  1587 2624 3064  1363 1587 2624  872 1950 3227  1393 1950 3227  1342 1654 2869  563 1365 2869  406 1366 3026  1372 1774 1931  611 2162 2163  414 1367 2162  481 1368 2667  1368 1505 2667  901 2199 3089  164 1636 2232  381 3065 3439  1370 4203 4204  305 1371 4169  565 1371 4169  500 1372 1774  500 1800 2912  921 3488 3492  450 3260 3488  76 2668 4153  76 1374 1574  649 1280 2364  499 1375 2334  599 1376 2111  149 1376 2111  196 2060 3341  637 1921 2290  1087 1887 3825  1087 1378 3827  142 1379 2235  956 1478 2235  120 1401 2810  120 1380 2810  747 2805 2806  383 1399 2805  1382 1867 3121  167 1382 1867  1892 3373 3883  237 1383 3374  426 1384 1795  609 1386 1795  941 1385 3544  158 3028 3198  1386 1904 3300  1482 3100 3300  866 2834 3253  559 2039 3465  393 2405 3000  1388 2405 3000  1397 2417 4068  1104 2417 2785  1103 2382 4044  1103 2865 4044  868 1603 3178  827 3035 3161  1416 3591 4260  488 1729 2564  384 1987 3315  384 1393 1950  182 1480 1634  1394 3604 3605  1395 2167 3771  388 1396 1539  538 1396 1539  1397 2865 4256  452 2417 4256  95 2506 3395  465 2752 3117  383 1926 4093  1399 2805 2806  1659 3597 3880  506 1764 2047  391 1401 2811  391 1484 2811  1324 1402 1442  372 1324 1402  726 2673 2674  149 1403 2673  1085 3065 3439  403 1256 1404  644 2336 3600  150 1537 2335  923 3484 3562  268 3385 3484  742 2281 3770  286 3412 3837  632 2342 2710  632 1408 2723  1409 2602 4040  275 2595 3670  360 3571 3801  218 1718 1936  714 1411 2630  198 1359 2629  1349 1552 3578  1412 1552 3578  1668 4217 4218  2309 2932 3723  1495 2523 4286  532 1867 3121  1242 1914 3392  1415 1914 3392  1064 1855 2837  1217 1417 3174  419 1217 1417  983 2069 3836  83 2069 3836  1056 2167 4014  117 1420 1639  862 2896 2897  119 2774 2775  1421 3031 3809  1422 2350 3083  1422 2350 3881  1882 2848 4179  1423 3437 3783  158 2626 3028  941 1424 2554  160 2458 3800  160 1425 1708  856 1426 1778  1426 2533 3750  552 1714 1900  1714 1900 3669  829 1997 2977  848 1428 1997  1168 3269 3325  475 2214 3269  489 1431 1884  489 1507 1884  928 3411 3595  394 3206 3411  588 1344 1433  88 1344 1433  733 1435 1906  1435 1906 3386  397 1435 2620  1435 1917 2620  813 1506 2755  813 1961 3050  252 1284 3284  252 1437 3284  1438 2877 3586  1438 2127 2877  1439 2933 3134  2192 2741 3134  720 1605 1944  418 1743 2925  1051 2744 3532  1441 2744 4025  135 1442 2617  135 2303 4167  304 1443 3433  1443 2427 3433  765 2202 2928  370 2202 2928  1370 2746 4204  131 3384 4203  10 1446 2059  454 1630 2175  1447 2122 4129  2122 2792 4129  514 2777 4159  222 2396 4158  535 2104 3467  59 1215 1532  820 1674 3400  405 1451 3094  1451 3094 3095  118 1451 3095  199 1452 2493  210 1453 3362  681 1707 1866  269 1454 2340  1452 2264 2340  2 1455 2498  1456 3030 3032  1456 3146 4059  809 3030 3032  119 2689 3031  830 1785 3171  375 3173 3790  678 2473 2883  415 1459 2883  805 1460 2657  139 4138 4139  139 4084 4259  1462 2938 2939  827 3035 3036  460 1685 3302  846 1315 3056  446 1613 2400  446 1613 1833  650 1294 2402  320 1465 2403  784 1466 2880  235 2662 2983  186 1687 2168  421 1466 2880  193 1468 2276  715 1469 2209  242 1696 2277  476 1578 1579  213 1470 1840  769 2609 2862  769 1471 1571  1173 2091 3618  1472 2091 3618  1163 1789 4252  185 1163 1473  136 1595 3434  692 1474 4288  585 1475 3040  162 1475 3040  630 2241 2476  441 1476 2476  838 2989 4257  95 1477 2991  716 1663 3512  716 1664 2625  857 3290 3292  549 2026 3290  2518 4221 4298  1634 2518 4221  215 1367 2163  335 1189 3163  503 1482 4016  1482 1904 4016  1483 2930 3413  1483 2930 2931  1484 2811 2812  225 1484 2812  638 1993 3577  407 3245 3577  278 1486 3463  278 1781 3463  944 1781 2851  407 3245 3462  1225 1698 3683  431 1225 1488  723 1489 2695  302 2267 2588  46 1490 3141  1491 1832 2570  1348 1832 2570  447 1638 2466  419 1493 3264  1493 4084 4259  602 2063 2242  1161 3027 3594  1495 2471 4286  167 2523 4286  958 3566 4184  1243 1861 3644  810 1497 3048  125 1498 3047  698 2094 2693  125 1498 2558  957 3569 3629  957 1750 3531  215 1481 2843  215 1500 2843  1502 3329 4297  1503 2539 4297  35 1691 2429  1501 2422 2539  408 2422 2539  1151 3754 3755  49 1504 3754  934 1505 3430  729 2666 2705  592 2504 3069  592 1506 2576  1507 1884 2966  156 1507 2966  812 1807 3074  489 1568 3073  612 2126 3680  429 2122 2123  1510 2181 4292  358 1510 2181  256 1887 3828  256 1511 2414  38 2887 3350  1512 2887 2888  932 1934 3150  99 1513 2231  416 1514 3009  1514 2870 3009  863 2030 3342  365 2030 3342  311 1202 2375  311 2375 4033  412 1517 2573  1517 2033 2573  147 1372 1931  352 1519 1796  1077 2499 2606  1520 3469 4100  267 3335 3469  60 1596 2504  471 1521 1671  1063 1522 1964  1017 1522 2407  962 1523 2903  333 2957 2958  1067 3053 3054  331 1524 3053  931 1670 2665  1525 1670 2665  550 1824 3087  172 1919 3211  173 1527 4293  1527 3022 4293  1097 1528 4070  1097 1528 2206  79 1567 2075  537 1573 3503  373 1319 1530  1319 1594 3813  1531 2149 3793  1230 2149 3793  59 1449 1532  535 1449 1532  423 1570 3878  1533 1601 3864  1534 3096 3099  127 1534 3099  516 2017 2511  516 2511 3820  879 1965 4283  738 1536 2688  1537 1627 3113  150 1537 3113  420 1538 2954  1538 2826 2954  231 1947 2483  538 2518 2948  747 2779 2806  473 1540 2779  107 1541 2287  680 1541 2287  1095 2212 3700  709 1542 2212  1543 2730 4178  415 2883 4178  764 2850 4111  80 1990 2849  1545 1957 3247  132 1545 1957  308 1311 2769  880 1546 4205  1547 1548 2692  496 1547 2692  534 1548 2684  1548 1792 2684  1549 3119 3274  432 2984 3119  966 2271 3494  966 2840 3412  763 1619 2927  689 1667 2324  483 1669 2309  483 2309 3723  1200 1553 3122  427 1200 1553  1554 2369 2370  427 1554 2370  865 1609 3135  425 3019 3137  1201 2551 2553  425 1556 2552  867 1557 3019  337 2664 2701  214 1558 3806  787 3487 3806  949 3616 3617  508 1842 3616  605 1560 2176  605 1149 1560  329 3179 3293  974 2890 3349  1170 1733 3038  5 1562 3869  109 1563 3224  635 1563 3224  795 1647 3023  795 1705 3209  309 1814 2659  309 2044 2659  911 3440 3441  911 1920 2363  467 1566 2096  1567 2075 3286  806 2692 2822  165 3326 3842  713 1358 2213  468 1721 2411  1570 1638 3878  299 1570 1638  27 1571 3852  791 2426 2694  56 1572 2761  537 1529 1573  79 1529 1573  364 2809 3683  1698 2809 3683  913 3409 3410  444 1575 3409  804 2971 2972  444 1576 2971  1336 1868 2691  180 1336 2691  1470 1840 3479  621 1579 3479  139 1579 4259  621 1579 4259  377 1580 1972  889 1580 2917  14 1581 3823  14 1917 3823  223 1257 2743  223 1582 2743  469 1329 2064  469 1583 2064  881 1584 3147  881 1306 1584  461 1585 2058  703 1585 2058  606 1586 3309  1586 1860 3309  552 2036 3690  526 1427 1714  580 1588 1780  580 1779 2836  1138 3193 4187  428 1589 3193  428 1203 2204  428 1590 2204  1172 2762 4274  9 1172 1591  480 1185 2229  480 1592 2229  357 2076 3504  771 2799 2800  745 2643 2808  1445 2365 2676  136 1595 3838  728 2179 2474  60 1596 3057  1521 1671 3057  1597 2434 3769  1127 1683 3760  841 1777 3126  143 1598 1777  1080 3788 3789  471 3398 3788  794 2936 2937  1462 2938 3160  127 1601 3114  1601 3864 3865  988 3514 3762  988 1848 3514  138 3017 3018  659 1357 2301  484 1604 2763  484 1660 2173  908 1605 3267  720 1743 2409  768 1371 2913  768 1774 3475  796 1880 3502  439 1607 2980  439 1607 3076  439 1608 3076  700 1609 2631  350 1609 2631  534 1323 2104  534 1610 2104  582 1611 3110  259 1611 3110  874 2445 2513  75 1464 1833  75 1613 1833  505 1614 3016  903 2863 3016  1206 1615 2562  126 1206 1615  774 2887 2888  469 1616 2889  860 1681 3305  159 1617 3632  861 1854 3285  15 1360 3304  1793 4161 4162  1110 1619 2349  1620 2550 3533  434 1620 2550  1145 2385 4062  1627 4061 4095  1264 2615 3846  1264 3846 4103  456 1624 2099  1003 2099 3734  1623 1624 2099  416 1623 1624  1207 1625 2246  745 2365 2807  676 2256 2505  676 1626 2098  330 4061 4095  1145 3113 4061  846 2892 3056  460 1628 2892  454 1630 3581  190 1630 3635  1066 1631 2092  1632 3158 3159  331 1632 3159  1016 3199 3200  334 1522 2407  388 1396 4223  538 1396 1634  632 1635 2351  100 1635 2351  1157 4131 4132  164 2877 3586  337 1557 3787  728 2474 3838  299 1638 3190  1004 3509 3511  117 1639 3509  186 1640 3298  186 1687 3298  825 3096 3099  238 1641 3098  217 2517 3783  1642 2517 3783  39 1643 3998  80 1644 3390  849 2009 3390  1701 1771 3377  1645 1701 3377  999 3263 3726  455 1648 3730  455 1647 3370  1648 3370 3733  999 3729 3730  1648 3729 3733  1725 2586 4300  107 1650 3882  107 2287 3882  846 1315 2470  492 1651 2468  1652 2662 3366  445 3085 3366  1652 3085 3366  851 1653 4118  1654 1853 2722  1344 1853 2722  948 3456 3640  1655 1682 4092  961 2957 2958  962 1656 2479  750 1657 2544  367 2192 2545  541 1658 2035  134 1658 2035  391 1400 2047  940 1659 3974  484 1660 2172  834 1661 2172  777 2791 2792  484 1661 2791  716 2637 3512  1662 2637 4110  275 1663 3670  1261 2595 3670  708 1929 2510  142 1664 2581  1197 2961 2963  721 1665 3861  281 1666 2857  1666 2857 3871  105 2274 2960  105 1667 2274  959 2661 3116  483 1668 2661  1413 2309 4153  1669 2309 4153  465 1526 2247  465 1670 2247  755 1766 2341  471 1599 2734  1038 3957 4034  485 2346 2868  844 2632 3101  180 1336 3197  759 2515 2844  487 1675 2515  656 2390 3219  487 1675 2391  656 2391 4072  1126 2125 2974  449 1195 1677  261 2118 3539  1678 3045 3046  25 1678 3046  1214 2594 2735  277 1679 2594  406 1606 1680  817 3026 4296  1179 1681 2770  480 1185 1702  882 2286 3358  459 1682 3357  1683 2434 3769  930 1683 2434  1684 2379 2606  352 1684 2379  322 1685 4133  2283 2893 4133  110 3403 3726  1686 3403 3726  784 2168 3746  186 2168 3746  503 1688 2618  158 2618 3668  158 1689 3668  1688 2618 3668  1690 4138 4139  1690 4137 4138  1691 2222 2429  494 1691 2222  1841 3612 4106  719 1230 2149  853 1693 2729  1165 2799 2800  1694 3777 3778  824 1694 3872  59 1215 1695  482 1215 1695  625 1757 2296  242 1469 2703  1162 2516 4152  247 1697 2516  668 1574 2809  668 1698 2809  1699 3436 3759  1699 3435 3436  0 1700 3897  517 1701 3005  1701 1903 3005  1185 1702 2898  860 1854 3303  1703 1896 3003  1167 1896 3003  400 2424 2425  792 1705 2021  807 1657 1706  367 1657 1706  210 1866 3362  681 1866 3362  723 1709 2588  858 1709 3742  569 1852 3203  826 1742 3452  824 1482 3100  161 4074 4113  620 1712 4053  560 1782 3527  1782 2725 3527  552 1714 2383  552 2036 2383  687 1715 3394  219 1715 3394  576 1716 2236  1142 2107 2236  615 1819 2485  98 1819 2485  1877 3345 3667  218 3345 3667  655 1719 2635  655 2969 3660  758 2757 3706  684 2315 4112  468 1721 2316  1143 1722 3721  468 1763 3780  1231 1723 2579  23 1231 1723  148 1347 1724  1347 1724 2675  697 1649 4300  477 1725 2586  339 1231 1726  1726 3199 3200  124 1487 1727  601 1971 4063  466 3760 4282  1240 2211 4289  1729 2211 4289  970 2526 3196  970 1850 3593  546 1731 2011  71 2012 3912  665 1732 3500  196 3341 3500  478 1733 2356  1169 1733 2356  1734 2399 2823  651 1588 2823  939 1731 3084  522 1422 3083  1480 1736 3223  510 1480 1736  814 2905 4177  467 2096 3286  1039 1738 1966  993 2261 3745  479 1966 3743  637 1377 2288  195 1740 2289  1333 1741 2780  470 1333 1741  93 3100 3300  93 1742 2318  720 1743 2925  821 1743 2409  952 2416 3859  608 2416 3859  1745 4046 4048  491 1745 4048  1102 4043 4045  231 4043 4201  566 1761 2273  566 1501 2273  55 1748 3232  731 1748 3232  109 3224 3822  109 1749 3231  810 1750 3049  411 1497 3048  1742 1751 2318  470 1742 1751  825 1752 3125  1641 3098 3125  893 2863 2864  102 1753 3275  1428 1997 2977  505 1614 2976  770 2567 3175  414 1271 2795  344 1252 1756  1086 2838 3413  242 1696 1757  1696 1757 2296  1610 2104 2528  535 1759 2528  536 1532 1759  535 1532 1759  657 1760 3034  365 1760 3034  144 1747 2273  144 1761 2273  649 1762 3665  246 1762 3665  1763 3780 3781  116 1763 3781  120 1401 1764  1401 1764 2047  506 1764 2532  506 1765 2532  836 1923 2587  277 1766 1923  296 2853 2890  485 1767 3348  212 2866 3088  474 1769 3816  474 3718 3816  1234 1770 3258  82 2760 4299  190 1630 3169  190 1771 3169  244 1298 2019  653 2303 2305  1392 1773 2564  968 1392 1773  406 1366 1931  406 1774 1931  878 2220 4272  205 2220 4248  1112 2102 2291  205 1776 2291  841 1777 2975  1777 2049 2975  548 1983 3814  1426 1778 3750  751 2538 2836  229 2538 4269  1588 1780 3761  18 1780 3761  278 1781 3576  1781 2824 3576  305 1281 4054  305 1782 4054  531 1643 2698  884 1784 3055  498 1700 3024  830 1785 3831  1055 1785 3953  368 2201 3001  669 1786 3001  871 1787 2218  271 1843 3208  891 3373 3374  101 1892 3883  404 4126 4252  951 3214 3584  677 1790 2724  677 1790 3061  128 1509 2608  992 1791 3613  495 1810 2852  434 1793 4161  732 2550 3533  1135 3545 4294  576 1527 3022  1384 1795 3337  1795 2584 3337  1518 1519 1796  147 1518 1796  1325 1797 3676  114 1325 1797  863 1760 3205  1432 3206 3411  1031 3416 3417  1800 2055 2912  54 1800 2055  1383 1890 3785  1801 1890 3785  657 1327 2442  129 2440 3205  144 1761 2859  144 1803 2859  141 1514 4206  141 1804 2237  565 2068 4230  495 2067 2852  1508 1806 2814  497 1806 2814  496 2692 2822  36 1807 3074  1460 1808 2657  493 1460 1808  1298 1809 2371  52 1809 2371  801 2067 2852  146 1792 1810  501 1811 3424  501 1812 3424  898 3423 3424  26 3423 3662  739 1408 2788  606 1813 2787  842 1814 1962  309 2776 3082  883 2772 4281  520 1815 3041  355 1183 1816  1156 1816 2648  898 1817 3423  528 1818 2296  528 1696 2296  540 1775 1819  615 1775 1819  948 3456 4092  459 1820 3456  990 1821 2101  608 1821 2101  304 1959 3156  907 2427 3433  575 1175 1823  74 1345 4196  550 1824 4031  1824 3312 4031  765 2300 2884  575 1175 2300  1826 2269 2918  575 1826 2918  507 1827 3268  1827 2174 3268  1829 3124 4261  37 1829 3949  780 1830 3406  428 1830 3406  691 1831 3414  209 1831 3414  556 1640 1832  557 1730 2563  607 1464 3582  1464 1833 3582  712 1573 1834  712 3241 4064  341 1835 3021  1170 1835 4202  40 1499 1871  1499 1871 2856  1014 1838 3839  530 2857 3871  530 1839 3168  1096 2070 2693  213 2070 2693  1841 3612 3613  128 1841 3613  272 1842 4108  949 2086 4108  1844 4027 4028  1082 2080 3225  1082 4027 4028  508 3104 4027  515 1490 1845  46 1490 1845  380 1341 4270  721 3861 4213  135 1847 2617  821 1847 2617  981 2430 4163  461 1848 2058  1831 2796 3351  691 1831 3351  1850 2596 2597  557 1850 2597  233 1846 1851  722 1846 1851  61 1852 3894  1853 2641 3685  88 1853 2641  440 1854 3285  860 1617 3306  978 1855 3387  387 1855 3388  459 1820 1856  1856 3519 3520  509 1857 2702  509 1859 2702  509 1858 3170  1858 2487 3170  1859 2702 4107  1859 4107 4165  904 1732 3310  904 1860 2085  1861 3567 4184  1496 3566 4184  371 1222 1862  511 1863 3775  1222 1863 3775  55 1222 1863  1005 2794 3381  1006 1864 2794  663 1546 2769  663 1865 2367  648 1866 2733  210 1866 2733  532 1414 1867  167 1414 1867  929 3536 3537  537 1529 3536  1869 2188 4191  902 2171 3239  816 2420 2921  166 1870 2420  513 1870 4240  513 1871 2856  82 1872 3254  562 1872 3254  233 1873 2767  719 1907 2469  918 3185 3696  1095 3186 3696  851 1875 4118  445 1875 4118  651 1611 1876  259 1611 1876  718 1877 3233  360 1877 3233  916 2997 3015  919 3521 3522  773 1881 2959  121 1879 2789  869 3165 4170  869 3081 4170  845 2143 3165  232 1881 3166  764 1882 4111  217 1882 4291  581 1883 2633  183 2221 2633  490 1431 1884  1266 3319 4136  1071 1885 3942  242 1886 4019  789 1886 4019  752 2575 4091  1101 2319 4238  120 1356 2986  382 1356 1888  807 1889 3051  807 1889 3572  803 1383 1890  152 2064 2681  301 1891 2751  730 2750 2751  891 3373 3883  512 1892 3373  697 1893 2585  325 1196 2389  1250 1894 2005  707 1895 2486  398 1895 2486  289 1896 3287  967 1898 3495  81 1860 3042  666 2095 2450  198 1898 2451  439 1608 1899  997 1275 3426  885 1293 1900  184 1293 1900  1255 2051 2555  567 2051 2555  790 1902 3276  555 1902 3276  230 1221 1903  1221 1903 3006  426 1386 1904  426 1385 1904  1176 2014 2482  249 1906 2828  733 1906 2828  719 1873 1907  233 1873 1907  783 1908 3109  130 1908 3109  1909 3588 3589  1276 2020 3651  531 1783 4247  531 1910 4247  984 1911 3560  984 1488 1911  425 1557 3019  865 1912 3137  909 1913 3180  444 1576 3181  387 1292 1914  1292 1914 2679  405 1451 1915  591 1451 1915  786 2050 3724  83 1626 2098  1013 1917 3823  705 2621 3824  842 2736 4036  2258 2902 3603  1919 2247 3592  550 2247 3087  229 1566 2363  229 1920 2363  637 1921 2289  637 2289 4119  52 1224 1922  772 1298 2371  836 1923 2946  1923 2153 2946  338 2593 2899  338 1924 2593  1113 1926 4155  159 2452 4154  84 1381 1927  383 1381 1926  1381 1927 3860  520 1927 3860  1091 1928 3784  1091 1928 3428  708 1929 2907  708 2509 2510  571 1444 1930  1444 1930 3127  147 1931 3655  1366 1931 3655  96 1778 2649  976 1932 3716  532 1504 1933  49 1504 1933  932 2231 3150  726 1934 3513  831 2646 2697  591 1915 2646  624 1936 3546  718 1936 3546  965 1937 3666  108 2278 2973  1276 3589 3651  610 3589 3651  1939 3768 3844  1939 3492 3768  1622 1940 3583  568 1622 1940  67 1314 1941  1314 1941 3108  978 1942 3389  33 3387 3944  281 2857 3222  983 3727 3728  720 1944 3811  895 1944 3951  769 1533 2609  521 1945 2862  254 3432 4088  521 1334 4134  538 1539 1947  1539 1947 2483  839 2343 3157  839 1948 3449  398 3542 3710  398 3455 3542  259 1364 3226  1364 1950 3226  262 3307 4251  862 1185 2898  1136 2031 3689  1136 2031 2745  291 1839 1954  685 1839 1954  736 1955 4141  181 3929 4141  785 1956 3638  529 1968 2944  634 1233 1957  132 2943 3611  1010 2332 3442  73 1958 3858  547 1959 3717  1959 3156 3717  759 1960 2845  547 1434 2548  547 1434 1961  397 1435 3386  105 1962 2960  756 1962 2960  873 3119 3274  873 3757 3798  1062 1885 3523  798 2574 2753  1448 2396 4158  479 1738 1966  1966 3743 3744  280 1210 1967  964 1968 2944  964 2215 2216  601 1727 3480  601 1969 3480  601 1970 1999  638 1971 1999  407 1487 4063  407 1971 4063  189 3579 4012  377 1972 4097  1288 2013 4243  852 2435 2436  1015 1974 3758  486 3436 3759  709 1542 2248  709 1975 2509  715 2209 2230  232 2209 3176  92 1977 2454  92 2198 2454  1852 1978 3464  61 1852 1978  1799 2299 3756  1979 2299 3756  476 1578 2343  476 1980 2343  221 1981 3183  731 1981 3183  857 3290 3291  548 2533 3750  998 1983 3814  250 1769 3815  539 1454 1984  1454 1984 2718  1270 2879 3177  175 2879 3177  1093 3469 4100  545 2169 4101  978 1292 1987  384 3389 3447  634 2140 3850  634 1988 2140  1028 2243 3002  1544 1990 2849  80 1990 2969  436 1991 2245  886 1787 3256  710 1992 3921  1283 2329 2715  75 1283 2715  882 1682 3357  258 3106 3367  252 1554 1995  828 1554 1995  118 1451 1996  854 2362 2974  829 1997 3868  848 1997 3961  1015 3760 4146  69 3758 3926  638 2329 3648  206 1970 1999  993 3743 3744  617 2000 2261  2001 2197 3280  597 2001 2197  167 1414 2002  597 2003 3524  1976 2003 3524  232 1976 2003  819 2419 2876  1618 3285 3354  200 2005 3917  581 2006 3355  1289 2118 3355  948 2007 3640  63 2007 3640  734 2008 4010  80 2009 2023  80 2023 2969  893 1753 3275  1731 2011 3084  293 2011 3084  995 2578 3807  546 2013 3698  2013 3698 3808  307 2013 3808  433 1905 2014  1048 1905 2014  661 1174 2647  661 2015 2647  2016 3854 3857  50 2016 3854  194 1162 2017  516 1697 4152  972 2018 3885  1053 2018 3908  586 1772 2530  586 2019 2530  1276 2020 3294  283 2133 3765  743 2797 2798  209 2021 2797  1719 2022 3661  623 1719 2022  2009 2023 2798  623 2023 2798  541 1437 2035  1437 2035 3657  1150 3063 3526  553 2024 2025  2026 3290 3291  154 2026 3291  1006 3855 3856  285 2027 3855  692 2028 4288  136 2028 4288  187 1337 2029  582 2029 4071  561 1432 2030  863 1432 2030  540 1952 2745  540 2031 2745  329 1561 3349  920 2032 3062  1009 3677 3679  1009 2033 2738  921 1939 3492  268 1318 3493  2024 2035 3657  134 2024 2035  68 1587 2383  68 2036 2383  885 1877 3345  552 2037 3346  559 1204 2038  206 1204 2038  559 1283 2039  393 2405 3564  1204 2441 3034  559 1204 2040  323 2252 2885  1134 3131 3132  78 1191 2042  879 2330 3711  972 1484 2043  225 1484 2043  1565 2044 2433  663 1546 2044  561 1330 2045  1330 2045 2881  890 2185 3129  263 2234 3025  1400 2047 3597  506 2047 3597  888 2190 3540  888 2048 3841  2049 3727 3728  281 2049 3728  558 1598 2050  338 2050 3130  567 1901 2555  112 1255 2051  891 2052 3547  543 2052 3547  735 1746 2053  231 1746 2053  392 2054 3623  1908 3237 3623  54 2055 2068  54 1805 2068  922 2676 3384  1406 3385 3484  896 2662 3366  896 4185 4284  981 2058 2180  703 2058 2180  1044 1629 2059  454 1629 2059  1377 2060 3311  904 1860 3309  1104 2061 4150  171 2565 2785  1104 2417 4068  562 2061 4150  457 1494 2063  1494 2063 2242  1329 2681 4020  1329 2064 2681  752 2196 3681  752 2065 2682  801 2685 3322  2066 2685 3322  565 2067 4230  1805 2068 4230  1371 2055 2068  565 1371 2068  585 1943 2069  983 1943 2069  956 2070 3507  213 1470 2210  824 2071 3872  238 2071 3872  784 2072 2983  622 1687 2168  570 1660 2173  370 2073 3191  833 2998 4067  570 1660 2184  79 1529 2075  587 1529 2075  357 1593 2076  803 1593 2076  1300 2970 3213  183 2970 3213  947 2824 3576  947 2078 2634  572 2078 3875  572 2079 3875  946 2634 3474  271 2080 3574  456 3443 3731  140 2359 3133  123 1260 2082  586 1260 2082  586 1260 2083  376 1260 2083  362 1303 2818  362 1302 2084  967 2085 3042  342 2628 3496  272 1794 3545  272 2086 3545  106 1180 2087  574 1180 2087  954 3581 3635  573 2089 3192  954 2170 3192  2089 2170 3192  473 2090 2481  1285 2090 4098  951 2091 4126  404 2091 4126  961 2092 2957  84 1381 3812  84 2093 3812  621 2094 3773  698 2094 3773  912 3459 4122  666 1203 2449  2075 2096 3286  587 2075 2096  587 2096 2915  587 2097 2915  83 1916 2098  786 1916 2098  51 1516 3020  51 1623 2099  869 2143 3244  236 1880 3081  608 1744 3187  608 2101 3187  2102 2690 4272  640 2102 2690  1230 1873 4077  89 1531 3793  535 2104 2528  1323 2104 3467  650 1749 2105  109 1749 2105  1268 2831 2832  576 1527 2107  1527 2107 2919  800 1508 2814  604 2109 2270  156 1507 2270  156 2109 2270  1119 2110 3011  604 2108 2237  903 2111 2165  1614 3016 3740  681 2112 4022  24 2112 4022  1009 3677 3678  578 3396 3677  160 1265 3080  1265 2114 2459  760 1981 2444  123 2115 2455  686 2116 3375  442 2116 3375  71 2117 3807  2117 2578 3807  581 1195 3539  581 2118 3539  805 2119 3737  372 2119 3737  1094 3464 3565  228 2180 2886  835 2475 2771  835 2121 2475  612 2123 3123  777 2122 2123  429 1509 2123  612 1791 2608  654 2115 2432  654 2124 2432  118 1676 2125  656 2125 2391  174 2126 3680  1197 2549 3680  1085 2131 3438  1369 2877 3065  306 3089 3473  900 1908 3237  1221 2129 3006  645 1221 2129  645 1477 2130  95 1477 2130  1085 2127 2131  438 2127 2131  878 2690 4272  257 2089 3075  2133 3765 3767  583 2133 3767  1027 2328 3659  583 2134 2328  685 1954 2522  162 1475 2339  1205 2136 2139  585 1205 2136  585 1205 3040  584 1205 2137  283 2804 4246  1083 2138 2658  2139 3763 3764  584 2139 3764  1105 2140 3499  1187 2641 3685  582 1187 2141  1337 2029 4071  401 1337 2142  2103 2143 3244  89 2103 2143  386 1257 2144  626 1582 2743  22 2640 3037  22 2145 3037  598 1679 2146  1679 2146 2408  250 1769 2784  250 2147 2784  1149 2148 2941  596 1149 2148  719 1692 2149  430 1692 2149  340 1178 2557  340 2150 2557  1766 2341 3697  2151 2341 3697  345 1236 2152  594 1236 2152  594 1236 2153  169 1236 2153  600 1220 2154  172 1220 2154  361 1220 2155  600 1220 2155  1172 2762 2993  600 2156 4271  908 2157 3314  1162 2516 3782  194 1162 2159  1697 2516 4152  588 2160 3782  304 1959 2161  813 1959 2161  818 3091 3092  414 2162 3091  611 2164 3845  611 2163 2855  1106 3768 3845  58 3492 3768  892 2298 3402  253 2165 3401  599 1376 2166  1376 2166 2672  1056 1419 2167  388 1419 2167  622 2072 2168  784 2072 2168  1093 1897 2169  81 1897 2169  877 2170 2536  257 2132 3111  900 2128 2171  306 2128 2171  273 1660 2172  834 2922 2923  484 2173 2763  850 2173 2763  687 1316 3394  1316 2174 3266  517 1771 3169  517 1446 2175  341 1169 2176  605 1169 2176  605 1169 2177  148 1169 2177  596 1149 2404  605 1149 2178  728 1637 2179  337 1637 2179  1094 2605 2886  703 2605 2886  739 2181 3847  358 2181 3847  661 2182 3368  399 2182 3368  369 2183 2827  756 2183 3687  833 2184 4067  2074 2998 4067  789 1886 2999  789 2185 2295  348 1163 4193  348 2186 4193  887 2636 2949  887 2187 2456  853 2054 2188  392 2054 2188  179 1429 3704  1429 2189 4049  1177 2191 3540  2190 2191 3540  204 2191 2858  204 2520 2858  781 2192 3134  2392 3708 4131  1193 2193 2622  608 1193 2193  1575 2195 4208  444 1575 2194  267 1575 2195  618 2195 4208  256 1887 2196  752 1887 2196  2197 2968 4183  597 2197 4183  2198 2454 3399  710 2198 3399  1369 2877 3353  381 1369 2199  1981 2444 4148  2200 2444 4148  368 2201 2962  686 2201 2962  571 2202 3120  765 2202 3120  278 2078 2203  945 2078 2203  666 2450 2451  666 1203 2204  122 2205 3195  840 2614 3195  2206 2922 2923  273 2206 2922  308 2207 2813  652 2207 2813  279 2208 2895  1081 2258 2895  232 1976 2230  232 2209 2230  213 2070 2210  956 2070 2210  1415 2502 4032  2211 2502 4032  1095 2212 3186  709 2509 2510  713 1569 2213  396 1569 2213  881 2214 3149  475 3619 4083  132 1957 2215  634 1957 2215  1105 3849 3850  319 2216 3849  965 2217 2490  542 1937 3666  436 1528 2218  833 1528 2218  68 2036 2519  68 2219 2519  1952 2220 4248  641 1952 2220  1883 2221 2633  926 2529 2970  1327 2222 2442  494 2222 2442  664 1254 2223  45 1254 2223  501 1812 2572  1036 1812 2572  1102 2225 2377  315 4044 4047  237 1199 2226  684 1199 2226  29 1392 2227  627 1392 2227  1237 2228 3333  627 1237 2228  346 1251 2229  346 1185 2229  532 1933 2230  715 1933 2230  629 1513 2231  932 1934 3513  164 2232 3353  901 2232 3353  883 2286 2772  670 2286 2772  935 3025 4209  648 2234 4209  463 1379 2235  956 2235 3508  41 2933 4171  41 1716 2236  604 2237 4210  1119 2237 4210  564 1242 2238  67 1241 2467  350 1333 2239  1212 2495 2631  173 2884 3707  1135 3022 4293  230 1645 2241  630 1645 2241  78 1191 2242  602 1191 2242  251 1176 3002  251 2243 3002  1433 2929 3360  619 2929 3360  1303 2245 4069  1097 2245 4069  910 2381 3317  413 3318 4204  550 1919 2247  1526 2247 3592  709 1975 2248  48 1975 2248  2249 2423 4220  1618 3354 4220  839 2250 3538  389 2250 3538  327 2251 2268  327 2406 4187  1355 2802 2885  762 2802 2885  180 1577 2253  616 1577 2253  479 1739 4089  479 2254 4089  185 1739 2255  616 2254 4089  223 1257 2256  676 1257 2256  676 1257 2257  386 1257 2257  823 2902 3603  279 2258 3603  98 1602 3039  461 1602 2259  2186 2393 3608  42 2393 3608  993 2000 2261  185 2261 3745  631 1367 2262  414 1367 2262  890 2046 4058  890 2263 4058  1315 2468 3671  1315 2264 3056  199 1452 3058  199 2265 3058  1315 2468 2470  675 2266 3671  2267 2588 4197  1709 2588 4197  754 2268 3219  754 2390 3219  1141 3448 4198  779 2919 3649  800 2270 4279  800 2814 4279  875 2271 3282  57 3035 4038  2272 2610 2611  1213 3150 3642  1747 3599 4055  1211 2275 3365  1209 2275 3365  695 1211 3621  1211 2275 2556  693 1312 2512  1024 3525 3735  242 1469 2277  715 1469 2277  965 2489 2973  642 1244 2489  642 1334 2279  312 1334 2279  642 1244 2280  202 2281 3261  1533 2609 3347  202 2609 3347  366 2764 4144  366 2282 2764  322 2893 4133  1002 2283 4133  377 2284 4097  997 2284 4097  412 1519 2285  674 1519 2285  882 2286 3356  670 2286 2491  943 2287 3882  680 2387 3343  637 2288 4119  1740 2289 4119  195 2289 3466  637 1377 2290  196 1377 2290  610 3588 3589  610 1776 2291  776 1888 2292  382 1888 2292  1271 2262 2642  103 1271 2642  215 1367 2294  631 1367 2294  625 2295 2711  107 1650 2295  1818 2296 3071  625 2296 3071  622 1251 2297  85 1251 2297  2165 3401 4030  892 2298 4030  1410 2577 2942  1410 2942 3802  575 1825 2300  1825 2300 2884  659 1603 2301  138 1603 2301  368 1287 3001  224 1287 2302  1117 4166 4167  653 2303 4166  950 2432 3673  950 3673 4267  244 2305 2530  244 2019 2530  1001 2306 3731  322 3729 3733  629 1239 2307  192 1239 2307  629 1513 2308  1513 2308 2612  481 1413 2932  1413 2309 2932  1158 2714 4142  1158 2310 2311  192 1240 2311  628 1240 2311  628 1241 2312  67 1241 2312  694 2314 2860  694 2314 2726  2313 2314 2726  1022 2313 2314  1721 2316 3332  684 2315 3332  684 1722 2316  468 1722 2316  317 1722 2317  684 1722 2317  609 1751 2318  609 1386 2318  753 1511 2319  256 1511 2319  740 2320 4114  1301 2345 3138  303 2321 3971  1361 2088 2322  573 2088 2322  840 2967 3397  689 2323 3397  689 1551 2324  310 1619 2927  689 1667 2325  105 1667 2325  693 2326 3735  244 1460 2327  805 1460 2327  1954 2328 2522  583 2328 2522  559 2038 2329  2038 2329 3648  879 2042 2330  78 2042 2330  941 2331 2554  426 1385 3544  1011 1517 3534  1011 2332 3534  216 1929 2635  216 2333 2635  1803 2334 2859  499 1803 2334  644 2335 3600  1405 2336 3600  775 2712 2935  644 2337 3421  318 2107 3819  318 2337 3819  783 2881 3109  783 1160 2338  162 2135 2339  685 2339 2522  539 1454 2340  539 1452 2340  60 1671 4052  60 2341 4052  632 1408 2342  1408 2342 2788  502 3157 4137  502 4136 4137  686 2344 3601  163 2344 3601  1118 2345 3553  389 2250 3555  1014 1672 2868  485 1672 2868  699 1857 3070  687 2347 2488  310 2324 3650  310 2348 3650  2348 2349 3792  310 2348 2349  939 1731 2350  153 1731 2350  930 1790 2351  100 1790 2351  635 1269 2352  217 1269 2352  378 1269 2353  635 1269 2353  1271 2603 2795  770 2355 2603  294 2355 2484  148 1347 2356  148 1169 2356  682 2478 3829  682 1299 2478  659 1357 2358  239 1357 2358  140 2081 2359  973 2081 2359  560 1713 2360  1091 3428 3429  598 1201 2361  1201 2361 2551  854 1350 4015  854 2362 4015  467 1737 3440  467 1566 3440  376 1375 2364  1280 2364 2707  437 1594 2365  745 1594 2365  671 2010 2366  894 2010 2366  834 1311 2924  1311 2367 2924  982 2368 3339  478 2368 3339  830 3171 3172  647 1785 3171  427 2370 4276  427 1553 3874  772 1922 2371  52 1922 2371  1129 3312 3870  74 1824 3312  375 1284 2373  541 1437 3284  1109 3132 4105  1109 3131 3132  1002 2283 4033  1002 2375 4033  620 1782 4054  620 1758 2376  2377 4043 4201  231 1947 4201  383 1399 2378  748 1399 2378  674 1519 2379  352 1519 2379  1077 2606 4056  674 2465 4056  902 1869 3481  902 2381 3481  1102 2382 4047  491 1746 4045  526 1714 2383  526 1587 2383  588 2159 2384  1343 2159 2384  923 2385 3470  150 2385 3470  1199 2317 2386  543 1199 2386  943 2394 3343  340 2150 2394  2234 3025 4209  680 2388 3316  325 1893 2389  697 1893 2389  656 2390 4072  1675 2391 4072  1676 2125 2391  487 1676 2391  781 2192 3708  781 2392 3708  617 2393 3643  617 2186 2393  340 2387 2394  2387 2394 3343  530 1839 2395  281 1943 3222  222 2396 3145  798 2396 3145  553 1995 2397  828 1995 2397  692 2028 2398  2028 2398 3184  2029 2399 4194  651 2399 4194  807 1706 2400  446 1706 2400  346 2401 3296  346 1251 2401  1465 2402 2403  421 1465 2402  2105 2403 3067  320 2403 3067  1149 2178 2404  282 2178 2404  1388 2405 3220  1388 2128 3000  596 1282 2406  1282 2406 3810  334 2407 3340  1016 2407 3340  835 2408 2771  97 2408 2771  720 1605 2409  220 1605 2409  1297 2338 2410  713 2411 3490  468 1569 2411  713 1569 2411  808 2412 3046  808 3045 3046  49 1352 2413  1504 3754 3755  1511 2414 3077  1087 3826 3827  1109 3131 4106  639 2374 4105  1223 3069 3548  952 3069 3548  1397 2417 4256  452 1389 2417  815 2418 3585  440 2418 3585  933 1994 2876  258 1994 2876  1836 2420 4240  816 1836 2420  735 2747 2748  1353 2422 2636  408 1353 2422  590 2004 2423  819 2004 2423  792 2425 4151  400 2425 4151  234 2022 2426  792 2022 2426  234 2909 3262  234 2426 2694  451 1595 2427  907 1595 2427  385 2428 3330  1886 2999 3330  35 1503 2429  658 1503 2429  284 2430 3457  702 2430 3457  228 2599 3331  228 2120 2599  363 2304 3673  363 2432 3673  514 1865 2433  663 1865 2433  356 1597 2434  930 1790 2882  1686 3263 3726  110 2435 3403  852 1973 2436  307 1973 2436  2437 2867 3482  760 1981 3482  152 1890 2438  803 1890 2438  806 2439 3372  806 2822 3372  129 1802 2440  657 2440 2442  657 1327 2441  206 1970 3328  1802 2440 2442  494 1802 2442  431 1489 2443  1049 1489 2443  654 2115 2455  654 2444 2455  37 1829 2513  37 2445 2513  971 3602 3705  971 2446 2817  1380 2447 2986  1113 2452 4154  917 2254 2448  479 2254 2448  666 2095 2449  912 3458 3459  1898 2450 2451  551 1898 2450  198 1590 3472  198 2451 3472  1113 2447 2452  519 2447 2452  470 1742 2453  826 1742 2453  640 2132 2454  1153 2132 2454  760 2455 4273  123 2455 4273  246 1228 2456  727 1228 2456  1061 3158 3159  1061 2985 3093  1698 2458 3800  668 1698 2458  668 1374 2459  1374 2459 2666  763 1619 2461  122 2614 3195  802 1620 2461  434 1620 2461  665 1732 2537  1253 2462 2910  665 1255 2463  1901 2555 2952  343 1254 2464  664 1254 2464  674 2285 4037  674 2465 4037  447 1492 2466  1046 2466 3543  1241 2238 2467  564 2238 2467  2266 2468 3671  492 2266 2468  992 1692 3658  719 1692 2469  145 1651 2470  846 2470 2731  1186 3027 3594  1186 1382 2471  263 2472 3725  889 2472 3725  1152 4245 4275  678 2473 4245  980 2028 2474  136 2028 2474  275 2121 2475  938 3115 3512  562 1238 3162  441 2989 3626  1453 2477 2497  682 1453 2477  19 1178 3829  19 2478 3829  332 2479 4087  961 2479 4087  356 1194 2724  223 1194 2480  790 1540 2481  473 1540 2481  1296 2090 4301  433 1296 2482  736 2053 2483  231 2053 2483  2355 2484 2873  1078 2484 2873  1083 2138 2485  98 2138 2485  1192 1655 2486  1655 2486 3455  864 2875 3267  699 2488 3266  1316 2488 3266  687 1316 2488  642 2278 2489  2278 2489 2973  742 2764 2768  742 2768 3505  2286 2491 3358  224 2491 3358  1286 3702 3774  670 2233 2492  539 1452 2493  1030 2493 2578  1871 2494 2663  513 1871 2494  959 2494 4147  207 2495 3116  2129 2496 2546  645 2129 2496  332 1277 2497  681 1277 2497  1455 2266 2656  1455 2498 2656  1684 2499 2606  3 1684 2499  884 1894 2500  672 1894 2500  1173 3834 4094  324 2905 3672  349 1242 3392  628 1240 2534  3214 3584 4094  678 2503 3834  1223 2151 2504  60 2151 2504  676 2098 2505  786 2098 2505  859 2826 2954  859 2506 3395  1081 2507 3570  724 2208 2895  569 1295 2508  386 1295 2508  708 2509 3352  1664 2581 3352  709 2212 2510  216 2212 2510  2326 2511 3820  693 2326 2511  1468 2276 2512  453 1468 2512  874 1612 2513  695 1612 2513  962 1656 2514  487 1674 2515  1674 2515 2844  2160 2516 3782  247 2160 2516  1269 1910 2517  531 1910 2517  737 2760 2948  1313 2760 2948  1136 2519 2745  1136 2036 2519  1707 2520 2858  953 1707 2520  1229 2357 2521  682 2357 2521  2135 2339 2522  583 2135 2522  167 2002 2523  1128 2002 2523  1137 2524 4086  1137 2524 2850  1368 4073 4074  1368 2525 4073  421 1467 3196  421 2526 3196  695 1612 2527  1612 2527 4065  177 1610 2528  1759 2528 4175  541 1658 2529  926 1658 2529  653 2305 2530  653 1772 2530  472 1167 2531  1208 3167 3605  897 3216 3217  1764 2532 3218  548 1982 2533  857 2533 3291  1240 2502 2534  349 2502 2534  880 2325 2535  105 2325 2535  454 1629 2536  877 1629 2536  1732 2537 3310  342 1253 2537  229 1779 2538  1779 2538 2836  2539 3329 4297  1501 2539 3329  110 1646 2540  691 1646 2540  828 1554 2541  427 1554 2541  920 2542 3279  920 2542 3393  937 1716 2846  937 2545 3654  133 1844 2544  1844 2544 3104  367 1657 2545  750 1657 2545  690 2496 2546  172 1220 2580  76 2547 4160  936 2547 4160  547 1960 2548  759 1960 2548  811 1930 2549  174 1930 2549  732 1793 2550  434 1793 2550  1556 2551 2552  170 1556 2551  701 1555 2552  425 1555 2552  701 1555 3629  701 2553 3629  524 2547 2554  936 2547 2554  343 2463 2555  1255 2463 2555  688 1715 2556  219 1715 2556  751 2150 2557  1178 2557 2835  1217 3264 3773  125 1417 3174  1498 2558 2559  410 1498 2559  803 1383 2560  237 1383 2560  1354 2561 2996  740 2359 3133  469 1329 2562  1329 2562 4182  557 1832 2563  1640 1832 2563  627 1392 3252  1392 2564 3252  595 1146 2565  171 2872 4258  816 2566 4115  409 2566 4115  151 1745 2567  711 1745 2567  711 1745 2568  491 1745 2568  402 2569 4168  843 2569 4168  169 2153 2946  169 1491 2570  1689 2571 3182  515 1689 2571  298 1233 2572  501 1545 3247  817 2573 4296  412 2573 4296  128 1509 2574  798 1509 2574  752 1887 2575  1887 2575 3825  168 2193 2576  952 2193 2576  624 1272 3546  176 1272 2577  539 1984 2578  995 1984 2578  982 2675 3339  339 1231 3270  1220 2546 2580  690 2546 2580  1108 2907 2909  142 1379 2908  94 2839 3477  977 2583 3323  312 2583 3323  1212 2239 2584  207 1212 2584  148 1724 2585  697 1724 2585  697 1724 2586  477 1724 2586  835 1679 2587  277 1679 2587  302 1489 2588  723 1489 2588  1524 3053 3054  1067 3043 3154  753 2601 4125  94 2590 3299  94 2591 3299  388 1419 2592  736 1419 2592  677 2480 2593  1218 2480 2593  598 2361 2594  1214 2361 2594  275 1409 2595  704 2597 4040  48 1261 2596  704 1261 2596  1348 2597 4040  557 1348 2597  119 2689 2774  738 2598 2689  1626 3497 3682  915 3497 3682  905 1901 3078  905 2601 3078  593 2591 3299  593 2601 3299  169 2570 2602  1348 2570 2602  2354 2355 2603  744 2354 2603  1302 1748 2604  362 1302 2604  533 1979 2605  703 1979 2605  674 2606 4056  674 2379 2606  1095 2607 3700  320 2607 3700  612 2123 2608  1509 2123 2608  1945 2609 2862  202 1945 2609  707 1513 2610  99 1513 2610  669 1786 2611  669 2272 2611  707 1895 2612  1895 2612 3709  338 1924 2613  1131 1598 3130  122 2460 2614  763 2460 2614  893 2616 2864  253 2615 2616  894 2010 2616  893 2010 2616  1442 1743 2617  821 1743 2617  1385 1904 4016  158 1385 2618  2070 2619 3507  1096 2070 2619  705 1436 2620  397 2620 3050  1013 3615 3824  336 3530 3835  168 1436 2622  705 1436 2622  79 1259 2965  404 1259 2623  424 1362 2624  424 1363 2624  142 1478 2625  716 2625 2637  984 1424 3028  984 2626 3028  463 2627 3508  1249 1572 4231  1253 2910 3515  342 1253 2628  198 1411 2629  714 1411 2629  344 1252 2630  714 1252 2630  1212 2239 2631  350 2239 2631  844 1673 2632  1673 2632 3029  1195 2077 2633  183 2077 2633  946 2080 2634  572 2080 2634  1108 1719 2635  1108 1929 2635  566 2187 2636  887 2187 2636  1478 2625 2637  462 1478 2637  1190 2820 4290  741 2820 4290  626 1582 2639  741 1582 2639  741 2820 3037  1079 2820 4005  1187 2141 2641  88 2141 2641  631 3415 3487  631 2262 2642  1206 2643 2808  374 4020 4182  91 1580 2644  889 1580 2644  1115 2219 2645  68 2219 2645  591 1935 2697  591 2646 2697  660 2647 3909  1174 3558 3559  1154 1155 3550  1155 2648 3550  96 1932 2649  998 1932 2649  550 1919 2650  1129 3312 4031  816 1836 2651  411 1836 2651  849 2009 3556  849 2652 3556  717 1189 2653  126 1189 2653  717 1319 2654  373 1319 2654  568 1941 2655  1264 4103 4277  1023 2265 3058  1023 2656 3058  114 1325 2657  805 1325 2657  989 2137 2658  584 2137 2658  880 1546 2659  880 1814 2659  409 1584 2660  1304 3739 4115  959 2661 4060  483 2661 4060  2072 2662 2983  896 2072 2662  700 2494 2663  700 1609 2663  337 1557 2664  867 1557 2664  201 1826 2665  931 1826 2665  316 2114 3429  316 2666 2705  729 1413 2667  481 1413 2667  1413 2668 4153  729 1413 2668  88 1335 2929  401 1335 2669  733 2670 2671  733 1435 2671  14 2671 3907  932 2759 3513  326 2672 2759  726 1376 2673  149 1376 2673  1213 1934 3804  726 1934 2674  982 2579 2675  477 2579 2675  922 2056 2676  437 2056 2676  190 2677 4255  876 2677 4255  420 1537 2678  761 1537 2678  191 1365 2920  564 1242 2739  1793 2680 4162  732 1793 2680  152 2438 2681  1122 2438 2681  108 2278 2682  1100 2278 2682  1307 2189 2683  66 1307 2683  801 1610 2684  534 1610 2684  177 1610 2685  801 1610 2685  1020 1735 3580  1020 2686 3580  379 1536 2687  738 1536 2687  1263 2777 4159  738 1263 2688  1421 2689 3031  738 1421 2689  257 2132 4156  640 2132 2690  537 1577 2691  180 1577 2691  496 2822 4102  698 2559 2693  1096 2559 2693  1572 2761 3444  791 2694 3444  431 1225 2695  1225 2695 2696  160 1708 2696  723 1708 2696  325 2697 3805  831 2697 3805  531 1783 2698  1032 1783 2698  874 1612 4130  874 2699 4130  1010 1958 2700  577 1958 2700  868 2664 2701  980 2028 3184  1857 2702 3719  1116 2702 3719  242 1886 2703  837 1886 2703  702 3331 3682  1418 2136 3457  729 1505 2705  934 1505 2705  649 1280 3665  749 1280 2706  376 1260 2707  749 1260 2707  749 1260 2708  123 1260 2708  1008 1688 2709  504 1688 2709  1683 2710 3483  632 2710 3483  1338 1818 3071  1338 2711 2790  1256 2131 2712  438 2131 2712  1064 2713 2837  240 1416 2713  932 2231 2714  629 2231 2714  638 1993 2715  75 1993 2715  659 1391 2716  1391 2716 4149  847 1454 2717  269 1454 2717  847 2436 2718  307 2436 2718  371 1862 2719  727 1862 2719  727 1862 2720  511 1862 2720  330 1621 2721  1146 2721 2990  402 2384 2722  402 1654 2722  358 2723 3188  739 1408 3847  1194 2480 2724  677 2480 2724  305 2725 4219  924 2725 4219  694 1429 2726  179 1429 2726  1201 2727 3568  958 2727 3568  357 1693 2728  853 1693 2728  137 1160 2729  853 1160 2729  814 2904 3817  1133 2730 4177  145 2470 2731  145 1202 2731  1099 2583 2732  312 2583 2732  2388 2733 3316  210 2388 2733  471 1671 2734  755 2341 4052  755 1766 2735  277 1766 2735  756 2208 2736  279 2208 2736  844 2244 2737  619 2244 2737  115 2738 4295  817 2738 4295  1242 2679 2739  191 2679 2739  1062 1964 2740  334 2985 3093  937 1716 2741  41 1716 2741  1203 2148 2742  596 2148 2742  626 2144 2743  1257 2144 2743  1051 1440 2744  418 1440 2744  641 2519 2745  641 1952 2745  910 2746 3278  381 2746 3278  491 1746 2747  735 1746 2747  735 2421 2748  28 2748 3405  730 1801 2749  152 1801 2749  579 1704 2750  1801 1891 2751  730 1801 2751  690 1526 2752  690 1398 2752  222 1965 3145  544 1965 3145  946 2080 3574  946 2754 3574  813 1436 2755  168 1436 2755  2016 2756 4192  50 2016 2756  243 2757 3896  372 1326 2758  758 1326 2758  2714 2759 4142  326 2759 4142  1123 2225 4078  82 2760 4180  791 2424 2761  2424 2761 3194  380 2156 4274  380 2762 4274  850 2763 3431  850 1444 3127  742 2764 3770  1407 2764 2768  645 1221 2765  230 1221 2765  1305 2566 2766  409 2566 2766  1873 2767 4077  667 1290 2767  286 2490 3505  286 2768 3505  663 2367 2769  1311 2367 2769  776 1592 2770  480 1592 2770  938 1662 2771  97 1662 2771  84 1927 2772  1927 2772 4281  1390 2773 3090  1148 2773 3092  2598 2689 2774  766 2598 2774  823 1457 2775  119 1457 2775  766 1565 2776  309 1565 2776  514 1565 2777  766 1565 2777  582 1187 3110  563 1853 3685  747 2093 2779  473 2779 4234  138 1741 2780  1124 2780 3017  746 2781 2782  746 2782 4090  77 2782 3892  746 2783 2819  746 2781 2819  1474 1769 2784  692 1474 2784  171 2061 2785  1104 2061 2785  43 1905 2786  1154 1905 2786  739 1586 2787  606 1586 2787  1813 2787 2788  197 1813 2788  837 2703 2978  121 3007 3144  911 1920 2790  527 1920 2790  777 1604 2791  484 1604 2791  1661 2791 2792  47 1661 2792  806 1548 2793  534 1548 2793  2027 3855 3856  1006 2794 3855  414 1755 2795  770 1755 2795  2652 2796 3556  328 2652 2796  743 1831 2797  209 1831 2797  2021 2797 2798  623 2021 2798  70 2799 4029  771 2799 4029  771 1593 2800  357 1593 2800  1122 2681 4020  771 2801 4021  78 1494 2802  762 1494 2802  762 1494 2803  457 1494 2803  1083 2485 2804  615 2485 2804  383 1381 2805  747 2093 3812  1540 2779 2806  225 1540 2806  745 1625 2807  413 1625 2807  745 1594 2808  126 1594 2808  76 1574 4160  1574 2809 3212  1380 2378 2810  748 2378 2810  1401 2810 2811  748 2810 2811  1399 2806 2812  225 2806 2812  652 2813 2923  652 2206 2923  2108 2814 4279  497 2108 2814  489 1507 2815  800 1507 2815  1084 2575 2816  417 2575 2816  852 1849 2817  328 1849 2817  362 2084 2818  802 2084 2818  1008 2819 3778  1008 3777 3778  1079 2640 2820  2640 2820 3037  415 2821 3628  1352 2821 3628  812 1568 3372  812 2822 3372  580 1588 2823  580 1734 2823  511 1863 2824  947 1863 2824  325 1935 2825  1350 1935 2825  1538 2826 4198  201 1525 2826  1210 1612 4065  724 1210 2827  1140 2670 2829  733 2670 2829  405 1450 2829  1140 3378 3380  1105 3848 3849  799 2830 3848  799 2106 2831  679 2831 3904  1267 1321 3486  799 1267 2832  451 1521 2833  728 1521 2833  1387 2128 3000  1387 2834 3253  751 1780 2835  18 1780 2835  580 1780 2836  751 1780 2836  387 1855 2837  1416 2837 4222  285 3614 3722  1086 2816 3614  757 2582 3477  757 2839 3477  57 3035 3036  996 2840 2995  134 2024 2841  1150 2024 2841  130 3238 3253  1330 2881 3109  717 2654 2843  1481 2654 2843  2548 2844 3749  759 2548 2844  2515 2845 3418  759 2515 2845  750 2543 3654  272 2543 2846  423 1570 2847  1050 1570 2847  523 1644 2848  764 1644 2848  764 1644 2849  80 1644 2849  764 1544 2850  321 1544 2850  944 2851 4229  124 2851 4229  801 1792 2852  1792 1810 2852  974 1767 2890  296 1767 2890  1089 2046 3752  1089 2854 3752  215 1481 2855  1106 1481 2855  411 1499 2856  411 1836 2856  979 2395 2857  530 2395 2857  648 2191 2858  648 1707 2858  649 2334 2859  649 1761 2859  516 1535 2860  516 1697 2860  769 1533 2861  423 3864 3865  769 1471 2862  521 2862 3142  893 1753 2863  505 1753 2863  903 2165 2864  253 2165 2864  151 1745 4046  151 1390 2865  1631 2866 3088  1066 1631 2866  1279 2867 4195  760 1279 2867  841 1666 2868  1014 1666 2868  191 1342 2869  191 1365 2869  1119 2870 4206  1119 2870 3011  345 1236 2871  1004 1744 3510  1331 2872 4258  1331 2872 3626  1245 2568 2873  1078 1245 2873  438 1438 2874  781 1438 2874  507 1828 2875  864 2174 3268  819 2004 2876  933 2004 2876  2127 2877 3065  164 2877 3353  39 1643 3453  39 2878 3453  175 3180 3521  175 1985 3177  421 1467 2880  784 1467 2880  783 2338 2881  395 2338 2881  930 2434 2882  356 2434 2882  678 1543 2883  1543 2883 4178  765 1339 3707  765 2884 3707  323 2041 2885  1355 2041 2885  228 2120 2886  1094 2120 2886  579 1704 3516  774 1704 2887  1616 2888 2889  335 1616 2888  774 1583 2889  469 1583 2889  1561 2853 2890  1561 2890 3349  2507 2891 3570  589 2507 2891  846 1463 2892  460 1463 2892  1003 2306 2893  322 2306 2893  4 5 2972  5 2894 2972  724 2507 2895  1081 2507 2895  862 1185 2896  346 1185 2896  990 3529 3851  862 2897 3851  862 1951 2898  262 1951 2898  1218 2505 2899  786 2505 2899  851 1184 2900  1184 2900 3216  132 1653 2901  851 1653 2901  661 2182 2902  823 2182 2902  292 2514 2903  962 2514 2903  467 1737 2904  814 1737 2904  2730 2905 4177  324 2730 2905  814 1737 2906  1737 2906 3441  142 2581 2908  708 2581 2907  2581 2907 2908  793 2907 2908  793 2908 3361  793 2909 3262  1252 2910 3515  112 1252 2910  318 2337 2911  1141 2911 3649  500 1774 2912  768 1774 2912  768 1606 2913  305 2913 4219  187 1734 2914  797 1734 2914  2097 2914 2915  797 2914 2915  887 2456 2916  727 2456 2916  1089 2472 2917  889 2472 2917  779 1825 2918  575 1825 2918  318 2911 3649  318 2919 3649  191 2679 2920  1292 2679 2920  1305 2566 2921  1305 2921 3631  834 2172 2922  273 2172 2922  1311 2813 2923  834 1311 2923  47 1661 2924  834 1661 2924  418 1440 2925  720 2925 3811  772 2083 2926  376 2083 2926  310 2324 2927  1551 2324 2927  765 1339 2928  1339 2928 3153  1335 2669 2929  619 2669 2929  1411 2630 2930  780 1411 2930  780 1830 2931  50 2756 3830  1552 2932 3723  481 1552 2932  1142 2934 4171  2933 2934 4171  644 2336 2934  775 2934 2935  2336 2934 2935  403 2336 2935  794 1600 2936  422 1600 2936  127 1534 2937  127 1182 2937  239 1600 2938  794 1600 2938  1182 2282 4287  366 2282 4287  366 2940 4144  996 2940 4144  1171 1560 3833  1149 1560 2941  176 2299 2942  782 2299 2942  964 2944 3611  785 2944 3611  529 1956 2944  785 1956 2944  85 1592 2945  776 1592 2945  2602 2946 4266  836 2946 4266  1239 2228 2947  627 2228 2947  538 1947 2948  737 1947 2948  2916 2949 4116  124 2949 4116  778 2077 2950  449 2077 2950  155 1235 3336  375 1235 2951  1332 2952 3234  343 1254 2952  878 2220 2953  641 2220 2953  859 2954 3501  420 2954 3501  696 2158 3506  2158 3506 4236  1258 2956 4190  962 2479 2958  961 2479 2958  333 1523 2958  962 1523 2958  525 1879 2959  525 1881 2959  1209 2183 2960  756 2183 2960  314 1665 2961  811 1665 2961  1285 2344 2962  368 3702 3774  992 2963 3658  314 2963 3658  6 3102 3476  6 8 3102  1259 2623 2965  712 2623 2965  1266 1884 2966  1266 2966 3319  308 2207 2967  840 2207 2967  639 2374 2968  1128 2374 2968  2023 2969 3660  655 1990 2969  926 2221 2970  183 2221 2970  804 2194 2971  444 2194 2971  1576 2971 2972  4 1576 2972  108 1937 2973  965 1937 2973  854 1996 2974  118 1996 2974  281 1666 2975  841 1666 2975  505 1754 2976  829 2976 3868  355 1183 2977  829 1183 2977  121 2789 3144  773 2789 2978  796 1879 2979  121 1879 2979  796 1275 2980  1275 2980 3426  614 2981 3889  782 1799 2982  290 1799 2982  235 1466 2983  784 1466 2983  1549 2984 4239  1549 2984 3119  1062 3093 4212  1061 3093 4212  519 1888 3741  519 2986 3741  2203 2987 3461  448 1485 2987  787 2988 3884  335 2988 3884  1477 2989 2991  441 1477 2989  330 2990 3450  838 2990 3450  838 2991 3376  95 2991 3376  236 1607 2992  788 1607 2992  788 1608 2993  9 1608 2993  422 1600 2994  826 1600 2994  966 2271 2995  57 2271 2995  792 1705 4151  795 1705 2996  916 1635 2997  100 1635 2997  833 2218 3518  833 2998 3518  789 2185 2999  2185 2999 3129  1387 2834 3000  393 2834 3000  1287 2302 3001  669 2302 3001  1028 1989 3002  555 1989 3002  472 1703 3003  472 1167 3003  822 3006 3647  10 3004 4082  822 1446 3005  517 1446 3005  3004 3647 4082  822 3004 3647  121 2979 3007  1144 3007 3144  248 1675 3008  856 1675 3008  832 1624 3009  416 1624 3009  456 1624 3010  832 1624 3010  3010 3277 3443  832 3010 3277  798 1509 3012  429 1509 3012  605 2177 3371  148 2177 3013  282 2178 3014  2178 3014 3371  1132 2997 3015  1132 3015 3446  903 2111 3740  903 3016 3740  868 2664 3018  867 2664 3018  138 1603 3018  868 1603 3018  1912 3019 3137  867 1912 3019  51 2099 3020  1003 2099 3020  1171 1560 3633  1171 3021 3458  576 1794 3022  1135 1794 3022  1564 3072 3414  455 1564 3023  498 1784 3024  884 1784 3024  2263 3025 4058  935 2263 3025  1680 3528 4295  406 1680 3026  1161 3027 4176  134 3027 4176  941 1424 3198  1424 3028 3198  917 1307 3029  390 1307 3029  261 1289 3030  809 3031 3809  119 1457 3031  809 1457 3031  809 1457 3032  399 1457 3032  811 1930 3033  811 1345 3033  1204 2040 3034  365 2040 3034  996 2995 3036  57 2995 3036  996 2940 3451  996 3036 3451  2145 2639 3037  741 2639 3037  1562 3038 3869  1562 3038 4173  1602 2259 3039  624 2259 3039  1205 2137 3040  162 2137 3040  1925 3041 3632  815 1815 3041  81 1897 3042  967 1897 3042  1068 3154 3738  1067 3154 3738  808 1677 3044  261 1677 3044  449 1677 3045  808 1677 3045  25 3046 3251  125 1497 3047  810 1497 3047  411 1750 3048  810 1750 3048  276 1496 3049  810 1496 3049  1436 2620 3050  813 1436 3050  1657 2544 3051  807 1657 3051  247 1697 3052  1309 2632 3101  1068 2589 3738  331 2589 3053  32 1953 3054  1067 1953 3054  317 1250 3055  884 1250 3055  1628 2892 3056  269 1628 3056  451 1521 3057  451 1596 3057  675 2656 3058  675 1452 3058  509 1858 3059  1117 1847 3246  1175 3060 4196  571 3060 3120  100 2997 3061  100 1790 3061  329 2032 3062  919 3062 3179  347 2025 3526  347 3063 3526  526 1587 3064  1362 3064 4039  1085 3438 3439  381 1369 3065  321 1874 3066  1114 1874 3066  1114 2607 3067  320 2607 3067  13 2092 3068  961 2092 3068  592 2576 3069  952 2576 3069  86 2347 3070  86 1857 3070  1338 2711 3071  625 2711 3071  455 1564 3072  691 3072 3414  489 1508 3073  812 3073 3074  1508 3073 3074  36 1508 3074  257 3075 4156  878 3075 4156  788 1608 3076  788 1607 3076  905 1901 3077  567 1901 3077  2600 2601 3078  255 2600 3078  1164 3363 4265  1265 2114 3080  578 2114 3080  236 2100 3081  869 3081 3244  309 1814 3082  842 1814 3082  1735 3083 3653  939 1735 3083  2686 3084 3580  293 2686 3084  785 2943 3085  785 1652 3085  931 1826 3086  575 1826 3086  1670 2247 3087  931 1670 3087  212 1768 3088  1068 1768 3088  1227 2199 3089  1227 3089 3236  770 1755 3175  818 1755 3090  818 1755 3091  414 1755 3091  2162 3091 3092  611 2162 3092  334 2740 3093  1062 2740 3093  405 1450 3094  820 1450 3094  820 1676 3095  118 1676 3095  2071 3096 3097  825 2071 3096  422 1711 3097  824 1711 3097  825 2071 3098  238 2071 3098  825 1752 3099  1752 3099 3877  824 1711 3100  93 1711 3100  1309 3052 3101  247 3052 3101  8 2964 3102  1017 2964 3102  1256 1404 3103  131 1404 3103  1842 2543 3104  750 2543 3104  2615 3105 3846  453 3105 3846  520 1815 4281  1815 3106 3367  2569 3107 4024  843 2569 3107  843 1940 3108  568 1940 3108  1330 2842 3109  130 2842 3109  1187 2778 3110  259 2778 3110  257 2170 3111  877 2170 3111  184 3112 3669  1167 3287 3692  1145 2385 3113  150 2385 3113  643 2282 3114  1182 2282 3114  938 2475 3115  275 2475 3115  2661 3116 4215  207 3116 4215  859 1525 3117  465 1525 3117  828 2541 3118  2541 3118 4026  873 1963 3119  432 1963 3119  1175 2300 3120  765 2300 3120  458 1382 3121  1504 3121 3755  951 1789 3215  1200 3214 3215  777 1604 3123  777 2123 3123  507 1828 3124  1035 1828 3124  447 1641 3125  447 1752 3125  143 1273 3126  143 1777 3126  850 3127 3431  174 3127 3431  474 1822 3128  907 1822 3128  890 2046 3129  385 2854 3752  1131 2613 3130  338 2613 3130  323 2374 3132  2374 3132 4105  1134 2041 3132  323 2041 3132  740 2561 3133  1354 2561 3133  1439 2874 3134  781 2874 3134  425 1555 3137  1555 3137 4123  1124 4075 4076  865 1912 4075  865 3135 4123  865 3137 4123  740 2320 3138  740 1301 3138  1349 1870 3139  959 1349 3139  1268 2831 3140  679 2831 3140  1490 2443 3141  1049 2443 3141  1471 2862 3142  1073 3142 3985  1290 1846 3143  380 1340 3391  2789 2978 3144  837 2978 3144  544 2753 3145  798 2753 3145  1018 3146 4059  1018 2412 3146  1232 4084 4085  1232 3147 3148  475 2214 3148  881 2214 3148  59 1306 3149  881 1306 3149  99 2611 3642  99 3150 3642  23 1231 3887  854 1350 3152  1350 1935 3152  1180 2073 3153  370 2073 3153  333 1631 3154  1068 1631 3154  826 1600 3155  239 1600 3155  304 1822 3156  976 1822 3156  839 2250 3157  502 2250 3157  30 1837 3158  1061 1837 3158  1062 2457 4212  331 2457 3159  659 2358 3161  239 2358 3160  2358 3160 3161  827 3160 3161  1238 2476 3162  630 2476 3162  717 1189 3163  717 1500 3163  53 3164 3595  969 3164 3595  845 3165 4145  1881 3166 4145  845 2003 3166  232 2003 3166  1208 3167 4039  1208 3604 3605  1033 1838 3168  530 1838 3168  517 2175 3169  1630 2175 3169  699 1857 3170  509 1857 3170  647 2369 3171  2369 3171 3172  252 1284 3172  830 1284 3172  830 1284 3173  375 1284 3173  125 2558 3174  1217 2558 3174  1755 3090 3175  151 3090 3175  773 1469 3176  773 1881 3176  1510 1985 3177  1270 1510 3177  980 3184 3791  980 2701 3791  909 3181 3363  909 3179 3293  3179 3180 3521  909 3179 3180  444 1913 3181  909 1913 3181  1274 3182 3321  504 1689 3182  1302 1748 3183  731 1748 3183  443 3178 3791  443 3184 3791  321 1544 3185  918 1544 3185  918 2333 3186  216 2333 3186  1639 3509 3511  1004 1744 3509  1635 2723 3188  916 1635 3188  927 3082 3189  842 3082 3189  1638 2466 3190  1046 2466 3190  850 1444 3191  370 1444 3191  573 2088 3192  954 2088 3192  1138 2756 3830  428 1830 3193  1121 1948 3194  56 1948 3194  652 2207 3195  652 2205 3195  970 1730 3196  1467 1730 3196  180 1673 3197  844 1673 3197  158 1385 3198  941 1385 3198  1017 2407 3489  1016 2407 3489  241 3200 4127  241 3202 4127  1116 2680 3201  732 2680 3201  1633 3202 4127  1070 1633 3202  569 1710 3203  1075 1710 3203  1524 3054 3204  1071 1524 3204  863 1798 3205  129 1798 3205  394 1798 3206  863 1798 3206  2998 3207 3518  106 2998 3207  271 1787 3208  871 1787 3208  1564 3023 3209  795 3023 3209  866 2040 3210  1515 2842 4051  1341 2154 3211  172 2154 3211  364 1424 3212  936 1424 3212  778 2951 3213  1300 2951 3213  1173 3584 4094  111 3214 4094  1200 3122 3215  348 3122 3215  897 3216 3867  264 3216 3867  382 3217 4050  897 3217 4050  382 1356 4050  120 1356 3218  2251 2268 3219  656 2251 3219  607 2232 3220  901 2232 3220  48 1850 3221  970 1850 3221  1475 1943 3222  979 1475 3222  424 1362 3223  1362 1480 3223  1321 2353 3224  635 2353 3224  271 1843 3225  1082 3225 4027  872 1876 3226  259 1876 3226  872 1876 3229  872 3227 3229  211 3227 3228  3227 3228 3229  683 3228 3229  1190 2820 4005  1190 1597 3230  529 1968 3231  1012 1968 3231  1222 2437 3232  731 2437 3232  1410 2577 3233  360 3233 3801  45 1254 3235  1254 3234 3235  960 3234 3235  902 2171 3236  306 2171 3236  900 2171 3237  2171 3237 3239  900 1908 3238  130 1908 3238  392 3239 4191  392 2188 4191  850 3191 3240  2073 3191 3240  2255 3241 4064  712 1473 3241  1147 3563 3881  849 1147 3242  1133 2906 3243  178 2906 3243  2100 3081 3244  667 2100 3244  1485 2987 3245  1485 1993 3577  1847 3059 3246  509 3059 3246  501 2572 3247  1233 2572 3247  208 2465 3478  208 3248 3478  870 3249 3692  184 3249 3692  1293 3250 3571  1248 3250 3571  2412 3046 3251  603 2412 3251  1729 2947 3252  627 2947 3252  130 3253 4051  866 3253 4051  1123 2062 3254  562 2062 3254  1291 2754 3255  362 1291 3255  886 1991 3256  436 1991 3256  886 1787 3257  271 1787 3257  518 2677 3258  876 2677 3258  876 1736 3259  510 1736 3259  595 1373 3260  1373 3260 3488  202 2280 3261  1244 2280 3261  234 2694 3262  906 2694 3262  460 1685 3263  999 3263 3729  419 1217 3264  621 3264 3773  1150 2841 3688  1150 3265 3688  699 2487 3266  864 3267 3776  220 2487 3776  220 3267 3776  864 2875 3268  507 2875 3268  1430 3325 3326  1168 3325 3326  1231 2579 3270  982 2579 3270  2956 3271 4190  1025 2956 3271  779 2919 3272  1527 2919 3272  1262 1720 3273  1 1262 3273  154 1982 3274  873 1982 3274  893 2010 3275  102 3275 3915  1176 3002 3276  555 3002 3276  354 1301 3277  973 1301 3277  1227 2199 3278  381 2199 3278  143 3279 3675  920 3279 3675  89 2001 3280  89 1531 3280  57 2271 3281  875 2271 3281  432 1963 3282  875 1963 3282  602 2221 3283  926 2221 3283  541 2373 3284  1284 2373 3284  861 1618 3285  440 3285 3354  467 2904 3286  1567 2904 3286  289 3287 3288  613 3288 3289  613 3289 3840  3287 3288 3289  870 3287 3289  549 1479 3290  1479 3290 3292  1982 2533 3291  154 1982 3291  248 1426 3292  857 1426 3292  329 1561 3293  1164 1561 3293  31 3295 4278  3294 3295 4278  767 3294 3295  1687 2401 3296  914 1687 3296  556 1639 3297  1639 3297 3736  1640 3297 3298  914 3297 3298  753 2601 3299  753 2590 3299  93 2318 3300  1386 2318 3300  351 1326 3301  351 1262 3301  460 1463 3302  1002 1463 3302  860 1702 3303  262 1702 3303  1618 3304 4220  861 1618 3304  860 1617 3305  159 1617 3305  860 1854 3306  440 1854 3306  1219 3307 4251  861 1219 3307  543 2005 3308  101 1788 3883  904 2060 3309  606 2060 3309  904 2085 3310  342 2085 3310  899 1813 3311  606 1813 3311  74 2372 3312  2372 3312 3870  820 1674 3313  487 1674 3313  287 1828 3314  908 1828 3314  384 1950 3315  1364 1950 3315  1541 2263 3316  680 1541 3316  910 2246 3317  2246 3317 4121  413 2246 3318  910 2246 3318  502 1216 3319  156 3319 3554  787 2988 3320  1500 2988 3320  1181 2709 3321  504 2709 3321  565 2067 3322  565 2066 3322  1100 2279 3324  312 2279 3324  1101 2196 3324  2196 3324 3681  475 3269 3325  490 4140 4174  1323 3467 3842  1168 3467 3842  879 1536 3327  379 1536 3327  206 2441 3328  1327 2441 3328  359 1502 3329  359 3599 4055  837 2428 3330  837 1886 3330  228 2431 3331  702 2431 3331  137 1721 3332  137 2315 3332  353 2228 3333  1139 1895 3709  592 1506 3334  451 1443 3541  912 1520 3335  1520 3335 3469  1235 2951 3336  778 2951 3336  207 2584 3337  207 4215 4216  1278 2277 3338  715 2277 3338  1347 2356 3339  478 2356 3339  334 1633 3340  1016 3200 4127  904 1732 3341  1732 3341 3500  863 1760 3342  365 1760 3342  680 2287 3343  943 2287 3343  885 1877 3344  360 1877 3344  2037 3345 3346  218 2037 3345  885 1900 3346  552 1900 3346  643 2281 3347  643 1533 3347  974 1273 3348  485 1273 3348  329 2032 3349  974 2032 3349  1512 2887 3350  1060 1512 3350  328 1849 3351  691 1849 3351  464 1664 3352  464 2509 3352  1369 2199 3353  901 2199 3353  2423 3354 4220  819 2423 3354  379 2006 3355  1289 3460 3809  258 1994 3356  882 1994 3356  882 1994 3357  459 3357 3519  882 1682 3358  224 1682 3358  716 1663 3359  464 1663 3359  247 2160 3360  1433 2160 3360  793 3262 3361  906 3262 3361  1453 2497 3362  681 2497 3362  909 3293 3363  1164 3293 3363  852 1849 3364  852 2435 3364  369 2183 3365  1209 2183 3365  896 2057 3366  2057 3366 3694  2286 3356 3367  883 2286 3367  661 1174 3368  1174 3368 3557  229 1566 3369  797 1566 3369  140 1647 3732  1647 3370 3732  2177 3013 3371  855 3013 3371  165 2439 3372  165 1568 3372  1383 3373 3374  512 1801 3785  891 2052 3374  237 2052 3374  1213 3375 3804  442 3375 3804  1090 2506 3376  95 2506 3376  518 1771 3377  518 1645 3377  1092 1915 3380  227 3378 4008  1140 3378 3379  227 3378 3379  1140 2829 3380  405 2829 3380  542 1937 3381  1005 1937 3381  1084 3639 4128  285 3382 4128  1005 1937 3383  108 1937 3383  131 1404 3384  922 1404 3384  922 2056 4250  922 3385 4250  397 1961 3386  1434 1961 3386  33 1942 3387  978 1942 3387  978 1292 3388  387 1292 3388  384 1987 3389  978 1987 3389  1644 3242 3390  849 3242 3390  380 3143 3391  1290 3143 3391  349 2502 3392  1415 2502 3392  919 3062 3393  435 1878 3522  1316 2174 3394  219 2174 3394  1398 2130 3395  95 2130 3395  1322 3677 3679  1322 3396 3677  763 1551 4211  689 1551 3397  728 1521 3398  471 1521 3398  1153 1992 3399  710 1992 3399  1450 2828 3400  249 2828 3400  1264 2655 3401  253 1264 3401  67 1941 3402  892 1941 3402  847 1628 3403  1628 1686 3403  833 1528 3404  273 1528 3404  2421 2748 3405  1021 2421 3405  780 1590 3406  428 1590 3406  1441 3407 4025  1402 3407 4025  913 1985 3408  175 1985 3408  913 1913 3409  444 1913 3409  267 1986 3410  1986 3410 4200  53 928 3595  394 928 3411  1407 2768 3412  286 2768 3412  1086 1756 3413  344 1756 3413  1564 3209 3414  209 3209 3414  2293 2642 3415  1076 2293 3415  290 1799 3416  1799 3416 3417  533 1978 3417  1031 1978 3417  96 1778 3418  856 1778 3418  276 1750 3419  957 1750 3419  2140 3420 3499  554 2140 3420  644 2934 3421  1142 2934 3421  264 1765 3422  898 1765 3422  26 1812 3423  1812 3423 3424  1811 3422 3424  898 3422 3424  1379 3361 3425  906 3361 3425  997 1899 3426  439 1899 3426  647 1785 3427  1055 1785 3427  934 2360 3428  560 2360 3428  316 2705 3429  934 2705 3429  2360 3430 4199  934 2360 3430  1604 2763 3431  174 1604 3431  1099 1946 4088  254 1946 4088  907 1822 3433  304 1822 3433  1474 3128 3434  907 3128 3434  197 1813 3435  899 1813 3435  899 2288 3436  486 2288 3436  522 1422 3437  1422 1423 3437  2131 3103 3438  131 3103 3438  1370 2746 3439  381 2746 3439  1566 2363 3440  911 2363 3440  2790 3441 4207  178 3441 4207  1010 2700 3442  313 2700 3442  973 3277 3443  973 2081 3443  906 3425 3444  906 2694 3444  2542 3279 3445  1131 2542 3445  1131 2542 3446  435 2542 3446  1057 1942 3447  1057 1393 3447  761 2911 3448  1141 2911 3448  1980 3449 4232  56 1948 3449  1090 3376 3450  838 3376 3450  1462 3160 3451  1462 2940 3451  93 1711 3452  826 1711 3452  1735 3453 3653  1643 3453 3653  109 1563 3454  1114 1563 3454  948 2007 3455  2007 3455 3542  1682 3456 4092  459 1682 3456  1418 2704 3457  702 2704 3457  912 2195 3458  618 2195 3458  1171 3459 3833  113 3459 3833  1289 3355 3460  379 3355 3460  945 1889 3461  448 1889 3461  407 1487 3462  944 1487 3462  1486 3462 3463  944 3462 3463  1094 2605 3464  1094 2120 3565  2039 2834 3465  866 2834 3465  1921 2289 3466  636 1921 3466  535 1449 3467  1168 1449 3467  1148 2164 3468  58 2164 3468  1093 1986 3469  267 1986 3469  923 1405 3470  150 2335 3600  969 2045 3471  395 2045 3471  666 2204 3472  1590 2204 3472  306 2128 3473  1388 2128 3473  947 1863 3474  55 1863 3474  406 1606 3475  768 1606 3475  6 3476 4249  94 2590 3477  977 2590 3477  1011 2332 3478  1011 2465 3478  476 1470 3479  476 1579 3479  408 1353 3480  1353 1727 3480  70 3317 3481  1165 1869 4264  731 1981 3482  731 2437 3482  930 2351 3483  632 2351 3483  923 2034 3484  268 2034 3484  923 2385 3485  2385 3485 4062  1267 2832 3486  378 2832 3486  1558 3415 3487  1558 3487 3806  2034 3485 3488  450 3485 3488  3102 3489 4172  1017 3102 3489  713 2410 3490  1297 2410 3490  237 2226 3491  925 2315 4112  1373 3488 3492  58 1373 3492  268 2034 3493  921 2034 3493  1550 2217 3837  432 1550 3494  967 1897 3495  551 1897 3495  342 2085 3496  967 2085 3496  676 2257 3497  915 3497 3498  2257 3497 3498  386 2257 3498  87 2106 3499  1105 2106 3499  665 1320 3500  196 3500 4023  1090 2506 3501  420 1627 4096  1607 2980 3502  236 1607 3502  1577 1834 3503  537 1577 3503  925 1693 3504  357 1693 3504  1244 3261 3505  1244 2490 3505  64 2955 4236  64 3506 4236  462 1478 3507  956 1478 3507  2210 2627 3508  956 2210 3508  1744 3187 3509  117 3187 3509  1004 2871 3510  345 2871 3510  1491 2871 3511  1004 2871 3511  1662 2637 3512  938 1662 3512  2672 2759 3513  726 2672 3513  461 1602 3514  1602 3514 3762  1253 2628 3515  714 2628 3515  1704 2887 3516  38 2887 3516  135 2303 3517  986 2303 3517  871 3207 3518  871 2218 3518  1994 3357 3519  933 1994 3519  933 2004 3520  226 3520 3918  175 2879 3521  1878 2879 3522  435 3393 3522  919 3393 3522  1062 1964 3523  297 1964 3523  597 2002 3524  1414 2002 3524  2326 3525 3735  21 2326 3525  1150 2024 3526  2024 2025 3526  924 1928 3527  560 1928 3527  115 1928 3528  924 1928 3528  117 2101 3529  990 2101 3529  336 3615 3835  990 1219 3530  411 1499 3531  957 1499 3531  1441 2744 3532  243 1441 3532  221 3183 3747  221 2200 3533  2332 3442 3534  313 3442 3534  929 2097 3535  587 2097 3535  537 1868 3536  1868 3536 3537  401 1337 3537  929 1337 3537  1948 2320 3538  389 2320 3538  261 1677 3539  1195 1677 3539  888 3540 3841  1177 3540 3841  1443 3334 3541  592 3334 3541  1052 1949 3542  1949 3542 3710  1492 2466 3543  77 1492 3543  426 2331 3544  941 2331 3544  2086 3545 4294  1135 1794 3545  1272 2577 3546  718 2577 3546  1788 3308 3547  543 3308 3547  345 2152 3548  1223 2152 3548  1765 1817 3549  506 1765 3549  355 1428 3550  1154 1428 3550  433 1155 3551  1154 1155 3551  1835 3021 3552  618 3021 3552  354 2110 4042  354 3553 4042  1216 3319 3554  1216 3554 3555  389 2345 3555  1118 2345 3555  743 2796 3556  743 2009 3556  1018 3557 4059  399 3557 4059  274 3558 3559  1174 2647 3559  660 2647 3559  515 2626 3560  984 2626 3560  984 1424 3561  364 1424 3561  403 2336 3562  1405 2336 3562  1147 3242 3563  523 3242 3563  393 2039 3564  1283 2039 3564  569 2120 3565  569 1852 3565  276 2727 3566  958 2727 3566  958 2146 3567  97 2146 3567  598 2146 3568  958 2146 3568  957 1499 3569  40 1499 3569  104 2015 3570  1081 2015 3570  1248 3289 3840  1248 3571 3801  448 1613 3572  448 1889 3572  946 3474 3573  55 3474 3573  2754 3257 3574  271 3257 3574  1889 3051 3575  945 1889 3575  947 2078 3576  278 2078 3576  638 1971 3577  407 1971 3577  166 1349 3578  166 2921 3631  189 1899 3579  997 1899 3579  939 3084 3580  939 1735 3580  954 2536 3581  1630 3581 3635  1636 2232 3582  607 2232 3582  194 1312 3583  1312 1622 3583  951 2091 3584  1173 2091 3584  1617 3306 3585  440 3306 3585  164 1636 3586  1157 1636 3586  1112 2102 3587  640 2102 3587  610 2291 3588  1112 2291 3588  203 1909 3589  203 1276 3589  706 1909 3590  1112 1909 3590  1415 3591 4222  488 2211 4032  172 1919 3592  172 1526 3592  557 1730 3593  970 1730 3593  1186 2471 3594  457 2471 3594  1432 3411 3595  1432 3595 3596  561 2045 3596  969 2045 3596  1659 3549 3597  506 3549 3597  1303 2818 3598  802 2818 3598  1501 3329 4055  359 3329 4055  150 3470 3600  1405 3470 3600  1156 2116 4226  2116 3601 4226  153 2350 3881  153 3602 3705  823 1918 3603  279 1918 3603  1208 2531 3604  472 2531 3604  1394 3605 3656  182 3605 3656  1130 2394 4268  943 2394 4268  386 2144 3607  1258 2144 3607  662 3609 4006  42 3608 3978  955 3608 3609  955 2186 3610  348 2186 3610  132 2215 3611  964 2215 3611  430 1692 3612  992 1692 3612  1791 2608 3613  128 2608 3613  1086 2838 3722  1086 3614 3722  336 2621 3615  2621 3615 3824  508 1559 3616  1559 3616 3617  106 2087 3617  949 2087 3617  324 2501 3618  1173 2501 3618  1430 3325 3619  475 3325 3619  1360 3615 3620  1013 3615 3620  1211 2556 3621  219 2556 3621  977 3323 4079  977 3622 4079  783 2054 3623  783 1908 3623  555 1989 3624  972 3624 3885  391 1484 3625  972 1484 3625  441 2476 3626  1238 2476 3626  452 1226 3627  595 1226 3627  415 1351 3628  1351 1352 3628  2553 3419 3629  957 3419 3629  1305 3630 3634  482 3630 3634  1412 3578 3631  166 3578 3631  1617 3585 3632  815 3585 3632  1171 3021 3633  341 3021 3633  1695 2766 3634  482 1695 3634  954 2088 3635  190 2088 3635  1553 3636 3874  1111 3636 3874  382 3217 3637  1184 3217 3637  235 1652 3638  785 1652 3638  2065 3383 3639  1084 2065 3639  1820 3456 3640  63 3640 4007  810 1496 3641  410 1496 3641  1213 1786 3642  1786 2611 3642  1026 2000 3643  617 2000 3643  1096 2559 3644  410 2559 3644  877 1629 3645  188 3645 3976  347 2473 3646  1459 2473 3646  361 2155 3647  1088 2155 3647  206 1999 3648  638 1999 3648  779 2269 3649  1141 2269 3649  688 1667 3650  1667 2324 3650  1938 2020 3651  610 1938 3651  1299 2478 3652  19 2478 3652  1642 1643 4035  1643 3653 4035  2543 2846 3654  937 2846 3654  147 1518 3655  1366 1518 3655  1396 1634 3656  182 1634 3656  553 1437 3657  553 2024 3657  1692 2469 3658  314 2469 3658  2134 2328 3659  31 2134 3659  623 2023 3660  623 1719 3660  234 2909 3661  1108 2909 3661  1817 3423 3662  940 1817 3662  630 1872 3663  630 1645 3663  917 3029 3664  1673 3029 3664  1280 2706 3665  246 2706 3665  1550 2217 4239  965 2217 3666  718 1936 3667  718 1877 3667  504 1689 3668  504 1688 3668  1427 3112 3669  1427 1714 3669  464 1261 3670  464 1663 3670  1315 2264 3671  675 2264 3671  324 3618 3672  1472 3618 3672  653 2304 4267  2304 3673 4267  985 3674 3895  681 1277 4022  1273 2032 3675  920 2032 3675  351 1326 3676  1325 1326 3676  578 2113 3677  2113 3677 3678  115 2738 3678  1009 2738 3678  1009 2033 3679  313 2033 3679  612 1791 3680  1197 1791 3680  752 2682 3681  1100 2682 3681  702 2704 3682  1626 2704 3682  1488 3561 3683  364 3561 3683  573 2089 3684  1115 2089 3684  563 2778 3685  1187 2778 3685  97 1662 3686  1243 1662 3686  2183 2827 3687  724 2827 3687  458 1382 3688  1186 1382 3688  218 2037 3689  1136 2037 3689  1136 2037 3690  552 2037 3690  633 2781 4013  1167 3112 3692  184 3112 3692  1098 2057 3693  85 2057 3693  1098 1875 3694  445 1875 3694  1430 3326 3695  1430 1431 3695  1095 1874 3696  1874 3185 3696  594 2151 3697  594 1766 3697  546 2012 3698  995 2012 3698  1010 2332 3699  1019 2332 3699  1542 2212 3700  1542 3700 4041  140 3133 3701  1354 3133 3701  368 2962 3702  1285 2962 3702  107 1541 3703  890 1541 3703  1429 2189 3704  1054 2189 3704  971 2446 3705  1147 2446 3705  758 1720 3706  673 1720 3706  173 2240 3707  1339 2240 3707  367 3708 4131  367 2192 3708  1139 3333 3709  353 3333 3709  1139 1895 3710  398 1895 3710  544 2330 3711  544 1965 3711  586 1772 3712  950 1772 3712  797 3369 3713  797 1734 3713  1196 2955 3714  725 1196 3714  1198 4073 4074  1215 3715 4117  96 1960 3716  976 1960 3716  976 1960 3717  547 1960 3717  976 1822 3718  474 1822 3718  86 2680 3719  1116 2680 3719  942 3720 3945  157 1274 3999  1784 3055 3721  1143 1784 3721  1007 2027 3722  285 2027 3722  959 1349 4060  1349 1552 3723  786 1916 3724  558 3724 3727  2048 2644 3841  889 2644 3725  999 1646 3726  110 1646 3726  1916 3724 3727  983 1916 3727  983 1943 3728  281 1943 3728  1685 3263 3729  322 1685 3729  455 1646 3730  999 1646 3730  2081 3443 3731  1001 2081 3731  1001 2081 3732  140 2081 3732  322 2306 3733  1001 2306 3733  2306 3731 3734  1003 2306 3734  1024 2276 3735  693 2276 3735  1420 3296 3736  914 3296 3736  805 1325 3737  372 1325 3737  2589 3053 3738  1067 3053 3738  1497 2651 3739  1304 1497 3739  149 1614 3740  149 2111 3740  1356 2986 3741  1356 1888 3741  1709 1958 3742  73 1958 3742  479 1739 3743  993 1739 3743  993 2000 3744  288 3744 3919  993 1739 3745  185 1739 3745  784 1467 3746  186 1467 3746  221 3533 3747  1620 3533 3747  1139 1949 3748  265 3748 3932  249 1906 3749  1434 1906 3749  1778 2649 3750  548 3750 3814  1053 2018 3751  1400 3880 3989  385 3129 3752  2046 3129 3752  762 2803 3753  1495 2803 3753  1151 2413 3754  49 2413 3754  458 3265 3755  1151 3265 3755  533 3417 3756  1799 3417 3756  250 1963 3757  873 1963 3757  69 1998 3758  1015 1998 3758  486 1974 3759  1015 1974 3759  1015 1998 3760  1998 3760 4282  18 3761 4303  98 2138 3762  988 2138 3762  981 1848 4163  988 1848 3763  988 2138 3764  584 2138 3764  283 2020 3765  987 2020 3765  283 2133 3766  989 2133 3766  987 2134 3767  583 2134 3767  58 2164 3768  2164 3768 3845  466 1683 3769  466 1597 3769  643 2282 3770  643 2281 3770  1395 3771 4157  62 3771 4157  536 3715 4117  536 3772 4117  1217 2558 3773  698 2558 3773  1286 2233 3774  2233 2492 3774  511 1862 3775  1222 1862 3775  864 3266 3776  2487 3266 3776  503 1688 3777  1008 1688 3777  2783 2819 3778  238 2783 3778  1143 3779 3781  1143 3780 3781  468 1722 3780  1143 1722 3780  994 3779 3781  116 994 3781  1162 2159 3782  588 2159 3782  1423 1882 3783  217 1882 3783  115 2113 3784  1091 2113 3784  512 3373 3785  1383 3373 3785  248 3292 3786  1479 3292 3786  337 1637 3787  1080 1637 3787  471 1599 3788  1599 3788 3789  170 1556 3789  1080 1556 3789  375 1235 3790  1059 3790 4003  868 2701 3791  868 3178 3791  687 1715 3792  1715 2348 3792  89 2103 3793  1230 2103 3793  2981 3794 3803  614 2981 3794  16 3795 3796  1188 3229 3796  683 3229 3796  2158 2646 3797  2158 3797 4109  873 1982 3798  548 1982 3798  1378 1756 4066  1756 3799 4066  160 2696 3800  1225 2696 3800  1410 3233 3801  1410 3801 3802  782 2981 3802  1247 2981 3802  1248 3801 3803  1247 3801 3803  1934 2674 3804  442 2674 3804  1196 2955 3805  831 2955 3805  214 1328 3806  787 3806 3884  995 2012 3807  71 2012 3807  995 1984 3808  307 1984 3808  809 3030 3809  1289 3030 3809  1126 2251 3810  327 2251 3810  1440 2925 3811  72 3811 3987  747 2805 3812  1381 2805 3812  437 1530 3813  1319 1530 3813  2649 3750 3814  998 2649 3814  250 1983 3815  998 1983 3815  1769 3815 3816  998 3815 3816  814 2905 3817  1000 2905 3817  1000 1259 3818  79 1259 3818  2337 3421 3819  1142 3421 3819  516 1535 3820  1535 2326 3820  1267 2830 3821  1012 1267 3821  109 3231 3822  1012 3231 3822  1581 3620 3823  1013 3620 3823  705 1917 3824  1013 1917 3824  1087 1378 3825  417 3799 4066  1087 2414 3826  567 2414 3826  112 2051 3827  112 1378 3827  256 2414 3828  1087 2414 3828  682 2357 3829  1178 2357 3829  50 2931 3830  1830 2931 3830  830 1458 3831  90 3831 3986  1089 2917 3832  377 2917 3832  1560 2941 3833  113 2941 3833  1173 2501 3834  678 2501 3834  861 1360 3835  861 1219 3835  983 1916 3836  83 1916 3836  1550 3494 3837  966 3494 3837  1595 2833 3838  728 2833 3838  34 3839 3947  485 1672 4034  1248 3803 3840  44 3803 3840  2644 3725 3841  1177 3725 3841  165 2439 3842  1323 2439 3842  692 2398 3843  1166 2398 3843  1481 2654 3844  373 2654 3844  611 2855 3845  1106 2855 3845  453 1622 4103  453 3846 4103  1408 2723 3847  358 2723 3847  1105 2106 3848  799 2106 3848  2830 3848 3849  319 2830 3849  2216 3849 3850  634 2216 3850  990 1951 3851  862 1951 3851  1571 2847 3852  1050 2847 3852  1006 2026 3853  154 2026 3853  1007 3854 4225  50 3854 4225  2794 3382 3855  285 3382 3855  549 2026 3856  1006 2026 3856  549 2027 3857  1007 2027 3857  1010 3699 3858  73 3699 3858  952 2193 3859  608 2193 3859  1381 1926 3860  1926 3860 4155  1907 2469 3861  1907 3861 4213  242 1757 4019  625 1757 3862  1018 3558 3863  274 3558 3863  423 2861 3864  1533 2861 3864  1125 3865 3877  1752 3877 3879  461 2259 3866  461 1585 3866  1765 2532 3867  264 1765 3867  1754 2976 3868  295 3868 3958  1170 2894 3869  5 2894 3869  233 1851 4213  1129 1851 3870  530 1838 3871  1014 1838 3871  1694 3778 3872  238 3778 3872  429 2122 3873  1447 2122 3873  427 3874 4276  1111 3874 4276  945 3575 3875  945 2078 3875  1246 2720 3876  511 2720 3876  1601 3865 3877  127 1601 3877  423 3865 3878  1125 3865 3878  447 1638 3879  1125 1638 3879  1400 3597 3880  300 3880 3989  153 3705 3881  1147 3705 3881  1650 3606 3882  943 3606 3882  1788 3547 3883  891 3547 3883  1328 1512 3884  335 1512 3884  1989 3624 3885  65 3885 3922  1632 3158 3886  1069 1632 3886  1231 3151 3887  1065 3151 3887  1164 3079 4265  975 3079 3888  2981 2982 3889  290 2982 3889  1523 2903 3890  963 1523 3890  43 2786 3891  848 2786 3891  2781 2782 3892  633 2781 3892  2750 2751 3893  579 2750 3893  1852 3203 3894  1075 3203 3894  2514 3674 3895  292 2514 3895  2757 3706 3896  673 3706 3896  1700 2500 3897  672 2500 3897  199 2493 3898  1030 2493 3898  193 2276 3899  1024 2276 3899  636 2223 3900  45 2223 3900  2157 3314 3901  895 2157 3901  1025 2145 3902  22 2145 3902  953 2112 3903  24 2112 3903  2106 2831 3904  87 2106 3904  1066 2092 3905  13 2092 3905  1044 2059 3906  10 2059 3906  2670 2671 3907  646 2670 3907  2018 3885 3908  65 3885 3908  2015 2647 3909  104 2015 3909  251 2014 3910  1048 2014 3910  546 2011 3911  1029 3911 3913  2012 3911 3912  1029 3911 3912  2011 3911 3913  293 2011 3913  1726 3200 3914  241 3200 3914  2010 3275 3915  671 2010 3915  1052 2007 3916  63 2007 3916  2005 3308 3917  1074 3308 3917  2004 3520 3918  590 2004 3918  2000 3744 3919  1026 2000 3919  1042 1998 3920  69 1998 3920  1992 3645 3921  188 3645 3921  1989 3885 3922  1028 1989 3922  554 1988 3923  298 1988 3923  1031 1978 3924  61 1978 3924  1977 3590 3925  92 1977 3925  1974 3758 3926  1037 1974 3926  1966 3744 3927  288 3744 3927  297 1964 3928  1063 1964 3928  1021 1955 3929  1955 3929 4141  291 1954 3930  1027 1954 3930  963 1953 3931  32 1953 3931  1949 3748 3932  1052 1949 3932  1946 3142 3933  1073 3142 3933  1057 1942 3934  33 1942 3934  203 1909 3935  706 1909 3935  1048 1905 3936  43 1905 3936  1047 1899 3937  189 1899 3937  1072 1896 3938  289 1896 3938  672 1894 3939  200 1894 3939  512 1891 3940  1034 3940 3941  1891 3940 3941  301 1891 3941  1885 3523 3942  297 3523 3942  1856 3520 3943  226 3520 3943  1855 3387 3944  1064 1855 3944  1845 3720 3945  46 1845 3945  1839 3168 3946  291 1839 3946  1838 3839 3947  1033 1838 3947  1070 1837 3948  30 1837 3948  1829 3124 3949  1035 3124 3949  1035 1828 3950  287 1828 3950  1944 3811 3951  72 3811 3951  1074 1788 3952  101 1788 3952  1785 3831 3953  90 3831 3953  1032 1783 3954  260 1783 3954  240 1773 3955  968 1773 3955  1069 1768 3956  212 1768 3956  296 1767 3957  1767 3957 4034  1754 3868 3958  1754 3958 3959  505 1753 3959  1041 3959 3960  1753 3959 3960  102 1753 3960  1997 3868 3961  295 3868 3961  1037 1740 3962  195 1740 3962  66 1738 3963  1039 1738 3963  270 1728 3964  1042 1728 3964  2227 3965 3966  734 3965 3966  1237 2008 3966  734 2008 3966  266 1725 3967  1725 3967 3968  477 1723 3968  1040 3968 3969  1723 3968 3969  23 1723 3969  1075 1710 3970  245 1710 3970  2321 3427 3971  1055 3427 3971  1395 1703 4157  1072 1703 3972  1672 3839 3973  34 3839 3973  1659 3880 3974  300 3880 3974  725 1649 3975  266 1649 3975  1629 3645 3976  1044 1629 3976  9 1608 3977  1047 1608 3977  3608 3609 3978  662 3609 3978  1058 1580 3979  91 1580 3979  1050 1570 3980  299 1570 3980  1558 3415 3981  1076 3415 3981  21 1535 3982  1022 1535 3982  1049 1489 3983  302 1489 3983  1036 1812 3984  26 1812 3984  1471 3142 3985  27 1471 3985  1458 3790 3986  1059 3790 3986  1440 3811 3987  1051 1440 3987  736 1419 4141  1056 1419 3988  1400 3751 3989  1053 3751 3989  1393 3227 3990  1057 1393 3990  968 1392 3991  29 1392 3991  155 1346 3992  1045 1346 3992  1332 3078 3993  255 3078 3993  589 1967 3994  280 1967 3994  1060 1328 3995  214 1328 3995  1277 3674 3996  985 3674 3996  1276 3294 3997  203 1276 3997  1643 2698 3998  1032 2698 3998  1274 3720 3999  942 3720 3999  1271 2603 4000  744 2603 4000  1045 1678 4001  25 1678 4001  1245 2748 4002  28 2748 4002  1235 3790 4003  155 1235 4003  671 2366 4004  193 2366 4004  1190 3230 4005  270 3230 4005  303 4006 4143  303 2321 4143  1820 3640 4007  1043 1820 4007  696 4008 4109  696 2158 4109  1892 3940 4009  1034 3940 4009  2008 3748 4010  265 3748 4010  1522 2964 4011  8 2964 4011  1972 3579 4012  1058 1972 4012  1181 3691 4013  157 3691 4013  2167 3771 4014  62 3771 4014  282 3014 4015  1350 3014 4015  1385 2618 4016  503 2618 4016  1395 4017 4224  4017 4223 4224  1503 2539 4018  408 2539 4018  1757 3862 4019  789 3862 4019  2801 4020 4021  374 2801 4020  1122 1593 4021  771 1593 4021  1277 3996 4022  24 3996 4022  1320 2464 4023  664 2464 4023  564 2739 4024  1342 2739 4024  418 2744 4025  418 1402 4025  1200 3214 4026  111 3214 4026  1843 3225 4027  508 1843 4027  133 2079 4028  1082 2079 4028  1207 2801 4029  771 2801 4029  599 2165 4030  599 2298 4030  1129 2650 4031  550 2650 4031  488 3591 4032  1415 3591 4032  311 1516 4033  1516 2283 4033  1672 3973 4034  1038 3973 4034  522 3437 4035  1642 3437 4035  1918 3189 4036  842 3189 4036  1011 1517 4037  1517 2285 4037  57 3281 4038  1166 3281 4038  526 1427 4039  1208 1427 4039  704 2595 4040  1409 2595 4040  1120 1465 4041  320 1465 4041  2109 3554 4042  1118 3554 4042  231 1746 4043  1746 4043 4045  1397 2865 4044  1397 4044 4068  491 2382 4045  1102 2382 4045  151 2865 4046  1103 2865 4046  315 2225 4047  1102 2225 4047  1103 2382 4048  491 2382 4048  1309 2632 4049  390 2632 4049  1356 3218 4050  897 3218 4050  1515 3210 4051  866 3210 4051  755 2734 4052  1671 2734 4052  1712 3772 4053  536 3772 4053  620 2376 4054  1281 2376 4054  1747 2273 4055  1501 2273 4055  1077 2380 4056  2380 2465 4056  1161 3283 4057  926 3283 4057  263 3025 4058  263 2046 4058  1456 3032 4059  399 3032 4059  1349 3723 4060  483 3723 4060  330 1621 4061  1145 1621 4061  1145 1621 4062  450 1621 4062  601 1727 4063  1487 1727 4063  616 1834 4064  712 1834 4064  1210 2827 4065  369 2827 4065  417 3825 4066  1378 3825 4066  570 2184 4067  570 2074 4067  1104 2062 4068  315 2062 4068  122 2205 4069  1097 2205 4069  436 2245 4070  1097 2245 4070  1337 2142 4071  582 2142 4071  248 1675 4072  248 2390 4072  482 1215 4073  1198 3772 4117  1198 3772 4113  1198 4074 4113  865 3136 4075  3136 4075 4076  1333 2780 4076  1124 2780 4076  1230 2103 4077  667 2103 4077  2760 4078 4180  737 2760 4078  1101 2319 4079  1101 3323 4079  1681 2770 4080  480 2770 4080  1088 4081 4082  1088 3647 4082  991 4081 4082  10 991 4082  475 3148 4083  1232 3148 4083  1461 4083 4084  1232 4083 4084  1232 3147 4085  419 3147 4085  635 2352 4086  1137 2352 4086  1299 3068 4087  961 3068 4087  2582 3432 4088  1099 2582 4088  616 2255 4089  1739 2255 4089  1492 2782 4090  1492 1641 4090  1084 2575 4091  1084 2065 4091  948 3455 4092  1655 3455 4092  383 2378 4093  1380 2378 4093  2503 3834 4094  111 2503 4094  1090 3450 4095  330 3450 4095  420 3501 4096  1090 3501 4096  1972 3579 4097  997 3579 4097  3702 4098 4234  1285 3702 4098  1285 2344 4099  163 2344 4099  551 1897 4100  1093 1897 4100  545 1986 4101  1093 1986 4101  812 2822 4102  812 1807 4102  568 1622 4277  1622 4103 4277  176 1585 4104  703 1585 4104  639 2415 4105  1109 2415 4105  1109 2415 4106  430 2415 4106  1116 2124 4107  363 2124 4107  1842 3616 4108  949 3616 4108  3378 4008 4109  1092 3378 4109  462 2619 4110  1243 2619 4110  1137 2850 4111  1882 4111 4291  925 3491 4112  2226 3491 4112  1712 3772 4113  161 4113 4199  1121 2561 4114  740 2561 4114  1304 2660 4115  409 2660 4115  1246 2851 4116  124 2851 4116  1198 4073 4117  1215 4073 4117  1653 3085 4118  445 3085 4118  486 1740 4119  486 2288 4119  772 2019 4120  586 2019 4120  1207 4029 4121  70 4029 4121  113 2449 4122  2095 2449 4122  40 3569 4123  40 3135 4123  2082 3712 4124  950 3712 4124  905 3077 4125  1511 3077 4125  951 1789 4126  1789 4126 4252  1016 3340 4127  1633 3340 4127  2816 3614 4128  285 3614 4128  47 1865 4129  1447 1865 4129  1210 2699 4130  1210 1612 4130  1706 4131 4132  367 1706 4131  1157 1636 4132  446 1636 4132  1685 3302 4133  1002 3302 4133  521 1946 4134  1099 1946 4134  1266 1884 4135  490 1884 4135  1578 2343 4137  2343 3157 4137  139 4138 4254  1578 4138 4254  1461 4084 4139  139 4084 4139  1461 3619 4174  1461 4140 4174  1690 4135 4140  490 4135 4140  1419 3988 4141  181 3988 4141  1158 2310 4142  326 2310 4142  3609 4006 4143  1111 3609 4143  1407 2840 4144  996 2840 4144  525 1881 4145  525 3165 4145  1699 3759 4146  1015 3759 4146  700 2495 4147  700 2494 4147  221 2200 4148  221 1981 4148  1166 2398 4149  443 2398 4149  562 2062 4150  1104 2062 4150  1705 2996 4151  400 2996 4151  516 2017 4152  1162 2017 4152  76 2547 4153  1669 2547 4153  159 1925 4154  1113 1925 4154  1113 1925 4155  520 1925 4155  2132 2690 4156  878 2690 4156  1703 3972 4157  62 3972 4157  1263 2688 4158  222 2688 4158  1448 4158 4159  514 1448 4159  1574 3212 4160  936 3212 4160  1110 1619 4161  434 1619 4161  86 2347 4162  1110 2347 4162  1848 3763 4163  284 3763 4163  225 1540 4164  1540 1902 4164  363 2304 4165  1117 2304 4165  1117 2304 4166  653 2304 4166  135 1847 4167  1117 1847 4167  1343 1940 4168  843 1940 4168  1281 2066 4169  565 2066 4169  525 1880 4170  1880 3081 4170  41 2236 4171  1142 2236 4171  2368 3270 4172  1107 2368 4172  1107 2368 4173  478 2368 4173  490 1430 4174  1430 3619 4174  177 2528 4175  177 1758 4175  1658 4057 4176  134 1658 4176  814 2906 4177  1133 2906 4177  1133 1351 4178  415 1351 4178  1423 1882 4179  523 1423 4179  1123 3254 4180  82 3254 4180  425 1556 4181  425 1557 4181  374 2643 4182  1206 2643 4182  2002 2968 4183  597 2002 4183  410 1861 4184  410 1496 4184  2297 4185 4284  896 2072 4185  1158 2307 4186  192 2307 4186  327 2268 4187  1138 2268 4187  319 1968 4188  964 1968 4188  1082 2079 4189  572 2079 4189  245 1710 4190  1258 1710 4190  902 3239 4191  902 1869 4191  1479 3786 4192  1479 2016 4192  617 2261 4193  1163 2261 4193  1611 2029 4194  651 1611 4194  371 2719 4195  1228 2719 4195  74 1823 4196  1175 1823 4196  858 1709 4197  858 2267 4197  1141 2269 4198  201 2269 4198  1712 4113 4199  1712 1713 4199  545 1985 4200  913 1985 4200  737 2377 4201  737 1947 4201  1835 3552 4202  804 3552 4202  1370 3438 4203  131 3438 4203  1445 4203 4204  413 1445 4204  1546 2769 4205  308 2769 4205  141 2237 4206  1119 2237 4206  1338 1818 4207  178 1818 4207  1575 2194 4208  618 2194 4208  935 2733 4209  648 2733 4209  604 2110 4210  1119 2110 4210  1551 3397 4211  840 3397 4211  2457 3159 4212  1061 3159 4212  1851 3870 4213  721 3870 4213  481 1552 4214  1412 1552 4214  1384 3337 4216  207 3337 4216  524 2331 4217  1384 2331 4217  1669 2547 4218  524 2547 4218  483 1668 4218  483 1669 4218  1606 2913 4219  924 1606 4219  15 3304 4220  15 2249 4220  510 1480 4221  1480 1634 4221  387 1914 4222  1415 1914 4222  1396 3656 4223  1394 3656 4223  1394 3604 4224  472 3604 4224  1483 2931 4225  50 2931 4225  1155 2648 4226  163 1155 4226  1816 4227 4285  1156 1816 4227  1129 1851 4228  722 1851 4228  944 1487 4229  124 1487 4229  495 2067 4230  495 1805 4230  1249 2627 4231  463 2627 4231  1249 1572 4232  56 1572 4232  476 1470 4233  1249 1470 4233  2093 2779 4234  1286 2093 4234  1286 2093 4235  84 2093 4235  831 2158 4236  831 2955 4236  525 1879 4237  796 1879 4237  256 2196 4238  1101 2196 4238  2217 3666 4239  542 3666 4239  513 2856 4240  1836 2856 4240  540 1717 4241  1717 1718 4241  197 1699 4242  1127 1699 4242  307 1973 4243  1288 1973 4243  1120 3221 4244  1120 2248 4244  1152 2503 4245  678 2503 4245  1083 2658 4246  1083 2804 4246  378 1268 4247  1268 1783 4247  205 1775 4248  1775 1952 4248  1562 3476 4249  5 1562 4249  268 1318 4250  1318 2056 4250  262 1951 4251  1219 1951 4251  1473 2623 4252  404 2623 4252  154 3274 4253  1549 3274 4253  139 1579 4254  1578 1579 4254  1361 1736 4255  876 1736 4255  1390 2865 4256  452 1390 4256  1331 4257 4258  1146 4257 4258  171 2565 4258  1146 2565 4258  1493 3264 4259  621 3264 4259  488 2564 4260  1773 2564 4260  695 1827 4261  507 1827 4261  1591 4081 4262  1088 4081 4262  1226 3468 4263  452 1226 4263  1869 3481 4264  70 3481 4264  3079 3888 4265  11 3888 4265  1409 2121 4266  836 2121 4266  950 1772 4267  653 1772 4267  527 1920 4268  1130 1920 4268  1130 1920 4269  229 1920 4269  722 3211 4270  722 1846 4270  1172 1591 4271  600 1591 4271  205 2102 4272  205 2220 4272  1279 2708 4273  123 2708 4273  1172 4271 4274  2156 4271 4274  2473 4245 4275  347 2473 4275  2321 2370 4276  1111 2321 4276  1264 2655 4277  568 2655 4277  31 2134 4278  987 2134 4278  604 2270 4279  604 2108 4279  736 2053 4280  736 1955 4280  1815 3367 4281  883 3367 4281  1042 1728 4282  466 1728 4282  222 2688 4283  1536 2688 4283  85 2057 4284  896 2057 4284  442 2674 4285  1403 2674 4285  1382 2471 4286  167 1382 4286  794 2937 4287  1182 2937 4287  1474 3434 4288  136 3434 4288  192 2947 4289  1729 2947 4289  356 1597 4290  1190 1597 4290  1137 2352 4291  217 2352 4291  545 1510 4292  545 1317 4292  1135 2240 4293  173 2240 4293  574 2240 4294  1135 2240 4294  1680 3026 4295  817 3026 4295  1366 1518 4296  412 1518 4296  35 1503 4297  35 1502 4297  1234 3259 4298  510 3259 4298  82 1770 4299  1234 1770 4299  266 1725 4300  266 1649 4300  1296 2482 4301  790 2482 4301  13 20 4305  4302 4305 4306  3761 4303 4304  16 3761 4304  16 17 4304  19 3652 4306  19 4302 4306  13 3068 4306  3068 3652 4306  </DataArray>
<DataArray  type="UInt32"  Name="offsets"  format="ascii">3 6 9 12 15 18 21 24 27 30 33 36 39 42 45 48 51 54 57 60 63 66 69 72 75 78 81 84 87 90 93 96 99 102 105 108 111 114 117 120 123 126 129 132 135 138 141 144 147 150 153 156 159 162 165 168 171 174 177 180 183 186 189 192 195 198 201 204 207 210 213 216 219 222 225 228 231 234 237 240 243 246 249 252 255 258 261 264 267 270 273 276 279 282 285 288 291 294 297 300 303 306 309 312 315 318 321 324 327 330 333 336 339 342 345 348 351 354 357 360 363 366 369 372 375 378 381 384 387 390 393 396 399 402 405 408 411 414 417 420 423 426 429 432 435 438 441 444 447 450 453 456 459 462 465 468 471 474 477 480 483 486 489 492 495 498 501 504 507 510 513 516 519 522 525 528 531 534 537 540 543 546 549 552 555 558 561 564 567 570 573 576 579 582 585 588 591 594 597 600 603 606 609 612 615 618 621 624 627 630 633 636 639 642 645 648 651 654 657 660 663 666 669 672 675 678 681 684 687 690 693 696 699 702 705 708 711 714 717 720 723 726 729 732 735 738 741 744 747 750 753 756 759 762 765 768 771 774 777 780 783 786 789 792 795 798 801 804 807 810 813 816 819 822 825 828 831 834 837 840 843 846 849 852 855 858 861 864 867 870 873 876 879 882 885 888 891 894 897 900 903 906 909 912 915 918 921 924 927 930 933 936 939 942 945 948 951 954 957 960 963 966 969 972 975 978 981 984 987 990 993 996 999 1002 1005 1008 1011 1014 1017 1020 1023 1026 1029 1032 1035 1038 1041 1044 1047 1050 1053 1056 1059 1062 1065 1068 1071 1074 1077 1080 1083 1086 1089 1092 1095 1098 1101 1104 1107 1110 1113 1116 1119 1122 1125 1128 1131 1134 1137 1140 1143 1146 1149 1152 1155 1158 1161 1164 1167 1170 1173 1176 1179 1182 1185 1188 1191 1194 1197 1200 1203 1206 1209 1212 1215 1218 1221 1224 1227 1230 1233 1236 1239 1242 1245 1248 1251 1254 1257 1260 1263 1266 1269 1272 1275 1278 1281 1284 1287 1290 1293 1296 1299 1302 1305 1308 1311 1314 1317 1320 1323 1326 1329 1332 1335 1338 1341 1344 1347 1350 1353 1356 1359 1362 1365 1368 1371 1374 1377 1380 1383 1386 1389 1392 1395 1398 1401 1404 1407 1410 1413 1416 1419 1422 1425 1428 1431 1434 1437 1440 1443 1446 1449 1452 1455 1458 1461 1464 1467 1470 1473 1476 1479 1482 1485 1488 1491 1494 1497 1500 1503 1506 1509 1512 1515 1518 1521 1524 1527 1530 1533 1536 1539 1542 1545 1548 1551 1554 1557 1560 1563 1566 1569 1572 1575 1578 1581 1584 1587 1590 1593 1596 1599 1602 1605 1608 1611 1614 1617 1620 1623 1626 1629 1632 1635 1638 1641 1644 1647 1650 1653 1656 1659 1662 1665 1668 1671 1674 1677 1680 1683 1686 1689 1692 1695 1698 1701 1704 1707 1710 1713 1716 1719 1722 1725 1728 1731 1734 1737 1740 1743 1746 1749 1752 1755 1758 1761 1764 1767 1770 1773 1776 1779 1782 1785 1788 1791 1794 1797 1800 1803 1806 1809 1812 1815 1818 1821 1824 1827 1830 1833 1836 1839 1842 1845 1848 1851 1854 1857 1860 1863 1866 1869 1872 1875 1878 1881 1884 1887 1890 1893 1896 1899 1902 1905 1908 1911 1914 1917 1920 1923 1926 1929 1932 1935 1938 1941 1944 1947 1950 1953 1956 1959 1962 1965 1968 1971 1974 1977 1980 1983 1986 1989 1992 1995 1998 2001 2004 2007 2010 2013 2016 2019 2022 2025 2028 2031 2034 2037 2040 2043 2046 2049 2052 2055 2058 2061 2064 2067 2070 2073 2076 2079 2082 2085 2088 2091 2094 2097 2100 2103 2106 2109 2112 2115 2118 2121 2124 2127 2130 2133 2136 2139 2142 2145 2148 2151 2154 2157 2160 2163 2166 2169 2172 2175 2178 2181 2184 2187 2190 2193 2196 2199 2202 2205 2208 2211 2214 2217 2220 2223 2226 2229 2232 2235 2238 2241 2244 2247 2250 2253 2256 2259 2262 2265 2268 2271 2274 2277 2280 2283 2286 2289 2292 2295 2298 2301 2304 2307 2310 2313 2316 2319 2322 2325 2328 2331 2334 2337 2340 2343 2346 2349 2352 2355 2358 2361 2364 2367 2370 2373 2376 2379 2382 2385 2388 2391 2394 2397 2400 2403 2406 2409 2412 2415 2418 2421 2424 2427 2430 2433 2436 2439 2442 2445 2448 2451 2454 2457 2460 2463 2466 2469 2472 2475 2478 2481 2484 2487 2490 2493 2496 2499 2502 2505 2508 2511 2514 2517 2520 2523 2526 2529 2532 2535 2538 2541 2544 2547 2550 2553 2556 2559 2562 2565 2568 2571 2574 2577 2580 2583 2586 2589 2592 2595 2598 2601 2604 2607 2610 2613 2616 2619 2622 2625 2628 2631 2634 2637 2640 2643 2646 2649 2652 2655 2658 2661 2664 2667 2670 2673 2676 2679 2682 2685 2688 2691 2694 2697 2700 2703 2706 2709 2712 2715 2718 2721 2724 2727 2730 2733 2736 2739 2742 2745 2748 2751 2754 2757 2760 2763 2766 2769 2772 2775 2778 2781 2784 2787 2790 2793 2796 2799 2802 2805 2808 2811 2814 2817 2820 2823 2826 2829 2832 2835 2838 2841 2844 2847 2850 2853 2856 2859 2862 2865 2868 2871 2874 2877 2880 2883 2886 2889 2892 2895 2898 2901 2904 2907 2910 2913 2916 2919 2922 2925 2928 2931 2934 2937 2940 2943 2946 2949 2952 2955 2958 2961 2964 2967 2970 2973 2976 2979 2982 2985 2988 2991 2994 2997 3000 3003 3006 3009 3012 3015 3018 3021 3024 3027 3030 3033 3036 3039 3042 3045 3048 3051 3054 3057 3060 3063 3066 3069 3072 3075 3078 3081 3084 3087 3090 3093 3096 3099 3102 3105 3108 3111 3114 3117 3120 3123 3126 3129 3132 3135 3138 3141 3144 3147 3150 3153 3156 3159 3162 3165 3168 3171 3174 3177 3180 3183 3186 3189 3192 3195 3198 3201 3204 3207 3210 3213 3216 3219 3222 3225 3228 3231 3234 3237 3240 3243 3246 3249 3252 3255 3258 3261 3264 3267 3270 3273 3276 3279 3282 3285 3288 3291 3294 3297 3300 3303 3306 3309 3312 3315 3318 3321 3324 3327 3330 3333 3336 3339 3342 3345 3348 3351 3354 3357 3360 3363 3366 3369 3372 3375 3378 3381 3384 3387 3390 3393 3396 3399 3402 3405 3408 3411 3414 3417 3420 3423 3426 3429 3432 3435 3438 3441 3444 3447 3450 3453 3456 3459 3462 3465 3468 3471 3474 3477 3480 3483 3486 3489 3492 3495 3498 3501 3504 3507 3510 3513 3516 3519 3522 3525 3528 3531 3534 3537 3540 3543 3546 3549 3552 3555 3558 3561 3564 3567 3570 3573 3576 3579 3582 3585 3588 3591 3594 3597 3600 3603 3606 3609 3612 3615 3618 3621 3624 3627 3630 3633 3636 3639 3642 3645 3648 3651 3654 3657 3660 3663 3666 3669 3672 3675 3678 3681 3684 3687 3690 3693 3696 3699 3702 3705 3708 3711 3714 3717 3720 3723 3726 3729 3732 3735 3738 3741 3744 3747 3750 3753 3756 3759 3762 3765 3768 3771 3774 3777 3780 3783 3786 3789 3792 3795 3798 3801 3804 3807 3810 3813 3816 3819 3822 3825 3828 3831 3834 3837 3840 3843 3846 3849 3852 3855 3858 3861 3864 3867 3870 3873 3876 3879 3882 3885 3888 3891 3894 3897 3900 3903 3906 3909 3912 3915 3918 3921 3924 3927 3930 3933 3936 3939 3942 3945 3948 3951 3954 3957 3960 3963 3966 3969 3972 3975 3978 3981 3984 3987 3990 3993 3996 3999 4002 4005 4008 4011 4014 4017 4020 4023 4026 4029 4032 4035 4038 4041 4044 4047 4050 4053 4056 4059 4062 4065 4068 4071 4074 4077 4080 4083 4086 4089 4092 4095 4098 4101 4104 4107 4110 4113 4116 4119 4122 4125 4128 4131 4134 4137 4140 4143 4146 4149 4152 4155 4158 4161 4164 4167 4170 4173 4176 4179 4182 4185 4188 4191 4194 4197 4200 4203 4206 4209 4212 4215 4218 4221 4224 4227 4230 4233 4236 4239 4242 4245 4248 4251 4254 4257 4260 4263 4266 4269 4272 4275 4278 4281 4284 4287 4290 4293 4296 4299 4302 4305 4308 4311 4314 4317 4320 4323 4326 4329 4332 4335 4338 4341 4344 4347 4350 4353 4356 4359 4362 4365 4368 4371 4374 4377 4380 4383 4386 4389 4392 4395 4398 4401 4404 4407 4410 4413 4416 4419 4422 4425 4428 4431 4434 4437 4440 4443 4446 4449 4452 4455 4458 4461 4464 4467 4470 4473 4476 4479 4482 4485 4488 4491 4494 4497 4500 4503 4506 4509 4512 4515 4518 4521 4524 4527 4530 4533 4536 4539 4542 4545 4548 4551 4554 4557 4560 4563 4566 4569 4572 4575 4578 4581 4584 4587 4590 4593 4596 4599 4602 4605 4608 4611 4614 4617 4620 4623 4626 4629 4632 4635 4638 4641 4644 4647 4650 4653 4656 4659 4662 4665 4668 4671 4674 4677 4680 4683 4686 4689 4692 4695 4698 4701 4704 4707 4710 4713 4716 4719 4722 4725 4728 4731 4734 4737 4740 4743 4746 4749 4752 4755 4758 4761 4764 4767 4770 4773 4776 4779 4782 4785 4788 4791 4794 4797 4800 4803 4806 4809 4812 4815 4818 4821 4824 4827 4830 4833 4836 4839 4842 4845 4848 4851 4854 4857 4860 4863 4866 4869 4872 4875 4878 4881 4884 4887 4890 4893 4896 4899 4902 4905 4908 4911 4914 4917 4920 4923 4926 4929 4932 4935 4938 4941 4944 4947 4950 4953 4956 4959 4962 4965 4968 4971 4974 4977 4980 4983 4986 4989 4992 4995 4998 5001 5004 5007 5010 5013 5016 5019 5022 5025 5028 5031 5034 5037 5040 5043 5046 5049 5052 5055 5058 5061 5064 5067 5070 5073 5076 5079 5082 5085 5088 5091 5094 5097 5100 5103 5106 5109 5112 5115 5118 5121 5124 5127 5130 5133 5136 5139 5142 5145 5148 5151 5154 5157 5160 5163 5166 5169 5172 5175 5178 5181 5184 5187 5190 5193 5196 5199 5202 5205 5208 5211 5214 5217 5220 5223 5226 5229 5232 5235 5238 5241 5244 5247 5250 5253 5256 5259 5262 5265 5268 5271 5274 5277 5280 5283 5286 5289 5292 5295 5298 5301 5304 5307 5310 5313 5316 5319 5322 5325 5328 5331 5334 5337 5340 5343 5346 5349 5352 5355 5358 5361 5364 5367 5370 5373 5376 5379 5382 5385 5388 5391 5394 5397 5400 5403 5406 5409 5412 5415 5418 5421 5424 5427 5430 5433 5436 5439 5442 5445 5448 5451 5454 5457 5460 5463 5466 5469 5472 5475 5478 5481 5484 5487 5490 5493 5496 5499 5502 5505 5508 5511 5514 5517 5520 5523 5526 5529 5532 5535 5538 5541 5544 5547 5550 5553 5556 5559 5562 5565 5568 5571 5574 5577 5580 5583 5586 5589 5592 5595 5598 5601 5604 5607 5610 5613 5616 5619 5622 5625 5628 5631 5634 5637 5640 5643 5646 5649 5652 5655 5658 5661 5664 5667 5670 5673 5676 5679 5682 5685 5688 5691 5694 5697 5700 5703 5706 5709 5712 5715 5718 5721 5724 5727 5730 5733 5736 5739 5742 5745 5748 5751 5754 5757 5760 5763 5766 5769 5772 5775 5778 5781 5784 5787 5790 5793 5796 5799 5802 5805 5808 5811 5814 5817 5820 5823 5826 5829 5832 5835 5838 5841 5844 5847 5850 5853 5856 5859 5862 5865 5868 5871 5874 5877 5880 5883 5886 5889 5892 5895 5898 5901 5904 5907 5910 5913 5916 5919 5922 5925 5928 5931 5934 5937 5940 5943 5946 5949 5952 5955 5958 5961 5964 5967 5970 5973 5976 5979 5982 5985 5988 5991 5994 5997 6000 6003 6006 6009 6012 6015 6018 6021 6024 6027 6030 6033 6036 6039 6042 6045 6048 6051 6054 6057 6060 6063 6066 6069 6072 6075 6078 6081 6084 6087 6090 6093 6096 6099 6102 6105 6108 6111 6114 6117 6120 6123 6126 6129 6132 6135 6138 6141 6144 6147 6150 6153 6156 6159 6162 6165 6168 6171 6174 6177 6180 6183 6186 6189 6192 6195 6198 6201 6204 6207 6210 6213 6216 6219 6222 6225 6228 6231 6234 6237 6240 6243 6246 6249 6252 6255 6258 6261 6264 6267 6270 6273 6276 6279 6282 6285 6288 6291 6294 6297 6300 6303 6306 6309 6312 6315 6318 6321 6324 6327 6330 6333 6336 6339 6342 6345 6348 6351 6354 6357 6360 6363 6366 6369 6372 6375 6378 6381 6384 6387 6390 6393 6396 6399 6402 6405 6408 6411 6414 6417 6420 6423 6426 6429 6432 6435 6438 6441 6444 6447 6450 6453 6456 6459 6462 6465 6468 6471 6474 6477 6480 6483 6486 6489 6492 6495 6498 6501 6504 6507 6510 6513 6516 6519 6522 6525 6528 6531 6534 6537 6540 6543 6546 6549 6552 6555 6558 6561 6564 6567 6570 6573 6576 6579 6582 6585 6588 6591 6594 6597 6600 6603 6606 6609 6612 6615 6618 6621 6624 6627 6630 6633 6636 6639 6642 6645 6648 6651 6654 6657 6660 6663 6666 6669 6672 6675 6678 6681 6684 6687 6690 6693 6696 6699 6702 6705 6708 6711 6714 6717 6720 6723 6726 6729 6732 6735 6738 6741 6744 6747 6750 6753 6756 6759 6762 6765 6768 6771 6774 6777 6780 6783 6786 6789 6792 6795 6798 6801 6804 6807 6810 6813 6816 6819 6822 6825 6828 6831 6834 6837 6840 6843 6846 6849 6852 6855 6858 6861 6864 6867 6870 6873 6876 6879 6882 6885 6888 6891 6894 6897 6900 6903 6906 6909 6912 6915 6918 6921 6924 6927 6930 6933 6936 6939 6942 6945 6948 6951 6954 6957 6960 6963 6966 6969 6972 6975 6978 6981 6984 6987 6990 6993 6996 6999 7002 7005 7008 7011 7014 7017 7020 7023 7026 7029 7032 7035 7038 7041 7044 7047 7050 7053 7056 7059 7062 7065 7068 7071 7074 7077 7080 7083 7086 7089 7092 7095 7098 7101 7104 7107 7110 7113 7116 7119 7122 7125 7128 7131 7134 7137 7140 7143 7146 7149 7152 7155 7158 7161 7164 7167 7170 7173 7176 7179 7182 7185 7188 7191 7194 7197 7200 7203 7206 7209 7212 7215 7218 7221 7224 7227 7230 7233 7236 7239 7242 7245 7248 7251 7254 7257 7260 7263 7266 7269 7272 7275 7278 7281 7284 7287 7290 7293 7296 7299 7302 7305 7308 7311 7314 7317 7320 7323 7326 7329 7332 7335 7338 7341 7344 7347 7350 7353 7356 7359 7362 7365 7368 7371 7374 7377 7380 7383 7386 7389 7392 7395 7398 7401 7404 7407 7410 7413 7416 7419 7422 7425 7428 7431 7434 7437 7440 7443 7446 7449 7452 7455 7458 7461 7464 7467 7470 7473 7476 7479 7482 7485 7488 7491 7494 7497 7500 7503 7506 7509 7512 7515 7518 7521 7524 7527 7530 7533 7536 7539 7542 7545 7548 7551 7554 7557 7560 7563 7566 7569 7572 7575 7578 7581 7584 7587 7590 7593 7596 7599 7602 7605 7608 7611 7614 7617 7620 7623 7626 7629 7632 7635 7638 7641 7644 7647 7650 7653 7656 7659 7662 7665 7668 7671 7674 7677 7680 7683 7686 7689 7692 7695 7698 7701 7704 7707 7710 7713 7716 7719 7722 7725 7728 7731 7734 7737 7740 7743 7746 7749 7752 7755 7758 7761 7764 7767 7770 7773 7776 7779 7782 7785 7788 7791 7794 7797 7800 7803 7806 7809 7812 7815 7818 7821 7824 7827 7830 7833 7836 7839 7842 7845 7848 7851 7854 7857 7860 7863 7866 7869 7872 7875 7878 7881 7884 7887 7890 7893 7896 7899 7902 7905 7908 7911 7914 7917 7920 7923 7926 7929 7932 7935 7938 7941 7944 7947 7950 7953 7956 7959 7962 7965 7968 7971 7974 7977 7980 7983 7986 7989 7992 7995 7998 8001 8004 8007 8010 8013 8016 8019 8022 8025 8028 8031 8034 8037 8040 8043 8046 8049 8052 8055 8058 8061 8064 8067 8070 8073 8076 8079 8082 8085 8088 8091 8094 8097 8100 8103 8106 8109 8112 8115 8118 8121 8124 8127 8130 8133 8136 8139 8142 8145 8148 8151 8154 8157 8160 8163 8166 8169 8172 8175 8178 8181 8184 8187 8190 8193 8196 8199 8202 8205 8208 8211 8214 8217 8220 8223 8226 8229 8232 8235 8238 8241 8244 8247 8250 8253 8256 8259 8262 8265 8268 8271 8274 8277 8280 8283 8286 8289 8292 8295 8298 8301 8304 8307 8310 8313 8316 8319 8322 8325 8328 8331 8334 8337 8340 8343 8346 8349 8352 8355 8358 8361 8364 8367 8370 8373 8376 8379 8382 8385 8388 8391 8394 8397 8400 8403 8406 8409 8412 8415 8418 8421 8424 8427 8430 8433 8436 8439 8442 8445 8448 8451 8454 8457 8460 8463 8466 8469 8472 8475 8478 8481 8484 8487 8490 8493 8496 8499 8502 8505 8508 8511 8514 8517 8520 8523 8526 8529 8532 8535 8538 8541 8544 8547 8550 8553 8556 8559 8562 8565 8568 8571 8574 8577 8580 8583 8586 8589 8592 8595 8598 8601 8604 8607 8610 8613 8616 8619 8622 8625 8628 8631 8634 8637 8640 8643 8646 8649 8652 8655 8658 8661 8664 8667 8670 8673 8676 8679 8682 8685 8688 8691 8694 8697 8700 8703 8706 8709 8712 8715 8718 8721 8724 8727 8730 8733 8736 8739 8742 8745 8748 8751 8754 8757 8760 8763 8766 8769 8772 8775 8778 8781 8784 8787 8790 8793 8796 8799 8802 8805 8808 8811 8814 8817 8820 8823 8826 8829 8832 8835 8838 8841 8844 8847 8850 8853 8856 8859 8862 8865 8868 8871 8874 8877 8880 8883 8886 8889 8892 8895 8898 8901 8904 8907 8910 8913 8916 8919 8922 8925 8928 8931 8934 8937 8940 8943 8946 8949 8952 8955 8958 8961 8964 8967 8970 8973 8976 8979 8982 8985 8988 8991 8994 8997 9000 9003 9006 9009 9012 9015 9018 9021 9024 9027 9030 9033 9036 9039 9042 9045 9048 9051 9054 9057 9060 9063 9066 9069 9072 9075 9078 9081 9084 9087 9090 9093 9096 9099 9102 9105 9108 9111 9114 9117 9120 9123 9126 9129 9132 9135 9138 9141 9144 9147 9150 9153 9156 9159 9162 9165 9168 9171 9174 9177 9180 9183 9186 9189 9192 9195 9198 9201 9204 9207 9210 9213 9216 9219 9222 9225 9228 9231 9234 9237 9240 9243 9246 9249 9252 9255 9258 9261 9264 9267 9270 9273 9276 9279 9282 9285 9288 9291 9294 9297 9300 9303 9306 9309 9312 9315 9318 9321 9324 9327 9330 9333 9336 9339 9342 9345 9348 9351 9354 9357 9360 9363 9366 9369 9372 9375 9378 9381 9384 9387 9390 9393 9396 9399 9402 9405 9408 9411 9414 9417 9420 9423 9426 9429 9432 9435 9438 9441 9444 9447 9450 9453 9456 9459 9462 9465 9468 9471 9474 9477 9480 9483 9486 9489 9492 9495 9498 9501 9504 9507 9510 9513 9516 9519 9522 9525 9528 9531 9534 9537 9540 9543 9546 9549 9552 9555 9558 9561 9564 9567 9570 9573 9576 9579 9582 9585 9588 9591 9594 9597 9600 9603 9606 9609 9612 9615 9618 9621 9624 9627 9630 9633 9636 9639 9642 9645 9648 9651 9654 9657 9660 9663 9666 9669 9672 9675 9678 9681 9684 9687 9690 9693 9696 9699 9702 9705 9708 9711 9714 9717 9720 9723 9726 9729 9732 9735 9738 9741 9744 9747 9750 9753 9756 9759 9762 9765 9768 9771 9774 9777 9780 9783 9786 9789 9792 9795 9798 9801 9804 9807 9810 9813 9816 9819 9822 9825 9828 9831 9834 9837 9840 9843 9846 9849 9852 9855 9858 9861 9864 9867 9870 9873 9876 9879 9882 9885 9888 9891 9894 9897 9900 9903 9906 9909 9912 9915 9918 9921 9924 9927 9930 9933 9936 9939 9942 9945 9948 9951 9954 9957 9960 9963 9966 9969 9972 9975 9978 9981 9984 9987 9990 9993 9996 9999 10002 10005 10008 10011 10014 10017 10020 10023 10026 10029 10032 10035 10038 10041 10044 10047 10050 10053 10056 10059 10062 10065 10068 10071 10074 10077 10080 10083 10086 10089 10092 10095 10098 10101 10104 10107 10110 10113 10116 10119 10122 10125 10128 10131 10134 10137 10140 10143 10146 10149 10152 10155 10158 10161 10164 10167 10170 10173 10176 10179 10182 10185 10188 10191 10194 10197 10200 10203 10206 10209 10212 10215 10218 10221 10224 10227 10230 10233 10236 10239 10242 10245 10248 10251 10254 10257 10260 10263 10266 10269 10272 10275 10278 10281 10284 10287 10290 10293 10296 10299 10302 10305 10308 10311 10314 10317 10320 10323 10326 10329 10332 10335 10338 10341 10344 10347 10350 10353 10356 10359 10362 10365 10368 10371 10374 10377 10380 10383 10386 10389 10392 10395 10398 10401 10404 10407 10410 10413 10416 10419 10422 10425 10428 10431 10434 10437 10440 10443 10446 10449 10452 10455 10458 10461 10464 10467 10470 10473 10476 10479 10482 10485 10488 10491 10494 10497 10500 10503 10506 10509 10512 10515 10518 10521 10524 10527 10530 10533 10536 10539 10542 10545 10548 10551 10554 10557 10560 10563 10566 10569 10572 10575 10578 10581 10584 10587 10590 10593 10596 10599 10602 10605 10608 10611 10614 10617 10620 10623 10626 10629 10632 10635 10638 10641 10644 10647 10650 10653 10656 10659 10662 10665 10668 10671 10674 10677 10680 10683 10686 10689 10692 10695 10698 10701 10704 10707 10710 10713 10716 10719 10722 10725 10728 10731 10734 10737 10740 10743 10746 10749 10752 10755 10758 10761 10764 10767 10770 10773 10776 10779 10782 10785 10788 10791 10794 10797 10800 10803 10806 10809 10812 10815 10818 10821 10824 10827 10830 10833 10836 10839 10842 10845 10848 10851 10854 10857 10860 10863 10866 10869 10872 10875 10878 10881 10884 10887 10890 10893 10896 10899 10902 10905 10908 10911 10914 10917 10920 10923 10926 10929 10932 10935 10938 10941 10944 10947 10950 10953 10956 10959 10962 10965 10968 10971 10974 10977 10980 10983 10986 10989 10992 10995 10998 11001 11004 11007 11010 11013 11016 11019 11022 11025 11028 11031 11034 11037 11040 11043 11046 11049 11052 11055 11058 11061 11064 11067 11070 11073 11076 11079 11082 11085 11088 11091 11094 11097 11100 11103 11106 11109 11112 11115 11118 11121 11124 11127 11130 11133 11136 11139 11142 11145 11148 11151 11154 11157 11160 11163 11166 11169 11172 11175 11178 11181 11184 11187 11190 11193 11196 11199 11202 11205 11208 11211 11214 11217 11220 11223 11226 11229 11232 11235 11238 11241 11244 11247 11250 11253 11256 11259 11262 11265 11268 11271 11274 11277 11280 11283 11286 11289 11292 11295 11298 11301 11304 11307 11310 11313 11316 11319 11322 11325 11328 11331 11334 11337 11340 11343 11346 11349 11352 11355 11358 11361 11364 11367 11370 11373 11376 11379 11382 11385 11388 11391 11394 11397 11400 11403 11406 11409 11412 11415 11418 11421 11424 11427 11430 11433 11436 11439 11442 11445 11448 11451 11454 11457 11460 11463 11466 11469 11472 11475 11478 11481 11484 11487 11490 11493 11496 11499 11502 11505 11508 11511 11514 11517 11520 11523 11526 11529 11532 11535 11538 11541 11544 11547 11550 11553 11556 11559 11562 11565 11568 11571 11574 11577 11580 11583 11586 11589 11592 11595 11598 11601 11604 11607 11610 11613 11616 11619 11622 11625 11628 11631 11634 11637 11640 11643 11646 11649 11652 11655 11658 11661 11664 11667 11670 11673 11676 11679 11682 11685 11688 11691 11694 11697 11700 11703 11706 11709 11712 11715 11718 11721 11724 11727 11730 11733 11736 11739 11742 11745 11748 11751 11754 11757 11760 11763 11766 11769 11772 11775 11778 11781 11784 11787 11790 11793 11796 11799 11802 11805 11808 11811 11814 11817 11820 11823 11826 11829 11832 11835 11838 11841 11844 11847 11850 11853 11856 11859 11862 11865 11868 11871 11874 11877 11880 11883 11886 11889 11892 11895 11898 11901 11904 11907 11910 11913 11916 11919 11922 11925 11928 11931 11934 11937 11940 11943 11946 11949 11952 11955 11958 11961 11964 11967 11970 11973 11976 11979 11982 11985 11988 11991 11994 11997 12000 12003 12006 12009 12012 12015 12018 12021 12024 12027 12030 12033 12036 12039 12042 12045 12048 12051 12054 12057 12060 12063 12066 12069 12072 12075 12078 12081 12084 12087 12090 12093 12096 12099 12102 12105 12108 12111 12114 12117 12120 12123 12126 12129 12132 12135 12138 12141 12144 12147 12150 12153 12156 12159 12162 12165 12168 12171 12174 12177 12180 12183 12186 12189 12192 12195 12198 12201 12204 12207 12210 12213 12216 12219 12222 12225 12228 12231 12234 12237 12240 12243 12246 12249 12252 12255 12258 12261 12264 12267 12270 12273 12276 12279 12282 12285 12288 12291 12294 12297 12300 12303 12306 12309 12312 12315 12318 12321 12324 12327 12330 12333 12336 12339 12342 12345 12348 12351 12354 12357 12360 12363 12366 12369 12372 12375 12378 12381 12384 12387 12390 12393 12396 12399 12402 12405 12408 12411 12414 12417 12420 12423 12426 12429 12432 12435 12438 12441 12444 12447 12450 12453 12456 12459 12462 12465 12468 12471 12474 12477 12480 12483 12486 12489 12492 12495 12498 12501 12504 12507 12510 12513 12516 12519 12522 12525 12528 12531 12534 12537 12540 12543 12546 12549 12552 12555 12558 12561 12564 12567 12570 12573 12576 12579 12582 12585 12588 12591 12594 12597 12600 12603 12606 12609 12612 12615 12618 12621 12624 12627 12630 12633 12636 12639 12642 12645 12648 12651 12654 12657 12660 12663 12666 12669 12672 12675 12678 12681 12684 12687 12690 12693 12696 12699 12702 12705 12708 12711 12714 12717 12720 12723 12726 12729 12732 12735 12738 12741 12744 12747 12750 12753 12756 12759 12762 12765 12768 12771 12774 12777 12780 12783 12786 12789 12792 12795 12798 12801 12804 12807 12810 12813 12816 12819 12822 12825 12828 12831 12834 12837 12840 12843 12846 12849 12852 12855 12858 12861 12864 12867 12870 12873 12876 12879 12882 12885 12888 12891 12894 12897 12900 12903 12906 12909 12912 12915 12918 12921 12924 12927 12930 12933 12936 12939 12942 12945 12948 12951 12954 12957 12960 12963 12966 12969 12972 12975 12978 12981 12984 12987 12990 12993 12996 12999 13002 13005 13008 13011 13014 13017 13020 13023 13026 13029 13032 13035 13038 13041 13044 13047 13050 13053 13056 13059 13062 13065 13068 13071 13074 13077 13080 13083 13086 13089 13092 13095 13098 13101 13104 13107 13110 13113 13116 13119 13122 13125 13128 13131 13134 13137 13140 13143 13146 13149 13152 13155 13158 13161 13164 13167 13170 13173 13176 13179 13182 13185 13188 13191 13194 13197 13200 13203 13206 13209 13212 13215 13218 13221 13224 13227 13230 13233 13236 13239 13242 13245 13248 13251 13254 13257 13260 13263 13266 13269 13272 13275 13278 13281 13284 13287 13290 13293 13296 13299 13302 13305 13308 13311 13314 13317 13320 13323 13326 13329 13332 13335 13338 13341 13344 13347 13350 13353 13356 13359 13362 13365 13368 13371 13374 13377 13380 13383 13386 13389 13392 13395 13398 13401 13404 13407 13410 13413 13416 13419 13422 13425 13428 13431 13434 13437 13440 13443 13446 13449 13452 13455 13458 13461 13464 13467 13470 13473 13476 13479 13482 13485 13488 13491 13494 13497 13500 13503 13506 13509 13512 13515 13518 13521 13524 13527 13530 13533 13536 13539 13542 13545 13548 13551 13554 13557 13560 13563 13566 13569 13572 13575 13578 13581 13584 13587 13590 13593 13596 13599 13602 13605 13608 13611 13614 13617 13620 13623 13626 13629 13632 13635 13638 13641 13644 13647 13650 13653 13656 13659 13662 13665 13668 13671 13674 13677 13680 13683 13686 13689 13692 13695 13698 13701 13704 13707 13710 13713 13716 13719 13722 13725 13728 13731 13734 13737 13740 13743 13746 13749 13752 13755 13758 13761 13764 13767 13770 13773 13776 13779 13782 13785 13788 13791 13794 13797 13800 13803 13806 13809 13812 13815 13818 13821 13824 13827 13830 13833 13836 13839 13842 13845 13848 13851 13854 13857 13860 13863 13866 13869 13872 13875 13878 13881 13884 13887 13890 13893 13896 13899 13902 13905 13908 13911 13914 13917 13920 13923 13926 13929 13932 13935 13938 13941 13944 13947 13950 13953 13956 13959 13962 13965 13968 13971 13974 13977 13980 13983 13986 13989 13992 13995 13998 14001 14004 14007 14010 14013 14016 14019 14022 14025 14028 14031 14034 14037 14040 14043 14046 14049 14052 14055 14058 14061 14064 14067 14070 14073 14076 14079 14082 14085 14088 14091 14094 14097 14100 14103 14106 14109 14112 14115 14118 14121 14124 14127 14130 14133 14136 14139 14142 14145 14148 14151 14154 14157 14160 14163 14166 14169 14172 14175 14178 14181 14184 14187 14190 14193 14196 14199 14202 14205 14208 14211 14214 14217 14220 14223 14226 14229 14232 14235 14238 14241 14244 14247 14250 14253 14256 14259 14262 14265 14268 14271 14274 14277 14280 14283 14286 14289 14292 14295 14298 14301 14304 14307 14310 14313 14316 14319 14322 14325 14328 14331 14334 14337 14340 14343 14346 14349 14352 14355 14358 14361 14364 14367 14370 14373 14376 14379 14382 14385 14388 14391 14394 14397 14400 14403 14406 14409 14412 14415 14418 14421 14424 14427 14430 14433 14436 14439 14442 14445 14448 14451 14454 14457 14460 14463 14466 14469 14472 14475 14478 14481 14484 14487 14490 14493 14496 14499 14502 14505 14508 14511 14514 14517 14520 14523 14526 14529 14532 14535 14538 14541 14544 14547 14550 14553 14556 14559 14562 14565 14568 14571 14574 14577 14580 14583 14586 14589 14592 14595 14598 14601 14604 14607 14610 14613 14616 14619 14622 14625 14628 14631 14634 14637 14640 14643 14646 14649 14652 14655 14658 14661 14664 14667 14670 14673 14676 14679 14682 14685 14688 14691 14694 14697 14700 14703 14706 14709 14712 14715 14718 14721 14724 14727 14730 14733 14736 14739 14742 14745 14748 14751 14754 14757 14760 14763 14766 14769 14772 14775 14778 14781 14784 14787 14790 14793 14796 14799 14802 14805 14808 14811 14814 14817 14820 14823 14826 14829 14832 14835 14838 14841 14844 14847 14850 14853 14856 14859 14862 14865 14868 14871 14874 14877 14880 14883 14886 14889 14892 14895 14898 14901 14904 14907 14910 14913 14916 14919 14922 14925 14928 14931 14934 14937 14940 14943 14946 14949 14952 14955 14958 14961 14964 14967 14970 14973 14976 14979 14982 14985 14988 14991 14994 14997 15000 15003 15006 15009 15012 15015 15018 15021 15024 15027 15030 15033 15036 15039 15042 15045 15048 15051 15054 15057 15060 15063 15066 15069 15072 15075 15078 15081 15084 15087 15090 15093 15096 15099 15102 15105 15108 15111 15114 15117 15120 15123 15126 15129 15132 15135 15138 15141 15144 15147 15150 15153 15156 15159 15162 15165 15168 15171 15174 15177 15180 15183 15186 15189 15192 15195 15198 15201 15204 15207 15210 15213 15216 15219 15222 15225 15228 15231 15234 15237 15240 15243 15246 15249 15252 15255 15258 15261 15264 15267 15270 15273 15276 15279 15282 15285 15288 15291 15294 15297 15300 15303 15306 15309 15312 15315 15318 15321 15324 15327 15330 15333 15336 15339 15342 15345 15348 15351 15354 15357 15360 15363 15366 15369 15372 15375 15378 15381 15384 15387 15390 15393 15396 15399 15402 15405 15408 15411 15414 15417 15420 15423 15426 15429 15432 15435 15438 15441 15444 15447 15450 15453 15456 15459 15462 15465 15468 15471 15474 15477 15480 15483 15486 15489 15492 15495 15498 15501 15504 15507 15510 15513 15516 15519 15522 15525 15528 15531 15534 15537 15540 15543 15546 15549 15552 15555 15558 15561 15564 15567 15570 15573 15576 15579 15582 15585 15588 15591 15594 15597 15600 15603 15606 15609 15612 15615 15618 15621 15624 15627 15630 15633 15636 15639 15642 15645 15648 15651 15654 15657 15660 15663 15666 15669 15672 15675 15678 15681 15684 15687 15690 15693 15696 15699 15702 15705 15708 15711 15714 15717 15720 15723 15726 15729 15732 15735 15738 15741 15744 15747 15750 15753 15756 15759 15762 15765 15768 15771 15774 15777 15780 15783 15786 15789 15792 15795 15798 15801 15804 15807 15810 15813 15816 15819 15822 15825 15828 15831 15834 15837 15840 15843 15846 15849 15852 15855 15858 15861 15864 15867 15870 15873 15876 15879 15882 15885 15888 15891 15894 15897 15900 15903 15906 15909 15912 15915 15918 15921 15924 15927 15930 15933 15936 15939 15942 15945 15948 15951 15954 15957 15960 15963 15966 15969 15972 15975 15978 15981 15984 15987 15990 15993 15996 15999 16002 16005 16008 16011 16014 16017 16020 16023 16026 16029 16032 16035 16038 16041 16044 16047 16050 16053 16056 16059 16062 16065 16068 16071 16074 16077 16080 16083 16086 16089 16092 16095 16098 16101 16104 16107 16110 16113 16116 16119 16122 16125 16128 16131 16134 16137 16140 16143 16146 16149 16152 16155 16158 16161 16164 16167 16170 16173 16176 16179 16182 16185 16188 16191 16194 16197 16200 16203 16206 16209 16212 16215 16218 16221 16224 16227 16230 16233 16236 16239 16242 16245 16248 16251 16254 16257 16260 16263 16266 16269 16272 16275 16278 16281 16284 16287 16290 16293 16296 16299 16302 16305 16308 16311 16314 16317 16320 16323 16326 16329 16332 16335 16338 16341 16344 16347 16350 16353 16356 16359 16362 16365 16368 16371 16374 16377 16380 16383 16386 16389 16392 16395 16398 16401 16404 16407 16410 16413 16416 16419 16422 16425 16428 16431 16434 16437 16440 16443 16446 16449 16452 16455 16458 16461 16464 16467 16470 16473 16476 16479 16482 16485 16488 16491 16494 16497 16500 16503 16506 16509 16512 16515 16518 16521 16524 16527 16530 16533 16536 16539 16542 16545 16548 16551 16554 16557 16560 16563 16566 16569 16572 16575 16578 16581 16584 16587 16590 16593 16596 16599 16602 16605 16608 16611 16614 16617 16620 16623 16626 16629 16632 16635 16638 16641 16644 16647 16650 16653 16656 16659 16662 16665 16668 16671 16674 16677 16680 16683 16686 16689 16692 16695 16698 16701 16704 16707 16710 16713 16716 16719 16722 16725 16728 16731 16734 16737 16740 16743 16746 16749 16752 16755 16758 16761 16764 16767 16770 16773 16776 16779 16782 16785 16788 16791 16794 16797 16800 16803 16806 16809 16812 16815 16818 16821 16824 16827 16830 16833 16836 16839 16842 16845 16848 16851 16854 16857 16860 16863 16866 16869 16872 16875 16878 16881 16884 16887 16890 16893 16896 16899 16902 16905 16908 16911 16914 16917 16920 16923 16926 16929 16932 16935 16938 16941 16944 16947 16950 16953 16956 16959 16962 16965 16968 16971 16974 16977 16980 16983 16986 16989 16992 16995 16998 17001 17004 17007 17010 17013 17016 17019 17022 17025 17028 17031 17034 17037 17040 17043 17046 17049 17052 17055 17058 17061 17064 17067 17070 17073 17076 17079 17082 17085 17088 17091 17094 17097 17100 17103 17106 17109 17112 17115 17118 17121 17124 17127 17130 17133 17136 17139 17142 17145 17148 17151 17154 17157 17160 17163 17166 17169 17172 17175 17178 17181 17184 17187 17190 17193 17196 17199 17202 17205 17208 17211 17214 17217 17220 17223 17226 17229 17232 17235 17238 17241 17244 17247 17250 17253 17256 17259 17262 17265 17268 17271 17274 17277 17280 17283 17286 17289 17292 17295 17298 17301 17304 17307 17310 17313 17316 17319 17322 17325 17328 17331 17334 17337 17340 17343 17346 17349 17352 17355 17358 17361 17364 17367 17370 17373 17376 17379 17382 17385 17388 17391 17394 17397 17400 17403 17406 17409 17412 17415 17418 17421 17424 17427 17430 17433 17436 17439 17442 17445 17448 17451 17454 17457 17460 17463 17466 17469 17472 17475 17478 17481 17484 17487 17490 17493 17496 17499 17502 17505 17508 17511 17514 17517 17520 17523 17526 17529 17532 17535 17538 17541 17544 17547 17550 17553 17556 17559 17562 17565 17568 17571 17574 17577 17580 17583 17586 17589 17592 17595 17598 17601 17604 17607 17610 17613 17616 17619 17622 17625 17628 17631 17634 17637 17640 17643 17646 17649 17652 17655 17658 17661 17664 17667 17670 17673 17676 17679 17682 17685 17688 17691 17694 17697 17700 17703 17706 17709 17712 17715 17718 17721 17724 17727 17730 17733 17736 17739 17742 17745 17748 17751 17754 17757 17760 17763 17766 17769 17772 17775 17778 17781 17784 17787 17790 17793 17796 17799 17802 17805 17808 17811 17814 17817 17820 17823 17826 17829 17832 17835 17838 17841 17844 17847 17850 17853 17856 17859 17862 17865 17868 17871 17874 17877 17880 17883 17886 17889 17892 17895 17898 17901 17904 17907 17910 17913 17916 17919 17922 17925 17928 17931 17934 17937 17940 17943 17946 17949 17952 17955 17958 17961 17964 17967 17970 17973 17976 17979 17982 17985 17988 17991 17994 17997 18000 18003 18006 18009 18012 18015 18018 18021 18024 18027 18030 18033 18036 18039 18042 18045 18048 18051 18054 18057 18060 18063 18066 18069 18072 18075 18078 18081 18084 18087 18090 18093 18096 18099 18102 18105 18108 18111 18114 18117 18120 18123 18126 18129 18132 18135 18138 18141 18144 18147 18150 18153 18156 18159 18162 18165 18168 18171 18174 18177 18180 18183 18186 18189 18192 18195 18198 18201 18204 18207 18210 18213 18216 18219 18222 18225 18228 18231 18234 18237 18240 18243 18246 18249 18252 18255 18258 18261 18264 18267 18270 18273 18276 18279 18282 18285 18288 18291 18294 18297 18300 18303 18306 18309 18312 18315 18318 18321 18324 18327 18330 18333 18336 18339 18342 18345 18348 18351 18354 18357 18360 18363 18366 18369 18372 18375 18378 18381 18384 18387 18390 18393 18396 18399 18402 18405 18408 18411 18414 18417 18420 18423 18426 18429 18432 18435 18438 18441 18444 18447 18450 18453 18456 18459 18462 18465 18468 18471 18474 18477 18480 18483 18486 18489 18492 18495 18498 18501 18504 18507 18510 18513 18516 18519 18522 18525 18528 18531 18534 18537 18540 18543 18546 18549 18552 18555 18558 18561 18564 18567 18570 18573 18576 18579 18582 18585 18588 18591 18594 18597 18600 18603 18606 18609 18612 18615 18618 18621 18624 18627 18630 18633 18636 18639 18642 18645 18648 18651 18654 18657 18660 18663 18666 18669 18672 18675 18678 18681 18684 18687 18690 18693 18696 18699 18702 18705 18708 18711 18714 18717 18720 18723 18726 18729 18732 18735 18738 18741 18744 18747 18750 18753 18756 18759 18762 18765 18768 18771 18774 18777 18780 18783 18786 18789 18792 18795 18798 18801 18804 18807 18810 18813 18816 18819 18822 18825 18828 18831 18834 18837 18840 18843 18846 18849 18852 18855 18858 18861 18864 18867 18870 18873 18876 18879 18882 18885 18888 18891 18894 18897 18900 18903 18906 18909 18912 18915 18918 18921 18924 18927 18930 18933 18936 18939 18942 18945 18948 18951 18954 18957 18960 18963 18966 18969 18972 18975 18978 18981 18984 18987 18990 18993 18996 18999 19002 19005 19008 19011 19014 19017 19020 19023 19026 19029 19032 19035 19038 19041 19044 19047 19050 19053 19056 19059 19062 19065 19068 19071 19074 19077 19080 19083 19086 19089 19092 19095 19098 19101 19104 19107 19110 19113 19116 19119 19122 19125 19128 19131 19134 19137 19140 19143 19146 19149 19152 19155 19158 19161 19164 19167 19170 19173 19176 19179 19182 19185 19188 19191 19194 19197 19200 19203 19206 19209 19212 19215 19218 19221 19224 19227 19230 19233 19236 19239 19242 19245 19248 19251 19254 19257 19260 19263 19266 19269 19272 19275 19278 19281 19284 19287 19290 19293 19296 19299 19302 19305 19308 19311 19314 19317 19320 19323 19326 19329 19332 19335 19338 19341 19344 19347 19350 19353 19356 19359 19362 19365 19368 19371 19374 19377 19380 19383 19386 19389 19392 19395 19398 19401 19404 19407 19410 19413 19416 19419 19422 19425 19428 19431 19434 19437 19440 19443 19446 19449 19452 19455 19458 19461 19464 19467 19470 19473 19476 19479 19482 19485 19488 19491 19494 19497 19500 19503 19506 19509 19512 19515 19518 19521 19524 19527 19530 19533 19536 19539 19542 19545 19548 19551 19554 19557 19560 19563 19566 19569 19572 19575 19578 19581 19584 19587 19590 19593 19596 19599 19602 19605 19608 19611 19614 19617 19620 19623 19626 19629 19632 19635 19638 19641 19644 19647 19650 19653 19656 19659 19662 19665 19668 19671 19674 19677 19680 19683 19686 19689 19692 19695 19698 19701 19704 19707 19710 19713 19716 19719 19722 19725 19728 19731 19734 19737 19740 19743 19746 19749 19752 19755 19758 19761 19764 19767 19770 19773 19776 19779 19782 19785 19788 19791 19794 19797 19800 19803 19806 19809 19812 19815 19818 19821 19824 19827 19830 19833 19836 19839 19842 19845 19848 19851 19854 19857 19860 19863 19866 19869 19872 19875 19878 19881 19884 19887 19890 19893 19896 19899 19902 19905 19908 19911 19914 19917 19920 19923 19926 19929 19932 19935 19938 19941 19944 19947 19950 19953 19956 19959 19962 19965 19968 19971 19974 19977 19980 19983 19986 19989 19992 19995 19998 20001 20004 20007 20010 20013 20016 20019 20022 20025 20028 20031 20034 20037 20040 20043 20046 20049 20052 20055 20058 20061 20064 20067 20070 20073 20076 20079 20082 20085 20088 20091 20094 20097 20100 20103 20106 20109 20112 20115 20118 20121 20124 20127 20130 20133 20136 20139 20142 20145 20148 20151 20154 20157 20160 20163 20166 20169 20172 20175 20178 20181 20184 20187 20190 20193 20196 20199 20202 20205 20208 20211 20214 20217 20220 20223 20226 20229 20232 20235 20238 20241 20244 20247 20250 20253 20256 20259 20262 20265 20268 20271 20274 20277 20280 20283 20286 20289 20292 20295 20298 20301 20304 20307 20310 20313 20316 20319 20322 20325 20328 20331 20334 20337 20340 20343 20346 20349 20352 20355 20358 20361 20364 20367 20370 20373 20376 20379 20382 20385 20388 20391 20394 20397 20400 20403 20406 20409 20412 20415 20418 20421 20424 20427 20430 20433 20436 20439 20442 20445 20448 20451 20454 20457 20460 20463 20466 20469 20472 20475 20478 20481 20484 20487 20490 20493 20496 20499 20502 20505 20508 20511 20514 20517 20520 20523 20526 20529 20532 20535 20538 20541 20544 20547 20550 20553 20556 20559 20562 20565 20568 20571 20574 20577 20580 20583 20586 20589 20592 20595 20598 20601 20604 20607 20610 20613 20616 20619 20622 20625 20628 20631 20634 20637 20640 20643 20646 20649 20652 20655 20658 20661 20664 20667 20670 20673 20676 20679 20682 20685 20688 20691 20694 20697 20700 20703 20706 20709 20712 20715 20718 20721 20724 20727 20730 20733 20736 20739 20742 20745 20748 20751 20754 20757 20760 20763 20766 20769 20772 20775 20778 20781 20784 20787 20790 20793 20796 20799 20802 20805 20808 20811 20814 20817 20820 20823 20826 20829 20832 20835 20838 20841 20844 20847 20850 20853 20856 20859 20862 20865 20868 20871 20874 20877 20880 20883 20886 20889 20892 20895 20898 20901 20904 20907 20910 20913 20916 20919 20922 20925 20928 20931 20934 20937 20940 20943 20946 20949 20952 20955 20958 20961 20964 20967 20970 20973 20976 20979 20982 20985 20988 20991 20994 20997 21000 21003 21006 21009 21012 21015 21018 21021 21024 21027 21030 21033 21036 21039 21042 21045 21048 21051 21054 21057 21060 21063 21066 21069 21072 21075 21078 21081 21084 21087 21090 21093 21096 21099 21102 21105 21108 21111 21114 21117 21120 21123 21126 21129 21132 21135 21138 21141 21144 21147 21150 21153 21156 21159 21162 21165 21168 21171 21174 21177 21180 21183 21186 21189 21192 21195 21198 21201 21204 21207 21210 21213 21216 21219 21222 21225 21228 21231 21234 21237 21240 21243 21246 21249 21252 21255 21258 21261 21264 21267 21270 21273 21276 21279 21282 21285 21288 21291 21294 21297 21300 21303 21306 21309 21312 21315 21318 21321 21324 21327 21330 21333 21336 21339 21342 21345 21348 21351 21354 21357 21360 21363 21366 21369 21372 21375 21378 21381 21384 21387 21390 21393 21396 21399 21402 21405 21408 21411 21414 21417 21420 21423 21426 21429 21432 21435 21438 21441 21444 21447 21450 21453 21456 21459 21462 21465 21468 21471 21474 21477 21480 21483 21486 21489 21492 21495 21498 21501 21504 21507 21510 21513 21516 21519 21522 21525 21528 21531 21534 21537 21540 21543 21546 21549 21552 21555 21558 21561 21564 21567 21570 21573 21576 21579 21582 21585 21588 21591 21594 21597 21600 21603 21606 21609 21612 21615 21618 21621 21624 21627 21630 21633 21636 21639 21642 21645 21648 21651 21654 21657 21660 21663 21666 21669 21672 21675 21678 21681 21684 21687 21690 21693 21696 21699 21702 21705 21708 21711 21714 21717 21720 21723 21726 21729 21732 21735 21738 21741 21744 21747 21750 21753 21756 21759 21762 21765 21768 21771 21774 21777 21780 21783 21786 21789 21792 21795 21798 21801 21804 21807 21810 21813 21816 21819 21822 21825 21828 21831 21834 21837 21840 21843 21846 21849 21852 21855 21858 21861 21864 21867 21870 21873 21876 21879 21882 21885 21888 21891 21894 21897 21900 21903 21906 21909 21912 21915 21918 21921 21924 21927 21930 21933 21936 21939 21942 21945 21948 21951 21954 21957 21960 21963 21966 21969 21972 21975 21978 21981 21984 21987 21990 21993 21996 21999 22002 22005 22008 22011 22014 22017 22020 22023 22026 22029 22032 22035 22038 22041 22044 22047 22050 22053 22056 22059 22062 22065 22068 22071 22074 22077 22080 22083 22086 22089 22092 22095 22098 22101 22104 22107 22110 22113 22116 22119 22122 22125 22128 22131 22134 22137 22140 22143 22146 22149 22152 22155 22158 22161 22164 22167 22170 22173 22176 22179 22182 22185 22188 22191 22194 22197 22200 22203 22206 22209 22212 22215 22218 22221 22224 22227 22230 22233 22236 22239 22242 22245 22248 22251 22254 22257 22260 22263 22266 22269 22272 22275 22278 22281 22284 22287 22290 22293 22296 22299 22302 22305 22308 22311 22314 22317 22320 22323 22326 22329 22332 22335 22338 22341 22344 22347 22350 22353 22356 22359 22362 22365 22368 22371 22374 22377 22380 22383 22386 22389 22392 22395 22398 22401 22404 22407 22410 22413 22416 22419 22422 22425 22428 22431 22434 22437 22440 22443 22446 22449 22452 22455 22458 22461 22464 22467 22470 22473 22476 22479 22482 22485 22488 22491 22494 22497 22500 22503 22506 22509 22512 22515 22518 22521 22524 22527 22530 22533 22536 22539 22542 22545 22548 22551 22554 22557 22560 22563 22566 22569 22572 22575 22578 22581 22584 22587 22590 22593 22596 22599 22602 22605 22608 22611 22614 22617 22620 22623 22626 22629 22632 22635 22638 22641 22644 22647 22650 22653 22656 22659 22662 22665 22668 22671 22674 22677 22680 22683 22686 22689 22692 22695 22698 22701 22704 22707 22710 22713 22716 22719 22722 22725 22728 22731 22734 22737 22740 22743 22746 22749 22752 22755 22758 22761 22764 22767 22770 22773 22776 22779 22782 22785 22788 22791 22794 22797 22800 22803 22806 22809 22812 22815 22818 22821 22824 22827 22830 22833 22836 22839 22842 22845 22848 22851 22854 22857 22860 22863 22866 22869 22872 22875 22878 22881 22884 22887 22890 22893 22896 22899 22902 22905 22908 22911 22914 22917 22920 22923 22926 22929 22932 22935 22938 22941 22944 22947 22950 22953 22956 22959 22962 22965 22968 22971 22974 22977 22980 22983 22986 22989 22992 22995 22998 23001 23004 23007 23010 23013 23016 23019 23022 23025 23028 23031 23034 23037 23040 23043 23046 23049 23052 23055 23058 23061 23064 23067 23070 23073 23076 23079 23082 23085 23088 23091 23094 23097 23100 23103 23106 23109 23112 23115 23118 23121 23124 23127 23130 23133 23136 23139 23142 23145 23148 23151 23154 23157 23160 23163 23166 23169 23172 23175 23178 23181 23184 23187 23190 23193 23196 23199 23202 23205 23208 23211 23214 23217 23220 23223 23226 23229 23232 23235 23238 23241 23244 23247 23250 23253 23256 23259 23262 23265 23268 23271 23274 23277 23280 23283 23286 23289 23292 23295 23298 23301 23304 23307 23310 23313 23316 23319 23322 23325 23328 23331 23334 23337 23340 23343 23346 23349 23352 23355 23358 23361 23364 23367 23370 23373 23376 23379 23382 23385 23388 23391 23394 23397 23400 23403 23406 23409 23412 23415 23418 23421 23424 23427 23430 23433 23436 23439 23442 23445 23448 23451 23454 23457 23460 23463 23466 23469 23472 23475 23478 23481 23484 23487 23490 23493 23496 23499 23502 23505 23508 23511 23514 23517 23520 23523 23526 23529 23532 23535 23538 23541 23544 23547 23550 23553 23556 23559 23562 23565 23568 23571 23574 23577 23580 23583 23586 23589 23592 23595 23598 23601 23604 23607 23610 23613 23616 23619 23622 23625 23628 23631 23634 23637 23640 23643 23646 23649 23652 23655 23658 23661 23664 23667 23670 23673 23676 23679 23682 23685 23688 23691 23694 23697 23700 23703 23706 23709 23712 23715 23718 23721 23724 23727 23730 23733 23736 23739 23742 23745 23748 23751 23754 23757 23760 23763 23766 23769 23772 23775 23778 23781 23784 23787 23790 23793 23796 23799 23802 23805 23808 23811 23814 23817 23820 23823 23826 23829 23832 23835 23838 23841 23844 23847 23850 23853 23856 23859 23862 23865 23868 23871 23874 23877 23880 23883 23886 23889 23892 23895 23898 23901 23904 23907 23910 23913 23916 23919 23922 23925 23928 23931 23934 23937 23940 23943 23946 23949 23952 23955 23958 23961 23964 23967 23970 23973 23976 23979 23982 23985 23988 23991 23994 23997 24000 24003 24006 24009 24012 24015 24018 24021 24024 24027 24030 24033 24036 24039 24042 24045 24048 24051 24054 24057 24060 24063 24066 24069 24072 24075 24078 24081 24084 24087 24090 24093 24096 24099 24102 24105 24108 24111 24114 24117 24120 24123 24126 24129 24132 24135 24138 24141 24144 24147 24150 24153 24156 24159 24162 24165 24168 24171 24174 24177 24180 24183 24186 24189 24192 24195 24198 24201 24204 24207 24210 24213 24216 24219 24222 24225 24228 24231 24234 24237 24240 24243 24246 24249 24252 24255 24258 24261 24264 24267 24270 24273 24276 24279 24282 24285 24288 24291 24294 24297 24300 24303 24306 24309 24312 24315 24318 24321 24324 24327 24330 24333 24336 24339 24342 24345 24348 24351 24354 24357 24360 24363 24366 24369 24372 24375 24378 24381 24384 24387 24390 24393 24396 24399 24402 24405 24408 24411 24414 24417 24420 24423 24426 24429 24432 24435 24438 </DataArray>
<DataArray  type="UInt8"  Name="types"  format="ascii">5 5 5 5 5 5 5 5 5 5 5 5 5 5 5 5 5 5 5 5 5 5 5 5 5 5 5 5 5 5 5 5 5 5 5 5 5 5 5 5 5 5 5 5 5 5 5 5 5 5 5 5 5 5 5 5 5 5 5 5 5 5 5 5 5 5 5 5 5 5 5 5 5 5 5 5 5 5 5 5 5 5 5 5 5 5 5 5 5 5 5 5 5 5 5 5 5 5 5 5 5 5 5 5 5 5 5 5 5 5 5 5 5 5 5 5 5 5 5 5 5 5 5 5 5 5 5 5 5 5 5 5 5 5 5 5 5 5 5 5 5 5 5 5 5 5 5 5 5 5 5 5 5 5 5 5 5 5 5 5 5 5 5 5 5 5 5 5 5 5 5 5 5 5 5 5 5 5 5 5 5 5 5 5 5 5 5 5 5 5 5 5 5 5 5 5 5 5 5 5 5 5 5 5 5 5 5 5 5 5 5 5 5 5 5 5 5 5 5 5 5 5 5 5 5 5 5 5 5 5 5 5 5 5 5 5 5 5 5 5 5 5 5 5 5 5 5 5 5 5 5 5 5 5 5 5 5 5 5 5 5 5 5 5 5 5 5 5 5 5 5 5 5 5 5 5 5 5 5 5 5 5 5 5 5 5 5 5 5 5 5 5 5 5 5 5 5 5 5 5 5 5 5 5 5 5 5 5 5 5 5 5 5 5 5 5 5 5 5 5 5 5 5 5 5 5 5 5 5 5 5 5 5 5 5 5 5 5 5 5 5 5 5 5 5 5 5 5 5 5 5 5 5 5 5 5 5 5 5 5 5 5 5 5 5 5 5 5 5 5 5 5 5 5 5 5 5 5 5 5 5 5 5 5 5 5 5 5 5 5 5 5 5 5 5 5 5 5 5 5 5 5 5 5 5 5 5 5 5 5 5 5 5 5 5 5 5 5 5 5 5 5 5 5 5 5 5 5 5 5 5 5 5 5 5 5 5 5 5 5 5 5 5 5 5 5 5 5 5 5 5 5 5 5 5 5 5 5 5 5 5 5 5 5 5 5 5 5 5 5 5 5 5 5 5 5 5 5 5 5 5 5 5 5 5 5 5 5 5 5 5 5 5 5 5 5 5 5 5 5 5 5 5 5 5 5 5 5 5 5 5 5 5 5 5 5 5 5 5 5 5 5 5 5 5 5 5 5 5 5 5 5 5 5 5 5 5 5 5 5 5 5 5 5 5 5 5 5 5 5 5 5 5 5 5 5 5 5 5 5 5 5 5 5 5 5 5 5 5 5 5 5 5 5 5 5 5 5 5 5 5 5 5 5 5 5 5 5 5 5 5 5 5 5 5 5 5 5 5 5 5 5 5 5 5 5 5 5 5 5 5 5 5 5 5 5 5 5 5 5 5 5 5 5 5 5 5 5 5 5 5 5 5 5 5 5 5 5 5 5 5 5 5 5 5 5 5 5 5 5 5 5 5 5 5 5 5 5 5 5 5 5 5 5 5 5 5 5 5 5 5 5 5 5 5 5 5 5 5 5 5 5 5 5 5 5 5 5 5 5 5 5 5 5 5 5 5 5 5 5 5 5 5 5 5 5 5 5 5 5 5 5 5 5 5 5 5 5 5 5 5 5 5 5 5 5 5 5 5 5 5 5 5 5 5 5 5 5 5 5 5 5 5 5 5 5 5 5 5 5 5 5 5 5 5 5 5 5 5 5 5 5 5 5 5 5 5 5 5 5 5 5 5 5 5 5 5 5 5 5 5 5 5 5 5 5 5 5 5 5 5 5 5 5 5 5 5 5 5 5 5 5 5 5 5 5 5 5 5 5 5 5 5 5 5 5 5 5 5 5 5 5 5 5 5 5 5 5 5 5 5 5 5 5 5 5 5 5 5 5 5 5 5 5 5 5 5 5 5 5 5 5 5 5 5 5 5 5 5 5 5 5 5 5 5 5 5 5 5 5 5 5 5 5 5 5 5 5 5 5 5 5 5 5 5 5 5 5 5 5 5 5 5 5 5 5 5 5 5 5 5 5 5 5 5 5 5 5 5 5 5 5 5 5 5 5 5 5 5 5 5 5 5 5 5 5 5 5 5 5 5 5 5 5 5 5 5 5 5 5 5 5 5 5 5 5 5 5 5 5 5 5 5 5 5 5 5 5 5 5 5 5 5 5 5 5 5 5 5 5 5 5 5 5 5 5 5 5 5 5 5 5 5 5 5 5 5 5 5 5 5 5 5 5 5 5 5 5 5 5 5 5 5 5 5 5 5 5 5 5 5 5 5 5 5 5 5 5 5 5 5 5 5 5 5 5 5 5 5 5 5 5 5 5 5 5 5 5 5 5 5 5 5 5 5 5 5 5 5 5 5 5 5 5 5 5 5 5 5 5 5 5 5 5 5 5 5 5 5 5 5 5 5 5 5 5 5 5 5 5 5 5 5 5 5 5 5 5 5 5 5 5 5 5 5 5 5 5 5 5 5 5 5 5 5 5 5 5 5 5 5 5 5 5 5 5 5 5 5 5 5 5 5 5 5 5 5 5 5 5 5 5 5 5 5 5 5 5 5 5 5 5 5 5 5 5 5 5 5 5 5 5 5 5 5 5 5 5 5 5 5 5 5 5 5 5 5 5 5 5 5 5 5 5 5 5 5 5 5 5 5 5 5 5 5 5 5 5 5 5 5 5 5 5 5 5 5 5 5 5 5 5 5 5 5 5 5 5 5 5 5 5 5 5 5 5 5 5 5 5 5 5 5 5 5 5 5 5 5 5 5 5 5 5 5 5 5 5 5 5 5 5 5 5 5 5 5 5 5 5 5 5 5 5 5 5 5 5 5 5 5 5 5 5 5 5 5 5 5 5 5 5 5 5 5 5 5 5 5 5 5 5 5 5 5 5 5 5 5 5 5 5 5 5 5 5 5 5 5 5 5 5 5 5 5 5 5 5 5 5 5 5 5 5 5 5 5 5 5 5 5 5 5 5 5 5 5 5 5 5 5 5 5 5 5 5 5 5 5 5 5 5 5 5 5 5 5 5 5 5 5 5 5 5 5 5 5 5 5 5 5 5 5 5 5 5 5 5 5 5 5 5 5 5 5 5 5 5 5 5 5 5 5 5 5 5 5 5 5 5 5 5 5 5 5 5 5 5 5 5 5 5 5 5 5 5 5 5 5 5 5 5 5 5 5 5 5 5 5 5 5 5 5 5 5 5 5 5 5 5 5 5 5 5 5 5 5 5 5 5 5 5 5 5 5 5 5 5 5 5 5 5 5 5 5 5 5 5 5 5 5 5 5 5 5 5 5 5 5 5 5 5 5 5 5 5 5 5 5 5 5 5 5 5 5 5 5 5 5 5 5 5 5 5 5 5 5 5 5 5 5 5 5 5 5 5 5 5 5 5 5 5 5 5 5 5 5 5 5 5 5 5 5 5 5 5 5 5 5 5 5 5 5 5 5 5 5 5 5 5 5 5 5 5 5 5 5 5 5 5 5 5 5 5 5 5 5 5 5 5 5 5 5 5 5 5 5 5 5 5 5 5 5 5 5 5 5 5 5 5 5 5 5 5 5 5 5 5 5 5 5 5 5 5 5 5 5 5 5 5 5 5 5 5 5 5 5 5 5 5 5 5 5 5 5 5 5 5 5 5 5 5 5 5 5 5 5 5 5 5 5 5 5 5 5 5 5 5 5 5 5 5 5 5 5 5 5 5 5 5 5 5 5 5 5 5 5 5 5 5 5 5 5 5 5 5 5 5 5 5 5 5 5 5 5 5 5 5 5 5 5 5 5 5 5 5 5 5 5 5 5 5 5 5 5 5 5 5 5 5 5 5 5 5 5 5 5 5 5 5 5 5 5 5 5 5 5 5 5 5 5 5 5 5 5 5 5 5 5 5 5 5 5 5 5 5 5 5 5 5 5 5 5 5 5 5 5 5 5 5 5 5 5 5 5 5 5 5 5 5 5 5 5 5 5 5 5 5 5 5 5 5 5 5 5 5 5 5 5 5 5 5 5 5 5 5 5 5 5 5 5 5 5 5 5 5 5 5 5 5 5 5 5 5 5 5 5 5 5 5 5 5 5 5 5 5 5 5 5 5 5 5 5 5 5 5 5 5 5 5 5 5 5 5 5 5 5 5 5 5 5 5 5 5 5 5 5 5 5 5 5 5 5 5 5 5 5 5 5 5 5 5 5 5 5 5 5 5 5 5 5 5 5 5 5 5 5 5 5 5 5 5 5 5 5 5 5 5 5 5 5 5 5 5 5 5 5 5 5 5 5 5 5 5 5 5 5 5 5 5 5 5 5 5 5 5 5 5 5 5 5 5 5 5 5 5 5 5 5 5 5 5 5 5 5 5 5 5 5 5 5 5 5 5 5 5 5 5 5 5 5 5 5 5 5 5 5 5 5 5 5 5 5 5 5 5 5 5 5 5 5 5 5 5 5 5 5 5 5 5 5 5 5 5 5 5 5 5 5 5 5 5 5 5 5 5 5 5 5 5 5 5 5 5 5 5 5 5 5 5 5 5 5 5 5 5 5 5 5 5 5 5 5 5 5 5 5 5 5 5 5 5 5 5 5 5 5 5 5 5 5 5 5 5 5 5 5 5 5 5 5 5 5 5 5 5 5 5 5 5 5 5 5 5 5 5 5 5 5 5 5 5 5 5 5 5 5 5 5 5 5 5 5 5 5 5 5 5 5 5 5 5 5 5 5 5 5 5 5 5 5 5 5 5 5 5 5 5 5 5 5 5 5 5 5 5 5 5 5 5 5 5 5 5 5 5 5 5 5 5 5 5 5 5 5 5 5 5 5 5 5 5 5 5 5 5 5 5 5 5 5 5 5 5 5 5 5 5 5 5 5 5 5 5 5 5 5 5 5 5 5 5 5 5 5 5 5 5 5 5 5 5 5 5 5 5 5 5 5 5 5 5 5 5 5 5 5 5 5 5 5 5 5 5 5 5 5 5 5 5 5 5 5 5 5 5 5 5 5 5 5 5 5 5 5 5 5 5 5 5 5 5 5 5 5 5 5 5 5 5 5 5 5 5 5 5 5 5 5 5 5 5 5 5 5 5 5 5 5 5 5 5 5 5 5 5 5 5 5 5 5 5 5 5 5 5 5 5 5 5 5 5 5 5 5 5 5 5 5 5 5 5 5 5 5 5 5 5 5 5 5 5 5 5 5 5 5 5 5 5 5 5 5 5 5 5 5 5 5 5 5 5 5 5 5 5 5 5 5 5 5 5 5 5 5 5 5 5 5 5 5 5 5 5 5 5 5 5 5 5 5 5 5 5 5 5 5 5 5 5 5 5 5 5 5 5 5 5 5 5 5 5 5 5 5 5 5 5 5 5 5 5 5 5 5 5 5 5 5 5 5 5 5 5 5 5 5 5 5 5 5 5 5 5 5 5 5 5 5 5 5 5 5 5 5 5 5 5 5 5 5 5 5 5 5 5 5 5 5 5 5 5 5 5 5 5 5 5 5 5 5 5 5 5 5 5 5 5 5 5 5 5 5 5 5 5 5 5 5 5 5 5 5 5 5 5 5 5 5 5 5 5 5 5 5 5 5 5 5 5 5 5 5 5 5 5 5 5 5 5 5 5 5 5 5 5 5 5 5 5 5 5 5 5 5 5 5 5 5 5 5 5 5 5 5 5 5 5 5 5 5 5 5 5 5 5 5 5 5 5 5 5 5 5 5 5 5 5 5 5 5 5 5 5 5 5 5 5 5 5 5 5 5 5 5 5 5 5 5 5 5 5 5 5 5 5 5 5 5 5 5 5 5 5 5 5 5 5 5 5 5 5 5 5 5 5 5 5 5 5 5 5 5 5 5 5 5 5 5 5 5 5 5 5 5 5 5 5 5 5 5 5 5 5 5 5 5 5 5 5 5 5 5 5 5 5 5 5 5 5 5 5 5 5 5 5 5 5 5 5 5 5 5 5 5 5 5 5 5 5 5 5 5 5 5 5 5 5 5 5 5 5 5 5 5 5 5 5 5 5 5 5 5 5 5 5 5 5 5 5 5 5 5 5 5 5 5 5 5 5 5 5 5 5 5 5 5 5 5 5 5 5 5 5 5 5 5 5 5 5 5 5 5 5 5 5 5 5 5 5 5 5 5 5 5 5 5 5 5 5 5 5 5 5 5 5 5 5 5 5 5 5 5 5 5 5 5 5 5 5 5 5 5 5 5 5 5 5 5 5 5 5 5 5 5 5 5 5 5 5 5 5 5 5 5 5 5 5 5 5 5 5 5 5 5 5 5 5 5 5 5 5 5 5 5 5 5 5 5 5 5 5 5 5 5 5 5 5 5 5 5 5 5 5 5 5 5 5 5 5 5 5 5 5 5 5 5 5 5 5 5 5 5 5 5 5 5 5 5 5 5 5 5 5 5 5 5 5 5 5 5 5 5 5 5 5 5 5 5 5 5 5 5 5 5 5 5 5 5 5 5 5 5 5 5 5 5 5 5 5 5 5 5 5 5 5 5 5 5 5 5 5 5 5 5 5 5 5 5 5 5 5 5 5 5 5 5 5 5 5 5 5 5 5 5 5 5 5 5 5 5 5 5 5 5 5 5 5 5 5 5 5 5 5 5 5 5 5 5 5 5 5 5 5 5 5 5 5 5 5 5 5 5 5 5 5 5 5 5 5 5 5 5 5 5 5 5 5 5 5 5 5 5 5 5 5 5 5 5 5 5 5 5 5 5 5 5 5 5 5 5 5 5 5 5 5 5 5 5 5 5 5 5 5 5 5 5 5 5 5 5 5 5 5 5 5 5 5 5 5 5 5 5 5 5 5 5 5 5 5 5 5 5 5 5 5 5 5 5 5 5 5 5 5 5 5 5 5 5 5 5 5 5 5 5 5 5 5 5 5 5 5 5 5 5 5 5 5 5 5 5 5 5 5 5 5 5 5 5 5 5 5 5 5 5 5 5 5 5 5 5 5 5 5 5 5 5 5 5 5 5 5 5 5 5 5 5 5 5 5 5 5 5 5 5 5 5 5 5 5 5 5 5 5 5 5 5 5 5 5 5 5 5 5 5 5 5 5 5 5 5 5 5 5 5 5 5 5 5 5 5 5 5 5 5 5 5 5 5 5 5 5 5 5 5 5 5 5 5 5 5 5 5 5 5 5 5 5 5 5 5 5 5 5 5 5 5 5 5 5 5 5 5 5 5 5 5 5 5 5 5 5 5 5 5 5 5 5 5 5 5 5 5 5 5 5 5 5 5 5 5 5 5 5 5 5 5 5 5 5 5 5 5 5 5 5 5 5 5 5 5 5 5 5 5 5 5 5 5 5 5 5 5 5 5 5 5 5 5 5 5 5 5 5 5 5 5 5 5 5 5 5 5 5 5 5 5 5 5 5 5 5 5 5 5 5 5 5 5 5 5 5 5 5 5 5 5 5 5 5 5 5 5 5 5 5 5 5 5 5 5 5 5 5 5 5 5 5 5 5 5 5 5 5 5 5 5 5 5 5 5 5 5 5 5 5 5 5 5 5 5 5 5 5 5 5 5 5 5 5 5 5 5 5 5 5 5 5 5 5 5 5 5 5 5 5 5 5 5 5 5 5 5 5 5 5 5 5 5 5 5 5 5 5 5 5 5 5 5 5 5 5 5 5 5 5 5 5 5 5 5 5 5 5 5 5 5 5 5 5 5 5 5 5 5 5 5 5 5 5 5 5 5 5 5 5 5 5 5 5 5 5 5 5 5 5 5 5 5 5 5 5 5 5 5 5 5 5 5 5 5 5 5 5 5 5 5 5 5 5 5 5 5 5 5 5 5 5 5 5 5 5 5 5 5 5 5 5 5 5 5 5 5 5 5 5 5 5 5 5 5 5 5 5 5 5 5 5 5 5 5 5 5 5 5 5 5 5 5 5 5 5 5 5 5 5 5 5 5 5 5 5 5 5 5 5 5 5 5 5 5 5 5 5 5 5 5 5 5 5 5 5 5 5 5 5 5 5 5 5 5 5 5 5 5 5 5 5 5 5 5 5 5 5 5 5 5 5 5 5 5 5 5 5 5 5 5 5 5 5 5 5 5 5 5 5 5 5 5 5 5 5 5 5 5 5 5 5 5 5 5 5 5 5 5 5 5 5 5 5 5 5 5 5 5 5 5 5 5 5 5 5 5 5 5 5 5 5 5 5 5 5 5 5 5 5 5 5 5 5 5 5 5 5 5 5 5 5 5 5 5 5 5 5 5 5 5 5 5 5 5 5 5 5 5 5 5 5 5 5 5 5 5 5 5 5 5 5 5 5 5 5 5 5 5 5 5 5 5 5 5 5 5 5 5 5 5 5 5 5 5 5 5 5 5 5 5 5 5 5 5 5 5 5 5 5 5 5 5 5 5 5 5 5 5 5 5 5 5 5 5 5 5 5 5 5 5 5 5 5 5 5 5 5 5 5 5 5 5 5 5 5 5 5 5 5 5 5 5 5 5 5 5 5 5 5 5 5 5 5 5 5 5 5 5 5 5 5 5 5 5 5 5 5 5 5 5 5 5 5 5 5 5 5 5 5 5 5 5 5 5 5 5 5 5 5 5 5 5 5 5 5 5 5 5 5 5 5 5 5 5 5 5 5 5 5 5 5 5 5 5 5 5 5 5 5 5 5 5 5 5 5 5 5 5 5 5 5 5 5 5 5 5 5 5 5 5 5 5 5 5 5 5 5 5 5 5 5 5 5 5 5 5 5 5 5 5 5 5 5 5 5 5 5 5 5 5 5 5 5 5 5 5 5 5 5 5 5 5 5 5 5 5 5 5 5 5 5 5 5 5 5 5 5 5 5 5 5 5 5 5 5 5 5 5 5 5 5 5 5 5 5 5 5 5 5 5 5 5 5 5 5 5 5 5 5 5 5 5 5 5 5 5 5 5 5 5 5 5 5 5 5 5 5 5 5 5 5 5 5 5 5 5 5 5 5 5 5 5 5 5 5 5 5 5 5 5 5 5 5 5 5 5 5 5 5 5 5 5 5 5 5 5 5 5 5 5 5 5 5 5 5 5 5 5 5 5 5 5 5 5 5 5 5 5 5 5 5 5 5 5 5 5 5 5 5 5 5 5 5 5 5 5 5 5 5 5 5 5 5 5 5 5 5 5 5 5 5 5 5 5 5 5 5 5 5 5 5 5 5 5 5 5 5 5 5 5 5 5 5 5 5 5 5 5 5 5 5 5 5 5 5 5 5 5 5 5 5 5 5 5 5 5 5 5 5 5 5 5 5 5 5 5 5 5 5 5 5 5 5 5 5 5 5 5 5 5 5 5 5 5 5 5 5 5 5 5 5 5 5 5 5 5 5 5 5 5 5 5 5 5 5 5 5 5 5 5 5 5 5 5 5 5 5 5 5 5 5 5 5 5 5 5 5 5 5 5 5 5 5 5 5 5 5 5 5 5 5 5 5 5 5 5 5 5 5 5 5 5 5 5 5 5 5 5 5 5 5 5 5 5 5 5 5 5 5 5 5 5 5 5 5 5 5 5 5 5 5 5 5 5 5 5 5 5 5 5 5 5 5 5 5 5 5 5 5 5 5 5 5 5 5 5 5 5 5 5 5 5 5 5 5 5 5 5 5 5 5 5 5 5 5 5 5 5 5 5 5 5 5 5 5 5 5 5 5 5 5 5 5 5 5 5 5 5 5 5 5 5 5 5 5 5 5 5 5 5 5 5 5 5 5 5 5 5 5 5 5 5 5 5 5 5 5 5 5 5 5 5 5 5 5 5 5 5 5 5 5 5 5 5 5 5 5 5 5 5 5 5 5 5 5 5 5 5 5 5 5 5 5 5 5 5 5 5 5 5 5 5 5 5 5 5 5 5 5 5 5 5 5 5 5 5 5 5 5 5 5 5 5 5 5 5 5 5 5 5 5 5 5 5 5 5 5 5 5 5 5 5 5 5 5 5 5 5 5 5 5 5 5 5 5 5 5 5 5 5 5 5 5 5 5 5 5 5 5 5 5 5 5 5 5 5 5 5 5 5 5 5 5 5 5 5 5 5 5 5 5 5 5 5 5 5 5 5 5 5 5 5 5 5 5 5 5 5 5 5 5 5 5 5 5 5 5 5 5 5 5 5 5 5 5 5 5 5 5 5 5 5 5 5 5 5 5 5 5 5 5 5 5 5 5 5 5 5 5 5 5 5 5 5 5 5 5 5 5 5 5 5 5 5 5 5 5 5 5 5 5 5 5 5 5 5 5 5 5 5 5 5 5 5 5 5 5 5 5 5 5 5 5 5 5 5 5 5 5 5 5 5 5 5 5 5 5 5 5 5 5 5 5 5 5 5 5 5 5 5 5 5 5 5 5 5 5 5 5 5 5 5 5 5 5 5 5 5 5 5 5 5 5 5 5 5 5 5 5 5 5 5 5 5 5 5 5 5 5 5 5 5 5 5 5 5 5 5 5 5 5 5 5 5 5 5 5 5 5 5 5 5 5 5 5 5 5 5 5 5 5 5 5 5 5 5 5 5 5 5 5 5 5 5 5 5 5 5 5 5 5 5 5 5 5 5 5 5 5 5 5 5 5 5 5 5 5 5 5 5 5 5 5 5 5 5 5 5 5 5 5 5 5 5 5 5 5 5 5 5 5 5 5 5 5 5 5 5 5 5 5 5 5 5 5 5 5 5 5 5 5 5 5 5 5 5 5 5 5 5 5 5 5 5 5 5 5 5 5 5 5 5 5 5 5 5 5 5 5 5 5 5 5 5 5 5 5 5 5 5 5 5 5 5 5 5 5 5 5 5 5 5 5 5 5 5 5 5 5 5 5 5 5 5 5 5 5 5 5 5 5 5 5 5 5 5 5 5 5 5 5 5 5 5 5 5 5 5 5 5 5 5 5 5 5 5 5 5 5 5 5 5 5 5 5 5 5 5 5 5 5 5 5 5 5 5 5 5 5 5 5 5 5 5 5 5 5 5 5 5 5 5 5 5 5 5 5 5 5 5 5 5 5 5 5 5 5 5 5 5 5 5 5 5 5 5 5 5 5 5 5 5 5 5 5 5 5 5 5 5 5 5 5 5 5 5 5 5 5 5 5 5 5 5 5 5 5 5 5 5 5 5 5 5 5 5 5 5 5 5 5 5 5 5 5 5 5 5 5 5 5 5 5 5 5 5 5 5 5 5 5 5 5 5 5 5 5 5 5 5 5 5 5 5 5 5 5 5 5 5 5 5 5 5 5 5 5 5 5 5 5 5 5 5 5 5 5 5 5 5 5 5 5 5 5 5 5 5 5 5 5 5 5 5 5 5 5 5 5 5 5 5 5 5 5 5 5 5 5 5 5 5 5 5 5 5 5 5 5 5 5 5 5 5 5 5 5 5 5 5 5 5 5 5 5 5 5 5 5 5 5 5 5 5 5 5 5 5 5 5 5 5 5 5 5 5 5 5 5 5 5 5 5 5 5 5 5 5 5 5 5 5 5 5 5 5 5 5 5 5 5 5 5 5 5 5 5 5 5 5 5 5 5 5 5 5 5 5 5 5 5 5 5 5 5 5 5 5 5 5 5 5 5 5 5 5 5 5 5 5 5 5 5 5 5 5 5 5 5 5 5 5 5 5 5 5 5 5 5 5 5 5 5 5 5 5 5 5 5 5 5 5 5 5 5 5 5 5 5 5 5 5 5 5 5 5 5 5 5 5 5 5 5 5 5 5 5 5 5 5 5 5 5 5 5 5 5 5 5 5 5 5 5 5 5 5 5 5 5 5 5 5 5 5 5 5 5 5 5 5 5 5 5 5 5 5 5 5 5 5 5 5 5 5 5 5 5 5 5 5 5 5 5 5 5 5 5 5 5 5 5 5 5 5 5 5 5 5 5 5 5 5 5 5 5 5 5 5 5 5 5 5 5 5 5 5 5 5 5 5 5 5 5 5 5 5 5 5 5 5 5 5 5 5 5 5 5 5 5 5 5 5 5 5 5 5 5 5 5 5 5 5 5 5 5 5 5 5 5 5 5 5 5 5 5 5 5 5 5 5 5 5 5 5 5 5 5 5 5 5 5 5 5 5 5 5 5 5 5 5 5 5 5 5 5 5 5 5 5 5 5 5 5 5 5 5 5 5 5 5 5 5 5 5 5 5 5 5 5 5 5 5 5 5 5 5 5 5 5 5 5 5 5 5 5 5 5 5 5 5 5 5 5 5 5 5 5 5 5 5 5 5 5 5 5 5 5 5 5 5 5 5 5 5 5 5 5 5 5 5 5 5 5 5 5 5 5 5 5 5 5 5 5 5 5 5 5 5 5 5 5 5 5 5 5 5 5 5 5 5 5 5 5 5 5 5 5 5 5 5 5 5 5 5 5 5 5 5 5 5 5 5 5 5 5 5 5 5 5 5 5 5 5 5 5 5 5 5 5 5 5 5 5 5 5 5 5 5 5 5 5 5 5 5 5 5 5 5 5 5 5 5 5 5 5 5 5 5 5 5 5 5 5 5 5 5 5 5 5 5 5 5 5 5 5 5 5 5 5 5 5 5 5 5 5 5 5 5 5 5 5 5 5 5 5 5 5 5 5 5 5 5 5 5 5 5 5 5 5 5 5 5 5 5 5 5 5 5 5 5 5 5 5 5 5 5 5 5 5 5 5 5 5 5 5 5 5 5 5 5 5 5 5 5 5 5 5 5 5 5 5 5 5 5 5 5 5 5 5 5 5 5 5 5 5 5 5 5 5 5 5 5 5 5 5 5 5 5 5 5 5 5 5 5 5 5 5 5 5 5 5 5 5 5 5 5 5 5 5 5 5 5 5 5 5 5 5 5 5 5 5 5 5 5 5 5 5 5 5 5 5 5 5 5 5 5 5 5 5 5 5 5 5 5 5 5 5 5 5 5 5 5 5 5 5 5 5 5 5 5 5 5 5 5 5 5 5 5 5 5 5 5 5 5 5 5 5 5 5 5 5 5 5 5 5 5 5 5 5 5 5 5 5 5 5 5 5 5 5 5 5 5 5 5 5 5 5 5 5 5 5 5 5 5 5 5 5 5 5 5 5 5 5 5 5 5 5 5 5 5 5 5 5 5 5 5 5 5 5 5 5 5 5 5 5 5 5 5 5 5 5 5 5 5 5 5 5 5 5 5 5 5 5 5 5 5 5 5 5 5 5 5 5 5 5 5 5 5 5 5 5 5 5 5 5 5 5 5 5 5 5 5 5 5 5 5 5 5 5 5 5 5 5 5 5 5 5 5 5 5 5 5 5 5 5 5 5 5 5 5 5 5 5 5 5 5 5 5 5 5 5 5 5 5 5 5 5 5 5 5 5 5 5 5 5 5 5 5 5 5 5 5 5 5 5 5 5 5 5 5 5 5 5 5 5 5 5 5 5 5 5 5 5 5 5 5 5 5 5 5 5 5 5 5 5 5 5 5 5 5 5 5 5 5 5 5 5 5 5 5 5 5 5 5 5 5 5 5 5 5 5 5 5 5 5 5 5 5 5 5 5 5 5 5 5 5 5 5 5 5 5 5 5 5 5 5 5 5 5 5 5 5 5 5 5 5 5 5 5 5 5 5 5 5 5 5 5 5 5 5 5 5 5 5 5 5 5 5 5 5 5 5 5 5 5 5 5 5 5 5 5 5 5 5 5 5 5 5 5 5 5 5 5 5 5 5 5 5 5 5 5 5 5 5 5 5 5 5 5 5 5 5 5 5 5 5 5 5 5 5 5 5 5 5 5 5 5 5 5 5 5 5 5 5 5 5 5 5 5 5 5 5 5 5 5 5 5 5 5 5 5 5 5 5 5 5 5 5 5 5 5 5 5 5 5 5 5 5 5 5 5 5 5 5 5 5 5 5 5 5 5 5 5 5 5 5 5 5 5 5 5 5 5 5 5 5 5 5 5 5 5 5 5 5 5 5 5 5 5 5 5 5 5 5 5 5 5 5 5 5 5 5 5 5 5 5 5 5 5 5 5 5 5 5 5 5 5 5 5 5 5 5 5 5 5 5 5 5 5 5 5 5 5 5 5 5 5 5 5 5 5 5 5 5 5 5 5 5 5 5 5 5 5 5 5 5 5 5 5 5 5 5 5 5 5 5 5 5 5 5 5 5 5 5 5 5 5 5 5 5 5 5 5 5 5 5 5 5 5 5 5 5 5 5 5 5 5 5 5 5 5 5 5 5 5 5 5 5 5 5 5 5 5 5 5 5 5 5 5 5 5 5 5 5 5 5 5 5 5 5 5 5 5 5 5 5 5 5 5 5 5 5 5 5 5 5 5 5 5 5 5 5 5 5 5 5 5 5 5 5 5 5 5 5 5 5 5 5 5 5 5 5 5 5 5 5 5 5 5 5 5 5 5 5 5 5 5 5 5 5 5 5 5 5 5 5 5 5 5 5 5 5 5 5 5 5 5 5 5 5 5 5 5 5 5 5 5 5 5 5 5 5 5 5 5 5 5 5 5 5 5 5 5 5 5 5 5 5 5 5 5 5 5 5 5 5 5 5 5 5 5 5 5 5 5 5 5 5 5 5 5 5 5 5 5 5 5 5 5 5 5 5 5 5 5 5 5 5 5 5 5 5 5 5 5 5 5 5 5 5 5 5 5 5 5 5 5 5 5 5 5 5 5 5 5 5 5 5 5 5 5 5 5 5 5 5 5 5 5 5 5 5 5 5 5 5 5 5 5 5 5 5 5 5 5 5 5 5 5 5 5 5 5 5 5 5 5 5 5 5 5 5 5 5 5 5 5 5 5 5 5 5 5 5 5 5 5 5 5 5 5 5 5 5 5 5 5 5 5 5 5 5 5 5 5 5 5 5 5 5 5 5 5 5 5 5 5 5 5 5 5 5 5 5 5 5 5 5 5 5 5 5 5 5 5 5 5 5 5 5 5 5 5 5 5 5 5 5 5 5 5 5 5 5 5 5 5 5 5 5 5 5 5 5 5 5 5 5 5 5 5 5 5 5 5 5 5 5 5 5 5 5 5 5 5 5 5 5 5 5 5 5 5 5 5 5 5 5 5 5 5 5 5 5 5 5 5 5 5 5 5 5 5 5 5 5 5 5 5 5 5 5 5 5 5 5 5 5 5 5 5 5 5 5 5 5 5 5 5 5 5 5 5 5 5 5 5 5 5 5 5 5 5 5 5 5 5 5 5 5 5 5 5 5 5 5 5 5 5 5 5 5 5 5 5 5 5 5 5 5 5 5 5 5 5 5 5 5 5 5 5 5 5 5 5 5 5 5 5 5 5 5 5 5 5 5 5 5 5 5 5 5 5 5 5 5 5 5 5 5 5 5 5 5 5 5 5 5 5 5 5 5 5 5 5 5 5 5 5 5 5 5 5 5 5 5 5 5 5 5 5 5 5 5 5 5 5 5 5 5 5 5 5 5 5 5 5 5 5 5 5 5 5 5 5 5 5 5 5 5 5 5 5 5 5 5 5 5 5 5 5 5 5 5 5 5 5 5 5 5 5 5 5 5 5 5 5 5 5 5 5 5 5 5 5 5 5 5 5 5 5 5 5 5 5 5 5 5 5 5 5 5 5 5 5 5 5 5 5 5 5 5 5 5 5 5 5 5 5 5 5 5 5 5 5 5 5 5 5 5 5 5 5 5 5 5 5 5 5 5 5 5 5 5 5 5 5 5 5 5 5 5 5 5 5 5 5 5 5 5 5 5 5 5 5 5 5 5 5 5 5 5 5 5 5 5 5 5 5 5 5 5 5 5 5 5 5 5 5 5 5 5 5 5 5 5 5 5 5 5 5 5 5 5 5 5 5 5 5 5 5 5 5 5 5 5 5 5 5 5 5 5 5 5 5 5 5 5 5 5 5 5 5 5 5 5 5 5 5 5 5 5 5 5 5 5 5 5 5 5 5 5 5 5 5 5 5 5 5 5 5 5 5 5 5 5 5 5 5 5 5 5 5 5 5 5 5 5 5 5 5 5 5 5 5 5 5 5 5 5 5 5 5 5 5 5 5 5 5 5 5 5 5 5 5 5 5 5 5 5 5 5 5 5 5 5 5 5 5 5 5 5 5 5 5 5 5 5 5 5 5 5 5 5 5 5 5 5 5 5 5 5 5 5 5 5 5 5 5 5 5 5 5 5 5 5 5 5 5 5 5 5 5 5 5 5 5 5 5 5 5 5 5 5 5 5 5 5 5 5 5 5 5 5 5 5 5 5 5 5 5 5 5 5 5 5 5 5 5 5 5 5 5 5 5 5 5 5 5 5 5 5 5 5 5 5 5 5 5 5 5 5 5 5 5 5 5 5 5 5 5 5 5 5 5 5 5 5 5 5 5 5 5 5 5 5 5 5 5 5 5 5 5 5 5 5 5 5 5 5 5 5 5 5 5 5 5 5 5 5 5 5 5 5 5 5 5 5 5 5 5 5 5 5 5 5 5 5 5 5 5 5 5 5 5 5 5 5 5 5 5 5 5 5 5 5 5 5 5 5 5 5 5 5 5 5 5 5 5 5 5 5 5 5 5 5 5 5 5 5 5 5 5 5 5 5 5 5 5 5 5 5 5 5 5 5 5 5 5 5 5 5 5 5 5 5 5 5 5 5 5 5 5 5 5 5 5 5 5 5 5 5 5 5 5 5 5 5 5 5 5 5 5 5 5 5 5 5 5 5 5 5 5 5 5 5 5 5 5 5 5 5 5 5 5 5 5 5 5 5 5 5 5 5 5 5 5 5 5 5 5 5 5 5 5 5 5 5 5 5 5 5 5 5 5 5 5 5 5 5 5 5 5 5 5 5 5 5 5 5 5 5 5 5 5 5 5 5 5 5 5 5 5 5 5 5 5 5 5 5 5 5 5 5 5 5 5 5 5 5 5 5 5 5 5 5 5 5 5 5 5 5 5 5 5 5 5 5 5 5 5 5 5 5 5 5 5 5 5 5 5 5 5 5 5 5 5 5 5 5 5 5 5 5 5 5 5 5 5 5 5 5 5 5 5 5 5 5 5 5 5 5 5 5 5 5 5 5 5 5 5 5 5 5 5 5 5 5 5 5 5 5 5 5 5 5 5 5 5 5 5 5 5 5 5 5 5 5 5 5 5 5 5 5 5 5 5 5 5 5 5 5 5 5 5 5 5 5 5 5 5 5 5 5 5 5 5 5 5 5 5 5 5 5 5 5 5 5 5 5 5 5 5 5 5 5 5 5 5 5 5 5 5 5 5 5 5 5 5 5 5 5 5 5 5 5 5 5 5 5 5 5 5 5 5 5 5 5 5 5 5 5 5 5 5 5 5 5 5 5 5 5 5 5 5 5 5 5 5 5 5 5 5 5 5 5 5 5 5 5 5 5 5 5 5 5 5 5 5 5 5 5 5 5 5 5 5 5 5 5 5 5 5 5 5 5 5 5 5 5 5 5 5 5 5 5 5 5 5 5 5 5 5 5 5 5 5 5 5 5 5 5 5 5 5 5 5 5 5 5 5 5 5 5 5 5 5 5 5 5 5 5 5 5 5 5 5 5 5 5 5 5 5 5 5 5 5 5 5 5 5 5 5 5 5 5 5 5 5 5 5 5 5 5 5 5 5 5 5 5 5 5 5 5 5 5 5 5 5 5 5 5 5 5 5 5 5 5 5 5 5 5 5 5 5 5 5 5 5 5 5 5 5 5 5 5 5 5 5 5 5 5 5 5 5 5 5 5 5 5 5 5 5 5 5 5 5 5 5 5 5 5 5 5 5 5 5 5 5 5 5 5 5 5 5 5 5 5 5 5 5 5 5 5 5 5 5 5 5 5 5 5 5 5 5 5 5 5 5 5 5 5 5 5 5 5 5 5 5 5 5 5 5 5 5 5 5 5 5 5 5 5 5 5 5 5 5 5 5 5 5 5 5 5 5 5 5 5 5 5 5 5 5 5 5 5 5 5 5 5 5 5 5 5 5 5 5 5 5 5 5 5 5 5 5 5 5 5 5 5 5 5 5 5 5 5 5 5 5 5 5 5 5 5 5 5 5 5 5 5 5 5 5 5 5 5 5 5 5 5 5 5 5 5 5 5 5 5 5 5 5 5 5 5 5 5 5 5 5 5 5 5 5 5 5 5 5 5 5 5 5 5 5 5 5 5 5 5 5 5 5 5 5 5 5 5 5 5 5 5 5 5 5 5 5 5 5 5 5 5 5 5 5 5 5 5 5 5 5 5 5 5 5 5 5 5 5 5 5 5 5 5 5 5 5 5 5 5 5 5 5 5 5 5 5 5 5 5 5 5 5 5 5 5 5 5 5 5 5 5 5 5 5 5 5 5 5 5 5 5 5 5 5 5 5 5 5 5 5 5 5 5 5 5 5 5 5 5 5 5 5 5 5 5 5 5 5 5 5 </DataArray>
</Cells>
<PointData  Scalars="f_264357"> 
<DataArray  type="Float64"  Name="f_264357"  format="ascii">0.0000000000000000e+00  0.0000000000000000e+00  0.0000000000000000e+00  0.0000000000000000e+00  -5.3666305814331272e-03  6.0989696659885049e-03  -4.0898069245090692e-04  -2.5146403763910176e-03  -2.6845684188666666e-03  -1.2899291083183428e-03  -3.4271916703194184e-04  -6.1904543566475585e-03  -6.1289472117124688e-03  -7.4625504665864085e-04  -8.2665568443271919e-04  -6.7747631778711020e-04  -3.0584296383538744e-04  4.2389099667839331e-04  -1.0354865269592141e-03  4.5581813183219180e-03  -3.0044550669611788e-04  0.0000000000000000e+00  0.0000000000000000e+00  1.0757870146403162e-03  1.4393022814741751e-03  0.0000000000000000e+00  0.0000000000000000e+00  0.0000000000000000e+00  0.0000000000000000e+00  -7.0522644132764195e-04  -2.0328750416812811e-04  -5.1629731726891956e-04  -4.9512644429993400e-04  -1.4112901559390808e-03  -1.7504611254152919e-03  0.0000000000000000e+00  0.0000000000000000e+00  0.0000000000000000e+00  0.0000000000000000e+00  0.0000000000000000e+00  2.9337580527414117e-04  4.7676541530106446e-04  0.0000000000000000e+00  0.0000000000000000e+00  0.0000000000000000e+00  0.0000000000000000e+00  0.0000000000000000e+00  2.5581355244168905e-04  5.2003265953837674e-04  4.3023604462021390e-04  4.0297853068759225e-04  0.0000000000000000e+00  0.0000000000000000e+00  0.0000000000000000e+00  0.0000000000000000e+00  1.8132282142816429e-04  2.3256774904154454e-04  2.3250337488378572e-04  2.6220116683999597e-04  1.4643124310159054e-04  6.6481680714268877e-04  0.0000000000000000e+00  0.0000000000000000e+00  -6.2961303822331503e-04  1.1429106914081311e-03  0.0000000000000000e+00  0.0000000000000000e+00  -5.0264712696435456e-04  -2.7786264073611421e-04  0.0000000000000000e+00  1.5668109552548950e-04  0.0000000000000000e+00  0.0000000000000000e+00  0.0000000000000000e+00  4.2692871693609163e-04  1.8337745053873588e-04  1.1351306821735098e-04  0.0000000000000000e+00  2.1643020337405470e-04  -4.1854871100813860e-05  1.8680478124256974e-04  -1.2233831744813532e-05  -3.0934750163875929e-05  -6.6245601144290995e-04  -2.9540001967532427e-04  7.5572142192450943e-05  8.8863964063357092e-05  0.0000000000000000e+00  -8.9666745219765147e-04  2.4615179879017339e-04  0.0000000000000000e+00  6.9614069719435828e-04  -5.0042789108335555e-04  1.5385108887069540e-04  0.0000000000000000e+00  3.2567033265147648e-04  2.1495104640550323e-04  5.4506336077109565e-04  -4.1369499256036819e-04  -4.4850113097528728e-04  -6.0594176574857385e-04  0.0000000000000000e+00  0.0000000000000000e+00  0.0000000000000000e+00  0.0000000000000000e+00  1.1044739954654904e-04  3.7345983731899748e-04  9.1406412319961308e-04  1.8429760921577815e-04  1.8867976094914893e-04  6.8462169585522121e-05  1.5684583307485473e-04  1.5552723817098500e-04  7.9586602651292781e-04  0.0000000000000000e+00  4.1434263776387624e-05  0.0000000000000000e+00  7.8433301974298927e-04  6.1515563070497993e-04  1.2811996440288112e-04  -6.5917815612807814e-05  4.1085125863096663e-04  1.9930873401442954e-04  7.6599556895196004e-05  1.0899373467964019e-04  2.8871482624434722e-04  1.5648714169076060e-04  1.0076256898534404e-04  2.8754192334427831e-04  0.0000000000000000e+00  1.0350883508616779e-04  3.2445218991154155e-04  7.3195213957756195e-05  2.9090702052575495e-04  2.2140346670327727e-04  3.3147375545569305e-05  3.2133699934042365e-04  6.1708906525556376e-05  2.8091820687355790e-04  1.9357043242551025e-04  1.0506560539793485e-04  0.0000000000000000e+00  3.9096315444739517e-04  -1.5273693384978979e-03  0.0000000000000000e+00  0.0000000000000000e+00  0.0000000000000000e+00  0.0000000000000000e+00  1.5156119654301842e-03  -2.4399482561146755e-04  5.8049878434086107e-04  6.6500839956527472e-05  7.0410522037647389e-05  6.7109998826561320e-05  2.8446872654129838e-04  0.0000000000000000e+00  9.1770446283387738e-05  0.0000000000000000e+00  8.1369365726351723e-05  -2.4261999031601966e-04  4.5044391499093985e-05  9.8926089531913561e-05  -6.0105826534031408e-04  -1.8657428226268746e-04  2.8029532996218595e-04  8.2695531393188804e-05  1.9741555848294768e-04  2.9697144301869436e-04  3.4232539322571765e-04  1.2673928417233119e-03  4.9901680280450540e-04  2.4535289026220131e-04  5.2248926136600686e-04  5.4486176876881445e-04  3.4996868836366846e-04  -9.3178563537891417e-04  -1.9165051820205684e-04  6.0909962323088785e-05  5.4669388558135793e-04  0.0000000000000000e+00  -2.9460996361743924e-04  0.0000000000000000e+00  -1.2303098994817044e-04  1.2315707987840279e-04  -1.3513430846826704e-04  -1.3740492998555950e-05  4.2353086374797921e-04  -8.6374209079356497e-04  -7.7494785382423712e-04  3.8173597231566551e-06  -1.1578186187528737e-04  -1.0775769789202281e-03  -6.4370146287581797e-04  0.0000000000000000e+00  -3.8076888653415053e-04  0.0000000000000000e+00  1.9319982187728721e-05  -1.8825945677576890e-04  3.1313406214374508e-04  0.0000000000000000e+00  0.0000000000000000e+00  6.5179382733812055e-04  1.1222965653497222e-04  -6.2531391913882295e-04  1.1521153680568521e-03  -3.6114481352058302e-04  7.7272399173479876e-05  1.8617722395170090e-04  0.0000000000000000e+00  1.4740947609645803e-04  1.4040461698296989e-03  -5.9303644895314670e-03  4.7460831217011008e-04  3.2265772107983865e-04  0.0000000000000000e+00  1.1830462473310371e-04  3.3607772717609408e-04  1.1366674751822196e-04  -2.7329059873721316e-04  6.1690170001773035e-05  3.6351574653666745e-05  1.3396346363826365e-04  2.1493557777703875e-04  -4.0979578350592216e-04  -3.9885041405715555e-04  -1.1800382789064319e-04  -5.6277944679895104e-04  -7.7537895624039976e-04  -2.9575075281719010e-04  6.7981479883080743e-04  -9.1833152975502450e-05  -2.7483433873726637e-05  3.7649025540373326e-04  2.5487085948588592e-04  2.5819489066664309e-04  2.2414275608349340e-04  1.3993321517251826e-05  4.3565755558875746e-05  7.8299899644887372e-05  1.9596097112489631e-04  -9.6439508184855869e-04  5.3908580255108366e-04  5.7173714791288496e-04  0.0000000000000000e+00  2.4715016089081795e-05  0.0000000000000000e+00  6.7837662395560109e-05  -3.0301648288595456e-04  3.7040866904585005e-04  -1.2908726490061542e-04  2.6673529455987209e-04  0.0000000000000000e+00  1.1345364531904748e-04  -2.3996250920646357e-04  0.0000000000000000e+00  0.0000000000000000e+00  1.1790798619845284e-04  -3.7732921347701398e-04  -4.4111864084317567e-04  -1.8194935905599746e-03  0.0000000000000000e+00  9.3385288119289130e-05  -9.7735773648031487e-05  8.9875593233540679e-04  8.9114435646388814e-06  -2.6281558952419591e-04  1.2055619789250523e-03  1.3752195072816659e-04  3.5399975877625480e-04  2.3507808657168412e-05  0.0000000000000000e+00  2.6268066832160661e-04  4.5157624674979895e-04  2.8234271669368746e-04  0.0000000000000000e+00  7.7906866405539970e-04  3.8087273998174887e-04  6.4622372295423535e-04  1.9118588489087620e-04  7.5829773483483679e-05  0.0000000000000000e+00  -1.0632260718512561e-03  8.9780636119323387e-04  -4.2441758538989217e-04  -4.4682775096758001e-04  2.6831402555935261e-04  1.9612369933949132e-04  0.0000000000000000e+00  0.0000000000000000e+00  0.0000000000000000e+00  0.0000000000000000e+00  -6.9547188740515925e-04  2.5963829992949852e-04  0.0000000000000000e+00  0.0000000000000000e+00  0.0000000000000000e+00  -3.2167489443240835e-03  -9.8060830972985635e-04  0.0000000000000000e+00  0.0000000000000000e+00  0.0000000000000000e+00  0.0000000000000000e+00  0.0000000000000000e+00  0.0000000000000000e+00  2.8289698308613608e-04  4.0975540825504416e-05  1.8104168196049429e-04  4.3703654360241839e-05  1.8557512410710003e-04  1.5183983635769406e-04  1.2309022894994029e-04  0.0000000000000000e+00  9.3510777564403982e-05  1.8694113985298208e-05  3.1383278691854877e-04  7.3613004026653619e-05  7.3158673157515793e-05  1.9005714575790770e-05  7.1255223166535636e-04  8.9521792870336483e-05  3.2569592811041467e-04  2.2078095320810038e-04  5.1239325910528940e-05  2.6414242828884637e-04  2.2329397761560208e-04  9.4587769441619178e-04  -4.2509745958173593e-04  6.0290677543825501e-04  1.0727487537223465e-04  -2.3436552019249490e-03  4.8722567123624463e-04  -2.6701088257787339e-04  1.1743803405410047e-03  1.0985388606995557e-04  -6.3965106264403263e-04  7.2106826111496177e-05  3.9937976248725340e-04  3.5917513659673348e-04  -8.2095483477570314e-04  1.0424907536497321e-03  2.4656960061020636e-03  1.7272731097814711e-03  1.2612104787927309e-04  5.8602237982729462e-05  2.8024718476755831e-04  1.2281859381310664e-03  3.4108162776471410e-04  2.7754097776633280e-04  5.8878213701231808e-05  -7.9736872445258778e-04  2.4330902990435865e-04  0.0000000000000000e+00  0.0000000000000000e+00  -3.5431326035425837e-04  7.3253991841660965e-05  -1.3235732001860517e-04  -2.7165913568940101e-04  9.1773407312879067e-05  -4.8725494262798089e-04  0.0000000000000000e+00  -1.2932960585545339e-04  -6.7963142377854956e-04  1.9241040411694860e-04  6.7252892345822206e-05  7.3687578826248137e-05  6.6848197257307759e-05  1.6516626493337381e-04  3.4155366796675247e-04  -2.9917376366072273e-04  5.1766575364058757e-05  4.4061862634326403e-04  1.1889678167300847e-04  1.2447000006825655e-05  2.1693534337025724e-04  1.3998901389274742e-04  7.7038050771764997e-05  3.8329430120908412e-05  2.6977031528320749e-04  7.9539179417911557e-05  1.6222759368428332e-04  1.2773245415084107e-04  2.5448786283678061e-04  5.4253158933861755e-05  -1.4510659283439319e-04  -1.8774649223672359e-03  7.3812882181543819e-04  -2.6318007710800651e-04  -1.1338577704140451e-03  -4.1383619464354961e-05  1.4228700436582712e-04  -1.2315324237612634e-04  -4.3785633432026485e-05  1.2904613777574839e-04  1.6153415698216077e-04  0.0000000000000000e+00  5.3281873594139079e-05  0.0000000000000000e+00  -1.9203018616910202e-04  -5.7752269717161386e-04  6.6461318315858155e-05  1.7310177206371314e-04  -6.1316368157348592e-04  -7.7752548542594124e-04  4.2463303449172864e-04  3.7779520243075465e-05  3.2645429087391751e-04  2.0336981206934005e-05  1.5798857930925502e-04  5.3026536321160914e-05  2.1144322413911053e-04  3.7380190709769372e-04  2.9126609592736223e-04  1.1775919513738671e-05  2.1564625326984520e-04  7.8110816533483442e-05  3.5289594853767981e-04  0.0000000000000000e+00  2.0025135104130258e-04  1.4189307894305984e-05  2.2109234854049645e-04  7.7421346278622996e-04  3.4810305497736034e-04  1.3645803273449361e-04  5.3264587193208631e-05  -2.6625289283953811e-04  3.4707784263261304e-04  1.3774655312928389e-04  8.4987370072744765e-05  5.1745492754446201e-04  2.6765739689088320e-04  2.7745992063209348e-04  3.1121726081109593e-05  2.4888101427277036e-04  -8.4821212656191139e-05  1.3226756932212887e-04  -1.1263651252344891e-03  2.5678959951739417e-04  2.3589736621032131e-04  3.7626256982100032e-04  -4.3583234766029463e-04  -6.3828254920074835e-04  2.0539284105043081e-04  -2.8958526987905912e-04  2.8791928891750399e-04  -8.3125176005595838e-06  8.3422656176106982e-05  2.6599981183932097e-04  4.7893665223733734e-05  2.2547237895973639e-04  6.2877680446986315e-05  3.4715497899700734e-04  4.2554301352310832e-04  1.5682729938614807e-04  -2.2434171768310983e-04  -2.6795284638272439e-04  9.5117408008188546e-05  4.4275554404520040e-05  2.4061391456195764e-04  3.0259637109169928e-04  -6.5101770472259109e-04  3.5461689871471687e-05  -3.2713885238411694e-04  4.1455805048496358e-04  2.9794067636223338e-04  5.3610034390544033e-04  6.6854860064835965e-04  -1.4187037201694874e-04  3.0678275442963792e-04  2.5996416409391658e-05  9.1638397233004539e-05  2.1193056274472022e-04  3.9395536298038726e-04  -7.4196081729355996e-05  -1.9764808401152452e-04  2.7428335490790206e-04  1.4171734937134574e-04  2.4069117357581598e-04  2.0635365620029545e-03  2.2496675377670456e-03  -6.3128139039752364e-05  9.9461194135696073e-05  1.3662736701549480e-04  1.5555038804122018e-04  1.6192735899701579e-04  3.2764848818475444e-04  -2.3884537270300755e-03  -6.0320015761834531e-05  3.3787138881413069e-04  -8.2018421209222991e-04  6.3554779299114926e-05  1.2283111370350915e-04  2.7152063497043981e-05  0.0000000000000000e+00  0.0000000000000000e+00  0.0000000000000000e+00  0.0000000000000000e+00  0.0000000000000000e+00  0.0000000000000000e+00  0.0000000000000000e+00  0.0000000000000000e+00  0.0000000000000000e+00  1.1848802594320528e-05  1.5726662042520091e-04  9.8649385997098580e-05  4.9141689101230961e-05  -1.1461264198922199e-04  -1.6130092436205933e-05  2.5806205286357791e-05  3.4191538692783388e-04  5.6473824195342589e-05  -2.0790955537180837e-04  1.4864062010888258e-04  2.9242685091251916e-05  2.3778010881126495e-04  2.0275150110922802e-04  3.8985466234060128e-05  -2.2124424774314967e-04  -4.0551776309554473e-05  -2.0405999822901348e-04  -1.5021186796393196e-04  -3.0775445056927285e-04  5.9678297501216377e-05  5.8110557962392351e-05  1.2140123293184873e-04  1.3403769603500667e-04  2.9641380340873779e-04  -1.7170912678710076e-04  1.0852433399659355e-03  5.5781250921076858e-04  1.6777252149151464e-04  -1.2817220753143833e-03  4.8304039570018496e-05  3.6785283598827660e-04  -1.0303952234434496e-04  4.9935470098327299e-05  9.6698018970758803e-05  1.0240007544838416e-04  -2.7554902483765227e-04  -4.7826174906358303e-05  1.7512719403201921e-05  -3.2870538379184557e-04  1.4742108454891592e-04  2.2963156043808729e-04  1.7508808705020887e-05  2.3947726493369343e-04  -1.9523581159730998e-04  2.7563878330387504e-05  1.6313552824910975e-04  2.9120417508792602e-04  3.2898497937003520e-04  5.1754834561443491e-04  2.3114732127111422e-04  -2.0731166659983616e-04  1.9015045290242063e-04  0.0000000000000000e+00  -5.8358708344007039e-05  5.8872562700206692e-04  5.7196882090596003e-04  -1.1262413845034387e-03  1.1434244041777962e-04  6.3489161536299217e-05  5.3886393524626722e-05  6.3633397336536413e-05  -1.2404829194226381e-03  -7.3775082107781545e-04  2.7908594517019115e-05  4.3392010016023547e-05  9.9517325173402205e-05  -4.2568934355757636e-04  -1.3656080983534912e-04  3.4120643611736058e-04  4.3289396532600945e-04  2.3750344672875199e-04  -2.5068022277623684e-04  4.7630741232804121e-04  5.9985848159791540e-04  6.0199093794402925e-04  2.1683219366114912e-05  4.5337826961898058e-05  0.0000000000000000e+00  -8.2964938150911164e-04  1.4072350128591053e-04  -1.1686463208752495e-03  -7.0972735205460341e-04  -5.4741569240675269e-04  -7.2776832915345574e-04  4.5233878620524913e-05  -2.2652608479001060e-04  -5.8866697459545995e-04  0.0000000000000000e+00  -4.7776362655502246e-04  5.4767849781849108e-04  3.4963382933918128e-04  0.0000000000000000e+00  8.6826751641737093e-04  3.1669221001401235e-04  7.8880095332760055e-04  2.9455913822765020e-04  5.2456681967619841e-04  -3.3972772123817043e-04  -2.2570537832722516e-04  9.7157959332361751e-05  1.8719946164852101e-04  0.0000000000000000e+00  4.5109860027219272e-05  1.3118750913558622e-03  -6.7427530503273909e-05  2.2729558268104824e-04  3.8419162016521674e-04  1.9121703696387251e-04  -4.1024386825152127e-04  1.4442753343026169e-04  3.0658280710939528e-04  0.0000000000000000e+00  0.0000000000000000e+00  -3.4309974169416380e-04  -1.2641707922980014e-04  1.0383767753090434e-05  5.9062971360285732e-04  -4.1818310293709687e-04  6.8519735446605809e-05  2.5659596081372191e-04  3.2223517430517509e-04  2.0245742860732966e-04  -3.3816005359936513e-04  7.7273675678458584e-04  -1.7809133716421838e-04  -7.3704460660452633e-04  -5.7880810063955701e-04  -4.9052055059793577e-04  8.0040009012559849e-05  5.2750353383264228e-05  -3.9029646050800862e-04  0.0000000000000000e+00  4.7649112706594502e-05  1.4437896087534142e-04  0.0000000000000000e+00  -1.6760005140571588e-05  1.3231623672280452e-04  2.8065354450868604e-04  -3.6293699995426648e-04  -3.3570286288666653e-04  1.3759858803458151e-04  1.1778470431137593e-04  6.1692870994728519e-04  8.9339191352574539e-05  1.0355064339177460e-03  5.2302146394708871e-05  1.3334049635895964e-03  2.9800460595382719e-05  2.3396827159460846e-04  -2.7642030341474277e-03  2.3021185174516132e-04  4.3012992394022320e-05  9.5760045890549395e-05  2.4860095159305910e-04  4.1961638336000736e-04  3.7568508420738564e-05  4.4277096243099837e-05  2.4483048221303900e-04  0.0000000000000000e+00  4.7425906942641729e-05  0.0000000000000000e+00  2.0458432557256056e-04  2.0808507918743473e-05  9.0545822016498240e-05  4.9585806968540042e-04  1.8783500140453626e-04  7.3478357536386650e-05  -4.0241973334935222e-04  -3.0489350224851793e-04  0.0000000000000000e+00  0.0000000000000000e+00  0.0000000000000000e+00  4.3001842229108227e-06  7.5999603873209345e-06  -5.0803103218251798e-04  -5.2739851821549959e-04  2.4538508741536090e-04  0.0000000000000000e+00  1.3660974960827755e-03  1.6040619169940045e-03  1.4626051705698057e-03  -5.6101937161373780e-03  4.0215530620538231e-05  -6.8258694421142964e-04  -2.7231452146664911e-04  8.5965576606724045e-05  9.3281214588239705e-05  1.4494249129181860e-04  2.2668496265923564e-04  1.0476820501627106e-04  2.7851942186907127e-04  -1.4021238780347037e-04  -1.4675107626588673e-04  3.2614881061453433e-05  -1.7157084410812664e-04  1.8231987906766492e-03  3.2158201252522646e-04  6.2426193490748734e-05  2.3289838713422335e-04  4.1810235698629930e-04  -4.4540329833452796e-04  -2.2800698274523133e-04  7.3476459834660778e-04  -3.1571949826040494e-04  -8.3652022055950436e-04  -5.0069703263179856e-04  4.1894908297582142e-04  4.1995647667669673e-04  -3.9649499389431926e-05  2.4275529925292548e-05  -5.7642052114048613e-05  2.9074534162149747e-05  2.2162711557709722e-04  4.6551450843442492e-04  5.5986113428564167e-04  1.4814235319511991e-04  -2.0851812094148354e-04  2.6659364070463185e-04  1.8319878064651179e-05  3.7229756917698989e-04  3.2281680919558567e-04  2.4026630757778792e-05  4.2368079242892858e-05  1.5977514756032544e-03  -3.3249731571323985e-04  1.0638497727307205e-04  3.6393028380352668e-04  1.0348756234358517e-04  3.7453484916793137e-05  1.4699767495919127e-04  1.0825515146384759e-04  -8.8526285747143418e-04  -2.4067367367109466e-04  -4.4411599563385833e-07  -2.1564620282283001e-05  -5.7931739154855132e-05  1.6901448325662056e-04  -2.3003057959800015e-04  1.3893555442226732e-04  -1.6241177214306075e-04  1.5605920930182520e-04  1.4970493849651866e-04  0.0000000000000000e+00  1.9366664374076501e-04  3.8078922336953439e-05  -1.8077894691510282e-04  -9.7933253884295313e-05  6.8944329138821012e-05  3.3929313615899934e-04  7.8723945978668444e-04  1.6903257316096227e-04  5.5675567557869495e-05  4.5066175256707630e-04  5.9920616330081278e-04  8.1087320270675192e-05  0.0000000000000000e+00  5.7014767769412493e-06  7.3392333339423967e-05  1.0899232689327765e-04  7.7745887273199114e-04  2.4986982240912409e-04  1.5434205482410264e-04  1.7296200482706041e-04  5.2067107660361679e-04  1.6289118189680984e-04  -2.7445020755587833e-04  1.8443185967849182e-05  6.3650940047066030e-05  4.3004186385575197e-05  1.2086634508750141e-04  2.3158669981471487e-05  4.0102904473416929e-04  5.0306966122712033e-05  5.1543497491234069e-04  3.5908419000999650e-05  2.9952466844678150e-04  7.2872053773714691e-05  6.0102888400766468e-04  3.8162955194573443e-04  4.0348717499469680e-04  -9.2511943362047722e-05  9.0482988415336292e-05  3.1951784433910629e-04  1.4766596727185252e-04  -7.1583981929174102e-04  6.4452862847613724e-05  -6.5374890419191774e-04  7.7144337322805872e-04  -1.2246048659060463e-04  2.3259582759498529e-04  1.8872220419061136e-04  3.2832867886647981e-04  1.6008046520700483e-04  1.3320558604466688e-04  1.4394244491577177e-04  -3.5558140840282739e-04  2.5422623943956282e-04  5.2350017244434198e-05  4.2718821299995095e-05  3.0529447370065376e-05  1.6678254319101480e-04  6.8989964943067683e-05  9.7382576379938138e-04  1.3621155011722849e-05  3.9693564202337798e-05  2.8205623905700399e-04  4.7610123625486570e-05  1.0771783627225739e-04  3.3254961593424395e-04  3.5198589716197538e-04  3.0607143611347952e-05  2.6996784063031788e-04  2.5197272359374622e-04  -4.8693342568122605e-04  2.4479811353236467e-04  2.4472699537727900e-05  1.1917178427237178e-04  -8.2344295669887059e-04  3.1792135154151842e-04  3.5066626557823941e-05  -4.3709958503189455e-04  9.1402785848636710e-05  1.1730135522225291e-04  9.5551982609075575e-05  1.7431501875952657e-04  2.2044325650377565e-04  1.3784816056606623e-04  -1.0142979316802858e-04  6.4362201507284252e-05  5.5294378994323904e-04  3.8094674240234070e-05  3.1153422509365132e-04  2.5860443541146926e-04  7.1331780407044444e-04  9.0487287951937056e-04  5.0597741589705032e-04  3.8583524294737886e-04  1.9398308137457901e-04  1.8076187235808734e-04  -1.6545486313236223e-03  1.1247851508880738e-04  -6.2214462386442489e-04  -2.7621619357116645e-04  2.7726894000130645e-04  1.7204945871066702e-05  4.4306535296531133e-05  0.0000000000000000e+00  1.3525809812169116e-04  3.6959330283655004e-04  3.7638136179527495e-05  7.1032937625254030e-05  9.7771441179518329e-05  5.8731331369153185e-04  1.0473554037850271e-03  3.2172470734175668e-04  3.3415593855411522e-04  0.0000000000000000e+00  8.8568868974741829e-04  -2.6565506358981723e-04  -3.6939791110194881e-04  2.4633155739504600e-04  2.8492630609837709e-05  4.3687572178719800e-05  2.9128422968246348e-04  1.0589322313314226e-04  3.2043696933145495e-04  3.2300825923539862e-04  2.8594141542134907e-04  -5.9704874807513609e-05  3.0250447015795493e-04  -4.3716116749208701e-03  2.6274050797228709e-04  0.0000000000000000e+00  2.5749571451720034e-04  -2.0648047909686089e-04  -3.7584309316717845e-04  -5.1688664773086930e-04  2.0312337077344237e-04  1.4806162610122632e-04  1.7589271770547155e-04  -3.7493741829096723e-04  -2.9432244069385838e-04  6.4102390156339371e-06  -1.8732495522075701e-04  2.3157641533340839e-04  8.2095615895843189e-05  1.4542232211424992e-03  5.8321124097658595e-04  9.6385212474117265e-04  2.5767730651071251e-05  -3.7678912987164251e-04  -1.1958755803686248e-04  -1.3978496720139718e-04  0.0000000000000000e+00  1.4384336014385511e-04  1.5671677511125947e-05  -2.2569782857237986e-06  -9.2786294904679455e-05  1.3911449168055439e-04  2.2962452686270643e-04  1.6692294598506395e-04  -2.2283400436407387e-04  2.0153227060605132e-05  4.9191935366615709e-05  2.9659198041342343e-04  3.3688684745995405e-04  2.1456550407642033e-05  -1.4501813392930611e-03  2.0130818229460032e-04  7.2694889409015678e-04  4.5540417223979200e-04  -2.8938502116358095e-04  7.5945296260176702e-05  -3.8651534813585953e-04  -8.1246087149057674e-04  -1.4060994830361078e-04  2.6151320300046437e-04  -1.2855570188610266e-03  -1.8849417057977742e-03  3.0222435823147668e-04  3.0833943317450275e-04  4.8878432811944755e-04  4.2030086716068953e-05  6.2463784283661914e-05  1.6174126244318301e-04  1.2626569901848329e-04  0.0000000000000000e+00  -6.1901303779374477e-04  -3.7982610289985871e-04  7.8130711864636570e-04  -4.1595718407645021e-04  -5.5160359190672070e-04  8.2431960756475662e-05  1.1989067206502734e-03  1.0327565869970927e-04  3.9584988846023766e-04  5.9554031424115597e-04  3.6513394240813058e-05  0.0000000000000000e+00  1.1156226835987073e-04  0.0000000000000000e+00  1.4251785947518665e-03  1.5073433201172058e-04  2.3202197335463640e-04  2.2355495139578097e-04  1.9417359769324896e-04  -7.3282585783454449e-04  4.0280916701174895e-04  6.3072206779408966e-05  9.5930055730442936e-05  3.1628797242316386e-04  2.0448062769761136e-03  -2.9218861101661293e-04  3.0881646421521011e-05  3.3799634342118208e-04  3.3857530613843608e-04  4.6503613653383290e-04  2.0318403367986358e-04  0.0000000000000000e+00  5.6987540372132467e-04  -4.2539762281268174e-04  1.4941638176193121e-04  1.0235311761987707e-04  1.9177149494466468e-04  2.2167134994094392e-04  1.4009787381594880e-04  -1.3054953984614178e-03  3.0576346793321388e-05  4.2017771328231460e-04  7.8687168677395918e-05  -4.5898658922417829e-05  7.5894994931777890e-05  -2.7480055336204377e-03  -5.4249212082405594e-03  1.6611089220667304e-04  5.3957921655321417e-05  -1.4234661729391402e-03  -8.9364842350668147e-04  3.3865720742235324e-04  -3.5140245132090589e-04  2.4128579532050332e-03  -9.0281243291742827e-04  6.3153985460100427e-05  6.4905722731500306e-04  2.6729229997582382e-05  -3.9366862055034815e-04  -4.5380836226685919e-04  -5.7692519141644199e-04  7.8981848902135148e-04  4.3861283630907446e-04  2.9977707036021720e-04  -1.8819437362599368e-05  0.0000000000000000e+00  2.2284033877255617e-05  2.0221123715342403e-04  2.4892211619713378e-04  2.9356297272772213e-04  6.4985970596152538e-05  1.0319105006377280e-04  7.1635821019320225e-05  2.4657871910042373e-05  2.8908811197243389e-05  7.1267527872974487e-04  2.3502497802201626e-04  2.7849847692848771e-04  3.2864422542104327e-04  6.8711925094936920e-05  3.1756476055730290e-05  1.0964282453999257e-05  8.1735800225989757e-06  1.3968730963233254e-04  -2.3156651024991139e-04  -1.6811435906270856e-03  -9.1270474763687780e-05  7.4483630205835296e-05  -3.0035837843735022e-04  3.6235778330339268e-05  0.0000000000000000e+00  0.0000000000000000e+00  0.0000000000000000e+00  0.0000000000000000e+00  0.0000000000000000e+00  0.0000000000000000e+00  0.0000000000000000e+00  0.0000000000000000e+00  -7.0687651441153144e-04  0.0000000000000000e+00  0.0000000000000000e+00  0.0000000000000000e+00  0.0000000000000000e+00  0.0000000000000000e+00  -1.1755149734136790e-03  0.0000000000000000e+00  0.0000000000000000e+00  0.0000000000000000e+00  0.0000000000000000e+00  -2.3435939968435514e-03  0.0000000000000000e+00  1.8336293563808650e-03  0.0000000000000000e+00  0.0000000000000000e+00  -5.3555517965685694e-04  -6.9924631985964077e-04  0.0000000000000000e+00  0.0000000000000000e+00  -4.2037068831534140e-04  0.0000000000000000e+00  0.0000000000000000e+00  0.0000000000000000e+00  0.0000000000000000e+00  -1.0276814780667339e-03  0.0000000000000000e+00  0.0000000000000000e+00  0.0000000000000000e+00  0.0000000000000000e+00  -1.8743406857472376e-03  5.3306363171365926e-05  0.0000000000000000e+00  0.0000000000000000e+00  -1.4361806679945107e-04  -9.9505405742441049e-04  -4.2736457303758973e-05  -1.2353565738238543e-03  8.2232842213480833e-04  -2.8634673912783558e-04  2.3319392619372198e-04  -6.5744423930143737e-04  1.3013862693094587e-04  2.3173232467583443e-04  -3.5525435140354471e-04  0.0000000000000000e+00  0.0000000000000000e+00  0.0000000000000000e+00  0.0000000000000000e+00  0.0000000000000000e+00  0.0000000000000000e+00  0.0000000000000000e+00  0.0000000000000000e+00  4.0563186017723933e-04  3.3950005176914722e-05  2.8591249523619497e-04  -4.9209953355071963e-04  2.1997438468625098e-04  3.1285119595208068e-04  2.6090005062384377e-04  1.5023504636039645e-04  -1.0022866274612846e-03  8.3041573193411535e-04  5.8628916570461099e-04  6.0393409710067762e-05  1.8677927854508222e-04  1.0296535709207538e-04  -1.6239577943600534e-04  3.1962281708573369e-04  3.7410938427662416e-04  2.3766286328760021e-04  7.8299985697455939e-05  4.7163022567677608e-05  1.3920223126310884e-04  1.0287799182537752e-04  2.1206341569326093e-05  6.6598067561609778e-05  1.2776880187680207e-04  4.1096288880175512e-05  1.9901396548758070e-04  1.3080734135703278e-03  3.0280770552852567e-04  2.8265775847309359e-04  1.0830646114366246e-04  3.9735210205287494e-05  -4.4095153341536784e-04  -2.0720156351739237e-04  2.4829376867314902e-04  -3.3472019267264742e-04  8.2290357288977131e-05  4.9369446319442831e-05  9.6293050768382778e-05  3.5692302029836576e-05  4.1322719010981814e-04  1.8511703400324623e-04  1.0095796911547472e-04  -1.7378320068757584e-07  2.7378572383952594e-04  6.1167448376440718e-05  5.9810719411380333e-04  -1.9761391738826284e-04  2.8176752043817637e-04  3.1141501626885557e-04  1.4726183363777377e-03  -1.1027029683915283e-03  -8.1123734590191033e-04  3.5735133699964542e-04  2.6083555461344101e-04  5.3936976699888893e-04  -3.0566900720719952e-04  1.6070332448041514e-04  5.1652880488226418e-04  -2.8323323716804619e-04  -7.0245615777539516e-05  8.4788299195932598e-04  6.9410770633578968e-04  1.2920123103696829e-05  4.9743662587856835e-04  4.7200691704360747e-04  2.5634548484974943e-04  1.0194672864058130e-04  1.8224954004062940e-04  9.0461752699959417e-04  2.7128997882800842e-04  3.3716656377913076e-04  2.1132877843802757e-04  -3.8689934754913076e-04  -7.3882693895762906e-05  -1.4737796463167762e-04  -2.0047072276982008e-04  3.1663930495044105e-04  -5.1330818254703063e-04  -4.8087717241307562e-04  7.7580026411128478e-05  2.0783919028850449e-04  -3.8157292365011570e-04  1.8600339773251389e-05  -5.0291768590749585e-03  1.2252121273105692e-04  2.6316527325566846e-04  -7.8058411781510315e-05  1.0795476386197009e-04  1.9044729485141912e-03  2.0982298536719574e-03  1.1201505229979781e-03  -1.3926964729278040e-03  1.7279314722427801e-04  3.2422452264335414e-05  5.2548448958056977e-04  -5.8187845129942452e-05  9.0730601237921568e-04  2.5839677019913530e-03  -3.8797907523201168e-05  4.0573001548896491e-04  2.8503542682612821e-05  1.3414244184730027e-04  -1.6996288406464374e-04  3.6042734249372049e-05  3.2247305900517087e-05  2.5553200232772459e-04  -1.1028842027854598e-03  -1.2192166717177701e-03  1.1279969313709645e-04  -1.2327484939309515e-04  1.7750459645283240e-04  -4.5849996099486232e-04  8.5650739780186784e-05  -3.4238505572799856e-04  1.0409349193219201e-04  1.3721183864209602e-03  3.2829003398592970e-04  1.2085511190201587e-04  3.1598729321115644e-05  1.0196340539767586e-04  4.7350099258494172e-04  0.0000000000000000e+00  6.3545553515511916e-04  7.7895532103690101e-05  -5.6738248586407191e-04  1.5184094109701817e-04  1.5946987191456605e-04  -1.2795710791454811e-04  8.0406539563895518e-05  2.7881538538454235e-05  5.8131031278527487e-05  2.1238221483721822e-04  -3.6315400586029367e-04  4.9536537993486590e-04  1.3586305537104299e-04  1.3124363798463129e-04  2.7066037254822305e-04  -6.0005477688444961e-04  -3.6656358080467799e-04  -1.1994899948011041e-04  -1.4634365803756438e-04  1.5055087719437118e-04  7.8683798805119455e-04  0.0000000000000000e+00  4.3169182296493675e-05  2.2526305528515624e-04  2.1444029088654986e-04  9.2002094193611859e-05  1.3390899488306537e-03  2.3306220615705985e-04  1.0569493972132737e-03  1.8577894877460827e-04  2.6300632397027779e-05  -1.0773082302682009e-04  3.8897283649209796e-05  6.4573473630788708e-04  -3.7972475508824438e-04  1.0768254118144504e-04  -4.6781077417681888e-04  -6.4953549619302668e-04  -6.4758448169775242e-04  -8.8052304417172804e-04  4.1985725875755904e-04  1.4783937266824704e-04  1.3067326081688231e-05  1.2395158216111090e-04  -6.2319393758947239e-05  -5.7251576835773528e-05  2.7173321425956291e-04  1.1977657342133219e-05  2.1202844630050237e-04  2.1580180538264854e-04  1.4092056100413562e-04  2.0499759887900662e-05  9.4257353937454149e-05  4.4626524086985097e-04  -3.3811373304946972e-04  -1.2736518089818347e-04  5.9685623646715442e-05  5.6589567487160504e-05  5.2381169230834434e-04  0.0000000000000000e+00  1.9043412635539749e-04  -2.9324709936830054e-04  5.7877490754589949e-05  1.2006804594191199e-04  9.3721284399117869e-05  4.0598110622297923e-05  1.0041533394365655e-04  -8.6684895438471604e-04  3.1866690135304999e-05  -2.4087493907668281e-04  -1.9988601972199976e-03  2.3262599915534992e-05  -4.6472252429886759e-05  -4.7459317275845911e-04  2.4744828699686117e-04  4.7709916524758393e-04  9.1784980202568893e-05  5.0309303962685218e-05  4.7044990391539991e-05  7.0927843473723897e-04  1.5756374337166327e-04  1.0538834683615570e-04  -2.1825742393258367e-04  -2.6078111631785478e-04  -3.9514816606951876e-04  5.2497124029652511e-05  1.2827439392662832e-04  1.0494378155964581e-04  2.0193797926886957e-04  -9.8010870374189672e-04  -1.2103505094069313e-04  2.1492669252268817e-04  -2.4886560350718262e-04  -1.4342613060320194e-04  5.1727421824853721e-05  1.3703887683901014e-05  1.8543970104728342e-03  1.0786387436392102e-04  9.9029991918574950e-05  1.6315932000859941e-04  2.0099541804788698e-04  2.5645270321849359e-04  1.9145136208080656e-04  1.8004813761926080e-04  -7.8954566625736162e-05  0.0000000000000000e+00  -2.0714457050319385e-04  0.0000000000000000e+00  2.1981559194730833e-04  -2.6951153706405702e-04  -6.9077070008818204e-05  -5.7906529288124207e-04  1.2593906398968454e-05  6.4888093238964312e-05  -2.3244763972920539e-04  2.5848871743395607e-04  1.8112946956308430e-04  4.0532054516441265e-05  1.2937146526778177e-04  2.7287803806567234e-05  7.6936824948553069e-05  2.1581723471435140e-05  7.0894810868989847e-06  5.1812791944467383e-06  4.4735072014883448e-05  3.3606218690567130e-05  1.1239978980439743e-04  7.6426618377708038e-05  2.2139362168279477e-04  3.1783997921408652e-05  2.4574689262485487e-04  9.6895733125089268e-05  -4.7011883041374948e-04  -3.5709094485253086e-04  -5.1396407626516020e-04  6.6460209020033248e-04  4.7407841083933912e-04  -3.6332795421769660e-04  1.4047271730006697e-04  -8.3582185668213988e-04  -5.8375465990086444e-04  -7.3569614362669884e-04  4.5443399208286564e-04  3.6875897254378958e-05  1.4262415392434567e-03  8.2432182388123855e-04  1.8523042193189474e-04  1.0179006688575021e-03  4.8615573380916387e-04  4.3020593616079436e-04  7.6142111237511976e-05  1.4034426680317532e-04  2.3554197932975084e-04  -6.5767687774141291e-05  2.2296312301520643e-04  2.2906556844304578e-05  2.0780509162747590e-04  -9.4761462044090346e-04  -2.8326133532329445e-04  -1.5454613470723889e-04  -3.4769746069836515e-04  -2.0036028512395452e-03  -1.0171550059376705e-03  1.4453173322591270e-05  8.4022045454551516e-05  1.2393541671322785e-04  2.7509253467995905e-04  2.6162103822042592e-04  2.6693719724606136e-05  0.0000000000000000e+00  2.4912870737822847e-04  9.1867872077456167e-05  1.9142592577933948e-05  -3.2011835082197839e-04  -3.2389265663471505e-05  1.8325697287365435e-04  3.5718968749665135e-04  -1.1689729195071042e-04  -2.3753879770260596e-04  2.9384264849736534e-04  4.6210097046460860e-05  1.5635612063513092e-04  1.0556905601530954e-04  1.5550130271617521e-04  1.3713815042406616e-04  1.8777290276385849e-04  2.2234587439879297e-04  1.2006609984525806e-04  2.5345593142391660e-04  -5.9700398496022994e-04  -1.8786632114881402e-03  -9.4590922344234044e-05  -3.8183231493829135e-05  -8.3140300286205576e-05  1.1848150880073053e-04  7.4868649309105869e-04  -1.4753357653269448e-04  -2.0494762159076038e-05  -7.0263325153319432e-05  1.4175591739183817e-05  -2.4834777709363900e-04  3.9087978124976259e-04  4.2702347884952894e-04  4.0656439620325385e-04  1.8342127489193069e-04  -3.2966628615626172e-04  6.9616820743737223e-04  -1.3437636884692586e-04  3.1380566827780886e-04  1.6146017352625916e-04  1.2668751869874325e-04  3.2012836048035377e-04  -8.5844554914734055e-04  -1.1687954493778477e-03  2.5282751813737481e-04  -5.8249202373905206e-04  -2.3515527255766666e-05  1.6140727447882443e-04  1.3919954824994610e-04  8.3632637139203282e-05  1.0133926822909979e-04  8.6741374066786445e-05  3.5673810742590564e-05  2.8056101182098996e-04  -1.4597154904522425e-04  -6.7075477021445176e-05  -9.3306889303333316e-05  1.1625309595611443e-04  9.1347902856058475e-05  2.7924490767685831e-05  -5.0550716244248913e-04  -3.0599251513593173e-04  -8.1611538723529327e-04  -3.7602956581261207e-05  1.5444484938029733e-04  3.6512429441552861e-04  4.7359564925711980e-04  8.1286417883845919e-06  6.4412273106951561e-06  2.3118937710021280e-05  2.4155535841445750e-04  4.3337323174377155e-04  2.6458346884609431e-04  -1.2547685932522215e-03  2.4388216098321917e-04  2.2474346334818923e-04  1.2211330090741701e-04  -8.1729125046044513e-05  1.8981406816990080e-04  9.7130889203664483e-06  1.4748711876778236e-03  3.0010582785197588e-05  0.0000000000000000e+00  7.1083291645395236e-05  9.5452347257738197e-05  3.5658456677615330e-05  3.3488342818874408e-04  1.1283594513447080e-05  1.5439035537045522e-04  1.8902048818021693e-04  1.8624844102960045e-05  1.9657822397940166e-04  3.0320005063614442e-04  2.3949287159578806e-04  3.3141692793690653e-04  -1.0763611374723458e-04  4.9599775532264880e-04  2.8099791962655346e-04  3.0491753278678166e-05  1.3180893191460996e-04  8.1762017232230163e-06  2.7934709572498560e-04  -8.3537984044344165e-04  1.6653283265214234e-05  2.6812611456756582e-04  4.7685872674585759e-04  3.7918175601039190e-04  -1.7825667076673142e-04  1.5387442880387625e-04  1.2622105741127125e-04  3.3311951317872574e-04  -7.8227358581212461e-05  1.9482341256775993e-04  1.8315334821737488e-04  1.2740093944682806e-04  5.2075782024374502e-05  1.4588614289103725e-05  2.2185535145597830e-05  6.5799461588633972e-04  2.9719089303598815e-05  2.2314039835530592e-04  2.2628616951040283e-04  2.6658588721390717e-04  4.0520116989333226e-04  3.0382964966162152e-04  3.5340909850680347e-04  2.9876941572175807e-04  9.8208768290186007e-05  3.1367058000362745e-05  0.0000000000000000e+00  2.9704781271329216e-05  3.5514476679957815e-04  1.0418313102492609e-04  -1.0665569957489426e-04  7.2598722313039295e-05  3.0915252439701078e-05  2.6915433058221462e-04  -4.3624928741574945e-04  8.1729429273835638e-05  3.4827480543420347e-05  -3.8888334242680753e-04  0.0000000000000000e+00  7.5775035905069715e-05  0.0000000000000000e+00  1.4441191227194718e-05  6.4043845631451705e-06  5.0678368037616831e-06  3.3362844487940571e-04  4.6570810776760051e-04  -1.2424782583241559e-03  -1.1541619178746379e-04  -1.8002129074134473e-05  8.5058778562660336e-04  1.8059095802172538e-04  6.6005984468626858e-04  2.8249856758531285e-04  -2.6996891205410101e-04  2.4428110361325952e-04  2.7984184518522895e-04  1.1685214259866317e-04  8.3953641848159448e-05  1.2166021599538913e-04  -8.7664456971413054e-05  1.8702966697304864e-04  6.2195399419064817e-04  6.6811783996503728e-04  -6.2661574747838327e-05  -1.4598143721177974e-04  1.3060551025855171e-03  3.7575075928583651e-04  2.8342666520787818e-04  2.0335595214921126e-04  4.5326987382646469e-05  1.7664696332522710e-04  0.0000000000000000e+00  2.5077730986427310e-05  2.5111992692094338e-04  2.2411202970946595e-04  1.5200165741768607e-04  1.6390859933001792e-04  6.7198620391366239e-05  1.0061053801464430e-04  3.2651137325665787e-04  4.1486553493555808e-04  3.5757994308127991e-04  3.0670618028944457e-05  3.6296128489721684e-04  1.1299471975656779e-03  -3.1273305469318845e-03  1.1541756898195287e-03  1.8608849152985737e-04  1.2422555711535265e-04  1.7807772766385369e-04  3.7391621572161954e-05  7.7941629434427436e-05  6.0325362441760973e-05  1.5481303063070973e-05  2.6189308952676864e-05  3.3327065430169246e-05  2.4630655736666276e-04  -7.0511109999080702e-05  9.0576051846285506e-05  -4.2604773152758030e-04  -3.5541891560458760e-03  -1.8259570462836298e-04  1.9935537019932992e-04  2.2944268178441837e-04  8.1430400087654955e-04  -6.7704155943592117e-04  -2.7136065615163612e-04  5.8575836440459194e-05  2.1365143344214020e-04  -2.4684915945499803e-04  -1.6860546444076832e-04  -2.1723297547562463e-04  -1.4172105275313770e-03  5.9175993914343226e-04  4.2704007718725599e-04  -8.5715595318782854e-04  -1.5449747943032759e-05  9.5338382898897201e-05  2.0678964883051080e-04  3.0250329387877806e-04  5.1693733364732122e-04  -1.8234798390569622e-04  -1.0903135553119391e-03  4.7569655729290362e-04  1.6735887609453019e-04  9.2372455818726841e-05  -3.9951264626831705e-04  2.6737026315727875e-04  3.2450324731237345e-04  2.1482005270559612e-05  2.9424776915777007e-05  -1.7865182003704735e-04  -4.0121668120795146e-04  2.6674476836590055e-04  5.4803647238244984e-05  -6.1101130642903260e-04  2.3970559926079209e-05  2.3068693350342554e-04  -1.6790759054795634e-04  1.1994731622332291e-04  9.0148643539400160e-05  -4.9294187588933827e-04  -1.5265683049284569e-03  1.3000518579140211e-04  1.4477802729454678e-04  3.1219116036967508e-04  -3.1973661318684786e-04  0.0000000000000000e+00  2.3332492131833084e-05  1.8060687002027732e-04  -5.1682882345644625e-04  4.4185605219047397e-04  3.6215333758452094e-05  -5.5338999099737557e-04  -7.2490584046369156e-04  -5.1954320678749848e-05  -7.8721577828927238e-05  1.2820148029559294e-04  -1.1790176785901602e-04  -5.3505220918343267e-04  2.8352897679555374e-04  3.8274792497718188e-04  3.1053166709293250e-05  4.0129931104330741e-04  3.9448597961683858e-04  6.0504180756498760e-05  7.3057299066815070e-05  3.5344294983453218e-05  1.5192413897670284e-04  -3.4166998053576761e-04  8.9242500134257424e-05  1.0449597329913253e-04  7.2546771870992056e-05  4.5529311300204881e-04  1.1570792936425800e-03  0.0000000000000000e+00  1.1910732320991929e-04  8.2189653208263611e-05  -9.3119499437415625e-04  -4.2232705151173418e-04  3.6108874402360534e-04  3.4875485646202554e-04  1.8180091589145963e-04  -4.6513454518257534e-06  3.1512099101172180e-04  2.7619472161277323e-04  5.2101857785130624e-04  5.7113029104962926e-04  5.1366350034760333e-04  3.8984247834522964e-04  -1.5127455141786968e-03  1.1637473693273740e-04  1.6252456231111113e-04  1.3749677158073238e-04  6.0949279126769069e-04  5.1811225409208064e-04  -2.2784582557715872e-03  -2.0531397362990073e-04  1.5143920879656712e-04  3.0591713463970998e-04  2.8696319002331013e-04  7.7628148471775438e-05  2.7913582252677288e-05  6.2928820216232625e-04  3.0798694974837850e-05  -2.6616063381878347e-04  -6.1233705629835055e-04  -2.6018633642370316e-04  0.0000000000000000e+00  4.1203743422103295e-05  5.1098508548147161e-05  3.8212025078983156e-04  7.4528844871591093e-05  5.7245348485334317e-05  1.4887933171418735e-04  0.0000000000000000e+00  2.8356957756619090e-04  7.9577638335045277e-05  9.5523184445060855e-05  1.6377435967054310e-04  6.1874915981348485e-04  -2.5188640818452177e-04  6.1195749295836694e-05  -1.3503938028229173e-04  0.0000000000000000e+00  -5.9302404137411273e-04  -5.4101117922127941e-04  -3.8453210474735736e-05  2.8169319210772568e-05  1.6841418687594165e-04  3.2160177870107191e-04  8.8420569846274955e-04  2.8301857677878668e-05  1.3796296327043605e-05  -9.8213074589379652e-05  1.4743830499077093e-04  9.1602495079116993e-05  7.5176662297041198e-05  -1.9065054185273981e-04  8.5206669450103788e-05  5.8698022768696712e-04  -3.2339107410258488e-04  -2.9759543588213415e-04  2.4232134148905295e-04  2.0447474111292189e-06  4.0799381347351334e-05  2.4390066828267226e-05  1.3533430067895068e-03  1.5482691650716672e-03  1.1023596188777299e-03  2.4082270926911901e-05  9.3251393775706546e-05  -8.0136561598178395e-05  -6.7063138169944081e-04  4.9075713061898273e-04  4.2312366175785417e-05  5.3519884111558669e-05  1.7029005398842406e-03  -9.9563940231059303e-04  2.8925014482250599e-05  -1.2228904864069066e-04  3.9304262115065426e-04  -3.6958725931340817e-05  -5.0294754499236868e-05  -2.5595307623016359e-05  2.3487548568220155e-04  1.8370114253845690e-04  2.3293568014267554e-05  4.1911718898284775e-04  4.7945108722227696e-05  1.4426899867420469e-05  0.0000000000000000e+00  1.7205010887318231e-04  2.0118266546633397e-04  3.4633867168752728e-04  2.0202803956143210e-04  7.6654169844241158e-05  -5.9841368515831679e-05  -5.3830936260089637e-05  7.0767976312594228e-05  2.3356847414911198e-04  7.1445207230361771e-04  7.9202971108537976e-05  8.9509239871871985e-05  4.0403620128438813e-05  2.5886699687576679e-05  4.7721833006956612e-05  1.1892067996835664e-05  -4.5281858930146879e-05  8.8355165391923505e-06  5.7786421268724670e-04  -2.3413119574131548e-03  -1.2543301788855298e-03  2.7746597458577928e-04  -9.3092322721718675e-05  -6.9785637537384134e-04  4.7817028935871833e-05  -9.7695883954225645e-04  1.1525845144678446e-05  -4.1578240084876234e-04  -5.1805621533739671e-04  -1.2003761203106306e-03  2.6260437533821786e-04  -5.9946623748548960e-04  -2.1410155746762311e-03  1.6361804576775382e-04  5.7932883492652193e-05  2.5458430216625914e-05  7.0988692859237150e-06  2.9977771783795477e-05  -3.4231052880463639e-04  2.8337791967668173e-04  1.0561564212609490e-05  5.9250048448962653e-05  -4.6591530173084551e-04  3.1007036024746957e-04  2.0490627933091844e-05  1.1102568710356869e-04  5.0240564074124200e-04  1.6436817505170856e-04  0.0000000000000000e+00  0.0000000000000000e+00  0.0000000000000000e+00  -6.8041895875444001e-05  0.0000000000000000e+00  4.1721715055026687e-05  0.0000000000000000e+00  0.0000000000000000e+00  0.0000000000000000e+00  0.0000000000000000e+00  0.0000000000000000e+00  0.0000000000000000e+00  0.0000000000000000e+00  0.0000000000000000e+00  0.0000000000000000e+00  2.1837677267080364e-05  4.6495397190852614e-06  -1.6490418803300139e-04  1.3393613287132004e-04  -2.8891767243520704e-04  -2.0855178233007043e-04  -5.8376298728091136e-06  5.5751579606398271e-04  -4.7302314701276431e-04  -3.8385853256423430e-04  -4.7244623350126667e-04  1.5409259222159621e-04  5.6176001389420405e-04  4.0650302962899610e-04  6.7835986735229428e-04  7.0956692322613727e-04  4.2101474786980607e-05  1.3315330136649901e-05  1.7735834972650851e-05  4.5382378443009684e-04  1.3639773134149972e-04  7.0975540975911299e-04  2.2905423127632401e-04  -1.5216196208517099e-04  1.2662254991569818e-03  2.6087100711812703e-04  -7.3012748076213161e-04  -1.8099602784126562e-03  -1.2075309463744617e-03  2.8707919941369208e-04  2.7810378650088816e-04  4.0104556481619782e-04  3.2627144609007449e-04  3.1872112886246047e-04  1.6810751120382929e-05  1.1511095053613662e-04  4.1369698252357752e-05  -4.0656890182955694e-04  9.5999749521625348e-05  5.9675849296034135e-04  3.1830542333714009e-04  -8.9792983483592915e-05  -8.5611297605186262e-04  -6.9324644338015237e-04  -1.2087225202462516e-03  -6.7570698662879861e-04  6.9542765021380614e-05  4.4833304110210588e-05  6.1612700165750227e-05  -2.0768353316882575e-05  4.7984894348761443e-04  1.3369501326807146e-04  1.7282444928968198e-04  2.6534774763165535e-04  2.2274858111633898e-04  1.0992538905197340e-03  3.2266454475601928e-04  -4.2437896087475487e-04  1.4121835202718453e-04  2.2161563119668610e-04  2.7454463610222584e-04  -9.5164647398123553e-05  2.4836416190018705e-04  2.4147192120614088e-04  4.8823118847662306e-05  -3.3646605808363740e-03  -1.9157598276310398e-04  -9.0798683142272435e-04  1.9107051941410775e-04  1.5551771015751977e-04  3.0788416610401332e-04  1.3256413638897596e-04  1.5495512282311357e-04  9.4799309084345586e-05  -6.8184189351218306e-04  6.9938040379865563e-04  1.5312792632488832e-04  -1.3176241882445605e-04  2.7264843804435319e-04  5.6554599233183609e-05  1.6277411262114198e-05  1.2992031974004530e-05  1.0480511317979280e-03  4.2739810337864796e-06  -4.5654348348672517e-04  -3.0560241059042782e-05  4.0122979359642388e-05  2.5239501438932533e-04  3.4162085810096458e-04  -1.6690932625147234e-04  6.3470256673021935e-05  -9.4375407359367677e-05  -3.6593143907004893e-04  1.3031269650560910e-04  -4.6295367090074263e-05  1.3779817037321240e-04  2.8256814895539671e-04  1.1418523683074102e-04  -1.6253063693053946e-04  6.9324820784491076e-05  4.1532386459547918e-05  3.0201208893718151e-04  -1.5995308033703371e-03  -1.1690265101419587e-03  8.8724297184681830e-04  -8.3221187735371942e-04  -1.1996581357809962e-03  9.8723592935433279e-05  9.5294922340956282e-05  3.6740115850614674e-04  -3.6678184346191764e-06  1.4461271591513574e-05  8.3193939172279924e-04  -7.3754450191739981e-04  -3.0244946089067723e-04  -2.4318056178968214e-04  -2.6592768376294899e-04  5.1808162421854120e-05  3.2560837988983635e-04  4.1380907936727703e-04  9.2707352419648631e-06  2.1543209026599026e-04  3.8788777395330906e-04  -3.5631439546789643e-04  4.5775002017176507e-04  -2.4643120999225072e-04  2.1344074386361582e-04  -5.1768010998405926e-04  2.4532212893665857e-04  -4.5907586066623064e-04  -4.5470119555267324e-04  -1.8537804673997022e-03  -8.6093423944421255e-04  8.4578170467000388e-06  8.8900280219598752e-05  2.9479236306692269e-05  -4.2249075795787650e-05  1.8031208188555982e-04  -4.7245117064453532e-04  -2.1392656591779045e-03  -4.6159077588680170e-04  -3.6688155294945543e-04  -4.3835471408575050e-04  -1.2155021661498676e-03  -7.8984785432614135e-06  1.4500750409356437e-04  4.1436019170466227e-05  1.0163994811262468e-05  -9.0024705729615484e-05  1.0691365915105229e-04  2.0840362915253696e-05  1.0547882282164352e-04  2.6085105656168506e-04  -3.0529713934246265e-04  2.2153821681766437e-04  -1.8612096340625091e-05  1.8923707593972749e-05  1.1709154574471948e-04  6.6013524689460777e-05  7.7924259025190438e-05  1.2774400217055687e-04  3.9148327800497351e-04  6.2503222118244839e-05  -4.1721641825558774e-05  5.0680666073280132e-04  3.4605092817568457e-04  -7.0506010610754666e-04  -5.5402929259378799e-05  -1.6026946320570821e-04  2.2350126242190555e-04  1.2829852932038090e-04  2.7965870601818306e-04  2.5313261786638017e-04  2.9209416013676630e-05  -8.0352380931646334e-04  -3.5019367427288395e-04  -1.5211293275761556e-03  1.6648741296348958e-05  -2.4158369634776202e-05  2.3246975746056857e-04  2.3083457866300959e-04  -5.1575897217411232e-04  1.6202510183026400e-04  -7.6358631076230393e-04  1.4950363847483512e-04  6.4172296022157701e-04  -4.0636761320898456e-05  -5.2857641016060394e-05  1.0393481207096954e-04  -3.3562746539715280e-06  2.8360070043265557e-04  3.0104217376934267e-04  3.2228192713299071e-04  -6.5413544786110218e-04  7.2388466724928105e-06  1.6368814435440587e-04  -2.4543176925921698e-04  -6.5639452238869971e-04  1.6868062227456450e-04  -7.4184623650458932e-05  1.5208177028285938e-05  1.2356741914083179e-05  3.8264462469391353e-05  -3.2058968045338934e-05  2.3912682467853007e-05  3.6325266823487542e-04  -3.0761015371810367e-04  -1.7747873474158604e-05  3.0357304605049044e-05  -5.7092343356417879e-04  1.8286654755882281e-04  2.3219926277087856e-04  1.9655922098823047e-04  2.1827774494626056e-04  2.3112879712692858e-04  3.1081882321517667e-04  3.0088325741557735e-04  2.9364625314068203e-04  -1.8919251956791830e-03  5.1272511616668999e-05  -2.9678873676299553e-04  -1.9257760157671007e-03  2.2597904176469174e-05  3.4109691862256863e-04  1.8577414210607272e-04  -2.8753425315279516e-04  -2.4379580188358074e-04  1.0112270440993809e-04  1.3405633430270725e-04  9.0231434645114371e-05  2.5477849281711464e-04  1.8989147951650208e-04  -8.0539749171120603e-05  1.7485483209526590e-04  5.2338788363154353e-05  9.0341504958491362e-04  -3.5132561239482563e-05  9.6127224362282731e-04  -1.1314802700692391e-03  -8.2941505131910805e-04  1.3121877151889944e-04  2.8633499492897325e-05  -1.3978395554334823e-05  9.6245270545601707e-05  1.1944841611192510e-05  2.9708669711885831e-04  5.0631720957012633e-05  -3.3320696344604246e-04  -7.9736827208084983e-04  -4.6080829513218964e-05  1.0842564179706746e-04  4.3551782062579563e-05  2.1130521069379638e-04  7.6736461330821558e-05  1.9737204478520530e-04  4.5616446167887038e-05  1.9375043209339691e-05  1.3690444460323383e-05  -7.7005803411018322e-04  3.8173727536184893e-04  1.0348033926304884e-04  2.2517137696098836e-04  3.9648750257991725e-04  3.8062799447934704e-04  -1.3652522665195805e-06  7.2435403665352724e-05  9.1878159437107698e-05  2.2686433989741817e-04  2.7079095247217126e-04  2.7235953163970368e-04  7.2614882260671739e-05  6.1564104395608012e-05  3.9873328918630115e-05  1.6553551907191069e-04  6.5885746334336655e-05  4.6057608107511405e-04  4.1465231176291757e-04  -5.3690133131501297e-04  -4.4697202454846191e-04  -1.9801931585934401e-04  1.3337194253471897e-04  -6.1567646058846830e-04  -2.5752828640657123e-04  3.0175192573612562e-04  4.8316731021380408e-04  -1.3396788925647144e-04  -5.9959923967718579e-04  -5.8359820089995222e-04  1.8403031842960329e-05  8.9230820063715540e-05  -4.9857720860493585e-05  -5.4839058475888037e-04  2.3301813068160213e-04  7.0388399046471815e-05  2.3430986915608739e-04  2.6382520404995504e-05  6.4847743370079745e-04  2.2619776884215740e-05  7.5382586711407218e-05  5.7239741727974151e-05  -2.6818319018343613e-04  -1.0143704414627001e-04  4.8456909024741417e-05  5.9627159750108036e-05  8.1226269646064020e-05  -2.5876383890297602e-04  0.0000000000000000e+00  1.1930274535796238e-04  1.7870625580413477e-05  -2.2528817157185590e-04  6.8170351603041792e-04  2.6347042468534307e-04  2.8660301773209180e-04  8.4417185096491060e-05  4.8541271067127829e-04  3.3933714990608678e-04  3.3816800125908465e-04  1.6281732177678116e-04  2.3251781516866107e-04  4.5886615854586415e-04  3.7370016837752100e-04  -6.7439486857100834e-04  -6.4032978823742100e-04  -9.3368564507734816e-04  -7.9630856007257644e-04  -6.3828485526424845e-04  -7.3480786085936922e-04  -5.3244682505043531e-04  -6.0740425033465229e-04  2.4801083733520641e-05  -8.6450966379763726e-04  -1.0845285486974414e-03  2.4770102602728001e-04  -2.2783119114137034e-04  -7.8099189364992124e-05  5.7826783481739819e-04  2.7483098643081956e-04  7.7091333393992250e-04  2.8086806733514195e-04  5.6675889732798839e-04  5.0436312735037121e-04  7.1019582425524929e-04  7.9741462951428194e-04  3.4906751444951581e-04  -3.0691004871185054e-05  -4.6809329552751895e-04  1.0947178732520980e-05  1.2146380941786916e-03  -4.9372639816282432e-04  -4.8555277035873567e-04  1.1357484304639576e-04  1.1057102875850894e-04  1.2526094616240190e-04  1.8016229391784868e-04  -2.6899148543053420e-04  -3.9425443315164679e-04  -2.2309436089268991e-05  2.1702066488255020e-04  -2.1834900411844217e-04  -4.8117870377002622e-04  1.6648238734821074e-04  2.8053401848101574e-04  3.4929327323392597e-04  5.0418969554484825e-05  -8.8339657815806173e-04  1.3216096846767132e-03  1.2364962265983372e-03  1.1647480029055074e-03  3.6694324392935794e-04  -3.0156412855010143e-04  -3.0840931005661693e-04  7.1652560329688543e-05  6.4950689626411240e-05  3.3117395006883674e-04  9.8740764120820398e-04  2.4100536570250877e-05  6.7170129642728541e-05  1.1544750079861003e-04  -7.3023564869615298e-05  9.5849183908189902e-04  1.1906433529447480e-03  4.3656724495254665e-04  -2.3693625966829314e-04  -4.4287058222772973e-04  3.2851203240689443e-04  1.3245292727307706e-04  2.8713219190388921e-04  -6.9760116556392060e-04  2.3066544536017069e-04  1.1290153626023940e-04  -3.3429157272506829e-04  4.3799596340007385e-04  2.1693264599666448e-04  4.7784100603672565e-04  2.1367327579029430e-04  2.4977567587666885e-04  1.9453925703553086e-04  6.5411420316654963e-05  4.0286971444299758e-04  3.4538824772848602e-04  -7.0660164253901956e-04  3.5400342171927000e-04  1.4880212080391392e-05  1.4860794478959238e-04  7.7170112492196745e-05  6.8512057440309058e-05  2.0690151051076900e-04  2.8961487484408676e-04  -4.1806384337448335e-04  -3.7378962503796450e-04  1.5337624561981801e-04  2.1007866654896198e-05  4.7957342244022519e-06  0.0000000000000000e+00  1.2154979183491857e-05  4.4843902247619780e-05  -8.1154327286330537e-04  -5.8723878738764685e-04  -1.7923060930619519e-05  4.0493317674416700e-04  -4.5429879840350683e-04  2.5370979886241965e-04  -3.5353162615980155e-04  8.1040208345702037e-04  3.9432798610393113e-04  6.0316210689813484e-04  2.2184850954186391e-05  -7.3265953507078909e-04  2.1678386592955773e-04  5.2785115779090033e-04  6.1577718441214300e-05  1.9827944396964438e-04  0.0000000000000000e+00  -4.3322606077501348e-04  2.3055998769235696e-04  1.9621462358287704e-04  5.3296664426293093e-04  4.1250959996361517e-04  -1.3518385117461135e-03  1.5196152295908019e-04  5.6259932806019056e-04  2.6542476155463576e-04  -1.8001269267151087e-04  -1.0793126418523412e-04  -8.1466508818136790e-05  -4.5139837298889968e-04  -3.5770695882447241e-04  5.6912683752757633e-05  -2.9004487689216526e-04  0.0000000000000000e+00  -6.1073286901684076e-06  5.1645897757334243e-05  1.0445061319298043e-03  1.5525647634164116e-05  0.0000000000000000e+00  3.7353244820917058e-06  0.0000000000000000e+00  4.6226063447363204e-04  7.9317035420472604e-04  5.6059392162231155e-05  2.4118075075762565e-04  -4.0445730773732737e-04  2.1222231890886370e-05  9.7031238385129995e-05  7.7479392900744567e-05  -8.2885116393231658e-05  5.2214579825863108e-04  1.5750231314702026e-04  1.1633879553359809e-04  1.2421395234112409e-04  1.2559495010070577e-04  1.4312708214412733e-04  1.8837624040191330e-05  6.8264573726875620e-04  8.6652201348969707e-06  -5.0257832704050823e-04  1.4042136084016943e-03  -6.6317257968952212e-05  -1.4236655277375037e-05  -8.7506904125207409e-06  -3.3255077914582585e-04  -3.6950585114769106e-05  0.0000000000000000e+00  7.7703783254595512e-05  9.3343200206054606e-04  6.1885030940705792e-04  8.4269637890209284e-05  -3.8560040798545423e-04  -1.2666266344355388e-04  4.8682500504142938e-04  2.4908483322193102e-04  -4.0123564898531959e-04  3.6038057955022782e-05  5.3944535037802478e-05  3.1922206315891174e-05  4.7169085890043553e-05  -5.7722958474378493e-04  -6.1449884537389588e-04  1.4134671225430603e-04  -4.7887887531785299e-04  -6.0633938263895254e-04  -5.3476649615605103e-04  0.0000000000000000e+00  -9.0097511582045635e-05  5.6271283258508124e-05  3.8414471860599532e-05  2.9106350832869170e-05  1.7688563565074384e-04  8.5623538902977774e-05  1.5771441226101497e-04  3.1555256772414805e-05  -2.7699423918427029e-04  1.6108563785657734e-04  1.2672101007924508e-04  1.3072440912645486e-04  -9.3917987362706720e-05  2.1628589728062394e-05  -7.8531320663728177e-04  1.3119438692673005e-04  2.2188349881614822e-04  1.3146819808880465e-04  7.1672316508995058e-06  2.9044708963779615e-04  1.6500992032527886e-05  6.0094229002088592e-04  5.7396924783663936e-04  7.7843149201441348e-04  6.3017254734945577e-05  -1.0567926476766946e-03  1.8814518801199883e-05  6.6862460070792312e-04  -2.9117109533894421e-04  1.9366803181425840e-04  -2.7086083328739790e-04  1.1570571412987706e-04  -1.8374868425750804e-03  9.1109861210086722e-05  1.0190934666445807e-04  1.0569565405008725e-04  5.9426345523799727e-05  -4.5740631818941730e-04  1.2477906188996699e-04  1.1770629180911793e-04  0.0000000000000000e+00  2.2251688585709883e-05  1.8813143062593927e-03  2.7801346589354865e-03  2.1870903969291241e-04  9.5301024848205092e-05  7.8829170525907170e-05  5.1669165135122058e-04  8.9434502925646146e-04  5.5752364410600853e-04  3.4401453775492840e-05  2.2518716048265254e-04  -6.1995434965168530e-05  2.2883278869414932e-04  4.7115267144012585e-04  8.2222901280296990e-05  6.8618744281955429e-05  1.0564120273138048e-05  3.5172756681383667e-04  1.1474351580380086e-04  2.8314829676587093e-04  1.1689949284742038e-05  6.1245514642284816e-05  -1.9157706470498018e-05  -1.3653284535751294e-04  2.0864716817888900e-06  0.0000000000000000e+00  1.8439113208850412e-04  4.3529256802193540e-05  -2.3374541204094246e-04  -5.6786744043180615e-04  3.6835047153646112e-04  1.9744411824257682e-05  2.2225487686684821e-03  1.7245204064858250e-03  7.6433298157266793e-04  4.0419957684548284e-04  3.9934494181352869e-04  3.3784122035165844e-04  1.1604474361947871e-05  1.4732963978868543e-03  -1.1541583379786925e-03  2.3632266035216316e-04  1.7866933189996146e-04  2.8491094294320749e-04  -5.9453314976487081e-04  2.6400317753865913e-04  -3.2389135676048322e-05  2.9491969169387339e-04  3.0096876753661763e-04  8.4314740713851402e-04  1.8532805776235492e-04  6.7464876368678614e-04  8.0528898200627386e-04  5.1095835174886706e-04  2.8587815521750698e-05  3.9196490698389164e-05  2.9183981673473899e-05  2.8143389282325682e-05  3.6925820366005211e-04  1.1164014415885855e-04  2.7773084449640679e-04  4.3647721531580431e-04  1.4843084174291030e-04  -5.4825775753949068e-04  -4.5960439691986851e-04  2.2849197796354935e-04  -2.0068308903320179e-06  5.3869343168050761e-05  -7.4209276393913837e-04  1.9097202136904678e-04  1.9494685858471606e-04  2.3861848098533463e-04  2.8735942454154981e-04  6.4962996227095496e-04  2.0351149425579812e-05  -4.9258809753287259e-04  -3.8425475619952460e-04  7.3006453343158490e-05  2.0237084096741848e-04  -2.5907976019471789e-04  6.3757697014654144e-05  5.5812451528545117e-05  1.3090200367736415e-04  8.2742302933701373e-05  5.9941432009667854e-05  2.0840015002908194e-05  5.9081352824437410e-05  2.2212446598130656e-05  1.6856538498156381e-05  1.1060752723006660e-04  0.0000000000000000e+00  1.0028172048889096e-04  -1.2627220436189156e-04  -7.8022831227993317e-05  5.8940310459254172e-04  3.0993471371928820e-04  3.8260461580795014e-04  -1.9417594214121372e-04  1.9915738419028567e-04  -1.3869029782570400e-04  9.3299898210888617e-05  8.5560574491382933e-05  2.5863105951477857e-04  5.8100317560947146e-05  7.1486854893701795e-05  1.7516740196667864e-04  1.5532713759679423e-04  1.2006144781474938e-04  7.4920255400838100e-05  2.9952574973785635e-05  3.8218383357026920e-06  2.4230331043122609e-05  -6.3576393465651605e-04  5.5538273982898010e-06  3.3554302469778407e-04  7.7960483490049055e-06  2.6691300295623093e-04  7.0604843291615889e-04  2.7889430352314039e-04  3.0156567282390808e-04  6.8484990476216348e-04  -9.9617039657100309e-05  1.1340676498309728e-03  8.8871961681704628e-04  4.8731648505118678e-04  -5.2013115328279516e-04  -1.4008558307896041e-04  -9.0170706719987150e-05  -1.8209185980281585e-05  0.0000000000000000e+00  -4.0993932653880756e-04  -4.2518434205295866e-04  4.9221468700709539e-05  7.4698654014562215e-05  1.6140224080972960e-04  1.8021205451567091e-04  -3.9472377680669138e-04  -3.5331819831194643e-04  7.4832425203985958e-06  2.3073610708490436e-04  2.1219093086227814e-04  -2.1410923396598185e-04  4.8031258128851596e-04  0.0000000000000000e+00  0.0000000000000000e+00  2.0819604904171783e-06  2.3467416683752089e-04  -8.2594814836981097e-04  2.0437784912688591e-04  2.4146495935046104e-04  -5.6405828715089387e-04  7.7405447097335920e-04  2.7341614923833412e-05  -1.8238470905017839e-04  4.3389542562350612e-04  3.8205104333230932e-04  -1.9280122573227728e-04  -1.7839304121235362e-04  1.6695242474523717e-05  3.2670161345726287e-05  1.8368969156328280e-04  -3.7248748931551038e-04  7.6430771625141168e-05  -1.4347701553459212e-04  -2.5270856627609262e-04  1.1017737254642988e-03  1.2693155619410571e-03  -7.3434718116832101e-04  2.8330920607064322e-04  1.8012539190302774e-04  1.4368768407992807e-04  4.0421496378224852e-04  4.3611538808245199e-05  7.2674242457414608e-05  1.3896165570368658e-04  3.5350798465067229e-05  -1.0947384409973316e-04  -4.1545167799603371e-05  2.9440931065874843e-04  -6.5231118155925953e-04  1.2786856071322168e-04  -6.9635892304723067e-04  1.0512591708690043e-04  8.3361687198986803e-04  2.9997610883299011e-05  8.6866548358047316e-05  1.1583334680342800e-04  -1.2025640246024632e-03  4.1266270140805815e-04  3.5239378212101292e-04  4.1185636996802670e-04  4.5053067241661532e-04  1.1622819309574079e-04  8.4668665241984122e-05  3.7649179874617235e-04  1.2485556973727629e-04  3.8330323370630191e-04  3.8207578210040419e-04  4.1569283049842080e-04  1.1398127468076936e-04  7.4074081815336511e-05  7.4545200136780763e-05  2.4562897393539235e-03  3.1212858394128292e-04  3.6130908606776276e-04  5.9120596542957504e-05  1.5322475778018491e-04  1.1315277121136397e-04  4.9878241980346805e-04  -7.0770460842051197e-04  2.2852183429629045e-04  2.1434655536879489e-04  4.7821647071881376e-05  2.5267707284968851e-05  -7.0687628639993442e-04  4.4525640884281333e-04  2.9621954410895492e-05  1.5122293245625291e-05  1.8335594207080499e-05  2.6541966404186460e-04  1.8866188484451500e-04  1.8523764313427854e-04  -1.9496137018857541e-04  1.1837582587328198e-05  6.3106054149973700e-04  1.6240829994687751e-04  4.1318873924375957e-04  3.3275119605994057e-05  6.4200447803236294e-05  1.9062089638185583e-04  1.0164045989234330e-03  5.5463011655511470e-04  7.2213888364708627e-04  1.1238433013363242e-05  3.2822016925082093e-04  3.4953303786728814e-05  0.0000000000000000e+00  -2.3531323085052393e-05  -6.1648761634872399e-04  5.4615938677481535e-04  6.3952666740501164e-04  5.9171533472644625e-04  5.2226667115505706e-04  1.6824096243457813e-04  -3.1527830885161887e-04  0.0000000000000000e+00  3.3603675967374025e-05  8.6216866479866194e-04  2.3781399648730730e-05  1.8961439177811944e-04  -1.8100972393673894e-04  1.5699599610389751e-06  2.8788803747030174e-04  2.9921972618664742e-04  9.1088336781421008e-05  -4.2754820928403138e-04  -3.7761274500651442e-04  -4.8752783301356754e-04  -8.6712845719414137e-04  1.7710068201000088e-04  -2.1744801827927487e-04  -1.5980605789611674e-04  3.1654313289710796e-05  8.6484834485820404e-05  4.2288055026280498e-04  -3.2948851197562527e-04  1.2091844368004717e-04  -6.8988413493576708e-04  3.4824013850905791e-05  -1.8966417603367397e-04  5.1241908771457558e-04  6.3544209562638198e-05  2.7863867028543712e-04  1.8206728978455825e-04  2.8525830494944247e-04  2.7539743700728396e-04  2.3980467671350753e-04  -2.3977970177247520e-04  1.3160831521693227e-04  2.2367302378747185e-04  2.9313706438605509e-04  6.2249132320734630e-05  5.0409593478705210e-04  -2.6402846095930152e-04  -1.5080635409963231e-04  0.0000000000000000e+00  -1.0683166539368395e-03  2.7475101805955241e-05  1.6324131963351806e-04  4.5797169503532264e-04  -2.3860015245406120e-04  7.9345372036532529e-05  2.3067887446940446e-05  -1.4367515412809184e-04  2.5984306455570041e-04  4.1610737467041528e-04  2.7136268168290471e-04  1.2373113578124150e-04  1.5816985520336361e-04  1.7044540369041893e-04  -3.6600482855467307e-04  2.9012481042933608e-06  6.0259033520808422e-06  -5.2114624415861249e-04  1.5956088628984154e-04  2.3180046318896702e-04  1.7810496347429080e-04  1.7615608514589715e-04  2.6571710477664196e-04  3.3886952130454722e-04  6.5969057864165596e-04  8.9444793051863511e-05  1.1937733748750947e-04  1.0859531027858229e-04  -6.0451505393543828e-04  5.7011910481718142e-04  -6.1462177963399266e-04  -3.6682304879629465e-04  -2.8249490469673121e-04  -2.9435271992985971e-04  1.0648287877030548e-03  2.8953586121163645e-04  -2.3088780470601191e-04  8.8833391727603393e-04  -1.0388163277811591e-03  9.7400765734295764e-05  8.7063669486052699e-05  1.6587925463383129e-04  0.0000000000000000e+00  3.8366378161083812e-05  4.5341156188053293e-05  0.0000000000000000e+00  1.6377863867744099e-04  1.9172032474431782e-04  1.4782663519492576e-04  -3.1546445447396649e-04  -3.1268553503604703e-04  1.6969294980091703e-05  3.3661644464078218e-04  2.3997321660895518e-04  2.7647919829752874e-05  3.5556767733104584e-05  1.3255438162174894e-03  2.3920671705717498e-05  0.0000000000000000e+00  1.9370251030130625e-05  3.0127869867401441e-04  6.9631229521799581e-05  5.9542028576068664e-04  -5.7338156384317959e-04  9.3431442929304244e-05  7.2319014798944361e-05  5.3063485768003733e-05  7.6357205598344462e-05  4.8784458628125527e-05  -2.7281627036972433e-04  7.8645077583759150e-04  4.5048321333176025e-04  -8.4082337755198553e-04  -4.3592381318230172e-04  1.6015893123600108e-04  2.6727958605819339e-04  3.4680387239998937e-05  4.0970403838617158e-05  1.0810636252333425e-04  1.2745066794241767e-04  3.7161687018500886e-04  -9.0134003835488474e-04  -4.4911983821250157e-04  -4.3013084856000485e-04  4.7540797530360772e-05  -7.8217022673852975e-05  4.6239167283342980e-04  9.6276775416134810e-05  7.4074827064307661e-05  3.0418364283390007e-04  8.5868968036802711e-06  7.5163581826842048e-05  1.2209143103972899e-03  5.6293905462833835e-04  6.8089622954099283e-04  8.6161820198653452e-05  -3.9932748714042012e-04  3.1851184386860764e-05  -8.5361475779302933e-04  5.2476843319806715e-04  5.4075429221906693e-04  6.0755823211589618e-04  -2.8911861623469591e-04  7.6691189842644160e-06  -3.4913132283605843e-04  2.4663739338407951e-04  7.5627932959415421e-06  4.8373829985124888e-06  5.6672947552531632e-05  1.9137842798992515e-05  2.0004231070300396e-05  7.8197941940789906e-04  2.5241906917711920e-04  2.2718698441812600e-04  -1.7565846200805527e-04  4.3030334907106826e-04  3.3695127891439941e-06  9.7791845518648459e-06  -4.1655952643882547e-04  -4.1215592462194462e-05  2.3969691854784081e-04  -3.8626847255651936e-04  3.2634447980670788e-04  1.6053109501592319e-04  -4.8547663990346419e-04  1.9035084446835732e-04  1.4327674713516132e-04  1.7671640688697541e-04  1.9805114226852777e-04  -2.0238351792602335e-04  6.6088978025445611e-04  -3.1624160579755474e-04  1.2362072266006776e-04  1.3772513484071311e-04  1.1335528656093636e-04  1.4642958596078562e-04  1.8143739077914421e-04  -1.1590031965574813e-03  -1.8101792109515295e-04  2.5427334721824467e-04  2.0253335326701513e-05  2.0175822584367482e-05  5.8037007172709313e-05  2.7300136689795737e-04  1.3863679672595876e-04  -3.9758936010631010e-05  -1.4902643086276844e-04  -2.5591960834554772e-04  4.0864928075033408e-04  7.4860987020950267e-04  2.9667919209771637e-04  2.7400443294273012e-04  4.5817674645590090e-05  2.5483765447423295e-04  5.4633661585899681e-05  1.2784781218881593e-04  1.5986817291622628e-04  1.8018790223239530e-04  1.3169505866654862e-04  1.1284900592354046e-04  1.3708548503400076e-04  2.3100433601321913e-04  2.4758633441167662e-04  -6.2956644968370208e-04  -2.0998130228005128e-04  -1.4464401408134994e-04  2.0377044173684324e-04  1.6560266821996709e-04  7.5576347107557902e-05  -8.3588466416329292e-05  -7.4061639692385862e-05  -1.0912630243559072e-04  2.2139503095734543e-04  1.8497780320109529e-05  5.2265840052090446e-05  2.3081028105068080e-04  8.7158623390991898e-05  1.9060220905126561e-04  5.2110576115134366e-05  -9.2476833908194668e-05  3.9393599292265554e-04  2.8226039710322186e-05  -2.6060281918292294e-03  1.7387360789942441e-04  1.2470656975014777e-03  8.9332230955668952e-04  4.6510192534660192e-05  -7.2046734198029949e-05  3.7423025226970976e-04  7.2029437297497283e-05  2.7697128908478678e-05  6.1534275749460820e-05  3.1640563400654276e-04  1.2592890111936357e-04  1.4010796028543466e-04  -2.0881143713810714e-04  -1.1680290262933658e-03  3.0259690794661039e-04  0.0000000000000000e+00  2.0408612182177180e-04  2.4762212201256354e-04  8.4361319788323522e-05  1.3375175486109023e-04  2.5053463556681609e-04  2.5979638352218039e-04  4.7389354435687481e-04  2.8943279083088105e-05  1.4018551532368664e-04  1.8321812891791106e-04  1.8024699093916117e-04  1.3105464324988139e-04  1.2932492955932106e-05  -3.4072459014993467e-03  6.4924840559477993e-04  1.4883242649030867e-04  2.7534102786111979e-04  -1.2383174917613119e-03  5.8580425323762249e-04  1.5702376670091486e-05  -1.6572794127875777e-04  5.8228108379756394e-05  6.5995455868563487e-05  -1.4607962535061943e-04  -2.0141143087967574e-04  8.6800687436500555e-05  -2.4000564787542279e-03  1.1690198512137252e-04  -1.8668611269308916e-03  -1.1764333705527573e-03  2.3072108630516375e-05  8.3690795638170627e-04  1.1181884263878961e-04  1.2497096366961822e-05  4.4452060463730724e-04  2.6049189011942593e-05  -5.3498185790006557e-04  3.0516279861314137e-04  0.0000000000000000e+00  -9.9203035668578386e-04  3.1463672496484464e-04  7.0973576766697661e-05  -3.6932859707786462e-04  3.1119672180809351e-04  5.6091280307984796e-04  2.6122611196606390e-04  -2.3454001677694251e-04  2.4554512095561051e-05  5.6938326421846498e-05  6.9122980797372579e-05  -2.3653930100262419e-03  0.0000000000000000e+00  2.7886971726177436e-05  3.4347032063558570e-05  -3.8043329471361647e-04  5.2511938357724665e-05  -1.4382806079535186e-04  7.1852356372272116e-04  2.6186120402497395e-04  -7.5302528097312708e-04  2.2597924365046546e-05  6.2138182898782633e-05  6.8105851445695076e-05  -1.0298999713064044e-04  1.6453565019998787e-04  2.0234311078684507e-04  4.2652920087305726e-04  3.4877253248241310e-04  3.9483992278888710e-04  2.9497987065169712e-04  1.7442968617193479e-04  6.4669918901639578e-04  8.0489500040288972e-06  2.8814227440086183e-05  -7.4288616263375770e-04  -1.3704740541376086e-04  1.0124565253642390e-04  7.9653712423953635e-04  6.4196592067676495e-04  7.1710125293337177e-04  -1.5698259559548935e-03  2.0750716886910539e-04  2.7629126314755037e-04  2.3619944536514283e-04  2.5235378433185763e-04  1.5675756479033903e-05  2.8965209449724543e-05  1.3965902214520113e-04  4.7705549472947179e-04  -6.9572046649914458e-04  3.2217321668582736e-04  4.0175472125547553e-04  1.4386829490041248e-04  5.8463511072042471e-04  5.5778349135645494e-04  4.8951152527787055e-04  1.4197258114877334e-04  1.3406593737240100e-04  1.7683245410126270e-04  1.6851879288541088e-04  1.8812781589537934e-04  9.7274034843855843e-04  -1.3108517983380011e-04  9.8507729141582436e-05  1.3725763719400308e-04  6.2216895663828357e-05  5.4882492121035805e-04  -6.3715183196365799e-04  -7.2895922035602395e-05  9.3440533269120349e-05  6.5570819289007226e-05  7.8860421256630450e-05  5.0607381580614205e-05  -2.8986788672297231e-04  7.5809505986138264e-04  1.3220483912533562e-03  -8.6272021996628480e-05  -1.6619794864440244e-03  -3.8676863241421535e-04  3.4022406916491823e-04  9.1762067895353924e-05  3.5424090876676710e-04  -2.6956923795819253e-04  3.3113466731294738e-04  -2.0017547949567163e-04  -5.9819459405745716e-05  1.0084987415213583e-04  1.7638970720247675e-04  2.8200397139978701e-04  2.1984313011945975e-04  1.3617490719707964e-04  -1.3593691706450207e-03  -1.1380422281436794e-03  1.7439271708075303e-04  5.4062804111248270e-04  -1.4155421609399312e-03  -1.0081605670838201e-04  -1.0523290907486570e-04  4.6838661114509135e-04  4.4835707105226697e-04  4.0100529160339563e-04  -4.9225171685689791e-05  -4.4266828179336307e-05  2.2041446811037432e-04  2.3728354265421898e-04  -2.4962816279590122e-04  -1.2700143743240067e-04  2.0348773396747116e-04  8.1551780556381783e-05  1.3824993730078292e-04  3.5306951847634515e-04  5.0791083917700076e-04  1.5799039567858007e-04  -4.8066758670991188e-04  1.5528570515680319e-04  2.2371002988044373e-04  1.3877599262144779e-04  -7.0769219688904326e-04  3.3805732690648035e-04  7.4389294398856420e-04  1.6151641658541038e-04  -3.3902419767029940e-04  -2.8475892573561307e-05  -5.1316738557948056e-05  -1.5668922680617658e-03  -6.0428819128432835e-04  -1.1553497861531096e-03  2.2346963908808490e-04  3.0121729495016710e-04  1.8322503705311017e-05  4.3198507186110386e-05  5.0024011830444245e-05  2.5227586090755498e-04  1.5807818676577983e-03  9.9974605990237509e-04  -9.1172737834034449e-04  -1.6776543120801927e-04  3.0147680001656424e-04  2.8048998766170766e-04  3.3937458085724927e-04  1.2217719214351403e-05  9.7027028684230671e-04  5.7897198777282670e-04  1.1302015285004463e-04  2.6741879635911305e-06  1.2808807780780415e-03  2.2505313506899161e-05  2.3224712474134517e-04  7.7327168704992738e-05  -1.5764353091975362e-04  9.3791717305128811e-05  1.1931415381190275e-04  8.4184191190107250e-05  4.0601608143808575e-04  6.0948806562867601e-05  2.3397511044272732e-04  2.2099451274714996e-04  -7.8159844124078262e-05  3.1170005108796511e-03  -3.7925074766305899e-04  -8.1646464729407439e-04  -3.7229940952792452e-04  9.4545561754626367e-06  -1.0394799583462533e-03  7.0058825832047507e-05  4.9640685508009372e-05  2.5739835861359374e-05  3.1935404975990935e-04  3.2635993269100269e-04  3.7078896650727915e-04  -7.7230973785776924e-04  2.9628512283068624e-04  -2.7839194953750175e-04  -1.3501942839241649e-03  5.2000922105530668e-05  1.1210628532170659e-05  1.9204721220655966e-05  2.7083355132384427e-04  5.1839077588591083e-06  4.4945701436113129e-05  4.3739764466153277e-04  -6.3017520482266302e-04  -1.8366535870303023e-03  2.8586001353971035e-04  -2.6672584664201105e-04  3.1106349008618354e-04  2.2067840434181240e-04  2.5531143869538778e-04  -3.0775794804652283e-04  7.0267040418739858e-04  7.7208888016194090e-05  7.4761119766841725e-04  1.0395972735326472e-04  4.8815682642676679e-05  1.5812013513927760e-05  -3.7329644570952719e-04  1.0476949239593065e-05  7.7210502667984129e-05  2.6987336261736105e-05  -2.0480790813988295e-03  4.5669885563631587e-05  1.3739425941469799e-04  1.3156525082065211e-04  4.6887147212037746e-05  1.8886835958555100e-05  9.8452716125718186e-05  4.3193970977604929e-04  4.6159880559114687e-04  5.4717190159106999e-05  2.1561714331753748e-04  9.4930435537392150e-05  9.2142680609349857e-05  1.3737028763022895e-04  -5.7940198338141840e-04  3.2838938413460455e-04  4.2943055753821960e-04  1.1528777710602522e-04  1.2390305618002840e-04  8.2451816847793887e-05  9.8638545397382205e-05  1.3821086838173240e-04  -2.9266124246716055e-04  2.7489670428887706e-04  3.2949984742623002e-04  3.9318550765220814e-04  -1.6743070173036158e-04  -5.3101761460364765e-04  -6.2432961605745957e-04  -4.9804738360812427e-04  9.2000345005815637e-05  -1.8184160588064996e-03  -3.2606370343036926e-04  -9.9892903016462562e-05  6.6213406140442569e-04  1.1337535195817067e-04  6.2807802066221685e-04  1.9672220467663391e-04  4.7906933186445377e-04  1.6287957728354001e-04  2.6679481560424516e-04  5.3314152309877783e-04  3.1948358187617633e-04  7.0991740163110285e-05  3.0807769887783611e-04  1.3193978777974267e-05  7.1038753729600875e-05  -1.6674591884529007e-03  3.6735373104662065e-04  2.9721323000126245e-04  8.7404815829655749e-04  -9.9963659817991005e-04  2.7980709989208492e-04  2.7070651739587479e-04  1.1250777185172382e-04  4.6101296341084357e-04  2.9368696627461802e-04  2.6997745454832803e-04  3.3364826157856483e-04  1.1764732963173843e-04  2.2150141073313016e-04  0.0000000000000000e+00  0.0000000000000000e+00  2.6408137879338933e-05  3.0779228974723091e-05  5.0314619219522403e-04  2.2714230428219360e-04  4.9887509605389224e-05  2.0077678628598858e-04  1.6708072180944127e-04  1.5987133728053614e-04  -3.3390028578796061e-04  3.6155985318215683e-04  8.6049974942596467e-04  4.4603553126805001e-04  -8.7541822239639653e-04  1.8544938289213230e-04  2.5855563053391164e-04  1.7102554362952857e-04  4.4215901203770440e-04  -1.2916163841369041e-03  2.0822216325203267e-04  2.3108592741785913e-04  2.8921688215721164e-05  1.0313497677326286e-04  1.7198693201849296e-05  2.0425569758332317e-04  3.1432215127284713e-04  -1.7290167465597891e-04  -1.7153296335562895e-03  -4.9177310944244950e-04  5.6163368195071577e-05  5.6230749729628188e-05  8.9750333086688005e-05  6.3843578165427269e-05  2.8140273209668708e-04  6.2614307146767391e-05  4.0953526115438267e-04  -5.8071555094570744e-04  2.8409043142484152e-04  -2.2703788812935386e-03  -1.0909578295200894e-03  -1.9395559258380327e-03  3.9546112220753934e-05  1.4758297830338353e-04  2.9106861002836442e-04  2.4449333464903871e-04  2.8280149519988767e-04  1.0445268624510516e-03  -6.3048296848429702e-04  1.1389715875185437e-04  0.0000000000000000e+00  3.9020451332494847e-04  -3.3898648404154176e-04  5.0030972392090250e-04  1.9580797588562696e-04  1.9216185023572015e-04  4.0266470028417240e-04  -3.1951316078451759e-04  9.3913733006086987e-05  1.1099607435803482e-03  -3.5213298631136343e-04  9.8446339649812005e-05  -1.2196792360075755e-03  -6.5374721530236777e-05  -5.2904162969642061e-04  1.8251533616371117e-05  1.3302452271938934e-05  3.4138662786604166e-04  3.0315272590997563e-04  1.4020260757282801e-04  8.3998311871390276e-05  1.3510823390628241e-04  8.6801492597566197e-05  9.8397601152532620e-05  1.3626604018799463e-04  8.0974936010352709e-05  -1.4347824193960365e-06  -4.4586444206791199e-05  -3.9593421707999364e-05  4.5513895313745888e-04  2.1906571813239372e-04  4.4743923917090779e-04  -1.1476464417001268e-03  -2.7304108446095122e-04  1.5356555958438597e-04  3.0375821867340794e-04  -1.3352854579677194e-03  -2.5643707310607378e-03  -8.1383439638971330e-04  -1.4709611782936216e-03  -1.0208913074897407e-04  1.4494638865851617e-04  1.6401093375327793e-04  -1.5096095088189967e-04  2.0304550029509037e-05  0.0000000000000000e+00  1.7832683930165389e-04  1.2519597560279035e-04  1.2342061719375672e-04  1.3902332358165087e-04  3.8514499730762469e-04  -3.8101040512471023e-05  1.3597819553977164e-04  4.5369624359081778e-04  6.2006489056643804e-05  1.8202375671453228e-04  5.1706087137532666e-05  3.4902267702857859e-05  0.0000000000000000e+00  -9.2010334609136726e-05  -9.1330304774606128e-05  0.0000000000000000e+00  -6.2807854036980165e-04  1.1284589944120601e-04  2.1497996563475711e-05  2.2510827118694347e-04  2.4927503448588108e-04  2.6011816378678274e-04  -2.7879374002820760e-04  -2.3266490286558741e-04  3.7485970855581586e-04  1.3428805647234295e-04  3.0169665060085624e-04  5.3651567430097902e-05  2.5075726631161832e-04  2.8605341414695326e-04  5.4553293653623151e-05  3.3265252198023649e-05  3.6607977328806504e-05  1.3106914464587212e-04  1.1741009791784423e-03  0.0000000000000000e+00  6.5094598079888362e-04  0.0000000000000000e+00  2.8027679254682671e-04  -5.8182655896414959e-05  -6.7489073561636373e-05  6.4063126374450346e-05  2.2841257506155536e-04  -1.3353502174473151e-03  2.7298448701349495e-04  2.5164095459291309e-04  2.4865889890304224e-04  1.8899557723976921e-04  1.3461442521502736e-04  -9.4796122997883774e-05  3.8904889878059585e-05  -3.4002329216942028e-05  0.0000000000000000e+00  -3.8372696119372321e-05  3.0929174871504239e-04  3.0039364968155279e-04  3.4221239494089726e-04  -2.7124171310796861e-03  -6.3549608669171830e-04  -5.0487562871143503e-04  6.2106371341804582e-04  7.4285065738202856e-04  3.8203443517229963e-04  2.7694352940217497e-05  1.4008354050601898e-04  1.4332844137079955e-06  3.2993980463470321e-05  1.4764008828254928e-04  -8.4624555724636919e-04  -1.3927128225159309e-04  -2.8132437566845994e-04  -7.9344466283640613e-04  9.4403621618469776e-06  -1.9838684790462290e-05  6.8725425091309243e-05  -6.7851553979729492e-05  5.5784146485828262e-04  2.8062902501784317e-04  1.0521427622178908e-05  -1.6830903529504678e-03  1.3412165569536693e-03  1.8388899205966895e-04  2.1240503166556623e-04  1.1298722412260339e-04  8.7306424671653956e-05  3.1234995425822146e-05  3.3362349398799800e-05  8.4758652710245313e-05  1.1341973453702648e-04  1.2216095984677252e-04  1.0067681032626774e-04  1.8261697769413079e-04  6.2785859603607292e-05  1.5430026945414392e-05  6.4117460275891981e-04  -4.0720842160378129e-04  4.8519269568791247e-05  -6.3656641614898580e-04  4.1778754003115931e-04  2.7490225182869596e-04  4.5611275242872088e-05  1.7404417687721737e-04  4.4605457353955291e-04  2.0404427728756814e-03  -5.9205057847600245e-04  2.4296726837810878e-05  4.5773945067340097e-05  1.1989576213626517e-03  -1.5183111984177550e-04  -1.9201140111738336e-04  -2.2404480880038987e-04  1.0556967457560155e-04  -2.4258463967015156e-03  -2.9614504083472649e-03  0.0000000000000000e+00  1.1169905852232326e-04  4.5698403842705528e-04  2.8682394227669538e-04  -5.7395177083316006e-04  1.3957021107418902e-04  -3.5286913105958074e-04  -3.8925853361268861e-04  -3.8546766230630194e-04  5.0700490684273049e-04  -4.8655967094297724e-04  2.9764767276954586e-04  1.2321767865142140e-03  -2.1239418128545348e-03  7.7780759681387394e-05  6.6388968019573884e-05  1.6635737553937798e-04  -4.5699182293004769e-04  5.3387687759891615e-05  -2.1643297745867858e-04  8.6479266459783650e-05  1.1887918945262543e-03  4.7189651597780119e-05  2.4081335025726832e-05  3.6803597862034402e-05  -2.8420795537990358e-04  5.3992213613882132e-04  1.3202233215209248e-04  8.7839337228889111e-04  -7.5302609604099033e-04  -6.0942899387889939e-04  2.3074646181361176e-04  2.5218462890592123e-04  2.0498693789181111e-04  3.0885370958098641e-04  3.5427894558936763e-04  -4.4154501529568302e-04  -1.5820413068236971e-03  -1.7174935919285780e-03  -1.8846064223614473e-03  1.5901993584281830e-04  -8.7784254457270425e-05  -7.8549171437140874e-04  -1.4769016512579723e-03  7.1997759938014557e-05  6.0141056681735014e-04  3.6956570400792784e-05  1.5457245649871246e-04  3.9647341819310975e-04  -7.1461078827457101e-04  2.2949964783924981e-04  -3.0354602338804538e-04  -4.4070400345963659e-04  5.6579181725204283e-05  2.9186654973530741e-04  0.0000000000000000e+00  4.2742383867387152e-04  8.6483356019285858e-06  -7.0736278474616899e-04  -1.1013946445870898e-03  -2.3389801989690386e-05  1.2964560069482389e-05  1.9752482516875494e-04  2.9122582107319087e-04  1.3157903214746096e-04  2.4049415641564257e-05  0.0000000000000000e+00  -5.1296476590560058e-05  2.2006515976137774e-04  3.8968577515034844e-04  0.0000000000000000e+00  6.6576822048847488e-04  -1.9055071487656207e-06  2.2461024024834779e-06  2.1355334166693575e-05  3.0250171882044175e-04  7.9884674987867638e-05  2.3743834439512468e-05  6.9645890955778543e-05  7.3016032376491035e-05  9.2169008977759621e-05  3.9490381484447152e-04  0.0000000000000000e+00  2.6805907558892831e-04  2.7935787426702373e-04  -1.4051444862876091e-04  -8.8101528370927783e-05  7.8755891523232517e-05  3.1453456416412475e-04  2.6488686096958858e-04  2.6371583083879320e-04  3.9730347191342067e-04  1.2876411568911776e-05  5.9652704630451139e-05  2.6309381170589954e-04  -1.4309093179423254e-03  -1.1314368506456663e-03  -1.9343920807634233e-03  8.8777269087037371e-04  1.9910351085740961e-04  3.6545001320421026e-04  1.9981505389612435e-04  1.6349550146464866e-04  1.9445844126353365e-05  1.9287869568942318e-04  -5.5005700585981563e-04  -4.5541180202409532e-04  -5.4481590256794631e-04  6.9379787528305156e-04  7.9681794032321633e-04  1.4565405627382850e-04  2.4145643208141920e-04  1.5924063348083590e-04  1.7521580614447268e-04  -1.1160880733417636e-04  1.1490683307806447e-04  0.0000000000000000e+00  9.4171123112582144e-05  1.8171430265730135e-04  5.9185189537878404e-05  5.3425608563850214e-04  3.6121893720836657e-05  4.0246481606592133e-04  2.0765638350999914e-04  2.0038984706932840e-04  2.0147218482529461e-05  -6.2421521553075027e-04  2.7345220329625130e-05  4.1921011990514935e-06  2.4954572770346167e-04  7.1903777428270908e-05  1.6433743795486985e-04  1.2880512446370864e-04  -3.5051942174908556e-04  3.6245443107634986e-04  3.9104719561876706e-04  1.0736175647632776e-04  5.5292219187116216e-05  3.2716587371855804e-04  -7.4170313704019833e-04  3.9900974391059044e-05  5.6034863558821788e-05  2.6709404266226782e-04  3.3179475060141197e-04  2.3683664351743807e-04  1.6651679689117928e-04  1.2586287518125095e-04  -4.1888373911891109e-04  -3.3837269965605827e-04  2.0164358608660340e-05  3.4624850040486736e-05  5.9646206617217166e-04  -1.1684666259791329e-04  -2.0942595131909637e-04  7.7181257747435176e-05  1.6475959920416822e-04  8.1851922160594169e-04  4.4929005067297035e-04  3.7784650954025552e-04  6.3684879603618757e-04  1.3755377243561899e-05  1.0107063742534645e-03  6.4631349252745819e-04  -3.6014552169346488e-04  -4.2148240651454234e-04  1.9329529704553659e-04  0.0000000000000000e+00  2.8085789988961962e-05  3.3452371819851936e-04  -3.4536507728621658e-04  -7.6606189184397981e-04  -1.3634497998220143e-03  -1.4019600605405208e-03  7.2507454851459207e-05  3.3113990143936178e-04  0.0000000000000000e+00  2.5286451147625501e-04  5.2874131781056427e-05  4.2310493816383563e-05  -2.6695582618785449e-04  -7.3161274812961054e-04  3.2434158339109435e-04  0.0000000000000000e+00  1.2442974375337303e-04  1.3381073309613760e-05  -3.0709462665763876e-04  -2.2822731848056653e-04  -5.2748218014003246e-04  1.6255529644691377e-04  1.0104896387043763e-04  7.7944821035201377e-04  2.5706133559794196e-04  -3.0322960722921073e-04  0.0000000000000000e+00  1.1923608872592404e-04  5.0959793666484365e-04  -2.4894448341849113e-04  1.9148499647579729e-05  5.0099739996007995e-05  -2.1871353875687262e-05  -1.1286690060476110e-04  -7.6251401485619217e-05  8.9935027138047141e-04  8.9203772686163689e-05  9.6335140180555970e-05  1.1684722037679268e-04  1.4468227310410428e-04  4.3740065618689842e-05  2.1789886636303470e-05  0.0000000000000000e+00  4.9988900152005719e-05  6.4987546767263809e-05  4.4989197820823789e-04  9.7435925558177807e-05  1.6936618298368973e-04  -1.4935841939913653e-04  4.3957563722978000e-04  4.6923107525052681e-04  4.4867025905130013e-04  3.4671165785005160e-04  1.6984361434878709e-05  -9.6669093322214952e-05  2.5989371438830163e-04  2.1153202385439600e-04  2.6029253850364545e-04  2.7400686965763446e-04  1.9253198514950518e-04  1.4782726753598765e-04  1.7966190561811781e-04  2.3500833634895132e-05  1.9167195129389197e-05  -3.7615850514675795e-04  2.4172813162580211e-04  -4.0116131611073934e-04  1.3925146776229188e-04  -3.8696142470806490e-04  3.4014225524970520e-04  -1.8435917150461798e-04  -4.3966038113547971e-04  -6.2181315393215687e-04  -5.4815410173052648e-04  -8.4419434855354035e-04  5.4480020805481070e-04  5.2750973583662677e-04  2.3998144336016548e-04  1.4473723647244412e-05  4.1858033299857288e-05  -2.3271089141194285e-05  1.8484295184937664e-04  0.0000000000000000e+00  5.8474404632032420e-04  -2.3209157732010253e-04  6.9854417365719322e-05  7.9022806982969614e-05  -9.5121762043244614e-05  -9.3937332142163239e-05  8.7084122598016722e-04  -1.7717097704903024e-04  1.4808714869354818e-05  2.1257356753591078e-05  4.4053198461551216e-05  7.6833686178867837e-05  3.0767005694405756e-04  2.9000453433898773e-04  2.6349816675225066e-04  -1.3616235943093224e-03  3.8584152336302061e-04  3.9069381757405626e-04  1.6072300613283595e-04  1.3792211549650449e-04  2.2571141057525733e-04  5.3065440910601216e-05  6.1613638224187930e-05  1.0542983499502616e-04  -4.8734550864498546e-05  -4.2845457907346508e-05  2.7696211695753546e-04  2.1461743831514981e-04  4.2526031828539268e-04  3.5447815870418042e-04  1.7169328709644614e-04  1.8267882530203093e-04  -2.8575477080782923e-04  1.2442096355386623e-03  1.6824306602182643e-04  -5.4636961194545373e-04  4.1935247697636047e-05  2.3584022488390578e-05  1.6056743947076457e-04  2.2836496528734436e-04  -6.7124139313159330e-04  3.8814146360633892e-04  -3.4183753487211242e-04  2.0893376786618869e-06  4.2447486260117353e-04  -7.7667537376202415e-04  3.1147294015985267e-04  8.5800598214108944e-05  1.0951793085450525e-04  8.7253971979464845e-04  1.1510221064361354e-04  -5.2142017192652898e-04  -1.4354448781512352e-03  3.9608528782735186e-05  4.7600240734754627e-04  8.5547385209117831e-06  -9.5148987174091716e-05  1.9350812805761806e-04  3.1655535084467048e-04  -6.0777995439314635e-04  2.3145612801913181e-04  2.4812480436058911e-04  0.0000000000000000e+00  -1.3857644445952120e-04  -1.7823119894112114e-04  5.3828369800079854e-05  2.0861989296502625e-04  -2.3401874667885561e-04  6.8754878582896959e-05  -1.5018866417914313e-04  6.6003599005760849e-04  7.0485635781806420e-06  1.7292188395821311e-04  6.2304149333687768e-05  8.0019543196850683e-04  -1.8074668951670631e-03  3.6232190533843106e-06  3.7867315285324854e-05  3.9561148227057333e-05  2.5713019559987056e-05  3.3832344325310302e-04  1.4972896120736187e-04  -4.7457170879462512e-04  5.9036674769672838e-05  -3.9087668094461186e-04  -1.2479807895509239e-03  5.0384556956489443e-04  5.5049014361471994e-05  2.7754758581289196e-04  -2.6005010073667958e-04  -2.3027334897668324e-04  1.5725469351688634e-05  -9.2747591961926036e-05  8.5309028465795197e-05  8.1677248482295894e-05  7.7528230102687915e-05  2.7904812132350024e-04  7.0098242289415216e-04  2.4758613828045856e-05  0.0000000000000000e+00  3.1231543915820283e-04  1.1140209400449978e-04  -2.9914583408401394e-04  1.1390095674686193e-03  0.0000000000000000e+00  8.6460016592634963e-05  2.1190119836565076e-06  5.3329151918962605e-04  4.0526724074821656e-04  -5.8558373211124205e-04  -7.3492300068906541e-04  2.1848882958330607e-04  5.4073817874002697e-05  -2.3561615238013053e-04  -2.1714403702416469e-05  1.1707547167968355e-04  2.5430251054757783e-04  1.6659182369470744e-04  2.9261887821304414e-04  8.0291937156131066e-05  1.5150125751189166e-05  1.7012513713150211e-05  2.9341655110246397e-04  1.5906645556134209e-04  -8.4396198906183987e-04  1.2925786945638873e-03  6.2048777524944764e-05  -8.9082357861069961e-04  -1.0718727867039710e-03  6.2493923278555849e-05  7.9609860155805906e-05  5.5030546318106327e-05  7.9023506298304529e-05  5.8732090904294915e-05  3.4798865361801335e-05  -5.9891619495657341e-05  6.9401937660754824e-04  1.1854730810874556e-05  -9.9285731189898460e-05  2.6140195324213207e-04  -2.0286880896617845e-04  -1.6692337922820797e-05  0.0000000000000000e+00  -3.9695896418307454e-05  -1.2037580154190947e-05  -2.6211857854345733e-05  3.8199085880216634e-04  1.4941027295189407e-04  -4.0759694879339767e-04  -1.5570099271639429e-04  2.9439399621701947e-04  -1.8591191562409258e-05  7.3857526855255042e-04  2.6599111451515466e-04  3.4701366430780930e-04  3.3652147299279434e-04  -1.2282484326433914e-04  2.7821588349185330e-04  -4.2338773706838960e-05  -9.9798044452355041e-05  -1.4659290489057723e-04  -3.2316821922685544e-03  -3.9535007899759085e-04  -5.0554792108076381e-04  -4.6618937227605297e-04  -8.6059958063601180e-04  -7.7839423073482780e-04  -5.7561528599625849e-04  2.0255678280285563e-04  -2.0177642311568268e-04  1.4048882883183549e-04  -2.0051149939668068e-05  1.0563909106780760e-04  2.9322945106883793e-04  -2.6819724379606257e-04  1.4981300171328798e-04  4.4660636237447326e-05  8.5360974622830381e-05  7.7110187618218920e-05  6.4733377162963755e-06  1.8605558995338766e-05  7.0704226078011073e-06  -3.7428155708327856e-04  9.5518467049961629e-05  5.1188303292045523e-05  4.4817249928869018e-05  3.5332019735452125e-04  3.9049183446408260e-04  4.9385728664410103e-04  4.0610975608343949e-04  2.7742199630452132e-05  2.9302974749950131e-04  9.7246820116378912e-05  2.3815389409863089e-04  0.0000000000000000e+00  -6.4026082066128785e-03  -7.2511262072333018e-03  6.1108878491216009e-04  2.8389818118421020e-04  2.3484628375215896e-04  5.0265112352760051e-05  -9.9447404321475062e-05  -9.6010511216631998e-05  -3.3989165735537229e-05  -2.8204953900129285e-04  4.5098270148001595e-04  4.0121527453290840e-05  1.0697639982739540e-05  3.3432617558355583e-05  1.2492552522416176e-04  5.5987415728057683e-04  7.1341851204920860e-06  -2.0351854048917363e-04  2.1593836819999861e-04  2.4421012749321712e-04  2.8453274407243013e-04  2.1418223648295953e-04  2.5277040125010425e-04  2.8482549427447748e-05  7.0249436480109982e-04  -1.5175257677177371e-04  1.1117578435411338e-04  1.6167722851022343e-04  -2.0807694468122618e-03  -2.8090768256958863e-04  1.6973446368526312e-04  1.2283560507997442e-04  1.4625148023741144e-04  1.2900311386383474e-04  1.8324814992473916e-03  4.2394705999238805e-04  2.6884041622509186e-05  4.0437211675978626e-04  8.6949286321900954e-04  2.1110297680809991e-04  -5.3652589833460141e-04  -7.1334195504396366e-04  2.1189149422397917e-04  3.9920608031583188e-04  -1.8966364357352607e-03  0.0000000000000000e+00  8.2612334809498437e-04  8.6365274864666771e-05  2.6236031174863564e-04  2.2040644028707804e-04  1.8541007746881706e-04  -2.3112489049180801e-04  -4.3948363919937649e-04  5.0683249293986214e-05  6.6184141152903549e-05  4.5689402997238047e-05  -4.2058044177235752e-05  0.0000000000000000e+00  2.7840851641818844e-04  3.5878708989865981e-04  2.8317615599373887e-04  3.0427021030650478e-04  3.4024592048995702e-04  6.1523914946505438e-06  9.4001653175922466e-04  -2.7225772520168828e-04  3.2219451730887763e-04  8.2109048067852315e-04  0.0000000000000000e+00  7.4665892396050615e-05  7.3019790771396850e-05  -3.4506180109190318e-04  -2.7903099096198993e-05  -4.5315463309662657e-05  2.7151671824994705e-03  3.7194969853425789e-04  -1.8390748989653798e-03  9.7308964820502813e-05  2.4036117519369240e-04  5.7186890650558369e-05  2.5684561659759548e-04  1.4353811116078530e-04  7.9568365099977765e-05  5.1468039462201738e-05  5.7421260788493737e-05  -1.1945858384869334e-05  8.6932493235013014e-05  1.1940134988823866e-03  1.5212807707435902e-05  5.4320370040630741e-05  -2.3981871918007128e-05  -1.0286020512671851e-03  5.7745126253789137e-04  -4.3356860885515845e-03  0.0000000000000000e+00  -8.1054889302728549e-04  0.0000000000000000e+00  0.0000000000000000e+00  0.0000000000000000e+00  0.0000000000000000e+00  -3.6604735876450643e-04  0.0000000000000000e+00  0.0000000000000000e+00  0.0000000000000000e+00  0.0000000000000000e+00  0.0000000000000000e+00  0.0000000000000000e+00  0.0000000000000000e+00  6.7984604483682578e-04  0.0000000000000000e+00  -2.0574527809578943e-03  -9.7115400842117815e-04  -1.1724272591269887e-03  0.0000000000000000e+00  0.0000000000000000e+00  0.0000000000000000e+00  1.3880046831042866e-05  0.0000000000000000e+00  0.0000000000000000e+00  1.0907531095229906e-03  0.0000000000000000e+00  -1.0362837804186380e-04  0.0000000000000000e+00  -5.8896162268403144e-04  0.0000000000000000e+00  0.0000000000000000e+00  -1.9999066177963360e-04  0.0000000000000000e+00  0.0000000000000000e+00  0.0000000000000000e+00  1.0108959790428348e-04  0.0000000000000000e+00  0.0000000000000000e+00  -2.6018906833790144e-04  0.0000000000000000e+00  -6.5147070849702518e-04  -8.0479681292573452e-04  -6.4505981219325278e-04  0.0000000000000000e+00  -2.0066368663996777e-03  -1.2460054530507764e-04  0.0000000000000000e+00  5.7532117276101432e-04  0.0000000000000000e+00  0.0000000000000000e+00  1.3549017346142057e-05  0.0000000000000000e+00  -2.9921457270521161e-04  -4.4834252716449306e-04  -1.4660142683051700e-03  0.0000000000000000e+00  -7.9207628749837955e-04  -1.9170111222286399e-03  -6.6648690370642793e-04  0.0000000000000000e+00  0.0000000000000000e+00  0.0000000000000000e+00  0.0000000000000000e+00  0.0000000000000000e+00  0.0000000000000000e+00  1.1052643505353132e-04  -8.4517532631846182e-04  -2.7072711275500394e-03  0.0000000000000000e+00  -4.7887696677924820e-05  0.0000000000000000e+00  0.0000000000000000e+00  0.0000000000000000e+00  0.0000000000000000e+00  0.0000000000000000e+00  -5.5593730594536003e-04  -6.7198495111801110e-04  1.4412159581325388e-03  1.0061792399762360e-03  1.2944866781097100e-03  0.0000000000000000e+00  0.0000000000000000e+00  0.0000000000000000e+00  -2.1455065781982841e-03  0.0000000000000000e+00  8.0412277435301974e-04  1.8710256850785919e-05  4.3938818484382853e-04  0.0000000000000000e+00  8.5679552672916835e-04  0.0000000000000000e+00  0.0000000000000000e+00  0.0000000000000000e+00  0.0000000000000000e+00  0.0000000000000000e+00  0.0000000000000000e+00  0.0000000000000000e+00  0.0000000000000000e+00  0.0000000000000000e+00  0.0000000000000000e+00  -2.4543545102496604e-03  1.6509232991024142e-04  0.0000000000000000e+00  0.0000000000000000e+00  0.0000000000000000e+00  0.0000000000000000e+00  2.3835818873436371e-04  -5.4260286805795570e-04  0.0000000000000000e+00  0.0000000000000000e+00  0.0000000000000000e+00  0.0000000000000000e+00  0.0000000000000000e+00  0.0000000000000000e+00  0.0000000000000000e+00  0.0000000000000000e+00  0.0000000000000000e+00  -4.8478724818929169e-04  5.8417594973910966e-04  0.0000000000000000e+00  -4.9061820358551266e-04  5.5346135573843196e-05  4.8117337425402956e-04  0.0000000000000000e+00  0.0000000000000000e+00  8.3639252187412674e-04  1.1045212966593175e-04  -5.1119283258829962e-05  4.9300126738262374e-05  7.0658002360354777e-04  1.1922109777924355e-04  1.1824773960495001e-04  1.3889884752294115e-03  2.5605895476646871e-05  -7.6527531686686656e-04  1.1850848193986511e-05  1.3168663741134346e-04  3.1873365641987470e-04  3.2488661208311860e-04  1.4832947347853776e-04  -3.4681459583179859e-04  4.4877789856196212e-04  -8.6537151970512765e-04  1.4935996404275320e-05  -2.0912576096846834e-03  5.4486120297852768e-05  9.8484987264824635e-05  6.6964297517123708e-06  2.5516781811387308e-04  -1.4217808331754817e-04  8.1090796439571957e-04  3.7177102810755758e-04  7.7034170205246986e-05  -5.3494561446018139e-06  5.2520917033848894e-05  1.2655760573391646e-05  6.8850117125606136e-05  2.3495665536182085e-05  3.5001678406881885e-05  -1.5888482356463544e-04  -7.4444451268881442e-05  9.4577179191718077e-05  3.8754086506450377e-04  8.8833429733244508e-05  5.6255223582648851e-05  1.5712574092138789e-05  2.1676516781554833e-06  1.8786366109319942e-04  1.0090465259204083e-03  5.8096845741142721e-05  1.8366415809750787e-04  4.9822519013286077e-04  5.2811777560751564e-04  1.1583265159353969e-04  -4.4184968288947425e-05  3.6928141358745411e-05  2.0759858518723190e-04  3.4748204872155417e-04  7.8389698461234987e-05  2.1913225953046421e-04  2.4164324554647355e-04  -2.1683910632393794e-04  3.7964210087160130e-04  1.3656289923435171e-04  1.1428899111592856e-04  2.9644458301572937e-04  2.6169991312175860e-04  1.7516867261628704e-04  2.5151553423387133e-06  7.7602271870201407e-05  4.0917012300464983e-05  -4.2940590213196310e-04  -1.6721033057013083e-03  1.6485827677272893e-04  1.9280405107128810e-04  2.1240355444384064e-04  1.5842110086712420e-04  -7.5036206686262706e-04  2.4280724116304036e-05  -7.6233602745662924e-05  4.3019976314046165e-05  1.8991112249750971e-04  -2.2447624598187962e-04  -1.8232181948783815e-04  1.7430832689949049e-04  5.1330413120556835e-04  7.0551168150808524e-04  1.9898515546754787e-04  -2.1400750949076400e-04  -2.1800015783948726e-04  1.5696722765884082e-05  -2.3831324709655408e-04  0.0000000000000000e+00  -2.8339940701144613e-04  -2.3564619932546729e-04  2.7530843043299127e-04  2.8026644476759265e-04  7.1930508185183927e-05  4.3034434375801775e-04  8.1239012265767069e-05  5.5793032176307755e-04  1.5717373236239350e-04  5.0697842667982524e-05  1.0233969630737971e-04  1.4339893559421667e-04  2.3606055726208182e-04  1.1057540164169155e-04  1.2382181024788949e-04  9.4151610339807083e-05  -3.7993950131023765e-05  3.6047850177238514e-05  1.6415316689262507e-04  6.3932248650330054e-04  3.1831554930376686e-04  7.0684646957852839e-05  5.8626352238115395e-05  9.8683981886364591e-05  2.0387842678012738e-04  2.4421429970380277e-04  2.5397979260835193e-04  1.2404370915932510e-05  3.6881995087354190e-04  2.8588260304522394e-04  3.6062256294446638e-05  5.6839109445494621e-05  1.3649913166478627e-04  1.4981845629824010e-04  1.7636319371331166e-04  1.8274619462089686e-04  1.7026469948188568e-04  1.4875993536451947e-04  -8.8954619349207316e-06  -4.6422755547340832e-04  1.8832641544035898e-05  1.8656869077996838e-04  3.3236553097789397e-04  -1.2724991336791319e-04  2.2035827856524225e-04  1.2305241168545760e-04  2.6010897020800562e-04  6.5523431476618326e-05  1.8364154739475185e-04  -2.7521380033640388e-04  1.2841264829348994e-04  -2.0601558603997779e-04  -2.1086603508360690e-04  -2.9853782554493149e-04  -1.9099728886409974e-05  2.0658282254872460e-04  2.1018177869362581e-04  1.0368111407096934e-04  1.2048832457865280e-04  9.8343664530332973e-05  -4.6821996423716242e-04  -9.8616976499684694e-05  5.8384419213909987e-05  4.5625692814321501e-05  4.0288648890513673e-05  -5.9101844334193934e-04  3.4860058858410084e-05  1.1548148600800751e-04  6.2641239818084357e-04  1.1878371951393484e-03  3.6642064124386424e-03  1.3018809744951899e-04  7.6271573519334782e-05  2.0190677015359453e-04  3.2959279974867063e-04  3.3946008764033664e-04  1.2367795897922886e-04  -7.4522726645794780e-05  3.9091019299208489e-04  1.2520870975710516e-04  3.0321806764954239e-04  4.3574873552166919e-04  1.4091712320858239e-04  -4.9263116055411308e-04  5.2554227804383832e-04  9.3937335582913229e-05  2.7734527642932975e-04  -5.9757835915542505e-05  1.3297755106198375e-04  3.9855790985419135e-04  2.2531905466537999e-05  -7.2827539058433431e-04  1.0518428547169700e-04  4.8269869645997551e-04  8.1139446792256262e-06  7.5405867810782775e-04  8.5868816535801347e-05  -6.0339354706308681e-04  -5.9820452693753909e-06  1.5767467847611647e-03  2.7947482886109677e-04  2.4065332467819854e-04  1.7084644466848758e-04  1.6646875553488773e-05  5.9564106081267233e-04  1.7364109502009353e-04  1.0392614222065849e-03  4.2060525946147162e-05  1.6519164264860051e-04  2.3908536321242752e-04  2.9076399064633637e-04  1.4758230323422557e-04  1.8202821338394911e-04  1.6526525893675157e-04  1.4960964186025040e-04  1.4535075494007601e-04  3.8970086509656671e-05  -4.5422663262990892e-04  -1.1037221547147224e-04  -1.0791313698801481e-03  -5.2546564609171897e-05  -6.3931271447764611e-05  3.5617637987919829e-04  -2.0068912982552264e-04  -2.1811692625823724e-04  2.7216911727182761e-04  1.2917449292020942e-04  1.2377381525933154e-05  3.0734846160415441e-04  2.3590443737800108e-04  2.4703146424165872e-04  -2.0770953281732838e-04  -2.3084958452699629e-04  2.6190828319159603e-04  2.4895772998106437e-04  1.0803907913278308e-04  2.3377583856355093e-04  2.3917820483990799e-04  -3.8645365265499871e-04  -2.2782413565937897e-04  5.0890071403939946e-05  4.4956015261520248e-04  2.4799767694342370e-04  -4.9993425489296508e-04  4.5762590832889632e-05  -3.7555543672957911e-04  6.4070360959093253e-03  3.0306142303184196e-04  -5.1527360452689188e-04  3.8410536346348871e-05  2.6747361023856682e-04  1.9501066022461572e-04  -5.1334474546691996e-04  1.1531224449550245e-04  3.7500525772126965e-04  2.4041876554200181e-04  2.3577987328150162e-04  -8.0375517733750272e-04  2.8778218701551689e-05  -1.4814320017388805e-03  1.7407151822546214e-04  1.3809994629822184e-04  -5.6059935809250035e-03  9.7107170260929626e-04  5.1068530110280813e-05  1.0730542623265768e-03  8.9286511889706305e-04  1.7514553070569256e-04  7.9565772927667482e-04  -3.5624734648034622e-04  9.0809850333348416e-05  -5.1556286686644257e-04  2.4363214470642355e-04  5.5809859743235507e-05  -3.5877336012424824e-04  -9.3567054582004714e-04  3.1879291002733572e-05  -9.8961126906970633e-06  -3.9364232705877143e-04  -8.5278653888869543e-05  2.0029911795074897e-04  2.3079496053651053e-04  -2.2806946612488840e-04  2.7755622398345059e-04  1.5024819392153491e-04  3.2020241726918080e-04  -6.8302400069667586e-04  -1.9380843821844565e-04  1.3423223520175114e-04  -5.2378686476272545e-04  5.5932925328123432e-04  4.6751161026534568e-04  3.0790115534383996e-05  1.5405145257846213e-05  1.6542519998461084e-05  -9.0312563326459575e-05  -1.9040559709799615e-04  1.6832669786741249e-03  -1.3924671836934552e-04  -1.1916472470301241e-03  -5.8337657795285679e-03  1.6743544111262095e-03  4.6349606910833368e-04  5.9328326699665298e-05  </DataArray> 
</PointData> 
</Piece>
</UnstructuredGrid>
</VTKFile>