<?xml version="1.0"?>
<VTKFile type="UnstructuredGrid"  version="0.1"  >
<UnstructuredGrid>
<Piece  NumberOfPoints="4288" NumberOfCells="8106">
<Points>
<DataArray  type="Float64"  NumberOfComponents="3"  format="ascii">0 3 0  0 0 0  8 0 0  8 3 0  4.563876722045426 1.895105651629515 0  4.632975022607931 1.8 0  4.563876722045426 1.704894348370484 0  4.532975022607931 1.714934919164796 0  4.532975022607931 1.7 0  2.532975022607931 1.7 0  2.532975022607931 1.9 0  4.532975022607931 1.9 0  4.532975022607931 1.885065080835204 0  3.467024977392069 1.3 0  5.467024977392069 1.3 0  5.467024977392069 1.1 0  3.467024977392069 1.1 0  3.467024977392068 1.114934919164796 0  3.386123277954574 1.141221474770753 0  3.386123277954574 1.258778525229248 0  3.467024977392068 1.285065080835204 0  4 0 0  4 3 0  4.467024977392069 1.3 0  3.532975022607931 1.7 0  2 0 0  6 0 0  6 3 0  2 3 0  4.467024977392069 1.1 0  3.532975022607931 1.9 0  0 1.5 0  8 1.5 0  1.250695804065251 1.8 0  6.749304195934749 1.2 0  1 0 0  7 3 0  3 3 0  3 0 0  5 0 0  5 3 0  1 3 0  7 0 0  1.5 0.8478201616974087 0  6.167735443099523 2.013864712388187 0  7.103859485079052 2.068077038772413 0  0 0.75 0  2.5 0.7767903976811744 0  0 2.25 0  8 0.75 0  0.7287345542538168 1.125 0  5.374633328899158 2.091520826579535 0  8 2.25 0  6.5 0.5217302425461132 0  1.5 2.478269757453887 0  1.868679495278677 1.453076474880596 0  0.7306008876138028 2.317532149848263 0  7.428622055954439 1.125 0  6.610094803095119 2.484797593676872 0  6.116136754865872 1.047774543872548 0  7.5 0 0  7.5 3 0  0.5 0 0  4.967024977392069 1.1 0  4.967024977392069 1.3 0  5.5 0 0  3.5 0 0  3.5 3 0  2.123827113467777 2.380877792034546 0  3.032975022607931 1.9 0  3.032975022607931 1.7 0  4.032975022607931 1.9 0  4.032975022607931 1.7 0  3.967024977392069 1.3 0  3.967024977392069 1.1 0  4.5 3 0  4.5 0 0  5.750076281757273 0.5580255345284426 0  3.153206000041858 0.5840955782255941 0  7.107290642610896 0.6032744867597779 0  4.282975022607931 2.442999927641831 0  4.217024977392069 0.5570000723581692 0  2.71695150474529 2.471031411221054 0  0.574839174205066 1.721508384267217 0  0.75 0.5349232085256816 0  4.87107894253739 2.398561499045469 0  5.5 3 0  5.811118443348769 2.460539410308429 0  5.169291696929878 0.5555691578105406 0  3.702308056408595 2.455570396978039 0  2.847359940519262 1.191707009418467 0  3.686203812556755 0.6132774041356205 0  7.479659568655713 1.670032449051769 0  1.745338873420374 2.003141344279537 0  7.492223237937811 2.453148825291874 0  1.982136495068535 0.5608120475368858 0  1.5 0 0  6.337396071230697 1.520380148981461 0  5.739882099095715 1.733002424672127 0  2.5 3 0  6.5 3 0  1.5 3 0  6.5 0 0  2.5 0 0  0.5 3 0  3.210941718087591 2.546912897541322 0  1.232205804731972 0.4344041667833929 0  1.392288282504938 1.328345490802361 0  4.693324341913039 0.6667599757123128 0  6.797389920600492 1.68680535512961 0  2.091248732205111 1.028031947650022 0  5.316393537531438 2.562447344949142 0  7.585160346017333 0.4848931026551115 0  0 0.375 0  0 2.625 0  5.084620694555023 1.740155060293471 0  7.052565920091419 2.508186935116248 0  2.75 0.3777144866537795 0  0.9432311608322466 1.498444972299805 0  7.116236736299997 1.40953267495524 0  2.118523352979352 1.797959491600437 0  6.694195997673452 2.083560866896783 0  1.062325148135951 0.841600501408899 0  0.4255257369534457 0.8186512454385557 0  0.3860855435239745 1.354704936485417 0  2.269382605369792 1.392104575302998 0  6.205979060758549 2.625083584167004 0  0.351090246911448 2.4375 0  2.350869632458264 0.4055242320908496 0  1.078373787019095 2.574656956052434 0  1.105512469198477 2.174198993746967 0  7.629176985106261 2.059292684359337 0  5.861520612492027 1.353879861799409 0  0 1.875 0  0.3917347715646026 0.37647969541947 0  1.609564819417645 0.4834073609494186 0  6.117672045326445 0.3876815715019883 0  0.353373351011888 2.045256655430189 0  0 1.125 0  8 1.125 0  8 2.625 0  8 0.375 0  8 1.875 0  4.75 0.2889203082562588 0  5.741623035024419 2.100087986598482 0  2.387135172415776 2.644734943006672 0  6.483480951267243 0.9127538555568576 0  6.833413871918014 0.3408047769761103 0  1.75 2.739134878726944 0  3.282975022607931 2.179160529445433 0  0.6314802503983801 2.664233113057261 0  7.25 0.2667161251838475 0  1.741451315846301 1.115659975429134 0  1.565859820383744 1.637532881974572 0  4.75 2.739051972680299 0  0.8152805330266734 1.977037561158117 0  6.840511483748335 0.8489728701810487 0  5.025072891790286 2.084674195800716 0  3.75 0.2590011679978406 0  7.71431102797722 1.3125 0  7.650338447022541 0.8400266085835402 0  2.868188156636944 0.8214103159334876 0  3.431430760999297 0.3845170651744394 0  1.080940188347383 1.18419447564652 0  6.489620279144372 1.818554008174966 0  7.25 3 0  1.42375112472246 2.082406671737474 0  6.047274018188934 0.7175661064689052 0  5.781237627423563 0.9453308445013848 0  7.122800775021695 1.739044541445228 0  2.501638133089317 1.128278710148214 0  5.411171715813016 1.637667888629269 0  2.782975022607931 1.9 0  2.782975022607931 1.7 0  2.949163319222841 2.226579931007833 0  7.161432627903687 0.9297453401216735 0  5.25 0 0  5.375 0.3018058061249168 0  3.782975022607931 1.9 0  3.782975022607931 1.7 0  3.907975022607931 2.20179106806984 0  6.406606605167714 2.232713089191633 0  6.818885144261547 2.731926392728133 0  6.035863411808386 1.618891052320786 0  2.266878071579984 2.088092944963317 0  1.811913556733889 2.429573774744217 0  2.061913556733888 2.690438896017273 0  7.75 0 0  7.683556570674256 2.723908760899008 0  0.2942429304866538 2.753509426017795 0  6.384359538554325 1.210297122840306 0  4.25 0 0  4.25 3 0  4.428815774753933 0.3142165018474288 0  3.996944841878177 2.648067360885324 0  5.602520633068283 2.69968121835858 0  1.75 0 0  5.217024977392069 1.1 0  5.217024977392069 1.3 0  5.458863315269962 0.750837147820586 0  0.2745908455060022 1.644046219655888 0  6.102600528829927 2.324746043587417 0  5.683527569819138 0.2528010296169339 0  3.75 3 0  3.176329265367544 0.9016791882441677 0  1.875 0.2767089104105517 0  1.806513895850771 0.8142563256074116 0  3.142085238469306 0.2748720524689079 0  4.563605028181039 2.243152830446969 0  4.282975022607931 1.9 0  4.282975022607931 1.7 0  2.651993039902327 2.176807177418822 0  2.75 3 0  2.935476541510639 2.694312961324245 0  1.25 3 0  7.299190177630704 2.694717400713227 0  4.375 2.727924023611151 0  4.125 0.2720759763888487 0  3.971534019586519 0.7730253704968881 0  3.717024977392069 1.1 0  3.717024977392069 1.3 0  4.412760962391427 0.7959328195928161 0  2.657975022607931 1.425942107633776 0  5.049334557674352 2.702505603521959 0  7.386083340941956 0.7049778194776357 0  0.7660799431375371 0.8309242870153104 0  0.9534705573603818 0.3041353529942974 0  3.41279859888658 0.7248282464939311 0  3.491138544669372 2.6869038457388 0  3.25 3 0  3.576352799039915 2.190369648134543 0  5.04355199818071 0.2903065980818133 0  4.973715930949436 0.7926973755189911 0  1.333229684273769 2.719119594812029 0  0.6596765587815515 1.445884705788612 0  5.886583062599967 2.736913835483154 0  5.55281473346859 2.323415528211341 0  4.834495627415989 1.57119419864104 0  0.6611677632465087 0.2515183666206987 0  2.416300623061642 2.352321555964898 0  3.282975022607931 1.7 0  3.282975022607931 1.9 0  3.096378957005259 1.388809228328158 0  1.841354712218341 1.735810180831983 0  2.242865502636007 0.6644918424067031 0  5.145928965895909 2.338685081525963 0  7.7301160865307 1.79717588249778 0  3.941390188174537 0.488701590435963 0  6.840466805112918 2.323652324461052 0  7.454140812305076 1.397516224525884 0  7.342267314089578 1.916739930822167 0  7.383140121803592 2.194478653048151 0  7.780488304626203 2.4375 0  6.37679887865228 0.2608651212730566 0  0.25 0 0  4.19253459508545 2.171499963820915 0  6.136468571193504 1.33135084933289 0  0.1951619387248964 0.5625 0  5.25 3 0  4.217024977392069 1.1 0  4.217024977392069 1.3 0  0.2892761698710081 1.078104425808109 0  1.326862375875345 1.061345330770626 0  2.25 3 0  2.142725776561975 0.2310627891443069 0  1.991562862611753 2.134916294453697 0  2.648396133790011 2.740831245002934 0  4.568710109630115 2.524213935439076 0  6.466546604892152 2.723486855314182 0  6.619864434509862 1.458563404761462 0  1.632936322458919 2.23910268340517 0  4.90917828195771 0.5164352284347461 0  4.717024977392069 1.1 0  4.717024977392069 1.3 0  7.750365700489088 0.2705895330072752 0  5.629198238342117 1.500278151291441 0  5.520556478972148 1.874871408313796 0  5.960236138819852 1.863642397221749 0  3.440995951280692 2.417167607346196 0  1.25 0 0  1.44588569666534 0.2663852423697354 0  6.756108080101413 0.5960181242117173 0  3.747198207762166 2.708596041382934 0  3.25 0 0  5.75 0 0  0.75 0 0  0.25 3 0  6.75 3 0  3.75 0 0  7.25 0 0  2.25 0 0  1.75 3 0  6.75 0 0  4.75 0 0  6.25 3 0  2.75 0 0  0.75 3 0  4.75 3 0  7.75 3 0  6.25 0 0  5.75 3 0  6.866707871743181 1.420454812232306 0  4.761840977320674 2.069283882666102 0  0.8828020514758241 2.758512978450122 0  1.316558131951836 2.308328423904755 0  6.247013941538921 1.754465987965863 0  0.9829551645734189 1.765465040779048 0  3.139322465400268 1.145731389973185 0  6.312579198831436 0.7096732635253874 0  7.016513281508105 1.158116350809796 0  1.00584854268432 0.5554008657328979 0  1.400082567527071 0.6191015086314361 0  1.628264780439839 1.399186533439609 0  1.329883322448843 1.566691839337324 0  7.499461747048964 0.2500193133535456 0  7.783221836563799 0.6320904896464891 0  6.93117535581354 1.893074754774062 0  3.62794075175347 0.861304003249684 0  5.218312925439535 0.7952167240110297 0  7.695190575841375 1.555719148296607 0  4.461421477328316 0.5564288953863473 0  7.062834240819199 2.762329309280918 0  2.326931146129484 0.9533449693571457 0  1.955389662535821 1.227686108037492 0  2.704233501771592 0.9979224103194795 0  7.6632902462625 1.078840561664855 0  6.61992948739451 0.2161653921135233 0  5.382205835319931 2.792130024638477 0  2.704912558996012 0.6273134435884113 0  5.698502475371638 1.17375154713176 0  2.988223586724826 2.46178967638505 0  1.543305873658527 1.875462550084615 0  0.5980078620214131 2.103779754226857 0  0.8244720111426652 2.531889197485098 0  2.043721144179182 0.7948238234893419 0  4.869679597529463 1.852201270653734 0  5.199504082266706 1.534721472894461 0  7.306801934692062 0.4893369894050479 0  5.508344640764431 0.5092487359141805 0  1.158954035212633 1.405679523971904 0  5.282633444761035 1.872087137989951 0  7.262031682703028 2.397886636225817 0  4.040858563436831 2.407306028196658 0  0.9564733468166829 2.346350723347839 0  3.27473245179108 2.769640887131333 0  5.885570600210102 0.3686163089674659 0  3.308327806581271 1.473259266659864 0  2.974740130917548 0.4357021026062414 0  2.625 0.1888572433268897 0  2.875 0.1888572433268898 0  8 0.9375 0  0 0.1875 0  0 1.3125 0  7.290408409740609 1.550301245446923 0  0.5116080938785511 0.5896958537287728 0  4.400718431952748 2.090035439399675 0  7.059585474139047 2.285961036095959 0  2.284052812650512 1.170874856706259 0  0.5164386285795824 1.031895078928986 0  4.187903693434333 0.8662200961085508 0  2.907975022607931 1.512477185227743 0  6.298924112176002 2.425130549916831 0  4.157975022607931 1.515172628549989 0  3.592024977392069 1.484827371450011 0  3.842024977392069 1.484827371450011 0  4.377710262528884 1.501247059239736 0  0.9083592935027722 0.998401834510849 0  1.281125738798815 0.8473024137932433 0  0.1996600712892062 0.8655415918361062 0  5.910512767057364 1.121348864141232 0  1.117966336086374 2.801844392514195 0  0.196224301238859 0.2812499999999999 0  1.234088968173374 0.2169147764914321 0  5.9704244880178 2.134788819615342 0  4.766002509230094 0.8800523666554586 0  4.163283796434827 2.795407537819275 0  2.089354045011969 1.556151841602464 0  2.313391570848744 1.621207842966254 0  4.630296406603236 1.498606332115167 0  2.375 0.1842148577413505 0  0.7719539691307808 1.63131223909448 0  0.8306231545795999 1.314800953349085 0  1.662011707342393 0.2063357737478952 0  6.00276071771422 2.556701182659361 0  6.089801405644296 2.805296236990797 0  2.318421808586998 1.878740912162734 0  1.094641737083128 1.954717396159812 0  1.944742473152855 1.923851702308334 0  3.375 0.1760816573067994 0  7.027632582492041 0.2246230896322306 0  2.968788922449947 1.012802957658789 0  7.280664732134489 1.276307823034587 0  6.485575481505465 2.033142406181775 0  7.374740653307765 0.9182917698222491 0  8 2.8125 0  1.538423698126136 1.055933356756127 0  6.642964692687219 0.7743294891669571 0  2.499778640401781 0.5612948527203668 0  1.543654323807431 2.686659919125378 0  7.581124518507684 2.263322837996773 0  7.788905910372822 2.204585132007234 0  0.5169863562825072 2.302038983067733 0  3.826931916319002 0.9230097522249857 0  7.822610999912008 1.983288764632129 0  0.2014575901502227 1.449712758072868 0  0.4762259119898999 1.540286696397265 0  0.5540189689860022 1.234794021559714 0  1.280257793365875 2.515535521813267 0  6.694517569532698 1.871846664647752 0  6.899817599001156 2.096716616291799 0  6.639446960031139 2.281517574631446 0  6.125 0.1737581944893375 0  0.2237911003905659 1.862361527193209 0  0 2.0625 0  6.811024470832214 2.526803426687931 0  6.998550282833468 1.576698359776715 0  0.2305948988369232 2.240670324101307 0  0 2.4375 0  3.132284352710399 2.317017968859931 0  5.348069030192829 2.296334246249324 0  7.541800084784253 1.87515070846074 0  6.292258529968168 0.5019875311263097 0  0.375 0.1678603324166415 0  8 1.6875 0  1.176260020893416 0.6704452378726213 0  1.125612253097286 1.612309559965491 0  2.957119905841644 0.6384061209677979 0  2.14714038400609 0.4371911799688345 0  5.841880858766034 1.556653265157445 0  0.1978711757498948 2.573055115800098 0  2.457963518531093 1.474658165410447 0  6.640291479694733 2.828921620735005 0  0.8642012955546079 2.16998099886202 0  2.453843128455611 2.156727196858085 0  4.598318002035195 0.4146995867469288 0  5.367116384928678 0.9276585424682365 0  2.544826605072872 0.3691710937142389 0  5.867481471131498 0.1660307761629764 0  0.513355804792595 1.917072554277342 0  5.092024977392069 0.9489974928788537 0  6.275556150794771 0.914281056407354 0  6.564002169112146 1.104860040885717 0  5.673752548845147 0.7590725238602998 0  5.581650478602999 0.9363650077937707 0  7.108600128640465 0.4052943519185277 0  3.875 2.853082700723674 0  6.28695786436757 2.804842612750563 0  7.485163985339742 2.791072901717765 0  1.637878429727428 0.6905975171326935 0  5.988929367257719 0.5326614317368877 0  3.570290629451963 0.1823086185832397 0  0 2.8125 0  6.507518041272124 1.62147300746982 0  3.607092571630553 2.840295516373873 0  4.625 0.1444601541281294 0  4.897370069893512 0.1638167632468548 0  0.189538252859453 1.250715155952935 0  2.375 2.84415083759263 0  1.807865660668201 0.4642779351811288 0  0.6120886671611294 2.471169515040196 0  5.62156960425288 2.505748789284005 0  6.652624009797149 0.4053151490761881 0  6.933542408852881 0.5104492541476565 0  3.375668609034995 0.9216996702369816 0  6.685950324672993 0.9592958002555365 0  6.861443125450787 1.041728530187446 0  6.332424140154127 1.922383473558722 0  5.038172136429721 2.504808802246433 0  5.857803437547692 0.7139330705359316 0  3.936357384176728 0.2983100607622944 0  4.563112521312005 2.712846684047817 0  8 0.1875 0  0 0.5625 0  8 2.4375 0  0 1.6875 0  8 1.3125 0  8 0.5625 0  0 0.9375 0  8 2.0625 0  3.157975022607931 2.039580264722717 0  3.434309927023591 2.063164279687131 0  1.826609953638656 2.236440193550819 0  2.561075935414885 2.575033651423125 0  2.281776950358696 2.486565282206416 0  4.183007448699898 2.605576766261883 0  4.377158250429312 2.278297053013204 0  1.671141666335288 2.551185896552079 0  4.886452037112408 2.612538800727711 0  4.56866557120104 0.9249855726019383 0  2.682382403233618 0.8132245085077008 0  0.5995879343980399 0.4264448391297181 0  5.832976730615738 2.269400004598445 0  5.780079658997246 1.916358693403754 0  5.559005195112806 2.058235971092514 0  5.018538986478898 1.568361018538839 0  7.195792023686652 1.111715936106755 0  2.819817156212963 2.08682645016996 0  0.875 0.1365032714808589 0  1.13600191173354 2.397190840049337 0  0.8673734526721643 0.6769843229273761 0  7.841333290563296 1.03125 0  4.342024977392069 0.9657253840316673 0  7.307241553149949 1.735623109674832 0  7.837717355814689 0.84375 0  7.82357689722967 0.4461791004934343 0  0.3882527241370403 1.785562124411999 0  7.02742848906507 0.7842437257208478 0  2.125 2.86402849818679 0  2.118579845776267 1.980926640191493 0  4.292037797400893 0.1840658400045966 0  4.875 2.869525986340149 0  1.875 2.869567439363472 0  1.625 2.869567439363472 0  1.984860921092884 2.514055995100483 0  7.569966803827255 0.671229455222924 0  1.663570461252718 0.9252239958826752 0  1.785557272247798 1.291724072571299 0  1.911283706134325 1.051622010895327 0  0.625 2.855321653518185 0  0.4649324934874882 2.583455749230354 0  3.761549283210509 0.4439630594953316 0  5.19624515383242 2.819835168356247 0  3.085027188520188 2.822399504869338 0  6.590129579079601 1.281996594408698 0  2.809684294575833 2.827100879968339 0  6.875 0.1293883850704951 0  3.150235681462651 1.561836871694525 0  3.657975022607931 2.029751371092083 0  5.125 0.1296675624798811 0  5.342024977392069 1.427345348186273 0  1.435595433223829 0.4443810574262659 0  1.599475689201473 1.223337793582858 0  2.082216126226831 1.367511555157415 0  1.421211003980721 1.743855066348822 0  1.720551350628128 1.550692190639948 0  7.63514982439407 0.1354502331003947 0  0.1757060714251067 2.033782496035893 0  7.375 0 0  1.274234683382541 1.979802082947393 0  3.881738055949808 2.502668697995506 0  3.874640386619187 0.1295005839989203 0  2.672453449632615 1.171142521722623 0  2.50268520992704 0.9525258566376704 0  2.42053676959748 1.291026659970012 0  0.735208731332147 1.81149470085064 0  0.5983905189267278 0.7529844628854123 0  5.963964320514661 0.9466101664646848 0  1.805180867858815 0.6392593711311977 0  5.036049126360408 1.909165578457657 0  5.200885981246522 2.035363426999799 0  4.88562245093848 2.210978010102001 0  5.348372671784982 0.6023453208270547 0  4.57560237336428 2.069138500404482 0  6.457964585444617 1.395041095873062 0  0.451266888778611 2.831557026565183 0  6.625878223838926 2.656799491633125 0  4.686693885228016 2.381494009523976 0  0.285731883768739 0.7127098239869089 0  1.168105493333433 0.9833605067216641 0  1.237956719590925 1.253370385981339 0  1.001202804374081 1.336550695793596 0  4.636423998240327 2.869525986340149 0  3.093068622264948 0.7481077887901002 0  3.250343284078922 0.4257904474452989 0  3.504677794973211 0.5591930166927688 0  3.603332260488137 0.35378175233913 0  5.250831678060183 1.698264661304373 0  5.568708881948758 1.708843487106849 0  6.371671511929436 2.580524591180118 0  1.476093938340816 1.477630635187402 0  2.232815807678285 2.726587429201234 0  7.550259495758587 1.251062635896463 0  7.85715551398861 1.21875 0  7.83229062274573 1.444136001166062 0  3.323551267420251 0.5796661161761274 0  3.767421114015846 0.7632123617859307 0  7.455120402715317 2.621409517318348 0  7.625 3 0  2.991069170915386 2.063289965503917 0  2.849100147260265 2.364045147939946 0  6.477278616226603 0.7445222305977994 0  7.210915853929477 2.203271120828566 0  5.433046542403727 2.441390854963815 0  5.625 3 0  5.730822184800354 2.823046581358144 0  0.1693814484307989 2.40244702160767 0  5.692427486933939 1.343080254514734 0  2.120734648468048 1.205143243756185 0  7.831306800836585 1.659284883605971 0  3.742925435714543 2.173969396508939 0  5.210049628677966 0.2737574507458151 0  7.855623492527331 2.71875 0  7.64205205484568 2.550254944537728 0  1.582969827080428 2.036383370000192 0  1.270311830711745 2.147995180258499 0  2.835727783085744 0.5257361679701815 0  7.210282586742358 0.7539191691326491 0  1.375 0 0  1.97943610418932 2.299980266623038 0  5.092024977392069 1.3 0  6.890702855351009 0.6916667027387717 0  7.52389962858924 0.9897879757013308 0  4.725516691828576 2.575802822324657 0  7.096545596873712 1.902594561204279 0  1.707855367465321 1.838770285463067 0  1.458666722631793 2.833999480932205 0  6.29757022760537 1.361410819582421 0  4.75791988202931 0.4528203677839086 0  4.029017202784774 0.9373364795277656 0  4.129213386105699 0.7047115604279306 0  5.293550626126348 0.4460388467770038 0  5.514235056534904 0.1826845383796165 0  5.316049836808966 0.1494326543392213 0  4.038817610820128 2.079202612773737 0  3.848771267706832 2.049530249634696 0  3.802127817273864 2.32623836217178 0  5.54551866479578 0.3465840408915645 0  2.930887011689923 1.342035345073028 0  6.147369296990693 0.5843247881935462 0  2.14603825181178 2.210391007885312 0  0.8887704713159474 1.161338114594639 0  1.89700639046378 2.657456751092312 0  3.848597351538742 0.6222760112755688 0  2.176905773694317 0.889128026120459 0  3.277328702580128 2.395795362345849 0  6.500372670640198 2.365195386852544 0  6.227322307000029 2.18861327202265 0  1.483214074526565 2.312411070892412 0  6.927576344784952 2.853711726882684 0  6.954281044703947 2.639436645484766 0  6.961095540383094 1.734084284578413 0  2.593331342681302 2.344041276786947 0  3.375 3 0  3.425963591278439 2.840816172012912 0  4.464407887376967 0.1571082509237144 0  4.338972918186916 0.4496116263190354 0  0.1409034978756282 1.015485662656946 0  5.960843472529767 2.401194401482716 0  4.723156719596456 2.225121604501776 0  3.252001909124009 0.7236716799993796 0  0.6261446481060753 0.9126346261508649 0  7.459193377169813 2.041409603623016 0  6.996907377179244 0.946811474000662 0  3.446847751824087 1.56067516920693 0  1.064230017227868 0.1654534318144494 0  3.260819618642675 1.039322723402337 0  6.141968954659764 2.479155743475193 0  0.3567942080377253 0.5364291733919427 0  3.224326388339872 1.286080905649084 0  4.003879449084362 1.459607786166431 0  5.451305297328473 2.648060431057343 0  5.533421171059742 2.843750811939714 0  5.748049188037868 2.616073974318999 0  5.90156136311008 1.711452157284671 0  5.977476975580081 1.467448705397988 0  6.196732981211434 1.600560672189488 0  7.160076302725142 0.1333580625919237 0  2.022988940598959 0.3367386359873443 0  6.380474892465774 1.043721090915079 0  0.9866400233369365 2.070076634585922 0  7.290258215199344 2.066270574884116 0  7.375 3 0  7.3125 2.853466317753101 0  1.635666291281979 2.397148642428061 0  6.217537011938931 1.183021388358426 0  6.114989836844501 0.884467937017973 0  3.627505531097857 2.599336251130544 0  3.344989000124723 2.629019924539476 0  7.875 0 0  0.1619522787892019 2.856980294947731 0  0.125 0 0  7.875 3 0  6.637791672828978 1.719194103686638 0  2.855569578981878 2.553941984788115 0  3.062672938783285 2.6009226142176 0  5.732185011198727 0.4020592770592267 0  4.493806361104807 2.384997541331364 0  6.515481502549408 0.3316197205154631 0  0.1289529316277295 1.587926142182331 0  3.032544491708983 0.1573362510153098 0  7.153228674469548 2.631398402837591 0  2.414341075873773 2.003992200866396 0  1.44901739959532 1.183374591206998 0  4.287538234624485 0.6988757059614262 0  4.568963811699777 0.7659271515817246 0  6.009937784012346 0.276903931438862 0  5.992224449277918 1.259991366561338 0  5.22148576103455 2.195735268273012 0  0.6641280382658742 1.948012368421626 0  0.8855907019763096 0.4493773931395258 0  1.113703098308581 0.324625245938332 0  0.4230218833693953 1.154127182339502 0  4.829124448668193 0.7395153940859399 0  4.915607845626687 0.9451563319471512 0  5.097031750300042 0.6951878916934948 0  7.444639769903419 0.4030936096552757 0  7.447242670246447 0.5602196889998593 0  6.088452901018229 1.769200960921872 0  1.933514716110754 1.602029725174342 0  2.657975022607931 1.9 0  2.301324536516099 2.242977194803446 0  4.774412179032303 1.721423219878575 0  4.93134500432414 1.700507159960293 0  6.804297026602648 1.977772657340121 0  0.3883310549082826 2.203498287641832 0  2.642676493088806 0.4871993834217152 0  1.993476555370418 0.1636412065820955 0  1.800855336850599 0.1436147950024857 0  4.157975022607931 1.9 0  7.125 3 0  6.896114042037268 1.263305300284597 0  4.924631299356233 1.447262569028978 0  5.199792103948639 2.664754395614299 0  5.024667278837176 2.85125280176098 0  6.336589036690644 2.077888563375865 0  2.564716215269095 2.050342839830248 0  2.74559964849092 1.303110039239821 0  2.584154478764503 1.557807663088707 0  2.756153196087153 1.546697953099383 0  2.339865873689797 0.7929210633828438 0  7.77339760927453 2.848328515098774 0  2.13811658345369 2.552128084009395 0  5.570413632992393 0.6478230032535823 0  4.33127573146161 2.584722924730992 0  4.193448083652908 0.4072917607268351 0  4.125 0 0  4.027550150830955 0.1520950146328296 0  4.29990370990348 2.858174892034976 0  4.4790345677654 2.844879764855353 0  0.7472235739471871 0.3801151125816729 0  7.322166894026196 2.541099872138942 0  0.5338691161981426 0.1556930380634082 0  2.625 3 0  2.532019885234968 2.846265029623429 0  4.730927892752641 1.918600977636036 0  5.625 0 0  7.849645322390569 0.1523197850729539 0  7.50004031538078 0.8080572768169052 0  0.9137192354075088 0.8496733592470128 0  0.7589714968657142 0.9794307154637499 0  5.875 3 0  1.738111418705881 0.3335128247628035 0  5.47650729366822 1.499660030428605 0  2.99182657619508 1.159100748442632 0  4.766228137662605 1.43972605780828 0  3.226226489665859 0.1492862130773866 0  3.561791205949119 0.6991749657411097 0  7.368108138435681 0.1594195438753248 0  4.013646347394975 2.796776133059524 0  3.584489470066688 2.349016355254168 0  3.428606486732315 2.212441192268383 0  4.896463009244905 0.3558902106323419 0  5.139259103830669 0.4073723691309212 0  7.636098381503385 2.401584385883714 0  0.3318742871999157 0.9349727302569945 0  7.147036743330931 1.591775511148107 0  2.430759499478856 2.501334548938297 0  1.406164507320726 2.591458608814615 0  1.191583698675923 2.671971235292526 0  1.26008249609227 2.850216222143268 0  6.38852312777651 1.710019760558481 0  5.682290674992438 2.241402579669997 0  5.487462901770233 2.189227893015481 0  3.031619111070505 0.880779501119926 0  6.566573274078051 2.154813498309101 0  1.033157183266167 0.6986841365022211 0  7.859710001176014 2.566997217508809 0  3.0883879458057 2.175287556483804 0  0.1571493363338043 1.731786723464857 0  6.581145967067345 0.6425605044649378 0  0.1875 0.1338158683237446 0  6.375 0 0  6.274395776645076 0.149391096247404 0  4.996590475141218 2.313936985763626 0  5.902803232900093 2.001565068629119 0  7.130092273488618 1.258551270280394 0  0.3398878472293447 1.491826252707109 0  6.729760325354379 1.351897323408071 0  6.757926439282428 1.534339652396885 0  1.986596367319065 0.9279128973431704 0  6.424194419311505 2.868890969312938 0  7.873592360981542 2.324255264286926 0  1.394569009418478 1.891010028914378 0  6.262918562470013 0.3563189694667501 0  6.482305408743113 0.1511684284276379 0  0.6140745129061947 1.582716703985216 0  0.7984098121535901 1.488587010738745 0  0.5300519304671396 1.378778116643213 0  1.699322728385388 1.6940754289507 0  7.607577763997076 1.426470404151583 0  0.1430840654491276 0.7330262598849424 0  0.6950609829188483 1.265324887549903 0  3.518464402796528 0.961089343218027 0  3.907975022607931 1.7 0  3.717024977392069 1.566212417441 0  5.957493853187723 2.862334270222522 0  4.001511833175845 0.6260873360132865 0  0.127649500485948 2.708406098948545 0  4.237079403184872 2.307474932784581 0  4.26269621819997 2.044058313496136 0  4.054564354341446 2.227130089022758 0  1.918675032728822 0.7258983910299933 0  3.001506475861051 0.2960756575990427 0  5.179315441947628 2.523816683939043 0  1.976058488677985 1.784190982827647 0  4.084585566247155 0.5011466983511422 0  4.942539442034059 0.6543111212689119 0  5.266889620976323 2.41244738523617 0  6.974822516468276 0.3567682101592485 0  7.617052669377603 2.854059148355489 0  1.581228448732007 0.3345439386194141 0  7.269254644955231 0.6255359476774653 0  2.388402639059439 0.6554161209021724 0  0.1428076066987602 0.421675236135667 0  6.92580145249877 2.439728789946685 0  6.759732926852616 2.208235810802325 0  6.730295908829259 2.411394513108648 0  7.875996472922396 1.798154890444065 0  7.673025619594291 1.925684621104244 0  7.59861143236235 1.745967872273189 0  6.405019686521271 0.4183099714888834 0  7.451095676312256 2.318156958107991 0  2.264577159625182 0.5215411121574001 0  2.125428727016915 0.5801419102181375 0  0.950664708722077 1.912103018050425 0  4.915528653974842 1.989725812377468 0  0.7222532369761965 0.6773666721745691 0  1.853958491150318 2.096108099912977 0  2.532975022607931 1.8 0  2.391645725884767 1.74849501276224 0  3.284605917205645 0.2869254078737565 0  2.724076749584269 2.616451695032553 0  2.55967585485272 1.258781746026358 0  2.807105506735041 2.22832514925622 0  0.5238439457909692 0.3014781911781087 0  0.1055223939106998 2.15625 0  2.512768638106815 2.706368683822063 0  5.088917521643538 1.443391015992057 0  1.789173516575781 0.9850003661253619 0  2.251898563094916 1.755635609902695 0  3.29723810692854 2.038534704232875 0  6.774683115320502 2.863455371751523 0  5.231323526046364 0.9609248444903339 0  6.122412596402249 1.475847578812884 0  3.11325671355866 0.4506277097188439 0  1.4375 0.1259926538418706 0  0.875 3 0  0.771869310987543 2.854766961644533 0  2.948059715459406 2.8659794519319 0  7.556829557529439 1.555189754624981 0  0.7993502186136772 0.2521401521232918 0  1.43033171317677 0.9682865957570344 0  1.20275718311579 1.120479620048488 0  3.49712511836306 2.546262226564648 0  0.7406140963052144 2.098642861024919 0  7.256320165993714 1.414343519877987 0  4.762400143748279 0.1370404604188454 0  7.429366721876498 1.797240507346829 0  3.624071990152119 0.4901389895031106 0  1.338312014963182 0.3494615681860608 0  2.235145862229243 0.3321949167946451 0  2.125 0 0  4.566525471858141 0.2751236268704557 0  6.178275173453732 1.875271836278286 0  5.692429638480831 2.382878533716544 0  3.174650574363333 2.677805949040565 0  7.415095216720141 1.259767113490246 0  7.693310503682652 0.3974357194090193 0  7.87578561033521 0.3213536313632571 0  7.74209067103273 0.9393790258370678 0  5.125 3 0  1.120923793177972 1.750959387905826 0  0.9890206340710016 1.628097832149898 0  6.762531499963728 0.2170637956327851 0  4.653236904775236 0.5379346509283536 0  7.223080544421336 1.845843997285734 0  0.986127777986346 2.857549800501076 0  0.7743046883873939 2.665620210544467 0  1.014640609575852 2.702807570463241 0  3.125 0 0  3.740172144769621 2.86500345150084 0  5.36827716429069 1.766597762733577 0  0.3317241096190722 2.569980245541981 0  0.625 0 0  0.7307862213589207 0.1346602438580143 0  6.805485836278184 0.4716600809032491 0  1.375 3 0  5.966259903186568 2.268014121252745 0  7.423686396118126 1.549071555594185 0  4.164115616142904 0.132328427933569 0  4.092024977392069 1.3 0  3.71469371389548 1.4331062087205 0  4.375 0 0  7.196666051167021 2.783245645127558 0  6.41637192749899 0.6257560662907209 0  6.179907782282913 0.7129868717430512 0  6.510167707240434 2.580692326403839 0  4.675898779799316 1.627125941725521 0  6.034775484815582 2.018352403120716 0  2.839129119429051 0.9588199355207695 0  2.8190851482332 1.413767068771532 0  4.46555987845654 2.615552427929811 0  5.677132916831036 1.036817483351394 0  2.907975022607931 1.9 0  2.878332831783585 0.3448420817374979 0  6.248435737035467 1.054219867900237 0  6.989154519497633 1.362041274138526 0  6.570685516439109 1.927414334133503 0  5.467024977392069 1.2 0  5.592496958019387 1.254721727757995 0  6.378922588421898 0.832378549761744 0  7.316457464961385 1.043860688407149 0  6.077757898297058 2.66997771216105 0  1.728490733373775 2.14448733839187 0  0.4845227343680029 2.431596659011176 0  4.793338996342283 0.5802361693980956 0  5.044079438163921 0.5038023573190574 0  5.642418259504576 1.945032207788374 0  6.092821386584448 2.190586586449985 0  0.375 3 0  1.568897202739259 0.1126754151879337 0  0.3472476023824443 1.912244334408772 0  4.125 3 0  5.873030044611053 2.576199131894237 0  3.433406582039618 1.428516292104092 0  5.73911925945661 0.132278745301594 0  1.51227195407973 2.182210081875131 0  6.634023973422913 1.588521357754286 0  5.450637757357422 1.985245616402487 0  6.769001982225308 0.7394961580251111 0  5.770655174233965 1.447416841374717 0  0.4529956259264725 1.670369096509324 0  2.661909868339141 2.872691586205815 0  1.03706911275039 0.9707926693210304 0  0.3125 2.884002311476989 0  3.699046215376751 0.1295005839989203 0  1.960011043279456 2.771190376859022 0  3.938641389284179 1.572907707993656 0  3.475428243265871 0.8385772835605625 0  1.021766222770774 2.458185148467562 0  7.082981011296515 1.045387143917699 0  5.667896462276897 1.624556048806779 0  5.553273817761352 1.395959027014044 0  2.694316781289354 2.054249953380141 0  5.997324867303522 0.1337654706384695 0  7.183922216495437 2.503595977286754 0  4.342024977392069 1.3 0  4.262774864954569 1.428244041058849 0  4.406542688406341 2.479978946206449 0  0.9454902953714663 2.588493501402888 0  1.171355093843483 2.060927858236474 0  1.304090022853005 0.714167833620424 0  2.15173047491317 1.671290534563412 0  4.920781227286995 2.74281736088877 0  0.4169489011551953 0.6847662742442131 0  4.592024977392069 1.3 0  4.503340850654696 1.436559960384751 0  4.517573419879539 1.568345732042234 0  4.407975022607931 1.7 0  3.758421820141961 2.576109941229586 0  3.881766182121835 2.718332705783392 0  1.14187451784849 0.5376446927767548 0  1.27565264560572 0.5635567715145123 0  1.019904286899086 0.4213788234066016 0  2.723202267642105 2.328643602206654 0  5.950691063007965 0.8121092558382847 0  3.703595275948866 0.9690404743561702 0  2.24482328802566 0.138029832201846 0  7.874881051946964 2.104464836066385 0  5.08467365621091 2.208479333430321 0  2.779104562453016 0.7306253330211341 0  2.578318318872924 0.6689620619963761 0  7.196224596096061 1.981091878899461 0  0.9945320145813725 1.091407509882078 0  7.534268305751357 2.144613775947001 0  4.294424429485098 0.318504389732635 0  0.2737000796800204 0.4344863904650724 0  0.3066220585465431 1.203247868006372 0  3.075303848139402 1.259753739217733 0  6.691888007716762 0.1122485455996315 0  6.188568807094065 2.887288353396737 0  3.933678084805709 2.330889714699839 0  0.8642313645441372 1.816195686916835 0  4.842024977392069 1.1 0  7.624864597242164 0.260903640885232 0  1.832913674296598 1.862893929560289 0  0.6294136091500451 2.232299088113991 0  0.4689470972289882 2.102706990641235 0  7.72121691507953 0.5212957705547774 0  4.043273294039049 0.375757591876825 0  2.498992142190234 0.2408108296964247 0  6.419897497684354 2.463222402296033 0  2.249744462095376 2.850875784854864 0  7.114505357985608 2.398919630799901 0  7.575992042568931 2.65783061204746 0  1.694643387547805 0.5773106119950439 0  1.936951280639221 0.4368132457435537 0  1.188701372534447 2.276404979758663 0  1.384134481437769 2.202000562473195 0  1.397571395845046 2.404857403011164 0  7.377016800884007 0.2925210318010466 0  7.510140580674696 0.1250320671678579 0  3.592024977392069 1.1 0  4.375 3 0  2.657975022607931 1.7 0  0.125 3 0  1.125 0 0  7.125 0 0  6.875 3 0  5.375 0 0  4.625 3 0  3.875 0 0  7.625 0 0  5.342024977392069 1.3 0  3.407975022607931 1.7 0  3.657975022607931 1.9 0  0.625 3 0  1.625 3 0  1.75 2.864248012728628 0  1.875 3 0  5.125 0 0  4.875 3 0  2.125 3 0  4.342024977392069 1.1 0  4.592024977392069 1.1 0  3.157975022607931 1.7 0  3.407975022607931 1.9 0  3.157975022607931 1.9 0  2.375 3 0  4.842024977392069 1.3 0  4.875 0 0  4.625 0 0  3.625 3 0  3.875 3 0  5.092024977392069 1.1 0  5.875 0 0  5.342024977392069 1.1 0  6.875 0 0  6.625 3 0  0.375 0 0  6.125 0 0  3.842024977392069 1.1 0  3.375 0 0  2.375 0 0  1.125 3 0  3.842024977392069 1.3 0  3.592024977392069 1.3 0  2.907975022607931 1.7 0  4.157975022607931 1.7 0  4.407975022607931 1.9 0  2.875 0 0  2.75 0.1357958462526415 0  2.625 0 0  5.375 3 0  0.875 0 0  3.125 3 0  4.092024977392069 1.1 0  4.145965559271145 0.9855712931339596 0  3.907975022607931 1.9 0  1.875 0 0  6.375 3 0  3.657975022607931 1.7 0  2.875 3 0  1.625 0 0  3.625 0 0  6.625 0 0  6.125 3 0  1.803779664418363 2.562439586233604 0  1.503456285223393 0.5491434538517482 0  1.427862946774684 0.7431496054450265 0  1.730854864145289 2.316457868290638 0  5.153445783561405 1.851419252320924 0  7.733256611095689 2.319183492678374 0  6.739190927185796 1.073972295892282 0  0.506340722112426 2.710163540118807 0  5.797530778117673 1.068846057296444 0  5.616819156801544 0.4484585240774042 0  6.624037867981831 0.5260928692971006 0  6.936746178113264 2.227603495733607 0  5.634476938181932 1.817914612502181 0  3.036178218491049 1.502442924498652 0  2.415213408593043 1.039884274664434 0  2.214662798819959 1.00827418824419 0  6.295727194366314 2.297001578506754 0  3.137035011830356 1.020552672770228 0  3.263146384831106 1.16665278619797 0  7.745762794501456 0.7545801659916862 0  8 0.65625 0  7.875176397877032 0.721260323654803 0  5.438338733086194 0.407670106164118 0  1.74751337347997 1.430408759964817 0  1.511536875545069 1.35956771732757 0  1.442232271601208 1.620897265163679 0  1.308862054828356 1.689649640522466 0  1.356845345300685 1.446408408662193 0  1.592821843235586 1.517249451299441 0  5.301237790146545 2.886610753248726 0  6.818480830604934 1.819646908097048 0  7.008590242536447 1.989384821485186 0  7.0625 2.889382197727612 0  6.088656379584713 1.174013183463812 0  3.469998049489716 0.2622189550791731 0  2.24898207859791 2.604880355337706 0  4.069442040863136 2.536905011762687 0  4.164506666915252 2.40758551943506 0  5.330793678887892 0.7307787647003604 0  5.219601466924193 0.6701155816247594 0  5.095743208815383 0.8202890340797649 0  0.4641275031073323 0.4760847849697836 0  0.6364129284380011 0.5867215701429194 0  4.339288619798173 0.5846947487517156 0  4.472107296749142 0.6832951473207274 0  4.461133402657253 0.4331668508689206 0  2.25110962160018 2.361525897889783 0  6.880522125566098 1.542545801102311 0  3.037125625732367 0.5461277839133405 0  7.710560291833192 1.676750263086268 0  0.1186338956511147 1.354817873039612 0  5.830132663643801 0.8331433414241506 0  1.985452698119059 1.490835449002954 0  2.165417671487863 1.458818498276762 0  0.6078680501078511 1.839339279518869 0  3.161978147188371 2.435261960560748 0  5.782526758521927 1.261539407162233 0  5.587858962431127 1.120883804065986 0  3.346675609101541 2.502103949978638 0  1.1875 0.1044564666104653 0  1.313014973642453 0.109246556356218 0  1.067821259185173 2.295553842107343 0  3.202797237838071 2.878424833220463 0  2.02903176971522 0.6735801379621724 0  2.772415883285936 0.2567551664532105 0  3.626528156710716 2.720597731062241 0  1.841943566061321 1.184042139851303 0  2.026261603744625 1.129861253050616 0  1.953884977655863 1.356481602781562 0  0.9845012519031547 2.192435589236099 0  0.3881735012216346 2.677100481927511 0  2.769547092910937 1.099430592848624 0  2.588662613173735 1.040917627130754 0  2.523103477809552 0.1205042181672136 0  0.1256632446879167 1.14127912724072 0  5.873987802144112 0.5875783989784841 0  0.1015533564113088 2.501456374648693 0  6.311151574058991 2.685824306243879 0  1.606632141010715 1.772140394878574 0  7.733426201638489 1.185926051357154 0  7.547003080677093 1.107242725734484 0  1.478645945689891 1.976113885909198 0  5.335656374763545 2.681197981268165 0  2.185464369029732 1.306252047505594 0  2.541344457006046 1.382044326886008 0  4.755711999120164 2.88035752260269 0  2.385557142991947 0.5214248210109631 0  3.008216056056702 2.337621455539605 0  5.832265487920563 1.808833460298014 0  2.165652208553833 0.7638217104650393 0  5.311875262891033 1.988830002175653 0  3.334516293546271 2.288894887812027 0  2.468239986511011 1.596393132245265 0  0.3312114782111216 2.31437209336448 0  0.1150371645814463 1.92430974276445 0  7.301350298638452 2.283539036618377 0  7.374918913510371 2.43471730887194 0  0.6980837995667571 2.762145942373229 0  2.97217783195171 0.7588340893448021 0  7.424183652274841 2.892426348387019 0  3.667815111312602 2.265210740123835 0  1.684198218637947 0.8042453167006878 0  7.767164771751099 2.640436506133286 0  0.649062283631487 1.032525886611951 0  4.082531230339167 0.8130932606950282 0  4.306675149357841 0.8513678900742254 0  5.147946487990064 1.64072879616048 0  5.203703372508497 1.41702026670629 0  5.302389272336825 1.592257338038355 0  7.315882646944641 1.16275146671878 0  1.112276819890827 1.297638712549547 0  1.070600794901728 1.49742789214054 0  1.212291942740505 1.520291147989077 0  0.7349051109140227 2.443379766581016 0  0.7038775825117874 2.563493108023752 0  0.8378056781304986 2.376862960588882 0  7.007020555189432 0.6671313580059601 0  1.64321208304616 1.936186168763011 0  5.403612144487452 1.878123511868444 0  2.50102747798891 2.267183936553207 0  3.283004225842325 0.8419393782472832 0  4.977825256389729 1.807782824020471 0  2.335287747769056 1.498223232009609 0  2.543089529894546 2.454773824240249 0  5.790386087959744 0.3005258525684713 0  5.827369523449084 0.4701497334582211 0  5.998855213332027 0.4118236927507269 0  4.779524977392069 0.9984904545685473 0  7.264852098855504 0.8637793722726019 0  2.006894749057878 2.880895770036558 0  4.563550781745441 0.6117097986744623 0  8 1.59375 0  0.3997028550018482 1.0394921966401 0  0.5046182935546896 0.9109329768440273 0  6.509229688475899 1.502460207414495 0  2.104028770041609 0.1178200924442478 0  4.0625 2.90212672835631 0  4.479071837980143 2.003525877265847 0  5.857396725377007 2.108385706159141 0  2.104811589748341 2.098949253846784 0  7.009424796270203 2.136444888133838 0  0.290614623277584 2.142103031571645 0  0.1171126444332664 2.290200033601747 0  0 0.84375 0  5.625680864426707 0.1530367026486955 0  4.461535120113179 0.9797903537429069 0  5.006933183043076 0.1184003940980574 0  5.843972391551402 2.843761409687252 0  7.232068672249863 0.3898482884219079 0  7.183333391082664 0.5047830529016675 0  5.4375 0.09676697266771371 0  7.56084332630833 0.3650689728851949 0  4.654524977392069 1.002591923603536 0  7.886511299079893 2.82922835276216 0  4.771900127561592 2.465502638981482 0  2.035234748253007 1.659936564403062 0  6.170952422094573 0.2824194949369818 0  5.552483918549191 1.591083417976178 0  0.8618716033144311 0.5620114619709653 0  7.1875 2.90043979306537 0  3.193399586458143 1.453506074127934 0  3.319308839766453 1.355893077580614 0  3.331122899708884 1.590595841280609 0  2.414466717315377 0.8796694185989999 0  4.785181337088732 2.32202186656233 0  4.65437753481585 0.8456167956288615 0  7.878148920643524 0.5553603893702395 0  4.2693441553613 2.681908603912921 0  3.869127942966427 0.395349485131333 0  2.761033144802218 2.724152653749133 0  2.617117121590372 0.9145873861427087 0  0.3055406372270379 0.8245185705407566 0  4.058442806484857 1.582541176322382 0  7.88263580261707 1.335625585166665 0  3.382991838227499 2.735867913680337 0  1.281767024652503 1.359518099869939 0  5.46181093302872 0.6132795513245285 0  4.144234431855542 2.020080500171784 0  2.9375 0.09442862166344489 0  2.650137704690599 0.3080150563700448 0  7.139028712994095 0.2445474342284908 0  7.045242880011317 0.108445522814894 0  6.914584832788615 0.2560700233821726 0  3.317114229171048 2.875842708314258 0  6.698516178270646 2.563408894069396 0  3.541694971852586 2.01668636228754 0  0.8814335063408777 1.692164821714889 0  3.923708550203752 0.9903472019020397 0  7.719159926010138 1.445152166837226 0  2.970475022607931 1.606238592613871 0  0 0.09375 0  4.107802857208124 1.412857209334235 0  3.595475022607931 1.60146304115244 0  7.886689466725914 1.551961444049153 0  2.239166434835927 1.970248966008205 0  3.595479214849662 2.491329598717619 0  1.551065609091431 0.2259838738624327 0  1.697322683413324 0.09946510033350482 0  6.902261285512107 1.148842492173219 0  0.2678984331384534 1.757556908583365 0  7.634362566566598 0.9705022530575382 0  7.751171342427666 2.085622923360484 0  7.668961662863298 2.177165432659961 0  4.304110271611607 2.149892559761174 0  4.496707895078219 2.15111989459919 0  0.6168376460208913 1.140847835943818 0  4.873462419752067 2.096687085037082 0  3.8284187284404 1.59678227201296 0  3.91122332580711 1.396943824011945 0  4.271934960506888 1.572783610612083 0  4.873568288935843 0.841830295853858 0  3.406025513160099 0.4978656222705809 0  6.248551555343352 0.8037411810046929 0  2.397675518764745 0.2986574817050703 0  0.09758096936244821 0.6259145482833497 0  3.048011511935936 2.714269013069433 0  3.930171916694072 0.8778462475836804 0  5.43052941592969 2.897865050033303 0  5.564020681040653 0.8146370671855534 0  5.476108286746689 0.8895100036082697 0  1.330661060168907 1.179697820081036 0  0.2826991539847724 1.312373457533148 0  4.197169889555 2.901718465358304 0  4.105187490686026 2.693431217973806 0  5.553177524437772 2.596932747024903 0  3.970475022607931 1.991734253422934 0  2.39850067912726 1.17846413510294 0  2.295404558812387 1.282728880262312 0  6.972016299293794 1.05541212702772 0  6.539759012863595 2.88954241384102 0  1.816500282905387 1.620053940185266 0  5.105220287438486 2.606538245299003 0  6.29325413557245 1.654193220376739 0  5.598407756460147 2.164788658238078 0  6.516200965597113 2.254569482004396 0  6.270141945836269 2.533330154865067 0  6.206699294110733 2.363327262584329 0  2.457128784204492 0.4368633265499195 0  7.371993193837967 1.646422848963778 0  3.370911130780663 1.031936096615797 0  0.8235252765233638 1.068764489561585 0  1.154308254460354 1.858839557488273 0  3.520991765665761 0.4496567135459462 0  2.208401271667114 1.568264325447655 0  6.378286294560104 1.820907092453202 0  6.237611878462194 1.460905260754349 0  7.890244152313102 2.459336444579714 0  0.7591993230089202 2.20916672648473 0  1.390521889633135 0.8648851938294424 0  1.278193103072311 0.9598370137495431 0  1.171038129059937 0.8708259067653643 0  4.995768060792025 2.607055679124984 0  6.016018680010223 1.092090613218482 0  6.068860889648311 1.876858548894389 0  2.187296772416651 1.11605913659795 0  7.167365436700879 2.303389155309747 0  6.690696756391601 0.3013337760129896 0  6.475027629100913 1.28120817871203 0  8 0.46875 0  1.232197614048758 0.3256512478952506 0  1.340203369087798 0.2407250967822423 0  0.2945195327414902 0.327756213077486 0  0.09587946470045847 0.3234518561670834 0  0.10858200606327 0.2124609726022457 0  2.871987733189852 1.062602087568437 0  7.6711611374267 0.6220563906290755 0  0.8652876228367052 1.574798188836113 0  0.6723548388826113 1.674133707243365 0  4.654524977392069 1.390946870661106 0  5.969794227625886 0.6403566621912772 0  1.539508098228838 0.7433988413834306 0  4.668768001843784 2.009865692067752 0  7.01793295063273 1.827090986903293 0  2.009384957201466 2.020237453124028 0  0 2.90625 0  3.4375 0.08804082865339971 0  6.926992818803491 2.744837384206174 0  7.896381547615985 2.218328222801129 0  2.849341314745 1.606238592613871 0  6.394956438823492 2.340381869292044 0  3.862431971708575 2.610503221557858 0  2.424993938929931 1.896480249990642 0  2.210782258046867 1.857380365345062 0  0.7905862210494988 1.214045204085836 0  0.7348126987649238 1.366862120304573 0  0.9071748750991598 1.394207338837087 0  3.668072340827006 0.7200634415430046 0  7.213928156771632 1.678412551351587 0  0.8535438659834506 0.3459170102232413 0  7.744898118413783 0.1120907059235631 0  5.682457597656197 0.647366298779701 0  5.684306623137862 0.8771246811124773 0  7.02191931368484 1.468141299078442 0  7.359605069450815 1.45735716841681 0  4.668675098674314 2.128877161502897 0  6.591859667378265 2.050183956916792 0  6.459865174953422 1.92532547071056 0  6.432746100564224 2.127647236944186 0  1.847387097004781 1.969397487458587 0  2.03949350310171 1.871756309994232 0  4.871464878677187 2.506074658723494 0  5.385720138379686 0.5014790587302015 0  6.055411500758213 2.907495916064966 0  5.996850739761263 2.745373749671563 0  6.170708564180091 2.729900199480284 0  7.420514176399175 1.018111926699814 0  0.8788702826943063 2.866033611541346 0  0.6212646750794359 2.344653828561912 0  1.92938637381941 2.408355157457834 0  6.3125 2.910757781241016 0  6.187516677799626 0.08689109509581658 0  8 0.09375 0  2.772831176523338 0.8730219395405762 0  7.392618566680519 0.8122838628676149 0  5.003027753025767 0.3971552441218807 0  6.58156758796994 0.1019343122236133 0  1.916842800950828 0.8389399357741922 0  1.442042341049386 2.726229473131828 0  1.560129557263171 2.574441114155008 0  1.63609744459802 2.755089537607347 0  1.125777102164449 0.4324217295225553 0  0 1.78125 0  2.844193705562954 0.6383445986092469 0  4.664626455378504 2.66839536033258 0  1.855025652290973 2.755030742178462 0  6.960913903287016 2.335195440095077 0  0 1.21875 0  2.961854132234668 2.565385052371394 0  7.108728240316681 2.174206105166758 0  0.09590314067316905 0.890625 0  5.503987379555317 2.741027881221203 0  6.698364002450281 1.977709852321027 0  6.597979504080485 1.82247559619564 0  0.2718149281640717 0.2028017901028112 0  1.53568401635344 0.9488355220612441 0  1.433116229184551 1.077137060828826 0  1.63072707731789 1.117105513559413 0  4.667944930869683 2.486690070609091 0  6.683344803543183 0.674999915470716 0  4.404524977392069 1.389729630558962 0  0.3728144812709057 1.596065658244937 0  6.380870318523742 0.9380412151357805 0  4.102877078342448 2.321414448254282 0  6.597023103079989 0.882484204171163 0  6.578835666980355 0.9934231067754059 0  6.726328203775601 0.852434075368393 0  3.314057138130033 0.08804082865339972 0  5.492162290909694 0.9956437696497129 0  0.9197163613692334 2.485928528472464 0  1.045147364239618 1.857411453423351 0  1.251344380969448 2.40368696596669 0  1.185134531598426 2.564965696466225 0  1.286706960443372 2.622541060639568 0  1.10263486611875 1.077363800026572 0  0.2547335152777698 1.96349574850781 0  2.042040190781337 0.4401397707487997 0  5.887137604117735 1.228525919307633 0  7.262200063101479 0.1614926643501621 0  5.94865199979489 2.65075076990008 0  3.068666452294034 0.6461291789864827 0  5.626061012526344 0.5556928084535133 0  7.37920017088635 2.767941624444445 0  0.3125 0.08393016620832074 0  0.449136164393391 0.0925952303615576 0  0.3831892437403531 0.2721843038973517 0  6.054311655476965 1.396291018749899 0  7.340904656763759 0.3905705759974906 0  1.623418313624715 2.133931136395841 0  6.395094214600616 0.5227501410133411 0  6.257905307512218 0.6101857530789376 0  6.205760056895022 0.4436206516232149 0  5.465503039740105 1.727344120357688 0  0.842591067686997 2.272348657547974 0  5.127456291798404 2.111634730484048 0  4.120958055324349 0.5998470466996275 0  7.183532913855166 1.49188336406889 0  3.735525446520998 0.8660707846200028 0  6.455242021651668 1.125310791729601 0  6.661159231596513 1.143653686776389 0  0.9239776858229015 1.262425660220378 0  4.727425394949151 1.536492541759051 0  6.186253139394934 0.9695713593662033 0  6.378295554304781 0.1567180699317064 0  7.896085166303737 1.90421178864623 0  7.771662441299987 1.892568690666613 0  6.916205297496601 1.640251586175997 0  5.874025160294797 1.457855202062591 0  2.929873779401183 0.9062329101695499 0  5.777021512713148 2.722688668404428 0  0.2487459042252278 1.542844610759817 0  0.09646155272225833 1.457761220740848 0  5.13156962912991 1.95515086003005 0  5.462316651317504 2.542946258320643 0  3.47903851926971 2.312127283309554 0  0.231939018788962 0.9646744212566051 0  6.270309398914101 0.2529466734364562 0  6.733570681042669 2.665617528478601 0  0.711693719206695 1.546327705723148 0  6.320774671610624 1.128446645425583 0  1.641552384860466 2.651063773719623 0  6.730285591964468 1.765554387057468 0  2.896325180973643 2.008715552559155 0  5.24567270897548 2.311179300958309 0  5.329474102452924 2.189793079799476 0  5.447014271921058 2.335789037176809 0  5.872249600414783 0.9961575025518156 0  0.4700964567115249 1.294811381094431 0  0.4457508996184967 1.440406681334263 0  0.5605269428385428 1.478658131706215 0  0.5277989854636869 2.19397836901557 0  5.637799802553322 2.887535823472545 0  2.127514675272826 0.3345000307930425 0  6.79575277190416 2.109738911493241 0  7.627681838845277 1.178673012110887 0  2.380560702139924 1.394804167306838 0  6.998994910600143 1.259563769931078 0  1.693533232808656 1.024113495120712 0  2.158721979264543 2.654818379972939 0  1.214535274465379 0.7672684382898147 0  1.882466872114544 0.9377195811213846 0  6.631097288717511 2.384071071355255 0  6.738691786262187 2.308899033738355 0  6.830640264604535 2.628763815360089 0  7.358004352804423 1.350320824228171 0  8 2.90625 0  0.4992824420364115 1.805201077957773 0  0.5341679053542969 2.020180455474692 0  0.428543483887985 1.975147552478537 0  5.737756227655519 1.546706957471502 0  6.481571807559601 1.026130333087365 0  6.905848650490813 1.994046315426526 0  4.345475022607931 1.982254462000203 0  1.737304861482377 0.7163372259153129 0  0.2666529839796649 2.652282999153372 0  0.1002034592258671 2.603857199909465 0  0.2629772825802085 2.492275137018212 0  7.065707815027539 1.654020026337696 0  4.735197236939881 0.7817721900723111 0  3.871347414744856 0.7292255860068148 0  3.184768394246234 2.223099784429197 0  7.016561631005976 0.4503643365886425 0  3.535528049080428 1.392413685725006 0  7.449773367651746 1.933077955345529 0  7.580837216956014 1.969428785512502 0  4.368380110661819 2.382557559443608 0  5.812036026507318 1.657063443996302 0  5.945632274072024 1.566702177941805 0  1.332270391054592 0.4726265587869585 0  2.282902021444859 0.2372514326248879 0  5.886736194108016 0.2664118640690966 0  7.761409174133992 2.53815300714881 0  6.570471474419343 2.748103709010576 0  6.722668460957522 2.767682745357959 0  6.6875 2.919363842585235 0  4.653031151993138 2.769312053178352 0  2.308599757157155 1.064292954647753 0  7.544457957761886 2.357961537659273 0  2.937044131423317 0.529833956588581 0  4.503233911318955 0.8453333956720183 0  1.9375 0.0794591099208715 0  8 1.40625 0  0.8422194573890052 0.9215574385426385 0  4.770939928595743 1.824041220772097 0  4.3125 0.08255927659104394 0  6.954886810809008 2.537465647475342 0  1.16404784361335 2.899411335038727 0  4.587631754138649 2.424274627594799 0  6.117184098482996 2.577030113380782 0  2.402524508464305 2.243955579864034 0  4.417891468208026 1.596809263046779 0  5.270809664751698 2.107890665109812 0  5.409635791522674 0.1988789219501596 0  3.059425809028661 1.084581123207357 0  5.474991436668135 0.2751103074223774 0  0 0.46875 0  0.0975809693624482 0.518633364184502 0  7.197665515306744 1.332834330355149 0  7.588805955401734 2.757559529376029 0  6.662478974328335 2.183962099968907 0  6.161723755272769 1.697164275667103 0  1.855623609374717 2.335773920058117 0  0.6098182061786425 1.318068925960475 0  5.315975580374083 0.835303092204884 0  4.553467685186625 0.5083575275142406 0  7.535275474355631 2.550863272244054 0  1.780443795645427 0.2421852248196962 0  5.451384439081217 1.400797989082474 0  2.452638445957418 2.909933513665436 0  2.339822597265926 2.741932984792185 0  1.357454185694718 2.818591052222866 0  1.704984693000228 0.4351707806578642 0  1.888208629180149 0.5248072442728262 0  1.832336074357393 0.3672375296476735 0  5.541572732374061 2.431784497160539 0  2.551547019377295 2.180296899889806 0  2.349901682806711 2.150900977378604 0  7.052758428360518 2.610755711948718 0  4.985213216658613 2.214919735716173 0  0.8371213734024111 2.074173463976366 0  1.0625 2.922013006262045 0  1.229073770361702 1.622933888465029 0  6.089676693604067 0.4924735194055723 0  4.200178890996554 2.504112222742083 0  3.845699043541601 0.8253290755812596 0  8 2.53125 0  3.278114692867862 0.9413282019940999 0  5.078762936883914 0.5972243271268727 0  3.771174642731564 0.5496680480823994 0  1.676540527010292 1.301002091353468 0  0.633467610912407 0.1558492174553727 0  5.5625 0.0767979301058587 0  4.975765331674586 2.418438985435169 0  5.118867142579662 2.439141633358537 0  7.069028109847186 0.3145501195076221 0  6.48766509128727 1.71902326304449 0  6.428464341839091 1.560817345248561 0  4.827680307480149 1.942608375021625 0  7.072804464631038 0.8769117420546018 0  7.10503560748684 0.7103856326070798 0  6.924441054466522 0.7890917992087055 0  4.799540105520308 2.162344429200605 0  1.496914158994489 0.6508307232010867 0  6.827501293448591 2.429338604642117 0  6.524778575357959 1.195689840554024 0  7.6875 2.92340969537097 0  5.958950573876665 1.370383122298531 0  5.387284342750851 1.54188965669233 0  6.061149873418993 2.417537890533775 0  6.383034313273112 2.77803210650813 0  0.09850074037375628 1.819825308671573 0  4.241615392307454 0.9521373416267037 0  4.692429931471528 0.3738435548587371 0  6.862197068980863 0.5892556445671727 0  6.890607130043277 0.4214193023715486 0  7.02465046451363 0.5489368767373966 0  7.3125 0.07648556171364124 0  3.037029164896334 2.908574052494503 0  3.176156453379765 2.782632008349593 0  2.734441104832106 0.5303183284184436 0  7.522467307200204 2.882538267547422 0  5.283607155804682 2.768271544808986 0  1.696630229102387 1.204000302411053 0  2.025532236553096 2.38701283625264 0  2.080097437787608 2.470748001525112 0  5.005017121786022 0.8919305993964264 0  5.154524977392069 1.024498746439427 0  5.002615701232734 1.002223225429579 0  7.564391111803763 0.8957188180756337 0  7.612320399243768 1.643001168337447 0  3.237731583761722 2.305865641412601 0  5.651320524499782 2.599303871656107 0  5.926965722483833 2.493729074658894 0  6.002901426178294 1.714778380184108 0  6.228418862184854 1.285287216543487 0  3.644679799172569 0.2568943726991563 0  3.5625 0.08060747907967801 0  5.172256165584487 0.8821977031356215 0  1.593966679938271 0.5977294114339352 0  0.9115247173855258 2.00409949956771 0  5.724138423614738 2.515823589531625 0  2.43497329537718 2.766349611153031 0  4.237757687336559 0.7825697655854265 0  2.316375457169062 2.922075418796315 0  6.388623018262888 1.326451810569266 0  5.645295366448706 0.3526400944239445 0  2.839183112746503 2.656199302894712 0  7.645613868393851 0.7387433966447619 0  7.631616465237919 1.837566167629475 0  1.092234219650401 0.6213497740738447 0  7.914625585126585 2.015459242769496 0  0.5196810847842569 1.143857956515468 0  2.085898229420278 0.9288697197313217 0  1.551900543137885 2.804704363675408 0  0.5730628799084182 2.572594978943807 0  2.642751408120785 1.322411655579739 0  1.114981825096131 0.756419095640041 0  6.781059815980199 0.9848367235770982 0  6.870858746634987 0.9431917429780112 0  3.130329163863325 0.1760157841909205 0  0.4971535457331485 0.7468454730599134 0  3.961230999978413 2.906350569480939 0  5.121221763915063 2.894336757677312 0  1.90489332653072 2.178865453982146 0  1.895674579174905 0.1679725035632483 0  1.375988596762464 1.991765981729762 0  1.905150700792566 0.6259585502300131 0  3.865237890465197 2.403937691467025 0  3.680557106353964 2.361206774557452 0  3.182255448891122 0.7991101381646464 0  4.941902767846161 0.260065932948949 0  4.845750406953314 0.2731564762857327 0  5.810129935790562 1.166757904617689 0  3.117630163778354 2.52127214006803 0  7.019734425920506 2.41738682582598 0  0.414688094167874 2.364063599095707 0  3.801428045897974 2.789393645535923 0  2.596587600764325 0.57315556604622 0  2.977482467774005 1.255939865750764 0  1.596137231602965 2.485044722503317 0  0.9421981033457124 0.7494666917249293 0  0.8479591347262881 0.7768340515357128 0  7.21967839976528 1.012976607958116 0  2.046855910273225 2.591995187693354 0  1.884284081517823 2.50068609463271 0  3.378821254695378 0.8176523015388443 0  7.476558431723435 2.223657959895186 0  5.898895898066348 2.199230599032377 0  5.768919142937154 2.194661475384265 0  5.791207544587643 2.36144290719222 0  3.940478337860656 2.085605485945031 0  3.516378007362884 2.788347118977128 0  3.516685818313869 2.895430341577198 0  2.549025440756584 0.4652648633067881 0  0.09515488848101947 1.232445191506988 0  5.224558792149707 0.1005585911316366 0  2.839916963915154 0.0977387148726854 0  6.749530963389051 0.3913098601708433 0  6.564679313333373 0.4482718552328778 0  6.10378301218007 2.0909940002362 0  3.000772987781876 1.410922589440055 0  3.757432742553872 2.000480049140505 0  0.09794769400566228 0.09413859200754968 0  2.256948219165108 0.4257664818188273 0  3.220475022607931 1.627200674614136 0  7.236378583030564 2.58378106294525 0  7.790527954382253 1.532840677951195 0  7.42101481483196 2.523845303694907 0  5.230568373477722 0.3701887121716799 0  7.307691581850253 0.7636041158603787 0  0.9767697459586171 0.1042120797032356 0  0.9714310244332501 0.2049091895758431 0  6.516528134273019 2.460504708443945 0  0.223422147402469 1.151006184557151 0  0.5625 2.927660826759093 0  0.6986724549440322 2.918007987187972 0  0.5978109649123236 2.758745460716146 0  5.615457336814339 2.794491723835403 0  4.6875 0.0722300770640647 0  4.661482593081427 0.2392028464143621 0  4.5625 0.0722300770640647 0  7.470023256037639 0.910847994341658 0  1.242752525072563 2.754591663946766 0  2.4375 0.07444955986637698 0  3.981316730134854 2.48838975447695 0  3.813553905247265 2.926541350361837 0  3.051025831703491 0.3779472747039607 0  3.51898841081016 2.11151692915691 0  3.354184898165149 2.11534681192642 0  6.707200795116552 1.65180213384516 0  3.791082556298471 1.015205514055723 0  0.4665397971764964 0.2243002956949486 0  3.838226604492055 0.3021326961740565 0  4.030145416106929 0.2813583668811769 0  2.877346465789825 2.163314972154369 0  2.739446293642452 2.138421539471476 0  2.802377073156762 1.993219775312674 0  2.481993422888217 0.6813553776883872 0  7.916341640059088 0.421875 0  7.787984974850556 0.3579616695880904 0  4.418602620621304 0.8927813593334417 0  0.3368869690999282 0.6308678206709369 0  2.336487895092777 2.406866354344243 0  2.183817860591413 2.462093360114054 0  2.335283463703066 2.565098972542888 0  2.887122611788794 2.457808412527401 0  4.520972326669483 0.3589085173965083 0  2.3125 0.07145600920705816 0  4.406823210298256 2.186404465430217 0  4.47550311947677 2.28789536706852 0  5.82128611065591 0.08075324549455515 0  7.364781167197883 0.6106790290465935 0  5.781096742862132 0.6517631707417045 0  5.770689522119224 0.7565289870731821 0  6.717739217765676 0.5088013193238159 0  3.596985702943655 0.5810499913753591 0  3.47698688935475 0.6521333282662777 0  2.838550220550211 1.321111870645377 0  2.054954030963744 2.795486342648505 0  2.139244657581431 2.749058101991585 0  1.591306324691694 0.8226815048775146 0  2.274540038180393 0.8683873502436747 0  2.044786364380025 2.2218039111088 0  6.39443525825929 1.997901999623979 0  5.801353524891327 2.016700904997681 0  2.65867793072382 0.09442862166344487 0  4.203595727082431 0.218727032853665 0  4.38626200351855 0.221990415516547 0  1.3125 2.928975870653688 0  2.023989852293465 1.292894083335527 0  4.54876757600286 2.914431849283792 0  0.8022506331021226 1.744391092802299 0  4.560057724910184 2.618356607189758 0  4.468256091655213 2.710402040289206 0  1.329492986100538 2.07417096766625 0  7.761865928454236 1.090788749284768 0  6.825634107313459 1.331442966656367 0  6.28601680202835 1.840307851818237 0  6.239817366315811 1.949649207032724 0  0.2894453276376427 1.409062513242512 0  5.005489590951051 1.390806513959235 0  0 2.34375 0  7.849518043990055 1.124976908691525 0  7.493377771415604 1.484238238923347 0  4.877651618525479 2.304715554441767 0  2.125269056411794 0.6764209851447864 0  5.101678078322857 2.787604846960551 0  0.8741853011857884 2.658769181519577 0  5.871402687796493 1.894254576806167 0  5.737985770473256 1.829502590488128 0  1.518920255560211 1.725229453006599 0  7.835910341633549 0.9375697148662502 0  0 0.28125 0  0 2.53125 0  8 0.28125 0  0 2.15625 0  8 1.78125 0  0 2.71875 0  8 1.96875 0  8 2.15625 0  8 2.34375 0  0 1.40625 0  0 1.59375 0  0 1.03125 0  8 2.71875 0  8 1.21875 0  8 0.84375 0  8 1.03125 0  0 1.96875 0  0 0.65625 0  7.917935919400774 0.8922223086975011 0  2.466335044426455 2.590492858137092 0  2.654973691009276 2.546952877174739 0  2.59611454715474 2.662473105154833 0  0.3820864317492289 1.26022891563165 0  3.220475022607931 1.969790132361358 0  3.095475022607931 1.969790132361358 0  3.228083305878477 2.102556859291268 0  0.08335681865722462 2.01341421531464 0  5.542356202772737 1.966013675294588 0  5.658348779952403 2.044103377061256 0  5.46728674969749 2.077467912200412 0  2.664170875657409 0.7166967706358052 0  1.930711719197129 1.698733044404656 0  3.38086949955292 0.3013420881784196 0  1.469929739482581 1.275142772565482 0  7.58763743730082 0.5788826841611119 0  7.482565855826064 0.7128448359792232 0  1.408440419318838 2.497855339337493 0  4.393041036689668 2.899653015274455 0  1.11056346579388 2.487020053465117 0  7.19713067966009 2.074585486389682 0  6.06251155697201 0.6247949500864027 0  4.83639475139235 2.695391453808956 0  1.742956809748533 2.492034201441133 0  2.585669847419056 0.8226463284463004 0  1.048613335260163 0.2575817494784058 0  1.138770097127779 0.2254764811601483 0  0.4315841274202254 1.870538432542149 0  1.4375 2.927416032753768 0  1.531961457076163 2.900797724743263 0  2.831589425887005 0.4292971655818278 0  3.208200654845002 0.3417330698472831 0  3.192904715453571 0.4995003555068588 0  3.345352328510643 0.4247453416748862 0  0.1983996217365694 2.153508643196366 0  3.789625619764786 2.488253040743338 0  0.6907522598181839 0.4585568498141654 0  0.5723154027551437 0.5170797433265627 0  0.613014105010672 0.332868998209085 0  6.426211931668593 0.07731677249509986 0  7.694581708295622 2.473696847770939 0  3.84613024254273 0.487796133899882 0  3.759560410123944 0.3512457249832697 0  3.60945040259466 1.001839866302782 0  4.378137379345482 0.6711201491750481 0  7.229878143872202 1.198317723511329 0  7.106181236256182 1.135026583040117 0  4.649743823388246 2.290440619035742 0  3.062229896438434 1.591626837485804 0  0.4207269881743526 2.500559974672922 0  0.8036500079890447 0.07635582979650039 0  5.257178010307333 0.5852901893165723 0  0.266403014438735 2.388003946025918 0  0.9845340099645294 1.187345619309204 0  1.078104498182557 2.047471232222495 0  0.6677274530618044 0.823168211542653 0  0.5524547883016618 0.6726924844278325 0  6.082112658707502 0.08687909724466875 0  0.4018772383857599 2.910681976491321 0  1.731804322699785 2.623479407205222 0  7.18551544837038 0.664806693244444 0  7.745346211976875 0.8470078022730307 0  4.147960015659375 1.607586314274994 0  3.805392800321328 1.392413685725006 0  2.862146523730801 2.906068985957013 0  0.7905192266722773 2.764208996660095 0  2.1875 2.932014249093395 0  2.881902537887502 0.7265074331067395 0  6.31779265097529 2.207296220166354 0  6.195471682921717 2.1019404665272 0  6.16100278886839 2.253052851062386 0  5.578525963016933 1.028833984254635 0  6.7718961734798 1.438787595415899 0  0.5111061798361698 0.394636780652739 0  7.615409944933207 1.326842196457708 0  7.314246553789697 1.8282136146977 0  7.129012509638258 0.8014085890523468 0  7.920666645281647 0.984375 0  0.9566546103983441 0.639020873272274 0  7.42454322068013 0.08200054437002138 0  2.213406864606837 2.275646366429751 0  5.106005555133697 1.535316681399744 0  5.056500424641474 1.65236530436924 0  4.92610630720692 1.543079068401414 0  6.782850874681942 0.1271551095821545 0  0.7971763966488581 1.883657906088203 0  6.857312356749697 2.179362071893775 0  3.693821604347667 2.784559797598884 0  3.628179815939171 1.399247693846697 0  0.5430995018777958 0.8269688243196689 0  5.900276760240024 2.33203087544929 0  6.471559408119374 0.2464194578554297 0  0.5389032244774021 1.636407964023295 0  6.156389899951341 0.8021122516638768 0  5.583716289461943 0.2543579216561368 0  2.182811202647718 2.048234121566775 0  2.752526289775662 2.904121082066938 0  2.896596039492429 2.783457326063269 0  5.404524977392069 1.029739357754272 0  5.311964834104983 1.010331550090307 0  1.512582845735159 1.561889929158722 0  2.072744630964444 1.459703564351852 0  2.18259311064425 0.07102762804289059 0  6.060449318958258 0.9665083112107979 0  6.521458362340329 0.8271235650028788 0  7.910906784964317 0.2293841478444288 0  5.229290322796995 1.947482238712101 0  7.842322474928454 2.912023490077478 0  3.0625 0.06910606494116139 0  1.484622470150419 0.3579200430532696 0  4.569974701590728 2.334749986613584 0  2.325132757015273 0.5897338829225327 0  5.773757325429361 2.907909300627078 0  3.069396995436109 2.411165885354376 0  3.674556697677759 0.4127044824493061 0  2.720475022607931 1.631937635313307 0  3.994616235047384 2.1587096597827 0  7.291229108335606 0.9558402541735179 0  2.999687364947454 2.791212460219115 0  4.990195878087386 0.5769561900215603 0  0.3435482966285239 1.705064474467082 0  1.935931431775778 1.13900404723024 0  1.830069941521594 1.093460053333495 0  1.87417589792309 1.26952415047566 0  1.861660140713703 1.361007827033058 0  1.998673085199611 1.020044352253725 0  5.177855659068614 1.759401161684707 0  6.501594935180336 2.807201487132998 0  1.183908613299001 1.971051370459884 0  1.29744560518433 1.885321570015998 0  1.346225762648019 1.803125241865872 0  5.916290141939604 0.08505540301220341 0  3.238673163640273 1.534309749341823 0  1.0625 0.06862728416324598 0  5.917702698920902 0.4544828460193565 0  0.7894546394771103 0.6165327807115325 0  3.059391423327575 2.26193124226281 0  7.919706644529905 1.636950888519534 0  1.754855325658118 0.8952625429898542 0  0.08068914488212285 0.8002085940386321 0  2.576064387870921 1.466682929473169 0  4.4375 0.06842666373340346 0  4.809225475016265 2.807426122390139 0  4.9375 2.934762993170075 0  2.415744062722754 0.7432714766531634 0  1.8125 2.934783719681736 0  1.690275305748403 2.932124006364314 0  4.087276471867737 0.083096288155877 0  0.9375 2.934766521703335 0  4.029524977392069 1.366269254110782 0  0.5625 0.06793431444273748 0  3.1875 0.06658305548457273 0  1.045758286384626 1.699420606781783 0  3.9375 0.06492434910790411 0  5.212103423170382 2.910829724428996 0  3.654402658608424 2.128984317370608 0  7.588250124420468 2.477955011068992 0  6.047682390570604 0.8145882496353332 0  6.331546285588283 0.07930745409034164 0  5.058987641859088 0.1971652517753334 0  2.47770612477985 1.221396516758409 0  6.964640397424715 0.1556512033628217 0  6.9375 0.06469419253524755 0  3.786843300997969 0.169730139415426 0  3.8125 0.06457723351032477 0  3.884232468126207 0.2216803563892611 0  2.5625 2.932815453562143 0  1.107024869669704 2.709841097324059 0  1.463103886168162 1.827428866144518 0  6.653902746457415 1.043871654471745 0  6.816735175418478 1.120099805288705 0  2.631389584578769 0.3969818925927029 0  4.125143808282587 2.10958326142876 0  0.07861713868059288 2.390625 0  6.665833338663244 1.233459418257868 0  6.635846631554442 1.365084747258353 0  6.550013081612319 1.398515226372399 0  4.255333111478484 2.775119942200279 0  1.671724974295753 2.056740699457865 0  4.281815342829979 1.032862692015834 0  2.722105922516458 2.80551869819022 0  7.662818951983675 2.637078353838212 0  0.888870679071005 0.2412038769207502 0  5.279524977392069 1.363672674093137 0  5.285856136645544 1.501064579649552 0  2.330235004198018 1.969048026996634 0  1.208554320942304 1.715292794316365 0  0.1841598887904383 0.6523553204985268 0  1.52297339965106 0.4621410961920897 0  1.403136601398777 0.5287529418433901 0  1.538191948844057 1.150852849919363 0  0.8125 2.935148233029863 0  4.652579985339902 1.713101908014727 0  4.216529399307984 1.96752667496606 0  0.26349034384674 2.055768107744889 0  5.007564833809957 1.479910779619249 0  7.731826145136014 1.996014851779182 0  6.537274360827048 2.665494949338965 0  5.5625 2.935926257980249 0  6.600922695737008 0.3039431376147114 0  1.935832492734073 2.934783719681736 0  2.069968606716416 2.308465193441021 0  7.692435017980955 0.2032950456883252 0  7.567425245360093 0.1928762533596813 0  3.470475022607931 1.96333961409254 0  1.240669707639038 1.040249682171158 0  3.6875 2.936694037250055 0  4.529524977392069 1.036915504627548 0  1.65446602431515 1.61417104210506 0  1.671712604683587 1.476581246848284 0  1.796352119424511 1.504519703756481 0  4.8125 0.06342591573000039 0  3.345475022607931 1.963566795080981 0  0.6550524027708213 1.762568587342232 0  7.921698540461083 1.073199740088142 0  4.9375 0.06306300896980542 0  2.633200522051957 2.428894993880949 0  2.505889412104683 2.371131119584257 0  2.650420253477377 2.270161087261933 0  3.266810668483637 2.677821888271879 0  3.464177833825188 0.1731840909751752 0  2.595475022607931 1.965326768269476 0  7.509014623807459 1.75518412656575 0  5.686430756998462 2.736519696269303 0  7.917187249493398 1.468939996913773 0  7.793507607031406 1.360207545298183 0  0.8159317027216824 1.401956310025677 0  5.280311535307691 1.78269155258143 0  2.256678702693308 0.7549049335498351 0  7.918088157202065 0.8013559203773097 0  2.759243482397896 1.187065567517259 0  2.581751901864611 1.170807139479416 0  2.669376950611432 1.081052747924843 0  3.4375 2.936411013073565 0  7.538608762823451 1.370926505114129 0  4.060605083723448 1.985983045056094 0  1.724218822564853 2.405120512394629 0  5.39864970461472 0.6746466200149644 0  7.077597915070976 1.53692105804315 0  5.763731504819063 0.2167134608394563 0  5.006517234501151 1.995416199654048 0  4.949094728612542 1.891692987307416 0  5.063987869237407 1.825710135318425 0  5.423688831485969 2.250489399984136 0  2.501054343067196 0.8646625317554567 0  4.206390036721325 0.3074133222196419 0  1.969229209125748 0.2568398609634111 0  5.883015719237815 0.9064281048717773 0  7.094745951567238 0.4935144094093298 0  0.2276594090083359 0.7806574115340101 0  0.3623647918884322 0.7567921433754721 0  2.053768103296401 0.2290806870968436 0  0.5381334443893055 2.843439340041684 0  0.3846169740751704 2.768667940245307 0  3.957963995313912 0.4012275660146384 0  1.065587245996201 1.404183810207025 0  7.478987460695095 1.19811768878015 0  5.82821382520557 2.651533330395018 0  1.240905195654842 1.437258126781356 0  3.601591381212274 0.7774954830606954 0  1.590217437222756 1.319518819085078 0  3.096742394487559 0.9413025338405022 0  5.054405950519244 2.37978446101621 0  1.826659757734837 0.7265993114409892 0  1.804942078022853 0.5517443925400233 0  1.607885324882542 1.000572491656549 0  7.064995829315326 1.317612714254108 0  3.557636491056001 0.2693188334709224 0  5.670260725986668 0.07631849972314271 0  3.157632148552505 0.6787496995359404 0  3.239564546676676 0.6274878883163508 0  4.140921383290793 2.242399711201941 0  3.516137542681588 0.362191940116657 0  2.979775269405423 1.973369331761554 0  4.064534820277004 1.017113519896008 0  4.585024318387751 1.981092248069126 0  1.579285489881971 2.319075965386114 0  1.546547902356083 2.402111932637897 0  0.4160048578106952 0.9068464470130388 0  2.250643554909911 1.477267058672087 0  5.72175812427828 1.981149899456478 0  1.199459655566901 2.476616648899133 0  3.768850672818394 2.088786054386524 0  3.843268691570928 2.139310365240485 0  4.106314341082465 0.8969835078012592 0  6.367241028678978 1.428429875185736 0  0.6843598753938562 2.164926872736807 0  0.3064624016065066 1.835470328236575 0  5.19530504763801 0.1853151136028062 0  1.352409412629344 0.7865998351931115 0  6.979357072341572 0.8593675591174287 0  2.501944829792373 1.039256390471331 0  4.584894874897435 2.157033698824573 0  3.409506939022428 2.566408120809724 0  6.296089762419802 1.22637465651379 0  4.565560624157348 2.807192356747247 0  4.6875 3 0  0.1980248173850304 2.320815773461561 0  1.917569536434347 2.029283432654659 0  0.9906853314064875 0.8946602507037974 0  5.652648343266018 1.732593481308908 0  5.529544358102715 1.787481442920711 0  5.951466919673615 1.033134870245196 0  5.944930096776823 0.7245298223734636 0  6.598376150957066 2.57259804955644 0  5.953609819922696 0.2097424408030908 0  4.37505617295698 2.814730271225509 0  0.2136115993846247 2.721112913450001 0  7.181726383063961 0.3196453866857006 0  5.689208985625973 0.496235086371041 0  7.295070540338313 2.160532981586043 0  2.667949241093542 1.518121607393771 0  7.361877409869376 2.625566499558793 0  7.447292366583326 2.710287401813488 0  7.769749049234479 2.726633304256837 0  7.909893100744067 2.644279997773221 0  1.740191401870934 2.230328000929994 0  2.905445946214028 1.425376293705109 0  1.035925066859286 1.2576791425193 0  2.234183607265405 2.176636832610641 0  2.127382926653176 1.891317964009466 0  2.720475022607931 1.9 0  4.206492333081935 0.6506955022772786 0  4.048312170175473 0.7341101133043837 0  1.065847665765877 0.493945276657678 0  6.006466131032144 1.936680314600228 0  7.821411825944018 0.06935000215991426 0  7.910530424536351 0.08283443395153293 0  0.2154577034224997 0.3677295950716749 0  1.917786805321307 0.3521908283322575 0  1.157052809531845 1.224220100919297 0  1.200885585619456 1.33078550293407 0  1.319510517826563 1.281825480362538 0  6.398255491253866 2.66584492854095 0  4.86485889881759 1.015945451635316 0  5.332737330574277 1.672558789562975 0  3.514546067563151 2.46193822074204 0  3.103428358852698 0.8334727350157651 0  4.295996402885871 2.239488818955604 0  0.6670202731824751 0.07587159164050132 0  1.436847065782376 1.401497063460463 0  1.550783748103508 1.435701289054508 0  1.401404128578123 1.519559981320296 0  7.130123144524405 2.836996679852323 0  7.779516151748471 1.727353223224938 0  7.368211447828895 2.009573818115506 0  7.387248918025012 2.101091854755051 0  7.54455016734255 2.046881849589116 0  7.780583260810723 1.257778060735999 0  7.924752721618205 1.166046891069073 0  4.637890729927766 2.578041073022849 0  2.803528682775707 2.483616116896513 0  2.934187831224873 2.384131749663849 0  3.745281278161267 0.6782406295911867 0  3.945547936002294 2.572494137966806 0  3.278325534423263 0.5068301667974479 0  3.332761546262266 0.6740197350396375 0  6.869720301561903 1.743416698616443 0  2.447582884754197 1.681327098407863 0  3.232707452050162 1.374198042925201 0  2.770487062546599 2.402050491534322 0  2.878786147854465 2.280502656256138 0  0.6372875198126516 0.677445052253394 0  4.345475022607931 1.7 0  3.413502256765588 0.5878809686904859 0  7.5625 0 0  2.350645877892795 2.063640319286835 0  5.981604552005918 1.172849967911466 0  4.394706402135238 1.032862692015834 0  0.2009481529558811 1.334684274769004 0  4.017139388435655 2.305827467432904 0  5.678788148396885 1.257817587827563 0  5.683902403704067 1.430966441230515 0  5.777124849601717 1.346118932993195 0  6.854406840387103 2.910006603941808 0  5.124195588938682 0.2558213867416125 0  0.07421016169704367 2.859375 0  2.233458702254914 1.649146793241843 0  0.6671497150172004 2.041212057290392 0  4.380651930685204 0.1357318672956927 0  4.802135379271852 0.3685424329002997 0  4.859676005078811 0.4395798038993428 0  5.400667175985023 0.8487431133387056 0  6.156992588046298 1.12277864907047 0  6.148680038994592 1.241706514365767 0  1.052989583428513 2.379190449542534 0  6.099329640245033 1.959050829015973 0  4.8125 3 0  4.588287724331429 1.620491660659404 0  4.904524977392069 1.3 0  4.847805614179648 1.393557495838519 0  7.082827672031222 0.9608513544446005 0  4.673625490705184 0.4560782887944719 0  4.650428782749534 1.885335151817015 0  1.81317122280019 2.646468590939623 0  5.342338963604847 2.470715900035763 0  5.34934550349724 2.383661160328713 0  1.758250102294616 1.913737605398911 0  1.781033770960121 1.795625805405928 0  3.001071629750971 2.152879170398126 0  3.074522096761659 2.051435115113316 0  3.03308617072256 1.33289655518247 0  3.120881672378903 2.898824342711451 0  6.565351398681223 0.7303559003150348 0  6.390786203330576 0.7466765473889172 0  3.506746737873474 1.473485571627641 0  1.87520805158324 1.538821887631237 0  1.960013879528095 2.59744587982347 0  1.976727036160642 2.687612215896499 0  4.760968989174184 1.615526214799742 0  7.365870089425876 2.345631120142599 0  4.480439842177532 2.52844267511718 0  1.625226585816111 1.854095388371052 0  0.2294047275066928 2.914066723836527 0  0.2450475512825091 2.826915882588193 0  2.0625 3 0  5.093567040509549 2.03244792027386 0  7.227084118470049 1.761659274238746 0  2.336457256465318 2.321156098199144 0  2.227307044215454 1.233136863033159 0  6.950675425762824 0.5983148279284536 0  3.817937636856765 2.232448016566382 0  5.300107147635376 0.2431904687818723 0  1.487361106933254 2.621076520290224 0  5.071616092419253 0.06483378123994052 0  6.046694369741739 1.527739128809143 0  1.100570926691768 0.9161420055790314 0  0.07582801258669576 1.071421506985368 0  7.921059903936593 1.723845790028708 0  4.654741240625799 0.7459355710666213 0  5.591185220814172 0.7321485829524323 0  1.303356271211223 2.225300118814825 0  1.192275354094241 2.188537873688118 0  5.519968598212911 0.4263251103583251 0  6.124024718962546 1.559388318423686 0  4.954772165490317 2.499338701899787 0  3.363514283460375 2.373154487531876 0  1.399628863659566 2.320870411487605 0  6.216612380926329 0.5375224087615644 0  6.313668174484888 0.9906304402210734 0  3.146320109031738 2.599473570862473 0  4.851252204411056 0.6508843326054005 0  6.837277199203471 1.61370812516756 0  0.5124048426538848 2.512386670395059 0  6.907590064000818 1.345696009659366 0  1.031777338715193 0.3390453537028115 0  7.475253008392702 1.317123500028899 0  3.924109302112963 0.6621077433592425 0  3.922140549359379 0.5743474016249238 0  6.224250534210162 2.463194611840677 0  2.318979089473411 0.3278732156173378 0  7.866577558613354 0.638129656071592 0  2.918342358572224 0.2659591983832964 0  7.831044428063173 0.2515771790751534 0  1.502274621269711 2.055638481053398 0  1.562750741871878 1.956018375001301 0  4.691299375118078 0.9240697491548705 0  7.100877556450983 1.819407562382775 0  7.091760985332301 1.985708894440201 0  5.205270191006887 0.4711364923254947 0  5.35502244223373 0.3856383706595388 0  7.929803247099906 1.265625 0  6.496138809359872 0.6598497548201132 0  4.007304266719358 0.8477113755603591 0  1.903110536224032 2.267999758101417 0  6.202096653861479 0.2052015295246096 0  7.511766820677606 0.6122288078347434 0  2.568340756816634 0.2884113953927322 0  6.34660034263636 2.50165260634576 0  2.406964778373914 1.540264548688036 0  6.809402499007057 0.6635471122444851 0  4.746744151217507 2.656079750424818 0  4.811784091690226 2.568762992183 0  2.318085299762459 0.6992615823549342 0  3.264166185084301 2.480153876501177 0  5.556505254885646 2.238610590775708 0  0.07318962349835394 1.739409584169159 0  3.606390327834063 1.964875685546042 0  0.06804230302789335 2.765625 0  3.112310789555294 1.470012967253136 0  7.758433441206274 1.609179405938009 0  4.189056970586976 2.713187454825423 0  3.95860130487838 2.409305841484757 0  2.295113657014829 2.672935197210413 0  6.172148957988752 1.40775368755587 0  6.373704542675539 1.626105549711631 0  7.6875 0 0  0.9049721969055751 1.080640286384442 0  3.305650999103676 1.274955221462946 0  3.192207626262605 1.209617471453549 0  3.142371733285682 1.315049928554187 0  3.519953432862557 0.7697085830181308 0  7.00081945116186 2.707718254643122 0  7.774788421871138 0.1899756208305507 0  4.080005138027133 1.489947421347676 0  3.923866198909207 1.478083363921226 0  3.51126279922509 1.617138653492221 0  3.37491264021005 1.521206264788475 0  2.024799579368903 0.08293924786469142 0  4.901964303869256 1.776944471261607 0  6.836565010369917 1.202710736580186 0  0.355782594950794 0.4524171106876036 0  0.4373129860308281 0.5540182991161211 0  0.2714165501555141 0.5211843422068745 0  3.454169283615875 1.016259973876226 0  6.201216765511385 0.8738734562285977 0  4.220475022607931 1.7 0  5.53957111286868 2.514192252767911 0  2.723476142813853 2.220851398963153 0  5.301533427220732 0.06653549151293131 0  3.755683022192807 2.393578767182669 0  3.834477938550461 1.966578650514683 0  1.915737547419765 1.844006607401592 0  6.848353587371014 2.815021471083062 0  6.982919941501388 2.917384204366615 0  6.989072641624109 2.798943394525511 0  2.105254208131184 0.8491210405618209 0  2.477514566975044 0.3208433139379297 0  6.845701982551947 0.7674893339777624 0  4.839339751401778 0.9159718178217449 0  5.914376485865152 1.793917200839307 0  2.03603896280887 1.211529736687051 0  5.449287724251364 1.808780140189921 0  2.060016113275424 0.524268039760471 0  0.0667249761151312 1.640625 0  0.9144860245479315 2.234061141777059 0  6.58388864502384 1.655357604508534 0  4.529524977392069 1.3 0  4.569485070788239 1.382438634224165 0  0.4064308473399311 2.282973108978694 0  7.227727532484347 0.0819785414994947 0  4.938003795946008 2.147612526446244 0  6.331249163277863 0.5739198912218666 0  1.388096310539933 1.237641289748756 0  0.2000701380257859 0.4805310317676533 0  7.398388930338396 0.482444385340477 0  7.455354000133326 0.3205766900705903 0  7.519666748037988 0.4358048208562779 0  7.01543994802524 1.908363304531804 0  4.407259820267818 0.4949241172451547 0  4.392846500576351 0.3878543599428014 0  4.252772836358643 0.4746596359262915 0  2.012280217325743 1.581963946303923 0  6.48893581682185 0.4115159196391639 0  0.06698813541181074 0.703125 0  6.947809959732097 1.432917972903936 0  6.572514005911724 2.327684700424013 0  2.692212637695682 0.236908417807792 0  4.595967919161362 0.687775632113406 0  7.589221288862025 1.037938757613986 0  4.709852616613856 1.770606485022123 0  5.751583803332462 2.287962697000081 0  7.667405805865813 2.263432761007648 0  3.66740555935991 2.528753451811619 0  3.70189045030701 2.638039320330671 0  3.569844334660472 2.659506177438049 0  0.3697432110590413 2.12462246275582 0  0.3092024671268254 2.220978856457656 0  0.7142650422002672 0.9028674434273741 0  0.5829844202509399 0.9830208787870902 0  0.5466596056985458 2.378320377820201 0  2.105580857911772 1.289252748426028 0  0.9946935887243025 1.985159461489244 0  6.256710653739241 1.542306302411969 0  5.22377954396219 1.612069463666839 0  3.206615935251902 0.9792328372317308 0  4.846502552997012 1.663125885178414 0  6.922598028577201 1.809150047044978 0  7.042101912052676 1.731551994510818 0  5.154524977392069 1.3 0  5.179230644801271 2.26484398422537 0  0.1815045675722828 2.483490264720979 0  5.506235567484454 1.657453279343463 0  2.105567424098005 1.108822028550792 0  1.854554636636316 0.08039147797275922 0  4.273540541564185 0.3965665180084217 0  2.73620431565649 1.389078090229607 0  0.4835110769175845 2.906660730495529 0  3.210063573573839 1.103936504587282 0  3.313902429899942 1.102039005013025 0  0.7339681055116745 1.992396874534401 0  7.388461689013243 1.726479709411183 0  4.019868729017441 0.4529689379181187 0  3.529524977392069 1.1 0  3.132269055858016 0.3713667783353991 0  2.461387077861724 1.393899258071658 0  5.887633823178108 1.624892846452432 0  1.324135643179911 2.444531468722759 0  7.291711999291803 1.656247839060343 0  7.581905562243588 0.7924670111458869 0  2.456524158705976 0.1697301273504677 0  2.051834624037791 1.744060845765008 0  2.694722808790994 0.8928630823904625 0  6.091392037552936 0.2520180615877342 0  4.48327761403783 0.2439688317708991 0  4.547364611466926 0.1845665388278778 0  5.883842878737997 2.425472619549743 0  6.021611039423057 2.344221617024264 0  0.2163758387586724 1.043747906738314 0  0.07470756162663859 0.9688034833928564 0  6.055560226024574 1.313431464408688 0  7.090966675655823 0.1747998514632801 0  3.693806448439124 0.7967594976001188 0  5.046818529294167 2.931345153262389 0  4.779524977392069 1.3 0  4.831834391386558 2.025215132340569 0  3.595200712474222 2.922485141602539 0  5.800843546148728 2.540439690162442 0  3.064534962440621 0.2373345131842081 0  2.953772245854492 0.1730967471710997 0  6.305230041228502 2.000920132930379 0  7.796766704779484 0.551762757452844 0  4.101640721282628 2.611896536669468 0  4.123999997764466 2.477409917854745 0  5.89047857956539 2.915725890292431 0  4.3125 3 0  0.4571878037463256 0.9766264409407798 0  4.801870955808351 2.243038342311105 0  0.9264983874687736 0.380012802068951 0  0.9319893693833798 0.5179627616837224 0  0.8190794255252898 0.4941855677488651 0  0.7694061785062254 0.7469418770399611 0  6.65030105289647 0.6018966796445686 0  2.407147621059655 0.9598126977344653 0  2.638822016269506 1.619684973264049 0  7.704107736070696 1.009910602822029 0  6.43479667309408 1.472040369573618 0  7.185147847481684 0.5847850085255307 0  4.620209163268827 0.3363044090310544 0  6.427359170979773 0.3330541774217763 0  6.346957534883702 0.3575413154137431 0  5.699975848878721 0.9578361021493761 0  5.024194618394932 0.6580857628902516 0  5.297157234215677 0.3241125652639618 0  5.456379608838279 2.822140796220583 0  5.425313400850183 2.724199784173811 0  5.394199201027012 2.588944377599275 0  4.821108540573597 0.1946681958342482 0  7.282899092396295 1.979900845340676 0  7.316340972276634 0.2210889899544791 0  7.448936309977945 0.1827526314218383 0  2.6875 3 0  1.659868516946377 0.3642426265167675 0  4.407449050726494 2.56080025573175 0  7.655565588685007 1.255575235439108 0  7.933623841463711 2.390625 0  6.069561034114841 2.51289512587408 0  0.5835642864579911 0.2221430228814066 0  3.94699294265598 0.1685606459265338 0  7.299578743159842 2.774617242014569 0  7.266312548426837 2.920361990766889 0  7.350597522019125 2.923812532576624 0  6.080189079392828 1.687737460243381 0  6.010384534860981 1.797469149815492 0  6.169244634338061 1.77809543270303 0  7.226364195116811 2.662701131668899 0  7.119989391392481 2.555828568855209 0  7.089982568917442 2.684402939696506 0  3.592032901064733 2.078873203731799 0  6.190318809168496 2.54347477701072 0  4.487951249591548 0.7657752499925337 0  5.923173750022369 1.299388881955826 0  2.758302746786284 1.466353570100513 0  5.6875 3 0  3.552560890466496 2.271121897666895 0  6.77752221621718 1.895671954831647 0  0.9847091798094795 1.425742695420285 0  4.774291303775027 0.6787479197543473 0  1.250120390457471 2.071175335886516 0  3.704694061722287 0.5024309531031489 0  5.609456534656759 2.384059043274173 0  5.632402732955958 2.305853174473828 0  5.149816564832786 0.6324442553120508 0  4.843629372177652 1.481334176286768 0  2.67378012970078 1.977682359835044 0  4.35144451213823 0.7457335700175836 0  6.204043439934389 2.805824850473725 0  7.935113337386383 2.765625 0  4.978726970706558 1.636931529323515 0  5.009118458259056 1.715940935006017 0  3.994328060907698 1.630130033242356 0  4.159067151030988 0.7923528917255975 0  1.037297410615051 2.13216026923043 0  0.91276839853201 2.104522720057664 0  5.408386340664422 2.166543586341872 0  5.261514066389547 2.497390233648774 0  3.402148877265839 1.351684392923352 0  1.644840130186624 0.2850706831642399 0  6.28403356786006 2.611355689245672 0  3.315793310016163 0.7701468791657234 0  2.5625 0 0  3.031701042330306 2.528010313643716 0  2.992633177238991 2.638844465686967 0  7.920854045848896 2.90074715521038 0  1.685403651350783 2.817646104608189 0  2.477104108623863 1.955927353179854 0  2.427641865084491 2.082027932148614 0  4.1875 0 0  4.229305335192653 0.08060340280160974 0  7.038314469112521 2.20992498128371 0  5.134177776415317 1.377394896005485 0  3.162456119369355 2.147028597427782 0  6.677021066460804 1.518086268208968 0  2.014173638707971 1.407103639380595 0  7.673667177510453 1.380400379546784 0  0.2568718373457119 0.6156570887722949 0  0.9670488989985183 2.774036317972721 0  1.881070862476259 2.579848405880678 0  5.131356120848737 2.710702683543158 0  5.04587118219668 0.7572181451376515 0  5.146903776918745 0.7582587806356083 0  3.415643684793489 2.664072298768516 0  3.292125778989996 2.564848221680359 0  5.665756215690223 2.123010604866769 0  7.522107525595837 0.5333698979549009 0  1.294629809294347 1.495626081028622 0  4.154524977392069 1.3 0  4.185774977392069 1.379037213616796 0  6.830466267969949 0.06469419253524755 0  2.606679589629105 2.81172922327766 0  5.810563306135273 0.3930683112991866 0  6.845883338398429 0.2080120636850095 0  2.218227114390769 2.532652997039643 0  2.783388371744062 1.018758162543362 0  2.393107109272651 1.623098817174815 0  2.832680596668596 1.490902533690817 0  7.693758775943461 2.811188044469356 0  0.9843766058770471 2.271922395323761 0  4.469255354197093 2.924417660360118 0  5.997601139107482 0.8753853154777418 0  0.0625 3 0  3.681117643411182 0.332265169017295 0  7.439471203074261 0.6457924358931958 0  7.654462288644812 1.489008236517089 0  0.8747027046749227 1.893660011511566 0  0.1728307132852564 1.522819647544327 0  0.06249097644164811 1.546875 0  0.2048681225677008 1.607951105397821 0  7.587985273541947 2.928828852680576 0  4.980882185049976 0.1922005064494263 0  2.898589818979641 2.087458189731966 0  0.6798323632244864 0.744598771668378 0  0.8140101311579524 2.452902853820235 0  6.271689929872021 2.123120350936149 0  4.831352211154939 0.5121928715022129 0  3.624606642343561 2.417499366081665 0  7.302553227096281 2.465103647238719 0  6.13779384021479 2.40082109364688 0  6.737571392778848 2.492244591164117 0  4.460573986390356 1.507840114964985 0  5.272871795949319 2.63044476994536 0  5.202275551549985 2.742392144746979 0  4.943981343711243 2.667041734688749 0  3.540719920847907 1.544315074614783 0  0.1610427115478383 0.9329375486248883 0  2.776803998711823 2.557810264118103 0  7.480491408526734 1.067313962304256 0  0.7300489127144294 0.2985159761553036 0  0.8167819682687139 0.4139974442355389 0  3.344631719926242 2.803303828851915 0  7.254766949247506 0.5482669917149374 0  4.470475022607931 1.7 0  4.071618056611753 0.2158679771092384 0  5.961060406617478 0.3408041015043278 0  6.047732590726895 0.3479235226852611 0  6.328625604050053 0.4331792042814954 0  6.001362079691082 2.468497422889206 0  3.55316461503167 0.8400079985173229 0  6.88042206416012 2.566319372882361 0  5.717753029976119 0.3263388165508598 0  2.682717791540191 1.251708547736021 0  4.647447244622779 2.204436306364333 0  4.900187821589773 0.7694569547268255 0  1.007321516862001 1.54872235398383 0  2.787705697561578 0.5859689272932672 0  3.513388783583821 2.383099122838103 0  0.5838250273286687 1.956502887126899 0  0.7177547784104542 1.889170582376876 0  4.278521894116571 2.523609798215011 0  2.159700328183049 1.380467001055875 0  2.910909239646145 1.136928109867132 0  2.571422523418469 0.7463098886466267 0  0.4761355972066186 1.21457266431321 0  0.3613388240024057 1.106985470138751 0  0.4650216047964811 1.089412510835464 0  4.744142794831134 1.994402309878173 0  7.576874040648392 0.07949864345231561 0  6.854240350418046 1.887958188623158 0  2.516543615516504 2.111105453301669 0  2.599719619129885 2.119534286418385 0  3.386123277954574 1.2 0  3.74722515736044 2.268755997914939 0  7.286853361438629 0.3349546791974647 0  1.740557322899775 0.5058102307685343 0  7.766521948224876 2.924908300038398 0  7.818504779214831 2.786073851735572 0  2.898884460914612 1.269058720256075 0  1.044968497520293 2.774584892653501 0  5.314267272508762 0.5323698091083089 0  6.647288396416354 2.752308545410764 0  4.111819955746103 0.4226735301646405 0  3.929435666956825 2.788271198906751 0  3.959648227674622 2.716463768075993 0  2.715558836151516 0.45129808246933 0  7.936334759909987 0.6056884101677211 0  2.966612120033963 0.8370068344688111 0  7.462144501585389 2.11817120550571 0  6.692614913577358 1.423571951864213 0  1.256285946136063 0.6452036717726997 0  1.196271536463744 0.5944118163155486 0  6.764357204651279 1.279142763363936 0  5.816637032598467 1.73368337780685 0  0.985137031306029 0.8158201918529132 0  0.5246266548168 2.634067659594975 0  6.95980616823149 2.048728172315536 0  7.637110722416537 0.3401870464140893 0  5.552797824463814 1.513540992984291 0  5.408879011387296 1.464222617125723 0  5.457658366084147 1.575206074615366 0  6.751297870546431 2.032801751191543 0  2.9375 3 0  2.902865766717798 2.613962677566475 0  6.846076718527289 2.042047485093663 0  3.439149001272032 2.494720179873995 0  2.051567576373012 0.6003857413703377 0  0.06044540119998049 2.671875 0  0.1802334016528063 2.649795837377618 0  0.1422571403482732 2.783280497234996 0  6.956222344607332 1.510792592215842 0  1.53541402318604 2.255717883018133 0  4.73538645913592 0.2112810687696882 0  1.353022843131616 0.9863807425410305 0  4.194261929669411 2.077538551156488 0  1.734255476620302 0.1812221640672738 0  1.769383967452342 0.07394752831992855 0  5.750672745343196 0.8334268912340381 0  5.153620239804989 0.3294208186269421 0  5.532216902213222 2.670221016203131 0  6.54058193073035 0.2059747348918784 0  6.507612364563437 0.07751085301235608 0  1.535529730820823 1.799629094701543 0  2.251447162881627 0.941261025448072 0  7.376270695517185 2.270256615322449 0  4.947146744734463 2.063913364279065 0  7.704567656161384 0.6905105035442948 0  3.882325602745555 2.274005788064537 0  0.4583541398029757 0.3399737602537581 0  6.491854639889303 2.179679803966557 0  5.551099408886029 0.5732862262978837 0  5.499462669138693 0.6828967413020536 0  4.938663685335521 0.4430739727480605 0  2.44798780695955 1.813548523049066 0  7.076360755983348 1.204875629708653 0  6.55975509502893 1.562705574501838 0  1.654968244314001 2.311865731765292 0  4.168131520249801 0.4879894189830608 0  1.581277554043075 0.4116632373681076 0  1.794247689098763 2.801691445727786 0  2.017884271150483 1.944667687293792 0  5.252255959975964 0.8836975827791564 0  6.473260749027403 2.927990867608565 0  5.075066675007614 2.303338565652662 0  1.23658425400959 2.922677917679397 0  3.793080505902769 2.645764521960987 0  1.478428655305658 0.1939947059648027 0  2.154458269790573 0.9617971852620401 0  2.491634960816492 1.322340893243517 0  4.313906236830715 2.325471382218964 0  4.700273726366364 2.828623962076904 0  6.562693729254093 1.749559909400873 0  5.125938159093735 0.4872134036770079 0  5.074088362541193 0.3629971487469019 0  3.621543879311866 0.6526723879397823 0  4.113332582666853 0.3469303882001919 0  3.217288448947189 0.2342776319085066 0  3.294004015337515 0.1993796609362993 0  4.578797310691766 0.8499616063401143 0  2.511011590914001 1.531481256875655 0  2.541382874361513 1.622719538458317 0  6.031841218581421 0.2028489328683278 0  6.932613011206952 0.9892281409238508 0  7.825469641551516 2.498161131784208 0  5.077671463078326 1.024498746439427 0  0.9848826111486539 2.524073559278948 0  3.036598301128392 0.7982720181895918 0  2.209965695222945 0.5863707794495655 0  2.172784678064414 0.5142102603270464 0  2.217035879751818 0.8192912682359729 0  2.177207228525257 2.124954306256097 0  0.1538678864512427 2.219484410763469 0  2.803384437438167 1.253715520488476 0  4.011881970966222 0.07818304783179562 0  6.879130291891347 2.686540156064286 0  4.803250819749951 0.8144091868479731 0  3.957590449280948 2.25902083599645 0  5.026577631192398 2.775150671741823 0  4.949833639418588 2.860389394050565 0  4.279524977392069 1.3 0  4.325305879725174 1.378277062555044 0  1.172539318714181 0.3726095845465049 0  6.614548395157388 2.899900780015739 0  3.324099129500395 0.3518155812704737 0  0.688552638388518 2.38196769302613 0  0.4601269450279297 2.228945770425268 0  2.418647644241476 0.371526410141966 0  1.368711615299456 0.1662794788170197 0  5.196780874689953 2.447434252439989 0  0.07225419198372403 0.4477923859873174 0  4.268385783861565 2.926777056047818 0  2.469987300935119 2.437192328269614 0  6.352202182223464 2.846751846446368 0  2.199618460179866 2.794406121666547 0  6.822136878946353 1.494930016669532 0  4.933433333293398 2.355775468128684 0  0.9719494220996088 1.839915771212939 0  6.990557784735394 1.651465806348184 0  1.193493026165873 2.812901556369487 0  4.967428805723427 0.3308562283816407 0  1.385439717793787 1.674463657425155 0  4.051649922906628 0.5693360188870958 0  4.06773528373362 0.6615457483143934 0  3.205374545584879 2.373795227814409 0  5.680055492421216 1.878874071700296 0  6.186178257399961 1.515913961861648 0  4.258788043996521 2.60685593304752 0  4.341831842826389 2.659775595596394 0  2.505110606354769 2.521929024093729 0  2.356336544780707 2.493260750201401 0  2.073096529185972 2.922520775029616 0  4.088232175335521 2.770627732537593 0  0.1198335078160359 2.922381554863622 0  7.928840970446656 0.4976578250862515 0  1.468539218220616 1.902015526734618 0  7.199050152306676 0.8279814426179989 0  4.517722099629385 2.459571387141658 0  2.576042764667864 2.252670232675076 0  2.324026548077252 1.796185781781513 0  2.351750848203304 1.685323459359046 0  5.92501149354692 2.074066033771181 0  3.500109993425104 2.185543051569572 0  3.425721700039291 2.137583560596453 0  3.357069684858173 2.19020444359835 0  0.2976166414707158 1.00268191015703 0  0.2666662276257938 0.8985451485476348 0  1.136455002247569 2.621596699237255 0  5.53228884639471 2.128677282895601 0  7.140110819312083 1.666264480248434 0  7.226887900127643 1.599264943140775 0  7.524317774274067 2.715157778325632 0  3.640874799551826 0.07684253228731794 0  6.23952094985521 2.039663625203571 0  3.759897765388684 1.628227145488814 0  3.785545940443785 1.534767543965145 0  3.644017573277567 1.541658307815181 0  1.472160370227688 2.408950063407295 0  0.8159081843742784 1.143411932677203 0  5.60997669093698 1.335641037264208 0  0.9168070370470731 0.924245458392724 0  6.584046823548281 0.3764203426517823 0  7.613781810306794 2.330397836613092 0  7.714315830106007 2.395330259990536 0  5.404524977392069 1.3 0  0.7504429198504855 1.053584178469861 0  4.500499519600707 2.075816154388962 0  4.919377233318798 1.372976045720749 0  6.186980289202725 0.3566477707695607 0  7.197212146311647 0.1979744786538779 0  6.459410189117952 2.30288919264315 0  0.8315289130420818 0.9949903555773069 0  6.013333127858387 2.20280787411048 0  6.062842009341826 2.260207980088692 0  3.009378779711903 0.6930272208700103 0  5.962780519222568 1.647377390154681 0  1.435262082710067 2.255780960945816 0  6.326554265826627 1.760215139642977 0  6.432902910469416 1.770032972928321 0  6.441773167955883 1.657350697349193 0  0.7264570107957036 1.735709097968017 0  6.802412769462237 0.9132409695145373 0  4.269218554135632 0.6103070636956432 0  0.5665280813271329 1.086472873057869 0  6.469799894996477 2.518293920286826 0  4.6979839421454 1.468523638902759 0  4.748274977392069 1.367521853082812 0  3.5881057505952 0.9275472213553109 0  3.446745391192835 0.9425586146847063 0  7.505805879766196 1.982781016150877 0  3.066133847719405 1.158586778286108 0  2.985211717901902 1.085179620404519 0  6.769140781660837 0.2954500254002733 0  3.062106049680102 1.008780380896126 0  1.778000942324222 1.688866680190765 0  1.734327103960265 1.625994883661835 0  0.9364678817468336 2.70363275599172 0  2.837724870859757 2.733437232567355 0  4.339334772289836 1.61868562776051 0  7.404295342494168 1.870458494286227 0  0.6703278148836653 0.3843048867514571 0  5.749948847252922 1.012290451329353 0  5.744064555937731 1.62263760935941 0  1.515626766448429 0.2908353382742135 0  0.2365748304681507 0.0752331942241854 0  0.1978546931598381 0.2071783300704397 0  1.698850535651577 1.372932005711039 0  7.188120497912526 2.377263423890092 0  4.095475022607931 1.7 0  5.278304025944668 2.244086889585583 0  6.768667431624745 2.587819446131044 0  4.033600921778785 2.712423089861223 0  5.536998144653518 1.323847617084146 0  6.97342347048059 0.7333202879441991 0  6.249530409368895 2.735266295796016 0  2.145461844129561 2.308550932048657 0  1.327990776833552 0.9048292220565949 0  1.466634963383902 2.546099611171191 0  1.335738787473779 2.565888825074223 0  1.357132680290319 2.64811084437996 0  6.95562434196506 1.199838073179601 0  0.6313636667074262 1.218536369462838 0  7.238760818857105 2.323183253624485 0  1.670633788361465 2.465711040200209 0  3.888186766814242 2.926541350361837 0  0.6983688462693981 2.837619578827516 0  6.130024791799224 0.6571567061351971 0  7.238720090425806 1.919239827531733 0  4.129721983688182 2.864661180817456 0  1.768002812444878 1.184671928798542 0  6.504491212863511 2.105735093628377 0  2.360795153726866 1.244283891913926 0  7.836331059755383 2.260823894673127 0  7.845744327323722 2.396255104207667 0  7.933642848842144 2.281759592414928 0  0.2016591861452607 1.791363586007912 0  0.2233885833269969 1.69798004604031 0  0.1509881512337583 1.658300792295596 0  1.412579941019344 0.3344439057829098 0  7.930826635784375 0.1560576506254446 0  1.568569985713119 0.6665536503586524 0  4.867758120563138 0.5782927514467483 0  5.493922806826546 2.278369912791138 0  3.404967722010626 2.311768625360844 0  4.732519052618358 0.5285121174587589 0  1.973112197612128 2.205963340892754 0  2.8125 3 0  3.668048493797732 1.624520878604226 0  2.844328942751367 0.2780073636714608 0  2.993248560142796 0.9434811156968971 0  6.586675754179738 2.227560224194114 0  6.629995451561332 2.118490102913359 0  1.325715468514994 0.6185520538430112 0  2.759902382397001 0.9472090023984955 0  6.601407404172734 1.191788084318715 0  0.5940891878423804 1.413828528690728 0  0.457790700490016 1.368404286153147 0  7.943236225205633 1.828125 0  7.803064766141993 1.79640083946818 0  1.043391375195484 0.7710300726899932 0  2.449922978127632 0.6152570356501675 0  2.888514293356653 0.4751627183805834 0  0.9375 0 0  0.909879025631712 0.06991323768975564 0  3.674887527589652 1.038152771181693 0  2.697780925683443 2.685665885671887 0  1.226497296472709 1.868727433444608 0  6.526516550378591 0.5915852509317029 0  5.291996981496432 0.6514501954794111 0  4.335598862795691 2.055364574860556 0  7.645904383736855 0.5303196287836328 0  7.164181971708697 2.711312080019038 0  1.701071768838953 0.6513968308625766 0  7.031855490865556 2.05823386931994 0  2.344329094067793 1.128639462670761 0  6.866607058911396 2.253575672553726 0  3.12139627623475 2.73099481980204 0  7.679598131059966 0.07478753493415838 0  0.7266937653537489 1.474868764644467 0  0.7830870729822911 1.559561325189858 0  0.8702495589320779 1.50190337453417 0  0.6867623580753961 0.9702607015863259 0  0.7152308753109073 0.6020746290891403 0  0.1892846202144008 1.92821950898525 0  1.372576885378975 1.119115267970635 0  2.592436485892802 2.508868314473693 0  1.828957487764564 0.8855435874909172 0  1.620443233453616 1.694478365519924 0  1.682102742535896 1.767689902169424 0  2.282328066336659 1.552235794573198 0  2.773703230957639 0.6577202642789434 0  0.8411988177307148 0.8490414500717478 0  1.992345381850377 0.8515763552902483 0  1.964982973913505 0.783184593653882 0  4.29878910972424 1.498521705276639 0  7.935814935179263 2.572513379345425 0  0.4034295044967864 1.529075079413483 0  0.3605868725047561 1.422457067583455 0  4.84375 2.934762993170075 0  2.447125578375354 2.837733138236892 0  3.401240662633219 1.623035745553623 0  6.32281224592275 0.2031600593295428 0  3.125124469735878 1.632541827974795 0  2.315471872528124 0.4692959299907125 0  0.116790915985961 2.081363581627203 0  5.520605122091848 1.15 0  0.9386789732840344 1.574693539615008 0  2.669149003516205 0.5634335309824575 0  1.767685355341418 0.399376313796985 0  0.9092049795457741 2.408531649145068 0  3.1875 3 0  0.7597439736070069 1.298551560334388 0  0.7199618745310316 1.197097576248761 0  5.223295517070198 1.828900400477903 0  5.751452224015815 1.124541924830621 0  1.556575680884283 2.104487714251079 0  0.5484871419670236 1.550660526887331 0  0.6261143137777138 1.5107143088041 0  6.258965960734348 0.07235881866306337 0  0.8027105930750988 0.1498634499605535 0  4.760281520573811 2.392072100056798 0  0.1583343609804471 0.8048502357999454 0  5.908192881621646 2.807452129367203 0  5.986178609711067 2.928872502931176 0  6.026726744234868 2.840957683356313 0  6.896632357059041 2.371767214487485 0  6.87112286698443 2.486838155985265 0  1.871425476380394 0.7830311665962989 0  4.89647821540044 1.609848773993184 0  6.661371594129103 1.787597506580276 0  5.071973321758598 0.4361467939710459 0  7.55543313324879 1.178998671327387 0  4.210900895576056 1.017804821942415 0  4.154524977392069 1.1 0  1.297703636887586 0.1817689349879017 0  1.786925346872373 1.366659795204346 0  3.919233029997614 2.65596667807792 0  5.340906444383054 1.919524569945267 0  2.075542910597031 0.7294567381047808 0  4.980488582283407 0.7184666511010386 0  2.969891208067544 2.934593678823665 0  4.723569771223932 0.6006548866864534 0  3.983864744893854 0.7021557234854563 0  1.137029846570956 1.536230167151397 0  0.05813813919032586 1.169369904058897 0  7.370875748754696 2.696713064324256 0  5.152399104045394 1.479141521620025 0  5.199547855755481 2.125647593021048 0  3.99475769085891 1.000384129302146 0  3.454494736456666 2.749882433747341 0  7.312234551149979 0.6879550610972203 0  6.062157808613947 1.24136020125404 0  3.466086848003315 2.611877803022386 0  7.167090349947784 1.915550870142016 0  1.906412810297983 1.766387044701242 0  1.059713690608566 2.847841796495812 0  1.065268389855484 2.648062771395553 0  4.212473961590246 2.240251741249597 0  4.236302376526293 2.383271860039702 0  0.4571963858007078 2.658109090086656 0  0.3789751036041026 2.841409565341569 0  1.775053978377551 2.078360449383323 0  1.924363510575279 2.109828940704549 0  1.834488307105759 2.165144613190574 0  4.421312349019071 2.334514364043551 0  1.170601868678083 1.054900025319069 0  1.171885068768806 2.741326331607253 0  6.131221562496544 1.631464767751328 0  0.7031408865481793 2.639348041034321 0  0.8204350689301325 2.606650086911692 0  2.884326477436871 0.5787049593339442 0  7.838711824364095 2.635566689044341 0  3.098261552969265 2.663147455234785 0  0.8014391573199522 2.135989839933818 0  6.450827707101475 0.847035278097491 0  6.691405807418175 0.1887873520108837 0  0.4997569215299774 1.729677242150205 0  2.796429040015009 0.8027250680103413 0  5.106239758782761 2.53290645775929 0  5.209913219666215 2.591327541494888 0  1.939069462055056 0.9810000333349792 0  7.838015379592689 1.860280044761194 0  3.220740601881952 2.620107246761403 0  5.436055686161978 0.9498495027826256 0  2.381133083078691 1.839665740572953 0  6.906308139098661 0.3293873369341433 0  6.98309921015823 0.2834508966072778 0  7.041956208857407 0.3803561747212176 0  3.824688962575063 2.550176071604025 0  2.17225835305578 0.1430264380524798 0  1.710940110793782 0.2582467036858418 0  2.955424374629554 0.3596205058958704 0  2.797601808310326 2.3056228094281 0  0.8611242516839707 1.227641695915047 0  7.146701172174463 2.234869360529747 0  1.243625488085628 2.328429729080566 0  5.385984407612835 1.369910352972745 0  5.651765819979976 2.441295295959292 0  5.752372494884966 2.420794357220526 0  2.481430554780969 1.75 0  1.511910829302895 1.217309161009756 0  4.229395100217001 1.515414227295228 0  4.408452382107336 0.605549284550042 0  2.425825473966622 0.2336121232095976 0  6.233003686763142 2.260807338985121 0  5.208719286532307 2.371778142932533 0  0.5403118200949768 1.304310531737424 0  5.666210262671024 2.668593790169224 0  7.850335116027654 1.727499767596332 0  5.933912833505491 1.931453763631426 0  5.1875 0 0  5.160706841726582 0.06698198702544383 0  7.555155319055129 2.819793418175886 0  2.948257154415741 2.298284948517371 0  3.720475022607931 1.9 0  3.69352776322616 1.96694827473239 0  2.279249246627434 2.783560036708365 0  4.498274977392069 1.364798361475557 0  4.551967919690054 1.497969774137908 0  3.077449103670963 0.3095305313141432 0  2.54362936483284 2.77339467733042 0  6.453863821476471 1.19621409010095 0  0.05276119695534988 2.203125 0  3.261054009055537 2.925757118282666 0  7.663254350080578 1.774420894450591 0  7.559498778143611 1.805850630883595 0  7.552283596931737 1.687403836742417 0  7.478355221014952 2.383612913679348 0  7.517025616320295 2.292910879617803 0  3.345475022607931 1.7 0  4.140628288006583 2.547421135569577 0  7.652735473049261 0.4578586258261667 0  5.83812689983568 1.956478191646358 0  4.639645434507704 0.6128137997845422 0  1.279668876353216 1.122097277024172 0  6.31195369632118 1.586174532982194 0  2.845475022607931 1.9 0  6.723132864529621 2.147912465677539 0  6.699122833556341 2.244109970393926 0  6.7975482797214 2.267728902817449 0  6.788037721187561 2.370858804317118 0  6.675670865292092 2.457062465576241 0  6.122920420039995 1.831408114206824 0  4.485924221230217 0.9136596344908327 0  3.568280104276995 2.558146300324271 0  2.355407773014724 1.325526692108502 0  7.9315232497912 0.6771101067546031 0  2.49032003559936 2.040838474037567 0  4.943092780134291 0.8569101408928278 0  6.5625 0 0  1.499010081386142 0.07800716310038047 0  1.4375 0 0  1.380914924122796 0.07556406157880324 0  6.467702818420783 2.640999527012618 0  7.698345420049642 1.859997341644296 0  7.606136395282591 1.90373234459806 0  7.647726441267714 1.991381062018686 0  5.582472781663949 1.908240252401205 0  5.759223525813325 0.4881407586054881 0  7.145153702967191 1.003133450737908 0  2.908734064298037 0.9743424484351133 0  2.86079893106043 0.8916251367538865 0  7.803384070339774 2.322837679510729 0  6.447087832628963 0.4749996363130295 0  6.569759077865336 2.825622956774825 0  2.343667858671948 0.8843909709584581 0  6.044314318808986 2.134848134834677 0  5.729549400126984 0.699542387840567 0  2.214023110822918 0.2067677851531024 0  7.285782001755782 1.348374930949827 0  7.255747944519753 1.486739271834751 0  7.18659715568104 1.402657976164669 0  2.78063101308528 0.4775148996509934 0  3.973529545735147 0.2360464568041163 0  2.807471652580215 2.155990893291556 0  4.940149899827211 2.270259849785371 0  4.691692942019335 2.923124371430472 0  5.915935054896636 0.5276290677851689 0  1.627368538263711 0.7611443168087937 0  5.395734704614897 2.517782502556561 0  6.382695582064453 2.928103696067109 0  4.285630179662923 0.5378546874245403 0  2.53009285510974 2.638189184496773 0  2.456823019941671 2.661545817039074 0  2.175158608923314 1.745119592080723 0  0.1645406287897711 0.06473637243070512 0  4.431422358593015 2.771290654272866 0  2.698172815037888 2.396698851430265 0  6.361482056177413 2.147573170110345 0  0.2715748142288654 1.476707788038153 0  5.601809374140067 2.002894507310038 0  4.481150053354825 1.629567222139008 0  5.297536899754039 0.9374214693841646 0  5.24299026833458 1.032396928290253 0  5.161976392485275 0.9514324917769129 0  5.464650420912943 0.8205261757138497 0  1.70200750960936 2.687426304666461 0  7.71649716902507 2.591983938026906 0  2.411694849100043 1.109757644136163 0  6.5625 3 0  3.548998166721832 2.726369629729445 0  6.326477486728026 0.7814465102037833 0  6.309698273666648 0.8511917675856677 0  3.544817830255877 0.6298124066580715 0  4.064071245486845 2.14528243418986 0  1.427958997199817 2.657817635093485 0  3.542640516787951 1.02906002268561 0  3.815906273110081 0.2359888727768898 0  4.220434897525513 2.835746878998714 0  3.179328072873364 0.4245655519040285 0  3.125753076139435 0.5196000252385377 0  3.043549540387914 0.4473307387098398 0  1.213886125304241 0.9282480314889506 0  5.371994205836434 0.0705086709521124 0  3.369191608601655 2.031829452198004 0  6.908059456016568 0.8792128849621256 0  4.833435016622555 1.792099196866121 0  6.532266000642622 1.327239816846245 0  0.6448061204480451 0.5146783528656472 0  1.269708796876482 2.690223692945045 0  3.645317481370447 0.1818689424416622 0  3.741007755254102 0.07123640314828077 0  3.722045629655403 0.1952256737807747 0  1.474700779417977 0.9135676262743899 0  1.476714372063745 1.021560923780278 0  1.787799551860713 2.361252611941434 0  1.72355397272448 0.9610334412268786 0  1.772866655797093 1.053089286159615 0  1.846376802300281 1.025371133299242 0  7.722570383254784 0.3343420050203543 0  7.747808156162163 0.4502308382765883 0  4.714950782894884 2.317003191780814 0  1.341664297740879 2.14456147861126 0  6.170474737915556 1.944375829165803 0  7.156410876047016 1.189380092386789 0  4.16869679718308 1.446455906316379 0  7.772476652457649 1.022148477932772 0  4.502859783900784 2.7729204081114 0  5.380998559984167 1.977051773424689 0  6.550617968085402 2.521541538320739 0  7.16880444914979 1.801075227728556 0  7.343642716586699 1.233600213723767 0  6.70594393429971 2.852194652532979 0  6.785795474004877 2.935967440520655 0  0.05234778701695215 2.109375 0  1.05310400746211 1.769288476365428 0  1.113433799987814 1.681301928545877 0  1.179602136643221 1.791906503151323 0  1.880838202056523 1.648895151311583 0  0.6066235389764147 1.651752850488035 0  5.631754553952986 0.9843452952031152 0  5.661286677818333 1.109424873985693 0  7.60862589553095 2.131879616349547 0  4.936159333043824 1.033399017433111 0  7.379373065257991 1.07498418520881 0  7.357502802652396 0.9866013871975657 0  7.253693055031901 1.073464094581477 0  4.530219133430339 0.4275986857199656 0  4.497046005946666 2.221203774265564 0  6.224032735858211 1.665099613873855 0  7.488400309516405 1.592556881342129 0  7.564990171233639 1.484043580563786 0  7.625943111799789 1.572953614468421 0  5.795016559670181 2.791785395977688 0  7.20048413333802 1.262394028562319 0  3.904222957574409 1.969714588079133 0  5.268454100249286 2.700120342582387 0  6.110633613594286 0.3186678527009745 0  0.7303839954336454 0.2240488927330262 0  4.682179460788017 0.3053226418034678 0  2.306278576487558 0.1713624775534464 0  2.594195895477787 0.124651050386093 0  6.097160606241566 0.7658680616575182 0  1.940464418395696 1.430520383417995 0  4.229503765375802 0.1546686921300575 0  4.15625 0.06270806098070174 0  3.562402391533565 0.52125555504091 0  3.589938708437308 0.4255747507097745 0  7.383397919934565 1.177160395209492 0  7.11272156656226 0.07452149341904991 0  1.559015217986814 0.8837832668078205 0  0.3571163709090272 0.8705884872822731 0  7.325725525762682 0.8305639293318651 0  1.262302359154503 1.18884264292826 0  6.561515538068334 2.403855210058053 0  7.926621563335774 1.395360280397379 0  4.693700071874139 0.1407503072734876 0  7.473203566186037 1.868237362221615 0  2.960571313189565 1.467362827223523 0  2.974595386862175 1.536153738720079 0  5.272757456966568 1.432826354261155 0  1.135136927070696 0.1536927540295895 0  5.474347363923341 0.3462793461755075 0  0.9764100934193103 1.69635852702242 0  1.055160261590038 1.601549571904639 0  5.701447887362453 2.926622295874082 0  1.135182312144156 1.139591549347946 0  3.775362787751024 1.466343954141293 0  5.031456482150603 2.157849791900653 0  5.153008081625284 2.201338359374849 0  1.277445248722034 0.2720535971605959 0  1.031206653367328 1.925742906489137 0  5.499949942762564 2.904984577949873 0  7.057147529847393 2.35697653091467 0  2.808306702104137 0.3384021464221409 0  4.251725022607931 1.638624697281885 0  6.644729320494708 1.926657142801733 0  0.9543779508695248 0.4431996666779407 0  0.6608693805444664 1.371787152345228 0  1.178156252478497 0.4782513686899842 0  3.165483238205027 1.390274544556088 0  5.366706834232412 0.7891825866765558 0  6.706319243955718 1.581737378605529 0  1.844130509464956 0.2145058624956541 0  6.318973750558576 0.6413921842312148 0  0.502353962627287 2.781544525714314 0  2.180389881827221 0.2894385994914543 0  2.197753007577754 0.390233303104375 0  3.365985226817133 2.928630283757395 0  1.173281060171318 0.2869447432904637 0  1.109732987044554 0.6878529032101121 0  3.400163410674361 0.6562878781391649 0  0.3801505361999932 0.09878898209917933 0  2.403775812953108 2.419660039837166 0  0.5384744108000811 0.4574761282261288 0  5.519887427515354 1.25 0  3.645980069782357 2.198587067369364 0  5.8125 3 0  2.188840029592551 1.922901717625214 0  2.385828770981581 2.930838634562794 0  2.089966902467563 2.167787438207632 0  3.862498214870886 1.030000473787747 0  1.024532831423744 0.6308636889939535 0  3.98580514362777 0.5436704040822452 0  0.6311987488067455 2.931475235741187 0  6.990660187340444 2.479235144805665 0  7.42837787343787 1.461409836639203 0  1.334357262574113 2.375650494032963 0  2.406131122790659 0.8113864050161621 0  4.725591545942389 1.673819017325917 0  4.636255559158151 1.568842164424194 0  2.936996689939626 1.20046108217842 0  6.32377129636095 1.29359736784657 0  2.551224868180459 0.1887096377905264 0  3.91338578216917 0.8106513343793352 0  1.266484817256912 0.4947567772407518 0  6.194058141448401 0.633924676166737 0  6.247728809714675 0.6805452209818955 0  3.217953240971207 0.5628675761348721 0  3.3125 3 0  4.411974154995222 2.667782767983899 0  0.4826325832623599 0.6555057590012356 0  0.7361887449552259 0.06673022881997076 0  1.5625 3 0  1.595130362492091 2.934783719681736 0  6.922919942818982 2.160851469892669 0  6.995225013821895 2.26297250818607 0  2.652546072182976 2.618470857381923 0  3.806752854140795 0.7075940761502852 0  1.299138564448245 0.4092706646950109 0  1.371443841569529 0.4128174622780084 0  6.9375 3 0  2.076210616957665 0.3803883787170665 0  7.25687512241109 2.517421722265034 0  5.393417293920437 1.703361426202682 0  5.333696111470622 1.826032919017586 0  6.139732554278404 2.641430277566669 0  6.066645766870337 2.739161910436348 0  6.053242893046627 2.604743383634107 0  0.0625 0 0  3.219309963331619 2.72958824048586 0  0.9044269205872675 2.301817183019905 0  2.774274647946412 0.06789792312632074 0  2.81337194091959 0.1602724598813678 0  2.685299711893032 0.1571431906276786 0  1.1875 3 0  6.514466547431356 1.969279026554274 0  6.542226374324875 1.86399339116609 0  7.046468059092999 1.402451322945168 0  6.143738685079758 2.145791245357008 0  5.636627000686683 0.8218894695567319 0  6.769762358116931 1.624298358687838 0  4.222140181135572 0.7166290371386651 0  4.97667136257569 0.5105726594877178 0  0.2169909409432407 0.7127493665518659 0  7.25181118300947 2.822928331132943 0  7.244433611317394 2.734934556009184 0  4.13627607900654 2.932641638609193 0  7.946124885732581 2.109375 0  1.81205337874299 0.3023612486094112 0  3.807593525199208 2.859127370046376 0  3.670583585979118 2.869070496202441 0  0.04878864868178975 0.140625 0  7.946552889549098 0.328125 0  7.850401869380258 0.3840677660614117 0  6.422784347775883 2.060059935370269 0  4.408255650230982 2.01812415686833 0  5.362838124500659 2.927224971818092 0  5.363990775896185 2.858454433297027 0  4.347769079806568 2.517160054937743 0  3.359403553158147 1.418841224322569 0  7.694320038881196 0.8914524116507127 0  5.613677825429711 1.431785242084155 0  5.408983268522798 0.5674400340138537 0  0.1875 3 0  4.703159502543178 1.839893431618255 0  0.4297084827766792 0.7511319545110317 0  5.883446141806242 0.7827017564686323 0  5.999089011389726 0.7649464490942711 0  1.10208651707481 1.815894389064719 0  7.0625 0 0  1.375066324762621 0.6898385923421231 0  1.284777124337274 0.7793844023831114 0  1.401387550310896 2.870127219878858 0  6.083791304651347 0.5602144393130775 0  4.73722466849574 2.133422321549398 0  0.4385298620052854 2.724957739930391 0  3.520914933906328 0.1349419900737072 0  1.509178144812771 2.748378568170007 0  0.3162951731800343 1.556598646196312 0  7.735683594151905 2.249551131132316 0  6.655263389584952 1.300279816873239 0  4.25689853015997 0.2614347448866061 0  4.322442071009504 0.2445389935947835 0  4.168951741443639 2.30456209485135 0  3.814750426173411 2.709757217622316 0  2.294293479006983 2.026301642093584 0  0.8397103001751596 2.810769421785724 0  6.224990352222798 1.357872368378503 0  5.505016191396982 2.373224590712483 0  4.879042070524473 2.799361486592962 0  4.984917290407844 2.722213105208124 0  1.987913067089218 0.4884749060460085 0  6.15970169573982 0.4965216502441825 0  6.118091440789175 2.871701647064537 0  0.5997802787624561 2.036251168440071 0  1.238254456691856 0.1493095676950972 0  0.8336457214586603 2.712515442502061 0  3.27758194673325 2.248665032013368 0  6.750809330539025 1.832234562779875 0  6.803125606361343 1.753989766243803 0  6.388351035588165 1.141573433448309 0  3.85705011224757 0.5548583716866586 0  4.002058756472651 1.533991420125551 0  5.861106405374983 2.509528953732288 0  1.97600343748917 1.084113370531274 0  7.323030748844528 0.556105331424525 0  1.683263150369259 2.194369938586086 0  4.361964868064032 0.3271661292236634 0  6.631623753662386 1.994125492086226 0  6.785866296916709 2.790408852986709 0  7.604888085148964 2.199696184471684 0  5.3125 3 0  7.444709650079239 0.7690024084841918 0  5.907627924238676 0.6677521151142096 0  4.068967259973079 2.83512508585713 0  5.029524977392069 1.1 0  3.349549041984101 0.2400419807267287 0  5.624402816915211 1.186616743819312 0  0.3995022831047028 2.56511292578567 0  0.3301646880321109 2.502096680698003 0  0.265088312802252 2.58417091309563 0  0.466107821914798 2.033427803910564 0  6.815102862674513 0.4053046642426403 0  6.871144164518596 0.4856733312348592 0  6.779924361956741 0.5334926284341346 0  6.442865388937222 0.9687742438820929 0  6.015887841212967 0.06722722071413671 0  7.469316149047628 0.4858775065906948 0  3.9375 3 0  5.382386869056725 0.1371651491275226 0  1.013957705129975 2.601029311356609 0  4.123643792378876 2.177106804111129 0  0.6783541576297591 1.606023022462478 0  4.096585031587959 0.1515032734330868 0  0.7576073349012825 0.4471386454854727 0  4.357205498200357 1.437334069050627 0  6.298733113012792 1.429925184174276 0  5.525453024545739 0.7445286189599168 0  7.801938850218606 0.7047869975413423 0  7.825086334909266 0.7729146731058039 0  0.8792991982377983 2.572339196867321 0  0.5471220013175292 2.455198826885281 0  0.4177751513121538 2.433839970554104 0  7.129412056238333 1.341945937993855 0  2.911423192855969 0.4112843795915548 0  2.400512742442803 2.579326138693019 0  6.447967960324767 0.5655287332251125 0  6.435727655253529 0.6908303239097859 0  3.6875 0 0  1.480738533287734 2.121020144745732 0  1.576504061253374 2.202384977730861 0  7.383870847891114 0.2252134028020349 0  2.014844847646864 2.453623191085954 0  6.849922476365343 0.2753731546858288 0  3.656310100019301 0.5492346896973264 0  0.2638084812076865 2.300858653583519 0  0.5680071119732678 2.684737042451038 0  7.357292183546969 1.576216559930693 0  2.643280134521212 0.6531977255092748 0  2.542634678589129 0.6125124434902671 0  6.020045362804256 1.022864377522245 0  3.654524977392069 1.3 0  3.685774977392069 1.361415758816036 0  0.1791283938505081 1.10005546107272 0  7.173045643224142 2.142246715498958 0  0.3611584172863768 1.978250903929064 0  0.281139324134469 1.898143195680806 0  3.660036925676487 1.474804220303079 0  7.115449745732011 1.478848029495075 0  1.809408063313337 2.496102270831361 0  5.992459617180039 2.070966326317687 0  5.970715751785958 1.994814556021622 0  3.23050901132807 2.035816490404474 0  1.675078383549653 0.494507568049808 0  2.595475022607931 1.7 0  7.829104918009238 1.590197214116153 0  0.4668440789578144 0.1572576886373215 0  0.8983425442327351 1.326119113587481 0  3.443560140055511 1.494246581391896 0  3.469957689761222 1.369422404420009 0  5.899898344897191 2.265627492889616 0  6.656171336660338 0.8437741752710241 0  0.4813414103523596 2.36501254503278 0  5.702881995243957 0.1886462277123367 0  5.800389990662601 0.1602231946890483 0  5.755444624080788 0.06703473039776987 0  1.959511416330432 0.6694872097783489 0  4.057848221823321 2.471510485019066 0  4.037253327318119 2.59513393856847 0  0.4375 3 0  5.824429008757415 0.243554661684644 0  2.718973227518281 0.3007446099446335 0  1.051112764795481 2.223833785141673 0  2.65625 2.94005540019891 0  6.434821611302424 1.860814510563752 0  1.08170781172422 0.3827833854829165 0  6.579838911418606 0.7952659167705747 0  6.3151237630425 1.057377301272087 0  6.223611218900201 1.116371583597952 0  6.181817106181564 1.060626933372755 0  3.470475022607931 1.7 0  7.230206553340842 0.923515082725021 0  1.943713477370255 2.843026114707532 0  1.132163816148143 1.468296729260786 0  7.144673697441426 0.8657156191288161 0  7.38060043332207 2.837805549043254 0  0.2681715037921603 0.1351565292940489 0  0.4271896960978062 0.6194014374222196 0  0.1604443673750302 1.843159841133354 0  6.220637792233483 1.822327303234122 0  0.5937770823489072 2.172910526971947 0  0.584583613414017 2.285520516158111 0  0.666094670815464 2.291432400517792 0  7.5483957760075 1.621084966813719 0  1.33009114791363 1.943432920986198 0  0.7893285414757479 0.3286460313579567 0  5.518104299394417 1.057098328241312 0  7.299591685856434 2.603281131533723 0  4.917259067125054 2.553915080594793 0  4.1875 3 0  1.341507106638572 0.5538927323469274 0  0.4089513052132567 1.721405009719283 0  0.477887300859278 1.607698836978123 0  1.636458532793294 0.138623928791665 0  1.624105396732096 0.06985948767288398 0  1.5625 0 0  0.3900803304366356 0.9691893831274189 0  1.654895592442058 1.540811292944513 0  3.991389661564768 0.334860482437945 0  6.100452276805295 2.025059678719405 0  4.137883099370676 0.2045474123677689 0  5.9375 3 0  1.976115876823373 0.3834623205822517 0  1.867552776920505 0.427723550644091 0  7.85382503872268 2.041685936593368 0  7.848139746824243 2.168475951494684 0  0.7989485856250244 0.6847379585363588 0  7.8125 3 0  2.976591384024263 0.234992974302615 0  1.737981000189147 2.557807748227744 0  2.240250169527441 1.07213720449897 0  0.6960579140615381 2.230559527264968 0  1.134378163534132 2.324592944559623 0  1.140782498110614 2.230449647998721 0  0.3125 3 0  0.3438782523228235 2.941932052894476 0  0.3107048152456292 2.817729870431188 0  6.057573242383088 1.46242478648194 0  4.887710765606885 1.915536876195612 0  3.679891372662363 0.9052545574464836 0  3.767914978260206 0.9531293373533654 0  0.979979530460471 1.018467126701745 0  1.045584119901465 1.039008555277976 0  1.100628637710803 0.9974982729604791 0  0.7841344691395216 2.035064089027586 0  7.647622730084903 1.700097270337373 0  7.478099217832325 2.934931396948651 0  2.489396855850933 0.4953282435833116 0  4.252159391771048 2.109201484889698 0  4.8383608455709 0.1276331009741646 0  0.3260148489584802 0.3918443315706585 0  4.808699390124328 1.878831556416941 0  7.210104895410231 2.441230044349318 0  7.117607203196882 2.487669498279383 0  2.844626100052998 1.124284072784239 0  7.1875 0 0  2.787674092030594 1.632957668995289 0  5.067940601274568 1.971858460010156 0  2.6875 0 0  1.295764883515247 2.794366900027816 0  6.764782944031417 0.06400189748603771 0  1.63617086036192 0.5474137460357977 0  6.677745385370459 2.336252398829523 0  3.124767661530072 2.251193588193479 0  0.3362926808998347 0.2233821933821374 0  7.938260361237023 2.50576570321751 0  5.936778469214094 2.559018722455834 0  3.779606201720011 0.6182597248582377 0  0.6402886552449472 2.594178955900613 0  4.606991245579425 1.43680551781355 0  7.788985509230458 1.150715145114018 0  2.626259709153355 2.024536967897505 0  3.866943670687981 2.338072445052414 0  4.614699866988103 0.4848685871285474 0  1.157597660205196 2.128703069513969 0  4.91626885890763 2.446173560204102 0  2.913029934101655 2.519556699299045 0  4.613753119030233 2.933278113454407 0  2.144983669969064 1.600480045086172 0  5.891251293903288 1.058792882541851 0  7.144757007885627 1.069417490704398 0  7.023861639063492 1.010142165283831 0  7.049816590031372 1.101792692922572 0  5.121438080552974 1.794299584907027 0  5.095995572245839 1.882829802732321 0  1.826478290348328 2.034007555359494 0  2.658120481158049 2.335108276922483 0  3.028104369555928 1.21395623238978 0  3.124098039201582 1.212166550079761 0  6.713174565939477 0.7829328141270132 0  6.788640404741357 0.8047615985991239 0  3.929140304473929 1.637861093327588 0  3.887141054498901 1.532369025375107 0  4.423226559888051 1.453209040031064 0  1.794023735572287 2.294747767537443 0  2.398613144637535 2.71043608114818 0  0.9020614196749939 1.629533188353343 0  6.640492794175624 0.06682125462146152 0  5.414128184509582 2.039450708018577 0  5.50379632254533 2.023262820584322 0  5.487147330205261 1.931040524786396 0  7.598330529084118 0.4198408516811503 0  7.540784584723522 2.212005511168396 0  6.013733594815659 2.656814467688647 0  1.130833108217974 2.009021161392671 0  3.231087567660964 2.818956131536461 0  5.826562400323163 1.410823692610411 0  5.793783186010869 1.510175566906695 0  7.520895005236998 0.3124832442192336 0  0.6744289421379447 1.838636252399523 0  6.627948575842311 0.7103524578754954 0  3.845475022607931 1.7 0  7.247736160497818 2.115695473006804 0  5.92188446459049 1.504347580577474 0  2.151157332450866 1.059078064179668 0  7.129955570544064 2.769494228822508 0  0.6474544115151335 2.527799049458666 0  2.341007261469418 0.2666115313792242 0  5.669638543968404 1.555849627058484 0  5.624049357883034 1.673462339793718 0  5.696495447659882 1.683687190321969 0  5.933758156589456 0.1477556430346582 0  0.8371779822213102 1.642876385449755 0  1.071271240017153 0.5592566968069606 0  2.606150568557978 1.106976662463035 0  2.0625 0 0  5.833659768384101 2.20399378176691 0  1.599453815182067 0.936090449492976 0  3.333649406849438 2.434828784786127 0  1.13040251891943 0.06769369580799876 0  1.1875 0 0  2.01849187730192 2.74031641700783 0  1.919084621363387 2.719544200015318 0  4.516833118810754 2.66704844581471 0  7.629721148042981 0.9047187475313496 0  0.3703642227451819 1.848219889994703 0  2.247540407607984 0.07310611726263941 0  4.095475022607931 1.9 0  3.123257247513378 2.094845765588901 0  3.318522801419657 2.719611597780145 0  3.426226061178767 0.8809517430388774 0  3.454303610223048 0.7760920984327738 0  3.495947573279938 0.9001841552063913 0  6.909164615567084 0.1906832610724032 0  4.280274262648447 1.981263946118371 0  4.521427562189857 0.1238841252552287 0  3.335680542131987 0.9751947760295773 0  6.320612519418877 0.296465609328304 0  2.762644616391812 2.049050413367042 0  2.664786680578779 2.112638692477772 0  1.445971699233331 2.177656903775026 0  4.838950729483255 1.727509391968897 0  5.282734195530615 0.7772780390706998 0  4.595855177594485 1.033702579910375 0  7.398767451822147 0.3551833753592968 0  4.126725022607931 1.957250525331077 0  2.631024307982111 0.7729322290502725 0  1.174908560927161 1.659358825951811 0  2.737626527577222 1.98919270115567 0  4.418659733467496 0.7270877723605361 0  1.04923240376655 2.516828142702506 0  0.9918310556081654 2.400685000521074 0  2.572266989590924 0.9708550375348415 0  2.639475071467892 0.9784171067932361 0  1.500074226473098 1.658731641362743 0  2.533911935082501 1.99056959402817 0  6.141099386793064 2.934797905400337 0  6.432425661892287 0.1937727950348794 0  5.067680048574418 1.363435980170255 0  2.626929239601643 1.21787930240233 0  4.261788735546946 1.3628993445244 0  1.991291651912217 1.721347562875324 0  0.7775026145771122 0.9172760908751009 0  0.06666549375814093 1.397484171380305 0  2.251114578300231 2.916371156455955 0  6.950993651887554 0.4471653916640073 0  6.827848840992073 1.266800826867855 0  6.093207957626206 1.10889363266987 0  4.010156373789207 2.86326137347722 0  6.250925505406354 0.9742632185550545 0  5.690535931174078 1.785258258956692 0  0.799534223649487 1.818945302392765 0  0.925371312937788 1.794991490824693 0  0.4426337591964635 2.164296025880978 0  0.533614338849716 2.086778275723479 0  0.4129891490433951 2.070302545897999 0  5.483548040327588 2.48183119721154 0  5.524107997335418 1.454632904879206 0  1.231075109690256 0.7047531532269091 0  4.824926277991634 2.63191457718117 0  4.347941083664494 0.5206280630812324 0  4.347629701557884 2.451896328206622 0  4.430497328477703 2.414409921829219 0  1.8125 0 0  2.374088363383718 0.1110194785746141 0  2.590337977090249 2.874369623416362 0  1.921426697855484 2.331356511307144 0  7.245254288398949 0.696201423398413 0  1.937075564067787 1.291878685897865 0  0.06319662844340543 2.327123268419855 0  4.206254491865675 1.577029691323923 0  5.106675938229101 0.8850128043855646 0  1.552455744630729 1.267347824992027 0  3.731338148505133 2.517021019687283 0  2.275062666968611 2.301762559935592 0  2.190944461755239 2.394065032807078 0  2.248429888053115 2.428463580421961 0  6.918442744957225 2.91753891673386 0  2.263462897970445 1.819489079229827 0  4.335698189240674 2.936123823012303 0  3.146939194148414 2.839976603590847 0  2.097196755195784 0.2772045234896102 0  4.308849783324281 2.735505587357244 0  4.79146691807871 1.521426375455776 0  2.59375 0.05840913750839116 0  3.093533971245727 1.531511901170523 0  0.9750154908377001 2.652182023631315 0  0 0.234375 0  0.0612325059827818 0.2578125 0  0.3531542821917597 0.6931160929885299 0  6.256360374722247 2.86825880828493 0  6.250740171877341 2.934011601862078 0  3.248925990767664 0.08823837910558258 0  7.825981366477527 1.304079945406454 0  1.493169126171371 1.103282895620154 0  3.482676210348338 2.247686904373981 0  2.096395538062469 2.634791198565312 0  2.036673160035976 1.807039652514849 0  6.6875 0 0  4.895033837533299 0.7021997149079525 0  7.427398544883588 1.613442796914944 0  3.517600419861354 0.2190710051206098 0  3.46150682998327 0.3267714524047514 0  3.421086011835827 0.2207086725886493 0  6.349959561463915 2.262775017697241 0  6.327142155147975 2.360322119225553 0  6.377938307873792 2.4077893974599 0  6.439498842079986 2.387479342750624 0  6.0625 0 0  6.54332448337834 0.271852303807994 0  7.700996399143543 0.8005931553733259 0  7.788157468162589 0.8947596277006017 0  3.341297638603149 0.4898424159151076 0  3.865440228159917 2.789787162995546 0  7.707541385385703 1.126368768010215 0  4.029524977392069 1.1 0  2.83023176421789 2.425323631442114 0  5.858100568422799 1.287886470168226 0  1.43889906478901 0.6794208698515704 0  3.591700365350566 2.776369459573711 0  3.751015749935697 1.355953727084226 0  0.2239199924850018 2.435717054556361 0  7.57330946533097 2.41541986049182 0  1.195308065929227 2.371409961220699 0  5.718545730364346 1.485246267482768 0  1.872324891353489 0.6812857026988728 0  6.860915528490372 1.674038299642069 0  7.789504953463135 2.138929348770672 0  3.003332600146651 0.09821809205173004 0  5.845507096645351 0.6506983690056012 0  0.3058845566635787 0.5748469242452029 0  0.1596804635051332 0.3347560829816637 0  6.395922881067709 1.93346135596888 0  0.929707781997141 2.82650304805759 0  3.328082891259574 1.170610737385377 0  1.125874211306454 0.8220185720772945 0  5.807702042571514 0.5909571207912415 0  2.389960578319056 0.5906012189730402 0  5.572340576216758 1.836040121573367 0  5.591680720067888 1.769355933849525 0  1.885021928305866 1.900355299894523 0  1.850779014795313 1.800258358773021 0  2.886827029521474 2.846857956010059 0  1.438504634668526 0.8130086006859724 0  4.494370770903668 0.6175367628364391 0  4.528552476974482 0.7152141705791762 0  7.54659772980052 0.7347373107710812 0  2.736732513861209 0.778937969118352 0  6.899444995619007 1.477534267653473 0  7.255500277525221 1.138506882988818 0  1.573068970203316 2.74357956898116 0  5.096327942418529 1.600216868766457 0  7.048380977780333 2.825818170635635 0  7.0625 3 0  7.122008820564689 2.928724624670584 0  5.559578812375441 1.200282287488951 0  0.2621205787718532 0.2691032432033564 0  5.594926125236414 0.8723016746995327 0  7.74004801838289 0.5835046827498483 0  2.010524602693046 0.736281336291386 0  8 2.953125 0  7.9375 3 0  6.1875 3 0  3.607503849623511 0.1308613131825632 0  7.240201384104203 2.027037280005571 0  7.145604772799041 2.019872750166354 0  3.0625 3 0  0.62965373174105 2.40885288007591 0  2.993614453669424 0.497874293733141 0  1.975458092266753 1.867503009815404 0  4.336424260995532 1.552745279466471 0  1.031363163231139 1.143735812916256 0  0.9444011975755452 1.130531784500142 0  6.374120828088992 0.6737389783137573 0  3.290434811965777 2.115846434209149 0  0.1503510738683156 1.200228591232479 0  1.748997871289915 0.6099163333640556 0  5.268969114468113 0.711863588123414 0  3.088960605943431 0.1272901200244808 0  5.496755291875862 0.06647158699452162 0  6.745459927223482 0.6592164172704974 0  0.08975072949020552 0.3867020884451479 0  5.575894860509272 0.5104400880998525 0  4.600207267889232 0.2206912828003714 0  5.158998633457316 0.8203471577306931 0  4.088681577372842 0.9585681800116357 0  4.121818802175306 1.044116633018332 0  4.163332918415514 0.9246301110791327 0  5.302223456784816 2.340677165551652 0  7.733420596685996 2.171248259786748 0  3.750926631612413 2.936580035099016 0  1.181028714161006 1.581729727298378 0  1.920533845108064 1.492321997897766 0  6.754697396184529 1.136147586403777 0  6.800610619497097 1.058963571218505 0  6.711256061467155 1.017244358003795 0  1.262702154153322 1.564742469689238 0  1.40088114156026 0.221279785822495 0  6.632878842563828 0.1482596230510923 0  6.066089204375222 0.1488140656764148 0  2.55132087265729 0.9076763123156002 0  5.852726166143937 0.5280512231084323 0  0.2424453738813709 1.213082641232388 0  0.3614686802129708 1.170741332036607 0  0.2869527690582972 1.14220032888168 0  7.256409943882329 0.8009214427779485 0  7.51183899518909 2.651956524673986 0  7.629779877088303 2.690860618655302 0  7.609031117464302 2.604048347230369 0  3.055549839695251 1.442340349919708 0  7.3125 3 0  2.048708674201791 0.9806018216551955 0  5.132210689062512 0.1927930177021293 0  4.216580912843489 2.44319589173343 0  1.3125 0 0  1.251592165233082 0.07187886283228956 0  5.035632338100338 2.440912909292548 0  5.037528470754664 2.251620744197067 0  5.733097764533516 1.391381894282145 0  3.476085152402412 0.7160231165002832 0  1.365603008822337 2.264860843901687 0  5.261945844304891 0.1884671117845796 0  0.1714286515035233 1.39233038024014 0  0.07114867674614922 1.300489875947601 0  0.1340529224257247 1.284425491059626 0  5.315964911099459 2.056852941530262 0  7.353216260462419 1.778705097099515 0  0.7664344805648546 2.379303988710844 0  0.796858184655843 2.320375941147282 0  0.7683180196948322 2.499140873281556 0  0.6764514296886521 2.47033219605338 0  1.642040934110715 0.4291540701463419 0  7.562151823203684 0.2555922329841255 0  7.687592016675133 0.2660463131243747 0  4.642480572731152 1.950121309130342 0  6.122977881999122 0.9833737441572293 0  5.619305286864513 2.244181942282173 0  2.106349883953406 0.7858641492109596 0  2.206941376751161 0.7162420132228249 0  3.904524977392069 1.1 0  4.374725589799252 0.07306586942444616 0  0.7608578579321847 1.935286986030324 0  3.073302065518519 2.345697146006281 0  3.127023208277941 2.381189557912987 0  2.995302172762568 2.399235791970856 0  4.63118879119945 2.350994356265442 0  2.076239423813336 2.53487067208456 0  1.000841407149558 2.93663657986486 0  3.718104939597143 2.050456287408099 0  5.704015016350333 2.178018010980825 0  6.957702522311292 1.30730988621622 0  4.432980985765435 1.95900300509763 0  3.25257179988467 1.229238788602095 0  0.8386822709294519 0.2022388800949354 0  1.252101408763115 2.264476533810958 0  5.226366584810296 1.476754347794371 0  6.61355046841268 1.527681978520409 0  1.647018899989535 0.8601539005651127 0  7.629905249141809 0.198384202288928 0  7.515792302218263 0.06164643725607251 0  2.311860254777686 2.837977494719487 0  2.187208985002881 2.855903864786226 0  5.249597217605024 0.5198587411921417 0  2.686752084493024 1.578472412538233 0  7.447841167339037 0.8485921899524014 0  4.749649531961677 0.06285211020775441 0  3.039315054027106 2.1032563872685 0  1.414242896164745 2.785684984293667 0  6.736729359132277 0.9174234556558066 0  3.499472277577036 0.07544991726347436 0  0.8647859071358664 1.753064261770966 0  2.34643251015617 1.564845739130227 0  3.149933911588019 1.082927223191992 0  0.1495020311266222 1.976757078140884 0  0.04799410530694155 1.921875 0  3.282777123746884 1.962703529290274 0  1.812722217559004 2.86168588602788 0  3.73763525265427 2.332103733001586 0  5.161015757376561 0.6958469268221925 0  5.031759201738865 0.8196299989510668 0  4.716473436513801 0.9837319411811074 0  4.500224156883249 0.06296140605116245 0  1.008105060941614 1.485009582635822 0  7.718197088120284 1.249715093171422 0  3.124896610726285 0.062722241237572 0  1.37498255664745 2.926798101921457 0  0.8750076117665647 2.93745002234322 0  4.875035725781981 0.07554988963164351 0  3.874993859000187 0.06696223032829024 0  3.408005264752437 1.980093100773631 0  3.779524977392069 1.3 0  5.029524977392069 1.3 0  7.4375 3 0  2.8125 0 0  4.904524977392069 1.1 0  6.8125 3 0  0.1875 0 0  3.654524977392069 1.1 0  6.4375 3 0  7.5625 3 0  4.4375 3 0  3.970475022607931 1.7 0  3.5625 3 0  3.720475022607931 1.7 0  3.845475022607931 1.9 0  3.595475022607931 1.9 0  0.6875 0 0  7.9375 0 0  2.970475022607931 1.9 0  2.595475022607931 1.9 0  4.9375 0 0  3.345475022607931 1.9 0  4.8125 0 0  3.6875 3 0  3.470475022607931 1.9 0  1.9375 3 0  5.6875 0 0  5.5625 3 0  4.220475022607931 1.9 0  0.8125 3 0  5.279524977392069 1.3 0  4.279524977392069 1.1 0  2.5625 3 0  3.8125 0 0  6.9375 0 0  6.3125 0 0  5.3125 0 0  5.1875 3 0  3.9375 0 0  3.1875 0 0  0.5625 0 0  4.029524977392069 1.3 0  0.9375 3 0  4.0625 0 0  1.6875 3 0  1.8125 3 0  5.0625 0 0  4.9375 3 0  4.4375 0 0  1.0625 0 0  5.9375 0 0  2.720475022607931 1.7 0  3.0625 0 0  2.1875 0 0  5.404524977392069 1.1 0  7.4375 0 0  2.1875 3 0  0.8125 0 0  1.4375 3 0  3.157975022607931 1.976699508675637 0  3.095475022607931 1.9 0  3.095475022607931 1.7 0  3.220475022607931 1.9 0  4.5625 3 0  1.3125 3 0  5.8125 0 0  2.3125 0 0  3.8125 3 0  2.4375 0 0  4.625 0.08130478725382394 0  4.5625 0 0  4.6875 0 0  0.6875 3 0  0.5625 3 0  3.220475022607931 1.7 0  3.5625 0 0  5.154524977392069 1.1 0  7.3125 0 0  7.8125 0 0  7.6875 3 0  1.0625 3 0  2.4375 3 0  1.9375 0 0  6.8125 0 0  6.6875 3 0  3.529524977392069 1.3 0  4.345475022607931 1.9 0  0.4375 0 0  0.3125 0 0  3.3125 0 0  4.404524977392069 1.3 0  6.1875 0 0  6.4375 0 0  6.3125 3 0  6.0625 3 0  2.845475022607931 1.7 0  3.4375 0 0  4.529524977392069 1.1 0  4.654524977392069 1.3 0  3.970475022607931 1.9 0  4.3125 0 0  5.5625 0 0  5.4375 3 0  3.779524977392069 1.1 0  3.904524977392069 1.3 0  1.6875 0 0  3.595475022607931 1.7 0  2.970475022607931 1.7 0  2.9375 0 0  7.1875 3 0  4.654524977392069 1.1 0  5.4375 0 0  4.0625 3 0  4.779524977392069 1.1 0  2.3125 3 0  3.4375 3 0  4.404524977392069 1.1 0  5.0625 3 0  5.279524977392069 1.1 0  4.470475022607931 1.9 0  2.281575475741318 1.002839470591036 0  7.937022599203772 0.740554065118451 0  1.890636143331379 2.807830574919641 0  5.936809991353556 0.5868856654326238 0  2.09375 0.05521411724955144 0  2.303720977313473 1.444303250136856 0  2.39508149355706 1.478402167864376 0  1.745580240114433 1.243314158613543 0  0.6619794507691913 2.104985774601401 0  6.516834554756882 0.9700198088401867 0  5.613927098129513 2.0880747748919 0  7.240589172742673 0.4612610840419805 0  7.174435069239085 0.4336540666175714 0  0.5745363930971457 0.610275406816786 0  1.460790573238524 0.5974526044429851 0  1.460710299628981 0.5024726193320526 0  1.555848120836001 0.5152061373736779 0  2.095892809517025 1.640884071094324 0  7.783131188552275 2.031830993470504 0  7.694828220196855 2.050894436239989 0  7.693342155669985 2.116374891164141 0  4.320832404814754 0.6458101289942165 0  1.295844935124521 1.624148358280571 0  1.299968791527631 1.75546700200152 0  1.378258355468758 1.609960075340921 0  5.159112264747754 2.944188030484982 0  3.220526890310596 2.171303761523817 0  0.3291296439176788 2.377876849798626 0  6.902838899403929 2.307004802081874 0  1.850212357726923 0.5953786849549719 0  0.3031517830257285 2.005452459321489 0  0.6061414737988201 0.8489406396858218 0  0.7690744475960591 2.566387275319244 0  3.453079676559574 0.4488906863211461 0  7.943168568761004 1.525596565938143 0  3.25574036823047 1.435009170822277 0  2.554029795899798 1.320936471225476 0  2.598070722517793 1.408215024878252 0  2.508538613929845 1.436350142200147 0  5.848923088411684 1.106069435624181 0  5.647080360392656 0.7008017158013936 0  7.134790744663874 0.5459055613153475 0  5.245635384954643 2.858106725833283 0  5.28125 2.945849933368458 0  2.719275481611877 0.6878370533196331 0  7.800632732191279 2.586405752510381 0  5.576808053113291 0.4005733843338434 0  5.678133132773313 0.4342870437170906 0  6.406009797856735 2.52618872338835 0  6.444443353741339 2.579517263567217 0  7.38535125676767 0.551685357409888 0  0.9760668558521409 0.9557624779325969 0  2.937622918326143 2.139292179219281 0  4.523197400354032 0.5625564317849872 0  1.742066287771068 1.742895350096691 0  2.107771170741481 2.259247953121938 0  6.590906357686066 0.5800232091466093 0  6.662390799778578 0.4713985908874272 0  6.56197683482165 0.5251085162616934 0  5.688042325625202 0.5582585085171775 0  0.3219193630879958 2.69159290074749 0  7.826691280451753 1.921330833062928 0  7.938287638043712 2.701671879375352 0  7.449288454653578 1.738520773056453 0  1.680235680209595 1.991078673271152 0  2.875833757374975 1.370783125814175 0  0.1418847932230674 2.346957872875253 0  0.06036908368268733 2.264818994125134 0  4.253788805831052 2.19100233176304 0  0 2.578125 0  0.06127422544223901 2.552134705799897 0  5.891485098741684 0.8445936454939363 0  2.220615625690849 1.170048155305951 0  2.037516350245638 2.083333592882825 0  2.074260538414668 2.029131952717844 0  2.288883449152647 1.679403291435735 0  3.013169292645223 2.216529892745334 0  6.723423615054377 1.477198623544401 0  4.102657928394819 2.418367310020859 0  5.947635736738918 0.2798922521341909 0  5.566882181135963 2.752831860215882 0  2.363160607515754 1.004685637965288 0  2.458260184980874 0.9955150469510419 0  2.181422036949145 0.6443798437302637 0  2.113673394487022 1.723998914023518 0  5.808821424520987 2.147076410615853 0  0.3268362545927663 1.776885594599127 0  6.965287390541643 1.94492361839 0  0.9237523675960567 0.582682818682548 0  2.211380197551882 1.416080245339055 0  2.119482727448565 1.501309066574372 0  1.967503936647357 2.065630778681923 0  3.168087604224394 0.1260916731295664 0  0.990216326480831 0.4946656322095962 0  3.375778569065016 0.1104296379331503 0  5.970060423550125 2.801460884688269 0  5.407970583574675 0.3539594364903958 0  5.468993493596009 0.4614561066759543 0  6.645668337636597 1.657867219388784 0  5.810515917875603 0.9998020476949493 0  1.874166246367037 2.931324978854528 0  5.730137312986827 2.678185421641873 0  2.547674707650902 1.087112776878302 0  6.265670192077556 0.4204828908409227 0  1.736172343387601 1.491030160869163 0  1.80769314951688 1.443898302852135 0  1.452468058541848 1.341835033689679 0  1.532489781732107 1.503238632632679 0  1.608442835995058 1.457587421528657 0  1.598519237589607 1.581690084717397 0  1.376667289745466 1.388007520573145 0  1.417025121337595 1.459897951549511 0  4.469427370222827 0.4947788259953282 0  4.452839435091678 0.3715548757425132 0  6.96536547394871 0.21824038739802 0  0.4483401728868059 1.769530256591137 0  6.235564272338732 0.7422271873117885 0  2.113885550817348 0.4910425240818731 0  7.274002943684359 2.223271859622462 0  5.351070315018339 1.489985022169769 0  3.027697120258856 2.846921844151306 0  4.064225022607931 1.64528530773345 0  0.4069355413771506 0.499986576934038 0  0.4945049477610098 0.5301165071518668 0  0.4164219357120184 0.434647099331798 0  7.216398441899511 2.265187026991632 0  2.7631956273562 0.1959071533323976 0  4.31502970005948 2.797617142311831 0  0.7206012555026875 2.701570178971614 0  1.930650840570363 2.543300118155036 0  4.354981454340084 2.220403346303011 0  6.936539181096244 1.569979521519428 0  2.790185405788741 1.359323572144307 0  3.155844039551961 0.7418144431067432 0  2.185178123126326 2.59609735993768 0  2.233853643977185 2.664798069795643 0  3.070862478152538 2.476141558823072 0  3.03846319109804 1.998670038971419 0  2.036199152846686 1.525409243238545 0  1.954192755986676 1.543961224946938 0  1.74356860337009 0.8310901415617119 0  7.286291658034436 0.4195934644497869 0  5.029753899823461 1.774224226284838 0  2.586242863404348 2.725680175787331 0  2.499037897817388 0.06265130518040693 0  1.570799423557859 1.377711480770439 0  1.494387755425988 0.7860120934657974 0  7.319523359706428 0.8915859297944592 0  4.629837243973517 0.9050806729452574 0  7.115650386550137 2.337163384908132 0  4.438334751435013 2.239063931948325 0  3.201151619634459 2.939967746272682 0  4.929141563122067 0.5926995895208774 0  4.726860113192601 0.7196790034729252 0  5.204215344563385 1.889307432966442 0  1.014252842436932 2.32556767278468 0  5.185476396757609 1.694375286957617 0  5.820606563083585 0.8957403418233608 0  0.9700746437204115 2.130985249928041 0  0.572965146059377 1.893225616392936 0  0.6416949694756767 1.890726529416076 0  0.5959573569930893 1.77913336799075 0  5.606745805471973 1.559117453671437 0  8 1.921875 0  7.936791633789263 1.954596372075226 0  2.717463898950028 2.53470795125989 0  6.694550328017264 2.713064397463837 0  3.951264670779338 2.845713747927176 0  7.014731827390218 2.559542513865849 0  7.50052574392238 0.377309778159516 0  3.239641495180382 0.8896207897898917 0  3.246302059440363 0.7883630936640128 0  3.34074093946459 0.8685699112733563 0  1.751274262329205 2.938664621867745 0  1.078406396000494 2.434904677460431 0  3.965757694988908 1.363802395652879 0  5.154990097312213 1.578613111109061 0  1.58442416901057 0.1731762542509075 0  4.129316127310588 1.355663632128156 0  3.093038455755272 0.5716157305310491 0  2.980581633686665 0.5779257189101652 0  6.445000061395427 2.781701683301053 0  2.221965818326665 0.4767441667277021 0  2.099303162208346 0.1826679848549734 0  0.6930847047638448 1.075156194512949 0  7.865734613965409 0.4933364288079358 0  0.7197490028808411 0.7909657841985395 0  0.3436270699659388 2.632141465332241 0  7.529044393699874 1.432792030139514 0  7.697696697852636 1.616892352292636 0  7.719294293838323 1.737132589902464 0  5.28999536617824 0.3849171984370177 0  5.30477114290205 1.726790563621115 0  0.6736596628154058 0.3229427398163429 0  2.315349292216034 1.73511799632453 0  5.961815925924169 2.329446982819766 0  5.903556272832944 1.401564058961876 0  3.201259519572933 2.484597195795808 0  1.345726884952548 2.503700474798442 0  1.213783865697643 0.5321879912676903 0  0.1769308859601331 2.095564141524141 0  7.419985511803334 1.345578055797364 0  5.051519313580724 2.568971775361364 0  2.079379658987288 1.931838905140387 0  1.359997951129626 1.743480417905751 0  5.447487326120433 0.5192603434773307 0  2.62029560145967 0.2520801398539932 0  2.690125047996118 0.3571118194773615 0  2.598954186946408 0.3411279239652459 0  2.787203078565785 2.620186043959153 0  3.467169184693736 0.5095194402467593 0  7.755593958370426 2.787959989287179 0  2.822104830915843 0.2209135904636448 0  6.719677879280432 0.4462789398158141 0  5.93967060000123 0.3977537179895625 0  1.525994407458563 0.1559288543179536 0  2.561643745515424 2.396428097263328 0  1.806226904105428 1.233943511895382 0  1.896143286745999 1.212423143961658 0  0.5223880796236535 0.9702551139606637 0  0.5655931986274394 0.8966628789723777 0  0.482392869567215 0.8499468039577369 0  4.297080944841765 2.383877812466918 0  7.736051475757508 1.384927804710873 0  5.736338530334349 1.301051733226938 0  5.731868572915892 1.22592085430654 0  2.276278597815404 2.550595758490303 0  6.064320977534743 0.4295642181361421 0  6.026809641310832 0.4812477210023939 0  6.249178748976585 2.671706781186384 0  6.323518321493635 2.750306352398736 0  6.340835032085996 2.632843104944109 0  3.921679604692728 2.027869966527693 0  4.133389598628201 0.539213780089527 0  2.922882891248041 0.7946089130546752 0  2.946484748504981 0.7008912883905489 0  2.036585488879303 0.8932928955326365 0  3.389754497287474 2.458864082779832 0  3.712323020040314 2.11086776830837 0  3.630579664750884 2.659995707633939 0  3.685266185430387 2.69854000662772 0  3.309915132413512 2.344481028975518 0  3.384637425976234 2.254453662227424 0  2.480000243965828 1.867077908795417 0  2.909908168676465 1.633577104889407 0  2.900726440516955 1.573158285482756 0  4.939758850976814 2.800503418441103 0  2.179861310680614 1.986747545645597 0  2.284166632685527 1.929148085418909 0  1.384426374772188 1.03938658066815 0  0.5097995792621461 1.439546655211264 0  2.375954097417456 0.4611578347075485 0  2.43868460727384 0.5527713329668763 0  1.999985883653027 2.820782177202767 0  4.48999908413466 0.3054153845767868 0  3.909582373354758 2.447271010958018 0  7.297061855270549 2.345998134267178 0  0.05940508097860826 2.918116747797287 0  4.875954732710274 0.2205612759692027 0  1.23331837341474 1.931591440467868 0  4.086829931717292 2.041268262331058 0  2.324666291096795 0.5291648517591198 0  5.325179891048123 2.812132115121966 0  1.986975215728735 1.175984138392901 0  2.041190501996441 1.067736888177433 0  2.077394100373982 1.162613103632136 0  7.939004768364361 2.171956203583446 0  7.846082762827607 1.504812809238942 0  2.713148260975329 1.124655407089113 0  2.732439501665954 1.051540284992828 0  3.90637340829312 2.138703762924155 0  5.71981388462379 2.04260257579265 0  2.643679089153581 0.8599971770809228 0  5.695273477663375 2.318759721533447 0  4.000667433237541 2.546277680070514 0  7.074252286951948 2.444755631707006 0  6.266647691748844 2.350881831493639 0  5.888574356011355 2.672910588679161 0  7.535701806179755 1.310145791259835 0  2.90939346775717 2.945357068329106 0  1.381319168858786 0.9330777152766796 0  1.096822034259178 2.108666092966723 0  5.262189429459217 2.025951601949072 0  4.401739006751622 0.9731066030472664 0  4.469217681173168 1.039669680015515 0  4.521150040079457 0.9642136922222797 0  5.332611299883971 2.620754275845366 0  5.365520545930647 2.733898932470278 0  5.389474830781986 2.650648384115676 0  7.701272555707246 2.533630933148018 0  1.766146646170646 1.854007466760214 0  6.89388622110695 2.626581376880772 0  4.105369216261774 1.544661451105633 0  4.991297002056635 2.90547487676494 0  7.320436443979632 1.403414924832385 0  3.426574127673321 1.128078196967774 0  3.426574127673321 1.271921803032226 0  3.446799552532695 1.278493441933715 0  3.423851964177104 1.314709308821811 0  3.446799552532695 1.121506558066285 0  3.421218522992289 1.077185792597564 0  4.555657912195488 1.656785871509354 0  4.555582708501125 1.942739311051451 0  </DataArray>
</Points>
<Cells>
<DataArray  type="UInt32"  Name="connectivity"  format="ascii">676 1533 1907  6 7 8  310 2416 4073  4 11 12  1398 3200 3343  716 1743 2687  364 2749 3537  978 2287 3533  152 1608 2823  2132 3258 4177  619 1877 2116  971 1723 3394  459 3742 3805  34 2297 3768  596 1585 1857  543 1481 3039  582 1560 3323  45 1207 1395  704 2353 2354  79 1183 1601  531 1575 1608  1529 2347 3299  183 2449 2961  146 3360 3994  1400 2799 3731  50 1350 2752  1522 3985 4066  324 2029 3608  696 2263 2511  1093 1567 1983  1416 3139 3303  552 1271 2089  825 2038 3483  1226 2447 3279  2427 2562 4088  1223 1462 2262  1366 2655 4188  605 1825 3307  999 2384 3231  508 4059 4188  486 1820 2817  169 1354 2743  1114 2625 3723  2098 3713 3714  553 1630 2082  909 2806 3219  224 1380 3347  175 1668 3436  1039 1429 3216  1197 3719 4038  734 1583 2582  665 1954 2526  2179 3089 3205  91 2150 3512  1115 1426 4164  1154 2149 3819  756 2724 3217  700 1562 2116  724 2597 2652  1361 2089 2568  484 1290 2278  1235 1718 1839  1368 3297 4190  437 3419 3425  683 2776 4006  1115 3104 3105  665 1900 2526  462 3358 3620  981 2642 3517  948 2208 2731  853 2133 3038  50 1307 2759  852 2002 2959  738 1666 2609  340 2024 2907  807 2703 2999  582 1560 3631  1149 2547 3160  626 1867 3273  912 3262 3548  607 2541 2838  751 1381 2647  1122 1910 3818  230 2461 2736  1115 3743 4165  227 1671 2486  317 2056 2564  502 1354 2214  1169 1978 3091  1417 2989 3231  913 2955 2957  974 3146 3345  592 1551 1953  845 2661 4200  530 1514 1986  1545 3031 3032  927 2323 4083  183 2231 2961  553 2082 2423  181 1865 3082  321 2289 2454  304 2989 3231  506 1586 2807  345 2560 4199  1246 2264 4191  822 2682 2683  459 1640 3561  1125 2271 2509  964 2157 2986  3174 3572 3832  106 2696 3203  787 2849 4235  515 3572 3832  1110 2776 4006  672 2323 4083  927 2499 3831  1139 2029 3608  779 1486 2974  223 2549 3325  51 1470 2481  112 3025 3546  790 1281 1984  354 1853 3998  1137 4045 4172  1564 3069 3792  734 2190 3809  816 2545 3035  802 2405 3013  170 2028 4087  367 1317 3106  782 1927 1965  495 1843 3128  888 3154 3675  120 1366 2117  1481 2382 3991  121 1362 2845  44 1685 1866  234 2849 3202  973 3486 3487  261 2395 2739  385 2733 3653  1119 4123 4124  384 1371 2473  1492 2970 4100  200 1456 2534  205 1650 2043  1515 3062 3164  370 1532 2949  982 1882 3626  1128 2182 4140  400 2826 3470  1123 1423 1658  369 1319 2164  536 1421 3848  137 1208 2353  689 1225 2417  810 2439 2653  449 1818 3308  1374 2699 3742  1182 1439 3803  1680 3798 3799  869 1777 3130  720 1220 2592  423 1198 1934  751 1657 2177  652 3001 4086  687 1470 2803  513 3387 3821  330 1731 3521  53 2861 3381  146 1410 1901  1067 1856 3474  1018 2654 3851  840 1803 3749  1702 2049 3209  1374 2357 3446  1007 3173 3304  1927 4008 4189  1402 3118 4234  153 2005 4094  243 2948 3716  154 1390 1521  155 1882 2531  438 1492 1824  465 1967 3769  465 1644 2677  549 1537 2941  825 1273 2640  888 1769 3154  160 3295 3579  866 3135 3172  1828 2381 3103  328 2884 4029  565 1621 2064  558 2002 2959  1178 2570 3188  410 2343 2844  452 1201 1582  766 1313 2678  33 2860 3141  782 1965 2729  1076 1427 2106  722 1243 2646  1358 2428 3144  443 1358 3144  169 2254 2365  1395 2496 2988  47 1821 2041  1151 4021 4022  653 1512 2608  330 1394 3521  541 2028 3614  900 2114 4050  631 2015 2732  2018 2471 3516  393 1707 3839  1380 1695 3176  231 1956 2536  590 2219 3796  611 1217 1538  1089 1368 2257  230 1952 2455  614 1687 2079  615 2642 3517  1409 2068 3318  361 1303 4261  201 1594 2544  58 1698 3133  863 1320 2183  277 1320 2122  1190 2014 4201  619 2116 2685  481 2113 2957  619 2809 4040  1555 3010 3835  984 3807 3833  447 1428 3440  168 1358 2428  190 2091 3236  684 2345 3720  194 1290 2409  1234 1974 3657  217 1752 2042  889 2495 3169  723 2721 2722  1289 2705 3102  458 1559 2902  382 2630 3458  752 2668 2924  318 1549 3597  599 2366 2497  198 2366 2497  443 1358 3732  435 1895 2977  931 1407 3457  921 1824 3580  491 1675 2348  898 2122 3406  282 2351 4225  484 1290 2409  463 1306 2782  1306 2301 2782  657 2126 3467  427 1478 3256  205 1559 3283  801 2060 3700  802 1712 3013  349 2249 2842  552 1271 2760  1270 2135 4053  8 2558 3085  631 2015 3531  184 1562 2116  674 1659 2488  673 1632 4194  733 2516 3640  1639 3312 3725  893 1226 2140  1523 3021 3022  723 2722 3244  154 1939 2665  805 2379 2597  520 1574 1838  1232 1504 2226  575 1443 2399  402 1254 1283  794 2748 2749  1056 2927 3761  359 1628 2478  1080 2276 3784  832 1641 4021  870 3902 4010  1000 2436 2589  337 2557 3996  2075 2413 3461  354 1853 3245  850 2554 3450  162 2069 3677  463 2782 3585  282 2660 3319  228 2352 3094  344 3264 3550  1687 2079 3823  614 2079 2080  528 1213 1956  612 1538 2219  1623 3088 3646  693 1611 3042  370 2713 2960  407 1419 2812  1464 2872 2873  380 1464 2873  235 1370 1425  384 2918 3261  493 2742 3995  652 2054 2404  711 2187 2470  134 2298 4109  1555 1627 3540  1113 1877 3649  648 1228 2285  346 1229 2294  750 2737 2738  240 1229 3023  526 1690 1929  604 1184 2209  985 2309 3716  95 1652 3421  823 1771 4068  712 2547 3160  773 2658 3792  131 3050 4004  972 2435 2821  609 1441 2717  746 1353 2056  1489 2565 4276  248 1589 3034  906 2342 3272  571 2243 4263  169 1503 2365  250 1872 2821  1078 1207 3249  660 2107 3557  400 3470 3702  94 1953 3697  53 1684 2340  1740 4042 4198  1735 2958 4135  1653 2279 4240  697 2451 3036  1100 2181 2945  1149 1607 3160  359 2081 2478  72 2802 4106  649 1258 1946  124 1474 2850  358 2581 2777  682 1987 2994  682 1811 2994  507 1744 1745  657 2043 2048  827 2955 2957  486 1856 3474  570 1555 3010  831 1236 2859  1221 1367 2269  154 1819 1939  780 1296 1924  301 1869 2709  606 1620 3236  627 2234 2770  331 1184 2209  1611 3042 3854  692 1504 2690  693 2131 2316  504 2408 3124  881 1438 3258  492 1750 3026  917 1806 3084  373 1205 2735  277 1774 2317  2351 4224 4225  105 2271 4182  644 1822 1823  1327 2928 3194  769 2259 2861  525 2518 3588  453 1677 1678  1042 1413 4079  685 2560 2561  2036 3419 3425  850 2913 3162  731 1576 1947  451 1341 2173  431 1520 2697  158 1718 1839  747 1876 2437  1248 2398 3173  1247 1580 2105  1382 3542 3773  143 1657 2177  1371 2808 4214  568 2485 4216  563 1828 2698  877 2962 4017  847 1862 2819  154 1819 2268  188 1169 1978  783 1223 2762  300 1909 3221  34 2607 3621  775 1543 3378  548 2037 2038  825 1583 2402  303 2503 2790  129 1418 2741  129 1418 1816  452 1582 2773  898 2122 2183  872 3187 3541  1567 3771 4007  307 2375 3847  1085 2286 2375  308 3095 4101  600 1586 2315  1490 3063 4279  1265 1967 2297  963 1387 2121  106 1326 2696  1317 1485 3710  310 1875 3226  682 1987 3669  312 2138 4093  1091 2138 4130  1179 2055 3438  314 2333 3553  112 1812 2864  1325 1724 2728  415 2712 4116  1098 1497 4072  575 1353 2399  402 1283 1570  318 1623 3759  92 3154 3675  789 1871 2501  874 1197 3027  1550 3151 3518  1343 2289 2312  719 1747 2025  47 1723 1941  125 1481 3039  1119 1898 4123  1139 3607 3608  390 2843 3054  2031 2243 4263  979 3542 3773  147 2786 3388  1284 3291 3292  327 2432 4272  117 2600 4192  705 1663 2901  909 2753 2806  1158 2233 4226  418 1506 1616  604 2209 2882  93 1365 2194  1160 1661 2326  137 1208 1991  2182 3606 4140  498 1816 2078  334 2886 2887  779 1383 1486  702 2363 2922  115 1879 2476  336 1175 2361  1071 1923 3528  596 1873 2730  1000 1433 2589  1089 3186 4081  202 1631 1891  339 2055 3438  1446 2987 3412  549 1458 1903  335 1188 2296  215 2452 3280  680 1691 2453  798 2951 3318  2068 2951 3318  854 2175 2377  432 1439 2322  522 1604 2870  633 1241 2943  1357 1427 4044  77 1357 1738  844 3104 3105  347 2985 3379  397 1679 3492  1051 1682 3267  1086 3373 3374  1328 3509 3731  976 2300 2331  456 1288 2166  855 1442 3064  249 1769 3230  1109 2159 3998  354 1834 4108  355 1271 2760  341 2801 2816  945 3497 3498  532 1755 2358  323 1755 2318  545 1886 4016  640 2356 2875  359 2081 3762  359 1172 1628  718 2108 2459  181 1865 3679  361 1302 2265  947 2995 3129  363 2750 3402  924 2202 3413  793 3536 3876  957 3012 3234  957 2185 3234  739 2355 3617  973 2284 3486  424 1642 3214  962 2605 2606  472 1281 1795  123 2047 3300  1100 1319 2164  132 1592 4181  876 1566 2949  129 2741 2950  1257 1688 3286  770 2799 3441  690 1822 1823  644 1696 1697  774 1205 1750  774 3003 3406  684 1525 2673  374 1194 2316  748 2599 2805  698 1222 1809  1120 2576 4074  1159 2674 2675  377 2734 4060  897 2206 3233  701 2206 3233  1140 2387 3237  1153 1304 4236  1475 2849 2911  1253 3187 3541  620 1446 1850  1446 1850 2115  920 3459 3460  810 1906 2653  383 2443 2563  912 3260 3262  384 2918 3328  1159 2155 2675  997 3477 3478  538 1760 2465  604 2195 4275  1366 3672 3744  858 3170 3171  450 3114 3738  389 1248 2398  899 1331 2520  1454 2843 3054  1668 1914 3436  775 2649 3128  466 1764 2407  1467 2923 3333  737 1614 1707  911 1668 3150  779 1383 2886  395 1987 3669  929 2267 2315  464 1410 1411  1747 2025 2684  244 2025 3813  1067 1670 2504  1386 1639 3725  641 2142 2143  974 1672 2603  1785 3282 4251  519 1640 2240  459 3561 3805  819 2019 3019  456 3750 3777  456 3750 3799  791 1350 2906  931 1889 3457  791 1548 3202  1475 2849 4235  407 1418 1419  878 2503 2594  316 1497 2584  121 2845 3031  703 2462 2584  409 1207 3249  816 1488 3507  58 2101 3133  437 1516 2102  345 1516 4064  1161 1804 3849  536 1804 2898  182 1343 2689  555 1518 1994  1359 3272 3403  755 2035 3403  585 1970 4051  1502 1849 3696  189 1500 4045  174 2158 3007  479 1802 2197  687 1470 1537  1300 2272 2742  1634 3018 3048  641 1509 2783  677 2340 2426  820 2426 2427  238 1835 2444  422 1431 3509  32 1198 4019  1692 3410 4252  951 2086 3305  962 3239 3455  33 1926 1927  425 2937 3188  1454 3054 3055  763 2058 2134  427 2683 4167  657 1478 3256  1224 3564 4147  1123 1423 3692  1160 1849 4012  429 1502 2368  543 1293 1957  543 1481 2382  896 1994 2101  182 1489 2689  986 3446 3447  854 1314 2967  681 2163 2493  433 1186 1561  862 1732 4239  1598 2425 3163  551 1848 2862  1358 3274 3732  436 1304 2314  348 3165 3237  437 1736 1928  200 1407 1917  931 2970 3456  842 1623 3088  686 1592 2397  59 1319 3622  710 1762 2241  1073 3768 3769  1118 4056 4142  168 2428 2795  443 1286 1414  443 1414 1868  444 2105 3997  1507 1601 2045  375 2278 2726  1376 2707 3665  809 1606 3006  311 3305 3693  135 1985 2653  1568 3308 3327  449 1931 3071  1064 1622 2746  450 1621 2064  305 1763 2771  1582 2282 2773  633 1678 2030  454 2392 3758  454 1706 3934  1656 1657 4243  1141 1680 3750  754 2075 3175  836 3076 3077  733 2516 3014  741 1559 2902  995 2866 3751  1181 2962 4017  459 1640 2240  236 2467 3323  195 1703 2020  281 2267 3755  894 3382 3748  808 1600 3620  444 1580 2981  463 3585 4157  1084 2362 3847  464 1643 3843  464 1966 3770  1586 2087 3109  642 2677 3526  305 2451 3444  760 2771 2772  223 1772 2505  85 1221 1367  167 1336 2100  1336 2100 3348  726 2445 3067  540 1960 1962  561 1756 2092  470 1759 3578  2 1378 3882  976 2125 2331  790 2046 3278  1517 3091 4030  474 1388 2273  1266 2084 2829  789 2501 2530  988 2408 3124  1396 1936 2915  142 1782 2851  1154 3817 3819  479 1802 3924  480 1252 1713  68 1609 1610  598 1748 2839  1730 2724 3380  239 1728 2215  186 1744 3576  513 1669 3821  80 2952 3788  1569 2410 3024  1511 3636 3637  80 2575 3788  185 1375 1547  663 2033 2817  602 1221 1404  602 1221 2269  501 2165 4268  971 1663 3393  489 1379 2389  422 1431 1717  84 1225 2417  761 2348 4258  864 2467 2468  144 1205 1750  917 2719 3051  1560 2467 3323  762 2272 2742  115 1923 3528  702 1188 2296  391 1842 3158  642 1584 2188  833 2305 3068  1803 2498 3583  644 1697 1822  498 2182 3477  498 3477 3698  366 1528 2765  225 1667 2885  572 2145 3515  572 1768 3515  221 1525 1726  29 3962 4269  92 1305 3675  502 1305 2385  503 1858 3374  503 1777 1796  504 1724 3288  505 3580 4071  505 1917 3456  1183 1601 2217  600 1586 2807  186 1669 3671  120 1349 2117  1206 4058 4059  509 1753 2176  862 2392 3758  953 1819 3324  510 1152 2892  936 3576 4238  507 1196 1744  605 1639 3312  148 1386 2491  621 1391 3577  1375 1547 3641  1233 2728 4170  1086 1858 3685  1168 1746 3072  515 1483 3120  516 1920 1921  55 1921 3167  1755 2318 2358  516 3992 4202  1074 2610 2953  1074 1702 3209  459 2240 3376  1640 2610 3391  574 2067 2153  520 1235 1839  521 1648 1772  510 1940 2693  213 1282 1915  269 2499 2604  1972 1973 3111  1037 2515 3948  979 1881 2969  1080 3182 3183  526 1227 2276  30 1252 2274  39 1213 2221  942 2753 2806  1175 1593 4104  280 1906 2797  741 1557 2439  2823 3992 4202  312 1575 2057  357 1294 2216  1150 2358 2576  313 3771 4007  533 1927 1965  312 2138 4130  534 1297 2007  736 1356 2123  536 2898 4185  921 1494 3400  1424 1602 2327  1001 1876 2437  782 1148 1651  782 1926 3449  1347 2660 3319  539 1832 2982  1237 1821 3775  541 2567 3614  542 1230 2041  719 1747 3059  357 1294 2825  170 1293 1957  544 1882 3626  688 2574 3816  545 1646 1853  545 1646 1886  665 1900 3810  965 1954 2526  547 2060 3700  448 1624 2834  340 1903 4139  1071 1458 3529  969 2367 2658  1564 2328 3192  550 1564 2328  550 1587 2414  1106 1848 2862  318 2507 3853  552 1204 2072  552 1338 2072  97 2082 3371  1620 2091 3236  554 2049 3209  182 1463 1489  555 1251 1463  550 1273 1587  638 1844 3125  954 1646 3245  557 2047 3664  973 3487 3746  1317 2223 3106  107 2129 2330  163 1850 2115  560 2052 2463  118 2570 3857  561 3070 3522  227 3586 3794  227 2153 2486  563 2152 3687  563 1828 3103  858 2466 3389  565 2064 2069  450 3311 3676  565 2069 3171  566 1175 2361  566 2132 4177  275 3563 3699  567 2098 3714  268 1595 2130  568 1302 2485  2137 4095 4096  531 1575 2057  721 3671 4119  721 1729 2519  571 2053 2243  1146 1480 2441  1761 1768 3515  572 1768 2146  573 2021 3179  639 2067 2153  639 2066 2067  1505 2244 2936  2150 3252 3512  730 1163 1693  730 1693 2109  720 1591 2523  903 1468 2070  833 1720 2158  833 2305 2986  308 3208 3241  580 1901 2968  972 2947 3740  581 2107 3557  650 1291 1459  2433 4271 4273  651 1477 1703  584 1703 2020  584 1455 2020  584 1477 1703  1767 1970 3644  1209 3644 4051  275 2169 3699  930 1453 3551  1082 3475 3559  587 1321 2370  1692 2277 3410  1116 3490 4174  278 1460 2837  230 1713 2736  88 1573 2469  590 2085 2172  766 2112 2965  591 2112 2965  994 3782 3783  94 1551 1953  663 2033 2651  926 2909 3384  538 1651 1760  166 1148 1651  426 1389 2964  1246 1968 4193  506 1586 2087  811 1857 3642  1006 1930 3574  279 3789 3790  1340 4058 4076  265 1748 3224  837 1766 1992  837 1766 3613  396 3416 3534  929 2267 3755  737 1707 3839  325 1761 3689  267 2208 2731  602 1390 2147  875 1872 2821  972 1817 3739  93 1975 2955  985 2195 4275  233 1708 3504  256 2281 3322  664 2180 2181  607 2178 2541  915 2541 2838  218 1505 3238  608 1283 2260  81 2652 4218  796 2716 2717  752 1694 2256  590 2172 2633  590 2085 3796  612 3107 3364  527 1952 4223  614 3159 4217  615 2218 2642  539 1710 2151  77 1738 3711  1427 2106 4044  763 1454 2843  617 1686 2198  1436 2235 3240  618 1818 3308  1113 1728 2215  619 1877 2809  620 1850 3747  560 1446 2115  511 1997 3437  936 3437 3987  622 2244 2245  622 2245 3336  1156 2025 2684  1321 2370 3559  1158 2233 2837  105 2271 2509  1364 2644 2824  58 1251 3035  181 1364 3082  714 2540 2747  627 2234 2751  486 1385 1665  182 1463 1519  1531 2565 2920  814 1531 2920  630 2154 2364  1097 3333 3334  964 2305 2986  579 2157 2986  633 1677 1678  67 1678 2030  1604 3264 3550  667 2090 2509  509 1530 2176  635 2336 2337  2337 2372 3342  261 1699 2395  636 1461 2551  491 1887 3415  637 2394 4180  208 1844 2568  302 1273 1587  1187 4155 4156  639 2066 4118  381 1350 2987  640 2355 2875  1510 2144 2783  641 2144 2783  465 1295 2677  309 1295 3527  1229 2294 2894  497 1847 2913  35 1696 1930  1187 1671 4157  645 2375 2376  361 2265 3681  126 1302 2485  954 2047 3664  813 2125 2331  1228 2156 4020  1227 2156 3204  1276 2792 3745  1560 2304 3631  650 1397 2432  583 1477 1995  651 1477 1995  460 1560 2304  923 2054 2404  653 2317 2608  1546 2449 2961  428 1513 3558  132 2458 3692  655 2360 2720  843 2222 2231  747 1424 1602  996 2126 3467  657 1478 3656  1073 1445 1966  658 1465 3432  659 1625 2359  130 3427 3478  251 2107 2143  660 2107 2143  447 1166 3440  662 2446 3440  1226 2140 3729  893 1226 3279  999 2234 2751  1070 2033 2651  664 1620 2091  2180 3433 3434  618 1818 2820  1279 1890 2302  278 2133 2572  959 2350 2351  1125 2090 2620  228 2943 3094  535 1356 1999  187 1356 2123  189 1500 2104  670 1688 3263  671 1904 2490  720 1220 1904  1114 1452 2239  408 2923 3333  524 1894 3717  673 1731 2148  522 1282 2870  674 1394 2489  1076 2106 4032  1191 2517 2566  267 1533 2731  267 1758 2147  783 2427 3592  326 2635 3684  404 1765 3797  200 1456 3313  830 1828 2671  730 1163 2543  215 2109 3452  1261 1982 4233  681 2493 3041  1287 2129 2330  682 1402 2878  1111 1841 3604  221 2472 3604  1197 1550 4038  684 2226 2345  1223 2390 3161  345 1931 4199  654 1432 1592  1432 1592 2397  419 1470 2803  687 2941 3193  155 1625 2531  704 2326 2700  497 1696 1697  850 1355 3450  961 1387 2121  226 1697 1822  1199 2580 2581  358 2356 2777  607 2177 2178  694 1573 2429  693 1611 1613  693 2131 3147  88 1573 2667  806 1916 2429  1000 1433 3599  314 2333 3386  514 1332 1812  224 1813 3347  277 2317 2450  697 1546 2449  1297 2788 3142  1297 2007 2203  715 2018 3516  2492 3041 3610  433 1535 1562  239 2706 3217  378 3012 3234  897 1447 2206  494 1878 1992  115 1173 1879  703 1497 2584  1467 3333 3334  332 3329 3629  704 2326 2354  117 2600 3066  971 1808 3393  1526 1650 2371  707 1552 3207  1244 1969 2629  1244 2032 4245  662 2447 3279  1099 2140 3729  710 1265 2297  777 1869 2604  803 1298 2972  712 2547 2973  870 1648 2400  466 1763 1764  1364 3082 3289  211 2015 2305  715 2585 2586  716 2373 4117  900 2373 2459  1004 1912 2421  222 2108 2459  971 1663 3394  47 1821 2578  809 1606 2535  721 1669 3671  1484 4119 4120  199 2034 2646  722 1427 2645  1234 2721 2722  1104 2952 3788  989 1719 3463  217 2042 2670  726 2559 3368  21 1950 2688  889 3368 3465  726 2559 3067  1003 1815 3875  727 2705 3102  729 2554 3450  834 1835 2444  730 2543 3257  945 1691 2453  238 1576 3162  932 1893 3428  733 1963 3640  99 1554 1963  2072 3809 4287  701 1529 2347  202 1211 3418  611 1540 1891  471 1780 1902  274 2250 2290  1633 2386 3721  160 3295 3685  738 2096 2754  765 1666 1875  1170 2356 2875  225 2355 3617  1214 2411 2916  741 2439 2484  741 1559 3283  171 1438 3258  742 2613 2615  978 1664 3532  617 2114 4050  744 1447 3658  283 1948 3904  1645 3753 4077  564 1742 3097  858 1741 3389  314 3553 3807  151 1247 2105  1662 3319 3688  1290 2278 2726  615 2218 2588  749 1167 1654  480 3108 3864  230 1952 3220  751 1656 1657  231 1656 2714  916 1381 2924  1381 2668 2924  1072 2349 3314  753 2756 2757  754 2075 3461  754 1461 2739  353 2385 2744  1354 2743 2744  756 2706 3217  756 2706 2723  398 3312 3725  759 1708 3504  758 1418 1419  758 1418 2741  1825 3307 3860  759 1556 1754  863 2451 3444  1311 2771 2772  236 2272 3811  1300 2742 3995  419 2193 3763  51 1470 1537  204 2362 4155  1084 2058 2787  714 3082 3289  121 1479 2616  765 1875 3226  765 1642 3214  140 1571 2889  1803 2498 4011  767 2196 4061  53 3057 3381  769 2200 3555  1429 2798 3441  770 2798 3441  253 1888 3612  772 1955 2912  772 1449 1955  771 1836 1955  1579 2059 3791  773 2710 3069  1320 2122 2183  774 1205 2735  1843 2649 3128  710 1482 3825  776 1765 2891  124 1473 1800  523 1972 3315  34 1445 1971  927 2499 3206  927 1715 3206  334 2313 4221  779 1922 3786  268 1518 1924  780 1296 2657  1169 2111 2965  782 1926 1927  331 1965 2729  783 1223 1462  253 2426 2427  784 1449 1836  1449 1836 1955  234 2849 2911  1475 2910 2911  381 1351 2905  560 1352 2463  405 1475 4235  405 1474 4235  1145 2881 2882  788 2788 2789  866 2053 2243  1255 2501 2530  790 1936 2915  1210 1396 1936  50 2759 4169  620 1446 2987  649 2291 3337  1239 2477 3337  1259 2750 2841  235 1455 2054  795 2411 2916  796 2244 2936  622 1505 2244  797 2104 2623  255 2068 2951  1511 2664 4207  1244 1990 2629  209 1990 3589  613 1292 1676  255 1969 2629  1383 2886 2887  801 2060 2921  349 1682 3267  904 2249 2985  803 1579 2703  807 2999 3763  952 3523 4002  120 3078 4069  81 1441 4218  1441 2716 2717  692 2569 2690  271 2835 4137  807 2192 2193  807 2192 2482  1249 2979 2980  389 1248 1958  447 1166 1606  188 1978 3782  1906 1985 2653  810 1263 2797  1216 2557 3996  811 2944 3642  860 1689 3211  812 1723 2854  472 1541 1542  1207 1395 2496  116 3498 4260  409 1479 1883  815 1479 1883  248 1488 3033  816 1589 3034  246 3018 3048  817 2225 3002  818 3049 3050  1993 4003 4004  319 1255 2530  819 1634 3018  677 1996 2755  421 1436 2329  341 1163 2543  660 2142 2143  822 1908 4246  822 2683 4167  1156 1771 2932  823 2682 2683  824 1625 2531  824 2711 3195  157 2328 2640  734 1338 2582  826 2159 2876  499 1666 1875  387 1365 2095  265 4058 4076  385 1982 4233  829 2733 2978  2734 4060 4179  9 2155 2675  830 1810 3351  830 2672 3351  482 1797 3076  2148 2552 4150  1641 2567 3614  1151 1937 4022  964 2015 2305  496 1721 3068  834 1870 2643  490 1870 3218  1208 1831 1991  482 1798 2879  2516 3014 4128  837 2497 2940  837 1878 1992  515 1483 2062  838 1486 2880  1189 2076 2883  952 2174 3078  479 1803 3407  628 2171 2310  287 3137 3870  435 1549 2179  1036 1895 1896  654 2222 3482  256 1432 2397  426 2964 4165  1524 3743 4165  1263 2661 4200  382 1263 4162  949 1773 3375  1044 1532 1566  876 2503 3708  296 1701 1988  1604 2870 3264  848 2934 4264  1615 3156 4174  819 3020 3490  884 1847 2913  884 2913 3162  851 2628 4265  851 1401 3117  1287 3028 3177  163 1177 2127  853 2090 2620  1125 2090 2509  155 2377 3489  854 2377 3489  353 2744 3064  855 1543 3065  862 2391 2392  857 2793 3181  857 2019 3181  622 3252 3512  1309 3170 3171  530 1906 1985  1514 3239 3253  264 3062 3210  128 2701 4236  1202 2295 3989  434 3151 3518  1550 3151 4097  863 1763 1764  863 2183 3127  864 1675 2992  460 1617 1626  105 2509 2976  865 2870 3264  855 3063 4279  57 2553 3148  1218 2612 3546  1218 3553 3807  1724 2728 4170  868 1902 2250  160 1633 2386  869 1267 3295  521 1648 1951  386 1308 1416  871 3139 3303  982 3626 3845  1253 3541 3567  147 1683 2786  873 1881 2969  684 1232 2226  434 1598 2189  502 1354 2385  250 2435 2821  303 1862 3331  876 2503 2594  1164 1862 2819  877 2962 4113  303 1773 2790  878 1964 2950  3753 3859 4077  880 1711 3284  276 2098 2319  1438 2098 2319  1500 3355 4172  127 1849 4012  1576 1947 2136  884 1576 2136  883 1947 2136  1684 2340 2755  885 1683 3357  1754 3307 3860  373 1205 1673  918 2766 2767  353 2385 3392  888 1769 3230  634 1753 2176  1258 2514 4163  363 2550 2750  1046 1508 1885  892 1938 3815  680 1563 2454  215 2452 3452  421 1437 2235  894 1435 3381  1279 3095 4101  665 1890 2302  991 1698 2778  555 1994 2101  897 2185 3234  957 2185 4286  1685 1866 3273  626 1866 3273  324 2029 4254  899 3054 3055  900 2373 4117  900 2114 2522  948 2208 2440  901 1759 3578  369 1658 4024  329 2908 4210  903 1468 3030  347 2855 3379  904 2842 3198  1279 3095 3096  905 1465 3432  301 2342 3723  1359 2342 2625  907 3270 3271  164 3271 3429  909 3219 3730  586 2169 3296  1124 2899 3730  1124 3145 3352  440 2236 3624  910 3095 3096  393 1372 3149  1372 3148 3149  383 2443 3262  1534 3260 3262  913 1975 2955  913 1434 1975  914 3377 3417  127 1661 3377  915 2838 2935  915 2238 2464  916 1573 1916  916 1916 3277  492 1775 2719  98 1775 3625  201 2394 2767  918 1867 3273  934 1855 3480  554 2050 2954  196 1264 3970  137 1494 3400  921 1421 3401  22 1203 3977  1289 2822 3281  87 1626 2404  923 3338 3511  19 1228 2285  19 1228 2483  925 1211 2065  735 1577 2065  1148 2251 2252  270 2113 3341  927 2650 3831  269 1972 1973  276 1185 2319  928 1805 3545  600 2267 2315  1412 3416 3534  654 1453 4181  930 2169 3699  405 2910 3457  931 1917 3456  266 1977 2516  524 1894 2791  366 3486 4036  933 3487 3488  934 2210 2211  934 2954 3481  540 1960 1961  935 3114 3116  28 1196 1997  1196 1997 3437  937 1274 3537  937 2477 3337  938 2288 2564  1443 2399 3484  1773 2963 3375  1182 2539 3802  495 1668 3150  309 1843 2649  98 1512 2608  98 1512 2796  1224 2613 2615  742 2613 3632  943 3593 3603  496 1468 1722  411 1223 2262  356 1392 3197  1322 2988 4134  957 2546 3012  365 1536 2546  947 2514 3129  676 1735 2958  948 3636 3637  939 1415 3606  949 3365 3661  130 2229 3519  950 1925 3549  558 2223 3106  367 1315 2086  376 3523 4002  952 2174 3523  953 2549 3325  223 1318 2549  1646 1853 3245  123 1646 3300  378 3012 3514  955 1335 2325  956 2325 3011  958 2558 3085  666 2350 2351  89 2350 3648  539 1347 2151  960 2598 2599  963 1387 3430  2416 3201 4078  962 2605 2846  962 2846 3455  689 1225 2416  226 2242 2415  82 2157 3081  631 2014 4201  2044 4056 4142  449 1336 3988  792 2301 2782  16 2380 3100  1202 1899 2983  861 3570 3989  968 3282 4251  968 1636 3469  549 1440 2941  969 1440 3193  1389 1864 4220  161 1454 3055  47 2041 3232  971 1808 2578  660 3557 3739  603 1339 2335  1420 3487 3746  1850 3746 3747  131 1510 2144  1268 4003 4004  509 1530 3168  193 2391 4239  134 1328 1431  976 2298 2300  691 2580 3778  1699 3777 3779  648 2285 3827  242 2198 2287  1065 3043 3542  1369 2917 3959  981 1653 2279  342 3422 4063  1253 1757 3845  982 2531 3627  983 1194 2131  1194 2131 2316  535 2000 3833  984 2612 3808  2309 2948 3716  985 1365 3715  854 1314 2083  986 3447 3476  438 1493 1494  987 3356 3629  1332 2864 3733  1332 1812 2864  469 1235 1718  217 1719 2559  1043 1709 3639  990 2387 3237  896 2101 3133  568 1302 2265  1022 2212 2725  1660 3229 4260  356 1392 3250  2110 2745 3781  576 2110 2939  448 1337 3072  135 1985 4001  996 1422 3326  458 2061 2590  594 2228 2229  304 2234 3795  166 3384 3595  166 1651 1760  627 2074 2751  627 2073 2074  1000 2333 3386  314 2000 2437  1001 2583 3834  1002 1840 2858  728 1815 2525  717 2421 3838  1005 2527 2727  286 2210 3479  644 1696 1930  656 1424 2327  656 2398 3173  36 2311 3728  1217 3107 3364  728 1756 2092  540 1962 2445  1012 2162 2583  529 1981 4104  24 1259 2293  527 3823 4223  527 1952 2455  847 1701 1988  512 1639 1826  291 3909 4158  512 1386 2491  511 3437 3987  936 3437 4238  528 1681 2085  528 1213 2221  510 1152 1939  1196 3437 4238  1597 1976 2926  1212 2165 4268  488 1525 2673  374 1194 3855  526 2276 3660  240 1229 1690  2009 3108 3864  1027 1802 3924  457 1629 3223  733 1554 1963  1029 2187 2401  455 1213 2012  1031 1706 3934  453 1678 2403  22 1203 1647  439 1611 1613  1035 1736 3930  1286 1414 2977  1881 2515 3505  1519 2596 4151  422 1717 3411  1040 1854 3683  402 1716 3225  214 1754 2659  220 3396 3397  220 3397 3695  1046 1508 3950  360 3183 4230  70 1256 1845  1239 2291 4277  210 2160 2792  799 1990 3589  349 1245 1682  1050 1245 1682  348 3237 4191  1140 3165 3659  1140 1709 4129  497 1697 1979  285 3246 3881  522 1282 1915  522 1603 2199  2081 3760 3762  259 1976 2926  501 1597 1976  1057 1597 2926  1292 3159 4217  1059 1526 2371  707 1650 2371  1376 3666 3958  100 1296 2657  24 1259 3971  179 1274 2748  2617 2934 4264  1264 3458 3459  920 3458 3459  450 1621 3114  1382 3043 3542  1369 3328 3611  980 3328 3611  148 2191 3090  1067 1670 3404  1588 1624 2834  1068 1588 1624  1588 3693 3999  1069 2086 3718  270 2073 2651  1070 3119 3539  340 2931 3259  1071 1923 2907  1344 2826 2828  252 2678 2827  441 1445 1966  441 1411 1966  1074 2610 3391  519 1640 2610  369 1319 2099  1472 2099 3524  722 1357 1427  616 1540 3186  461 4042 4198  929 1405 3755  1392 3250 4013  1078 1883 2869  567 1438 2098  98 2097 3625  360 2114 3182  1080 2276 3660  125 1294 3039  357 1522 3475  623 1638 2313  322 1747 3059  991 2265 3681  1083 3679 3680  1187 1572 4155  307 2286 2375  1085 2375 2376  2285 3709 3827  514 1332 1633  315 2641 3733  315 2248 3373  1088 2248 3040  1087 2601 3040  616 1540 1891  1089 1368 4082  1608 2823 3992  1135 1921 3167  569 2137 2138  1091 1811 4091  569 2137 4096  1095 1897 4092  1093 1567 4007  1179 2937 3766  1091 2137 2138  1094 2055 2512  2005 3462 4094  153 1776 2881  327 2431 3292  1053 3291 3967  1097 2462 2584  1097 2154 2364  603 1339 2254  1098 2611 2867  1099 2311 3727  321 2289 2312  1100 1319 3622  1100 2180 2181  830 2671 2672  388 2672 3351  756 2724 3380  570 1555 2280  194 2151 3423  1103 2410 3422  1569 2575 3788  1103 2410 3024  1549 2179 3205  1105 3205 3597  694 2506 2507  916 1573 2667  1107 2506 2507  318 2507 3759  2298 4107 4109  134 1328 3495  490 1834 3112  2417 2555 3369  635 2337 2372  320 4038 4097  1197 2345 3720  1111 1841 2996  1112 2336 2337  1112 1732 4098  1113 3650 3651  68 1610 1729  778 1869 2709  1359 2342 3272  562 1426 2768  426 1426 2768  319 3156 4174  1116 3490 4175  352 1787 3618  442 2632 3274  1118 1739 3301  698 1222 2339  55 2007 2203  1120 1310 4075  1120 1898 4075  438 1493 2573  1121 1492 4146  330 2488 4121  1910 3817 3818  2168 4209 4210  329 3145 3352  1124 3352 3730  1124 2899 3451  1125 3573 4222  278 2233 2837  845 2661 3772  1327 2702 2928  845 2702 3046  2322 2524 3265  1128 2524 3427  632 2030 3212  344 1250 3550  801 2887 2921  1558 1652 4014  349 3267 4197  904 2249 2842  453 2403 3285  1132 3094 3694  517 1918 1919  323 1918 4248  1134 3339 4249  1922 3786 4249  1920 1921 3643  1135 1921 3643  659 1625 2480  1136 2479 3427  1500 4045 4172  519 1846 3353  1138 1331 2520  1138 1331 3499  541 2029 3569  170 1957 2028  1751 3165 3659  1393 1680 2938  345 1192 1931  1193 4212 4213  114 1783 2622  1595 2707 4215  446 2473 2808  331 1965 2637  1145 1776 2881  571 1480 2441  1146 3515 3689  601 1614 1707  325 1761 2422  593 2251 2252  166 1148 2251  650 1459 2433  327 2431 2432  1150 2576 4074  532 2358 2576  430 2266 2674  1151 1937 4023  297 1152 2892  436 1304 1679  1304 1679 3492  1731 2148 3691  579 1731 2149  492 1774 3026  1079 2097 3625  823 2682 4068  1156 2025 3813  1185 2931 3132  928 1185 3132  1506 1616 3332  1803 3749 4011  377 2521 2734  1159 2155 2521  1209 2094 2686  1160 1849 3390  768 1596 2273  1388 1596 2273  1162 2207 4241  1163 2207 4241  94 1163 3021  94 3021 3697  518 1164 2819  150 1640 3391  970 1389 1864  970 2971 3722  1166 1606 3491  61 3491 3874  589 1952 3220  589 1167 2588  206 2060 2921  1168 3832 4125  188 1544 2523  592 1978 3091  406 1272 1637  1272 1637 2777  218 1171 2260  608 1254 1283  221 1172 2472  1841 2472 3604  494 1879 3726  336 1981 3830  1013 2758 2990  336 1175 1981  171 2369 2615  171 1175 1593  57 2053 3172  391 1842 3135  339 1177 2128  339 2055 2128  118 2463 3857  1178 2937 3438  1094 1242 2055  1179 3766 3771  939 2182 3606  1415 2539 2903  877 1773 2963  1181 3513 3561  432 1314 2967  432 1314 1439  1601 2045 4026  506 1585 1873  593 1434 1975  331 2252 2729  1185 2931 3259  881 2319 3259  239 1186 1535  433 1186 1535  645 1572 2362  1572 2362 4155  548 3502 3529  335 2038 3483  1310 2076 2883  1481 3990 3991  82 1798 2013  482 1799 3251  675 2517 3052  675 2517 2566  675 3052 4032  345 1192 2517  1193 2560 2561  1193 1931 4213  374 1504 2690  374 1232 2253  911 1668 1914  911 3148 3149  28 2212 2725  874 1197 1550  108 2345 3027  32 1527 2021  32 2021 4019  691 2580 2581  261 1199 2580  1200 2075 2413  1200 1886 4206  1201 2650 3831  452 1201 2650  706 1202 4168  706 2043 2048  1290 2726 2805  1203 2822 3349  1498 3290 3826  1049 1498 3826  1205 3571 4070  144 2510 3824  1748 1998 4040  508 1892 4059  45 1207 2867  1207 2611 2867  1208 2353 2354  416 1208 2354  835 3016 3138  416 2094 2686  368 1396 2915  477 1210 1396  1211 1577 2065  1212 2004 4269  39 1213 2012  1214 1909 2411  1214 2916 3157  151 2436 2589  1215 2105 3997  1216 2045 4026  79 1585 1857  611 1211 1577  612 2306 3107  112 2864 3025  1218 3553 4154  488 3598 4270  591 1220 2592  394 1790 2474  556 1221 1404  85 1231 1770  804 2388 3616  1222 2388 3616  136 2561 3161  411 1223 2390  941 2796 3563  567 2097 3564  499 1225 1932  84 1225 1932  1226 3729 3974  1227 2156 4020  648 1228 2156  1228 2483 3294  1228 3294 4020  346 1229 1929  1229 1690 1929  542 1230 2420  1230 2041 3232  85 1231 2914  638 1231 3125  1219 2253 4133  1232 2253 4133  1233 2248 2601  1233 2248 2408  216 3657 4112  484 1234 2278  469 1235 2051  247 1235 2051  932 1977 2516  266 1236 1977  1237 1821 4257  324 2520 2847  368 1238 2740  557 2046 3278  1239 1859 4106  572 2145 3668  475 1791 2258  633 1677 2943  633 1241 2556  1242 2055 2128  559 1242 2128  338 4082 4190  1368 4082 4190  613 2032 4245  71 1292 2032  679 3703 3753  349 1245 2406  1246 2344 3426  1246 1968 4192  444 1580 2105  389 1247 1580  42 1248 1959  808 2979 2980  1249 2518 3388  633 1250 2556  1251 2545 3035  1251 1463 2804  30 1252 2001  872 2570 3188  872 2570 2900  402 1254 3225  1041 1716 3225  573 1240 2022  319 1692 2277  1047 3960 4229  770 1330 1688  1330 1688 3286  1258 2514 3129  1239 2291 3337  643 2293 2550  363 1508 2202  588 2277 3410  1260 3410 4252  184 1562 2163  1261 1982 3320  749 2542 2572  89 1832 2307  810 2439 2484  810 1906 2797  707 1264 2631  382 2484 2984  465 1265 1967  309 1843 3527  1266 2829 2830  200 1266 2830  325 1267 2346  601 1267 2346  974 1672 3547  1269 3146 4005  1269 2349 3314  1269 3146 3345  799 1990 2629  1498 2863 3290  1734 3152 4135  355 1271 1734  791 2815 2906  406 1272 2815  638 1587 3309  302 1587 3309  1274 2748 2749  1274 2749 3537  1045 1275 1860  1276 2888 2995  362 2291 4277  374 1232 1504  693 1277 3042  1278 4018 4195  1309 3170 4195  440 2302 3096  1279 2302 3096  860 1515 2247  1515 3164 3562  257 2300 2331  848 1894 1915  213 1894 1915  1283 1570 3238  218 1505 2936  1284 2431 3292  1284 3291 3967  199 2646 3372  1285 3274 3732  15 1414 1895  1414 1895 2977  559 2127 3177  262 2878 3028  124 1288 1765  1288 1765 2166  727 1815 2103  192 1289 2705  748 2726 2805  748 2598 2599  652 1617 3001  195 1291 1617  613 1292 2032  614 2308 3159  1081 1522 4066  170 1293 3092  125 1150 1294  1150 1294 2216  309 1265 1295  465 1265 1295  1038 1520 2697  534 1297 2789  1297 2788 2789  223 1298 1318  1298 1318 4187  183 2222 2231  97 1312 2360  1806 2077 4256  144 1750 4256  625 1698 3178  181 1346 2764  646 1594 2443  361 1302 2246  646 1534 2456  646 1594 2544  1280 2314 2701  1304 2314 2701  92 1305 2378  502 1305 2378  1306 2376 4285  18 4280 4285  366 1307 2765  1528 2885 3617  538 1926 3449  386 1925 3549  1309 4018 4195  162 2069 4018  377 2174 2883  1310 2174 3523  466 1311 3707  466 1749 3707  97 1312 3371  606 2082 3371  781 2442 2827  473 1786 2442  1182 3802 3803  56 3802 3803  1315 2086 3718  43 3117 3718  2628 2810 4265  262 1316 2628  1485 1642 3710  367 1317 1485  487 1318 2549  467 1318 4187  1075 2795 4084  59 1900 3810  697 1619 2450  697 1320 3036  1522 3475 3985  587 1150 2216  1322 2801 2816  341 1163 4241  461 1323 1996  326 1323 1996  441 1444 1496  523 1324 1590  504 1724 4170  141 1325 1724  859 3253 3254  106 3239 3253  859 1327 3194  372 2928 3194  976 1328 3495  976 1328 2125  113 1541 2704  371 1329 1330  743 2577 2785  1331 2577 3499  1332 1633 2641  1086 1633 2641  786 2872 2873  118 2570 2900  83 2010 4146  83 1334 2010  744 2187 2780  1335 2325 3514  449 1336 1818  167 1336 1818  1337 1746 3072  1069 1337 4131  302 1338 2582  552 1361 2089  316 1497 4072  316 1339 2335  387 1340 2095  93 1365 3530  2527 2727 4242  388 3351 3678  1042 1342 4079  628 1343 2312  182 2310 3344  781 2826 2828  1344 2826 3470  717 2108 3838  360 2114 2522  1346 2764 3682  1346 3680 3681  539 1347 2982  959 1832 2982  828 2648 4228  1348 2648 4228  839 2174 3078  839 2733 3653  791 1351 2905  50 1350 2906  786 2023 2874  234 2872 2911  786 2873 2874  560 1352 3412  91 1741 2669  575 2150 3252  169 2254 3134  169 1354 2214  226 1697 1979  689 2416 3201  187 2283 2871  442 1739 2632  442 1739 3061  1358 2632 3274  1118 1739 2632  755 2743 2744  415 1359 2035  249 2031 2243  249 1360 1490  552 1338 1361  302 1338 1361  764 1362 2845  392 1749 3289  907 1399 3271  392 1363 3270  181 1301 2644  181 1364 2644  985 1365 2194  387 1365 3715  804 2309 2948  952 3078 4069  467 1579 3791  467 1318 2232  551 2595 3297  610 1694 2256  1369 2917 2918  1369 2918 3328  795 2917 2918  235 2916 3157  912 3261 3548  126 1534 3260  601 1372 2553  1372 2553 3148  1373 1988 3861  847 1373 1988  1374 3446 3447  56 2699 3447  1609 1610 3387  185 1670 3404  1376 3665 3666  446 2707 3665  1040 1377 1854  1379 2971 3722  161 1379 2971  596 1695 3780  224 1380 1695  751 2177 2178  751 1656 2714  326 2635 3773  784 1888 2635  838 1935 2880  206 1935 2880  757 2812 2813  398 1385 2220  54 1385 2811  1385 2220 2811  486 1466 1856  1466 1856 3090  1387 2696 3203  961 1387 3203  133 1794 3849  133 1388 1596  595 1827 2855  1524 2964 4165  1759 3080 3131  470 1390 1521  148 1391 2654  621 2204 2504  1392 1660 3197  814 1392 1660  352 1393 3798  1393 1680 3798  673 2148 2552  673 1731 3521  356 2988 4134  356 2496 2988  636 1461 2395  477 1396 2396  650 1397 2634  651 1397 4065  1362 3270 3343  408 1398 3200  907 3270 3343  164 1399 3271  1328 1431 3509  371 2799 3731  851 3118 4234  1401 3174 3572  1316 2628 2810  682 1402 3669  1403 1483 2062  152 1403 1483  267 1404 1533  556 1404 1533  1077 1740 2419  281 1740 2419  365 2888 3370  946 1406 2695  931 1407 1917  200 1407 3313  146 1901 2968  658 1496 3360  342 1409 2167  800 1409 2167  396 2200 3555  396 2200 3431  441 1411 1496  658 1444 1496  1412 3534 3535  156 2775 3535  388 1413 4079  745 2671 2672  1124 1868 3451  1414 1868 3451  949 1415 2680  333 2963 3375  824 2359 3195  1416 2711 3139  1417 2384 3231  407 1417 2384  1418 1816 2078  1417 2989 3698  1419 2812 2813  758 1419 3113  933 3486 3487  367 1316 3106  1421 2877 3848  1421 2877 3401  823 2320 4102  1422 2320 3326  369 1423 1658  686 2397 2945  151 1424 2763  656 1424 2763  652 1626 2404  383 1618 3511  78 1426 4164  562 2066 4118  1427 2645 3757  1076 1427 3757  576 1693 2109  447 1428 2110  1400 2799 3441  254 1429 2798  62 1430 3952  134 1431 2643  134 2643 4109  1312 2360 2720  843 2222 3482  695 1433 3599  337 2557 3340  926 2909 3385  593 2251 2909  820 2427 2562  1435 3057 3381  894 2329 3208  1436 2329 3208  618 2235 3327  1437 2235 3327  567 1224 2369  567 1438 2369  1439 2322 3265  343 2524 3265  157 2328 3192  549 1458 2213  805 2652 4218  609 2478 3276  1359 2035 3403  755 1442 3403  966 1716 3485  317 2399 3484  1324 1590 3015  1444 1590 3015  523 1971 2848  441 1444 1590  560 1446 3412  381 2987 3412  744 2779 2780  744 2470 3658  905 2236 3624  59 2180 3434  784 1888 3612  772 1462 2262  478 1636 1784  1636 1784 4149  817 2852 2975  817 1450 2975  1503 2365 2712  109 1467 3334  654 1592 4181  654 1513 3558  161 1454 2602  763 1454 2602  235 1455 3157  584 1455 3157  678 2532 2534  404 1456 2532  1456 2532 2534  31 1788 2533  157 2037 2213  825 2037 2038  111 2433 3073  582 2192 2193  749 1460 2461  89 1262 2542  368 1396 2551  368 1461 2551  253 1449 2895  783 1462 3592  431 1519 2596  555 2596 4151  380 1464 3367  785 1464 3367  658 1465 3335  190 1465 3335  398 1385 1466  486 1385 1466  672 1467 2923  109 2154 3701  578 1468 2070  496 1720 2537  807 2193 3763  245 1469 2999  762 2040 2481  419 1471 2040  236 2467 2468  236 2272 2836  1472 2044 4142  546 1472 2044  1473 1800 2579  406 1473 2579  776 3083 3313  124 1765 2891  785 2910 2911  405 1475 2910  986 1476 3445  401 2357 3446  427 1478 3211  427 3211 4167  1479 2616 2619  409 1479 2619  1147 1480 2925  325 1147 1480  1189 3990 3991  125 1481 3990  710 1482 2814  309 1482 2814  838 1483 3120  152 1919 3121  570 1484 4120  186 1744 1745  951 2605 2846  367 1485 3306  779 1922 2974  838 3121 3122  625 2764 3682  410 1487 2343  410 3032 3507  815 3031 3032  1463 1489 2804  414 1489 2804  391 1490 3063  866 2053 3172  1220 1904 2490  1121 2010 4146  438 2573 4144  688 2175 3329  332 3329 3993  137 1494 3630  1494 3356 3630  1495 3563 3699  428 1495 3552  1496 3360 3994  1411 1496 3994  409 1207 2611  703 2616 2619  355 2863 3290  209 1498 3589  547 1499 3751  1499 2866 3751  429 1500 2623  1500 2104 2623  417 1143 1779  429 1143 1501  882 1502 3354  429 1500 3355  1452 2712 4116  415 1503 2712  692 1504 4138  692 2238 2464  1505 1570 3238  575 1505 1570  418 3817 3818  418 1616 2718  79 1601 4026  462 1507 1601  363 1508 1885  1508 2202 3414  420 1509 3181  1509 2793 3181  1510 3049 3050  131 1510 3050  798 2664 4207  485 1511 2664  428 1495 2796  428 1512 2796  428 1512 2383  428 1513 2383  1514 3253 3254  530 1514 3254  1280 2247 3562  1515 2247 3562  345 1191 1516  1191 2036 3425  252 2757 3056  252 1517 1837  1296 1924 3058  1518 1924 3058  841 2310 3344  431 1520 3136  841 1520 3136  154 1521 2665  561 1521 2665  1522 2868 3092  357 1522 2868  399 1523 3022  1072 2756 2757  595 1524 2964  595 1524 2855  1212 1726 3037  1525 1726 3037  706 1202 2295  1527 2021 3179  573 1240 3179  738 1667 2885  366 2284 3486  701 2347 3233  335 2296 3110  1530 2495 3168  191 1530 2495  993 3498 4260  629 1343 2289  1532 1566 2949  759 1708 2713  1533 1907 3820  1844 1907 3820  126 1302 2456  126 1534 2456  700 1877 3649  700 1535 1562  1276 2995 3645  957 1536 2546  1537 3800 4267  51 1537 3800  611 1538 1540  177 1538 1540  743 3235 3532  1084 1539 2787  177 1540 4081  1540 3186 4081  1541 1542 2704  813 1542 2704  257 1281 1542  472 1281 1542  775 2063 2649  775 3128 3158  809 1544 2523  809 1544 3006  410 1545 3032  764 2644 2844  305 1299 3153  305 1546 3153  481 1547 3539  1547 3119 3539  787 1548 3000  406 1548 3000  318 1549 2656  1107 2507 3759  1112 3151 4097  434 2189 3518  576 2110 3781  94 1163 1693  707 1552 2630  707 1650 3207  14 2758 2990  1028 1629 3223  145 3077 3540  457 1555 1627  233 1556 3842  605 3307 3842  458 1557 2590  995 2590 3751  996 2126 3468  95 2320 3326  1559 2126 3468  458 1559 3468  460 1560 2991  1560 2467 2991  1561 2585 2586  211 1561 2586  433 1562 2493  1562 2163 2493  629 1563 4153  116 2453 4153  969 2658 3792  550 1770 3069  824 1625 2359  432 1565 2480  876 1945 3822  425 3140 3188  425 3140 3602  449 1931 4213  136 1568 4212  484 1234 2721  484 1569 2721  402 1443 1570  575 1443 1570  766 2112 2889  766 1313 3510  645 1306 3591  645 1572 3591  694 2507 3853  694 1573 2469  1574 2466 3389  520 1574 2466  516 1575 2800  312 1575 2800  884 1576 3162  731 1717 2444  611 1577 3754  735 1577 3966  1367 2232 3520  1578 2232 3520  245 2367 2658  245 1579 2059  808 1580 2981  389 1958 4099  164 1399 2666  164 1581 2666  97 2360 3029  97 1582 2282  734 1583 3496  335 3483 3496  506 1584 1873  596 1585 1873  506 1183 1585  79 1183 1585  642 2087 3109  156 1586 3109  638 1231 2414  638 1587 2414  1069 3305 3693  1068 1588 3999  814 1392 2919  414 2565 2920  523 1590 2848  1445 1971 2848  809 1591 2523  132 1592 2458  686 1592 2458  1175 1981 4104  742 1593 2614  637 1887 2393  887 2394 2767  1144 2130 4215  1595 2130 4215  412 2084 2829  1161 1596 3443  359 1172 1597  501 1172 1597  862 1705 2425  1705 2425 3163  885 1740 3359  1600 3358 3620  885 3357 3358  147 1683 3357  462 1599 2217  462 1601 2217  289 1602 2327  37 1603 3741  1129 2199 3655  1604 3550 3655  595 1605 2571  328 1605 2571  1606 2535 3491  1096 3291 3292  521 1951 4027  531 1403 1608  152 1403 1608  598 2261 3641  598 1609 1998  721 1610 1729  721 1669 3821  1107 3646 3854  439 3088 3646  439 1613 2679  63 1613 3350  160 1614 3579  601 1267 1614  849 1769 3154  849 3154 3448  1158 1616 3332  624 2233 4226  460 1291 1617  652 1617 1626  383 1618 2563  1594 2443 2563  1513 2383 2769  653 1619 2769  190 1324 1630  1312 2281 3322  158 1621 3116  1621 3114 3116  1342 2017 3311  1064 1622 3940  318 1623 2656  842 1623 2656  135 3506 4001  448 1499 2866  1565 1625 2480  155 1565 1625  864 2467 2991  87 1675 2992  457 1554 2893  457 1627 2893  609 2119 3276  1628 2478 3276  992 2708 3836  457 1555 3835  553 1324 1630  606 1630 2082  616 2230 4031  616 1631 1891  673 1632 2618  213 1632 2618  737 2386 3721  514 1633 3721  818 1634 3048  420 1510 3049  424 2605 2606  424 1485 1642  968 3470 4251  403 1636 3469  691 1800 2579  358 2413 2581  110 2370 3559  110 1638 2662  512 1386 1639  605 1639 1826  1640 3513 3561  150 1640 3513  716 1641 2567  222 2373 2459  122 2853 3710  765 1666 2853  1643 2775 3843  156 1644 2775  465 1643 1644  1643 1644 2775  207 1828 2671  679 2406 3473  123 1646 4206  1646 1886 4206  1033 2818 3363  445 1647 2818  713 1648 2400  713 1648 1772  598 1748 1998  481 1649 2261  706 1526 1650  706 1650 2043  950 1925 2465  538 1925 2465  458 1558 2061  95 1558 1652  959 2350 3648  615 1653 2307  89 1654 2542  749 1654 2542  204 1655 2134  1655 4118 4156  231 1656 2536  1213 1956 2536  143 1657 2434  1657 2434 4243  329 2168 4210  1075 1658 2908  674 2489 2966  674 1659 2237  814 1531 3229  814 1660 3229  1661 3377 3417  914 2240 3376  960 1347 3319  960 3319 3688  397 1663 3394  705 1605 2600  90 2593 2687  743 1539 2785  54 1385 1665  663 2073 2074  738 1666 1667  499 1666 1667  826 2418 3471  499 1667 3471  1668 3053 3525  175 1668 3053  621 2204 2205  513 1669 2204  185 1375 1670  513 1375 1670  639 2153 2486  938 2288 3586  821 3021 3022  251 2639 4103  887 2766 2767  637 1887 4180  1674 3571 4070  491 1674 3571  887 2394 4180  87 1675 2393  613 1676 1913  614 1676 4255  1677 2943 3094  1132 2352 3094  67 1678 3877  705 1663 1679  397 1663 1679  1141 1680 2938  1680 3750 3799  176 1681 3004  1050 1682 3868  461 1323 1683  1323 1683 2786  1077 1740 4042  53 2861 4043  898 1685 3405  44 2183 3127  978 2198 2287  242 1686 2198  178 1687 3008  770 2798 3079  1304 2701 4236  822 2897 4246  526 1845 2896  730 2109 3452  680 1691 2452  319 1255 1692  573 1255 1692  94 1551 1693  576 1551 1693  177 1538 2219  610 1368 2257  1695 2944 3642  224 1695 2944  35 1696 2856  690 1822 2242  226 1822 2242  58 1487 3178  58 1698 3178  1461 2395 2739  977 3777 3779  104 1700 2374  518 1702 2049  518 1700 3228  518 1701 3228  150 1164 1702  518 1164 1702  651 1703 4065  195 1703 4065  856 2627 3180  454 1705 3180  1705 2627 3180  143 1705 2627  634 2391 2392  601 1372 1707  393 1372 1707  758 1708 3113  233 1708 3113  1140 1709 2387  1043 1733 3639  1710 2279 4240  342 1710 2279  880 2003 3285  445 1711 3284  347 1524 3743  802 2249 2985  480 1714 2737  480 1713 2737  1714 2737 2738  149 1714 2738  109 1467 1715  672 1467 1715  966 1840 2858  402 1716 3485  731 1717 3411  834 1717 2444  540 1961 3863  469 1718 1962  989 2597 2670  469 1719 3463  578 2537 4037  174 2196 4061  943 3516 3594  496 1722 3593  2118 2471 3603  719 2025 2270  812 1723 1941  868 1724 3288  141 1780 3287  867 3025 3124  274 1725 3123  501 1172 1726  221 1172 1726  257 1281 1984  647 2298 2300  239 2014 2706  483 1728 2724  483 1729 3651  1729 3650 3651  1102 4119 4120  483 1729 2519  330 2149 3819  330 1731 2149  862 2391 4239  434 1598 2425  379 3164 3639  967 3062 3164  1270 2135 4115  355 1270 1734  1735 3152 4135  208 1735 3152  1035 1736 1928  925 2036 3419  337 3340 4035  1813 2263 2529  1142 3704 3711  468 2100 3348  1738 1739 3061  468 1738 1739  461 1683 4198  281 1740 3359  564 1741 3097  746 1742 3097  564 3170 4195  564 1742 2161  617 1664 2593  617 1743 2593  507 2708 3836  507 1745 2708  186 1484 1745  570 1484 1745  1746 3174 3832  43 1746 3174  623 1638 2662  623 1747 2638  265 1649 2839  265 1748 2839  1363 1749 3707  392 1363 1749  1750 2077 4256  917 1806 2077  1051 1682 3266  348 3165 3268  975 2042 3316  1752 2042 3316  509 1753 3317  509 1752 3316  759 1532 2659  759 1754 2659  1135 2500 3167  1920 3643 4203  75 1756 3928  544 1757 2774  1334 2010 2774  1390 1758 2147  470 1390 1758  216 1759 3080  728 1815 2103  166 1760 3126  594 1760 3126  869 2422 3130  1761 2422 3130  2342 2625 3723  301 1762 2241  1311 1763 2771  466 1311 1763  714 2407 2747  1764 2407 2747  404 1456 3083  404 1765 3083  711 1766 1992  64 2186 2761  1970 3644 4051  417 1767 1970  500 1761 1768  1793 1874 2011  789 1871 2031  849 1769 3155  85 1367 3520  85 1770 2710  1130 1771 2932  823 2320 2621  521 1607 2548  521 1772 2548  878 2503 2790  877 1862 3331  492 1155 1774  1155 1774 2317  98 1155 1775  492 1155 1775  533 1776 3609  153 1776 3609  500 1777 1874  1777 1796 1874  1329 1778 3663  113 1329 1778  114 1501 4055  868 1902 3287  1780 1902 3287  1804 2898 3138  48 1781 3016  817 2225 2851  423 1934 2225  797 2275 2622  451 2173 2275  1450 4148 4149  1344 3470 4251  478 1785 3282  52 1786 2828  52 1344 2828  1457 1787 3618  31 1457 1787  678 2321 2533  474 2273 2321  138 1393 2938  138 1789 2224  591 2474 4047  140 2112 2889  572 2146 2258  139 2011 2146  503 1796 2026  1088 3373 3374  350 1793 1874  350 1796 1874  1794 1804 3849  413 1794 1804  1281 1795 2341  46 1795 2341  1792 1796 2026  350 1792 1796  1797 3076 3077  145 1797 3077  1190 2013 2879  1798 2013 2879  831 2859 3251  266 1236 2859  124 1288 1800  977 1288 1800  840 2009 3108  840 1803 3407  578 2197 4122  767 2498 3583  479 1803 3583  835 2898 3138  413 1804 3138  928 3543 3544  276 1805 3545  1300 2510 3995  1806 2510 3995  1807 3543 3544  493 1807 3544  970 1389 2884  489 1379 3722  243 1809 3142  698 1809 3142  563 1829 2152  563 1830 2698  107 1811 4091  107 1811 2330  112 1812 2511  1812 2263 2511  514 1813 2263  514 1812 2263  54 2074 2751  757 2220 2811  216 2103 3080  728 2103 3080  939 2680 3605  1128 2182 3477  45 1395 3399  45 1817 3399  167 2820 3166  167 1818 2820  487 1318 3453  1819 2268 3634  185 1547 3119  185 1820 2033  1821 3601 4257  1821 2578 3601  372 1823 3213  690 1823 3213  372 2928 3330  372 1823 3185  438 1494 1824  921 1494 1824  605 1825 1826  101 1825 1826  1017 3247 3248  117 1827 3066  1605 2600 3066  207 2405 3013  207 1828 2381  574 2152 3242  78 2066 2067  162 1810 2698  162 1830 2698  416 1208 1831  835 2686 3016  1653 1832 2307  539 1653 1832  490 1833 3112  1109 1834 3112  1108 3218 4108  1108 1870 3218  490 1833 2794  490 1835 2794  784 1382 2636  1517 1837 4274  753 1953 3697  520 1235 1838  247 1235 1838  158 1621 2528  158 1839 2528  966 3484 3485  966 1840 3484  683 1841 2472  683 2119 2776  911 1176 3150  1176 1842 3135  940 1843 3527  495 1668 3525  556 1533 3820  208 1844 1907  70 1845 3926  127 1846 3354  127 1502 3354  1054 2856 2857  1368 2595 3297  551 1848 2595  127 1502 1849  1502 2368 3696  973 3746 3747  163 1850 3746  659 2480 4143  386 2359 3195  1109 2159 2876  225 1667 2418  1853 2159 3998  545 1853 2159  411 1377 1854  411 2390 2676  919 1855 3424  1067 1856 2191  1856 2191 3090  79 1857 2424  811 1857 2424  503 1858 3686  869 1858 3686  1048 1859 2303  364 1275 1860  794 2750 3402  524 1236 1977  524 1861 3717  847 1373 3321  847 1862 3321  263 1629 3619  263 1863 3619  1165 1864 4220  161 2602 4219  1083 1865 3679  626 1867 2998  44 1764 2747  626 1866 2540  1303 1867 2998  201 1303 1867  902 2428 3144  1124 1868 3145  777 1762 1869  301 1762 1869  834 1835 1870  490 1835 1870  571 1871 2441  159 1871 2441  857 2378 4048  250 1509 2793  1873 2730 3439  1584 1873 3439  500 1768 2011  500 1874 2011  310 1875 4073  1225 2416 4073  747 1602 1876  537 1602 1876  1998 2809 4040  700 1877 2116  494 1878 3726  1173 1879 3726  702 2475 2476  494 1879 2475  1879 2475 2476  702 2475 2922  525 1881 2515  873 1323 2786  688 2175 2377  544 1882 2574  815 3032 3033  815 1883 3033  282 1662 1884  880 1662 1884  891 1885 3397  1200 1886 4205  1886 4016 4205  1675 1887 2393  491 1675 1887  677 2340 2755  253 2427 3592  83 1334 3143  83 1889 3143  167 1954 3302  167 1954 3166  611 1211 1891  202 1211 1891  1261 1892 4232  184 2163 3320  524 1861 1893  212 1893 2840  213 1632 2791  213 1894 2791  435 1549 3086  435 1895 1896  197 3087 3983  842 1896 3087  1092 2715 3609  569 1897 2139  1119 1898 2500  532 1898 2500  290 3581 3918  967 1899 3581  546 1900 3395  546 1472 2099  910 2201 2968  580 2201 2968  736 1356 2290  1378 2124 2833  1157 2931 3132  549 1537 4267  298 2591 3472  720 1904 2591  38 1245 3703  38 1905 3703  530 1906 2832  280 1906 2832  676 1735 1907  208 1735 1907  812 2854 3712  244 2025 2270  583 2460 3189  583 1477 3189  330 1910 4121  1659 2488 4121  1839 1911 2528  520 1839 1911  718 1912 3501  173 1912 3501  800 1409 2068  800 2167 2691  1914 3436 4132  393 1914 4132  848 1603 4105  848 1915 4105  1573 1916 2429  2238 2835 4137  1266 2084 4071  200 1266 1917  1133 1920 4203  1133 1918 1919  1919 3121 3122  517 1919 3122  1133 2823 4202  323 3643 4203  1090 2929 4090  516 1921 2929  517 1918 3339  517 1922 3339  115 1923 4141  566 1923 4141  780 1924 4166  268 1924 4166  386 1308 1925  1308 1925 4244  1926 2860 4244  33 1926 2860  1093 4008 4189  533 1927 4189  944 3361 3774  944 1928 3566  526 1227 1929  346 3294 4020  1126 3185 3574  644 1823 3185  1192 1931 3776  1931 3071 3776  1667 2418 3471  84 1833 3112  767 1933 3508  418 1933 3508  588 2141 3002  588 2225 3002  1168 1746 3832  206 1935 4125  46 1210 1936  790 1281 2341  222 1937 4022  1912 2421 3838  1706 3590 3856  634 2392 3590  1819 1939 3324  510 1939 3324  713 2693 4278  47 1941 3232  719 1941 3232  1018 1943 4158  511 3851 3987  512 1826 3248  726 2445 2688  1945 3861 3907  649 1946 4160  73 3906 4160  731 1430 1947  62 1430 1947  283 1948 3667  1948 3667 4077  871 1949 3140  306 2711 3139  1011 1961 3863  1096 1951 4027  258 3346 4028  1252 2274 2455  527 2274 2455  753 1837 1953  592 1837 1953  1890 1954 3166  665 1890 1954  771 1955 3900  612 2219 3796  231 1956 2172  832 1957 2028  543 2382 2663  525 1958 3588  1249 2518 3588  1248 1958 1959  525 1958 1959  1718 1962 3101  1960 1962 3101  1960 1961 3115  288 1961 3115  469 1962 3067  1962 2445 3067  732 2438 3428  370 1964 2960  1708 2713 2960  533 1776 1965  1776 1965 2637  464 1411 1966  1073 1966 3770  1967 2297 3768  1967 3768 3769  705 1679 1968  436 1679 1968  613 1913 3098  613 1969 3098  585 1143 1970  417 1143 1970  777 1762 2607  777 1972 3315  553 1973 3111  523 1972 3111  269 1201 1973  553 1201 1973  727 1974 3102  375 1974 3102  593 1975 4049  93 1975 4049  524 1893 1977  932 1893 1977  1978 3782 3783  592 1978 3783  226 1355 1979  850 1355 1979  1981 3184 3830  198 1174 1980  529 1980 3184  529 1981 3184  385 1348 1982  681 1348 1982  33 1927 4008  871 3141 3303  557 1727 2502  790 1984 3278  1068 1985 4001  530 1986 4000  1068 3999 4000  311 3693 3999  395 1403 1987  531 1403 1987  296 1988 3894  5 1989 2347  5 6 1989  708 3582 3600  536 1421 1991  137 3400 4015  494 1880 1992  711 1880 1992  818 1451 1993  403 1451 1993  268 1518 1994  568 4033 4034  86 1995 3196  651 1995 3196  1888 2635 3684  677 1888 3684  1019 1997 4085  511 1997 4085  68 1998 2809  68 1609 1998  736 1902 2250  736 2250 2290  1001 2000 2437  1012 2283 2871  480 1252 2001  480 2001 3864  262 1316 2002  852 2127 3177  880 2003 3765  203 2003 3765  2004 3598 4270  1024 2004 3598  1095 3462 4094  534 2005 3462  1090 4089 4090  534 2007 4089  2007 4089 4090  55 2007 4090  856 2008 3840  1030 2008 3887  840 2009 3850  1026 2009 3886  544 2010 2774  1121 3554 4145  139 1793 2011  1768 2011 2146  856 2008 3494  2008 3494 3862  82 2013 3081  964 2157 3081  239 1186 2014  631 1186 2014  211 1561 2732  211 2015 2732  667 2016 3584  344 2016 3584  2017 3311 3676  1101 2017 3676  681 2492 3041  857 2019 4048  1615 3020 3490  1455 2020 4086  2020 3001 4086  1260 2021 4019  573 1692 4252  159 2022 4208  159 1871 2501  234 1351 2872  381 1351 2023  1923 2024 2907  566 1923 2024  812 1941 2270  719 1941 2270  49 1087 3040  49 1792 2026  2029 4253 4254  90 2577 3499  541 2028 3569  1139 2029 3569  1138 4253 4254  541 2029 4253  633 1250 3212  633 2030 3212  789 2031 4173  1769 3155 4173  1244 2032 3600  1820 2033 2817  663 2073 2651  1243 2034 2646  1549 3205 3597  755 1503 2035  415 1503 2035  202 1191 2036  925 1211 3418  1458 2213 3502  2037 2213 3502  335 1188 2038  548 1188 2038  548 1188 2039  115 2476 4127  419 1470 2040  1470 2040 2481  1821 2041 3775  542 2041 3775  724 2338 2372  724 2042 2670  657 2048 3656  205 1559 2126  1118 3301 4056  546 1900 2526  444 1507 2045  1216 3996 3997  557 1238 2046  368 1238 2046  123 2075 3175  557 1238 2047  706 2048 4168  264 2048 4168  518 1700 2049  554 1855 2374  189 2050 3481  2050 2954 3481  989 2051 2379  247 2051 2379  560 1177 2052  339 1177 2052  57 1147 2053  571 1480 2925  923 2054 4262  235 2054 4262  1179 2055 2512  1179 2937 3438  2056 2288 2564  746 2056 2288  1811 2994 3647  531 1987 2994  763 2058 2843  204 2058 2134  1578 2059 3791  773 1578 2059  206 1499 2060  547 1499 2060  1558 2061 4014  547 2061 4014  395 1403 2062  395 1401 2062  775 2063 3378  119 3272 3378  1101 2064 3677  2064 2069 3677  925 1736 3420  562 1426 2066  78 1426 2066  574 2067 3242  1829 2152 3242  800 2068 3366  1969 3098 3366  1309 2069 3171  1309 2069 4018  578 2070 4122  1802 2197 4122  74 2942 3690  608 2071 2942  4 11 4287  4 3809 4287  270 1434 3385  270 2073 2626  663 1665 2074  54 1665 2074  1238 2047 3175  123 2047 3175  1120 1310 2076  125 1150 4074  492 2077 2719  492 1750 2077  407 1417 2078  407 1418 2078  589 2218 2588  589 2079 2080  614 2080 4255  180 2080 4255  1057 3760 3762  608 2081 3760  97 1582 2423  97 2082 2423  332 3445 3629  854 2175 3993  921 2084 3580  412 2877 3401  1956 2172 3787  2085 2172 3787  951 3306 3633  1069 2086 3305  506 1584 2087  642 1584 2087  1081 1522 3092  542 2420 4067  208 2089 2568  1271 1734 3152  667 2090 2508  667 1241 2508  664 1465 2091  190 1465 2091  470 1521 2092  561 1521 2092  297 1152 3070  297 2093 3070  1849 2094 3390  585 1849 2094  265 2956 4076  827 2095 2956  738 2096 2609  122 2096 2609  2097 3564 3565  98 2097 3565  1079 3713 3714  276 2098 3713  546 2099 3395  1319 2099 3395  965 1954 3302  468 1739 3301  58 1251 2101  555 1251 2101  944 2102 3566  685 2390 2676  1974 3657 4112  727 1974 4112  669 2210 2211  797 2275 2624  1215 3996 4126  1215 3996 3997  2106 3052 4032  77 2106 3052  251 2107 4103  581 2107 4103  717 1937 2108  222 1937 2108  576 2109 2939  1428 2110 2939  447 1606 3006  447 2110 2745  188 1169 2111  591 2111 2965  591 2112 4047  1790 2474 4047  913 2113 3341  913 2113 2957  617 1686 2114  1686 2114 3182  163 1177 2115  560 1177 2115  184 1892 2685  184 2116 2685  508 1892 4232  508 2117 3222  699 2118 2471  699 2018 2471  609 1441 2119  81 1441 2119  609 1171 2120  218 1171 2120  961 2121 3568  310 2121 3568  277 1774 3003  277 2122 3003  668 2123 2124  736 2123 2124  736 1902 2833  736 2124 2833  813 2125 3706  371 2125 3706  205 2043 2126  657 2043 2126  852 2959 3190  852 3028 3177  1177 2127 2128  559 2127 2128  107 1242 2129  559 1242 2129  268 1994 3047  268 2130 3047  983 2131 3869  566 1175 2132  171 1175 2132  1262 2133 3038  1125 2620 4222  1165 2602 4219  1165 2602 2681  485 2135 4115  798 2952 3318  884 2136 3246  1094 4095 4096  107 2137 4095  1095 4092 4093  569 1897 4092  1092 1897 2139  313 4007 4009  321 2312 3727  2454 2865 3560  588 1934 2225  246 2141 2852  250 1509 2142  641 1509 2142  251 1672 2603  251 2143 2603  974 3345 3547  641 2143 2603  2022 2145 3668  159 2022 2145  139 1791 2146  1791 2146 2258  267 1404 2147  602 1404 2147  831 2552 4150  82 2148 4150  174 1720 2158  1154 2149 3007  575 1353 2150  91 1353 2150  194 2409 3423  960 1347 2930  574 1278 3687  574 2152 3687  1742 2161 3215  574 2153 3215  630 1452 3701  630 2154 3701  829 2648 2993  839 2733 4179  242 2287 3204  648 2286 2287  2148 2157 3691  82 2148 2157  2149 2158 3007  579 2149 2158  545 1852 2538  545 2159 2538  958 1536 2792  958 2160 2792  574 2161 3215  574 1278 2161  60 2162 3834  2162 2583 3834  1982 2163 3320  681 1982 2163  686 1423 2164  369 1423 2164  1023 1976 2165  501 1976 2165  1765 2166 3797  1117 2166 3797  180 1913 2691  800 1913 2691  1123 4209 4210  586 2168 4209  942 2753 3296  586 2753 3296  586 2169 3793  586 2170 3793  841 2171 3137  841 2171 2310  231 2668 2714  231 2172 2633  669 2173 2624  2173 2275 2624  1310 2174 2883  377 2174 4060  1493 2573 3329  688 2573 3329  1938 2176 3815  634 1938 2176  607 1598 2177  143 1598 2177  751 2178 2647  271 2178 2647  199 3089 3205  1286 2179 3089  905 3433 3434  664 2180 3433  664 1620 2181  256 1620 2181  498 2182 4159  939 2182 4159  44 2183 3464  898 2183 3464  297 2184 2892  1021 2184 2892  897 1989 2185  6 1989 2185  711 2187 2761  1029 2186 2761  1029 2187 2761  744 2187 2470  175 1584 2188  940 3053 3525  607 1598 2189  874 2838 2935  4 2190 3809  4 5 2190  621 1391 2191  148 1391 2191  111 2192 3073  1459 2433 3073  419 1471 2193  582 1471 2193  593 1184 4049  604 1184 2194  788 2881 2882  243 2788 3142  578 2196 4037  1720 2537 4037  578 2196 3841  578 2197 3841  617 1664 2198  978 1664 2198  1129 3550 3655  1055 2904 4136  1901 2200 3431  580 1901 2200  2201 3382 3748  580 2201 3382  1259 2293 2550  1259 2550 2750  1119 2500 3167  1119 3167 3767  513 2204 4114  2204 2504 4114  1669 2204 2205  186 1669 2205  237 2470 3658  702 2296 3596  1162 2207 2639  821 2207 2639  267 1758 2208  901 1758 2208  1145 1776 2637  1145 2209 2882  669 2173 2727  797 2104 2624  189 2104 2211  507 1863 2725  1022 1863 2725  549 1440 2213  157 1440 2213  502 1872 2214  875 1872 2214  700 1535 2215  239 1535 2215  587 2216 4057  357 2216 4057  600 1183 2217  600 1599 2217  589 2080 2218  180 2080 2218  590 1694 2430  590 2219 2430  398 2220 3099  757 2220 3099  1020 3004 3005  183 1513 2222  654 1513 2222  933 2096 2223  122 2096 2223  636 2224 2396  636 2395 3398  423 1782 2225  1782 2225 2851  1197 2345 3027  108 2226 2345  722 2227 4025  442 2227 4025  1128 3477 3478  997 2989 3829  950 2465 3519  594 1760 2465  1076 2230 4031  338 2645 3757  1312 2281 2720  843 2281 2720  1318 2232 3453  1367 2232 3453  2233 3573 4222  624 2233 3573  998 2770 3795  2234 2770 3795  421 1436 2235  618 2235 3240  440 1408 2236  658 1408 2236  105 1659 2237  865 2016 2976  806 2238 4137  692 2569 3674  778 2239 3275  778 2499 3206  519 1846 2240  914 1846 2240  710 2241 3825  906 2241 3825  963 2242 3430  963 2242 2415  866 1490 4186  866 2243 4186  796 2716 3227  796 2244 2245  247 1838 3336  247 2245 3336  201 1303 2544  361 1303 2246  128 1689 2247  860 1689 2247  2248 2601 3040  1088 2248 3373  1905 3703 3753  679 2405 3473  868 1725 2250  274 1725 2250  2251 2909 3384  166 2251 3384  331 1184 2252  593 1184 2252  374 2253 3855  1219 2253 3855  875 2947 3134  875 2821 2947  972 2821 2947  45 2255 3740  610 2256 3837  1848 2595 3837  177 2257 2430  177 2219 2430  475 1240 2258  572 2258 3668  769 2200 2259  580 2200 2259  1171 2081 2260  608 2081 2260  1547 2261 3641  481 1547 2261  411 1377 2262  772 1377 2262  696 1737 2529  696 2263 2529  436 1968 4193  990 2314 2997  361 3680 3681  2778 4033 4034  430 2382 3991  1159 2266 2674  281 1599 2267  600 1599 2267  154 1390 2268  602 1390 2268  2268 2269 3634  602 2268 2269  244 1908 2270  812 1908 2270  1122 2718 4182  624 1616 2718  762 2040 2836  762 2272 2836  768 2830 2831  768 2273 2831  1015 3008 3009  451 1783 2275  1783 2275 2622  242 1686 3784  242 2276 3784  588 2141 2277  1116 2141 2277  1234 1974 2278  375 1974 2278  981 2167 2279  342 2167 2279  1102 1730 2280  145 1730 2280  843 1432 2281  256 1432 2281  760 2282 2773  760 1299 2282  535 2583 2871  1012 2583 2871  50 1307 2752  366 1307 2284  1085 3709 3827  19 2285 2587  2286 2287 3533  307 2286 3533  648 2156 2287  2156 2287 3204  2288 3586 3794  1742 3215 3794  629 1563 2289  1563 2289 2454  274 1999 2290  1356 1999 2290  649 1258 2291  362 2995 3129  364 1275 2292  649 1275 2292  643 2294 2894  924 2483 3294  643 2202 3413  706 1526 2295  25 1526 2295  702 2363 3596  2296 3110 3596  34 2297 3621  1762 2607 3621  1108 4107 4109  647 2298 4107  954 3245 3442  954 1727 3442  257 2300 2502  257 1984 2502  16 2301 3100  440 1448 2302  665 1448 2302  1859 2303 3199  210 2303 3199  460 1291 2304  1291 1459 2304  211 1721 2305  1721 2305 3068  612 1681 2306  176 1681 2306  89 1654 2307  615 2588 3852  614 1687 2308  178 1687 2308  804 2309 3744  387 2309 3744  182 1343 2310  628 1343 2310  1008 3255 3652  1008 2171 3652  2311 2312 3727  628 2311 2312  1156 2313 3812  623 1747 2684  990 2264 2314  436 2264 2314  156 1586 2315  929 3534 3535  1277 2569 2690  693 1277 2316  653 1619 2317  1619 2317 2450  1134 1918 4248  587 2370 4250  1185 2319 3259  881 1438 2319  95 2621 3421  95 2320 2621  474 1788 2321  1788 2321 2533  432 2480 4143  1136 2322 2524  1581 2323 2666  452 1581 2323  956 2546 3012  23 2324 3011  2324 2325 3011  955 2324 2325  401 1476 2700  401 2326 2700  550 1273 2328  1273 2328 2640  421 1435 2329  894 1435 2329  682 1287 2330  682 1811 2330  257 1542 2331  813 1542 2331  337 1433 2332  695 1433 2332  695 2333 4154  2333 3553 4154  696 2511 3362  696 2332 3362  603 2255 2335  1098 2255 2335  1110 1841 2996  635 3075 3635  635 2338 2372  193 2337 3342  635 2338 3075  81 2338 3075  1119 3767 4124  376 2339 4123  820 1435 3057  820 2340 2426  790 1936 2341  46 1936 2341  301 2241 2342  906 2241 2342  625 1301 2343  1301 2343 2844  1051 1751 3268  3267 4111 4197  1111 3719 3720  1197 3719 3720  325 1147 2346  601 2346 2553  5 2190 3299  5 2347 3299  761 1674 2348  491 1674 2348  1072 2349 2756  399 2349 2756  1262 2350 3038  89 1262 2350  1132 4224 4225  666 2351 4224  853 2090 2946  666 2350 3038  987 3356 3630  704 2700 3628  1160 2326 2354  416 2094 3390  640 1852 2355  225 1852 2355  640 2356 4205  640 4016 4205  914 2357 3417  401 2357 3417  587 2318 2358  587 1150 2358  386 1851 2359  659 1851 2359  655 1299 3029  655 2360 3029  115 1173 4141  336 1878 4161  1084 2058 2362  204 2058 2362  701 2206 2363  237 2206 2363  630 1339 2364  316 1339 2364  1339 2254 2365  630 1339 2365  837 2497 3613  599 2497 3613  1469 2999 3763  245 1469 2367  429 1143 2368  585 1143 2368  171 1438 2369  1224 2369 2615  1134 2370 4250  110 3786 4249  196 1264 2631  724 2042 2372  975 2042 2372  222 1641 2373  716 1641 2373  554 2049 2374  1700 2049 2374  645 2362 3847  645 2375 3847  645 1306 2376  18 2376 4285  688 2377 3816  1882 2574 3816  502 1872 3801  502 2378 3801  989 2379 2597  247 2379 3227  1002 1840 3100  1002 2380 3100  844 2381 3103  844 1712 2381  1151 2382 2663  430 2674 4023  653 2383 2769  653 1512 2383  999 1814 2384  407 2812 4183  1354 2385 2744  1305 2385 3392  160 1614 2386  737 1614 2386  990 2387 2997  379 2387 2997  120 2388 3672  804 2388 3672  1237 3607 3608  489 3601 4257  944 2676 3774  411 2676 3774  193 1753 2391  634 1753 2391  454 1706 3590  454 2392 3590  637 1618 2393  87 2404 3338  201 1594 2394  637 1594 2394  1141 2224 3398  636 2224 3398  1789 2224 2396  477 1789 2396  256 2181 2945  256 2397 2945  151 1247 2763  389 1247 2398  317 2056 2399  1353 2056 2399  713 2400 4278  1940 2693 4278  2187 2401 2780  273 2401 2780  825 1273 2402  302 1273 2402  2003 2403 3285  1032 2003 2403  1618 3338 3511  923 2404 3338  679 1645 2405  207 1645 2405  2249 2406 3473  349 2249 2406  466 1749 2407  714 1749 2407  315 2248 2408  988 2864 3733  1103 2409 3423  484 1569 3024  2410 3422 4063  1104 2410 4063  27 2917 3959  727 2705 3654  727 1815 3654  358 2356 4204  1199 2413 2581  550 1770 2414  1231 1770 2414  689 1355 2415  226 1355 2415  963 3201 4078  310 2416 4078  689 2417 2555  689 1355 2555  826 2418 2538  826 2159 2538  769 1405 2419  1077 4041 4043  1081 2420 4067  322 3985 4066  717 2674 2675  325 1267 2422  869 1267 2422  553 1201 2423  1201 1582 2423  1216 2424 2557  811 2424 2557  434 1732 2425  862 1732 2425  253 1888 2426  677 1888 2426  421 2562 4088  783 2427 4088  902 1868 3145  902 2428 2795  232 3042 3854  806 2429 2933  2257 2430 4176  1694 2430 4176  1397 2431 2432  651 1397 2431  650 2432 4273  650 2433 4273  1149 4271 4273  111 2433 4271  856 2434 3494  455 2434 3494  250 2142 2435  660 2142 2435  151 1424 2436  747 1424 2436  314 2437 3386  747 2437 3386  1893 2438 3428  212 1893 2438  741 1552 2984  741 2484 2984  901 2208 2440  723 2440 3244  159 2145 3858  159 2441 3858  473 1313 2442  1313 2442 2827  646 1534 2443  1534 2443 3262  731 1576 2444  238 1576 2444  540 1950 2445  1950 2445 2688  1428 2446 2939  1428 2446 3440  661 1166 2448  165 2447 3785  662 2447 2448  697 1619 2449  183 1619 2449  697 1320 2450  277 1320 2450  697 1546 2451  305 1546 2451  893 2865 3280  680 2454 2865  680 1563 2453  1563 2453 4153  893 2865 3560  321 2454 3560  230 1713 2455  1252 1713 2455  646 2246 2456  1302 2246 2456  684 1525 2457  221 1525 2457  1423 2458 3692  686 1423 2458  900 2459 2522  718 2459 2522  300 1909 3189  300 2460 3189  589 1167 3220  749 1167 2461  703 1398 2462  408 1398 2462  1178 2570 3857  118 1352 2463  692 2464 4138  108 2464 4138  594 2229 3519  594 2465 3519  858 1911 2466  520 1911 2466  761 2468 4258  864 2468 4258  236 2468 3811  761 2468 3811  88 1848 2469  1106 1848 2469  711 1880 2470  237 1880 2470  943 2471 3603  1722 3593 3603  1172 1628 2472  683 1628 2472  1371 2473 2808  980 3665 3666  394 1220 2474  591 1220 2474  1880 2475 2922  494 1880 2475  1188 2476 4127  702 1188 2476  937 2477 3536  1171 2081 2478  609 1171 2478  659 1851 2479  130 3519 4266  1136 2322 4143  432 2322 4143  51 1807 2481  762 1807 2481  111 2192 2482  803 2482 2973  924 2202 3414  810 1263 2484  382 1263 2484  1144 2485 4216  126 1371 4214  1187 1671 2486  639 4118 4156  1052 1751 3659  103 3933 4129  674 1394 2488  330 1394 2488  1282 2489 2966  213 1282 2489  394 1220 2490  394 1491 2490  1018 1943 2491  512 1943 2491  681 1348 2492  10 828 4228  715 2585 3041  433 1561 2585  889 2495 3168  725 2494 3169  2494 2495 3169  191 2494 2495  1078 3250 4013  1078 1207 2496  198 1174 2497  1174 2497 2940  1506 2498 4011  767 1506 2498  2499 2604 4062  1869 2604 4062  1135 1755 2500  532 1755 2500  159 2501 4208  1255 2501 4208  647 1727 3705  1727 2502 3705  1373 3321 3708  303 3321 3708  621 2191 2504  1067 2191 2504  223 1298 2505  712 1298 2505  2429 2506 2933  694 2429 2506  1106 3752 3853  318 3752 3853  2090 2508 2946  228 2508 2946  667 2016 2509  2016 2509 2976  761 3811 3824  1300 3811 3824  2334 2511 3362  112 2334 2511  1094 2139 2512  313 2139 2512  2513 2514 4163  890 2513 4163  260 2513 2514  947 2888 2995  1037 1959 2515  525 1959 2515  836 3014 4128  266 2516 4128  675 1631 2566  345 1191 2517  873 1881 2518  525 1881 2518  483 2519 4211  1102 2519 4211  899 1379 2847  899 2520 2847  1189 2266 3846  1159 2266 2521  1345 4229 4230  718 1345 2522  188 2523 4196  720 2523 4196  1136 2524 3427  343 3606 4140  728 1756 2525  75 1756 2525  546 2044 2526  965 3301 4056  2173 2727 4242  1341 2173 4242  565 1911 2528  565 1621 2528  224 1813 2529  224 1737 2529  849 3156 3448  789 3155 4173  982 1882 2531  824 2531 2711  31 1457 2533  404 1457 2532  1457 2532 2533  678 2532 2533  768 2829 2830  678 2534 2831  809 1591 2535  577 1591 2535  455 1656 2536  455 1213 2536  496 1468 2537  578 1468 2537  2418 2538 4171  1852 2538 4171  333 1415 2539  1181 3804 3805  1865 2540 3082  626 1865 2540  271 2178 2541  915 2238 2835  1262 2133 2542  2133 2542 2572  341 2801 3497  341 2543 3497  1303 2246 2544  646 2246 2544  816 1589 2545  414 1589 2545  956 1406 3538  956 2546 3538  111 2482 2973  111 2547 2973  1772 2505 2548  712 2505 2548  953 1819 2549  487 1819 2549  643 2202 2550  363 2202 2550  636 2396 2551  1396 2396 2551  673 2552 4194  831 2552 4194  1147 2346 2553  57 1147 2553  729 2554 4178  1835 2794 4178  729 1833 3369  729 2555 3369  344 1250 2556  667 1241 3584  811 1737 3340  811 2557 3340  957 3085 4286  8 3085 4286  2559 3368 3465  889 1752 3465  345 2560 4064  685 2560 4064  685 2390 2561  2390 2561 3161  820 1435 2562  421 1435 2562  637 1618 2563  637 1594 2563  792 1840 2781  938 3585 3587  1489 2689 4276  414 1489 2565  202 1631 2566  202 1191 2566  541 2027 2567  716 2027 2567  638 1361 2568  638 1844 2568  806 2933 3674  232 2506 2933  1333 2874 2900  118 2874 2900  1389 2571 2884  328 2571 2884  278 1460 2572  749 1460 2572  688 2574 4145  688 2573 4145  2574 3554 4145  544 2574 3554  80 2575 3293  723 2575 3293  1120 1898 2576  532 1898 2576  90 2577 3235  1743 2593 2687  47 1723 2578  971 1723 2578  691 1637 2579  406 1637 2579  261 1699 3779  261 2580 3779  1637 2581 2777  691 1637 2581  1583 2402 2582  302 2402 2582  535 2000 2583  1001 2000 2583  1097 2364 2584  316 2364 2584  433 2493 2585  2493 2585 3041  943 2471 3516  211 2586 3594  2285 2587 3709  18 2587 3709  1167 1654 3852  1167 2588 3852  1215 2105 2589  151 2105 2589  995 2590 3408  1557 2590 3408  298 1591 2591  720 1591 2591  188 2111 4196  591 2111 2592  90 2593 3235  1664 2593 3235  878 1964 2594  370 1964 2594  610 2595 3837  610 1368 2595  1518 2596 3058  555 1518 2596  724 2597 2670  805 2597 2652  1203 1647 3623  1647 3623 4152  960 2599 2930  194 2599 2930  705 1968 2600  1968 2600 4192  476 1325 2728  476 1087 2601  763 2134 2681  763 2602 2681  641 2144 2603  974 2144 2603  269 1972 2604  777 1972 2604  951 2605 3633  424 2605 3633  424 1635 2606  961 1635 2606  523 1971 3315  34 1971 2607  1155 2317 2608  98 1155 2608  1666 2609 2853  122 2609 2853  519 2953 3353  519 2610 2953  409 1497 2611  1098 1497 2611  867 2612 3123  867 1725 3123  942 3296 3632  275 2169 3296  14 1553 2990  742 1553 2614  171 1593 2615  742 1593 2615  121 1398 2616  703 1398 2616  848 1861 4264  37 2617 2934  1394 2489 2618  213 2489 2618  703 1497 2619  409 1497 2619  278 2133 2620  853 2133 2620  823 1771 2621  1130 1771 2621  114 1501 2622  797 1501 2622  797 1501 2623  429 1501 2623  2104 2211 2624  669 2211 2624  415 1359 2625  1114 1452 4116  627 2073 2626  926 3384 3595  856 2434 2627  143 2434 2627  851 2628 4234  262 2628 4234  255 2951 4053  255 2629 3493  1264 2630 3458  707 1264 2630  1059 2371 3638  707 2371 2631  168 4084 4142  168 1358 2632  590 1694 2633  752 1694 2633  650 1291 2634  195 1291 2634  784 1382 2635  1382 2635 3773  784 1836 2636  102 2636 3957  1145 2209 2637  331 2209 2637  322 1747 2638  1082 3475 3985  251 1672 2639  821 1672 2639  825 2037 2640  157 2037 2640  1332 2641 3733  1086 1858 3374  180 2218 2642  981 2167 2691  1431 1717 2643  834 1717 2643  764 2644 2824  1301 2644 2844  722 1243 2645  338 1243 2645  722 2227 2646  2227 2646 3372  271 2647 3277  271 3277 4137  9 828 2993  828 2648 2993  1482 2063 2649  309 1482 2649  927 2323 2650  452 2323 2650  270 2113 2651  1070 2113 2651  724 2338 2652  81 2338 2652  2439 2653 3806  135 2653 3806  1018 2491 2654  148 2491 2654  1340 4058 4059  387 1340 2655  1549 2656 3086  842 2656 3086  780 2707 3074  245 2059 2658  773 2059 2658  1044 1532 3269  282 2351 2660  959 2351 2660  1327 2702 3772  845 2702 3772  623 2638 2662  1082 2638 2662  543 1957 2663  832 1957 2663  798 2135 2664  485 2135 2664  1152 1939 2665  561 1756 3522  672 2323 2666  408 1399 2923  752 2256 2667  88 2256 2667  231 2633 2668  752 2633 2668  91 1353 2669  746 1353 2669  989 1719 2670  217 1719 2670  207 1645 2671  745 1645 2671  745 1413 2672  388 1413 2672  684 1232 2673  488 1219 4133  1937 2674 4023  717 1937 2674  717 2421 2675  9 2675 3409  685 2102 2676  944 2102 2676  642 2677 3109  1295 2677 3526  252 1517 2678  1313 2678 2827  439 1612 2679  1034 1612 2679  939 1415 2680  129 3365 3605  562 2681 2768  562 2134 2681  822 1908 2682  244 1908 2682  823 2683 4102  427 2683 4102  623 2313 2684  1156 2313 2684  1206 1892 4059  1206 1892 2685  835 1831 2686  416 1831 2686  716 2027 2687  90 2027 2687  725 1944 3908  726 1944 2688  629 2689 4276  629 1343 2689  1277 2316 2690  374 2316 2690  981 2642 2691  180 2642 2691  223 1772 2692  713 1772 2692  713 2692 4231  713 2693 4231  260 2514 3615  260 2694 3615  2694 2695 3615  946 2694 2695  690 2242 3430  1326 3194 3213  100 1296 3093  431 2596 3058  830 1828 2698  830 1810 2698  1374 2699 3447  1180 2539 3802  987 1476 3628  1476 2700 3628  128 2247 2701  1280 2247 2701  1127 2702 2928  1127 2702 3046  807 2482 2703  803 2482 2703  113 2704 3756  813 2704 3756  2412 2705 3654  192 2412 2705  1190 2014 2706  1190 2706 2723  780 1595 2707  1376 2707 3074  570 1745 2708  992 3010 3835  1114 2239 2709  778 2239 2709  1770 2710 3069  773 1578 2710  2531 2711 3627  306 2711 3627  630 2365 2712  630 1452 2712  759 1532 2713  370 1532 2713  1381 2668 2714  751 1381 2714  1092 2715 4009  533 2715 3609  805 2379 3227  805 2716 3227  609 2120 2717  796 2717 2936  624 2271 4182  624 2718 4182  917 2077 2719  1079 2719 3051  655 2231 2720  843 2231 2720  1569 2575 2721  723 2575 2721  216 1759 3244  216 2722 3244  482 1797 2723  756 1797 2723  756 1797 3380  483 1730 2724  28 1196 2725  507 1196 2725  1203 2822 3281  748 2726 3349  669 2210 2727  1005 2727 3298  476 2601 2728  1233 2601 2728  1148 2252 2729  782 1148 2729  596 2730 3780  1195 2730 3780  676 2958 3637  676 1533 2731  631 1186 2732  1186 1561 2732  385 1348 2978  385 2733 2978  2155 2521 2734  829 2155 2734  898 3405 3406  373 2735 3405  2461 2736 3670  750 2736 3670  1713 2736 2737  750 2736 2737  1158 2837 4227  149 3749 4011  1199 2413 3461  261 1199 2739  754 1461 2740  368 1461 2740  758 1964 2741  1964 2741 2950  762 1807 2742  493 1807 2742  169 1503 2743  755 1503 2743  755 1442 2744  1442 2744 3064  994 2745 3781  994 1544 2745  935 1960 3115  1866 2540 2747  44 1866 2747  794 2750 2841  794 2749 3191  364 2749 3191  891 3191 3402  794 3191 3402  54 1814 2751  999 1814 2751  1307 2284 2752  620 2284 2752  909 2168 2753  586 2168 2753  366 1528 2754  738 1528 2754  461 1996 2755  461 1684 2755  1523 3021 3697  399 1523 2756  252 1837 2757  753 1837 2757  529 1980 2990  1013 1980 2990  1170 2875 4169  739 2355 2875  1204 3290 3826  552 1204 2760  64 1766 2761  711 1766 2761  421 1437 4088  136 1437 2762  1247 2398 2763  656 2398 2763  181 1301 2764  625 1301 2764  1307 2759 2765  739 2759 2765  887 1673 2766  373 1673 2766  918 1867 2767  201 1867 2767  1165 2681 2768  426 1389 4220  183 1513 2769  183 1619 2769  926 2626 2770  627 2626 2770  305 1299 2771  760 1299 2771  760 1581 2772  164 1581 2772  452 1581 2773  760 1581 2773  380 1334 2774  380 1757 2774  1412 2775 3843  1412 2775 3535  81 2119 2776  1110 3075 3635  1170 2356 2777  1170 1272 2777  991 2265 4033  991 2778 4033  744 1447 2779  378 1447 2779  1335 2779 2780  273 1335 2780  938 2564 3587  317 2564 2781  2782 3585 3587  792 2782 3587  420 1509 2783  420 1510 2783  743 1539 2784  307 1539 2784  1331 2577 2785  390 1331 2785  873 2518 3388  873 2786 3388  1539 2785 2787  390 2785 2787  788 2788 4039  788 2882 4039  788 2005 2789  534 2005 2789  878 2790 3661  2950 3365 3661  524 1236 2791  1236 1632 2791  1276 2888 3745  365 2888 3745  250 1872 2793  857 2378 3801  729 2794 4178  729 1833 2794  1472 3524 4084  1075 3524 4084  941 3564 3565  1495 2796 3563  280 2661 2797  1263 2661 2797  254 2798 3871  371 1330 2799  770 1330 2799  1090 2006 2800  312 2006 2800  993 3497 3498  993 2801 3497  1859 2802 4106  1048 1859 2802  1469 2367 2803  687 2367 2803  1251 2545 2804  414 2545 2804  194 2599 2805  194 1290 2805  942 1553 2806  14 1553 2806  600 1183 2807  506 1183 2807  1144 2808 4214  446 2707 4215  1113 1877 2809  68 1729 3650  367 1316 2810  367 1315 2810  757 1814 2811  54 1814 2811  1814 2812 4183  757 1814 2812  398 1384 3099  233 1384 3099  710 1265 2814  309 1265 2814  791 1548 2815  406 1548 2815  581 4103 4110  1162 2639 4103  486 1665 2817  663 1665 2817  1033 1711 2818  445 1711 2818  847 1701 2819  518 1701 2819  618 2820 3240  895 2820 3240  603 2254 2947  2254 2947 3134  375 2726 3349  375 2822 3349  152 1919 2823  1133 1919 2823  392 1362 2824  764 1362 2824  357 1293 2825  543 1293 2825  1072 2757 3056  400 3702 3764  252 2827 3056  781 2827 3056  1786 2442 2828  781 2442 2828  1596 2829 3443  768 1596 2829  2534 2830 2831  200 2534 2830  2273 2321 2831  678 2321 2831  859 1327 2832  280 2661 3772  471 1378 2833  471 1902 2833  448 1337 2834  1337 1588 2834  915 2541 2835  271 2541 2835  582 1471 3323  1471 2040 2836  750 3670 4227  1460 2461 3670  874 2189 2838  607 2189 2838  598 2261 2839  1649 2261 2839  1861 1893 2840  1062 1861 2840  794 2748 2841  1061 2841 3878  1131 2344 3426  1131 2842 3198  2058 2787 2843  390 2787 2843  764 1545 2844  410 1545 2844  1545 2845 3031  764 1545 2845  311 1986 3455  311 2846 3455  324 2389 2847  1379 2389 2847  441 1590 2848  441 1445 2848  787 1548 2849  1548 2849 3202  124 1473 2850  787 1473 2850  142 1450 2851  817 1450 2851  1451 2852 2975  246 1451 2852  765 1642 2853  1642 2853 3710  397 2854 4237  2854 3712 4237  904 2985 3379  347 1524 2855  497 1847 2857  1054 1847 2857  1696 2856 2857  497 1696 2857  966 1716 2858  219 1716 2858  266 1799 2859  1799 2859 3251  1308 2860 4244  1308 2860 3141  2861 4041 4043  769 2861 4041  551 2034 2862  1105 2034 2862  355 1270 2863  799 2629 3493  988 3025 3124  988 2864 3025  680 2452 2865  2452 2865 3280  448 1624 2866  995 1624 2866  1098 2255 2867  45 2255 2867  1293 2868 3092  357 1293 2868  1078 2869 4013  248 2869 4013  1282 2870 2966  865 2870 2966  187 1356 2871  535 1356 2871  1351 2023 2872  786 2023 2872  1333 2873 2874  1333 3541 3567  1352 2023 2874  118 1352 2874  739 2759 2875  2759 2875 4169  84 1932 2876  826 1932 2876  1161 2877 3848  412 2829 3443  682 1287 2878  1287 2878 3028  482 2723 2879  1190 2723 2879  1383 2887 2921  1383 1486 2880  153 2005 2881  788 2005 2881  604 2195 4039  604 2882 4039  1189 2883 3846  377 2883 3846  1808 3393 4029  328 3393 4029  738 1528 2885  225 2885 3617  334 2886 4221  779 2886 4221  1130 2621 3421  334 2313 3812  947 2695 3370  947 2888 3370  766 2889 3510  1571 2889 3510  776 1474 2890  405 1474 2890  124 1474 2891  776 1474 2891  510 1940 2892  1021 1940 2892  733 2893 3014  733 1554 2893  643 2293 2894  1014 2894 3435  772 1462 2895  772 1449 2895  526 1690 2896  1025 1690 2896  1689 3211 4167  128 1689 2897  835 1831 4185  835 2898 4185  909 3352 3730  15 908 2899  872 2900 3541  1333 2900 3541  705 1605 2901  328 1605 2901  458 1557 2902  741 1557 2902  1182 2539 2903  343 2903 3265  229 2904 4136  791 1350 2905  381 1350 2905  1272 2815 2906  50 1272 2906  340 2907 4139  1071 2907 4139  902 2795 2908  1075 2795 2908  593 1434 2909  1434 2909 3385  785 1889 2910  1889 2910 3457  1464 2872 2911  785 1464 2911  772 1377 2912  299 2912 3956  497 2913 3828  850 2913 3828  85 1221 2914  556 1221 2914  790 2046 2915  368 2046 2915  235 2916 4080  795 2916 4080  740 2411 3466  795 2411 2917  235 1370 4080  1370 2918 3261  814 1589 2919  248 1589 2919  414 1589 2920  814 1589 2920  1383 2880 2921  206 2880 2921  237 2363 2922  237 1880 2922  1399 2666 2923  672 2666 2923  752 2667 2924  916 2667 2924  571 2053 2925  1147 2053 2925  1057 2926 3761  2926 2927 3761  259 2926 2927  1127 3330 3790  1127 2928 3330  1090 2800 2929  516 2800 2929  1347 2151 2930  194 2151 2930  1157 1903 2931  340 1903 2931  334 2932 3734  1130 2932 3734  232 2569 2933  2569 2933 3674  848 1603 2934  37 1603 2934  915 2464 2935  108 2464 2935  2120 2717 2936  218 2120 2936  425 2937 3766  1178 2937 3188  138 2224 2938  1141 2224 2938  215 2446 2939  215 2109 2939  336 1878 2940  837 1878 2940  687 1537 2941  1440 2941 3193  74 1254 2942  608 1254 2942  1241 2508 2943  228 2508 2943  811 1737 2944  224 1737 2944  686 2164 2945  1100 2164 2945  666 2352 3038  228 2352 2946  2255 2947 3740  603 2255 2947  243 1809 2948  804 2948 3616  876 2594 2949  370 2594 2949  878 2950 3661  129 2950 3365  2135 2951 4053  798 2135 2951  798 2952 4207  80 2952 4207  1137 2050 3310  1137 2953 3310  554 1855 2954  934 1855 2954  93 2955 3530  827 2955 3530  265 1649 2956  827 1649 2956  827 1649 2957  481 1649 2957  1511 2958 3637  485 1511 2958  1420 2959 3190  1420 3487 3488  758 1964 2960  758 1708 2960  655 2231 2961  1546 2961 3153  150 1164 4113  150 2962 4113  877 2963 4017  333 2963 4017  1389 2571 2964  595 2571 2964  1169 2965 4030  766 2965 4030  674 2237 2966  865 2237 2966  854 1565 2967  432 1565 2967  146 1408 2968  910 1408 2968  873 1323 2969  326 1323 2969  931 1889 2970  83 1889 2970  970 1864 2971  161 1864 2971  467 1579 2972  803 1579 2972  712 1298 2973  803 1298 2973  517 1922 2974  838 1486 3122  1450 2975 4046  1451 2975 4046  865 2237 2976  105 2237 2976  435 2179 2977  1286 2179 2977  829 2648 2978  1348 2648 2978  808 1600 2979  147 1600 2979  389 1580 2980  808 1580 2980  444 1507 2981  808 1507 2981  1347 2660 2982  959 2660 2982  967 1899 2983  264 2048 3656  382 2630 2984  1552 2630 2984  802 1712 2985  347 1712 2985  833 2158 2986  579 2158 2986  1350 2752 2987  620 2752 2987  581 3399 3557  1322 2816 4110  304 2228 3829  304 2989 3829  1553 2614 2990  529 2614 2990  87 1626 2992  460 1626 2991  1626 2991 2992  864 2991 2992  829 2155 2993  9 2155 2993  1091 2057 3647  1091 1811 3647  362 1859 3645  362 2995 3645  635 2336 3635  320 2336 2996  1280 2314 2997  379 3164 3562  626 1865 2998  1083 1865 2998  1579 2703 2999  245 1579 2999  787 1473 3000  406 1473 3000  195 2020 3001  195 1617 3001  817 2852 3002  2141 2852 3002  2122 3003 3406  1774 3003 3026  528 2221 3005  1020 2221 3005  1681 3004 3005  528 1681 3005  447 2745 3006  1544 2745 3006  767 1933 4061  1154 1933 3007  527 2274 3009  1015 2274 3009  1687 3008 3009  2079 3823 4223  992 2708 3010  570 2708 3010  956 1406 3011  23 1406 3011  956 2325 3514  956 3012 3514  207 2381 3013  1712 2381 3013  1627 2893 3014  836 1627 3014  190 1324 3015  658 1444 3335  2686 3016 4052  48 3016 4052  229 3017 4136  1129 3017 4136  1615 3490 4174  246 3018 4175  819 1634 3019  420 1634 3019  819 2019 3020  92 2019 3020  1163 2207 3021  821 2207 3021  821 1672 3022  399 3345 3547  1229 2894 3023  1014 2894 3023  484 2409 3024  1103 2409 3024  867 2612 3546  867 3025 3546  774 3003 3026  774 1750 3026  874 2935 3027  108 2935 3027  852 2002 3028  262 2002 3028  97 2282 3029  1299 2282 3029  1468 1722 3030  172 1722 3030  121 1479 3031  815 1479 3031  1488 3032 3033  1488 3032 3507  1883 2869 3033  248 2869 3033  816 1488 3034  248 1488 3034  58 1487 3035  816 1487 3035  863 2451 3036  863 1320 3036  488 1525 3037  1212 2004 4270  2352 2946 3038  853 2946 3038  1294 2825 3039  543 2825 3039  1088 2026 3986  1088 3040 3986  715 2018 3610  715 3041 3610  1277 2569 3042  232 2569 3042  1382 2636 3043  102 2636 3043  96 3044 3045  597 3045 3046  597 3046 3789  3044 3045 3046  845 3044 3046  2130 3047 4034  896 1994 3047  246 1451 3048  818 1451 3048  420 1634 3049  818 1634 3049  818 1993 3050  1993 3050 4004  493 1805 3084  276 1805 3051  1192 2517 3052  77 3711 3776  940 2188 3053  175 2188 3053  390 1331 3054  899 1331 3054  899 1379 3055  161 1379 3055  400 2826 3314  781 2826 3056  820 2340 3057  53 2340 3057  431 2697 3058  1296 2697 3058  1230 2420 3059  322 2420 3059  918 2766 3060  373 2766 3060  722 1357 4025  1357 1738 3061  264 2983 3062  967 2983 3062  855 1543 3063  391 1543 3063  1360 1490 4279  353 1360 3064  855 1442 3065  119 3272 3403  595 1827 3066  595 1605 3066  1719 2559 3067  469 1719 3067  496 1720 3068  833 1720 3068  550 1564 3069  773 3069 3792  561 2665 3070  1152 2665 3070  449 3071 3988  1142 3071 3988  448 1499 3072  1168 1499 3072  582 2192 3073  1459 2304 3631  780 2657 3074  1060 3074 3873  1110 2776 3075  81 2776 3075  482 1799 3076  836 1799 3076  836 1627 3077  1627 3077 3540  385 1349 3653  120 1349 3078  770 1688 3079  670 1688 3079  728 2092 3131  728 3080 3131  964 3081 3531  964 2015 3531  714 2540 3082  714 1749 3289  776 1765 3083  1456 3083 3313  1805 3051 3084  917 3051 3084  958 1536 3085  957 1536 3085  435 1896 3086  842 1896 3086  197 1612 3087  842 1612 3087  842 1612 3088  439 1612 3088  1285 2227 3372  1285 1286 3089  148 1386 3090  1386 1466 3090  1517 3091 4274  1169 3091 4030  1081 2088 3092  170 2088 3092  1296 2697 3093  1038 2697 3093  453 1677 3694  1677 3094 3694  308 2201 3095  910 2201 3095  910 1408 3096  440 1408 3096  1741 2669 3097  746 2669 3097  800 3098 3366  800 1913 3098  233 2813 3099  757 2813 3099  792 2301 3100  792 1840 3100  158 1718 3101  158 1960 3101  1289 2822 3102  375 2822 3102  563 1829 3103  844 1829 3103  844 1829 3104  78 1829 3104  347 1712 3105  844 1712 3105  1316 2002 3106  558 2002 3106  1009 3107 3901  1217 3754 3976  480 1714 3108  840 1714 3108  1644 2677 3109  156 1644 3109  734 1529 3496  701 1529 3110  553 1324 3111  523 1324 3111  84 2876 3112  1109 2876 3112  1419 2813 3113  233 2813 3113  935 2746 3738  935 3114 3738  935 2746 3115  288 3115 3383  935 1960 3116  158 1960 3116  1315 2810 4265  1315 3117 3718  851 1401 3118  395 1401 3118  185 2033 3119  1070 2033 3119  515 1935 3120  838 1935 3120  152 1483 3121  838 1483 3121  1486 2974 3122  517 2974 3122  2612 3123 3808  274 3123 3808  867 1725 3124  504 1725 3124  1231 2914 3125  556 2914 3125  998 2228 3126  594 2228 3126  863 1764 3127  44 1764 3127  495 1842 3128  1842 3128 3158  362 2291 3129  1258 2291 3129  500 1777 3130  500 1761 3130  470 1759 3131  470 2092 3131  51 1807 3543  1157 3800 4267  896 2778 3133  1698 2778 3133  169 2214 3134  875 2214 3134  866 1490 3135  391 1490 3135  431 1519 3136  841 3136 3344  287 1520 3137  841 1520 3137  1781 3016 3138  413 1781 3138  306 1949 3139  871 1949 3139  1983 3140 3602  871 1983 3140  871 1983 3141  33 1983 3141  1297 2203 3142  698 2203 3142  785 1889 3143  380 1334 3367  902 1868 3144  443 1868 3144  902 2908 3145  329 2908 3145  974 2144 3146  131 2144 3146  693 1613 3147  63 1613 3147  1176 3135 3172  911 1176 3148  911 1914 3149  393 1914 3149  495 1842 3724  495 3150 3724  1112 1732 3151  434 1732 3151  1271 2089 3152  208 2089 3152  655 2961 3153  655 1299 3153  92 3020 3448  92 3154 3448  789 2530 3155  849 3155 3156  2530 3155 3156  319 2530 3156  1214 1909 3157  584 1909 3157  391 1543 3158  775 1543 3158  1058 3159 3879  71 1292 3964  1607 2548 3160  712 2548 3160  1223 2762 3161  136 2762 3161  850 2554 3162  238 2554 3162  143 1705 3163  143 1598 3163  967 1733 3164  1733 3164 3639  1751 3165 3268  1140 3165 3237  895 2820 3166  895 1890 3166  55 2203 3767  55 3167 3767  509 1752 3168  889 1752 3168  889 1944 3169  725 1944 3169  858 1741 3170  564 1741 3170  565 1911 3171  858 1911 3171  1176 3148 3172  57 3148 3172  289 2327 3500  656 2327 3173  1401 3117 3174  43 3117 3174  754 2740 3175  1238 2740 3175  393 1380 3176  1195 3436 4132  1287 2129 3177  559 2129 3177  625 2343 3178  1487 2343 3178  475 1240 3179  475 1527 3179  1031 1704 3934  856 3180 3840  2019 3019 3181  420 3019 3181  1256 4229 4230  360 3182 3183  1080 1845 3183  1256 1845 3183  1174 3184 3830  1174 1980 3184  644 1930 3185  1930 3185 3574  616 2230 3186  1089 2230 3186  872 1949 3187  306 1949 3187  1949 3140 3188  872 1949 3188  584 1477 3189  584 1909 3189  852 2127 3190  163 2127 3190  891 1860 3191  364 1860 3191  157 1440 3192  969 1440 3192  687 2367 3193  969 2367 3193  859 1326 3194  372 3194 3213  1416 2711 3195  386 1416 3195  1284 2431 3196  651 2431 3196  356 3197 4134  993 3197 4134  904 1827 3198  117 1827 3198  1276 2792 3199  210 2792 3199  907 1399 3200  408 1399 3200  689 2415 3201  963 2415 3201  791 1351 3202  234 1351 3202  962 3239 4184  962 2606 4184  1227 2276 3204  242 2276 3204  1105 2034 3205  199 2034 3205  778 3206 3275  1715 3206 3275  205 1650 3207  741 1552 3283  894 3208 3748  1436 3208 3241  1074 3209 3310  1074 2953 3310  1515 3062 3210  860 1515 3210  1478 3210 3211  860 3210 3211  229 3017 3243  1250 3017 3212  1326 2696 3213  690 2696 3213  765 1635 3214  424 1635 3214  227 3215 3794  227 2153 3215  422 3216 3411  422 1429 3216  1728 2724 3217  239 1728 3217  490 1834 3218  1834 3218 4108  14 2806 3219  14 908 3219  1167 2461 3220  230 2461 3220  1909 2411 3221  740 2411 3221  1349 2117 3222  1261 3222 4233  457 1554 3223  1028 3223 3946  1206 2685 3224  619 2685 3224  1041 3225 3814  961 1635 3568  765 1635 3226  796 2245 3227  247 2245 3227  1016 3228 3937  1016 1700 3228  116 3229 4260  629 1531 4153  888 1360 3230  249 1360 3230  304 2234 3231  999 2234 3231  1230 3059 3232  719 3059 3232  1989 2347 3233  897 1989 3233  378 1447 3234  897 1447 3234  743 2577 3235  1664 3235 3532  190 1630 3236  606 1630 3236  2264 3237 4191  990 2264 3237  218 2260 3238  1283 2260 3238  3203 3239 4184  106 3203 3239  1436 3240 3241  895 3240 3241  308 3241 4101  895 3241 4101  78 2067 3242  78 1829 3242  3017 3212 3243  632 3212 3243  901 2440 3244  901 1759 3244  354 2299 3442  354 3245 3442  285 1847 3246  884 1847 3246  101 1826 3247  1826 3247 3248  512 1943 3248  1017 1943 3248  1078 1883 3249  409 1883 3249  1078 2496 3250  356 2496 3250  482 1798 3251  831 1798 3251  622 1505 3252  575 1505 3252  106 1326 3253  859 1326 3253  859 2832 3254  530 2832 3254  2311 3255 3652  36 2311 3255  427 1422 3256  657 3256 3467  1691 2452 3452  945 1691 3257  881 3258 4177  171 2132 3258  340 2024 3259  881 2024 3259  126 1371 3260  912 1371 3260  912 1371 3261  384 1371 3261  383 1425 3548  383 3262 3548  1257 1688 3263  1 1257 3263  865 2016 3264  344 2016 3264  1182 2903 3265  1182 1439 3265  1051 1751 3266  295 3266 3503  1131 4111 4197  1051 3267 4111  1131 2344 4111  348 2344 3268  1532 2659 3269  214 2659 3269  907 3200 3343  392 1362 3270  1363 3270 3271  1363 3271 3429  906 2063 3272  2063 3272 3378  918 3060 3273  1685 3060 3273  1285 2227 3274  442 2227 3274  109 2239 3275  109 1715 3275  683 2119 3276  683 1628 3276  1381 2647 3277  916 1381 3277  1984 2502 3278  557 2502 3278  215 2446 3280  662 2446 3279  2446 3279 3280  893 3279 3280  922 3281 3454  968 1636 3282  478 1636 3282  1552 3207 3283  205 3207 3283  880 1662 3284  445 2598 3688  453 1884 3285  880 1884 3285  351 1330 3286  351 1257 3286  141 1724 3287  868 1724 3287  504 1725 3288  868 1725 3288  392 2824 3289  1364 2824 3289  1204 2760 3290  355 2760 3290  1096 3291 4028  1096 3292 4247  327 3292 4247  948 2440 3293  723 2440 3293  924 2294 3294  346 2294 3294  1858 3295 3685  869 1858 3295  275 2613 3296  2613 3296 3632  1243 2034 3297  551 2034 3297  2210 2727 3298  286 2210 3298  734 1529 3299  734 2190 3299  954 2047 3300  954 1646 3300  468 2100 3301  965 2100 3301  965 2100 3302  167 2100 3302  1308 3141 3303  1308 1416 3303  1248 3173 3304  42 1248 3304  951 2846 3305  311 2846 3305  951 2086 3306  367 2086 3306  1556 1754 3307  1556 3307 3842  1568 4212 4213  618 3308 3327  638 1361 3309  302 1361 3309  554 3209 3310  554 2050 3310  1622 3311 3844  450 3311 3738  233 1384 3842  398 1384 3312  776 2890 3313  1407 2890 3313  2826 3056 3314  1072 3056 3314  1971 2607 3315  777 2607 3315  509 3316 3317  975 3316 3317  975 3317 3342  975 2372 3342  1104 2952 3318  1104 1409 3318  960 2598 3688  282 1662 3319  184 1892 3320  1261 1892 3320  303 1862 3321  303 2503 3708  256 1620 3322  606 1620 3322  1471 2836 3323  236 2836 3323  510 2693 4231  510 3324 4231  223 2692 3325  953 3324 4231  95 1558 3326  996 1558 3326  136 1568 3327  136 1437 3327  384 2473 3328  980 2473 3328  2175 3329 3993  1493 3329 3629  372 3185 3330  1126 3185 3330  877 1773 3331  303 1773 3331  149 2738 3332  1158 2738 3332  1097 2462 3333  408 2462 3333  109 2154 3334  1097 2154 3334  1444 3015 3335  190 3015 3335  91 1574 3512  1574 1838 3336  937 2292 3337  649 2292 3337  87 2393 3338  1618 2393 3338  1922 3339 4249  1134 1918 3339  696 1737 4035  1737 3340 4035  270 1434 3341  913 1434 3341  1753 3317 3342  193 1753 3342  121 1398 3343  121 1362 3343  1519 3136 3344  182 1519 3344  1269 2349 3345  399 2349 3345  3291 3346 4028  1053 3291 3346  737 1813 3347  393 1380 3839  468 3348 3704  1142 3348 3704  1203 3349 3623  748 3349 3623  1613 2679 3350  1034 2679 3350  1101 1810 3678  1810 3351 3678  329 2168 3352  909 2168 3352  1137 2953 3353  882 3355 4172  1846 3353 3354  882 3353 3354  429 1502 3355  882 1502 3355  1493 1494 3356  1493 3356 3629  147 1600 3357  1600 3357 3358  462 1599 3358  885 3358 3359  1599 3358 3359  281 1599 3359  658 1408 3360  146 1408 3360  944 1928 3361  26 3361 3915  695 2332 3362  695 2334 3362  1647 2818 3363  22 1647 3363  1217 1538 3364  612 1538 3364  949 2680 3365  2680 3365 3605  255 1969 3366  255 2068 3366  1334 3143 3367  785 3143 3367  726 1944 3368  889 1944 3368  84 2417 3369  84 1833 3369  1406 2695 3370  365 2546 3538  1312 3322 3371  606 3322 3371  1285 3089 3372  199 3089 3372  1086 2641 3373  315 2641 3373  1088 2026 3374  503 2026 3374  333 1415 3375  949 1415 3375  914 2357 3376  459 3376 3742  914 1846 3377  127 1846 3377  1543 3065 3378  119 3065 3378  1827 2855 3379  904 1827 3379  145 1797 3380  145 1730 3380  2259 2861 3381  894 2259 3381  894 2259 3382  580 2259 3382  2746 3115 3383  1064 2746 3383  998 3126 3595  166 3126 3595  270 2626 3385  926 2626 3385  1000 2436 3386  747 2436 3386  513 1375 3387  1375 1609 3387  1249 2979 3388  147 2979 3388  91 1574 3389  91 1741 3389  416 2354 3390  1160 2354 3390  150 1702 3391  1074 1702 3391  353 1360 3392  888 1360 3392  1663 2901 3393  328 2901 3393  1723 2854 3394  397 2854 3394  59 1900 3395  59 1319 3395  1885 3396 3397  1046 1885 3396  891 1860 3695  891 3397 3695  1699 2395 3398  1141 1699 3398  581 2988 3399  1395 2988 3399  921 1421 4015  921 3400 4015  412 2084 3401  921 2084 3401  363 1885 3402  891 1885 3402  119 3065 3403  1442 3065 3403  1067 1820 3404  185 1820 3404  1685 3060 3405  373 3060 3405  2735 3405 3406  774 2735 3406  1027 1801 3924  840 3407 3850  135 3408 3506  1557 2439 3806  2421 2675 3409  1004 2421 3409  1260 1934 3410  588 1934 3410  1430 3216 3411  731 1430 3411  1352 2023 3412  381 2023 3412  643 2294 3413  924 2294 3413  924 2483 3414  13 3414 4283  1205 1673 3571  887 1673 3415  464 1410 3416  396 3416 3431  1661 2326 3417  401 2326 3417  925 2036 3418  202 2036 3418  925 1736 3419  437 1736 3419  925 2065 3420  284 3420 3891  334 2887 3734  801 2887 3734  1103 3423 4259  342 1710 3422  1710 3422 4259  1103 3422 4259  1855 2374 3424  104 2374 3424  437 1516 3425  1191 1516 3425  1131 3198 3426  117 3198 3426  130 2479 3427  1128 3427 3478  732 1963 3428  932 2516 3640  1311 2772 3429  164 2772 3429  690 2696 3430  1387 2696 3430  1410 3416 3431  1410 1901 3431  905 2236 3432  658 2236 3432  905 1465 3433  664 1465 3433  665 1448 3810  905 1448 3434  2293 2894 3435  24 2293 3435  2730 3436 3439  1195 2730 3436  1391 3577 3987  936 3577 3987  1178 2052 3438  339 2052 3438  175 3436 3439  175 1584 3439  1166 2448 3440  662 2448 3440  422 1429 3441  422 1400 3441  647 1727 3442  647 2299 3442  412 2877 3443  1161 2877 3443  305 1763 3444  863 1763 3444  854 2083 3993  986 2083 3445  401 1476 3446  986 1476 3446  56 1314 3476  56 3447 3476  1615 3156 3448  1615 3020 3448  782 1651 3449  538 1651 3449  1355 2555 3450  729 2555 3450  15 2899 3451  15 1414 3451  1691 3257 3452  730 3257 3452  487 2269 3453  1367 2269 3453  1289 3281 3454  192 1289 3454  1514 3239 3455  1514 1986 3455  2970 3456 4100  505 3456 4100  1407 2890 3457  405 2890 3457  382 3458 4162  920 3458 4162  1063 3459 3460  920 3044 3460  96 3044 3460  1199 2739 3461  754 2739 3461  1095 2006 3462  534 2006 3462  989 2051 3463  469 2051 3463  44 1685 3464  898 1685 3464  217 1752 3465  217 2559 3465  2411 2917 3466  27 2917 3466  1422 3256 3467  996 1422 3467  996 1558 3468  458 1558 3468  968 3470 3702  403 1993 4003  403 3469 4003  968 3469 3702  826 1932 3471  499 1932 3471  1904 2591 3472  671 1904 3472  802 2405 3473  802 2249 3473  486 1820 3474  1067 1820 3474  587 1321 4057  1321 3475 3559  986 2083 3476  1314 2083 3476  997 2989 3698  997 3477 3698  130 2229 3478  997 2229 3478  919 3479 3480  919 1855 3480  2210 3479 3480  934 2210 3480  934 2211 3481  189 2211 3481  654 1432 3482  843 1432 3482  825 1583 3483  1583 3483 3496  1840 2781 3484  317 2781 3484  1443 3484 3485  402 1443 3485  933 2096 4036  933 3486 4036  558 2959 3488  1420 2959 3488  933 2223 3488  558 2223 3488  155 1565 3489  854 1565 3489  3018 3490 4175  819 3018 3490  661 1166 3867  1153 3712 4237  1153 1304 3492  799 2863 3493  1270 2863 3493  455 2012 3862  455 3494 3862  134 2298 3495  976 2298 3495  1529 3110 3496  335 3110 3496  2543 3257 3497  945 3257 3497  945 2453 3498  116 2453 3498  90 2027 3499  1138 2027 3499  2327 3173 3500  1007 3173 3500  718 1345 3501  173 3501 3960  548 2037 3502  1458 3502 3529  1751 3266 3503  1052 1751 3503  233 1556 3504  759 1556 3504  979 1881 3505  995 3408 3506  995 1624 3506  816 1487 3507  410 1487 3507  767 1506 3508  418 1506 3508  1400 3509 3731  422 1400 3509  473 1313 3510  473 1571 3510  383 1425 3511  923 1425 3511  1574 3336 3512  622 3336 3512  1181 2962 3513  150 2962 3513  1335 2779 3514  378 2779 3514  1146 2145 3515  1761 3515 3689  2586 3516 3594  715 2586 3516  981 1653 3517  615 1653 3517  874 2189 3518  874 1550 3518  950 1851 4266  950 3519 4266  85 2710 3520  1578 2710 3520  1394 2618 3521  673 2618 3521  2093 3070 3522  1010 2093 3522  1222 2339 4002  376 2339 4002  369 2099 3524  1075 1658 4024  495 1843 3525  940 1843 3525  642 2188 3526  940 2188 3526  1295 3526 3527  940 3526 3527  548 2039 3529  115 2039 3528  2039 3528 3529  1071 3528 3529  1365 2095 3530  827 2095 3530  2013 3081 3531  631 2013 3531  743 2784 3532  978 3532 3533  2784 3532 3533  307 2784 3533  396 1405 3534  929 1405 3534  929 2315 3535  156 2315 3535  179 1274 3556  937 1274 3536  364 2292 3537  937 2292 3537  365 3370 3538  1406 3370 3538  1070 2113 3539  481 2113 3539  1555 2280 3540  145 2280 3540  380 2873 3567  1333 2873 3567  292 3505 3673  979 3505 3673  1157 3132 3800  928 3132 3543  928 1805 3544  493 1805 3544  928 1185 3545  276 1185 3545  112 2334 3546  1218 2334 3546  399 3022 3547  1672 3022 3547  1370 3261 3548  1370 1425 3548  950 1851 3549  386 1851 3549  1250 3017 3550  1129 3017 3550  2170 3551 3793  132 2170 3551  930 1453 3552  428 1453 3552  984 2612 3807  1218 2612 3807  1121 2010 3554  544 2010 3554  769 1405 3555  396 1405 3555  1274 3536 3556  793 3536 3556  1817 3399 3557  1817 3557 3739  428 1453 3558  654 1453 3558  110 2662 3559  1082 2662 3559  893 2140 3560  321 3560 3727  1180 3804 3805  1181 3561 3805  379 2997 3562  1280 2997 3562  941 3563 4147  275 3563 4147  567 1224 3564  941 3564 4147  941 2796 3565  98 2796 3565  437 2102 3566  437 1928 3566  1253 1757 3567  380 1757 3567  1635 3226 3568  310 3226 3568  2028 3569 4087  1139 3569 4087  2295 3570 3989  25 2295 3570  1673 3415 3571  491 3415 3571  515 2062 3572  1401 2062 3572  1125 2271 3573  624 2271 3573  1126 3330 3790  1126 3574 3575  1006 3574 3575  936 2205 3576  186 2205 3576  621 2205 3577  936 2205 3577  901 1758 3578  470 1758 3578  1267 3295 3579  1267 1614 3579  2084 3580 4071  505 1824 3580  290 1733 3581  967 1733 3581  2032 3582 3600  71 2032 3582  2197 3583 3841  479 2197 3583  1241 2556 3584  344 2556 3584  1671 3585 4157  938 1671 3585  938 1671 3586  227 1671 3586  2564 2781 3587  792 2781 3587  1958 3588 4099  1249 3588 4099  1498 2863 3589  799 2863 3589  634 1938 3856  634 3590 3856  463 1572 3591  463 1306 3591  1462 2895 3592  253 2895 3592  496 1721 3593  943 1721 3593  943 1721 3594  211 1721 3594  926 2770 3595  998 2770 3595  701 3110 3596  701 2363 3596  318 3597 3752  1105 3597 3752  488 1219 3598  1024 3598 3975  1000 2333 3599  695 2333 3599  708 1990 3600  1244 1990 3600  1808 2578 3601  489 1808 3601  1567 3766 3771  1567 1983 3602  172 2118 3603  172 1722 3603  1111 2457 3604  221 2457 3604  498 1816 4159  129 1816 3605  1415 2903 3606  343 2903 3606  1139 2088 3607  542 2088 3607  1237 2389 3608  324 2389 3608  1092 1897 3609  153 1897 3609  10 2492 3610  10 2018 3610  294 3666 3958  253 1449 3612  784 1449 3612  599 3613 3866  832 1641 3614  832 2028 3614  947 2695 3615  947 2514 3615  1809 2948 3616  1222 1809 3616  1528 2765 3617  739 2765 3617  1117 3798 3799  1117 1457 3618  992 3619 3836  992 1629 3619  808 1507 3620  462 1507 3620  710 2297 3621  710 1762 3621  59 2180 3622  1100 2180 3622  748 2598 4152  748 3623 4152  905 1448 3624  440 1448 3624  1775 2719 3625  1079 2719 3625  544 1757 3626  1757 3626 3845  1253 3187 3627  306 3187 3627  704 2353 3628  987 3628 3630  1476 3445 3629  987 1476 3629  2353 3628 3630  137 2353 3630  1459 3073 3631  582 3073 3631  742 1553 3632  942 1553 3632  1485 3306 3633  424 1485 3633  487 2269 3634  487 1819 3634  2336 2996 3635  1110 2996 3635  948 3293 3636  80 3293 3636  676 2731 3637  948 2731 3637  2371 2631 3638  196 2631 3638  1709 2387 3639  379 2387 3639  932 3428 3640  1963 3428 3640  598 1609 3641  1375 1609 3641  596 1695 3642  596 1857 3642  323 1755 3643  1135 1755 3643  1209 3644 4052  1209 2686 4052  1276 3199 3645  1859 3199 3645  439 1611 3646  1611 3646 3854  531 2994 3647  531 2057 3647  89 1832 3648  959 1832 3648  700 2215 3649  1113 2215 3649  68 2809 3650  1113 2809 3650  1113 1728 3651  483 1728 3651  628 2171 3652  628 2311 3652  1349 3078 3653  839 3078 3653  1003 1815 3654  1003 2412 3654  522 2199 3655  522 1604 3655  264 3210 3656  1478 3210 3656  1234 2722 3657  216 2722 3657  237 2206 3658  1447 2206 3658  103 2487 4129  1052 2487 3659  526 1845 3660  1080 1845 3660  1773 2790 3661  949 1773 3661  351 3662 3663  1778 3662 3663  351 1330 3663  1329 1330 3663  557 1727 3664  954 1727 3664  980 2473 3665  446 2473 3665  1066 3611 3737  980 3611 3666  1042 1413 3954  745 1413 3667  1240 2258 3668  1240 2022 3668  1402 3118 3669  395 3118 3669  1460 2837 3670  2837 3670 4227  1484 3671 4119  186 1484 3671  120 1366 3672  804 3672 3744  979 3542 3673  1065 3542 3673  692 2238 3674  806 2238 3674  1305 3392 3675  888 3392 3675  450 2064 3676  1101 2064 3676  162 1810 3677  1101 1810 3677  388 2017 3678  1101 2017 3678  181 1346 3679  1346 3679 3680  361 3680 4261  1083 3680 4261  1346 3681 3682  991 3681 3682  625 1698 3682  991 1698 3682  1854 3361 3683  26 3361 3683  326 1996 3684  677 1996 3684  160 1633 3685  1086 1633 3685  503 1777 3686  869 1777 3686  563 1830 3687  1278 1830 3687  445 3284 3688  1662 3284 3688  1146 1480 3689  325 1480 3689  2071 2942 3690  1056 2071 3690  579 2157 3691  579 1731 3691  132 2170 3692  1123 2170 3692  1337 1588 3693  1069 1337 3693  1132 1884 3694  453 1884 3694  1045 1860 3865  585 2368 3696  585 1849 3696  1523 2756 3697  753 2756 3697  1417 2078 3698  498 2078 3698  930 3552 3699  1495 3552 3699  1652 3421 3700  801 3421 3700  109 2239 3701  1452 2239 3701  1268 4004 4005  1268 3702 3764  679 2406 3703  1245 2406 3703  468 1738 3704  1738 3704 3711  2300 2502 3705  647 2300 3705  113 1329 3756  371 1329 3706  1311 3429 3707  1363 3429 3707  876 1945 3708  1373 1945 3708  1085 2376 3709  18 2376 3709  1317 2223 3710  122 2223 3710  1142 3711 3776  1142 3071 3776  812 1908 3712  1153 4236 4246  1079 3051 3713  276 3051 3713  567 2097 3714  1079 2097 3714  985 2309 3715  387 2309 3715  985 2195 3716  243 2195 3716  848 1894 3717  848 1861 3717  1069 3718 4131  43 3718 4131  1111 2996 3719  320 2996 3719  684 2457 3720  1111 2457 3720  737 1813 3721  514 1813 3721  489 1808 3722  970 2884 4029  1114 2709 3723  301 2709 3723  1176 3150 3724  1176 1842 3724  398 1466 3725  1386 1466 3725  1878 3726 4161  1173 3726 4161  2140 3560 3727  1099 2140 3727  1099 2311 3728  709 3729 3974  709 3728 3729  1099 3728 3729  908 3219 3730  908 2899 3730  1328 2125 3731  371 2125 3731  443 1286 3732  1285 1286 3732  988 2408 3733  315 2408 3733  801 3421 3734  1130 3421 3734  671 2490 3736  1491 2490 3735  2490 3735 3736  3 3735 3736  3611 3666 3737  294 3666 3737  1622 3311 3738  1622 2746 3738  972 2435 3739  660 2435 3739  972 1817 3740  45 1817 3740  1603 2199 3741  1055 2199 3741  2357 3376 3742  1374 2357 3742  347 3105 3743  1115 3105 3743  1366 2655 3744  387 2655 3744  365 1536 3745  1536 2792 3745  1420 3190 3746  163 3190 3746  620 2284 3747  973 2284 3747  308 2201 3748  308 3208 3748  840 1714 3749  149 1714 3749  1141 1699 3750  1699 3750 3777  2061 2590 3751  547 2061 3751  1106 2862 3752  1105 2862 3752  1948 3859 4077  679 1645 3753  611 1217 3754  65 3754 3976  1405 2419 3755  281 2419 3755  1329 3706 3756  813 3706 3756  338 2230 3757  1076 2230 3757  454 1705 3758  862 1705 3758  1623 3646 3759  1107 3646 3759  1057 2071 3760  608 2071 3760  1056 2071 3761  1057 2071 3761  359 1597 3762  1057 1597 3762  1469 2803 3763  419 2803 3763  400 3314 3764  1269 3314 3764  880 1711 3765  203 3765 3932  1567 3602 3766  425 3602 3766  698 2203 4124  2203 3767 4124  34 1445 3768  1073 1445 3768  1073 1643 3769  465 1643 3769  464 1643 3770  1073 1643 3770  1179 2512 3771  313 2512 3771  280 2832 3772  1327 2832 3772  979 2969 3773  326 2969 3773  1854 3361 3774  411 1854 3774  1237 3607 3775  542 3607 3775  77 3052 3776  1192 3052 3776  977 1288 3777  456 1288 3777  691 1800 3778  977 1800 3778  2580 3778 3779  977 3778 3779  1695 3176 3780  1195 3176 3780  576 1551 3781  994 1551 3781  188 1544 3782  994 1544 3782  994 1551 3783  592 1551 3783  1080 3182 3784  1686 3182 3784  2447 2448 3785  661 2448 3785  1638 2313 4221  110 1638 3786  528 1956 3787  528 2085 3787  1569 2410 3788  1104 2410 3788  1127 3046 3789  1127 3789 3790  1126 3575 3790  279 3575 3790  467 2232 3791  1578 2232 3791  1564 3192 3792  969 3192 3792  930 3551 3793  930 2169 3793  746 1742 3794  746 2288 3794  304 2228 3795  998 2228 3795  1681 2085 3796  612 1681 3796  404 1457 3797  1117 1457 3797  1117 3618 3798  352 3618 3798  456 2166 3799  1117 2166 3799  3132 3543 3800  51 3543 3800  857 2793 3801  1872 2793 3801  1180 2699 3802  56 2699 3802  56 1314 3803  1314 1439 3803  1180 2539 3804  333 2539 3804  2699 3742 3805  1180 2699 3805  1557 3408 3806  135 3408 3806  314 2000 3807  2000 3807 3833  984 1999 3808  274 1999 3808  734 1338 3809  1338 2072 3809  1448 3434 3810  59 3434 3810  1300 2272 3811  1300 2510 3824  334 2932 3812  1156 2932 3812  1156 1771 3813  244 2682 4068  1254 3225 3814  74 1254 3814  1530 2176 3815  892 3815 3965  155 1882 3816  155 2377 3816  1154 1933 3817  418 1933 3817  418 2718 3818  1122 2718 3818  1910 3817 3819  330 1910 3819  1844 3125 3820  556 3125 3820  1610 3387 3821  721 1610 3821  876 1566 3822  41 3822 3945  527 3009 3823  1687 3009 3823  144 1674 3824  761 1674 3824  1482 2063 3825  906 2063 3825  1204 2072 4287  648 2286 3827  1085 2286 3827  497 1979 3828  850 1979 3828  997 2229 3829  2228 2229 3829  336 2940 3830  1174 2940 3830  269 1201 3831  269 2499 3831  1935 3832 4125  515 1935 3832  535 1999 3833  984 1999 3833  1001 1876 3834  60 3834 3920  457 1629 3835  992 1629 3835  1863 3619 3836  507 1863 3836  88 1848 3837  88 2256 3837  718 2108 3838  718 1912 3838  1380 3347 3839  737 3347 3839  1704 3180 3840  293 3840 3936  767 3583 3841  767 2196 3841  1384 3312 3842  605 3312 3842  464 3416 3843  1412 3416 3843  1342 3311 3844  66 3844 3961  1253 3627 3845  982 3627 3845  2266 2521 3846  377 2521 3846  307 1539 3847  1084 1539 3847  536 1804 3848  1161 1804 3848  133 1596 3849  1161 1596 3849  1801 3407 3850  241 3850 3927  511 1942 3851  1018 1942 3851  615 2307 3852  1654 2307 3852  694 2469 3853  1106 2469 3853  232 2506 3854  1107 2506 3854  272 1194 3855  272 1219 3855  76 3856 3913  1031 1706 3935  2052 2463 3857  1178 2052 3857  1146 2441 3858  1146 2145 3858  1905 3753 3859  879 3859 3917  886 1825 3860  886 1754 3860  1373 1945 3861  846 3861 3907  1030 2008 3862  1030 2012 3862  1011 1950 3863  540 1950 3863  1026 2009 3864  1026 2001 3864  1860 3695 3865  220 3695 3865  1766 3613 3866  64 1766 3866  1166 3491 3867  61 3491 3867  1682 3266 3868  295 3266 3868  2131 3147 3869  63 3147 3869  2171 3137 3870  1008 2171 3870  2798 3079 3871  670 3079 3871  1002 2858 3872  219 2858 3872  2657 3074 3873  100 2657 3873  2535 3491 3874  577 2535 3874  1815 2525 3875  75 2525 3875  2477 3536 3876  72 2477 3876  1678 2403 3877  1032 2403 3877  2748 2841 3878  179 2748 3878  2308 3159 3879  178 2308 3879  1015 2274 3880  30 2274 3880  2136 3246 3881  883 2136 3881  1378 2124 3882  668 2124 3882  69 2070 3883  903 2070 3883  699 2018 3884  10 2018 3884  39 2012 3885  1030 2012 3885  2009 3850 3886  241 3850 3886  2008 3840 3887  293 3840 3887  1032 2003 3888  203 2003 3888  30 2001 3889  1026 2001 3889  1019 1997 3890  28 1997 3890  2065 3420 3891  735 2065 3891  86 1995 3892  583 1995 3892  209 1990 3893  708 1990 3893  1988 3861 3894  846 3861 3894  1013 1980 3895  198 1980 3895  259 1976 3896  1023 1976 3896  99 1963 3897  732 1963 3897  1011 1961 3898  288 1961 3898  42 1959 3899  1037 1959 3899  1955 2912 3900  299 2912 3900  2306 3107 3901  176 2306 3901  1951 3902 4010  258 1951 3902  21 1950 3903  1011 1950 3903  1948 3859 3904  879 3859 3904  883 1947 3905  62 1947 3905  890 1946 3906  1946 3906 4160  1945 3822 3907  41 3822 3907  1944 2688 3908  21 2688 3908  1017 1943 3909  1943 3909 4158  1018 1942 4158  1019 1942 3910  1020 2221 3911  39 2221 3911  1021 1940 3912  40 1940 3912  1938 3856 3913  892 1938 3913  1006 1930 3914  35 1930 3914  1928 3361 3915  1035 1928 3915  1004 1912 3916  173 1912 3916  1905 3859 3917  38 1905 3917  1899 3581 3918  861 1899 3918  1036 1895 3919  15 1895 3919  1876 3834 3920  537 1876 3920  1022 1863 3921  263 1863 3921  1054 1847 3922  285 1847 3922  886 1825 3923  101 1825 3923  1801 3407 3924  479 3407 3924  1027 1802 3925  69 1802 3925  1845 2896 3926  1025 2896 3926  1801 3850 3927  1027 1801 3927  1756 3522 3928  1010 3522 3928  214 1754 3929  886 1754 3929  1736 3420 3930  284 3420 3930  1043 1733 3931  290 1733 3931  1711 3765 3932  1033 1711 3932  1709 3933 4129  1043 1709 3933  1704 3180 3934  454 3180 3934  1706 3856 3935  76 3856 3935  1704 3840 3936  1031 1704 3936  1701 3228 3937  296 1701 3937  104 1700 3938  1016 1700 3938  1025 1690 3939  240 1690 3939  1622 3844 3940  66 3844 3940  1034 1612 3941  197 1612 3941  537 1602 3942  289 1602 3942  668 2123 3943  187 2123 3943  577 1591 3944  298 1591 3944  1566 3822 3945  1044 1566 3945  1554 3223 3946  99 1554 3946  25 1526 3947  1059 1526 3947  2515 3505 3948  292 3505 3948  1038 1520 3949  287 1520 3949  1508 3414 3950  13 3414 3950  1049 1498 3951  209 1498 3951  1430 3216 3952  1039 3216 3952  1039 1429 3953  254 1429 3953  1413 3667 3954  283 3667 3954  23 1406 3955  946 1406 3955  1377 2912 3956  1040 1377 3956  1836 2636 3957  771 1836 3957  1376 3074 3958  1060 3074 3958  1369 3611 3959  1066 3611 3959  1345 3501 3960  1345 3960 4229  1342 3844 3961  1042 1342 3961  2004 3962 4269  1024 2004 3962  273 1335 3963  955 1335 3963  1292 3159 3964  1058 3159 3964  1530 3815 3965  191 1530 3965  1577 3754 3966  65 3754 3966  1284 3196 3967  86 3196 3967  219 1716 3968  1041 1716 3968  649 1275 4160  1045 1275 3969  1264 3459 3970  1063 3459 3970  1259 2841 3971  1061 2841 3971  1256 3183 4230  70 1256 3972  38 1245 3973  1050 1245 3973  1226 2447 3974  165 2447 3974  1219 3598 3975  272 1219 3975  1217 3107 3976  1009 3107 3976  1203 3281 3977  922 3281 3977  272 1194 3978  983 1194 3978  263 1629 3979  1028 1629 3979  632 2030 3980  67 2030 3980  1023 2165 3981  29 3981 4269  40 2400 3982  870 2400 3982  1896 3087 3983  1036 1896 3983  1204 3826 3984  1049 3826 3984  1082 2638 3985  322 2638 3985  49 3040 3986  49 2026 3986  2654 3851 3987  1391 2654 3987  1336 3348 3988  1142 3348 3988  861 1899 3989  1202 1899 3989  1189 2076 3990  125 2076 3990  430 2266 3991  1189 2266 3991  516 1575 3992  1575 1608 3992  2083 3445 3993  332 3445 3993  146 1410 3994  1410 1411 3994  493 3084 3995  1806 3084 3995  337 1433 4126  337 3996 4126  1216 2045 3997  444 2045 3997  354 1834 3998  1109 1834 3998  311 1986 3999  1986 3999 4000  530 1985 4000  1068 1985 4000  1624 3506 4001  1068 1624 4001  120 2388 4069  1222 2388 4069  3469 3702 4003  1268 3702 4003  131 3146 4005  131 4004 4005  1268 3764 4005  1269 3764 4005  1110 1841 4006  683 1841 4006  2715 4007 4009  1093 2715 4007  33 1983 4008  1093 1983 4008  313 2139 4009  1092 2139 4009  870 1648 4010  1648 1951 4010  149 3332 4011  1506 3332 4011  1160 1661 4012  127 1661 4012  1392 2919 4013  248 2919 4013  1652 3700 4014  547 3700 4014  137 1991 4015  1421 1991 4015  545 1852 4016  640 1852 4016  1181 3804 4017  333 3804 4017  1278 1830 4018  162 1830 4018  1198 1934 4019  1260 1934 4019  346 1929 4020  1227 1929 4020  1151 2663 4021  832 2663 4021  1641 4021 4022  222 1641 4022  430 2382 4023  1151 2382 4023  1075 3524 4024  369 3524 4024  1357 3061 4025  442 3061 4025  1216 2424 4026  79 2424 4026  521 1607 4027  1096 4027 4247  258 1951 4028  1096 1951 4028  970 3722 4029  1808 3722 4029  1517 2678 4030  766 2678 4030  616 1631 4031  1076 1631 4031  1076 1631 4032  675 1631 4032  568 2130 4034  568 2265 4033  896 2778 4034  896 3047 4034  337 2332 4035  696 2332 4035  366 2754 4036  2096 2754 4036  174 2196 4037  174 1720 4037  320 3719 4038  1550 4038 4097  243 2788 4039  243 2195 4039  1748 3224 4040  619 3224 4040  1077 2419 4041  769 2419 4041  1077 1684 4042  461 1684 4042  53 1684 4043  1077 1684 4043  77 2106 4044  77 1357 4044  1137 2050 4045  189 2050 4045  403 1450 4046  403 1451 4046  140 2112 4047  140 1790 4047  92 2378 4048  92 2019 4048  1184 2194 4049  93 2194 4049  716 1743 4117  617 1743 4050  1209 2094 4051  585 2094 4051  1767 3644 4052  48 1767 4052  255 3493 4053  1270 3493 4053  114 4054 4055  1779 4054 4055  1143 1779 4055  1143 1501 4055  965 2526 4056  2044 2526 4056  1321 3475 4057  357 3475 4057  1206 3224 4058  265 3224 4058  1340 2655 4059  2655 4059 4188  839 4060 4179  839 2174 4060  1933 3007 4061  174 3007 4061  778 1869 4062  778 2499 4062  342 1409 4063  1104 1409 4063  1516 2102 4064  685 2102 4064  1397 2634 4065  195 2634 4065  322 2420 4066  1081 2420 4066  542 2088 4067  1081 2088 4067  244 3813 4068  1771 3813 4068  1222 4002 4069  952 4002 4069  144 1674 4070  144 1205 4070  1266 1917 4071  505 1917 4071  316 2335 4072  1098 2335 4072  499 1875 4073  499 1225 4073  125 2076 4074  1120 2076 4074  1310 3523 4075  376 3523 4075  2095 2956 4076  1340 2095 4076  745 3667 4077  745 1645 4077  963 2121 4078  310 2121 4078  1342 2017 4079  388 2017 4079  1370 2918 4080  795 2918 4080  1089 2257 4081  177 2257 4081  1089 2230 4082  338 2230 4082  927 1715 4083  672 1715 4083  168 2795 4084  1472 4084 4142  1019 1942 4085  511 1942 4085  652 2054 4086  1455 2054 4086  170 2088 4087  1139 2088 4087  1437 2762 4088  783 2762 4088  534 2006 4089  1090 2006 4089  1921 2929 4090  55 1921 4090  1091 2137 4091  107 2137 4091  569 2138 4092  2138 4092 4093  312 2006 4093  1095 2006 4093  153 1897 4094  1095 1897 4094  1094 1242 4095  107 1242 4095  569 2139 4096  1094 2139 4096  320 2336 4097  1112 2336 4097  1112 2337 4098  193 2337 4098  389 2980 4099  1249 2980 4099  1492 1824 4100  505 1824 4100  1279 1890 4101  895 1890 4101  1422 2320 4102  427 1422 4102  1162 2816 4110  1162 4103 4110  529 2614 4104  1593 2614 4104  522 1915 4105  522 1603 4105  72 2477 4106  1239 2477 4106  1108 2299 4107  647 2299 4107  354 2299 4108  1108 2299 4108  1870 2643 4109  1108 1870 4109  1322 2988 4110  581 2988 4110  2344 3268 4111  1051 3268 4111  216 2103 4112  727 2103 4112  877 1862 4113  1164 1862 4113  1670 2504 4114  513 1670 4114  1270 1734 4115  485 2958 4135  1114 2625 4116  415 2625 4116  1743 4050 4117  900 4050 4117  1655 2134 4118  562 2134 4118  721 2519 4119  1102 2519 4119  1102 2280 4120  570 2280 4120  1122 1910 4121  1122 1659 4121  69 2070 4122  69 1802 4122  1898 4075 4123  376 4075 4123  2339 4123 4124  698 2339 4124  1168 1499 4125  206 1499 4125  1215 2589 4126  1433 2589 4126  115 2039 4127  1188 2039 4127  836 1799 4128  266 1799 4128  2487 3659 4129  1140 3659 4129  1091 2057 4130  312 2057 4130  1337 1746 4131  43 1746 4131  1195 3176 4132  393 3176 4132  488 2673 4133  1232 2673 4133  1322 2801 4134  993 2801 4134  485 4115 4135  1734 4115 4135  1055 2199 4136  1129 2199 4136  1916 3277 4137  806 1916 4137  1504 2226 4138  108 2226 4138  1458 1903 4139  1071 1458 4139  343 2524 4140  1128 2524 4140  1173 2361 4141  566 2361 4141  168 2632 4142  1118 2632 4142  659 2479 4143  1136 2479 4143  438 1492 4144  1121 1492 4144  2573 4144 4145  1121 4144 4145  1492 2970 4146  83 2970 4146  1224 2613 4147  275 2613 4147  1784 4148 4149  142 1450 4148  403 1636 4149  403 1450 4149  831 1798 4150  82 1798 4150  555 1463 4151  1463 1519 4151  445 1647 4152  445 2598 4152  1531 3229 4153  116 3229 4153  1218 2334 4154  695 2334 4154  204 1655 4155  1655 4155 4156  639 2486 4156  1187 2486 4156  463 1572 4157  1187 1572 4157  1942 3910 4158  291 3910 4158  1816 3605 4159  939 3605 4159  1275 3969 4160  73 3969 4160  336 2361 4161  1173 2361 4161  1263 4162 4200  920 4162 4200  1258 1946 4163  890 1946 4163  1115 3104 4164  78 3104 4164  1115 1426 4165  426 1426 4165  780 1595 4166  268 1595 4166  1689 2897 4167  822 2897 4167  1202 2983 4168  264 2983 4168  50 1272 4169  1170 1272 4169  1233 2408 4170  504 2408 4170  225 2418 4171  225 1852 4171  882 3353 4172  1137 3353 4172  249 1769 4173  249 2031 4173  319 2277 4174  1116 2277 4174  1116 2141 4175  246 2141 4175  610 2257 4176  610 1694 4176  881 2024 4177  566 2024 4177  238 1835 4178  238 2554 4178  829 2734 4179  829 2733 4179  1887 3415 4180  887 3415 4180  1453 3551 4181  132 3551 4181  105 1659 4182  1122 1659 4182  407 2384 4183  1814 2384 4183  961 2606 4184  961 3203 4184  536 1991 4185  1831 1991 4185  249 2243 4186  249 1490 4186  467 2972 4187  1298 2972 4187  1366 2117 4188  508 2117 4188  1093 2715 4189  533 2715 4189  338 1243 4190  1243 3297 4190  348 2344 4191  1246 2344 4191  1246 3426 4192  117 3426 4192  436 2264 4193  1246 2264 4193  1236 1632 4194  831 1236 4194  564 2161 4195  1278 2161 4195  2111 2592 4196  720 2592 4196  349 2842 4197  1131 2842 4197  885 1683 4198  885 1740 4198  1193 2560 4199  1193 1931 4199  845 3044 4200  920 3044 4200  631 2013 4201  1190 2013 4201  1133 1920 4202  516 1920 4202  1133 1918 4203  323 1918 4203  358 2413 4204  1200 2413 4204  2356 4204 4205  1200 4204 4205  1200 2075 4206  123 2075 4206  1511 3636 4207  80 3636 4207  573 2022 4208  573 1255 4208  1123 2170 4209  586 2170 4209  1658 2908 4210  1123 1658 4210  483 1730 4211  1102 1730 4211  1193 2561 4212  136 2561 4212  1568 3308 4213  449 3308 4213  126 2485 4214  1144 2485 4214  446 2808 4215  1144 2808 4215  568 2130 4216  1144 2130 4216  1292 1676 4217  614 1676 4217  1441 2716 4218  805 2716 4218  161 1864 4219  1165 1864 4219  426 2768 4220  1165 2768 4220  1638 3786 4221  779 3786 4221  278 2233 4222  278 2620 4222  589 2079 4223  589 1952 4223  1132 2352 4224  666 2352 4224  282 1884 4225  1132 1884 4225  624 1616 4226  1158 1616 4226  1158 2738 4227  750 2738 4227  10 2492 4228  1348 2492 4228  1256 3972 4229  1047 3972 4229  1345 2522 4230  360 2522 4230  953 3325 4231  2692 3325 4231  508 3222 4232  1261 3222 4232  1349 3222 4233  385 1349 4233  1402 2878 4234  262 2878 4234  1474 2850 4235  787 2850 4235  2897 4236 4246  128 2897 4236  1153 3492 4237  397 3492 4237  1744 3576 4238  1196 1744 4238  1732 4098 4239  193 4098 4239  539 1710 4240  539 1653 4240  341 2816 4241  1162 2816 4241  0 2527 4242  0 1341 4242  455 2434 4243  455 1656 4243  538 1926 4244  538 1925 4244  1244 1969 4245  613 1969 4245  1153 3712 4246  1908 3712 4246  1607 4027 4247  327 4247 4272  1134 2318 4248  323 2318 4248  110 2370 4249  1134 2370 4249  587 2318 4250  1134 2318 4250  52 1785 4251  52 1344 4251  573 2021 4252  1260 2021 4252  1138 2027 4253  541 2027 4253  324 2520 4254  1138 2520 4254  1676 1913 4255  180 1913 4255  144 2510 4256  1806 2510 4256  489 2389 4257  1237 2389 4257  1675 2348 4258  864 1675 4258  2151 3423 4259  1710 2151 4259  1660 3197 4260  993 3197 4260  1303 2998 4261  1083 2998 4261  923 1425 4262  235 1425 4262  571 1871 4263  1871 2031 4263  1062 2617 4264  1062 1861 4264  1315 3117 4265  851 3117 4265  130 2479 4266  1851 2479 4266  549 1903 4267  1157 1903 4267  501 1726 4268  1212 1726 4268  2165 3981 4269  1212 2165 4269  1212 3037 4270  488 3037 4270  1149 2547 4271  111 2547 4271  1607 4247 4272  1149 1607 4272  2432 4272 4273  1149 4272 4273  592 3091 4274  592 1837 4274  985 2194 4275  604 2194 4275  1531 2565 4276  629 1531 4276  362 1859 4277  1239 1859 4277  40 2400 4278  40 1940 4278  1360 3064 4279  855 3064 4279  16 4284 4285  13 20 4282  2483 3414 4283  13 4282 4283  4281 4282 4283  19 2483 4283  19 4281 4283  4280 4284 4285  16 17 4284  1306 2301 4285  16 2301 4285  6 2185 4286  6 8 4286  1204 3984 4287  11 3984 4287  </DataArray>
<DataArray  type="UInt32"  Name="offsets"  format="ascii">3 6 9 12 15 18 21 24 27 30 33 36 39 42 45 48 51 54 57 60 63 66 69 72 75 78 81 84 87 90 93 96 99 102 105 108 111 114 117 120 123 126 129 132 135 138 141 144 147 150 153 156 159 162 165 168 171 174 177 180 183 186 189 192 195 198 201 204 207 210 213 216 219 222 225 228 231 234 237 240 243 246 249 252 255 258 261 264 267 270 273 276 279 282 285 288 291 294 297 300 303 306 309 312 315 318 321 324 327 330 333 336 339 342 345 348 351 354 357 360 363 366 369 372 375 378 381 384 387 390 393 396 399 402 405 408 411 414 417 420 423 426 429 432 435 438 441 444 447 450 453 456 459 462 465 468 471 474 477 480 483 486 489 492 495 498 501 504 507 510 513 516 519 522 525 528 531 534 537 540 543 546 549 552 555 558 561 564 567 570 573 576 579 582 585 588 591 594 597 600 603 606 609 612 615 618 621 624 627 630 633 636 639 642 645 648 651 654 657 660 663 666 669 672 675 678 681 684 687 690 693 696 699 702 705 708 711 714 717 720 723 726 729 732 735 738 741 744 747 750 753 756 759 762 765 768 771 774 777 780 783 786 789 792 795 798 801 804 807 810 813 816 819 822 825 828 831 834 837 840 843 846 849 852 855 858 861 864 867 870 873 876 879 882 885 888 891 894 897 900 903 906 909 912 915 918 921 924 927 930 933 936 939 942 945 948 951 954 957 960 963 966 969 972 975 978 981 984 987 990 993 996 999 1002 1005 1008 1011 1014 1017 1020 1023 1026 1029 1032 1035 1038 1041 1044 1047 1050 1053 1056 1059 1062 1065 1068 1071 1074 1077 1080 1083 1086 1089 1092 1095 1098 1101 1104 1107 1110 1113 1116 1119 1122 1125 1128 1131 1134 1137 1140 1143 1146 1149 1152 1155 1158 1161 1164 1167 1170 1173 1176 1179 1182 1185 1188 1191 1194 1197 1200 1203 1206 1209 1212 1215 1218 1221 1224 1227 1230 1233 1236 1239 1242 1245 1248 1251 1254 1257 1260 1263 1266 1269 1272 1275 1278 1281 1284 1287 1290 1293 1296 1299 1302 1305 1308 1311 1314 1317 1320 1323 1326 1329 1332 1335 1338 1341 1344 1347 1350 1353 1356 1359 1362 1365 1368 1371 1374 1377 1380 1383 1386 1389 1392 1395 1398 1401 1404 1407 1410 1413 1416 1419 1422 1425 1428 1431 1434 1437 1440 1443 1446 1449 1452 1455 1458 1461 1464 1467 1470 1473 1476 1479 1482 1485 1488 1491 1494 1497 1500 1503 1506 1509 1512 1515 1518 1521 1524 1527 1530 1533 1536 1539 1542 1545 1548 1551 1554 1557 1560 1563 1566 1569 1572 1575 1578 1581 1584 1587 1590 1593 1596 1599 1602 1605 1608 1611 1614 1617 1620 1623 1626 1629 1632 1635 1638 1641 1644 1647 1650 1653 1656 1659 1662 1665 1668 1671 1674 1677 1680 1683 1686 1689 1692 1695 1698 1701 1704 1707 1710 1713 1716 1719 1722 1725 1728 1731 1734 1737 1740 1743 1746 1749 1752 1755 1758 1761 1764 1767 1770 1773 1776 1779 1782 1785 1788 1791 1794 1797 1800 1803 1806 1809 1812 1815 1818 1821 1824 1827 1830 1833 1836 1839 1842 1845 1848 1851 1854 1857 1860 1863 1866 1869 1872 1875 1878 1881 1884 1887 1890 1893 1896 1899 1902 1905 1908 1911 1914 1917 1920 1923 1926 1929 1932 1935 1938 1941 1944 1947 1950 1953 1956 1959 1962 1965 1968 1971 1974 1977 1980 1983 1986 1989 1992 1995 1998 2001 2004 2007 2010 2013 2016 2019 2022 2025 2028 2031 2034 2037 2040 2043 2046 2049 2052 2055 2058 2061 2064 2067 2070 2073 2076 2079 2082 2085 2088 2091 2094 2097 2100 2103 2106 2109 2112 2115 2118 2121 2124 2127 2130 2133 2136 2139 2142 2145 2148 2151 2154 2157 2160 2163 2166 2169 2172 2175 2178 2181 2184 2187 2190 2193 2196 2199 2202 2205 2208 2211 2214 2217 2220 2223 2226 2229 2232 2235 2238 2241 2244 2247 2250 2253 2256 2259 2262 2265 2268 2271 2274 2277 2280 2283 2286 2289 2292 2295 2298 2301 2304 2307 2310 2313 2316 2319 2322 2325 2328 2331 2334 2337 2340 2343 2346 2349 2352 2355 2358 2361 2364 2367 2370 2373 2376 2379 2382 2385 2388 2391 2394 2397 2400 2403 2406 2409 2412 2415 2418 2421 2424 2427 2430 2433 2436 2439 2442 2445 2448 2451 2454 2457 2460 2463 2466 2469 2472 2475 2478 2481 2484 2487 2490 2493 2496 2499 2502 2505 2508 2511 2514 2517 2520 2523 2526 2529 2532 2535 2538 2541 2544 2547 2550 2553 2556 2559 2562 2565 2568 2571 2574 2577 2580 2583 2586 2589 2592 2595 2598 2601 2604 2607 2610 2613 2616 2619 2622 2625 2628 2631 2634 2637 2640 2643 2646 2649 2652 2655 2658 2661 2664 2667 2670 2673 2676 2679 2682 2685 2688 2691 2694 2697 2700 2703 2706 2709 2712 2715 2718 2721 2724 2727 2730 2733 2736 2739 2742 2745 2748 2751 2754 2757 2760 2763 2766 2769 2772 2775 2778 2781 2784 2787 2790 2793 2796 2799 2802 2805 2808 2811 2814 2817 2820 2823 2826 2829 2832 2835 2838 2841 2844 2847 2850 2853 2856 2859 2862 2865 2868 2871 2874 2877 2880 2883 2886 2889 2892 2895 2898 2901 2904 2907 2910 2913 2916 2919 2922 2925 2928 2931 2934 2937 2940 2943 2946 2949 2952 2955 2958 2961 2964 2967 2970 2973 2976 2979 2982 2985 2988 2991 2994 2997 3000 3003 3006 3009 3012 3015 3018 3021 3024 3027 3030 3033 3036 3039 3042 3045 3048 3051 3054 3057 3060 3063 3066 3069 3072 3075 3078 3081 3084 3087 3090 3093 3096 3099 3102 3105 3108 3111 3114 3117 3120 3123 3126 3129 3132 3135 3138 3141 3144 3147 3150 3153 3156 3159 3162 3165 3168 3171 3174 3177 3180 3183 3186 3189 3192 3195 3198 3201 3204 3207 3210 3213 3216 3219 3222 3225 3228 3231 3234 3237 3240 3243 3246 3249 3252 3255 3258 3261 3264 3267 3270 3273 3276 3279 3282 3285 3288 3291 3294 3297 3300 3303 3306 3309 3312 3315 3318 3321 3324 3327 3330 3333 3336 3339 3342 3345 3348 3351 3354 3357 3360 3363 3366 3369 3372 3375 3378 3381 3384 3387 3390 3393 3396 3399 3402 3405 3408 3411 3414 3417 3420 3423 3426 3429 3432 3435 3438 3441 3444 3447 3450 3453 3456 3459 3462 3465 3468 3471 3474 3477 3480 3483 3486 3489 3492 3495 3498 3501 3504 3507 3510 3513 3516 3519 3522 3525 3528 3531 3534 3537 3540 3543 3546 3549 3552 3555 3558 3561 3564 3567 3570 3573 3576 3579 3582 3585 3588 3591 3594 3597 3600 3603 3606 3609 3612 3615 3618 3621 3624 3627 3630 3633 3636 3639 3642 3645 3648 3651 3654 3657 3660 3663 3666 3669 3672 3675 3678 3681 3684 3687 3690 3693 3696 3699 3702 3705 3708 3711 3714 3717 3720 3723 3726 3729 3732 3735 3738 3741 3744 3747 3750 3753 3756 3759 3762 3765 3768 3771 3774 3777 3780 3783 3786 3789 3792 3795 3798 3801 3804 3807 3810 3813 3816 3819 3822 3825 3828 3831 3834 3837 3840 3843 3846 3849 3852 3855 3858 3861 3864 3867 3870 3873 3876 3879 3882 3885 3888 3891 3894 3897 3900 3903 3906 3909 3912 3915 3918 3921 3924 3927 3930 3933 3936 3939 3942 3945 3948 3951 3954 3957 3960 3963 3966 3969 3972 3975 3978 3981 3984 3987 3990 3993 3996 3999 4002 4005 4008 4011 4014 4017 4020 4023 4026 4029 4032 4035 4038 4041 4044 4047 4050 4053 4056 4059 4062 4065 4068 4071 4074 4077 4080 4083 4086 4089 4092 4095 4098 4101 4104 4107 4110 4113 4116 4119 4122 4125 4128 4131 4134 4137 4140 4143 4146 4149 4152 4155 4158 4161 4164 4167 4170 4173 4176 4179 4182 4185 4188 4191 4194 4197 4200 4203 4206 4209 4212 4215 4218 4221 4224 4227 4230 4233 4236 4239 4242 4245 4248 4251 4254 4257 4260 4263 4266 4269 4272 4275 4278 4281 4284 4287 4290 4293 4296 4299 4302 4305 4308 4311 4314 4317 4320 4323 4326 4329 4332 4335 4338 4341 4344 4347 4350 4353 4356 4359 4362 4365 4368 4371 4374 4377 4380 4383 4386 4389 4392 4395 4398 4401 4404 4407 4410 4413 4416 4419 4422 4425 4428 4431 4434 4437 4440 4443 4446 4449 4452 4455 4458 4461 4464 4467 4470 4473 4476 4479 4482 4485 4488 4491 4494 4497 4500 4503 4506 4509 4512 4515 4518 4521 4524 4527 4530 4533 4536 4539 4542 4545 4548 4551 4554 4557 4560 4563 4566 4569 4572 4575 4578 4581 4584 4587 4590 4593 4596 4599 4602 4605 4608 4611 4614 4617 4620 4623 4626 4629 4632 4635 4638 4641 4644 4647 4650 4653 4656 4659 4662 4665 4668 4671 4674 4677 4680 4683 4686 4689 4692 4695 4698 4701 4704 4707 4710 4713 4716 4719 4722 4725 4728 4731 4734 4737 4740 4743 4746 4749 4752 4755 4758 4761 4764 4767 4770 4773 4776 4779 4782 4785 4788 4791 4794 4797 4800 4803 4806 4809 4812 4815 4818 4821 4824 4827 4830 4833 4836 4839 4842 4845 4848 4851 4854 4857 4860 4863 4866 4869 4872 4875 4878 4881 4884 4887 4890 4893 4896 4899 4902 4905 4908 4911 4914 4917 4920 4923 4926 4929 4932 4935 4938 4941 4944 4947 4950 4953 4956 4959 4962 4965 4968 4971 4974 4977 4980 4983 4986 4989 4992 4995 4998 5001 5004 5007 5010 5013 5016 5019 5022 5025 5028 5031 5034 5037 5040 5043 5046 5049 5052 5055 5058 5061 5064 5067 5070 5073 5076 5079 5082 5085 5088 5091 5094 5097 5100 5103 5106 5109 5112 5115 5118 5121 5124 5127 5130 5133 5136 5139 5142 5145 5148 5151 5154 5157 5160 5163 5166 5169 5172 5175 5178 5181 5184 5187 5190 5193 5196 5199 5202 5205 5208 5211 5214 5217 5220 5223 5226 5229 5232 5235 5238 5241 5244 5247 5250 5253 5256 5259 5262 5265 5268 5271 5274 5277 5280 5283 5286 5289 5292 5295 5298 5301 5304 5307 5310 5313 5316 5319 5322 5325 5328 5331 5334 5337 5340 5343 5346 5349 5352 5355 5358 5361 5364 5367 5370 5373 5376 5379 5382 5385 5388 5391 5394 5397 5400 5403 5406 5409 5412 5415 5418 5421 5424 5427 5430 5433 5436 5439 5442 5445 5448 5451 5454 5457 5460 5463 5466 5469 5472 5475 5478 5481 5484 5487 5490 5493 5496 5499 5502 5505 5508 5511 5514 5517 5520 5523 5526 5529 5532 5535 5538 5541 5544 5547 5550 5553 5556 5559 5562 5565 5568 5571 5574 5577 5580 5583 5586 5589 5592 5595 5598 5601 5604 5607 5610 5613 5616 5619 5622 5625 5628 5631 5634 5637 5640 5643 5646 5649 5652 5655 5658 5661 5664 5667 5670 5673 5676 5679 5682 5685 5688 5691 5694 5697 5700 5703 5706 5709 5712 5715 5718 5721 5724 5727 5730 5733 5736 5739 5742 5745 5748 5751 5754 5757 5760 5763 5766 5769 5772 5775 5778 5781 5784 5787 5790 5793 5796 5799 5802 5805 5808 5811 5814 5817 5820 5823 5826 5829 5832 5835 5838 5841 5844 5847 5850 5853 5856 5859 5862 5865 5868 5871 5874 5877 5880 5883 5886 5889 5892 5895 5898 5901 5904 5907 5910 5913 5916 5919 5922 5925 5928 5931 5934 5937 5940 5943 5946 5949 5952 5955 5958 5961 5964 5967 5970 5973 5976 5979 5982 5985 5988 5991 5994 5997 6000 6003 6006 6009 6012 6015 6018 6021 6024 6027 6030 6033 6036 6039 6042 6045 6048 6051 6054 6057 6060 6063 6066 6069 6072 6075 6078 6081 6084 6087 6090 6093 6096 6099 6102 6105 6108 6111 6114 6117 6120 6123 6126 6129 6132 6135 6138 6141 6144 6147 6150 6153 6156 6159 6162 6165 6168 6171 6174 6177 6180 6183 6186 6189 6192 6195 6198 6201 6204 6207 6210 6213 6216 6219 6222 6225 6228 6231 6234 6237 6240 6243 6246 6249 6252 6255 6258 6261 6264 6267 6270 6273 6276 6279 6282 6285 6288 6291 6294 6297 6300 6303 6306 6309 6312 6315 6318 6321 6324 6327 6330 6333 6336 6339 6342 6345 6348 6351 6354 6357 6360 6363 6366 6369 6372 6375 6378 6381 6384 6387 6390 6393 6396 6399 6402 6405 6408 6411 6414 6417 6420 6423 6426 6429 6432 6435 6438 6441 6444 6447 6450 6453 6456 6459 6462 6465 6468 6471 6474 6477 6480 6483 6486 6489 6492 6495 6498 6501 6504 6507 6510 6513 6516 6519 6522 6525 6528 6531 6534 6537 6540 6543 6546 6549 6552 6555 6558 6561 6564 6567 6570 6573 6576 6579 6582 6585 6588 6591 6594 6597 6600 6603 6606 6609 6612 6615 6618 6621 6624 6627 6630 6633 6636 6639 6642 6645 6648 6651 6654 6657 6660 6663 6666 6669 6672 6675 6678 6681 6684 6687 6690 6693 6696 6699 6702 6705 6708 6711 6714 6717 6720 6723 6726 6729 6732 6735 6738 6741 6744 6747 6750 6753 6756 6759 6762 6765 6768 6771 6774 6777 6780 6783 6786 6789 6792 6795 6798 6801 6804 6807 6810 6813 6816 6819 6822 6825 6828 6831 6834 6837 6840 6843 6846 6849 6852 6855 6858 6861 6864 6867 6870 6873 6876 6879 6882 6885 6888 6891 6894 6897 6900 6903 6906 6909 6912 6915 6918 6921 6924 6927 6930 6933 6936 6939 6942 6945 6948 6951 6954 6957 6960 6963 6966 6969 6972 6975 6978 6981 6984 6987 6990 6993 6996 6999 7002 7005 7008 7011 7014 7017 7020 7023 7026 7029 7032 7035 7038 7041 7044 7047 7050 7053 7056 7059 7062 7065 7068 7071 7074 7077 7080 7083 7086 7089 7092 7095 7098 7101 7104 7107 7110 7113 7116 7119 7122 7125 7128 7131 7134 7137 7140 7143 7146 7149 7152 7155 7158 7161 7164 7167 7170 7173 7176 7179 7182 7185 7188 7191 7194 7197 7200 7203 7206 7209 7212 7215 7218 7221 7224 7227 7230 7233 7236 7239 7242 7245 7248 7251 7254 7257 7260 7263 7266 7269 7272 7275 7278 7281 7284 7287 7290 7293 7296 7299 7302 7305 7308 7311 7314 7317 7320 7323 7326 7329 7332 7335 7338 7341 7344 7347 7350 7353 7356 7359 7362 7365 7368 7371 7374 7377 7380 7383 7386 7389 7392 7395 7398 7401 7404 7407 7410 7413 7416 7419 7422 7425 7428 7431 7434 7437 7440 7443 7446 7449 7452 7455 7458 7461 7464 7467 7470 7473 7476 7479 7482 7485 7488 7491 7494 7497 7500 7503 7506 7509 7512 7515 7518 7521 7524 7527 7530 7533 7536 7539 7542 7545 7548 7551 7554 7557 7560 7563 7566 7569 7572 7575 7578 7581 7584 7587 7590 7593 7596 7599 7602 7605 7608 7611 7614 7617 7620 7623 7626 7629 7632 7635 7638 7641 7644 7647 7650 7653 7656 7659 7662 7665 7668 7671 7674 7677 7680 7683 7686 7689 7692 7695 7698 7701 7704 7707 7710 7713 7716 7719 7722 7725 7728 7731 7734 7737 7740 7743 7746 7749 7752 7755 7758 7761 7764 7767 7770 7773 7776 7779 7782 7785 7788 7791 7794 7797 7800 7803 7806 7809 7812 7815 7818 7821 7824 7827 7830 7833 7836 7839 7842 7845 7848 7851 7854 7857 7860 7863 7866 7869 7872 7875 7878 7881 7884 7887 7890 7893 7896 7899 7902 7905 7908 7911 7914 7917 7920 7923 7926 7929 7932 7935 7938 7941 7944 7947 7950 7953 7956 7959 7962 7965 7968 7971 7974 7977 7980 7983 7986 7989 7992 7995 7998 8001 8004 8007 8010 8013 8016 8019 8022 8025 8028 8031 8034 8037 8040 8043 8046 8049 8052 8055 8058 8061 8064 8067 8070 8073 8076 8079 8082 8085 8088 8091 8094 8097 8100 8103 8106 8109 8112 8115 8118 8121 8124 8127 8130 8133 8136 8139 8142 8145 8148 8151 8154 8157 8160 8163 8166 8169 8172 8175 8178 8181 8184 8187 8190 8193 8196 8199 8202 8205 8208 8211 8214 8217 8220 8223 8226 8229 8232 8235 8238 8241 8244 8247 8250 8253 8256 8259 8262 8265 8268 8271 8274 8277 8280 8283 8286 8289 8292 8295 8298 8301 8304 8307 8310 8313 8316 8319 8322 8325 8328 8331 8334 8337 8340 8343 8346 8349 8352 8355 8358 8361 8364 8367 8370 8373 8376 8379 8382 8385 8388 8391 8394 8397 8400 8403 8406 8409 8412 8415 8418 8421 8424 8427 8430 8433 8436 8439 8442 8445 8448 8451 8454 8457 8460 8463 8466 8469 8472 8475 8478 8481 8484 8487 8490 8493 8496 8499 8502 8505 8508 8511 8514 8517 8520 8523 8526 8529 8532 8535 8538 8541 8544 8547 8550 8553 8556 8559 8562 8565 8568 8571 8574 8577 8580 8583 8586 8589 8592 8595 8598 8601 8604 8607 8610 8613 8616 8619 8622 8625 8628 8631 8634 8637 8640 8643 8646 8649 8652 8655 8658 8661 8664 8667 8670 8673 8676 8679 8682 8685 8688 8691 8694 8697 8700 8703 8706 8709 8712 8715 8718 8721 8724 8727 8730 8733 8736 8739 8742 8745 8748 8751 8754 8757 8760 8763 8766 8769 8772 8775 8778 8781 8784 8787 8790 8793 8796 8799 8802 8805 8808 8811 8814 8817 8820 8823 8826 8829 8832 8835 8838 8841 8844 8847 8850 8853 8856 8859 8862 8865 8868 8871 8874 8877 8880 8883 8886 8889 8892 8895 8898 8901 8904 8907 8910 8913 8916 8919 8922 8925 8928 8931 8934 8937 8940 8943 8946 8949 8952 8955 8958 8961 8964 8967 8970 8973 8976 8979 8982 8985 8988 8991 8994 8997 9000 9003 9006 9009 9012 9015 9018 9021 9024 9027 9030 9033 9036 9039 9042 9045 9048 9051 9054 9057 9060 9063 9066 9069 9072 9075 9078 9081 9084 9087 9090 9093 9096 9099 9102 9105 9108 9111 9114 9117 9120 9123 9126 9129 9132 9135 9138 9141 9144 9147 9150 9153 9156 9159 9162 9165 9168 9171 9174 9177 9180 9183 9186 9189 9192 9195 9198 9201 9204 9207 9210 9213 9216 9219 9222 9225 9228 9231 9234 9237 9240 9243 9246 9249 9252 9255 9258 9261 9264 9267 9270 9273 9276 9279 9282 9285 9288 9291 9294 9297 9300 9303 9306 9309 9312 9315 9318 9321 9324 9327 9330 9333 9336 9339 9342 9345 9348 9351 9354 9357 9360 9363 9366 9369 9372 9375 9378 9381 9384 9387 9390 9393 9396 9399 9402 9405 9408 9411 9414 9417 9420 9423 9426 9429 9432 9435 9438 9441 9444 9447 9450 9453 9456 9459 9462 9465 9468 9471 9474 9477 9480 9483 9486 9489 9492 9495 9498 9501 9504 9507 9510 9513 9516 9519 9522 9525 9528 9531 9534 9537 9540 9543 9546 9549 9552 9555 9558 9561 9564 9567 9570 9573 9576 9579 9582 9585 9588 9591 9594 9597 9600 9603 9606 9609 9612 9615 9618 9621 9624 9627 9630 9633 9636 9639 9642 9645 9648 9651 9654 9657 9660 9663 9666 9669 9672 9675 9678 9681 9684 9687 9690 9693 9696 9699 9702 9705 9708 9711 9714 9717 9720 9723 9726 9729 9732 9735 9738 9741 9744 9747 9750 9753 9756 9759 9762 9765 9768 9771 9774 9777 9780 9783 9786 9789 9792 9795 9798 9801 9804 9807 9810 9813 9816 9819 9822 9825 9828 9831 9834 9837 9840 9843 9846 9849 9852 9855 9858 9861 9864 9867 9870 9873 9876 9879 9882 9885 9888 9891 9894 9897 9900 9903 9906 9909 9912 9915 9918 9921 9924 9927 9930 9933 9936 9939 9942 9945 9948 9951 9954 9957 9960 9963 9966 9969 9972 9975 9978 9981 9984 9987 9990 9993 9996 9999 10002 10005 10008 10011 10014 10017 10020 10023 10026 10029 10032 10035 10038 10041 10044 10047 10050 10053 10056 10059 10062 10065 10068 10071 10074 10077 10080 10083 10086 10089 10092 10095 10098 10101 10104 10107 10110 10113 10116 10119 10122 10125 10128 10131 10134 10137 10140 10143 10146 10149 10152 10155 10158 10161 10164 10167 10170 10173 10176 10179 10182 10185 10188 10191 10194 10197 10200 10203 10206 10209 10212 10215 10218 10221 10224 10227 10230 10233 10236 10239 10242 10245 10248 10251 10254 10257 10260 10263 10266 10269 10272 10275 10278 10281 10284 10287 10290 10293 10296 10299 10302 10305 10308 10311 10314 10317 10320 10323 10326 10329 10332 10335 10338 10341 10344 10347 10350 10353 10356 10359 10362 10365 10368 10371 10374 10377 10380 10383 10386 10389 10392 10395 10398 10401 10404 10407 10410 10413 10416 10419 10422 10425 10428 10431 10434 10437 10440 10443 10446 10449 10452 10455 10458 10461 10464 10467 10470 10473 10476 10479 10482 10485 10488 10491 10494 10497 10500 10503 10506 10509 10512 10515 10518 10521 10524 10527 10530 10533 10536 10539 10542 10545 10548 10551 10554 10557 10560 10563 10566 10569 10572 10575 10578 10581 10584 10587 10590 10593 10596 10599 10602 10605 10608 10611 10614 10617 10620 10623 10626 10629 10632 10635 10638 10641 10644 10647 10650 10653 10656 10659 10662 10665 10668 10671 10674 10677 10680 10683 10686 10689 10692 10695 10698 10701 10704 10707 10710 10713 10716 10719 10722 10725 10728 10731 10734 10737 10740 10743 10746 10749 10752 10755 10758 10761 10764 10767 10770 10773 10776 10779 10782 10785 10788 10791 10794 10797 10800 10803 10806 10809 10812 10815 10818 10821 10824 10827 10830 10833 10836 10839 10842 10845 10848 10851 10854 10857 10860 10863 10866 10869 10872 10875 10878 10881 10884 10887 10890 10893 10896 10899 10902 10905 10908 10911 10914 10917 10920 10923 10926 10929 10932 10935 10938 10941 10944 10947 10950 10953 10956 10959 10962 10965 10968 10971 10974 10977 10980 10983 10986 10989 10992 10995 10998 11001 11004 11007 11010 11013 11016 11019 11022 11025 11028 11031 11034 11037 11040 11043 11046 11049 11052 11055 11058 11061 11064 11067 11070 11073 11076 11079 11082 11085 11088 11091 11094 11097 11100 11103 11106 11109 11112 11115 11118 11121 11124 11127 11130 11133 11136 11139 11142 11145 11148 11151 11154 11157 11160 11163 11166 11169 11172 11175 11178 11181 11184 11187 11190 11193 11196 11199 11202 11205 11208 11211 11214 11217 11220 11223 11226 11229 11232 11235 11238 11241 11244 11247 11250 11253 11256 11259 11262 11265 11268 11271 11274 11277 11280 11283 11286 11289 11292 11295 11298 11301 11304 11307 11310 11313 11316 11319 11322 11325 11328 11331 11334 11337 11340 11343 11346 11349 11352 11355 11358 11361 11364 11367 11370 11373 11376 11379 11382 11385 11388 11391 11394 11397 11400 11403 11406 11409 11412 11415 11418 11421 11424 11427 11430 11433 11436 11439 11442 11445 11448 11451 11454 11457 11460 11463 11466 11469 11472 11475 11478 11481 11484 11487 11490 11493 11496 11499 11502 11505 11508 11511 11514 11517 11520 11523 11526 11529 11532 11535 11538 11541 11544 11547 11550 11553 11556 11559 11562 11565 11568 11571 11574 11577 11580 11583 11586 11589 11592 11595 11598 11601 11604 11607 11610 11613 11616 11619 11622 11625 11628 11631 11634 11637 11640 11643 11646 11649 11652 11655 11658 11661 11664 11667 11670 11673 11676 11679 11682 11685 11688 11691 11694 11697 11700 11703 11706 11709 11712 11715 11718 11721 11724 11727 11730 11733 11736 11739 11742 11745 11748 11751 11754 11757 11760 11763 11766 11769 11772 11775 11778 11781 11784 11787 11790 11793 11796 11799 11802 11805 11808 11811 11814 11817 11820 11823 11826 11829 11832 11835 11838 11841 11844 11847 11850 11853 11856 11859 11862 11865 11868 11871 11874 11877 11880 11883 11886 11889 11892 11895 11898 11901 11904 11907 11910 11913 11916 11919 11922 11925 11928 11931 11934 11937 11940 11943 11946 11949 11952 11955 11958 11961 11964 11967 11970 11973 11976 11979 11982 11985 11988 11991 11994 11997 12000 12003 12006 12009 12012 12015 12018 12021 12024 12027 12030 12033 12036 12039 12042 12045 12048 12051 12054 12057 12060 12063 12066 12069 12072 12075 12078 12081 12084 12087 12090 12093 12096 12099 12102 12105 12108 12111 12114 12117 12120 12123 12126 12129 12132 12135 12138 12141 12144 12147 12150 12153 12156 12159 12162 12165 12168 12171 12174 12177 12180 12183 12186 12189 12192 12195 12198 12201 12204 12207 12210 12213 12216 12219 12222 12225 12228 12231 12234 12237 12240 12243 12246 12249 12252 12255 12258 12261 12264 12267 12270 12273 12276 12279 12282 12285 12288 12291 12294 12297 12300 12303 12306 12309 12312 12315 12318 12321 12324 12327 12330 12333 12336 12339 12342 12345 12348 12351 12354 12357 12360 12363 12366 12369 12372 12375 12378 12381 12384 12387 12390 12393 12396 12399 12402 12405 12408 12411 12414 12417 12420 12423 12426 12429 12432 12435 12438 12441 12444 12447 12450 12453 12456 12459 12462 12465 12468 12471 12474 12477 12480 12483 12486 12489 12492 12495 12498 12501 12504 12507 12510 12513 12516 12519 12522 12525 12528 12531 12534 12537 12540 12543 12546 12549 12552 12555 12558 12561 12564 12567 12570 12573 12576 12579 12582 12585 12588 12591 12594 12597 12600 12603 12606 12609 12612 12615 12618 12621 12624 12627 12630 12633 12636 12639 12642 12645 12648 12651 12654 12657 12660 12663 12666 12669 12672 12675 12678 12681 12684 12687 12690 12693 12696 12699 12702 12705 12708 12711 12714 12717 12720 12723 12726 12729 12732 12735 12738 12741 12744 12747 12750 12753 12756 12759 12762 12765 12768 12771 12774 12777 12780 12783 12786 12789 12792 12795 12798 12801 12804 12807 12810 12813 12816 12819 12822 12825 12828 12831 12834 12837 12840 12843 12846 12849 12852 12855 12858 12861 12864 12867 12870 12873 12876 12879 12882 12885 12888 12891 12894 12897 12900 12903 12906 12909 12912 12915 12918 12921 12924 12927 12930 12933 12936 12939 12942 12945 12948 12951 12954 12957 12960 12963 12966 12969 12972 12975 12978 12981 12984 12987 12990 12993 12996 12999 13002 13005 13008 13011 13014 13017 13020 13023 13026 13029 13032 13035 13038 13041 13044 13047 13050 13053 13056 13059 13062 13065 13068 13071 13074 13077 13080 13083 13086 13089 13092 13095 13098 13101 13104 13107 13110 13113 13116 13119 13122 13125 13128 13131 13134 13137 13140 13143 13146 13149 13152 13155 13158 13161 13164 13167 13170 13173 13176 13179 13182 13185 13188 13191 13194 13197 13200 13203 13206 13209 13212 13215 13218 13221 13224 13227 13230 13233 13236 13239 13242 13245 13248 13251 13254 13257 13260 13263 13266 13269 13272 13275 13278 13281 13284 13287 13290 13293 13296 13299 13302 13305 13308 13311 13314 13317 13320 13323 13326 13329 13332 13335 13338 13341 13344 13347 13350 13353 13356 13359 13362 13365 13368 13371 13374 13377 13380 13383 13386 13389 13392 13395 13398 13401 13404 13407 13410 13413 13416 13419 13422 13425 13428 13431 13434 13437 13440 13443 13446 13449 13452 13455 13458 13461 13464 13467 13470 13473 13476 13479 13482 13485 13488 13491 13494 13497 13500 13503 13506 13509 13512 13515 13518 13521 13524 13527 13530 13533 13536 13539 13542 13545 13548 13551 13554 13557 13560 13563 13566 13569 13572 13575 13578 13581 13584 13587 13590 13593 13596 13599 13602 13605 13608 13611 13614 13617 13620 13623 13626 13629 13632 13635 13638 13641 13644 13647 13650 13653 13656 13659 13662 13665 13668 13671 13674 13677 13680 13683 13686 13689 13692 13695 13698 13701 13704 13707 13710 13713 13716 13719 13722 13725 13728 13731 13734 13737 13740 13743 13746 13749 13752 13755 13758 13761 13764 13767 13770 13773 13776 13779 13782 13785 13788 13791 13794 13797 13800 13803 13806 13809 13812 13815 13818 13821 13824 13827 13830 13833 13836 13839 13842 13845 13848 13851 13854 13857 13860 13863 13866 13869 13872 13875 13878 13881 13884 13887 13890 13893 13896 13899 13902 13905 13908 13911 13914 13917 13920 13923 13926 13929 13932 13935 13938 13941 13944 13947 13950 13953 13956 13959 13962 13965 13968 13971 13974 13977 13980 13983 13986 13989 13992 13995 13998 14001 14004 14007 14010 14013 14016 14019 14022 14025 14028 14031 14034 14037 14040 14043 14046 14049 14052 14055 14058 14061 14064 14067 14070 14073 14076 14079 14082 14085 14088 14091 14094 14097 14100 14103 14106 14109 14112 14115 14118 14121 14124 14127 14130 14133 14136 14139 14142 14145 14148 14151 14154 14157 14160 14163 14166 14169 14172 14175 14178 14181 14184 14187 14190 14193 14196 14199 14202 14205 14208 14211 14214 14217 14220 14223 14226 14229 14232 14235 14238 14241 14244 14247 14250 14253 14256 14259 14262 14265 14268 14271 14274 14277 14280 14283 14286 14289 14292 14295 14298 14301 14304 14307 14310 14313 14316 14319 14322 14325 14328 14331 14334 14337 14340 14343 14346 14349 14352 14355 14358 14361 14364 14367 14370 14373 14376 14379 14382 14385 14388 14391 14394 14397 14400 14403 14406 14409 14412 14415 14418 14421 14424 14427 14430 14433 14436 14439 14442 14445 14448 14451 14454 14457 14460 14463 14466 14469 14472 14475 14478 14481 14484 14487 14490 14493 14496 14499 14502 14505 14508 14511 14514 14517 14520 14523 14526 14529 14532 14535 14538 14541 14544 14547 14550 14553 14556 14559 14562 14565 14568 14571 14574 14577 14580 14583 14586 14589 14592 14595 14598 14601 14604 14607 14610 14613 14616 14619 14622 14625 14628 14631 14634 14637 14640 14643 14646 14649 14652 14655 14658 14661 14664 14667 14670 14673 14676 14679 14682 14685 14688 14691 14694 14697 14700 14703 14706 14709 14712 14715 14718 14721 14724 14727 14730 14733 14736 14739 14742 14745 14748 14751 14754 14757 14760 14763 14766 14769 14772 14775 14778 14781 14784 14787 14790 14793 14796 14799 14802 14805 14808 14811 14814 14817 14820 14823 14826 14829 14832 14835 14838 14841 14844 14847 14850 14853 14856 14859 14862 14865 14868 14871 14874 14877 14880 14883 14886 14889 14892 14895 14898 14901 14904 14907 14910 14913 14916 14919 14922 14925 14928 14931 14934 14937 14940 14943 14946 14949 14952 14955 14958 14961 14964 14967 14970 14973 14976 14979 14982 14985 14988 14991 14994 14997 15000 15003 15006 15009 15012 15015 15018 15021 15024 15027 15030 15033 15036 15039 15042 15045 15048 15051 15054 15057 15060 15063 15066 15069 15072 15075 15078 15081 15084 15087 15090 15093 15096 15099 15102 15105 15108 15111 15114 15117 15120 15123 15126 15129 15132 15135 15138 15141 15144 15147 15150 15153 15156 15159 15162 15165 15168 15171 15174 15177 15180 15183 15186 15189 15192 15195 15198 15201 15204 15207 15210 15213 15216 15219 15222 15225 15228 15231 15234 15237 15240 15243 15246 15249 15252 15255 15258 15261 15264 15267 15270 15273 15276 15279 15282 15285 15288 15291 15294 15297 15300 15303 15306 15309 15312 15315 15318 15321 15324 15327 15330 15333 15336 15339 15342 15345 15348 15351 15354 15357 15360 15363 15366 15369 15372 15375 15378 15381 15384 15387 15390 15393 15396 15399 15402 15405 15408 15411 15414 15417 15420 15423 15426 15429 15432 15435 15438 15441 15444 15447 15450 15453 15456 15459 15462 15465 15468 15471 15474 15477 15480 15483 15486 15489 15492 15495 15498 15501 15504 15507 15510 15513 15516 15519 15522 15525 15528 15531 15534 15537 15540 15543 15546 15549 15552 15555 15558 15561 15564 15567 15570 15573 15576 15579 15582 15585 15588 15591 15594 15597 15600 15603 15606 15609 15612 15615 15618 15621 15624 15627 15630 15633 15636 15639 15642 15645 15648 15651 15654 15657 15660 15663 15666 15669 15672 15675 15678 15681 15684 15687 15690 15693 15696 15699 15702 15705 15708 15711 15714 15717 15720 15723 15726 15729 15732 15735 15738 15741 15744 15747 15750 15753 15756 15759 15762 15765 15768 15771 15774 15777 15780 15783 15786 15789 15792 15795 15798 15801 15804 15807 15810 15813 15816 15819 15822 15825 15828 15831 15834 15837 15840 15843 15846 15849 15852 15855 15858 15861 15864 15867 15870 15873 15876 15879 15882 15885 15888 15891 15894 15897 15900 15903 15906 15909 15912 15915 15918 15921 15924 15927 15930 15933 15936 15939 15942 15945 15948 15951 15954 15957 15960 15963 15966 15969 15972 15975 15978 15981 15984 15987 15990 15993 15996 15999 16002 16005 16008 16011 16014 16017 16020 16023 16026 16029 16032 16035 16038 16041 16044 16047 16050 16053 16056 16059 16062 16065 16068 16071 16074 16077 16080 16083 16086 16089 16092 16095 16098 16101 16104 16107 16110 16113 16116 16119 16122 16125 16128 16131 16134 16137 16140 16143 16146 16149 16152 16155 16158 16161 16164 16167 16170 16173 16176 16179 16182 16185 16188 16191 16194 16197 16200 16203 16206 16209 16212 16215 16218 16221 16224 16227 16230 16233 16236 16239 16242 16245 16248 16251 16254 16257 16260 16263 16266 16269 16272 16275 16278 16281 16284 16287 16290 16293 16296 16299 16302 16305 16308 16311 16314 16317 16320 16323 16326 16329 16332 16335 16338 16341 16344 16347 16350 16353 16356 16359 16362 16365 16368 16371 16374 16377 16380 16383 16386 16389 16392 16395 16398 16401 16404 16407 16410 16413 16416 16419 16422 16425 16428 16431 16434 16437 16440 16443 16446 16449 16452 16455 16458 16461 16464 16467 16470 16473 16476 16479 16482 16485 16488 16491 16494 16497 16500 16503 16506 16509 16512 16515 16518 16521 16524 16527 16530 16533 16536 16539 16542 16545 16548 16551 16554 16557 16560 16563 16566 16569 16572 16575 16578 16581 16584 16587 16590 16593 16596 16599 16602 16605 16608 16611 16614 16617 16620 16623 16626 16629 16632 16635 16638 16641 16644 16647 16650 16653 16656 16659 16662 16665 16668 16671 16674 16677 16680 16683 16686 16689 16692 16695 16698 16701 16704 16707 16710 16713 16716 16719 16722 16725 16728 16731 16734 16737 16740 16743 16746 16749 16752 16755 16758 16761 16764 16767 16770 16773 16776 16779 16782 16785 16788 16791 16794 16797 16800 16803 16806 16809 16812 16815 16818 16821 16824 16827 16830 16833 16836 16839 16842 16845 16848 16851 16854 16857 16860 16863 16866 16869 16872 16875 16878 16881 16884 16887 16890 16893 16896 16899 16902 16905 16908 16911 16914 16917 16920 16923 16926 16929 16932 16935 16938 16941 16944 16947 16950 16953 16956 16959 16962 16965 16968 16971 16974 16977 16980 16983 16986 16989 16992 16995 16998 17001 17004 17007 17010 17013 17016 17019 17022 17025 17028 17031 17034 17037 17040 17043 17046 17049 17052 17055 17058 17061 17064 17067 17070 17073 17076 17079 17082 17085 17088 17091 17094 17097 17100 17103 17106 17109 17112 17115 17118 17121 17124 17127 17130 17133 17136 17139 17142 17145 17148 17151 17154 17157 17160 17163 17166 17169 17172 17175 17178 17181 17184 17187 17190 17193 17196 17199 17202 17205 17208 17211 17214 17217 17220 17223 17226 17229 17232 17235 17238 17241 17244 17247 17250 17253 17256 17259 17262 17265 17268 17271 17274 17277 17280 17283 17286 17289 17292 17295 17298 17301 17304 17307 17310 17313 17316 17319 17322 17325 17328 17331 17334 17337 17340 17343 17346 17349 17352 17355 17358 17361 17364 17367 17370 17373 17376 17379 17382 17385 17388 17391 17394 17397 17400 17403 17406 17409 17412 17415 17418 17421 17424 17427 17430 17433 17436 17439 17442 17445 17448 17451 17454 17457 17460 17463 17466 17469 17472 17475 17478 17481 17484 17487 17490 17493 17496 17499 17502 17505 17508 17511 17514 17517 17520 17523 17526 17529 17532 17535 17538 17541 17544 17547 17550 17553 17556 17559 17562 17565 17568 17571 17574 17577 17580 17583 17586 17589 17592 17595 17598 17601 17604 17607 17610 17613 17616 17619 17622 17625 17628 17631 17634 17637 17640 17643 17646 17649 17652 17655 17658 17661 17664 17667 17670 17673 17676 17679 17682 17685 17688 17691 17694 17697 17700 17703 17706 17709 17712 17715 17718 17721 17724 17727 17730 17733 17736 17739 17742 17745 17748 17751 17754 17757 17760 17763 17766 17769 17772 17775 17778 17781 17784 17787 17790 17793 17796 17799 17802 17805 17808 17811 17814 17817 17820 17823 17826 17829 17832 17835 17838 17841 17844 17847 17850 17853 17856 17859 17862 17865 17868 17871 17874 17877 17880 17883 17886 17889 17892 17895 17898 17901 17904 17907 17910 17913 17916 17919 17922 17925 17928 17931 17934 17937 17940 17943 17946 17949 17952 17955 17958 17961 17964 17967 17970 17973 17976 17979 17982 17985 17988 17991 17994 17997 18000 18003 18006 18009 18012 18015 18018 18021 18024 18027 18030 18033 18036 18039 18042 18045 18048 18051 18054 18057 18060 18063 18066 18069 18072 18075 18078 18081 18084 18087 18090 18093 18096 18099 18102 18105 18108 18111 18114 18117 18120 18123 18126 18129 18132 18135 18138 18141 18144 18147 18150 18153 18156 18159 18162 18165 18168 18171 18174 18177 18180 18183 18186 18189 18192 18195 18198 18201 18204 18207 18210 18213 18216 18219 18222 18225 18228 18231 18234 18237 18240 18243 18246 18249 18252 18255 18258 18261 18264 18267 18270 18273 18276 18279 18282 18285 18288 18291 18294 18297 18300 18303 18306 18309 18312 18315 18318 18321 18324 18327 18330 18333 18336 18339 18342 18345 18348 18351 18354 18357 18360 18363 18366 18369 18372 18375 18378 18381 18384 18387 18390 18393 18396 18399 18402 18405 18408 18411 18414 18417 18420 18423 18426 18429 18432 18435 18438 18441 18444 18447 18450 18453 18456 18459 18462 18465 18468 18471 18474 18477 18480 18483 18486 18489 18492 18495 18498 18501 18504 18507 18510 18513 18516 18519 18522 18525 18528 18531 18534 18537 18540 18543 18546 18549 18552 18555 18558 18561 18564 18567 18570 18573 18576 18579 18582 18585 18588 18591 18594 18597 18600 18603 18606 18609 18612 18615 18618 18621 18624 18627 18630 18633 18636 18639 18642 18645 18648 18651 18654 18657 18660 18663 18666 18669 18672 18675 18678 18681 18684 18687 18690 18693 18696 18699 18702 18705 18708 18711 18714 18717 18720 18723 18726 18729 18732 18735 18738 18741 18744 18747 18750 18753 18756 18759 18762 18765 18768 18771 18774 18777 18780 18783 18786 18789 18792 18795 18798 18801 18804 18807 18810 18813 18816 18819 18822 18825 18828 18831 18834 18837 18840 18843 18846 18849 18852 18855 18858 18861 18864 18867 18870 18873 18876 18879 18882 18885 18888 18891 18894 18897 18900 18903 18906 18909 18912 18915 18918 18921 18924 18927 18930 18933 18936 18939 18942 18945 18948 18951 18954 18957 18960 18963 18966 18969 18972 18975 18978 18981 18984 18987 18990 18993 18996 18999 19002 19005 19008 19011 19014 19017 19020 19023 19026 19029 19032 19035 19038 19041 19044 19047 19050 19053 19056 19059 19062 19065 19068 19071 19074 19077 19080 19083 19086 19089 19092 19095 19098 19101 19104 19107 19110 19113 19116 19119 19122 19125 19128 19131 19134 19137 19140 19143 19146 19149 19152 19155 19158 19161 19164 19167 19170 19173 19176 19179 19182 19185 19188 19191 19194 19197 19200 19203 19206 19209 19212 19215 19218 19221 19224 19227 19230 19233 19236 19239 19242 19245 19248 19251 19254 19257 19260 19263 19266 19269 19272 19275 19278 19281 19284 19287 19290 19293 19296 19299 19302 19305 19308 19311 19314 19317 19320 19323 19326 19329 19332 19335 19338 19341 19344 19347 19350 19353 19356 19359 19362 19365 19368 19371 19374 19377 19380 19383 19386 19389 19392 19395 19398 19401 19404 19407 19410 19413 19416 19419 19422 19425 19428 19431 19434 19437 19440 19443 19446 19449 19452 19455 19458 19461 19464 19467 19470 19473 19476 19479 19482 19485 19488 19491 19494 19497 19500 19503 19506 19509 19512 19515 19518 19521 19524 19527 19530 19533 19536 19539 19542 19545 19548 19551 19554 19557 19560 19563 19566 19569 19572 19575 19578 19581 19584 19587 19590 19593 19596 19599 19602 19605 19608 19611 19614 19617 19620 19623 19626 19629 19632 19635 19638 19641 19644 19647 19650 19653 19656 19659 19662 19665 19668 19671 19674 19677 19680 19683 19686 19689 19692 19695 19698 19701 19704 19707 19710 19713 19716 19719 19722 19725 19728 19731 19734 19737 19740 19743 19746 19749 19752 19755 19758 19761 19764 19767 19770 19773 19776 19779 19782 19785 19788 19791 19794 19797 19800 19803 19806 19809 19812 19815 19818 19821 19824 19827 19830 19833 19836 19839 19842 19845 19848 19851 19854 19857 19860 19863 19866 19869 19872 19875 19878 19881 19884 19887 19890 19893 19896 19899 19902 19905 19908 19911 19914 19917 19920 19923 19926 19929 19932 19935 19938 19941 19944 19947 19950 19953 19956 19959 19962 19965 19968 19971 19974 19977 19980 19983 19986 19989 19992 19995 19998 20001 20004 20007 20010 20013 20016 20019 20022 20025 20028 20031 20034 20037 20040 20043 20046 20049 20052 20055 20058 20061 20064 20067 20070 20073 20076 20079 20082 20085 20088 20091 20094 20097 20100 20103 20106 20109 20112 20115 20118 20121 20124 20127 20130 20133 20136 20139 20142 20145 20148 20151 20154 20157 20160 20163 20166 20169 20172 20175 20178 20181 20184 20187 20190 20193 20196 20199 20202 20205 20208 20211 20214 20217 20220 20223 20226 20229 20232 20235 20238 20241 20244 20247 20250 20253 20256 20259 20262 20265 20268 20271 20274 20277 20280 20283 20286 20289 20292 20295 20298 20301 20304 20307 20310 20313 20316 20319 20322 20325 20328 20331 20334 20337 20340 20343 20346 20349 20352 20355 20358 20361 20364 20367 20370 20373 20376 20379 20382 20385 20388 20391 20394 20397 20400 20403 20406 20409 20412 20415 20418 20421 20424 20427 20430 20433 20436 20439 20442 20445 20448 20451 20454 20457 20460 20463 20466 20469 20472 20475 20478 20481 20484 20487 20490 20493 20496 20499 20502 20505 20508 20511 20514 20517 20520 20523 20526 20529 20532 20535 20538 20541 20544 20547 20550 20553 20556 20559 20562 20565 20568 20571 20574 20577 20580 20583 20586 20589 20592 20595 20598 20601 20604 20607 20610 20613 20616 20619 20622 20625 20628 20631 20634 20637 20640 20643 20646 20649 20652 20655 20658 20661 20664 20667 20670 20673 20676 20679 20682 20685 20688 20691 20694 20697 20700 20703 20706 20709 20712 20715 20718 20721 20724 20727 20730 20733 20736 20739 20742 20745 20748 20751 20754 20757 20760 20763 20766 20769 20772 20775 20778 20781 20784 20787 20790 20793 20796 20799 20802 20805 20808 20811 20814 20817 20820 20823 20826 20829 20832 20835 20838 20841 20844 20847 20850 20853 20856 20859 20862 20865 20868 20871 20874 20877 20880 20883 20886 20889 20892 20895 20898 20901 20904 20907 20910 20913 20916 20919 20922 20925 20928 20931 20934 20937 20940 20943 20946 20949 20952 20955 20958 20961 20964 20967 20970 20973 20976 20979 20982 20985 20988 20991 20994 20997 21000 21003 21006 21009 21012 21015 21018 21021 21024 21027 21030 21033 21036 21039 21042 21045 21048 21051 21054 21057 21060 21063 21066 21069 21072 21075 21078 21081 21084 21087 21090 21093 21096 21099 21102 21105 21108 21111 21114 21117 21120 21123 21126 21129 21132 21135 21138 21141 21144 21147 21150 21153 21156 21159 21162 21165 21168 21171 21174 21177 21180 21183 21186 21189 21192 21195 21198 21201 21204 21207 21210 21213 21216 21219 21222 21225 21228 21231 21234 21237 21240 21243 21246 21249 21252 21255 21258 21261 21264 21267 21270 21273 21276 21279 21282 21285 21288 21291 21294 21297 21300 21303 21306 21309 21312 21315 21318 21321 21324 21327 21330 21333 21336 21339 21342 21345 21348 21351 21354 21357 21360 21363 21366 21369 21372 21375 21378 21381 21384 21387 21390 21393 21396 21399 21402 21405 21408 21411 21414 21417 21420 21423 21426 21429 21432 21435 21438 21441 21444 21447 21450 21453 21456 21459 21462 21465 21468 21471 21474 21477 21480 21483 21486 21489 21492 21495 21498 21501 21504 21507 21510 21513 21516 21519 21522 21525 21528 21531 21534 21537 21540 21543 21546 21549 21552 21555 21558 21561 21564 21567 21570 21573 21576 21579 21582 21585 21588 21591 21594 21597 21600 21603 21606 21609 21612 21615 21618 21621 21624 21627 21630 21633 21636 21639 21642 21645 21648 21651 21654 21657 21660 21663 21666 21669 21672 21675 21678 21681 21684 21687 21690 21693 21696 21699 21702 21705 21708 21711 21714 21717 21720 21723 21726 21729 21732 21735 21738 21741 21744 21747 21750 21753 21756 21759 21762 21765 21768 21771 21774 21777 21780 21783 21786 21789 21792 21795 21798 21801 21804 21807 21810 21813 21816 21819 21822 21825 21828 21831 21834 21837 21840 21843 21846 21849 21852 21855 21858 21861 21864 21867 21870 21873 21876 21879 21882 21885 21888 21891 21894 21897 21900 21903 21906 21909 21912 21915 21918 21921 21924 21927 21930 21933 21936 21939 21942 21945 21948 21951 21954 21957 21960 21963 21966 21969 21972 21975 21978 21981 21984 21987 21990 21993 21996 21999 22002 22005 22008 22011 22014 22017 22020 22023 22026 22029 22032 22035 22038 22041 22044 22047 22050 22053 22056 22059 22062 22065 22068 22071 22074 22077 22080 22083 22086 22089 22092 22095 22098 22101 22104 22107 22110 22113 22116 22119 22122 22125 22128 22131 22134 22137 22140 22143 22146 22149 22152 22155 22158 22161 22164 22167 22170 22173 22176 22179 22182 22185 22188 22191 22194 22197 22200 22203 22206 22209 22212 22215 22218 22221 22224 22227 22230 22233 22236 22239 22242 22245 22248 22251 22254 22257 22260 22263 22266 22269 22272 22275 22278 22281 22284 22287 22290 22293 22296 22299 22302 22305 22308 22311 22314 22317 22320 22323 22326 22329 22332 22335 22338 22341 22344 22347 22350 22353 22356 22359 22362 22365 22368 22371 22374 22377 22380 22383 22386 22389 22392 22395 22398 22401 22404 22407 22410 22413 22416 22419 22422 22425 22428 22431 22434 22437 22440 22443 22446 22449 22452 22455 22458 22461 22464 22467 22470 22473 22476 22479 22482 22485 22488 22491 22494 22497 22500 22503 22506 22509 22512 22515 22518 22521 22524 22527 22530 22533 22536 22539 22542 22545 22548 22551 22554 22557 22560 22563 22566 22569 22572 22575 22578 22581 22584 22587 22590 22593 22596 22599 22602 22605 22608 22611 22614 22617 22620 22623 22626 22629 22632 22635 22638 22641 22644 22647 22650 22653 22656 22659 22662 22665 22668 22671 22674 22677 22680 22683 22686 22689 22692 22695 22698 22701 22704 22707 22710 22713 22716 22719 22722 22725 22728 22731 22734 22737 22740 22743 22746 22749 22752 22755 22758 22761 22764 22767 22770 22773 22776 22779 22782 22785 22788 22791 22794 22797 22800 22803 22806 22809 22812 22815 22818 22821 22824 22827 22830 22833 22836 22839 22842 22845 22848 22851 22854 22857 22860 22863 22866 22869 22872 22875 22878 22881 22884 22887 22890 22893 22896 22899 22902 22905 22908 22911 22914 22917 22920 22923 22926 22929 22932 22935 22938 22941 22944 22947 22950 22953 22956 22959 22962 22965 22968 22971 22974 22977 22980 22983 22986 22989 22992 22995 22998 23001 23004 23007 23010 23013 23016 23019 23022 23025 23028 23031 23034 23037 23040 23043 23046 23049 23052 23055 23058 23061 23064 23067 23070 23073 23076 23079 23082 23085 23088 23091 23094 23097 23100 23103 23106 23109 23112 23115 23118 23121 23124 23127 23130 23133 23136 23139 23142 23145 23148 23151 23154 23157 23160 23163 23166 23169 23172 23175 23178 23181 23184 23187 23190 23193 23196 23199 23202 23205 23208 23211 23214 23217 23220 23223 23226 23229 23232 23235 23238 23241 23244 23247 23250 23253 23256 23259 23262 23265 23268 23271 23274 23277 23280 23283 23286 23289 23292 23295 23298 23301 23304 23307 23310 23313 23316 23319 23322 23325 23328 23331 23334 23337 23340 23343 23346 23349 23352 23355 23358 23361 23364 23367 23370 23373 23376 23379 23382 23385 23388 23391 23394 23397 23400 23403 23406 23409 23412 23415 23418 23421 23424 23427 23430 23433 23436 23439 23442 23445 23448 23451 23454 23457 23460 23463 23466 23469 23472 23475 23478 23481 23484 23487 23490 23493 23496 23499 23502 23505 23508 23511 23514 23517 23520 23523 23526 23529 23532 23535 23538 23541 23544 23547 23550 23553 23556 23559 23562 23565 23568 23571 23574 23577 23580 23583 23586 23589 23592 23595 23598 23601 23604 23607 23610 23613 23616 23619 23622 23625 23628 23631 23634 23637 23640 23643 23646 23649 23652 23655 23658 23661 23664 23667 23670 23673 23676 23679 23682 23685 23688 23691 23694 23697 23700 23703 23706 23709 23712 23715 23718 23721 23724 23727 23730 23733 23736 23739 23742 23745 23748 23751 23754 23757 23760 23763 23766 23769 23772 23775 23778 23781 23784 23787 23790 23793 23796 23799 23802 23805 23808 23811 23814 23817 23820 23823 23826 23829 23832 23835 23838 23841 23844 23847 23850 23853 23856 23859 23862 23865 23868 23871 23874 23877 23880 23883 23886 23889 23892 23895 23898 23901 23904 23907 23910 23913 23916 23919 23922 23925 23928 23931 23934 23937 23940 23943 23946 23949 23952 23955 23958 23961 23964 23967 23970 23973 23976 23979 23982 23985 23988 23991 23994 23997 24000 24003 24006 24009 24012 24015 24018 24021 24024 24027 24030 24033 24036 24039 24042 24045 24048 24051 24054 24057 24060 24063 24066 24069 24072 24075 24078 24081 24084 24087 24090 24093 24096 24099 24102 24105 24108 24111 24114 24117 24120 24123 24126 24129 24132 24135 24138 24141 24144 24147 24150 24153 24156 24159 24162 24165 24168 24171 24174 24177 24180 24183 24186 24189 24192 24195 24198 24201 24204 24207 24210 24213 24216 24219 24222 24225 24228 24231 24234 24237 24240 24243 24246 24249 24252 24255 24258 24261 24264 24267 24270 24273 24276 24279 24282 24285 24288 24291 24294 24297 24300 24303 24306 24309 24312 24315 24318 </DataArray>
<DataArray  type="UInt8"  Name="types"  format="ascii">5 5 5 5 5 5 5 5 5 5 5 5 5 5 5 5 5 5 5 5 5 5 5 5 5 5 5 5 5 5 5 5 5 5 5 5 5 5 5 5 5 5 5 5 5 5 5 5 5 5 5 5 5 5 5 5 5 5 5 5 5 5 5 5 5 5 5 5 5 5 5 5 5 5 5 5 5 5 5 5 5 5 5 5 5 5 5 5 5 5 5 5 5 5 5 5 5 5 5 5 5 5 5 5 5 5 5 5 5 5 5 5 5 5 5 5 5 5 5 5 5 5 5 5 5 5 5 5 5 5 5 5 5 5 5 5 5 5 5 5 5 5 5 5 5 5 5 5 5 5 5 5 5 5 5 5 5 5 5 5 5 5 5 5 5 5 5 5 5 5 5 5 5 5 5 5 5 5 5 5 5 5 5 5 5 5 5 5 5 5 5 5 5 5 5 5 5 5 5 5 5 5 5 5 5 5 5 5 5 5 5 5 5 5 5 5 5 5 5 5 5 5 5 5 5 5 5 5 5 5 5 5 5 5 5 5 5 5 5 5 5 5 5 5 5 5 5 5 5 5 5 5 5 5 5 5 5 5 5 5 5 5 5 5 5 5 5 5 5 5 5 5 5 5 5 5 5 5 5 5 5 5 5 5 5 5 5 5 5 5 5 5 5 5 5 5 5 5 5 5 5 5 5 5 5 5 5 5 5 5 5 5 5 5 5 5 5 5 5 5 5 5 5 5 5 5 5 5 5 5 5 5 5 5 5 5 5 5 5 5 5 5 5 5 5 5 5 5 5 5 5 5 5 5 5 5 5 5 5 5 5 5 5 5 5 5 5 5 5 5 5 5 5 5 5 5 5 5 5 5 5 5 5 5 5 5 5 5 5 5 5 5 5 5 5 5 5 5 5 5 5 5 5 5 5 5 5 5 5 5 5 5 5 5 5 5 5 5 5 5 5 5 5 5 5 5 5 5 5 5 5 5 5 5 5 5 5 5 5 5 5 5 5 5 5 5 5 5 5 5 5 5 5 5 5 5 5 5 5 5 5 5 5 5 5 5 5 5 5 5 5 5 5 5 5 5 5 5 5 5 5 5 5 5 5 5 5 5 5 5 5 5 5 5 5 5 5 5 5 5 5 5 5 5 5 5 5 5 5 5 5 5 5 5 5 5 5 5 5 5 5 5 5 5 5 5 5 5 5 5 5 5 5 5 5 5 5 5 5 5 5 5 5 5 5 5 5 5 5 5 5 5 5 5 5 5 5 5 5 5 5 5 5 5 5 5 5 5 5 5 5 5 5 5 5 5 5 5 5 5 5 5 5 5 5 5 5 5 5 5 5 5 5 5 5 5 5 5 5 5 5 5 5 5 5 5 5 5 5 5 5 5 5 5 5 5 5 5 5 5 5 5 5 5 5 5 5 5 5 5 5 5 5 5 5 5 5 5 5 5 5 5 5 5 5 5 5 5 5 5 5 5 5 5 5 5 5 5 5 5 5 5 5 5 5 5 5 5 5 5 5 5 5 5 5 5 5 5 5 5 5 5 5 5 5 5 5 5 5 5 5 5 5 5 5 5 5 5 5 5 5 5 5 5 5 5 5 5 5 5 5 5 5 5 5 5 5 5 5 5 5 5 5 5 5 5 5 5 5 5 5 5 5 5 5 5 5 5 5 5 5 5 5 5 5 5 5 5 5 5 5 5 5 5 5 5 5 5 5 5 5 5 5 5 5 5 5 5 5 5 5 5 5 5 5 5 5 5 5 5 5 5 5 5 5 5 5 5 5 5 5 5 5 5 5 5 5 5 5 5 5 5 5 5 5 5 5 5 5 5 5 5 5 5 5 5 5 5 5 5 5 5 5 5 5 5 5 5 5 5 5 5 5 5 5 5 5 5 5 5 5 5 5 5 5 5 5 5 5 5 5 5 5 5 5 5 5 5 5 5 5 5 5 5 5 5 5 5 5 5 5 5 5 5 5 5 5 5 5 5 5 5 5 5 5 5 5 5 5 5 5 5 5 5 5 5 5 5 5 5 5 5 5 5 5 5 5 5 5 5 5 5 5 5 5 5 5 5 5 5 5 5 5 5 5 5 5 5 5 5 5 5 5 5 5 5 5 5 5 5 5 5 5 5 5 5 5 5 5 5 5 5 5 5 5 5 5 5 5 5 5 5 5 5 5 5 5 5 5 5 5 5 5 5 5 5 5 5 5 5 5 5 5 5 5 5 5 5 5 5 5 5 5 5 5 5 5 5 5 5 5 5 5 5 5 5 5 5 5 5 5 5 5 5 5 5 5 5 5 5 5 5 5 5 5 5 5 5 5 5 5 5 5 5 5 5 5 5 5 5 5 5 5 5 5 5 5 5 5 5 5 5 5 5 5 5 5 5 5 5 5 5 5 5 5 5 5 5 5 5 5 5 5 5 5 5 5 5 5 5 5 5 5 5 5 5 5 5 5 5 5 5 5 5 5 5 5 5 5 5 5 5 5 5 5 5 5 5 5 5 5 5 5 5 5 5 5 5 5 5 5 5 5 5 5 5 5 5 5 5 5 5 5 5 5 5 5 5 5 5 5 5 5 5 5 5 5 5 5 5 5 5 5 5 5 5 5 5 5 5 5 5 5 5 5 5 5 5 5 5 5 5 5 5 5 5 5 5 5 5 5 5 5 5 5 5 5 5 5 5 5 5 5 5 5 5 5 5 5 5 5 5 5 5 5 5 5 5 5 5 5 5 5 5 5 5 5 5 5 5 5 5 5 5 5 5 5 5 5 5 5 5 5 5 5 5 5 5 5 5 5 5 5 5 5 5 5 5 5 5 5 5 5 5 5 5 5 5 5 5 5 5 5 5 5 5 5 5 5 5 5 5 5 5 5 5 5 5 5 5 5 5 5 5 5 5 5 5 5 5 5 5 5 5 5 5 5 5 5 5 5 5 5 5 5 5 5 5 5 5 5 5 5 5 5 5 5 5 5 5 5 5 5 5 5 5 5 5 5 5 5 5 5 5 5 5 5 5 5 5 5 5 5 5 5 5 5 5 5 5 5 5 5 5 5 5 5 5 5 5 5 5 5 5 5 5 5 5 5 5 5 5 5 5 5 5 5 5 5 5 5 5 5 5 5 5 5 5 5 5 5 5 5 5 5 5 5 5 5 5 5 5 5 5 5 5 5 5 5 5 5 5 5 5 5 5 5 5 5 5 5 5 5 5 5 5 5 5 5 5 5 5 5 5 5 5 5 5 5 5 5 5 5 5 5 5 5 5 5 5 5 5 5 5 5 5 5 5 5 5 5 5 5 5 5 5 5 5 5 5 5 5 5 5 5 5 5 5 5 5 5 5 5 5 5 5 5 5 5 5 5 5 5 5 5 5 5 5 5 5 5 5 5 5 5 5 5 5 5 5 5 5 5 5 5 5 5 5 5 5 5 5 5 5 5 5 5 5 5 5 5 5 5 5 5 5 5 5 5 5 5 5 5 5 5 5 5 5 5 5 5 5 5 5 5 5 5 5 5 5 5 5 5 5 5 5 5 5 5 5 5 5 5 5 5 5 5 5 5 5 5 5 5 5 5 5 5 5 5 5 5 5 5 5 5 5 5 5 5 5 5 5 5 5 5 5 5 5 5 5 5 5 5 5 5 5 5 5 5 5 5 5 5 5 5 5 5 5 5 5 5 5 5 5 5 5 5 5 5 5 5 5 5 5 5 5 5 5 5 5 5 5 5 5 5 5 5 5 5 5 5 5 5 5 5 5 5 5 5 5 5 5 5 5 5 5 5 5 5 5 5 5 5 5 5 5 5 5 5 5 5 5 5 5 5 5 5 5 5 5 5 5 5 5 5 5 5 5 5 5 5 5 5 5 5 5 5 5 5 5 5 5 5 5 5 5 5 5 5 5 5 5 5 5 5 5 5 5 5 5 5 5 5 5 5 5 5 5 5 5 5 5 5 5 5 5 5 5 5 5 5 5 5 5 5 5 5 5 5 5 5 5 5 5 5 5 5 5 5 5 5 5 5 5 5 5 5 5 5 5 5 5 5 5 5 5 5 5 5 5 5 5 5 5 5 5 5 5 5 5 5 5 5 5 5 5 5 5 5 5 5 5 5 5 5 5 5 5 5 5 5 5 5 5 5 5 5 5 5 5 5 5 5 5 5 5 5 5 5 5 5 5 5 5 5 5 5 5 5 5 5 5 5 5 5 5 5 5 5 5 5 5 5 5 5 5 5 5 5 5 5 5 5 5 5 5 5 5 5 5 5 5 5 5 5 5 5 5 5 5 5 5 5 5 5 5 5 5 5 5 5 5 5 5 5 5 5 5 5 5 5 5 5 5 5 5 5 5 5 5 5 5 5 5 5 5 5 5 5 5 5 5 5 5 5 5 5 5 5 5 5 5 5 5 5 5 5 5 5 5 5 5 5 5 5 5 5 5 5 5 5 5 5 5 5 5 5 5 5 5 5 5 5 5 5 5 5 5 5 5 5 5 5 5 5 5 5 5 5 5 5 5 5 5 5 5 5 5 5 5 5 5 5 5 5 5 5 5 5 5 5 5 5 5 5 5 5 5 5 5 5 5 5 5 5 5 5 5 5 5 5 5 5 5 5 5 5 5 5 5 5 5 5 5 5 5 5 5 5 5 5 5 5 5 5 5 5 5 5 5 5 5 5 5 5 5 5 5 5 5 5 5 5 5 5 5 5 5 5 5 5 5 5 5 5 5 5 5 5 5 5 5 5 5 5 5 5 5 5 5 5 5 5 5 5 5 5 5 5 5 5 5 5 5 5 5 5 5 5 5 5 5 5 5 5 5 5 5 5 5 5 5 5 5 5 5 5 5 5 5 5 5 5 5 5 5 5 5 5 5 5 5 5 5 5 5 5 5 5 5 5 5 5 5 5 5 5 5 5 5 5 5 5 5 5 5 5 5 5 5 5 5 5 5 5 5 5 5 5 5 5 5 5 5 5 5 5 5 5 5 5 5 5 5 5 5 5 5 5 5 5 5 5 5 5 5 5 5 5 5 5 5 5 5 5 5 5 5 5 5 5 5 5 5 5 5 5 5 5 5 5 5 5 5 5 5 5 5 5 5 5 5 5 5 5 5 5 5 5 5 5 5 5 5 5 5 5 5 5 5 5 5 5 5 5 5 5 5 5 5 5 5 5 5 5 5 5 5 5 5 5 5 5 5 5 5 5 5 5 5 5 5 5 5 5 5 5 5 5 5 5 5 5 5 5 5 5 5 5 5 5 5 5 5 5 5 5 5 5 5 5 5 5 5 5 5 5 5 5 5 5 5 5 5 5 5 5 5 5 5 5 5 5 5 5 5 5 5 5 5 5 5 5 5 5 5 5 5 5 5 5 5 5 5 5 5 5 5 5 5 5 5 5 5 5 5 5 5 5 5 5 5 5 5 5 5 5 5 5 5 5 5 5 5 5 5 5 5 5 5 5 5 5 5 5 5 5 5 5 5 5 5 5 5 5 5 5 5 5 5 5 5 5 5 5 5 5 5 5 5 5 5 5 5 5 5 5 5 5 5 5 5 5 5 5 5 5 5 5 5 5 5 5 5 5 5 5 5 5 5 5 5 5 5 5 5 5 5 5 5 5 5 5 5 5 5 5 5 5 5 5 5 5 5 5 5 5 5 5 5 5 5 5 5 5 5 5 5 5 5 5 5 5 5 5 5 5 5 5 5 5 5 5 5 5 5 5 5 5 5 5 5 5 5 5 5 5 5 5 5 5 5 5 5 5 5 5 5 5 5 5 5 5 5 5 5 5 5 5 5 5 5 5 5 5 5 5 5 5 5 5 5 5 5 5 5 5 5 5 5 5 5 5 5 5 5 5 5 5 5 5 5 5 5 5 5 5 5 5 5 5 5 5 5 5 5 5 5 5 5 5 5 5 5 5 5 5 5 5 5 5 5 5 5 5 5 5 5 5 5 5 5 5 5 5 5 5 5 5 5 5 5 5 5 5 5 5 5 5 5 5 5 5 5 5 5 5 5 5 5 5 5 5 5 5 5 5 5 5 5 5 5 5 5 5 5 5 5 5 5 5 5 5 5 5 5 5 5 5 5 5 5 5 5 5 5 5 5 5 5 5 5 5 5 5 5 5 5 5 5 5 5 5 5 5 5 5 5 5 5 5 5 5 5 5 5 5 5 5 5 5 5 5 5 5 5 5 5 5 5 5 5 5 5 5 5 5 5 5 5 5 5 5 5 5 5 5 5 5 5 5 5 5 5 5 5 5 5 5 5 5 5 5 5 5 5 5 5 5 5 5 5 5 5 5 5 5 5 5 5 5 5 5 5 5 5 5 5 5 5 5 5 5 5 5 5 5 5 5 5 5 5 5 5 5 5 5 5 5 5 5 5 5 5 5 5 5 5 5 5 5 5 5 5 5 5 5 5 5 5 5 5 5 5 5 5 5 5 5 5 5 5 5 5 5 5 5 5 5 5 5 5 5 5 5 5 5 5 5 5 5 5 5 5 5 5 5 5 5 5 5 5 5 5 5 5 5 5 5 5 5 5 5 5 5 5 5 5 5 5 5 5 5 5 5 5 5 5 5 5 5 5 5 5 5 5 5 5 5 5 5 5 5 5 5 5 5 5 5 5 5 5 5 5 5 5 5 5 5 5 5 5 5 5 5 5 5 5 5 5 5 5 5 5 5 5 5 5 5 5 5 5 5 5 5 5 5 5 5 5 5 5 5 5 5 5 5 5 5 5 5 5 5 5 5 5 5 5 5 5 5 5 5 5 5 5 5 5 5 5 5 5 5 5 5 5 5 5 5 5 5 5 5 5 5 5 5 5 5 5 5 5 5 5 5 5 5 5 5 5 5 5 5 5 5 5 5 5 5 5 5 5 5 5 5 5 5 5 5 5 5 5 5 5 5 5 5 5 5 5 5 5 5 5 5 5 5 5 5 5 5 5 5 5 5 5 5 5 5 5 5 5 5 5 5 5 5 5 5 5 5 5 5 5 5 5 5 5 5 5 5 5 5 5 5 5 5 5 5 5 5 5 5 5 5 5 5 5 5 5 5 5 5 5 5 5 5 5 5 5 5 5 5 5 5 5 5 5 5 5 5 5 5 5 5 5 5 5 5 5 5 5 5 5 5 5 5 5 5 5 5 5 5 5 5 5 5 5 5 5 5 5 5 5 5 5 5 5 5 5 5 5 5 5 5 5 5 5 5 5 5 5 5 5 5 5 5 5 5 5 5 5 5 5 5 5 5 5 5 5 5 5 5 5 5 5 5 5 5 5 5 5 5 5 5 5 5 5 5 5 5 5 5 5 5 5 5 5 5 5 5 5 5 5 5 5 5 5 5 5 5 5 5 5 5 5 5 5 5 5 5 5 5 5 5 5 5 5 5 5 5 5 5 5 5 5 5 5 5 5 5 5 5 5 5 5 5 5 5 5 5 5 5 5 5 5 5 5 5 5 5 5 5 5 5 5 5 5 5 5 5 5 5 5 5 5 5 5 5 5 5 5 5 5 5 5 5 5 5 5 5 5 5 5 5 5 5 5 5 5 5 5 5 5 5 5 5 5 5 5 5 5 5 5 5 5 5 5 5 5 5 5 5 5 5 5 5 5 5 5 5 5 5 5 5 5 5 5 5 5 5 5 5 5 5 5 5 5 5 5 5 5 5 5 5 5 5 5 5 5 5 5 5 5 5 5 5 5 5 5 5 5 5 5 5 5 5 5 5 5 5 5 5 5 5 5 5 5 5 5 5 5 5 5 5 5 5 5 5 5 5 5 5 5 5 5 5 5 5 5 5 5 5 5 5 5 5 5 5 5 5 5 5 5 5 5 5 5 5 5 5 5 5 5 5 5 5 5 5 5 5 5 5 5 5 5 5 5 5 5 5 5 5 5 5 5 5 5 5 5 5 5 5 5 5 5 5 5 5 5 5 5 5 5 5 5 5 5 5 5 5 5 5 5 5 5 5 5 5 5 5 5 5 5 5 5 5 5 5 5 5 5 5 5 5 5 5 5 5 5 5 5 5 5 5 5 5 5 5 5 5 5 5 5 5 5 5 5 5 5 5 5 5 5 5 5 5 5 5 5 5 5 5 5 5 5 5 5 5 5 5 5 5 5 5 5 5 5 5 5 5 5 5 5 5 5 5 5 5 5 5 5 5 5 5 5 5 5 5 5 5 5 5 5 5 5 5 5 5 5 5 5 5 5 5 5 5 5 5 5 5 5 5 5 5 5 5 5 5 5 5 5 5 5 5 5 5 5 5 5 5 5 5 5 5 5 5 5 5 5 5 5 5 5 5 5 5 5 5 5 5 5 5 5 5 5 5 5 5 5 5 5 5 5 5 5 5 5 5 5 5 5 5 5 5 5 5 5 5 5 5 5 5 5 5 5 5 5 5 5 5 5 5 5 5 5 5 5 5 5 5 5 5 5 5 5 5 5 5 5 5 5 5 5 5 5 5 5 5 5 5 5 5 5 5 5 5 5 5 5 5 5 5 5 5 5 5 5 5 5 5 5 5 5 5 5 5 5 5 5 5 5 5 5 5 5 5 5 5 5 5 5 5 5 5 5 5 5 5 5 5 5 5 5 5 5 5 5 5 5 5 5 5 5 5 5 5 5 5 5 5 5 5 5 5 5 5 5 5 5 5 5 5 5 5 5 5 5 5 5 5 5 5 5 5 5 5 5 5 5 5 5 5 5 5 5 5 5 5 5 5 5 5 5 5 5 5 5 5 5 5 5 5 5 5 5 5 5 5 5 5 5 5 5 5 5 5 5 5 5 5 5 5 5 5 5 5 5 5 5 5 5 5 5 5 5 5 5 5 5 5 5 5 5 5 5 5 5 5 5 5 5 5 5 5 5 5 5 5 5 5 5 5 5 5 5 5 5 5 5 5 5 5 5 5 5 5 5 5 5 5 5 5 5 5 5 5 5 5 5 5 5 5 5 5 5 5 5 5 5 5 5 5 5 5 5 5 5 5 5 5 5 5 5 5 5 5 5 5 5 5 5 5 5 5 5 5 5 5 5 5 5 5 5 5 5 5 5 5 5 5 5 5 5 5 5 5 5 5 5 5 5 5 5 5 5 5 5 5 5 5 5 5 5 5 5 5 5 5 5 5 5 5 5 5 5 5 5 5 5 5 5 5 5 5 5 5 5 5 5 5 5 5 5 5 5 5 5 5 5 5 5 5 5 5 5 5 5 5 5 5 5 5 5 5 5 5 5 5 5 5 5 5 5 5 5 5 5 5 5 5 5 5 5 5 5 5 5 5 5 5 5 5 5 5 5 5 5 5 5 5 5 5 5 5 5 5 5 5 5 5 5 5 5 5 5 5 5 5 5 5 5 5 5 5 5 5 5 5 5 5 5 5 5 5 5 5 5 5 5 5 5 5 5 5 5 5 5 5 5 5 5 5 5 5 5 5 5 5 5 5 5 5 5 5 5 5 5 5 5 5 5 5 5 5 5 5 5 5 5 5 5 5 5 5 5 5 5 5 5 5 5 5 5 5 5 5 5 5 5 5 5 5 5 5 5 5 5 5 5 5 5 5 5 5 5 5 5 5 5 5 5 5 5 5 5 5 5 5 5 5 5 5 5 5 5 5 5 5 5 5 5 5 5 5 5 5 5 5 5 5 5 5 5 5 5 5 5 5 5 5 5 5 5 5 5 5 5 5 5 5 5 5 5 5 5 5 5 5 5 5 5 5 5 5 5 5 5 5 5 5 5 5 5 5 5 5 5 5 5 5 5 5 5 5 5 5 5 5 5 5 5 5 5 5 5 5 5 5 5 5 5 5 5 5 5 5 5 5 5 5 5 5 5 5 5 5 5 5 5 5 5 5 5 5 5 5 5 5 5 5 5 5 5 5 5 5 5 5 5 5 5 5 5 5 5 5 5 5 5 5 5 5 5 5 5 5 5 5 5 5 5 5 5 5 5 5 5 5 5 5 5 5 5 5 5 5 5 5 5 5 5 5 5 5 5 5 5 5 5 5 5 5 5 5 5 5 5 5 5 5 5 5 5 5 5 5 5 5 5 5 5 5 5 5 5 5 5 5 5 5 5 5 5 5 5 5 5 5 5 5 5 5 5 5 5 5 5 5 5 5 5 5 5 5 5 5 5 5 5 5 5 5 5 5 5 5 5 5 5 5 5 5 5 5 5 5 5 5 5 5 5 5 5 5 5 5 5 5 5 5 5 5 5 5 5 5 5 5 5 5 5 5 5 5 5 5 5 5 5 5 5 5 5 5 5 5 5 5 5 5 5 5 5 5 5 5 5 5 5 5 5 5 5 5 5 5 5 5 5 5 5 5 5 5 5 5 5 5 5 5 5 5 5 5 5 5 5 5 5 5 5 5 5 5 5 5 5 5 5 5 5 5 5 5 5 5 5 5 5 5 5 5 5 5 5 5 5 5 5 5 5 5 5 5 5 5 5 5 5 5 5 5 5 5 5 5 5 5 5 5 5 5 5 5 5 5 5 5 5 5 5 5 5 5 5 5 5 5 5 5 5 5 5 5 5 5 5 5 5 5 5 5 5 5 5 5 5 5 5 5 5 5 5 5 5 5 5 5 5 5 5 5 5 5 5 5 5 5 5 5 5 5 5 5 5 5 5 5 5 5 5 5 5 5 5 5 5 5 5 5 5 5 5 5 5 5 5 5 5 5 5 5 5 5 5 5 5 5 5 5 5 5 5 5 5 5 5 5 5 5 5 5 5 5 5 5 5 5 5 5 5 5 5 5 5 5 5 5 5 5 5 5 5 5 5 5 5 5 5 5 5 5 5 5 5 5 5 5 5 5 5 5 5 5 5 5 5 5 5 5 5 5 5 5 5 5 5 5 5 5 5 5 5 5 5 5 5 5 5 5 5 5 5 5 5 5 5 5 5 5 5 5 5 5 5 5 5 5 5 5 5 5 5 5 5 5 5 5 5 5 5 5 5 5 5 5 5 5 5 5 5 5 5 5 5 5 5 5 5 5 5 5 5 5 5 5 5 5 5 5 5 5 5 5 5 5 5 5 5 5 5 5 5 5 5 5 5 5 5 5 5 5 5 5 5 5 5 5 5 5 5 5 5 5 5 5 5 5 5 5 5 5 5 5 5 5 5 5 5 5 5 5 5 5 5 5 5 5 5 5 5 5 5 5 5 5 5 5 5 5 5 5 5 5 5 5 5 5 5 5 5 5 5 5 5 5 5 5 5 5 5 5 5 5 5 5 5 5 5 5 5 5 5 5 5 5 5 5 5 5 5 5 5 5 5 5 5 5 5 5 5 5 5 5 5 5 5 5 5 5 5 5 5 5 5 5 5 5 5 5 5 5 5 5 5 5 5 5 5 5 5 5 5 5 5 5 5 5 5 5 5 5 5 5 5 5 5 5 5 5 5 5 5 5 5 5 5 5 5 5 5 5 5 5 5 5 5 5 5 5 5 5 5 5 5 5 5 5 5 5 5 5 5 5 5 5 5 5 5 5 5 5 5 5 5 5 5 5 5 5 5 5 5 5 5 5 5 5 5 5 5 5 5 5 5 5 5 5 5 5 5 5 5 5 5 5 5 5 5 5 5 5 5 5 5 5 5 5 5 5 5 5 5 5 5 5 5 5 5 5 5 5 5 5 5 5 5 5 5 5 5 5 5 5 5 5 5 5 5 5 5 5 5 5 5 5 5 5 5 5 5 5 5 5 5 5 5 5 5 5 5 5 5 5 5 5 5 5 5 5 5 5 5 5 5 5 5 5 5 5 5 5 5 5 5 5 5 5 5 5 5 5 5 5 5 5 5 5 5 5 5 5 5 5 5 5 5 5 5 5 5 5 5 5 5 5 5 5 5 5 5 5 5 5 5 5 5 5 5 5 5 5 5 5 5 5 5 5 5 5 5 5 5 5 5 5 5 5 5 5 5 5 5 5 5 5 5 5 5 5 5 5 5 5 5 5 5 5 5 5 5 5 5 5 5 5 5 5 5 5 5 5 5 5 5 5 5 5 5 5 5 5 5 5 5 5 5 5 5 5 5 5 5 5 5 5 5 5 5 5 5 5 5 5 5 5 5 5 5 5 5 5 5 5 5 5 5 5 5 5 5 5 5 5 5 5 5 5 5 5 5 5 5 5 5 5 5 5 5 5 5 5 5 5 5 5 5 5 5 5 5 5 5 5 5 5 5 5 5 5 5 5 5 5 5 5 5 5 5 5 5 5 5 5 5 5 5 5 5 5 5 5 5 5 5 5 5 5 5 5 5 5 5 5 5 5 5 5 5 5 5 5 5 5 5 5 5 5 5 5 5 5 5 5 5 5 5 5 5 5 5 5 5 5 5 5 5 5 5 5 5 5 5 5 5 5 5 5 5 5 5 5 5 5 5 5 5 5 5 5 5 5 5 5 5 5 5 5 5 5 5 5 5 5 5 5 5 5 5 5 5 5 5 5 5 5 5 5 5 5 5 5 5 5 5 5 5 5 5 5 5 5 5 5 5 5 5 5 5 5 5 5 5 5 5 5 5 5 5 5 5 5 5 5 5 5 5 5 5 5 5 5 5 5 5 5 5 5 5 5 5 5 5 5 5 5 5 5 5 5 5 5 5 5 5 5 5 5 5 5 5 5 5 5 5 5 5 5 5 5 5 5 5 5 5 5 5 5 5 5 5 5 5 5 5 5 5 5 5 5 5 5 5 5 5 5 5 5 5 5 5 5 5 5 5 5 5 5 5 5 5 5 5 5 5 5 5 5 5 5 5 5 5 5 5 5 5 5 5 5 5 5 5 5 5 5 5 5 5 5 5 5 5 5 5 5 5 5 5 5 5 5 5 5 5 5 5 5 5 5 5 5 5 5 5 5 5 5 5 5 5 5 5 5 5 5 5 5 5 5 5 5 5 5 5 5 5 5 5 5 5 5 5 5 5 5 5 5 5 5 5 5 5 5 5 5 5 5 5 5 5 5 5 5 5 5 5 5 5 5 5 5 5 5 5 5 5 5 5 5 5 5 5 5 5 5 5 5 5 5 5 5 5 5 5 5 5 5 5 5 5 5 5 5 5 5 5 5 5 5 5 5 5 5 5 5 5 5 5 5 5 5 5 5 5 5 5 5 5 5 5 5 5 5 5 5 5 5 5 5 5 5 5 5 5 5 5 5 5 5 5 5 5 5 5 5 5 5 5 5 5 5 5 5 5 5 5 5 5 5 5 5 5 5 5 5 5 5 5 5 5 5 5 5 5 5 5 5 5 5 5 5 5 5 5 5 5 5 5 5 5 5 5 5 5 5 5 5 5 5 5 5 5 5 5 5 5 5 5 5 5 5 5 5 5 5 5 5 5 5 5 5 5 5 5 5 5 5 5 5 5 5 5 5 5 5 5 5 5 5 5 5 5 5 5 5 5 5 5 5 5 5 5 5 5 5 5 5 5 5 5 5 5 5 5 5 5 5 5 5 5 5 5 5 5 5 5 5 5 5 5 5 5 5 5 5 5 5 5 5 5 5 5 5 5 5 5 5 5 5 5 5 5 5 5 5 5 5 5 5 5 5 5 5 5 5 5 5 5 5 5 5 5 5 5 5 5 5 5 5 5 5 5 5 5 5 5 5 5 5 5 5 5 5 5 5 5 5 5 5 5 5 5 5 5 5 5 5 5 5 5 5 5 5 5 5 5 5 5 5 5 5 5 5 5 5 5 5 5 5 5 5 5 5 5 5 5 5 5 5 5 5 5 5 5 5 5 5 5 5 5 5 5 5 5 5 5 5 5 5 5 5 5 5 5 5 5 5 5 5 5 5 5 5 5 5 5 5 5 5 5 5 5 5 5 5 5 5 5 5 5 5 5 5 5 5 5 5 5 5 5 5 5 5 5 5 5 5 5 5 5 5 5 5 5 5 5 5 5 5 5 5 5 5 5 5 5 5 5 5 5 5 5 5 5 5 5 5 5 5 5 5 5 5 5 5 5 5 5 5 5 5 5 5 5 5 5 5 5 5 5 5 5 5 5 5 5 5 5 5 5 5 5 5 5 5 5 5 5 5 5 5 5 5 5 5 5 5 5 5 5 5 5 5 5 5 5 5 5 5 5 5 5 5 5 5 5 5 5 5 5 5 5 5 5 5 5 5 5 5 5 5 5 5 5 5 5 5 5 5 5 5 5 5 5 5 5 5 5 5 5 5 5 5 5 5 5 5 5 5 5 5 5 5 5 5 5 5 5 5 5 5 5 5 5 5 5 5 5 5 5 5 5 5 5 5 5 5 5 5 5 5 5 5 5 5 5 5 5 5 5 5 5 5 5 5 5 5 5 5 5 5 5 5 5 5 5 5 5 5 5 5 5 5 5 5 5 5 5 5 5 5 5 5 5 5 5 5 5 5 5 5 5 5 5 5 5 5 5 5 5 5 5 5 5 5 5 5 5 5 5 5 5 5 5 5 5 5 5 5 5 5 5 5 5 5 5 5 5 5 5 5 5 5 5 5 5 5 5 5 5 5 5 5 5 5 5 5 5 5 5 5 5 5 5 5 5 5 5 5 5 5 5 5 5 5 5 5 5 5 5 5 5 5 5 5 5 5 5 5 5 5 5 5 5 5 5 5 5 5 5 5 5 5 5 5 5 5 5 5 5 5 5 5 5 5 5 5 5 5 5 5 5 5 5 5 5 5 5 5 5 5 5 5 5 5 5 5 5 5 5 5 5 5 5 5 5 5 5 5 5 5 5 5 5 5 5 5 5 5 5 5 5 5 5 5 5 5 5 5 5 5 5 5 5 5 5 5 5 5 5 5 5 5 5 5 5 5 5 5 5 5 5 5 5 5 5 5 5 5 5 5 5 5 5 5 5 5 5 5 5 5 5 5 5 5 5 5 5 5 5 5 5 5 5 5 5 5 5 5 5 5 5 5 5 5 5 5 5 5 5 5 5 5 5 5 5 5 5 5 5 5 5 5 5 5 5 5 5 5 5 5 5 5 5 5 5 5 5 5 5 5 5 5 5 5 5 5 5 5 5 5 5 5 5 5 5 5 5 5 5 5 5 5 5 5 5 5 5 5 5 5 5 5 5 5 5 5 5 5 5 5 5 5 5 5 5 5 5 5 5 5 5 5 5 5 5 5 5 5 5 5 5 5 5 5 5 5 5 5 5 5 5 5 5 5 5 5 5 5 5 5 5 5 5 5 5 5 5 5 5 5 5 5 5 5 5 5 5 5 5 5 5 5 5 5 5 5 5 5 5 5 5 5 5 5 5 5 5 5 5 5 5 5 5 5 5 5 5 5 5 5 5 5 5 5 5 5 5 5 5 5 5 5 5 5 5 5 5 5 5 5 5 5 5 5 5 5 5 5 5 5 5 5 5 5 5 5 5 5 5 5 5 5 5 5 5 5 5 5 5 5 5 5 5 5 5 5 5 5 5 5 5 5 5 5 5 5 5 5 5 5 5 5 5 5 5 5 5 5 5 5 5 5 5 5 5 5 5 5 5 5 5 5 5 5 5 5 5 5 5 5 5 5 5 5 5 5 5 5 5 5 5 5 5 5 5 5 5 5 5 5 5 5 5 5 5 5 5 5 5 5 5 5 5 5 5 5 5 5 5 5 5 5 5 5 5 5 5 5 5 5 5 5 5 5 5 5 5 5 5 5 5 5 5 5 5 5 5 5 5 5 5 5 5 5 5 5 5 5 5 5 5 5 5 5 5 5 5 5 5 5 5 5 5 5 5 5 5 5 5 5 5 5 5 5 5 5 5 5 5 5 5 5 5 5 5 5 5 5 5 5 5 5 5 5 5 5 5 5 5 5 5 5 5 5 5 5 5 5 5 5 5 5 5 5 5 5 5 5 5 5 5 5 5 5 5 5 5 5 5 5 5 5 5 5 5 5 5 5 5 5 5 5 5 5 5 5 5 5 5 5 5 5 5 5 5 5 5 5 5 5 5 5 5 5 5 5 5 5 5 5 5 5 5 5 5 5 5 5 5 5 5 5 5 5 5 5 5 5 5 5 5 5 5 5 5 5 5 5 5 5 5 5 5 5 5 5 5 5 5 5 5 5 5 5 5 5 5 5 5 5 5 5 5 5 5 5 5 5 5 5 5 5 5 5 5 5 5 5 5 5 5 5 5 5 5 5 5 5 5 5 5 5 5 5 5 5 5 5 5 5 5 5 5 5 5 5 5 5 5 5 5 5 5 5 5 5 5 5 5 5 5 5 5 5 5 5 5 5 5 5 5 5 5 5 5 5 5 5 5 5 5 5 5 5 5 5 5 5 5 5 5 5 5 5 5 5 5 5 5 5 5 5 5 5 5 5 5 5 5 5 5 5 5 5 5 5 5 5 5 5 5 5 5 5 5 5 5 5 5 5 5 5 5 5 5 5 5 5 5 5 5 5 5 5 5 5 5 5 5 5 5 5 5 5 5 5 5 5 5 5 5 5 5 5 5 5 5 5 5 5 5 5 5 5 5 5 5 5 5 5 5 5 5 5 5 5 5 5 5 5 5 5 5 5 5 5 5 5 5 5 5 5 5 5 5 5 5 5 5 5 5 5 5 5 5 5 5 5 5 5 5 5 5 5 5 5 5 5 5 5 5 5 5 5 5 5 5 5 5 5 5 5 5 5 5 5 5 5 5 5 5 5 5 5 5 5 5 5 5 5 5 5 5 5 5 5 5 5 5 5 5 5 5 5 5 5 5 5 5 5 5 5 5 5 5 5 5 5 5 5 5 5 5 5 5 5 5 5 5 5 5 5 5 5 5 5 5 5 5 5 5 5 5 5 5 5 5 5 5 5 5 5 5 5 5 5 5 5 5 5 5 5 5 5 5 5 5 5 5 5 5 5 5 5 5 5 5 5 5 5 5 5 5 5 5 5 5 5 5 5 5 5 5 5 5 5 5 5 5 5 5 5 5 5 5 5 5 5 5 5 5 5 5 5 5 5 5 5 5 5 5 5 5 5 5 5 5 5 5 5 5 5 5 5 5 5 5 5 5 5 5 5 5 5 5 5 5 5 5 5 5 5 5 5 5 5 5 5 5 5 5 5 5 5 5 5 5 5 5 5 5 5 5 5 5 5 5 5 5 5 5 5 5 5 5 5 5 5 5 5 5 5 5 5 5 5 5 5 5 5 5 5 5 5 5 5 5 5 5 5 5 5 5 5 5 5 5 5 5 5 5 5 5 5 5 5 5 5 5 5 5 5 5 5 5 5 5 5 5 5 5 5 5 5 5 5 5 5 5 5 5 5 5 5 5 5 5 5 5 5 5 5 5 5 5 5 5 5 5 5 5 5 5 5 5 5 5 5 5 5 5 5 5 5 5 5 5 5 5 5 5 5 5 5 5 5 5 5 5 5 5 5 5 5 5 5 5 5 5 5 5 5 5 5 5 5 5 5 5 5 5 5 5 5 5 5 5 5 5 5 5 5 5 5 5 5 5 5 5 5 5 5 5 5 5 5 5 5 5 5 5 5 5 5 5 5 5 5 5 5 5 5 5 5 5 5 5 5 5 5 5 5 5 5 5 5 5 5 5 5 5 5 5 5 5 5 5 5 5 5 5 5 5 5 5 5 5 5 5 5 5 5 5 5 5 5 5 5 5 5 5 5 5 5 5 5 5 5 5 5 5 5 5 5 5 5 5 5 5 5 5 5 5 5 5 5 5 5 5 5 5 5 5 5 5 5 5 5 5 5 5 5 5 5 5 5 5 5 5 5 5 5 5 5 5 5 5 5 5 5 5 5 5 5 5 5 5 5 5 5 5 5 5 5 5 5 5 5 5 5 5 5 5 5 5 5 5 5 5 5 5 5 5 5 5 5 5 5 5 5 5 5 5 5 5 5 5 5 5 5 5 5 5 5 5 5 5 5 5 5 5 5 5 5 5 5 5 5 5 5 5 5 5 5 5 5 5 5 5 5 5 5 5 5 5 5 5 5 5 5 5 5 5 5 5 5 5 5 5 5 5 5 5 5 5 5 5 5 5 5 5 5 5 5 5 5 5 5 5 5 5 5 5 5 5 5 5 5 5 5 5 5 5 5 5 5 5 5 5 5 5 5 5 5 5 5 5 5 5 5 5 5 5 5 5 5 5 5 5 5 5 5 5 5 5 5 5 5 5 5 5 5 5 5 5 5 5 5 5 5 5 5 5 5 5 5 5 5 5 5 5 5 5 5 5 5 5 5 5 5 5 5 5 5 5 5 5 5 5 5 5 5 5 5 5 5 5 5 5 5 5 5 5 5 5 5 5 5 5 5 5 5 5 </DataArray>
</Cells>
<PointData  Scalars="f_293489"> 
<DataArray  type="Float64"  Name="f_293489"  format="ascii">0.0000000000000000e+00  0.0000000000000000e+00  0.0000000000000000e+00  0.0000000000000000e+00  5.8056306117538682e-02  3.2127972636690216e-01  2.0136040770042307e-01  1.6236866091932525e-01  1.5922199998035599e-01  -3.3086384825880721e-02  -8.7043730650320755e-02  -1.2811018151885843e-02  -7.5190724297979411e-03  2.1413774155530155e-01  -5.5710533172003592e-02  -8.9389185307588576e-02  2.7076194066100408e-02  3.9747509506358088e-02  1.6880935256406945e-01  2.7079756726805948e-01  2.2061104325716382e-01  0.0000000000000000e+00  0.0000000000000000e+00  2.0132694977573265e-01  1.7504312233746508e-01  0.0000000000000000e+00  0.0000000000000000e+00  0.0000000000000000e+00  0.0000000000000000e+00  2.3903407674249047e-02  2.7045817328087900e-03  0.0000000000000000e+00  0.0000000000000000e+00  -3.7577442912865274e-03  1.7456527075386903e-03  0.0000000000000000e+00  0.0000000000000000e+00  0.0000000000000000e+00  0.0000000000000000e+00  0.0000000000000000e+00  0.0000000000000000e+00  0.0000000000000000e+00  0.0000000000000000e+00  7.5812430057368887e-04  3.0505396024674957e-03  -3.2700622385944299e-04  0.0000000000000000e+00  2.0860882356586400e-02  0.0000000000000000e+00  0.0000000000000000e+00  -1.6284437260674794e-03  3.2908229557133635e-02  0.0000000000000000e+00  -4.9424990525844060e-03  -5.7156103627256354e-03  -9.8540605303771732e-04  -2.9735644557364366e-03  -6.4480552262772585e-04  9.2568099955889444e-04  -2.1071911869686613e-02  0.0000000000000000e+00  0.0000000000000000e+00  0.0000000000000000e+00  -3.3708999014164527e-02  1.4560176781984016e-01  0.0000000000000000e+00  0.0000000000000000e+00  0.0000000000000000e+00  -1.2137474022716579e-02  2.3743519409611931e-04  9.7582761594179543e-02  -2.0637110161077721e-02  1.6555373308957724e-01  1.6159192591284124e-01  2.5070653405762623e-02  0.0000000000000000e+00  0.0000000000000000e+00  -2.1978605665667530e-02  2.8052788043299654e-02  -1.1856412228393493e-03  -9.4510439383555800e-03  9.0832346408224948e-03  -1.7621686999296830e-02  -2.9450063016905580e-03  -3.1817671611169412e-04  2.7615590069896070e-02  0.0000000000000000e+00  8.7666332313232655e-03  -1.8547539888959449e-02  -4.4095377108059781e-03  6.1137543425987234e-02  1.7284668054136414e-02  -3.0696694681025199e-04  -7.4068980272961778e-03  -3.7764731315651089e-05  5.5191791029839017e-03  0.0000000000000000e+00  -2.6515926806008243e-03  2.4885231752480525e-03  0.0000000000000000e+00  0.0000000000000000e+00  0.0000000000000000e+00  0.0000000000000000e+00  0.0000000000000000e+00  0.0000000000000000e+00  -6.7960303254899108e-03  3.7640953608996904e-04  -3.5136009882852600e-03  -4.3084753415085445e-03  -1.6451774870280024e-03  7.1272571262981435e-03  1.6289116844004210e-02  -3.3872250646056745e-04  0.0000000000000000e+00  0.0000000000000000e+00  8.9332754847553986e-02  1.0292387398029275e-04  1.4191426284769514e-02  -4.4851767663505876e-03  -6.0856901629280803e-04  1.0581611845925406e-03  -1.0522466796111155e-04  -7.3666376033353802e-04  -5.4959482068624740e-04  -1.3031409911974836e-03  3.7410896934001649e-05  2.8139715124903581e-03  -1.1323845824725701e-03  8.9604009904707457e-03  -3.2454049974439351e-03  -7.5845317367935665e-03  -1.0820264382056075e-04  -9.6721365094799127e-03  0.0000000000000000e+00  -1.6824399724468792e-04  1.9095212171890629e-03  -8.8886492538396301e-03  -1.6106621689833945e-03  0.0000000000000000e+00  0.0000000000000000e+00  0.0000000000000000e+00  0.0000000000000000e+00  0.0000000000000000e+00  -3.2925589819813483e-03  1.2907406590181178e-02  -1.0152477204476094e-02  -9.8801892686006072e-04  -1.7546925785211381e-03  -3.5824645884965493e-03  -1.4768665702683341e-02  -1.2921338252488666e-03  -5.4430021110005915e-04  1.1332179959535683e-03  -6.3630768741889387e-03  6.8490783301367528e-03  -5.0018181499916752e-03  -1.6846062567400218e-03  6.4582565093606770e-02  6.9972522753347930e-03  -2.3527917273813336e-04  -2.9168586363281470e-04  4.1038022816241540e-02  1.3684250550649544e-02  -2.2356338325811380e-03  -3.6977227283976736e-04  0.0000000000000000e+00  -9.8154779518773699e-03  -1.8040904151280141e-02  -4.4775611558358942e-02  -8.5043900516239908e-04  2.3276514071137934e-02  1.9948235023567427e-02  -4.8865871497133603e-02  3.1466910695156801e-02  -1.5858868466336280e-02  -1.6419290628816785e-03  0.0000000000000000e+00  -1.0829092828525462e-02  5.7412075022177239e-03  1.8434365918617746e-01  -6.2313423369621517e-03  1.9405211634378025e-03  3.4948686150301886e-04  -2.4562610259659147e-03  -2.8950305934732305e-02  -6.9203674045648029e-03  -6.0241806704320194e-03  0.0000000000000000e+00  -2.8555726220426810e-06  -4.0435809315775886e-04  -5.7691431921354057e-03  0.0000000000000000e+00  0.0000000000000000e+00  2.0636856072732963e-03  -4.6279032234388144e-03  7.6048142645827963e-03  0.0000000000000000e+00  -3.8365771456448643e-02  3.8120992212900828e-02  -2.7439890550443984e-02  -1.1903722247979208e-03  4.9212964792638416e-03  -8.7157040730806903e-03  0.0000000000000000e+00  6.2191895835852301e-02  2.4297092943326832e-03  3.6278747505393482e-03  1.1500144803994371e-02  3.0517460414324579e-03  -2.5299516745575779e-02  1.7932607367505957e-01  -3.7684213118927168e-02  0.0000000000000000e+00  -7.8387630468486503e-03  0.0000000000000000e+00  2.8967953490958310e-05  -4.3249784358707363e-04  5.2413807500579571e-03  2.7464625283720130e-02  1.5452478058857891e-02  1.7118716709798493e-01  7.4693774397253882e-03  2.9428393311689224e-02  1.1628463497050235e-02  -6.3183895694102178e-04  -8.0145001010331922e-04  -8.0979292953464349e-06  2.7998959594579629e-02  -3.9769233378959953e-03  0.0000000000000000e+00  1.5794619786335350e-04  -7.4971030036520420e-03  -3.0096042052084621e-02  -2.7340285348040633e-03  -2.6678286539926180e-03  4.0665883196868095e-03  1.7928766312159623e-02  1.6418667862690736e-01  -1.0549279370694534e-04  -2.3024150806390684e-02  1.6687219779165069e-01  -6.3176344482278853e-03  1.2551162288862866e-01  -1.8384942945553851e-03  1.0964180677623489e-02  3.2345674944779183e-02  -1.1821595149085474e-04  1.1166093434470253e-02  2.3254321516253713e-04  -3.3402190575250424e-04  -3.1109489500435306e-04  -1.0601425376300698e-04  -9.4107800277304323e-06  -3.7494930811255351e-03  0.0000000000000000e+00  -3.1767836282498456e-02  -9.4720168389512849e-03  -1.5953659379713597e-04  0.0000000000000000e+00  2.2517967110682605e-02  1.7184152918231782e-01  -6.6250122750092567e-04  -1.1793558907993999e-03  0.0000000000000000e+00  3.6816829782990077e-03  -1.0858625906191653e-02  -8.0791077623712307e-03  5.3043777124756946e-03  1.0614694014322928e-03  -5.0700447387148542e-03  -8.6208688657398221e-03  -1.1350471322378354e-02  9.3178693766534110e-03  1.7200799284240298e-01  -1.2189760108945442e-04  -1.8506126012711958e-02  2.1409897267540896e-02  3.3408536395913473e-03  -5.7619094383663519e-03  0.0000000000000000e+00  7.1558983181545330e-04  -2.8574874158326714e-03  -3.3758235290835686e-03  0.0000000000000000e+00  0.0000000000000000e+00  0.0000000000000000e+00  0.0000000000000000e+00  0.0000000000000000e+00  0.0000000000000000e+00  0.0000000000000000e+00  0.0000000000000000e+00  0.0000000000000000e+00  0.0000000000000000e+00  0.0000000000000000e+00  0.0000000000000000e+00  0.0000000000000000e+00  0.0000000000000000e+00  0.0000000000000000e+00  0.0000000000000000e+00  0.0000000000000000e+00  0.0000000000000000e+00  -2.1289723700449494e-03  8.3297614514969143e-02  -1.4007618801177265e-03  -7.1570355773140507e-03  -2.8106147693871182e-04  -5.7465781363876325e-03  1.1261726238801362e-01  -8.8184366565794460e-03  -3.3334034052560873e-03  -1.4543405443324657e-04  8.2213302986810567e-04  -3.5156258259525712e-03  -6.7970246679007768e-03  -2.8571881474147103e-04  -1.7217064307493889e-04  -7.3264345391309727e-04  5.5106591765319967e-03  -2.9842849608665421e-02  -1.9356308350374342e-04  3.8620204686205346e-03  1.1236813093816910e-04  1.5094358846917942e-02  2.6083935515943913e-03  3.8845108359750309e-02  -3.4801880384003361e-04  -1.9005167981720999e-03  6.8763936673928048e-03  2.3509213363343415e-02  -6.9889476225290015e-02  -1.2768511113936461e-02  -1.2243962890010162e-02  -2.9483331974552432e-03  -2.4595711627323686e-03  7.2088158825484687e-03  1.3954889838533915e-01  4.9758581290518612e-02  -7.1526748434340361e-04  -1.9628102128346391e-02  -3.9161307873890050e-03  4.7235575579428146e-02  1.0233594882429390e-06  -1.0918858327429703e-02  -4.3028850610741000e-03  -3.8120833967793593e-03  -1.1729127561366640e-02  1.8181704507202251e-01  1.8938137988855862e-02  6.1688910182492790e-03  7.4525103868855443e-03  0.0000000000000000e+00  0.0000000000000000e+00  0.0000000000000000e+00  -3.5038885289534813e-04  -3.7711244595986049e-04  -2.9459461649250247e-02  8.4961401138162327e-07  9.3465061015340686e-03  -1.0461294239895657e-03  1.7942896090357405e-02  7.3481120424894214e-02  2.8323430205404693e-03  1.7846821377368985e-01  1.8083448550367165e-01  1.7270994896698663e-01  1.8576119561343746e-01  -1.3182689369664895e-03  -2.8297809558356670e-04  -3.1945419764819587e-04  -3.7587870468924894e-02  -1.5576436950939629e-03  -7.3303004161677404e-05  2.6596285180978824e-04  6.6838496646513075e-03  -1.0449202959825052e-02  -1.8656776289610758e-03  3.0976641916035897e-03  -2.4961881736108780e-02  1.8959201975834478e-01  4.4046076678832960e-03  -4.1577271169123313e-03  -2.7654371591307940e-03  1.0828661438911280e-03  5.0833390908294933e-03  1.9666493768527955e-03  -4.7201546544380156e-02  -7.0933751323241281e-03  -3.3873150263555997e-03  6.1515600198886180e-03  -7.8840766528556045e-04  6.3688859726695593e-02  -1.0746939140377123e-03  9.3433306337991717e-04  -8.6311313064073465e-04  0.0000000000000000e+00  -1.7461026472706588e-04  -3.6081073544699913e-03  1.5777303485491657e-02  -3.5961053090519325e-03  -5.8035581467764477e-05  -4.1035823593258109e-05  -2.0448656569953586e-03  1.8332149246254738e-02  -6.7058640537937531e-05  -7.5208244836229645e-04  -2.0506304542813238e-03  -1.5937668493261924e-03  -4.5419809755672851e-03  -6.7399115250409050e-04  -3.5464882186741494e-04  6.3144038112107907e-04  -3.9476502883786643e-03  -1.0040624733214168e-03  0.0000000000000000e+00  4.7424404045434785e-04  -1.7376541663583335e-03  -8.9225729836539254e-04  0.0000000000000000e+00  -1.2824501907550906e-02  2.7024651918284522e-02  -2.1751576038088404e-04  -7.7995637939363609e-03  -6.5703489111972215e-05  0.0000000000000000e+00  -2.0567458388079418e-05  -5.9889634789385329e-03  3.1391754782066530e-02  6.6402833958496086e-03  -7.5381084568870368e-03  -4.6418143010651906e-04  -3.0873313594395459e-03  4.7052887042435071e-04  -4.5458138371278142e-03  -3.8127724262421364e-02  -9.1006055986670646e-04  -2.7992742372461629e-02  1.1058362183719252e-02  -4.8862969356943901e-03  -2.5460574117652538e-03  -5.8237540515954166e-02  -8.7059426305408430e-03  -5.5503240949218420e-04  -3.6492648361276483e-02  -5.5678864679511129e-02  -1.0536591957432059e-03  -1.7047528410057255e-03  1.2097499243268004e-03  -1.2233184743572311e-05  2.3251539950568723e-03  -1.5484141059968532e-02  5.8424027081278671e-03  0.0000000000000000e+00  -1.9331205621274769e-03  -1.8489263702200494e-03  -6.9272913547319050e-04  -3.0700190171013097e-03  -5.4558594121330805e-04  -4.0104979141576324e-03  3.1243545463923404e-03  -1.9336777170416983e-03  1.1879422654450279e-02  -2.9880390303969441e-03  -1.8124481543329693e-03  4.6146543426550758e-02  -1.1042541341028135e-03  -2.2443465479267807e-05  9.9467402830182732e-04  2.2168634584362169e-02  -2.6834270710096222e-02  7.5084798444546418e-03  3.6362979265114198e-03  0.0000000000000000e+00  0.0000000000000000e+00  0.0000000000000000e+00  0.0000000000000000e+00  0.0000000000000000e+00  0.0000000000000000e+00  0.0000000000000000e+00  0.0000000000000000e+00  -1.6242775683868907e-02  -5.9023528488385693e-03  -8.6944793847342407e-03  -1.3490580794809942e-02  -1.2218305347412852e-02  -4.9508345216087079e-03  -1.8348420729130763e-02  -5.3230217213785583e-03  1.4383224218049771e-02  1.8438462735446994e-02  3.0177530889527061e-02  -2.3766716543562459e-04  1.0030104886446402e-02  9.2385298045191099e-03  2.1012427163340244e-02  1.1923926867700044e-01  -1.5483237103901108e-03  -2.9559173941225442e-02  -1.0514546166110261e-05  -5.2240622447905765e-03  -4.5830414324040601e-04  -1.5658709924145381e-04  9.5769755378983558e-03  -4.3466950394646577e-04  -1.5094096898993071e-04  -1.2793960205806970e-04  -1.8148860910940706e-03  -1.4546616172034493e-03  -2.9284930575359837e-03  -1.5006483293812109e-02  2.3120291149186611e-03  4.2317361001847215e-03  -1.9894019440298647e-03  -1.6232117168645760e-03  -7.9011426148519522e-03  -3.9343553931235880e-04  1.8454832090114511e-03  -4.4213208559301948e-05  3.7557177145922647e-03  -5.4312684156450700e-04  -1.1536750870776347e-03  1.1916878764716149e-02  6.6965842956810389e-03  -3.8970457033850447e-03  -1.8850609775245780e-03  -4.8890537373363586e-03  -5.9294112982426195e-04  1.4468507343062087e-01  1.1317735450945382e-02  -3.6105775028948328e-03  1.7376033577422633e-02  9.6444258421048124e-04  -1.4191696749966921e-03  4.5674958478095657e-04  -8.8737697810000130e-03  -1.0836665311830949e-02  -1.0562037416960114e-04  -7.5402165704218694e-04  0.0000000000000000e+00  -1.1262937034897884e-02  -5.7301687546930475e-03  3.3690883051853901e-03  3.8774677782597765e-02  2.3568935855060282e-02  1.1292359676024157e-02  -4.4595241723631822e-03  -6.2264946827989128e-04  -3.6332982341654843e-02  3.7096239328714377e-03  8.7195013433503374e-02  5.1825816249118820e-02  5.0336450066264651e-02  -2.1597948340020746e-02  3.1035922322929226e-02  -1.3035737601137289e-04  -4.4330901567208518e-04  7.6239078530466033e-04  1.7787170515759235e-02  -3.1321618666335443e-04  -1.1245525108676514e-03  -2.5950631635042330e-03  -3.1326296734459245e-03  2.2479171299857556e-03  4.2193115034263817e-02  1.7416027597052904e-02  1.9055354349392518e-02  1.0459786140685432e-02  5.1490104898332015e-02  7.7400512504475745e-03  1.9209192675879042e-03  -6.1711551717851523e-03  -6.4632401853007100e-03  -4.2858539945358522e-04  -1.1392791082242847e-04  -9.9531160793421715e-05  2.4468615472434226e-02  9.7679639837086694e-03  -2.4849085386892874e-05  0.0000000000000000e+00  -6.8281422436438114e-03  -2.0131391047435304e-02  -5.2058453742923226e-03  -1.0909359289283388e-04  1.8456566229072453e-02  0.0000000000000000e+00  3.6868314682102304e-03  -5.4143042585733082e-04  -5.7490251402286432e-02  4.7412372982856155e-03  -7.4923399090582549e-05  1.0706225019076749e-03  -8.4735359288161741e-03  1.4954774618074502e-05  -7.5045878707469759e-06  -8.1189920379673465e-03  -9.2000143646766286e-03  2.1891924708751193e-02  -9.1198778683768979e-04  0.0000000000000000e+00  -1.0055290957420851e-02  1.0091079731458882e-01  -2.1165298738724772e-03  -5.7941521221095194e-04  1.1672298308022888e-02  -6.1962638973522800e-04  -1.1527576262576831e-02  -1.7561763100264075e-03  -6.5418102592400751e-03  -5.5787474847921979e-03  1.0706346525909320e-02  1.6931604533727867e-02  -1.5686500324396606e-02  -6.5288606819529560e-03  -4.9737888161299221e-03  -1.8376686002395382e-02  2.6977996299205946e-04  -3.3199406310449099e-03  -1.2945991869805756e-02  7.9584847338969769e-02  -1.2503892212547564e-02  -1.4036848194259816e-02  -1.9255917711774220e-03  -5.1762361570105199e-03  1.5751974427315362e-02  1.0263953807759033e-02  -8.4956469387553659e-03  1.4278579195116214e-03  3.3913786950467120e-03  -7.4901028081275651e-03  1.3196674734060690e-04  2.3575210019893676e-04  -8.6993951649069355e-04  -2.4854427846190064e-02  0.0000000000000000e+00  -2.3650892398098962e-03  6.4961535265321390e-04  5.0873992465899744e-03  -3.3579095704654773e-04  6.7158469738198964e-03  3.9204331074301317e-02  3.6272378151867998e-02  -9.2088390524379870e-04  -1.7444054025664491e-04  -1.7155556617864654e-03  1.8678352929230477e-01  8.4520599063490678e-05  9.9157475895026159e-02  4.0824521814578360e-03  -2.6215495879463636e-04  1.8364838162182900e-01  1.6878766470501244e-01  1.1049142771089801e-02  4.3737954566854548e-03  7.4187942761971010e-03  3.7205640512886221e-04  1.1434860741078546e-03  -2.5462062406933902e-03  -3.8817832775070850e-04  4.1377859328879394e-03  -6.5138145561457802e-03  -6.1404120646229394e-03  -2.3044298306156165e-04  0.0000000000000000e+00  1.5151462694455054e-05  -7.3055206606898468e-03  -7.5290294625325882e-03  -1.5952155734779122e-02  -4.0907611014837416e-03  -5.0087790723191477e-03  0.0000000000000000e+00  -1.3915205167674372e-04  0.0000000000000000e+00  0.0000000000000000e+00  -1.4240417471252573e-03  -1.2697176480689867e-02  -8.5327350391077236e-03  -1.4452033650428082e-02  -5.8160311763833016e-04  -3.5310744263320898e-03  -4.8382146429560424e-04  6.3227375457222913e-03  8.9903058037398085e-05  -5.6350442687119473e-02  -1.7245955617820362e-03  9.7130251668792050e-03  9.4779394858834336e-03  -7.5469272362910147e-03  -8.1429726584847650e-03  3.8850020122794197e-02  -3.9971715587527185e-03  -1.3913590155607719e-04  1.4691420888042150e-04  -1.0454659975523918e-03  -1.6518496177230564e-02  -3.5255714473314714e-02  -2.5420166901671846e-02  -4.6795738819906813e-04  -5.1455490191410305e-04  3.8698159922266937e-04  6.5146616215352388e-03  -6.9951060439386328e-02  -2.5592740976341611e-02  2.0918796017499455e-01  1.4012882264290838e-01  -5.9411645301959948e-04  -1.6731480894197480e-03  1.6606070143211041e-02  1.9234875086632346e-03  1.0617382385596727e-03  -2.7547923637306314e-02  0.0000000000000000e+00  2.2441026832941131e-03  1.5502113806953602e-01  1.3218919774223318e-02  5.5328488869232457e-03  2.0295319800900402e-03  -5.6321535570455043e-02  4.7277944149085593e-02  7.4216664106834147e-03  3.0052659763543169e-02  1.4942309839950322e-02  8.2955880571502255e-06  -9.4833008536547182e-03  -2.6775047505363806e-02  -3.2970533355401060e-03  7.0391925313512179e-03  0.0000000000000000e+00  3.4316667883106098e-03  -5.9415968865852346e-04  1.0227239017929237e-03  -1.7232683372670079e-04  1.5800767281171681e-06  -6.1963245614801084e-05  0.0000000000000000e+00  -4.4563980628665577e-03  1.5991962478643826e-01  0.0000000000000000e+00  -3.7565216995747099e-05  -4.8650670937535110e-04  -8.6232348327545179e-04  -1.1765398797284952e-03  0.0000000000000000e+00  2.0692502162029305e-03  -2.9240921224707142e-03  8.3851711180015179e-02  1.6394592025313520e-01  5.9722433226717620e-03  2.2371257169761481e-02  -2.6348598768718306e-04  -2.3880608954317344e-03  -3.9854112560840631e-03  -5.9524970212879204e-03  -6.9056619792070804e-03  -1.2284302229547775e-02  -2.8888867542664868e-05  -5.7750067925053689e-04  -4.6580208449676134e-04  -1.6017350540132883e-02  -4.2790602197696551e-03  -2.7576138717945470e-03  -1.3707996162123065e-03  -1.3892421555674762e-03  1.4498462755440191e-02  2.3490557314130509e-02  5.5649844459736732e-02  6.1868256294848379e-04  -3.6674737151815674e-04  -2.4039692274137219e-06  -1.3020430338372527e-02  -6.5211641823270693e-04  -4.2958544690108232e-03  -3.5188737020805845e-05  0.0000000000000000e+00  -2.6997878704807937e-03  3.7367734164702869e-02  6.9467015644565826e-03  -1.6746629903366325e-03  -1.3269850829276423e-03  -3.3830159189306213e-03  -2.9444632218122856e-03  5.9427377410531607e-03  5.8953550659125698e-04  -1.1665702980784198e-05  -1.5335649500156831e-02  -6.3385504021259281e-03  -1.8495337092232324e-03  -2.7945230399520813e-03  -3.7290616304336832e-03  -1.9153742481853411e-03  -1.0691234264285596e-02  -2.4227362618763421e-04  -1.7050581582012017e-04  -2.0909967437021280e-03  3.9975499456110029e-02  1.7180252406162499e-01  1.8056559630513566e-01  1.8471855396037730e-03  1.6379225817715917e-02  -2.0118160569191506e-04  -1.8091517597658275e-02  -2.3702523497202862e-02  -2.0545144563803047e-02  5.1556169849338151e-03  1.2304403001092349e-02  2.0330950386241602e-02  4.2192456385740876e-03  1.0927138991895572e-02  -1.7672199318247900e-02  2.4378854356377030e-02  -1.2777622283627397e-03  -8.5378212609259250e-07  1.3561528680785808e-03  -8.4931108470361538e-04  1.4623987427860157e-02  -7.4979410313290087e-05  2.1687977774791160e-04  1.2152259319140781e-04  5.6055987769984897e-04  -4.6435972610681960e-05  -1.3934801029108449e-04  -2.2300256220853638e-04  -5.4823087726420111e-03  -2.4451592058075672e-05  9.6571438307315356e-03  7.8008220273992337e-03  -4.2867698221339505e-03  9.5099774898740164e-02  -5.0753577476943311e-04  -1.0570975994822547e-02  -6.1826803917833045e-02  -4.4837456070528636e-02  1.1245285314145989e-02  -1.2126305951703626e-02  2.5575671166020608e-02  -2.5424546900226302e-02  -1.4538599942899637e-04  -4.0230582518477125e-04  -8.9531432575185328e-03  9.1634320037405625e-02  2.6712388222461989e-03  -5.0557591477647171e-02  -1.3075387763589434e-02  2.4580826974008197e-04  -3.4042920400622546e-02  -8.2584201034105204e-03  1.9998898118551031e-02  3.6585027088711951e-04  0.0000000000000000e+00  -7.2533409396143608e-04  -3.3087310945488502e-03  -2.2751934690870109e-04  -6.8909372944114163e-05  -2.9009894287103003e-04  -1.6471326384695239e-03  -4.8258517090282596e-03  -3.6056840001727790e-03  -8.4887673028618106e-04  -1.5927680225345420e-03  -3.5168097333107632e-04  1.5198675948178430e-02  5.9554050087137756e-04  6.0622888822920856e-03  0.0000000000000000e+00  -2.3757909730939453e-04  1.2280775506744743e-03  1.2428804313451362e-02  -5.9165255569536739e-03  -5.8443338051283465e-04  -2.2704396409053360e-04  -8.1038468955366895e-05  -2.5022177654973165e-04  0.0000000000000000e+00  -5.8229312595260672e-03  -5.8402940673231759e-03  -1.3801120544358549e-03  -2.7832123270091070e-03  -5.1004658012217719e-04  -9.3034825545844845e-04  -1.6846626330299212e-03  -2.0417040613522151e-03  0.0000000000000000e+00  -1.6058468562317062e-03  3.2553817273185522e-02  -8.0839479681449149e-04  0.0000000000000000e+00  -4.7329599734714128e-05  -2.3978511037077510e-03  0.0000000000000000e+00  7.2241590051146812e-03  -2.6196353945150374e-04  2.3130251879635235e-03  1.6858850022816077e-01  1.7358589369864671e-01  0.0000000000000000e+00  5.6910151709822075e-05  -6.3764632406044536e-03  -1.2047474148152919e-02  1.2528618249799373e-03  1.9583436779913518e-01  4.6669306033873034e-03  4.7981328826674170e-02  5.9228012652995696e-02  1.4206102922318887e-03  -5.9171621684270002e-02  -1.1820501693340507e-03  1.4023586552712172e-02  -9.3437210761724582e-03  -1.9880644578909218e-04  2.0973974334511451e-04  -7.9261758531344859e-02  -6.6497610127734419e-02  -6.8912758768409780e-03  -9.3562997458169193e-04  3.3737830097962081e-03  -8.3293966822729059e-03  -1.5994194930215018e-03  -8.3427194911585133e-03  -1.4312750439153209e-02  1.4852747040767054e-02  4.9569411424049145e-03  0.0000000000000000e+00  4.7527302139640474e-04  -1.5875870644926002e-03  0.0000000000000000e+00  6.4402905187224595e-03  2.0497394430646795e-01  -4.3696084681715559e-03  -9.1462392436914165e-03  -2.7538069823157653e-03  2.8612100046012154e-02  -2.7412557446791744e-03  -3.0832823554696291e-02  -2.1488516684766688e-03  -3.7793229519092666e-03  -1.2240835988171070e-03  -1.9771239700164345e-04  3.6703790206778900e-03  -3.8879354104227873e-03  1.6111294236410478e-01  2.6543962832727929e-02  -3.9074366284341027e-03  -2.2919894854860207e-03  -3.8686542589937431e-03  -4.2011577830714332e-02  -4.8019093700592722e-02  -3.5667732227996182e-03  5.0368317105256614e-05  1.8980739810873581e-01  1.8131424085049741e-01  -4.0492979327251431e-03  -2.6034916750534570e-03  -8.6889507441198863e-03  1.9584629692669730e-04  3.5958207505353951e-03  9.0359494910557236e-03  -3.9940956736671241e-04  1.9613855854076484e-01  1.9610667958313158e-01  1.9326185601180979e-01  1.7776732153207261e-01  -4.4427834821331542e-03  -3.3604305664756101e-03  8.7101267959688691e-05  3.6249563424369636e-04  -7.6445663106749375e-06  -2.5458594757169554e-02  -2.7647180490799925e-02  1.6663406213215669e-02  2.7243207149503885e-03  -5.2139068528414033e-05  4.5710345152949902e-02  3.0761835546513436e-02  2.0976430743796997e-02  -3.6684882919573754e-04  -1.7744154459987428e-03  -1.0024465908086154e-04  3.9320229202546948e-03  -1.6012244750190525e-04  -8.2484024511382417e-04  1.1040879296912240e-01  -8.3355671668075169e-04  8.5653490844350699e-04  -8.0923022641283832e-03  -5.2175877772685335e-03  -2.4841283211443316e-02  -2.0319615729501653e-04  -4.6926050375713287e-03  -2.7635582722186748e-03  -2.1598668640793110e-03  -2.2174512347884447e-04  8.6798304670123467e-03  6.7924155006243254e-03  1.8335476517373466e-03  -3.4291263695262722e-03  5.1172101364979579e-05  -1.4078723593062150e-05  2.6536620670294933e-03  4.1896307950471832e-03  -6.8408781209183429e-03  -9.0593931023809724e-03  -6.2963503933127765e-03  -4.5819942286400305e-04  -1.9464959398054712e-04  4.3096552627554354e-03  0.0000000000000000e+00  7.2889646701454619e-03  0.0000000000000000e+00  0.0000000000000000e+00  0.0000000000000000e+00  0.0000000000000000e+00  0.0000000000000000e+00  0.0000000000000000e+00  0.0000000000000000e+00  0.0000000000000000e+00  -7.3893609673468476e-04  1.7570784922818611e-01  7.3977769182751911e-03  0.0000000000000000e+00  0.0000000000000000e+00  -1.8564406257414122e-03  0.0000000000000000e+00  0.0000000000000000e+00  0.0000000000000000e+00  0.0000000000000000e+00  2.0205225055599838e-02  2.6461248869425625e-02  1.5207131247067798e-01  -4.8928690320856772e-03  -1.0733134382255479e-02  0.0000000000000000e+00  1.6545507032504916e-01  0.0000000000000000e+00  0.0000000000000000e+00  0.0000000000000000e+00  0.0000000000000000e+00  -5.3109532146773414e-02  0.0000000000000000e+00  -3.9349757206641703e-02  0.0000000000000000e+00  0.0000000000000000e+00  0.0000000000000000e+00  0.0000000000000000e+00  1.1822829778509684e-02  0.0000000000000000e+00  0.0000000000000000e+00  0.0000000000000000e+00  1.6145771165026560e-01  1.8087255534955887e-01  6.2963538323151352e-02  1.7580131700137747e-01  -1.9006804229689315e-02  0.0000000000000000e+00  4.9663751902197881e-03  0.0000000000000000e+00  0.0000000000000000e+00  0.0000000000000000e+00  0.0000000000000000e+00  2.4332714403180206e-02  2.0987606840060194e-02  2.2870502374568954e-03  0.0000000000000000e+00  0.0000000000000000e+00  1.8684724740759173e-01  0.0000000000000000e+00  0.0000000000000000e+00  0.0000000000000000e+00  0.0000000000000000e+00  0.0000000000000000e+00  -5.7521971632747962e-03  1.4566230730252603e-03  7.5231598473525496e-04  -7.6006817788764197e-03  6.9629214994894287e-02  -2.5827068818002409e-05  1.0611644680107778e-04  -8.8063759263668666e-04  -4.9911577682701845e-02  -1.7293443405410721e-02  -3.7552965232436749e-03  -5.7779380013754104e-05  1.1515926974916815e-02  1.1015243461360136e-01  1.8370523544265677e-02  1.0750000940624432e-02  2.9573331473446572e-03  8.0007310559458755e-02  1.8125181205220983e-01  -2.1341605173622491e-04  0.0000000000000000e+00  -1.1689423663928890e-04  -1.5168731798354594e-02  -4.5062750204672656e-03  -3.5765401073409990e-03  -7.0203439671693534e-03  -4.3766757223552381e-03  -4.9535566735060856e-03  -6.8432453212426718e-03  3.8850296987933031e-03  -9.0708274838676036e-04  -5.4646614879653597e-04  6.0138153275354891e-05  -2.1158911001273501e-02  8.9825586110504219e-03  -9.5173288227013136e-03  -7.1027689045305847e-03  -1.3382457429832424e-02  -2.5369307381294361e-02  -2.3634870019503415e-02  -3.5805525957518208e-02  -2.5981406851917371e-04  -3.8976880895193281e-04  7.2226005201569644e-03  6.1616543322296725e-03  2.4855588099937501e-03  -1.5334216633311575e-02  -1.9713351628351116e-03  2.6109645115719299e-02  -1.7580988972289781e-04  -4.2564360562996384e-04  -4.1572239077882663e-02  3.2810910709844356e-03  -4.0715718737768612e-03  -3.4358175289602635e-03  -9.8470150739420319e-03  -3.7346794065547646e-02  -6.3415505613428486e-02  -6.2379008611274777e-03  1.1692378736354511e-04  2.3770413191377817e-04  -5.6093409809335271e-03  -2.3056245464591098e-03  6.7561232820462511e-03  9.6940323063666196e-03  -3.3240103007616808e-03  1.5775016667773491e-03  4.8034244773029443e-03  1.8641611902429408e-03  -5.6936593233645723e-03  -7.3989524584251059e-04  4.8639966954230701e-02  3.0286867761159745e-02  3.4960538757553630e-03  -3.1844355067782416e-04  -2.0925415904615923e-02  -2.7169079714035481e-04  1.8045133974045353e-03  -8.2366972655452397e-03  -2.2887245069027484e-04  -4.8969275737870382e-04  -1.3351905887829784e-02  1.1269745512401829e-02  1.6027721770683551e-03  1.6731786198454383e-02  2.9976250919889064e-03  1.2034114919687049e-02  -1.5315890982459879e-02  4.8858427087819850e-03  9.8150269015479814e-03  4.1701231667097632e-02  -8.3013531927989964e-03  -1.2061999300764995e-02  -1.2358892771568725e-03  -5.0008969024050570e-04  -4.6314614390451367e-05  -2.1056635998350460e-05  -1.0501411589165029e-03  4.0993960671336170e-02  -1.7863563802008469e-06  -1.1184492248597464e-03  2.5155239074986097e-03  5.1434547042436227e-06  -1.2516745592731620e-03  2.2389326274829497e-02  8.8032135055382023e-03  7.5310760292970125e-02  3.7184368532043668e-02  3.6617012715483316e-02  -9.2359846191859937e-04  -3.1596265713875779e-03  -4.6356933845590155e-03  -5.4609820489974516e-03  -2.4981699372169518e-03  -1.8688753612781186e-03  -3.3477667128699387e-03  -1.4551676958265466e-03  -9.4065958471762617e-03  3.2039215669274694e-02  -2.9504427782988070e-02  4.5589137022871679e-02  1.1354785309108086e-01  -1.1721742330515848e-02  -1.8529941346040288e-02  -1.0098136209311581e-02  -1.5991263586993380e-02  -1.1632534720076252e-02  -1.3501361216037221e-02  -1.0756131780849567e-03  -2.1453355424269544e-03  1.4282628108769140e-03  0.0000000000000000e+00  -8.4137813771199951e-04  -7.9420564649712783e-04  -2.5770016221251962e-03  1.8039991285652398e-03  -1.0341306102130173e-03  1.6126015158577544e-02  9.0330711031148987e-03  -1.2773932717715106e-02  -2.2579711671837836e-04  -1.2468767965011921e-03  -4.3150641230915428e-04  0.0000000000000000e+00  -5.2171872906713749e-03  2.0660846853078039e-02  -2.6675389539126304e-03  2.6681471043952455e-03  -7.7453457988428719e-04  -9.5582144725955180e-04  -3.3878830731611828e-03  -3.2637765536168108e-04  2.0073960506387913e-02  -6.0343120293742474e-06  1.8878265653427102e-02  1.6647695514997379e-02  -5.8412411167911736e-03  -3.6012913199472917e-03  -2.7958444944818449e-04  3.7720253288075780e-05  1.6334975103797508e-01  2.1751083353695885e-01  1.7558580159976639e-01  1.8708607420675774e-02  3.2279462093906343e-02  1.3029278773883421e-02  -1.0188664285868324e-04  -2.7342160760558628e-03  9.4612072435705484e-03  -8.2613085804943386e-03  2.9847416516434726e-02  -4.3584947015279976e-04  1.7183130923764178e-01  -4.6434027432235197e-05  -3.8008956390406497e-03  -3.5220257385432138e-03  -2.3972139464752382e-02  -3.3064529352961558e-02  3.7054548438965828e-03  1.0452657329356492e-02  -6.6095347204771758e-04  -3.4973148282595071e-04  -1.1500261828482146e-03  -2.0859479708458658e-03  6.9932918291655110e-04  -3.2379518897963778e-03  -5.5601114271492174e-03  2.4328580475822027e-02  -1.6123444034188322e-04  7.6185262284104938e-02  0.0000000000000000e+00  1.7197896034370644e-01  1.7736759203241748e-01  -6.8857678251217744e-05  -2.1081823257967654e-02  -4.4777913981020392e-03  8.7531619309595145e-04  6.0116502333597429e-04  -8.9509537695800642e-04  -1.1903022345367790e-03  -4.1079740529220037e-04  -8.3529918904539001e-05  -7.0400354443899690e-05  -1.6845379975987344e-02  -3.0373703805132473e-02  -1.4909926021852192e-03  7.2459339859279159e-02  1.8278325158960906e-01  1.5947180317077014e-01  1.7911557141640755e-01  -2.6890739319655237e-02  1.8673053594964684e-02  -9.8740898963173285e-03  7.2518741002688741e-03  -9.0551314653553370e-05  -6.4324050088358318e-03  2.2159098645961973e-02  3.1707381177755170e-03  -3.7547592937258352e-02  -3.0909760888453725e-02  -1.9625669559127507e-03  -8.8966643596727032e-04  -7.4446557050072753e-04  -3.5825531953386949e-03  1.0960342798107141e-02  -7.5893789963318598e-03  1.3924620182375962e-02  5.2637013841301851e-03  -2.6228116975467435e-03  4.1793435670949616e-04  -8.2711070688313449e-03  1.6403233541738213e-02  -1.1741194287519658e-04  1.8664198561106068e-02  1.2023795434505506e-03  2.7405009354691447e-03  3.7265183626717362e-03  1.1528805787421196e-02  -3.0699761395459451e-04  5.4366373536191406e-02  -1.5348438923160027e-03  -5.7616772293152645e-03  1.4549545084432940e-02  -1.8839951729265349e-03  -3.3321234811406188e-04  -3.5781765048293209e-03  -1.0885398815306905e-05  -3.4794431140868849e-03  5.7619441286521015e-05  -7.1474008543834895e-04  -6.4841248208369069e-04  1.5913741765292949e-02  -2.5904605247541075e-02  2.2731690871012748e-03  8.1753162804335706e-03  -4.8139102982372443e-06  -2.1916139727430578e-03  2.7752780966997168e-03  0.0000000000000000e+00  3.4708836369888146e-04  4.5258744828811774e-04  -1.1707046360161577e-04  -4.8209707925640423e-05  -3.4075016112476345e-05  5.7822938667348132e-02  -3.0915856363128251e-04  -5.2229575284884070e-03  -3.5627575973473744e-03  1.8810708058485681e-01  -1.9769738749257748e-02  1.4544174614636311e-03  9.1879204324806313e-02  -7.9801593827062884e-04  -3.8304351990010935e-03  0.0000000000000000e+00  3.0134326020770899e-03  2.3859411660427228e-04  -1.1917107867764940e-05  5.0352484263352731e-02  2.1366511451763434e-03  -4.7010805769929238e-03  -6.1247277237484674e-02  -3.3229304450535846e-02  -2.1118523408651018e-03  -2.6504828480024057e-03  -3.2586635731998237e-03  1.5668753364849908e-02  -4.9316885958354062e-04  -9.1970408710049002e-05  -5.3569720263063325e-05  -2.7607245020647566e-02  -4.9937686224808091e-02  -2.2487928435267640e-03  -5.2961583768878768e-04  4.5399850557417923e-02  4.1672814141427851e-04  5.8536112725323471e-04  1.4640265781462926e-03  -1.0740283178268514e-02  -1.0074827783178085e-03  1.9783257951864794e-02  -1.8706047596380355e-02  1.0534502831091102e-03  3.1333394623423642e-03  2.2286267289396088e-03  -6.3058456379036336e-04  -8.1047665031418637e-04  -2.3738211601978796e-03  -8.1603142364118243e-03  5.3369771438195872e-04  -1.8265887851408968e-03  0.0000000000000000e+00  3.8261357699994711e-02  -5.9774502599087699e-04  -9.9388706747048014e-03  -9.6574122356151803e-04  5.0661562176851698e-03  -2.8777864931563198e-03  -4.8441101391973459e-03  -2.9993836384037422e-03  1.2180675444584735e-04  0.0000000000000000e+00  2.8148167231388754e-02  6.7343990840905196e-03  -3.6888764808826729e-03  1.0134099504061124e-04  0.0000000000000000e+00  -1.0851988270080088e-02  -1.0207157984525606e-04  -1.7415298271673116e-04  7.5637758484707537e-03  -3.4753880998274233e-04  -6.7704137119928330e-04  -6.9459714108303808e-05  5.4105424312439162e-04  -9.5309559604072789e-04  -7.1366901323797777e-05  1.2205265012215588e-02  -3.4250875932188372e-03  1.9881593111052770e-01  -1.6121546637711244e-03  -6.0800460959846000e-03  -1.6988808561180794e-02  -3.9108703837674921e-03  -3.3660560247785262e-04  -2.7968109179466235e-03  3.0754266207962113e-03  -5.1024044867038959e-02  -3.1423179813590755e-03  -5.6476427242202467e-03  -5.5796267701980961e-03  -3.6539087944959373e-03  -3.5097718837656519e-03  -1.6432495985277710e-03  -1.1419346046621134e-03  5.3797046465067049e-03  -2.5594690581752507e-02  -3.2505831204812663e-04  4.6819374475695532e-03  3.3131699792028915e-02  -2.2477433115210034e-02  8.7856721393228350e-06  -4.3823286922787121e-05  -4.1428395006921829e-05  -1.1266881930735029e-04  -1.3669691423004006e-02  -5.9932961540801546e-04  -9.6782699076342262e-03  -6.2541875161603354e-03  -9.5438878739587969e-03  -8.4772945901281319e-03  1.7398984620797538e-02  -3.8669726750973311e-03  5.2876862818730684e-02  1.3181230715114301e-02  -6.5032796755636459e-04  1.4418834029491236e-02  -8.1239746950234788e-04  -9.5097241742533249e-04  -2.5394495408588231e-03  1.8349289795516469e-01  -1.0904378285587065e-02  -2.3646361134866613e-03  -3.4227620009251564e-05  -9.0474752093009061e-05  -1.2196264416379642e-03  -8.1830591368935463e-03  5.1027986842084545e-02  5.2750842250270076e-03  -9.8376161864465904e-04  -3.7891030143473177e-04  6.6321887528165022e-02  1.4190543245235254e-02  -5.0660105377836094e-03  -4.6205801955558079e-04  -4.5188760437299465e-03  5.4766003542369571e-04  -3.1567063670629066e-03  -1.2041751183619482e-02  -4.2720439504361349e-03  -1.0675500330955027e-03  -1.3810093548933769e-02  3.0504069106886293e-02  3.2442527648736473e-02  2.1475820822661508e-02  -4.3738280085538060e-02  -1.4835251686779322e-03  -1.7030836286776581e-03  -2.3520372361968420e-03  -2.3235258206945404e-03  2.7518349605280411e-03  5.0365053496243678e-03  -2.9552947508347890e-04  -3.3281429709188269e-04  2.3810402048608402e-03  4.7679351056063027e-04  1.4564046480925925e-03  -7.6003562157913422e-03  -1.9783777681212086e-04  4.2284152742456367e-03  8.2530288993541061e-04  3.7445710091582498e-04  4.3900595051326262e-04  -6.4489470666505343e-04  0.0000000000000000e+00  -2.4403964212917060e-03  -2.7699862118278637e-03  -2.0634823379565665e-03  -1.2018561124379610e-02  1.8345938590335904e-03  -5.7778745864962269e-04  -2.9220811810199324e-02  3.0877648036826840e-03  -5.4492185071412249e-04  -2.0979046104064976e-04  -7.3787599283098770e-04  -9.4782764853236143e-04  -7.7325662063897323e-03  2.0833689246454127e-02  -1.4445454494522328e-02  -1.3604542183822568e-03  1.9821541835984297e-01  -2.7440794032091174e-04  -1.4011169692202760e-04  -8.6981970666999298e-03  -3.2145436708312498e-03  -1.9357344694382725e-03  6.0199862418084760e-04  4.8926743226457205e-03  -8.2099677823731666e-03  5.8473007836488839e-06  7.6374746601965316e-04  4.2559118910675636e-04  2.2506598941880059e-04  4.2819551566857274e-03  1.3133059876658486e-02  -3.7175335901345654e-05  2.4181057491907017e-02  1.2292804174424554e-02  8.1114617891231682e-04  0.0000000000000000e+00  -1.0937873951632128e-03  2.0250505461077753e-01  9.9950237089516613e-04  2.2242029742772240e-04  -8.6881083235571389e-04  7.3540601537123501e-03  3.7870288599559467e-03  -3.1042486849957262e-02  1.9095684866637735e-01  4.0484867615474603e-02  -6.9917003169245734e-03  8.4641751060113082e-02  -1.0025739953260530e-02  0.0000000000000000e+00  -6.7187476527035204e-05  -1.2993291825167453e-03  -1.2864366381412469e-05  2.5362379142521369e-04  -1.2981334398496243e-03  -8.7326667317151295e-03  -1.9950367937352029e-03  -2.8603987457097049e-02  7.3220482744530886e-04  -2.9051733696309027e-05  1.7139480422904882e-03  -2.2368905186862170e-02  -2.4167646047156765e-03  -6.6674725978589956e-03  -1.7682015352340822e-03  2.3491151086120201e-03  4.1576717235737954e-03  2.7515048654333059e-03  1.5556343367794389e-02  -3.6495136944954161e-02  -3.5402862507483528e-02  1.3862764662963477e-04  4.9068177276807366e-02  -4.4646973854154028e-03  -5.5974761622930216e-04  -6.0188054601738421e-03  -1.1750211263800114e-02  -8.0757419456252994e-03  1.0490848322026748e-02  0.0000000000000000e+00  5.8947662637564166e-02  -1.9064923317568649e-02  1.4278866705043256e-02  -1.2403486895375450e-03  -6.2577810790969446e-05  -2.7054045682282121e-03  2.8257722334075454e-02  2.5954713450613762e-02  -9.6317550283639842e-04  -1.4166442213700830e-03  -1.4360023684802138e-03  1.2421221234674508e-01  -1.8100133272726214e-03  -1.2352276639119011e-03  -1.6598227914368013e-03  5.7848100082190823e-02  1.4021720027108317e-03  3.7043224061476202e-04  2.0049205409925735e-03  4.5107449714677973e-06  6.0480091861776471e-04  1.9094349589901513e-02  5.1842304395347408e-03  1.0855169751631368e-03  -4.1201453583623795e-04  2.1612917162122065e-02  -3.0818708618232829e-03  -2.3313376885656214e-03  -1.7342848235352255e-03  -1.4147084283423097e-03  -1.1948840953367174e-04  -2.0115132071429178e-03  -4.0856952856426340e-03  1.9951589257024401e-02  -6.2671747485687396e-06  8.3393537175742941e-03  1.5920920500111960e-04  -9.7796747417392815e-03  -9.8892167851525950e-03  -4.4235655635894294e-02  -4.7849266764576022e-02  -4.9308210294632691e-02  -4.2967430118449391e-04  -2.3069646975304984e-04  -1.1348615047799970e-02  9.2707474128928876e-03  6.5470150290853762e-03  -3.0680396296850785e-04  -7.5774723129034766e-03  7.6593095515805811e-03  2.6615715171239562e-03  -3.7833855139439376e-02  2.0202546395098040e-03  -4.8537424667691575e-03  9.6264323564590713e-03  -6.6783885931081160e-03  1.2617422978313959e-02  -1.9138965405017176e-03  1.2469587656546745e-03  -1.2984865419149602e-02  -9.9469712027704799e-03  -3.0278133620079519e-04  -1.5997342629702637e-04  -1.0194608860270733e-04  -6.4296140747964643e-05  -1.2614738145021536e-03  7.7933881185676549e-03  -2.2613462279790488e-03  -1.4798030226268232e-03  3.3282602981897509e-02  -3.7916970915860998e-04  -5.5772582058342826e-04  -1.2211361454719303e-03  7.3234412283908531e-03  -5.3555609645875176e-04  -9.7139787701702707e-04  3.9544339736854910e-03  -9.4579550953568566e-03  1.5806059152507466e-03  -1.4068749444510862e-02  4.7691468904587572e-03  -4.9113841246001587e-03  -3.9508819283087830e-03  4.6452394431717677e-02  -5.6055729969426201e-03  -4.3976184171831533e-03  -4.6668816351464998e-02  -9.3036636698990514e-03  9.4411153970859677e-05  -1.4913806804404853e-03  -2.4580213263139714e-03  1.8535075235015422e-02  8.7957202224016234e-02  -5.9497547993354310e-03  -5.5565994191095669e-04  -6.7412628187622922e-04  -1.1571005464041822e-03  -7.4742801061256550e-03  -6.6478287173446738e-03  3.7486856550496071e-02  -6.9374422712362431e-05  8.5255128852677053e-03  1.1993993785134861e-02  1.0319995363438200e-02  -5.5669219269009560e-03  -2.6953676193849961e-03  -1.2841338296680652e-03  1.4087378536315217e-02  -2.7790950571079172e-04  -3.1422489533076579e-03  3.8046727812610149e-03  -2.3390888041286239e-03  -3.9675681678101888e-03  4.4858190524872475e-03  9.9883831943207907e-02  2.8485660905724138e-04  -1.3477996576109430e-05  7.9367235681644718e-03  1.6194514176181068e-01  5.0254449295759441e-05  -1.3659875269161583e-04  -3.8795018395493886e-05  -1.2008387885566310e-02  -7.4819934631438381e-04  3.0252288431143482e-05  3.9757034094337934e-05  1.2675587711386696e-03  -5.5622798285782753e-04  -2.4288481155012150e-04  -3.4778828671287086e-04  -8.7520428331460233e-04  5.1034621856034731e-03  -5.2477226638308178e-04  -1.5860269720841568e-03  -7.9022766406795547e-05  -6.3599214010222533e-04  -2.2081380864564914e-03  1.8557926029587495e-03  -7.3360007399286562e-03  -8.4333284501687052e-04  1.6262102682114293e-02  -7.8077864029041490e-03  -6.8947996526901121e-03  -2.2838854773454200e-03  1.5290730674239106e-02  -9.7899127308393772e-05  7.6058540495223606e-03  6.5893549839892976e-03  -1.9608892541629695e-02  -3.2863873568607482e-02  -4.1298049141087506e-02  1.8029917975237390e-02  -5.0547294646621184e-05  -1.4095364494120635e-04  9.2718532425356357e-03  -2.9668867509437225e-04  -1.6362549766186393e-02  -1.1805651578053702e-02  -1.1611976666296198e-02  -1.5370431132095318e-02  7.7709787743097459e-04  1.6174938942959680e-03  -3.1660494076291269e-02  -1.2952713753637796e-02  -2.5406675238504321e-03  -6.5542675787242668e-04  -2.5743253289547213e-02  -3.5346028931316512e-02  -3.0416558899988380e-03  1.7788430964543720e-02  2.2475832360291072e-02  6.2113287173034444e-02  -3.8729224165152880e-03  -5.2960838150092103e-03  1.5810813601968299e-03  1.3227978805608056e-02  -1.0055396489701638e-02  1.1351450857837084e-03  1.0085990159942149e-02  3.2251218859356712e-03  3.4909560249767675e-03  1.7536579883874433e-03  -6.5279425157733920e-04  2.2216298030101676e-03  9.4893828396670960e-04  -4.8539916761794711e-03  4.5281418287972776e-03  1.5787314673840242e-03  -1.0352437628327472e-02  -2.3552820004981166e-04  -6.5872576242082285e-04  3.5838709691579141e-04  1.9560259287126906e-03  -1.0361364662065040e-03  1.2902360516750103e-01  0.0000000000000000e+00  -1.5357330756657686e-04  -2.7969028423485367e-04  3.7246268688528240e-02  8.4956581753906149e-03  8.2050021901037256e-03  -2.0005816015105193e-03  5.9369720947831947e-03  8.1297139430612855e-03  -9.7351828533686104e-03  -1.7628053411980970e-04  0.0000000000000000e+00  0.0000000000000000e+00  0.0000000000000000e+00  0.0000000000000000e+00  0.0000000000000000e+00  0.0000000000000000e+00  0.0000000000000000e+00  0.0000000000000000e+00  0.0000000000000000e+00  0.0000000000000000e+00  0.0000000000000000e+00  0.0000000000000000e+00  0.0000000000000000e+00  0.0000000000000000e+00  0.0000000000000000e+00  0.0000000000000000e+00  0.0000000000000000e+00  0.0000000000000000e+00  -8.1557790422708560e-05  -1.2771834114075212e-02  -1.4738164893981793e-02  -1.0786109210831318e-02  -1.1274939039553251e-03  -1.4439609990567728e-02  -3.4962035358710266e-03  -2.3303862016469046e-02  -3.5162204997997193e-04  2.1513327805348995e-02  1.5787948168431952e-02  2.6712902927628096e-02  2.5645048404382802e-02  6.0422268822129576e-03  1.1020659411572481e-02  -2.5925005407515488e-03  -3.6992413384215691e-04  -5.3085739800642613e-04  -5.3219006274578115e-03  -3.8108037891191360e-05  -4.1361342019411874e-03  -2.4852092229412010e-04  -1.5895332729802633e-02  9.9058635745875347e-03  -6.0167440616724355e-03  2.5714370303699125e-02  7.9931444913999107e-05  1.5560018674548695e-04  -1.9999442877862861e-03  -7.2079279544721899e-04  -1.1231947243919268e-03  1.7291049614385500e-02  1.4219554315526715e-02  2.2238061168114755e-02  1.6380944149423919e-02  -8.0821928304529455e-04  -4.7905351906236317e-03  -2.7368312718016201e-04  -3.1398792982871549e-04  -1.6206626921427722e-04  -1.0495842028296041e-03  -6.2810010894665480e-06  1.2253973801600064e-02  9.4060483184655180e-03  1.8397237607718882e-02  7.2953879803049244e-03  -1.4207449617623003e-03  -2.5153142752082965e-03  2.0971011084373384e-02  1.1832933650915219e-01  -1.2073171981270771e-03  -1.6792628674592593e-05  -2.0187748066276021e-02  -9.0909904569371988e-04  -2.2001803721911958e-03  -7.3795334840304917e-03  -7.7266221363344483e-04  -4.7845539808683300e-04  -2.0939371344550510e-03  -2.3086989563580196e-04  -4.9014243478628892e-03  -1.0715930712350110e-03  -1.8778517147618090e-04  1.7640696341868264e-01  1.6710001879745079e-01  -2.6021701396996967e-03  -1.1985822001481621e-03  -1.5256716976713353e-03  3.5015857044984972e-02  2.6212803883316383e-03  3.4284174983600898e-03  4.2294279667881166e-03  -6.5784272218746956e-02  -2.6309218468039543e-03  -2.0288740381108744e-04  -2.8444975785168471e-04  -3.8214436576982161e-04  -1.2703316630843003e-03  -8.1397253473744686e-05  -3.1807959148075384e-04  -1.7349843807522370e-04  -1.7149887478164760e-02  8.0512390227257633e-02  1.0278369949184125e-01  1.4667272338416576e-01  -7.4979110433585601e-04  -5.3428861459616983e-03  -1.4946785837067003e-04  -2.5088459724486789e-03  1.8418529111772333e-01  -6.8612945675804355e-04  8.2043257876180560e-03  -2.9726111831509024e-03  -2.5834230731370308e-03  -1.4153515164500610e-02  -9.1408913150705998e-03  -1.9656456699322169e-02  -2.8430869876164113e-03  -5.7094208575347201e-03  -3.4415752499095176e-02  -2.6755947315020987e-02  -5.9166551529392254e-03  -1.1928897590220222e-03  1.3046329049734105e-03  -2.3799252734968152e-02  -3.4647055327489502e-03  -6.0185095397541958e-05  5.3068838662722058e-02  1.3073099347650490e-05  2.7258734371402096e-03  1.0201213668286483e-03  6.4345839579479291e-03  1.1958085155270057e-02  1.8048372260826787e-03  -1.2040603563011742e-02  1.1936342610056936e-02  1.5768209028505592e-02  -1.5644235510482055e-02  -1.0269126986414794e-03  -5.0786242829107438e-03  -1.5813803339950663e-02  -1.5745701807294574e-03  3.2185656384010860e-03  2.2006067132305102e-03  8.2622926346992084e-04  -3.9212601600942688e-04  5.5546126842970535e-03  6.6518412723390832e-02  7.5224217097585454e-04  -9.6661224733021883e-03  -1.1401732438452350e-02  -8.0231835090166983e-03  -2.4230871726978942e-03  1.6973943283290721e-01  3.4368160056401394e-05  -1.3890253142054177e-02  -3.9614352631597497e-04  -1.4768978053220558e-02  -4.2009822826982267e-05  2.8122209190079048e-03  -1.1589136514492984e-04  1.4618497322063455e-02  3.5217141881091002e-04  5.6494317935924946e-03  2.2917880432286571e-03  1.6977889976645354e-02  -9.6966818679920959e-04  -9.2139829040194081e-04  1.7283562320451092e-03  -4.0549119947644536e-04  1.6459690482563205e-01  -1.5115059674572160e-05  2.7077325562366102e-03  -6.4006828610371517e-03  1.6932375254529114e-03  3.1902726848101978e-03  8.6024271823627388e-03  -2.7788732861894196e-05  -2.0570539221125530e-02  -1.2772084840481615e-03  -4.9490363152631250e-03  1.8244661675147492e-02  -6.0573733534984844e-04  -2.3167194169446307e-04  4.6565881129198823e-03  1.7423864798103835e-03  5.6618217150142874e-03  -1.9107671868722244e-03  -2.2219379458030741e-03  -1.3087862012580331e-02  5.6086648131386781e-04  7.7340508449029270e-04  1.3331713040352659e-02  -4.0186758071438969e-02  -2.5984854436242446e-04  -2.1513723428313752e-03  -6.2825791102109245e-03  -5.0041260680477821e-03  -1.4702266304168663e-03  -8.2588083470376567e-03  1.8576460684650246e-02  -5.8659376812215339e-03  -7.1824342289294765e-06  -1.5540608519599866e-05  1.6171861941777360e-02  3.2524510534687176e-02  -3.8209776626871028e-02  -4.8731544647497189e-03  -1.7949819716156303e-04  1.4094387703099851e-03  8.6432980475677830e-04  -1.0336217131740001e-03  -3.5595200234928617e-04  2.7966933256604742e-01  -2.4178667669538578e-02  -1.1567899657961842e-03  1.2678635015130785e-01  -1.0314270414156905e-04  1.0127641447012076e-03  1.7464291487276965e-03  -2.6674002983538741e-03  -1.0499665212471334e-03  -1.0926598883571410e-02  -1.2640073154755307e-04  -1.8590473053144328e-04  -5.4719982531690227e-03  -1.1588705200872807e-03  -7.6907967091878243e-04  2.5224810253059098e-02  -1.1592481903164375e-02  -5.8982723410470218e-03  -6.0684489669432917e-03  -9.4255032297774373e-04  -4.3771731334929934e-03  -3.5783060090017632e-03  -7.2154257380955660e-05  -1.2788055161982923e-03  -2.0197926263962992e-02  -2.2574664350836379e-02  -3.0826033942048678e-02  -5.1931472309874362e-03  5.9485300180851207e-03  -6.2931291387455318e-02  -2.8168281124391249e-04  5.8682551464276974e-03  -3.7845299475551448e-05  -1.1960972756826053e-04  -3.2369411656646085e-03  4.6493353474001402e-02  1.2094173366314145e-02  -7.5577361285829241e-05  4.8966319532805974e-02  2.9594055774305371e-02  3.7839201217786271e-02  -8.8953550209316457e-04  -3.2676031682629707e-04  -2.6884875053914452e-02  -7.0572756932984213e-03  -2.4803532272845253e-02  -1.0083622211567442e-03  -7.0684571731989242e-03  7.9043002286554323e-02  1.0861513536261160e-01  9.0377417614387598e-02  2.5148055296608404e-02  2.2467708992518459e-02  4.8963472934335792e-03  2.8286228645044908e-03  -4.1620704405851632e-02  -1.1915669977066797e-03  -2.9914762017516072e-04  -4.2746629551375782e-04  3.0545600936795099e-03  -4.9481155752411558e-04  -5.2847588217120863e-04  9.5269033745669258e-03  -4.0481600769248297e-03  -6.1761966445682910e-04  5.8616502937958691e-03  -4.2893101831091617e-03  1.2402916316146853e-02  -2.5232497068009342e-03  6.6848742219289575e-02  3.1285591721054835e-02  3.9997379243290375e-03  3.4479384372196331e-03  8.0438572306441088e-04  1.5836748001316498e-05  8.5972339785720282e-03  -2.5165776748020323e-03  3.5115315145576184e-02  2.9624430917879727e-02  -2.2453885990984791e-02  1.1729879083321747e-02  4.9419011884681003e-04  1.9732903294625900e-02  6.0793202965920182e-02  -7.6039099661428791e-03  -6.6240723083118439e-03  -6.6607207734681502e-04  -2.5035296336368136e-03  1.2274820735623368e-02  -4.6003328877276314e-03  -2.8911425414074239e-03  -1.1034279963695695e-03  1.3409557826141527e-02  -1.1788185546101823e-03  -3.1820654225170916e-03  -1.3801638259601182e-03  -5.6266046195805504e-03  1.8245108204979391e-04  -1.3979697071028309e-03  2.4032180012085944e-02  1.0287656693860914e-02  -4.9591479840566197e-03  -1.0961692518434329e-02  2.3883420292145257e-03  0.0000000000000000e+00  -6.9785838624178247e-04  -9.8405302923412034e-03  -9.9048592736940841e-04  5.4363494768098417e-03  1.6531757237517732e-02  -3.1336889317593104e-02  -2.4046016018208171e-02  9.2485825823853903e-04  -5.9514198095125858e-03  -9.2698069816989374e-05  -3.3191571206345438e-04  -7.7107684187169257e-04  -1.8998143504547087e-02  -1.4585351564183794e-04  1.8697836905982385e-02  -7.7610564779296404e-06  -8.3925742618437122e-06  1.2365969219495863e-05  1.1753118568850301e-05  -7.7818011215322128e-03  7.5862556934012129e-02  -2.7717304320937939e-03  -2.4221860197296715e-02  -1.3028560114135680e-02  -6.9031182087236673e-02  1.1951647268640599e-02  2.2902397650587505e-02  -1.5140799680279698e-05  3.8258650259693975e-03  -3.2304030253991865e-05  -2.3829807767456945e-05  -1.0502383490173739e-04  3.3288039307275918e-03  -2.4679372329509766e-03  -3.2350697391547844e-03  -2.8350438869166428e-03  1.5031074199061895e-03  -3.3569807498227952e-02  3.2169267107761863e-02  -4.6285818550869974e-03  5.2917362876105455e-02  -1.8708064120397563e-02  -2.6605014290181435e-05  -4.6801141118599197e-03  -5.0030826583253793e-03  -6.6701667368973009e-03  7.1005497309113054e-05  -8.4539933745349973e-05  -2.1762959868661878e-04  -1.7663580801608738e-04  -1.2851426373978363e-04  -1.7225147860360456e-04  -5.1311404214581901e-05  7.8193383217276119e-03  -1.5936318966580341e-02  -1.6501527011519516e-02  1.4716174269452166e-02  -5.5220447965453326e-03  2.1384421575336134e-02  2.9545531724690769e-02  -1.0119356940456051e-03  -4.0893004855629696e-02  1.7951345540942623e-01  -1.9866407357340882e-02  -2.0721049497791199e-02  -5.0878899776057548e-04  1.7768733414511850e-01  2.2718486011268742e-02  0.0000000000000000e+00  -3.8209838555876834e-02  -1.8980630909347099e-02  1.9044553042155816e-02  -6.7196906799766687e-04  -1.3684555461835944e-02  -6.3666354340429207e-02  -3.8133432853432472e-02  -3.0244971005142975e-02  1.2303218485503980e-04  -7.1818610431582542e-03  -7.1492125212243418e-05  -1.8552870288964959e-02  -3.4999984832135432e-03  1.1178834398457925e-03  -5.3296662586221778e-03  -7.8935252994852077e-03  -2.8597541911219247e-02  -1.1386618901958695e-02  -1.0764328297029795e-02  -4.7977426641684466e-03  3.1047994150713472e-03  0.0000000000000000e+00  1.6786408645026576e-01  1.5976900086665893e-01  1.6352472268282145e-01  -1.9445251184608109e-03  -3.1966247415445852e-03  1.9447034379539976e-01  -5.0017122388581799e-03  1.9854664408726450e-02  2.3302701902614898e-02  -8.5468838620649870e-03  -1.3431121159880984e-02  -1.2045954574990796e-02  -6.9009715516527553e-03  1.0368245602483814e-01  -2.1335497504798425e-03  -4.4682415998953404e-03  -7.1254252019401845e-03  1.9224780539473893e-01  1.5084153855228221e-03  -6.3680605408515806e-03  -5.2596732060024350e-03  1.8799280380112129e-01  -2.2826743434116908e-05  9.6194917022004176e-04  -6.9708714972930566e-03  -9.4693628963555428e-05  -2.2120799845254025e-04  0.0000000000000000e+00  6.4075971423065758e-02  -4.8490698990836677e-04  -2.1567459230961195e-02  5.1907272056260318e-03  -1.8253308716595603e-03  -1.4888719375843826e-03  -8.1942413192842567e-03  -4.1812695790207060e-03  -1.5610416668105358e-03  -4.3102674139994697e-03  -9.2160633785783182e-04  -1.9801849954455427e-04  -1.4022153194059920e-05  2.0130196271232774e-03  -3.2026917691212721e-02  -8.4269257246738800e-03  -7.8919062639298838e-03  -1.6195053072155935e-02  -4.4473114586861279e-03  2.1924918591583277e-02  -6.7419281874847746e-03  -7.4149716349591601e-03  -9.8120092547667216e-03  -7.6425171182479563e-03  -7.2018163732150064e-03  -1.3225561765218819e-02  -1.6709153206108669e-03  -1.5051912880148948e-03  9.3690097846690283e-05  3.7578507173655888e-05  -4.5495901280266600e-04  1.9368793684694689e-02  1.3569389900849483e-02  3.3624169962739900e-03  6.9965461749134953e-03  -1.0194191487760113e-04  1.0767014415782693e-02  -8.0489467233790769e-05  -9.5321871883146496e-03  -1.2504371687235158e-02  1.3055215424708560e-02  -7.2877617340235637e-04  -5.0301990915719132e-04  -1.5588638660503969e-02  -1.3954490498324409e-02  -3.3880696462939120e-05  -5.3563340358674843e-03  2.0396555790841313e-02  -9.3426031064556894e-03  -4.1787254343795188e-03  -4.4144297356879417e-04  8.8985915943665637e-03  2.2882683893169311e-03  -2.5245988231522510e-02  -2.5656140941975117e-03  9.4688191022757034e-03  1.5029590109312959e-02  1.3269964295586805e-02  -7.3963345624007701e-03  1.9523621339409648e-02  -2.9127106171324390e-04  8.9493466556975574e-03  -7.9622842711414937e-05  1.2795460751156762e-01  -1.7018364916206443e-04  -2.9827583406627045e-03  -7.8508125515046861e-03  -8.3265500596509008e-03  -6.8603216489825170e-03  -1.2335590822126741e-03  0.0000000000000000e+00  -1.6172514240633212e-03  2.4800882953398570e-01  1.5816709283803349e-01  1.3904669342602538e-01  1.9926255694422003e-02  1.8234548927975963e-04  -7.7927311708611370e-05  1.7303468414393997e-01  1.6182964873226680e-01  1.7286717277782368e-01  1.8936422708577447e-01  1.0542807704098972e-03  1.4162464336169883e-01  1.9207553312197301e-03  -2.0483904762797769e-04  -3.1416352181394964e-04  -1.9846868065911933e-04  2.3492193968404386e-02  -1.2869572592828447e-02  1.8381130929636064e-01  1.3424346624198833e-02  -3.1926626165397501e-02  -2.2237701849454144e-03  -3.8797895746485391e-03  1.8377138029233109e-03  3.6012889658479734e-03  2.3858567174921334e-04  5.2926132930182305e-05  1.4192599666537449e-04  8.4601810600991225e-03  8.7096933572232138e-03  -1.9960939628373797e-03  -3.0368848296991754e-02  2.5959276075871668e-03  3.7707135015275033e-03  2.4834357081458529e-02  6.3565100239416561e-03  -2.5996318570362185e-04  -4.8301077945125922e-03  -2.2128488429483300e-03  2.0257096129555724e-01  1.9482698778732471e-01  -1.5929448123556411e-03  -1.9371923390816131e-04  6.0977290081877272e-02  -7.5795946654075895e-03  -2.3958464490561409e-03  -1.3224656933698503e-04  -5.6364788073292086e-04  -3.9482731004227846e-04  -3.8913288929065700e-04  -6.8132356282827331e-04  4.2861171277568414e-03  3.3512483050758745e-03  7.0300907881295244e-03  9.6009216416380119e-03  -4.5538287019033620e-03  -7.5835370107034099e-05  -2.2697153304953662e-03  9.9238920215036913e-04  8.2959473759110051e-03  2.7641261345407227e-03  -4.9568024835462644e-04  2.8110680960165152e-01  1.2050876177842644e-02  -4.8018479009962202e-05  -4.2504702063275498e-03  -3.8429462509117968e-03  -4.0310140209703508e-03  -1.6846026748431201e-03  -1.2614658071490065e-03  -9.4686059805469452e-04  -1.0419867013727029e-03  -1.9550787364882543e-03  2.6221478854207901e-03  -6.1753022375494486e-03  -3.6320210094183359e-03  5.5902690617225484e-02  7.5720553220520626e-02  1.6816545488799786e-01  -8.6071005349013267e-04  -8.8810721571657878e-04  6.9272659742737636e-02  3.6311230038098788e-02  -5.0982976767306200e-04  7.8896682548489690e-03  6.4110232404801662e-03  6.7107010656441231e-04  5.4363974453415370e-03  4.4204108765575942e-02  -2.4540919333496770e-04  1.2088265061086997e-01  1.4487244707826469e-01  -4.2514267739051839e-03  -3.6270893327758287e-04  1.0536097888392500e-02  -2.8333847478235934e-03  1.6008009608063298e-02  7.6003183196537861e-03  -2.7149590603650262e-03  -5.4111975036634785e-03  -3.6666122999541790e-04  -3.4590799112444473e-04  4.5145327651463880e-03  9.5562822623523527e-03  3.4258972839756617e-02  -5.9726755711830186e-03  8.6348972197825577e-04  -5.7950611155760642e-05  7.7946517943116743e-03  6.0817985210580537e-03  -4.8718738102696756e-04  -1.6756190451641464e-04  -1.3829571211353092e-02  -5.4913144982309296e-04  1.3468280829144391e-02  2.5027624730744381e-03  1.6644725408682592e-01  9.4605154371051381e-02  -8.7757383336254323e-04  7.9021824714103697e-03  9.8560901754288638e-03  6.8870939424592551e-03  1.8661082046299944e-03  -1.7194076415108649e-04  -5.2963318327149756e-03  -9.3996474183209566e-03  1.3499012692459659e-03  0.0000000000000000e+00  -8.3401133764657070e-04  4.2828683444943075e-02  -8.2730542459712541e-05  -1.6418977968823769e-04  -2.4768183109177545e-04  -6.2119331740239595e-04  -3.6553604281244980e-03  1.8625966647766997e-02  3.7606980128389307e-03  -3.1556250007800496e-04  3.1774582470673089e-04  -1.0185834107891366e-03  -1.3389715359137392e-03  -4.2715166824201980e-03  -5.4577669645275500e-03  -5.5961850041897736e-02  -2.1110634883758219e-02  -1.1028094978762101e-02  5.4391885746952195e-03  8.8390617340800993e-03  1.3860537575132332e-02  -2.9028975759440032e-03  -3.0777172028305329e-04  -3.9471327952547843e-04  -2.8690409756494754e-04  0.0000000000000000e+00  1.8164022431281829e-03  -1.7361967220536211e-03  -2.9859654782618111e-04  7.5227159107766503e-07  4.6419670856934526e-03  -9.6950730786295517e-05  4.1452262623891296e-03  2.8376117564156727e-05  -4.5440219458006853e-06  3.6364669367492054e-07  -1.1666051112397236e-03  1.6397846992932865e-03  -1.6263346395980105e-04  6.1597784258146191e-05  8.4408262246817343e-05  1.1881811145658880e-04  4.2048860781532336e-03  3.3652129294473193e-03  8.2895197581089146e-03  -8.7153648992609571e-03  4.1033155394929924e-02  0.0000000000000000e+00  -2.9721543298421959e-03  -6.5421837864304826e-04  -3.6157653792100973e-03  -1.0006986740610355e-02  -9.7315256922002446e-03  1.3857751893296133e-02  1.4734793151727051e-02  1.5386644007518184e-02  -2.1807969857882092e-02  1.6209909023422808e-01  -6.5889407221504770e-02  7.8539946860730295e-03  1.4511214499218121e-03  8.5039147902177092e-06  1.2810332787964918e-01  1.1324239640854912e-01  1.6678348374421323e-01  1.8240948220068113e-02  -6.6657052250416546e-03  -5.3301185705936028e-03  2.8472917907352322e-02  2.0360445329014078e-02  2.0279595078040821e-01  1.3966709608485830e-03  2.3292208446503405e-03  3.8411667402541323e-02  0.0000000000000000e+00  -1.0522399534545682e-02  -8.6204639352904372e-03  -7.8195966043311395e-06  -2.3215010094016090e-03  -7.1444885436214842e-02  -4.5862558966683682e-02  0.0000000000000000e+00  1.2430240812329096e-03  -8.1481667606713619e-05  7.4490897418461599e-02  -1.5703152826735536e-02  -3.6423466578705340e-03  8.3157078597233649e-04  -2.3577998661471401e-04  -2.3115945988751618e-04  -1.4735247955710554e-03  -6.0744736175909414e-03  1.1449495076037444e-02  -2.8599652739929756e-02  -2.9820488803586603e-02  -4.3164592656339306e-03  -5.6806061897278605e-03  1.5891962986605140e-02  -4.0422533292645737e-04  -5.4668921662404902e-03  1.7055683851020068e-01  1.7572425887172732e-01  -3.3883299259061046e-04  -5.7935167670822088e-03  -1.3305700918144489e-02  -1.0730089797250050e-03  -1.0703770907781766e-02  4.6662741893971321e-02  -4.1297616116110339e-02  5.3113406525617808e-02  1.8968144680828622e-06  -5.0261487668085188e-03  4.5804994476009327e-04  -2.7797144988212816e-02  0.0000000000000000e+00  9.2973291320342516e-03  -5.6833541183601115e-04  -2.2849612712912444e-04  -4.2501113026120925e-03  -6.5119132374592749e-04  -2.3488308023343220e-04  -8.2389777800469320e-04  1.4193804333977375e-05  -4.3069346601026862e-03  -1.9727373271169146e-02  -6.1566160521272075e-04  -2.8403290296745622e-03  2.7364625651066102e-03  -8.7723565540349692e-03  -4.1646702638937416e-03  3.1517039721586317e-06  4.3392206679697390e-03  6.4678415025779163e-04  2.0204712271007327e-01  1.3967421754571035e-02  9.8211050662198839e-03  1.2523362096865422e-02  1.7977424910960996e-01  -3.1734283585386645e-04  -1.3436511151253069e-02  -5.3210850784388001e-04  -1.2412649321632893e-04  -1.6352750961407239e-04  -3.1306635345900308e-03  -8.2660006085791434e-04  1.5928611265235676e-01  4.5643645237525609e-03  -9.9651026432515579e-03  -9.0044597667255609e-03  -6.4824192607277533e-03  5.7061660413709617e-03  1.3202915190191846e-02  3.5344012274440655e-04  -1.1506318298253639e-02  3.8677464347779071e-02  2.7529649088182076e-02  -2.3679670209875377e-02  -4.9359273733116339e-03  2.3728827700287888e-02  -4.7116988680270012e-03  -3.2052838696872460e-03  -4.6721940149863804e-03  -6.3484126207396189e-03  -8.4183521296941324e-04  6.8372784548804813e-02  2.2908066739614871e-02  -1.3190280085564967e-03  -8.4712152474195773e-04  -1.0528679447443000e-03  1.1052581791566363e-01  -9.5828823222904400e-05  -7.0999519652474162e-04  -4.5453927739473939e-02  -4.7125778724996938e-02  2.7528560500138455e-01  9.6531488084073303e-04  -6.1313086084143886e-04  2.8246719943424382e-03  9.6277940324927020e-06  7.8582878311151044e-06  7.2508681446962736e-02  -1.5930588473047165e-03  -1.8722978825899333e-02  5.6922027418925838e-04  8.7551513282968646e-03  -2.5389559290519338e-03  -3.5639679965514906e-03  1.6580917917679034e-02  -5.5414964903579293e-05  4.7549827672541491e-02  -1.3703453782816090e-04  -4.3575346897151181e-03  1.9509891360471675e-04  1.2652833108861683e-04  -2.1507379170775066e-04  1.9021364726943576e-03  -7.2121380371738503e-04  -1.1526981755495247e-03  -4.1516332091499284e-04  -2.5108688338900390e-04  -1.4242274857437676e-02  1.2266550282545753e-02  8.1508126039595962e-03  -4.2728527794078330e-04  0.0000000000000000e+00  -1.0416360055896010e-02  -4.6983548144396688e-04  -5.6480018236072238e-03  6.7883925794984951e-03  -1.0503436803137421e-04  -3.5616648895668324e-04  -1.5362079197982106e-04  -2.8649750081739542e-03  -8.2989264609034958e-03  -2.1903113618629844e-03  -7.0572419389912464e-04  -3.0578400152435316e-02  1.1421652851570960e-03  5.3076626878991991e-04  -4.7052701022339924e-02  -9.7611924036036992e-03  9.2719328808948745e-03  -2.1927739183680264e-03  -8.8821428880584232e-04  -1.0551718170811440e-02  1.2429349774105381e-02  -4.2724511744096032e-05  7.5010698032052986e-02  -2.7124115023763627e-04  -7.0093541078967469e-03  -1.5875548913365833e-04  1.1437063900464394e-03  -2.2754454111893654e-02  -2.7093254109552007e-02  -9.9371185704067791e-03  -6.0650819628028249e-02  -1.8487782442117441e-03  -2.5193078724322876e-03  -7.7716371876734858e-03  8.9598211006674967e-03  1.5647387581350894e-03  -2.8389827392712738e-03  -3.0426312344702480e-03  -2.9510218681687246e-02  3.1480738395865449e-04  3.7186010139192024e-02  -7.0210408782069142e-04  -4.1135872958436692e-03  6.1574824289142697e-04  9.3743526871892507e-03  1.5236754320657280e-02  -1.3720958479193844e-02  3.6798794561559243e-03  -1.3733671122569987e-03  -1.5400282594309768e-02  -9.8907092700159030e-03  1.8428984603204548e-02  7.0080032368761442e-03  9.5655198099900834e-03  7.5730930589156826e-03  1.4397351731627355e-02  2.4495231952901121e-03  -3.6155576676720142e-03  -5.2639449919179189e-03  -1.5001070558532455e-03  -5.0040015709145959e-06  -5.8788652510127493e-02  -3.2235504924814080e-03  4.6296025656758749e-02  9.4132457357762774e-03  7.9271043402299353e-03  1.1313376433778572e-02  -1.9285730606382185e-02  -6.1072085023994240e-04  5.6367673835832952e-02  1.9119606022573745e-03  3.2793350457483849e-04  -1.8545639705190048e-02  -1.0968628282397579e-02  8.5655697365521824e-03  4.9174722492992800e-03  1.8023960789798016e-01  1.8657103496907415e-01  2.5576646362194042e-04  3.3856393686184435e-04  1.3577968018884067e-02  -2.5627342746222890e-03  -1.9169475419626312e-03  9.2141649124124290e-03  3.7857282845399966e-04  2.4138075142131749e-02  -3.9825117092164854e-05  -3.9778238322239236e-04  -1.8487050916361852e-02  8.0995710715976862e-04  -4.6199465789064356e-03  -2.4274463022399386e-03  3.3013694594382602e-02  -4.2161153482289607e-03  -1.2331489238046826e-03  -1.6018295094238301e-03  -7.6082399226544140e-03  -5.5557538826925658e-03  1.3019448516838276e-02  1.7575068707647273e-02  -1.0185799977254937e-02  1.1613675898615648e-02  -4.9197593491562925e-03  -4.2689321654988009e-03  -1.7048014933401759e-03  -1.5450422127176100e-02  -1.4267010583455928e-02  -1.6367311490149330e-03  -2.5687963584874901e-03  -1.0981553863749654e-04  -4.4374039128627719e-05  -1.4412561167985895e-02  -1.1587304408009111e-03  2.1925070952919065e-03  -3.0291331395403229e-02  -5.1042970738014816e-02  -4.7001477532890058e-02  7.0923103557680870e-03  -5.8893557283939508e-03  -5.6870502585252072e-03  -8.8226543103580909e-03  -5.9975736739098094e-04  -4.4528701846008090e-04  -3.0306778448859393e-03  2.2165476690499088e-02  -7.1951221997240927e-04  -2.5650881428900939e-04  -1.7880868131652609e-05  2.3010803257672643e-03  2.5585936426822998e-03  1.8404730653576329e-01  1.8566752757665891e-01  1.7591791052155509e-01  -6.3371575720291640e-03  -1.8411874039953448e-03  -5.3786502873107996e-02  -1.1216973390046946e-03  -3.3091880907765866e-03  -4.2101904125970810e-05  -1.4259144353585939e-05  -1.9828604214796940e-02  -1.3595448281579262e-03  -2.5129916135541244e-02  1.5929852268435746e-01  -7.1388728458014724e-03  -4.7540110715084871e-04  1.6677449143717509e-03  -1.2664332885495594e-03  6.2289008119506602e-03  5.5169186119766803e-03  3.6118674614415501e-02  -1.6987870207496910e-03  -8.3039025319459215e-03  -6.7343087162999803e-04  -9.5351623334211978e-04  -1.6954189508260214e-03  -3.9767654571266813e-03  -1.5817307154438111e-03  9.3283915890810202e-03  -1.2678081699219286e-03  1.4857576612547362e-03  1.8380931290596489e-01  1.6400685893525294e-01  2.3009007674444755e-02  3.6194256795784634e-02  -1.8292115427455898e-04  9.9765860408194545e-02  7.3775313341209875e-02  -1.8061566328112278e-03  7.2782718685384717e-02  -4.6855712161640098e-03  -7.7869444584195268e-03  -1.8644725678385612e-03  -7.4911431839107213e-03  1.7436620238656134e-01  -3.3364584283828423e-04  -1.9911332676447971e-04  -4.9412837922282030e-02  -6.5271946784679668e-03  9.9170128559735631e-04  -2.7131382451060996e-05  -5.6655752971145591e-05  -3.0190682780862751e-03  4.9664193913569110e-06  1.6689010627236123e-01  3.2749599397537646e-02  5.5307545506753280e-04  -3.4808111668705594e-03  -6.6445886169394577e-02  -1.6407729399727238e-03  1.7880828651244184e-03  -1.2770174491516809e-02  -3.3866244402784660e-04  -5.0277856247712477e-03  -4.3076984368367773e-03  -3.4597388450689852e-03  -2.4652258600799310e-04  -1.7486114303711196e-03  -2.1987751552953275e-05  -6.4572287603997698e-03  -7.6260805131285253e-04  -7.0549380712305759e-04  -1.3696806506532731e-02  -4.0943737684323231e-04  -1.2664443857153343e-03  1.0721284476178318e-03  8.9738428876453809e-04  9.3676651177980463e-03  -1.8855842698813333e-05  -1.4491077946291066e-05  -1.3622983637215776e-05  -8.7723338851345778e-04  -9.5262229821521790e-04  -6.1002177249003719e-04  7.4681706313119048e-04  -4.6311542508703756e-05  1.8427937703134295e-03  -1.1626391193438416e-02  2.1205078341172433e-02  -6.4757543402073512e-03  -5.5191220651763812e-03  -9.8669378869554233e-03  0.0000000000000000e+00  1.8362445002603373e-01  1.1026474537147135e-02  5.9197680344085700e-02  7.1438472161181727e-04  1.8308826886247182e-04  4.7442085380384883e-04  4.1240085121794674e-02  -2.3786172825549161e-03  -2.2978480663100715e-03  -1.5942491791394837e-03  -9.1313938578267994e-06  -7.0692535438842671e-05  -5.4548993156983572e-04  1.5648682669466694e-02  2.0231660040852341e-02  0.0000000000000000e+00  1.0778037036962651e-05  1.5309758735260529e-02  -9.7964937644273147e-03  -7.4390657198127944e-03  -4.8118098521457847e-03  -2.2598544160899021e-02  -2.8197552745663046e-02  -3.0455035541958764e-04  8.2225920689102736e-05  2.7669321147071545e-03  -3.9829759500333023e-04  1.2939371666526988e-02  4.4580236296922713e-05  -5.3772270891454931e-03  -4.8649701788245444e-05  -3.0647581970275838e-03  -3.7692596281001934e-03  -4.4931571892311709e-03  -1.1021644905852032e-03  -3.9426513054102122e-04  -8.3867916246509308e-04  -1.4924436702996914e-03  -1.6025423039820366e-02  3.6565667996204042e-03  -1.2171674942169881e-02  -6.8002281343018355e-03  -6.3089338425368754e-03  2.6919992969158289e-02  -8.5708756020138395e-04  6.2192996695084758e-03  5.8164165873741871e-03  1.7983708143498756e-01  -1.5365392903716865e-05  -1.6384334813032656e-03  -1.3284683772485605e-03  1.9768922390290757e-03  -4.4644889996970239e-03  1.7916736836444502e-01  -3.2967596694812957e-03  1.4690381463517774e-01  9.6285446054515111e-03  -4.7249453290309324e-04  -8.3881424095978485e-02  -5.9180712006620022e-03  1.9905229903126060e-02  2.5549662254523704e-03  -3.5944386224165278e-03  0.0000000000000000e+00  -2.4804947826286205e-03  -1.8715354721046036e-03  5.7028361211520634e-02  -6.1178575538722815e-02  -9.4700105402234017e-03  -2.4665867846836013e-03  -2.7146162579752024e-03  -1.3674211679012224e-03  -3.4993812333085118e-05  2.3341655235143872e-02  -2.2414825089069770e-04  2.8760465814189500e-03  9.4017954059126096e-04  1.8764362312349689e-03  2.0148506442266558e-04  3.2828337476739899e-04  4.5052535046175750e-03  1.5249525337793693e-01  -8.4622612165334966e-04  -1.2456464402824345e-02  -4.4116390125585874e-04  2.2268662349814655e-02  2.2963812076986657e-02  3.2130152386155512e-04  -1.8932237382777487e-03  -4.2930281858061655e-03  3.9381113148143194e-02  7.7311444730897841e-03  -2.2860119196855554e-02  -1.5684902074517763e-03  -5.7851670369845447e-03  2.3906634510580213e-02  -5.5550691448070328e-03  -1.6585181100258020e-04  6.3959668470411708e-06  5.4417975650324281e-02  4.5393077178967671e-02  2.2759312002392777e-02  -3.2770312099539897e-03  -7.4733619626960888e-04  -1.2002051092700446e-02  -4.5055571926081017e-03  -5.1017228226590795e-04  6.8878632364394151e-03  -1.0956588199733815e-03  -2.5743145846365309e-03  -2.2708848950403322e-02  -1.3828359718496804e-02  -9.4341348478756582e-04  -3.5812949713015101e-04  -8.9421000113008471e-03  -9.8989633611825199e-03  -9.4034747056707408e-03  -1.0881005844389986e-02  -1.4163079097011849e-03  -2.1393064309955774e-03  -1.9590226949284528e-03  -1.5713556328258629e-03  -2.1013696114789465e-03  2.5891776927260125e-02  1.2572863056967623e-05  -6.8882462347469500e-03  -3.9872770438933872e-03  -3.7250284354751195e-03  -1.4162121805150305e-03  -2.3986475106987561e-03  3.5687478772100406e-02  2.0364532319581533e-02  1.6544772544207321e-02  4.8441220517809365e-03  -6.1023247623450053e-05  -5.9934666251195605e-03  -2.8511670453492646e-02  -5.2218580844195173e-02  -1.4725652727556962e-03  -1.0725999366623692e-03  -1.1666006703755949e-03  -5.0336279927343163e-03  2.4841754702747492e-03  1.5331131989020144e-03  1.4957511272528486e-02  -2.3914346502506283e-02  -2.2809211383077702e-03  -5.4013015828662755e-05  -6.5940321569573253e-03  -5.0088326585381397e-05  1.2463754939587880e-02  1.0471283751430926e-02  -4.9262911544726840e-02  -1.8099613796092571e-03  1.8409165774201164e-01  5.7084792640622337e-03  5.9313901556323038e-03  3.5211171052831531e-03  2.8355045299684981e-02  -1.7474825451867491e-03  7.5575366817191170e-03  -4.3112533371900117e-05  5.2324670257134142e-03  0.0000000000000000e+00  -1.9217956306689730e-03  -1.3960431517662003e-05  -1.7323917711594868e-02  4.9339106434747567e-03  5.4709765783053643e-03  -5.0885595886574052e-03  2.0083631805263341e-01  1.9345279844625890e-01  1.3133156489232835e-02  -6.9615377775762181e-03  -7.2553573477496746e-04  -1.9110936992592690e-04  -1.4159582708359148e-03  -1.7188565303814476e-04  -2.2834423264056735e-04  -2.5516448339941750e-04  -3.5421588438034442e-05  -4.7207986068122511e-05  1.7603737607493170e-01  -6.8572957580360959e-03  -2.6451766378155113e-04  8.1752032231101595e-03  -2.0301832797594847e-03  -1.5416613065343952e-03  -1.9431160181646455e-03  -2.4464466800740495e-02  2.8988300512840165e-05  3.5444988216703171e-04  2.1039775561759990e-04  3.7798420097471847e-04  7.7187620724288692e-04  8.8725688543101822e-04  1.5755415017861690e-02  -4.4322105518275427e-03  6.2480990786576420e-03  -5.0925147019129182e-05  -5.2371216041472060e-02  -3.5301942973181996e-02  0.0000000000000000e+00  2.7483518996401958e-04  0.0000000000000000e+00  2.0597862544849714e-04  1.2885186538047018e-03  -1.3504930044721985e-04  -1.6549487739689366e-04  -1.3316120937466238e-04  1.7540847358031172e-02  -1.7848111641077333e-02  -1.7147488623376736e-03  5.4634142460379252e-02  4.5229699626362314e-02  -2.0291284422345816e-05  -5.3963251173749010e-03  5.8594106179016888e-04  1.5763747209334052e-02  5.4454504043373684e-03  -3.0617928151938444e-02  3.7728067686815143e-03  -9.9294569285737853e-04  -6.2898550642454681e-04  -8.7980363402819298e-04  1.8689042622644588e-02  5.7266437798050730e-03  -2.6165447359611842e-02  4.2456510424791198e-02  1.5845478918567776e-03  -1.6728109850582051e-02  2.0663173417364462e-03  1.6553649410408634e-02  3.4920411690307732e-04  7.5695474571633760e-03  -1.1296057975021945e-02  -1.0164972377966959e-02  -1.4816439316177965e-02  -1.6186581633508525e-05  6.9721781283382637e-04  -2.1013793971345219e-02  2.1641871901796820e-03  -1.0230363729846928e-03  1.8155030401218370e-02  1.7406212099124183e-01  -2.6763168256035533e-02  -3.2921004334261018e-02  -4.6272202290986997e-02  -2.9484978617606208e-02  -4.0897976432348318e-03  2.5349675902163359e-06  1.6770529912328164e-02  0.0000000000000000e+00  -3.4545509851756548e-03  -7.9288209430318796e-03  -7.6331012459913122e-03  1.9850339171129848e-02  -2.5343229448911389e-02  -3.5612729020588810e-03  6.3350797928927831e-03  6.1855684942543595e-03  -1.1064261425913762e-03  1.8274424489987326e-02  2.4129904027498924e-02  1.9811384333736550e-02  -8.0150232413275476e-04  -2.4576404477426096e-03  -3.4977754761113702e-03  -1.4577620309011554e-03  1.6723786938235283e-01  -2.4972099846624863e-03  -3.2697898889865037e-04  -2.8414056053013945e-03  5.5214423897660585e-03  1.9276579219946691e-03  5.5278079098727935e-03  3.2769304334823000e-04  -3.7806273729861710e-04  -7.8532064367468537e-03  2.1947629045800435e-03  1.9775613691376697e-03  2.9812226032841227e-03  -1.8102994764895055e-04  -2.0147357913789134e-04  2.6805072911457069e-02  -9.6214154095225594e-03  2.3225058306473806e-03  -1.9550015897761299e-03  1.7998768879677673e-01  -2.3194475880324326e-04  1.8011860196926596e-03  3.4885709847664641e-02  1.1224746829217676e-03  -6.6788327042652262e-04  -7.6927701064112325e-04  3.4665473200018839e-04  1.2097515558819489e-04  -2.0740397329098046e-04  -5.8024383409418503e-03  -6.3194190532643284e-03  -4.1257682088315286e-03  -1.4123080883727127e-03  -2.9865457885116533e-03  -6.3622971363726064e-02  -6.4164922566822130e-02  -9.0675648721417020e-05  -3.5163646216472763e-02  -6.8828623839419260e-04  -8.6985218233457523e-04  -8.4616696345717697e-04  9.9615406403048942e-04  -2.0682940091370020e-02  -7.9638578487219083e-04  -2.8413391385225759e-04  -2.3494945900120128e-04  -2.1143059613121370e-04  3.8703999222702381e-03  -1.5030425340348229e-03  1.3055658566622135e-03  1.1103903162415373e-02  -7.3441945548375432e-03  -7.9625997846630367e-05  -2.2927786085677757e-03  3.7362052787842850e-03  3.9487669937054437e-03  -1.6388599267384681e-02  2.2500833390664168e-03  2.3298846629413142e-03  1.1478063229856507e-03  1.6812029165832493e-02  1.3263288018874692e-02  -7.1079583321883948e-04  -2.4434102787803411e-04  1.0434456584975890e-03  -5.4133175764553402e-04  -7.9257370929960644e-04  -2.0552155521389413e-03  1.1134899286215241e-03  -3.0700109883908166e-05  -1.1412709872903209e-03  -3.1015921418406866e-04  8.9891828501419205e-02  8.6527255098008057e-02  2.8926214858102109e-02  1.1552837208823348e-04  -1.2743985958187432e-02  -5.8643897397229004e-03  -5.5968571297398831e-03  1.6354941805944354e-03  -1.9585480695678854e-03  1.8190495758367728e-01  5.4494794108281563e-02  4.2623008348988398e-02  3.9085729301330523e-04  -6.1098610188933594e-03  2.8173530072115806e-03  7.2508532867502731e-05  1.3240527396181189e-02  1.8230219920272428e-01  -3.5805693709646362e-04  -7.9190382659538448e-05  -2.3954228234307306e-03  2.4035495476130864e-04  1.5153674939442566e-01  -2.7670601204282306e-02  -2.8586041377360828e-03  1.7652791304865541e-03  -8.4082297538186114e-03  -6.5966869582184012e-04  4.8257911437140782e-03  6.5722225143789994e-03  -1.1227232503037089e-03  2.3002387081226576e-04  -2.0512349314536369e-04  2.5786412054685036e-02  -3.9501614763745796e-05  -1.8235273369425081e-02  -2.5917379501690232e-04  -7.4854368023383674e-02  3.0435097048944356e-03  0.0000000000000000e+00  -1.6449662950957261e-02  -1.8229671225235707e-03  -1.1048641728861974e-02  1.5712363535618036e-02  -2.3466609011402591e-04  1.2127874895120972e-02  -2.4605906026326104e-04  1.5823351347551715e-04  -4.2613989928249804e-04  -6.4499684316426213e-03  1.7654055796845102e-02  2.2208243801863586e-01  1.8174164566163034e-01  7.7049171248330550e-02  -8.0854185716187181e-03  5.6788119045424329e-03  2.2368016259694635e-02  4.1279140386521110e-04  -1.1649608465301556e-02  -1.0189353173118199e-02  2.5774080866867159e-02  0.0000000000000000e+00  1.4946979537378921e-04  -4.2026963572600946e-04  -2.1518246551676390e-05  0.0000000000000000e+00  -7.6987714096565980e-04  -2.1151659972277770e-04  -5.7370974288706136e-06  -1.2259625687013703e-02  1.5877114151065557e-02  5.0971044811808715e-04  7.2458369587059010e-04  0.0000000000000000e+00  5.1433411044214759e-03  2.8772804598020078e-05  2.5223557717582671e-02  3.9280325247412332e-02  3.1674456285616845e-03  2.7725548087174745e-03  4.1429556209789751e-03  0.0000000000000000e+00  -4.7808866957549136e-03  -4.2602924313477255e-03  2.5433886915303739e-03  6.1250539125483434e-03  5.4423467216743633e-03  0.0000000000000000e+00  7.8563532428602405e-04  -3.3091569371765517e-07  -9.5853753465151238e-04  4.2200550421126895e-03  -4.2255420074193827e-02  -2.3162134183058597e-03  1.3032409475918924e-02  -1.3033903950667012e-02  -2.4213556797686301e-04  2.7041461423229267e-05  5.2510180043929889e-05  -6.3130446343960035e-04  -3.2287267114400061e-05  2.2558060524067018e-03  -1.6637292138078242e-03  -1.5412810974787580e-03  -1.0304958622864848e-05  -3.3630638428290575e-05  -1.0008790620572234e-04  1.2793264081160866e-03  -2.1744010041644213e-02  2.3470221237815838e-03  4.7001959295607200e-03  -4.9253544197060944e-03  1.9591335232229712e-01  -2.6737008641471892e-04  -2.9581394575861286e-02  -2.1560573196643559e-02  0.0000000000000000e+00  2.3994134787009549e-01  -4.7508708346067529e-04  -3.0105292033937889e-02  -2.2005121749954726e-02  -5.5490252231233028e-03  0.0000000000000000e+00  5.8621513402722721e-04  -5.2144499444142816e-05  -1.2800663787564197e-03  -1.3923305218771788e-02  5.8670468682036986e-02  -7.3249884529839925e-04  4.5624909346297917e-03  -2.8087224979037699e-03  -1.3187350550590484e-03  -4.0400522162529116e-05  -4.1364126825113217e-03  3.5639075423419893e-03  2.6794837084827619e-03  -1.9288727185307029e-02  -3.3324230457148327e-03  -3.1742410639110423e-02  -1.0425273258598176e-03  -5.4416042301801415e-03  1.8283647290559504e-02  6.6548917665818540e-03  1.0463387425188962e-02  5.1494296141420632e-03  -1.0165531479165765e-02  1.2327553405123703e-03  -3.1570032819794465e-03  1.9898408338348729e-04  -1.5889123627520886e-03  -1.1608214328137233e-02  -7.6553431720533644e-04  -1.0847197692825559e-03  -1.0034631418881066e-02  1.3680432737572025e-02  1.6938301220022858e-01  7.3728127807371549e-03  4.5536424315552526e-03  -7.1865135135316960e-04  -8.7953732484003511e-03  3.2039092447244235e-03  7.1907049879277494e-05  3.1872091217989974e-04  -7.2822551481283249e-05  0.0000000000000000e+00  -5.6078172159455353e-04  -2.3266950925030564e-02  -1.7875442604281331e-03  -5.5713023712546987e-02  8.9182558131373334e-03  -6.6259109104207931e-02  -1.0029419498312859e-03  -9.2302556556671787e-04  -6.2155215062613411e-04  -2.2742578309875097e-03  -2.0619027214876821e-03  -2.0748504187147274e-03  -2.7064224530105661e-03  -2.8621041935578445e-03  -1.7516620131836408e-03  -4.6109032520932577e-04  0.0000000000000000e+00  -4.7320313924745705e-03  -2.7869677556079486e-03  -3.0394361007198206e-02  -3.2617335957509357e-03  3.0524768672674724e-03  -2.3153198250089495e-04  1.8999395302223776e-01  -6.4732421529069177e-03  -2.9814486262350916e-02  -1.7572421932462697e-04  -1.6219577331306711e-04  -2.4654973452947703e-03  -1.7654248660558338e-03  -1.3610105002701382e-03  -7.9663147008229547e-04  1.7182786808611572e-02  -1.2465070079773464e-02  -5.6577681837818973e-03  -6.2638826211215094e-03  0.0000000000000000e+00  -9.2782271973446424e-03  -9.3777773473862069e-03  -3.6830855493315615e-04  -9.0307686673246415e-03  -1.4154535672592373e-03  1.6187478131628665e-02  -9.6905102694915327e-04  -1.0675963110782986e-03  -2.7662674635401980e-04  2.2627842911089952e-02  1.8261703562012881e-02  -2.7290321355853776e-02  1.6999650387813200e-01  1.7466994768915059e-01  -4.3473960585134372e-04  -1.8932264568390566e-04  -1.6724729816127160e-03  -1.2708516084162854e-03  1.7066946061840024e-01  -7.9602934600760849e-04  -6.0996131913159104e-03  5.8134315807436164e-03  5.3784210545337668e-03  -2.1413146991711530e-02  2.3415934050156502e-03  -9.6413339306298459e-03  -1.1128228696313286e-04  -6.1725897424774056e-05  -2.9136207403722188e-03  1.9593866601429014e-01  2.0688864418621575e-01  8.5042283088035478e-03  -4.1319459733000349e-03  -1.7453391994350482e-03  -6.3225810207727350e-03  -5.0032566372541620e-03  -2.2019496663580008e-03  5.6675020758987123e-03  -8.8700731785515234e-03  -5.6817883217691418e-03  0.0000000000000000e+00  -7.6944186050679833e-03  1.0907209542777600e-02  -6.2926001712587231e-03  -1.7095391316630263e-03  -8.0155546917277191e-06  8.7021719762489212e-05  -4.0342069579110953e-03  -8.2695362722604825e-03  -7.9803177919834083e-03  -1.1655251832472034e-02  1.7076168827883245e-01  -1.2252061913027858e-03  -2.5939360547929937e-03  -4.6088050697669055e-03  -1.6097198995698207e-03  1.3199168935183425e-05  -5.1836920553332533e-05  -3.5473865920007886e-04  -7.0055112227317563e-04  1.7616879696744976e-04  -2.7191403085146102e-03  -2.4258430632130251e-03  -2.7981276425363775e-03  -2.6147881090295361e-04  -1.4233027471858927e-02  -1.1222916628107886e-04  -8.1666532436678499e-02  1.4556158172393437e-05  1.7963537723077464e-02  0.0000000000000000e+00  6.0703828957688576e-04  -1.9484103843634610e-03  -2.1887201944783062e-03  6.8975562467328642e-04  3.4319405582789700e-04  0.0000000000000000e+00  -7.1312127591609373e-04  -8.1876290758653488e-03  8.1853987509494346e-03  3.8817964255464148e-03  3.8181028364568954e-03  0.0000000000000000e+00  4.1531247421492711e-03  3.4019411609850347e-03  -7.1181220305303820e-05  -3.9375862543535526e-05  -5.0680376702220856e-04  0.0000000000000000e+00  9.5395881863242354e-03  -5.5160070922364232e-03  1.0782789456583527e-02  -3.1377048270233823e-03  -5.9255605990855883e-03  -7.0843148570131024e-03  0.0000000000000000e+00  -1.2794348161187372e-04  -3.1365001627769903e-04  -6.2802165265312265e-03  1.1879270907025351e-01  1.4956551398372141e-02  2.0203014780353155e-02  -1.4246202113780248e-03  -1.5356318762750386e-03  -1.2895511255307530e-03  -4.3774904478040928e-03  -2.1326029330116943e-04  -3.3653014958801564e-06  1.3676379054594999e-02  -2.8706884928784218e-02  -2.0128545957102529e-03  -1.5541054291179593e-04  1.5238993801252612e-01  1.7814800559991165e-05  6.0039849697945941e-05  5.7996750748710461e-02  0.0000000000000000e+00  3.3248715592080320e-02  7.3755869122592257e-02  0.0000000000000000e+00  -1.9584439312204682e-03  -4.0132710385047785e-04  2.2082073870267425e-03  5.9141610461445468e-04  -1.4005542817420304e-02  -8.1522109296504623e-05  -1.8439138293402074e-05  5.8642515948204065e-03  1.4537626825276010e-02  -1.5680382017947355e-03  1.9114438416302623e-01  -1.9645766945054551e-04  -5.4688793783882715e-02  -5.4218396118210178e-03  -1.3395793539937859e-03  -8.0829847533350485e-03  2.5069256018649216e-02  -1.3015909943917565e-02  1.0110673020781464e-03  5.2585932300722501e-03  -4.1644569524993694e-02  -2.1180056249836526e-03  -2.2988309665573944e-03  -2.9454179230547820e-03  7.8883203719172540e-02  7.8693215583121146e-02  -1.0954586442659115e-02  -2.5549589564367640e-02  9.5498295064986458e-02  1.2449735410605513e-01  -3.0592584758408581e-03  -2.2711846314571443e-03  1.6765955325768697e-01  1.6786430045959233e-01  1.9708142010436047e-01  -8.4341593389874268e-03  -8.2430365359686050e-03  -5.9146958569496356e-03  -5.5267115249496318e-04  3.0976408674446228e-02  2.4638056489494808e-02  2.5329197813942855e-02  -3.0221834456570852e-04  -7.8742394727850530e-05  3.9995327197998856e-03  -8.6433302728411571e-03  -3.1949486649113490e-03  -1.9766159051295563e-02  -1.4003995783824648e-02  -3.1953816501156514e-04  -4.0198555106091280e-03  -3.7540959431551849e-03  1.8089493928637704e-01  -1.8911327293513031e-04  -2.3684045087780806e-03  8.2002579409256576e-03  7.5501350111566658e-05  -1.8131760454134207e-03  5.9825862684757085e-03  -1.1394370562593669e-02  2.4333827370826345e-03  -4.5418990611413980e-04  -4.1934721599789990e-03  -5.3671465416641187e-03  -6.3496719879263313e-05  3.2206373693835832e-02  0.0000000000000000e+00  1.0091315387680849e-02  1.1515060800061522e-03  -7.3010146799612199e-03  4.7495817391489467e-05  0.0000000000000000e+00  -4.6969654814652644e-03  -4.4568898489693786e-03  2.9891143859215189e-03  -3.7195392461120673e-04  -1.6911951801057629e-03  1.4710916176559250e-03  -2.9520800922347549e-02  -1.2820339611803871e-02  -4.3431540291497860e-03  3.6872644004275007e-02  2.5619647111858858e-02  4.1274832958467747e-02  -8.4168875976528687e-04  -2.6388676868057532e-02  1.5788563539660862e-04  5.6589025678701339e-02  -4.7538156533896850e-03  -4.0332372720417370e-02  -4.2624310354907241e-02  -8.7521453814625536e-03  1.7232837418765165e-01  -2.7977214276060345e-02  2.5317375363154378e-02  -4.9414846861267387e-04  -3.0009567916992625e-02  2.6270102730886140e-02  -5.8784733826602337e-03  -5.9178323235871751e-02  7.0110652966634199e-03  -3.6152330267670697e-03  -4.1566530822307558e-03  2.8125780846000609e-02  3.3111761835847103e-02  -7.4121462909669204e-03  -5.8513154869835188e-02  5.9518457915961503e-04  -2.5845239656240703e-03  1.0626936278760443e-01  3.3387973131013639e-02  1.7838130902439006e-01  1.2353535081574966e-02  -1.0200282434029042e-03  -2.4918192081911720e-04  -1.9604825979353188e-03  -1.5652137075421802e-03  1.1397625526667380e-03  -2.1215681367931838e-02  -1.4997425967297566e-03  -7.4818951675789938e-03  7.5859523475780705e-03  -5.0807733294388159e-03  -5.2887233703269119e-03  -1.9660018207631577e-03  -2.5735746423364960e-03  -1.9341747721774969e-03  1.5698782288174874e-02  -2.9999123347615259e-02  4.1882801548930751e-06  1.2402715267296928e-02  6.0567671356485421e-03  -7.2018603400931924e-03  -4.3327626478257631e-03  0.0000000000000000e+00  2.6593629930351122e-03  -3.7454182765992790e-03  -9.4009723931010487e-03  -8.8764000491836149e-04  1.7943791338661105e-03  -2.2181356969270164e-04  1.8445611356221570e-01  -4.5760496194035882e-02  -2.2529117367472771e-03  -4.5437148777714162e-03  -1.9505192326678304e-02  -1.3327838357871885e-02  -1.3343717223695145e-02  7.1852597117027104e-05  -5.2497665822665712e-02  -1.7715017812112169e-04  -3.2453609540438453e-03  4.0099646369996999e-03  -1.4236143330478984e-03  1.6871651038451574e-01  1.8995488784812990e-03  1.2618044197779668e-01  -2.2943730244768439e-03  0.0000000000000000e+00  -2.4758687605782451e-05  -3.5601664605109371e-04  8.7434362113135227e-04  4.2622316473180647e-04  3.3569552778478285e-03  -9.1362553803313846e-05  -7.7968919928127027e-04  -5.1299650425956694e-03  -7.4556340691116210e-03  2.4784655466445157e-03  0.0000000000000000e+00  -1.8209621229658579e-02  -2.6090600474062482e-04  7.2675306368652536e-03  1.1129270356288946e-02  7.7802875974299487e-03  2.4368089260873946e-03  2.6597125267882105e-03  2.2309131185273717e-03  1.7839591644768938e-03  0.0000000000000000e+00  -2.7941281154593113e-03  -2.1744874110801035e-04  -1.9421121270522964e-04  1.9477938440826174e-02  -2.4498413129761610e-03  -2.6045494708031090e-04  2.8560353097037281e-02  -1.8003297403609213e-02  -2.2394174230804913e-02  9.9379554081555532e-04  -2.7323356846165915e-03  1.7051554243691946e-01  -6.9558018416837706e-04  -3.4547343840714967e-05  -5.8308578215204273e-03  -2.6108276867237469e-02  4.5106278002527101e-03  -1.1797755755529780e-03  -6.4821700740688235e-05  3.8116347393774308e-03  -2.4495796435652358e-02  -2.4823824571535346e-04  -7.4649243270580881e-05  7.0195313710132146e-04  -1.0923578913541051e-03  2.2615486355652953e-01  -5.5862312632976377e-04  -2.2933956518372687e-02  1.3513888766549804e-02  1.6010501181787314e-02  1.1154685391404993e-02  -5.3713952474157148e-03  9.1144732284878407e-04  -4.0623805788368092e-03  5.2292865304912604e-04  4.1272306066523524e-03  6.6182816508031867e-03  -3.9406934807790280e-04  3.1365417899743391e-02  -2.6295313171476016e-03  -1.1111721038838936e-03  -3.0038624992863540e-03  8.9348153527654406e-02  9.0732786750232790e-05  0.0000000000000000e+00  4.9708508049337462e-05  -7.3593061772728133e-02  -8.4772501711176572e-05  -4.6670957034474901e-02  -2.0810340820982300e-04  6.5453120023617542e-03  0.0000000000000000e+00  0.0000000000000000e+00  0.0000000000000000e+00  4.0772333912814209e-03  -2.8480680478911694e-04  -3.4751154817325532e-04  0.0000000000000000e+00  -2.1901413101926719e-03  2.2776030089178521e-02  3.9094145575545048e-04  1.7672782305723569e-01  -2.0034215064079737e-03  -1.8780536003771922e-03  -7.7355544821746218e-03  -1.6092860855601993e-02  -4.0290865496283879e-04  3.1291248560994327e-03  -2.4826239981937403e-02  5.1568689134938277e-03  -2.3353841013159004e-03  -3.0070860557315534e-03  -4.5659265531294676e-05  -1.9994476542312803e-02  -6.8594358853656156e-04  -3.3224745208795634e-02  1.3791250951962257e-02  2.1225300956767258e-02  2.0673103691869487e-02  2.6779356930630598e-02  -6.4103072421355621e-05  -8.1833871321811851e-04  -5.9632527406773463e-03  2.4100938605969304e-03  7.3131276026065491e-04  -6.2558606565334921e-04  9.4116653403626238e-04  -6.0001139076666897e-03  5.1464058105052217e-04  -1.2444119632051792e-03  -3.6664350115072409e-03  2.5784483878168452e-02  -1.8376651156389454e-02  -6.4566099018944991e-04  -9.0886579719675167e-04  -7.0849844781323745e-04  -9.2220538289239059e-04  -1.8622178137341896e-05  -8.6222796989918386e-06  -9.5448246489260672e-06  1.1505512647996126e-01  0.0000000000000000e+00  6.6837091768070424e-03  -5.3979332157344431e-03  -1.0669684383985061e-02  0.0000000000000000e+00  1.1675858215814295e-04  2.6606967069646433e-02  4.3094781469660413e-02  -4.3828250325789610e-02  2.3702701673953216e-02  -7.9468192736344007e-03  -6.0928707410145043e-03  -6.4107916049496445e-04  -2.3032045095186066e-04  -4.2451155119565734e-04  3.8985964442390927e-02  -3.7650527835077251e-04  -2.9067802096500277e-03  -3.2508793936160199e-03  -2.4142162399511482e-03  -2.1711005404607122e-03  1.9612110388633891e-03  -2.3806648560300016e-04  -1.6765787653869299e-04  1.0230803550877196e-01  -1.5250733090892558e-02  1.6888270767138898e-02  8.4638714015762406e-03  1.0539167807849881e-02  1.6251476169114678e-02  6.6287192384607905e-04  -5.1233249191256448e-03  -1.2946712429341312e-02  -1.0931378013887012e-02  -1.4404966321593392e-02  1.3870649254895515e-02  -8.8766095916257507e-03  -4.1007086968971007e-04  2.2535660955833939e-03  1.4207373592621569e-02  1.1393533879858397e-03  -7.6148706267700865e-03  1.8968011357727310e-01  -3.5990173851671888e-05  -7.3854907489647433e-03  3.9360162629595540e-02  -3.6519004706977339e-03  2.0047264519532288e-03  -1.4871196079694953e-04  -1.1437186293101612e-04  -3.8477930617660731e-03  -3.2652549622809016e-03  -1.7875848840073229e-02  1.3238581849717705e-02  -6.1615832840855957e-04  -6.8811330207576530e-04  -8.9509752066981793e-03  -2.1749788601043742e-03  -1.6453318070313407e-03  2.5447688110741516e-03  -5.1376889281494397e-03  -2.6449613703757216e-02  9.7879808271562674e-02  -6.5613242560880007e-04  -1.8555696292499213e-04  -9.7411436602283016e-03  -1.9790693323519957e-03  -2.8375346437777634e-03  -2.5827603685045518e-02  -3.5095238919505667e-02  8.9114811342838763e-03  1.0233291410594919e-04  -4.1784095580479977e-03  -2.4645601389316232e-04  2.5651317579177433e-03  -7.1190270070626172e-04  -3.6010880978551294e-04  -1.3330315893297136e-03  1.7719290330674570e-03  -6.2005609642026126e-03  1.6936997151558397e-01  1.1739588051215706e-01  0.0000000000000000e+00  0.0000000000000000e+00  -3.2979233987049703e-02  0.0000000000000000e+00  0.0000000000000000e+00  8.9958078900835882e-03  0.0000000000000000e+00  0.0000000000000000e+00  0.0000000000000000e+00  1.6715153114629314e-01  0.0000000000000000e+00  1.8655673400437092e-01  4.1691398855336374e-03  8.0859698857507385e-03  0.0000000000000000e+00  0.0000000000000000e+00  7.0206795763383747e-04  -7.2294666700349897e-02  0.0000000000000000e+00  -3.5916419938534340e-03  0.0000000000000000e+00  0.0000000000000000e+00  -1.4438570907922778e-03  0.0000000000000000e+00  0.0000000000000000e+00  0.0000000000000000e+00  -2.6521550978188205e-02  0.0000000000000000e+00  1.9145888921137947e-02  2.1270154268644693e-02  0.0000000000000000e+00  0.0000000000000000e+00  0.0000000000000000e+00  0.0000000000000000e+00  0.0000000000000000e+00  0.0000000000000000e+00  0.0000000000000000e+00  0.0000000000000000e+00  0.0000000000000000e+00  1.6383312825334514e-01  0.0000000000000000e+00  0.0000000000000000e+00  0.0000000000000000e+00  0.0000000000000000e+00  0.0000000000000000e+00  0.0000000000000000e+00  0.0000000000000000e+00  0.0000000000000000e+00  0.0000000000000000e+00  1.8840747213013230e-02  0.0000000000000000e+00  0.0000000000000000e+00  -4.9381645052590004e-02  0.0000000000000000e+00  0.0000000000000000e+00  0.0000000000000000e+00  0.0000000000000000e+00  -1.4055223887570025e-02  -3.3687058482562613e-03  1.4224863032177024e-01  -1.0050036557426286e-02  0.0000000000000000e+00  0.0000000000000000e+00  0.0000000000000000e+00  0.0000000000000000e+00  0.0000000000000000e+00  0.0000000000000000e+00  -3.9320010734447404e-04  0.0000000000000000e+00  0.0000000000000000e+00  0.0000000000000000e+00  0.0000000000000000e+00  1.6278647004144531e-01  0.0000000000000000e+00  -4.4953082546674336e-02  0.0000000000000000e+00  0.0000000000000000e+00  0.0000000000000000e+00  0.0000000000000000e+00  0.0000000000000000e+00  0.0000000000000000e+00  0.0000000000000000e+00  0.0000000000000000e+00  1.7856683448242747e-01  -2.5138660262265754e-02  0.0000000000000000e+00  0.0000000000000000e+00  0.0000000000000000e+00  1.9748837173721601e-01  0.0000000000000000e+00  0.0000000000000000e+00  0.0000000000000000e+00  0.0000000000000000e+00  4.6988679765712138e-02  0.0000000000000000e+00  2.5701986017311378e-02  1.8645657501641433e-01  -4.3233922664372088e-03  0.0000000000000000e+00  0.0000000000000000e+00  0.0000000000000000e+00  1.3496324740263802e-02  1.5876740907936254e-01  0.0000000000000000e+00  1.8458407883428343e-01  7.5652078323999283e-02  0.0000000000000000e+00  0.0000000000000000e+00  2.3101478584577208e-02  0.0000000000000000e+00  0.0000000000000000e+00  -8.5214903000038617e-03  0.0000000000000000e+00  0.0000000000000000e+00  2.1715037657141421e-02  0.0000000000000000e+00  -3.0070106388472111e-02  -1.9253835335347795e-02  1.3014953803871240e-02  -5.2793234668124506e-05  -3.0251932840158293e-03  -1.8835989896562454e-02  8.4163883675074651e-04  -3.0820958159823940e-03  -9.7491296966238337e-03  5.6283208524319996e-04  -3.2897468639748392e-03  3.0278663500052366e-04  1.8124070820680099e-02  -8.1789217388656928e-04  -9.3515286703656057e-04  -4.1262707725034554e-04  1.2018891457203189e-03  1.1452415541968409e-03  1.6875226254675724e-03  1.2556646343242469e-02  -8.4871441629580353e-05  -1.0538634839701693e-04  -9.1724559575757128e-05  8.5268645408905965e-03  -5.5549350329308503e-03  -3.2175482812991174e-03  -6.8452377465756239e-03  2.0958611704429845e-03  -1.7248692258916058e-02  -1.1624900460750081e-03  1.1748605720127545e-04  4.0215709061634285e-03  -1.3735042979135450e-03  -7.8287123341740648e-04  -2.0970787315078344e-03  1.5891952630889394e-02  -3.7015698562750896e-05  1.7968532465566936e-01  2.2653386844893715e-02  2.2455921656473490e-02  9.7011713108143254e-03  -4.3561749044275067e-02  -3.0823297334910727e-02  -1.0988224082146511e-03  5.0818807954812915e-03  1.8511914580825325e-03  2.6556875909143442e-02  6.3874564186745969e-06  -1.5262743539778151e-02  -1.6247797201172882e-02  1.8376926396624041e-03  1.5330376031045044e-03  -6.0561817309180764e-04  -1.2171321448070402e-03  -1.5604328813632298e-02  2.3198925603936773e-03  -1.1716286677080088e-02  -1.1846501775027597e-02  -4.1342260510793347e-03  -3.2847225146133167e-03  -4.2288629389832235e-03  -2.2471105971851747e-02  -5.7621074670288167e-04  -6.1491727617253420e-05  2.1303625505103526e-05  -3.4252184027601867e-04  -7.7098201318996085e-03  6.9851987569564428e-02  -4.7816855285447737e-04  -2.3124731681935221e-04  -2.2975804873669979e-02  0.0000000000000000e+00  -1.4019408738719579e-04  -3.5862780623215733e-02  7.5804064858696150e-03  -1.0044581713741426e-02  -1.0807935909977019e-02  -4.5924754510353868e-02  -1.4769235520639312e-02  -3.6012253631182642e-03  -1.1628072940812693e-02  -8.2496678742206564e-03  6.6123501688622952e-03  1.6319535784117132e-02  2.1231686343872628e-02  9.4091480707113005e-03  4.7912002696939675e-03  1.0738475535535849e-02  -1.4727644406370458e-03  -6.6773720308349507e-04  -2.4571441462178565e-04  -2.0208264902332883e-03  -3.0464585528801897e-03  -8.8921785666072738e-03  5.1345494429467066e-03  -9.4926821343404766e-05  3.7917583018330318e-03  2.6121730720830259e-03  -1.2993302288080653e-02  -1.7567446816811418e-02  -2.1586663739926754e-03  -4.5152074628316829e-02  -1.0721094732679516e-03  6.5827683272677174e-03  2.7454673418256179e-02  -7.2245245157788011e-03  -7.0283542498370110e-03  -3.7243168451018857e-03  -3.5192296249266100e-03  -6.3089113447763875e-03  -5.1248247538913955e-03  -7.6623963664106719e-03  -4.3340749541491523e-03  -5.7234285361550813e-03  2.9693410198411044e-03  2.0989407858345794e-03  -8.7246555372111681e-04  -2.1752089262169448e-03  -1.0176289802030272e-02  6.7851404891278531e-03  -9.4931658549809536e-05  2.0008413840183540e-02  -3.5207132163899476e-03  1.6658101981336468e-01  -2.5911130857719252e-04  -3.1587034142309438e-04  -2.1324891262732921e-04  -4.4405254776835865e-05  7.2479647335525555e-03  -8.4690584928139793e-04  -1.3709143291302016e-03  -6.8067050741147141e-03  -2.1927307029001121e-02  -1.9222269833398102e-03  5.4249012552146945e-02  4.0490195536325969e-02  -9.1824429685789070e-03  -7.8660756755233475e-03  -1.0876269396375822e-02  -7.3826100104311735e-04  3.7200098111174573e-03  5.9544515611904729e-03  3.0060657879311353e-03  -7.0589048942230372e-04  1.0198512847973164e-01  -8.6623853231223378e-03  1.7368153696211352e-03  -3.6787272868111344e-03  9.8449337822247756e-04  -9.7786192277501158e-04  1.9259823811538308e-02  3.8222648868111349e-05  -2.5947325878598920e-02  -1.2258406622396589e-03  -1.4372504838204327e-02  -6.6080728353063133e-03  5.8801817729432958e-02  -4.9133512679932238e-03  6.5688264137311325e-02  -4.4929038843608000e-02  -5.9142139975760189e-03  -3.0338951697332140e-03  -3.8366385483135424e-03  -3.2258361070984847e-03  -9.2510721162172849e-03  0.0000000000000000e+00  -3.5228357946877917e-05  -1.5117522646052506e-02  5.6139715804403027e-04  -1.7466390784381838e-03  1.4576667167994620e-04  -3.8934342272424233e-04  5.4286873525331236e-02  4.1846834260342546e-02  4.4979017715142608e-02  -8.9051395883564912e-04  -4.4286249480830105e-03  1.6216146265452039e-01  6.8650643449969934e-02  7.5461122673618308e-04  1.7206993011501998e-01  2.7714620333485367e-02  2.7924293318799129e-02  9.3214595424464120e-04  8.2200444795991739e-03  2.6913254840902710e-03  -1.3880068404932722e-03  -9.5124881948989052e-05  -7.1607739388453292e-04  -7.3245108651490056e-04  -2.3548722074206993e-04  -1.9685846948828460e-04  -1.4102036140260660e-04  -1.3257239632036764e-02  4.0361547837678188e-02  -1.5144811187654337e-04  -5.4266919308038411e-02  7.1306122121423121e-03  2.0745644792348815e-03  -8.3626325087973446e-03  -4.9170933348141425e-03  2.4047060280069058e-04  -7.1806673512514430e-04  -4.7447048029610329e-04  1.8397314079129402e-02  -1.1275354173080711e-02  -5.0063951644196743e-03  -2.0053130854659977e-02  8.2155221662310995e-03  1.2708879629441363e-02  1.0962171940090472e-02  -1.1568835994333986e-02  1.8085673016663084e-02  5.5181712236666584e-06  8.5612004489015979e-03  -2.7615128479519858e-03  -1.2022258163460415e-02  5.7920590688161316e-04  -2.1758395139531189e-02  8.6876477470604547e-04  1.8852106688656512e-03  -9.2303990189046396e-04  -8.2646324016421278e-04  -6.6107772875840891e-04  -1.1984870584453999e-02  -1.7754081118967461e-04  -4.4805058746147659e-02  -5.9566946547135284e-02  -1.1081549828395315e-02  -1.0952671225214696e-02  -1.3127431924321586e-02  2.2032450289955975e-03  1.4373681519140203e-03  1.9103338130679083e-03  -3.1945282283918457e-03  1.0948627918805572e-02  4.1963156795954262e-02  3.5391431544671038e-02  6.9533372054158020e-03  -6.4469735464898863e-03  2.2549622182507232e-03  -3.7795541949144848e-03  -3.4057449368850913e-03  -7.9479231149376019e-03  -6.8485924332269601e-03  -7.9269573971918431e-02  6.3799888224679052e-02  6.9162309955244458e-02  7.0855914771565031e-03  -1.6552252102029569e-02  -3.3861915159323741e-02  -9.4747403906850550e-04  -2.0103645282833179e-03  1.0553546209032982e-02  1.3951590005591938e-02  -3.1936648513652527e-03  1.1216895891573743e-03  -6.1428420789795728e-03  -1.8126291210061228e-05  -4.8303086884173353e-05  -3.8879331097351282e-03  -1.0661589978740761e-02  -3.0797183843187911e-02  1.0928616002057582e-02  6.5074435014019338e-03  3.5120375645814527e-03  5.8386972397416219e-03  5.0930081368931049e-03  -1.0206990501167663e-05  -1.0165054130329790e-04  4.3031992476282185e-02  4.3138737237172278e-02  -3.6620679119145857e-03  1.3335040067930055e-02  2.9875218351601417e-02  1.3239166952260465e-02  -6.2684490424929091e-03  7.3584453953945878e-05  3.1967971888514444e-03  4.9671430301672925e-03  -3.9391807115591389e-04  -1.5020034189635709e-03  -2.8964636772627132e-04  -7.5609488412375992e-03  4.5695497560085924e-02  1.5689278091994933e-02  2.2569302697034960e-02  2.1867520830522957e-02  1.3631678666088312e-02  9.0507683149279074e-03  1.1753700714211342e-02  1.0068616483683969e-06  -9.4931510568998668e-03  3.3390548007829256e-04  1.7082154619487624e-01  3.4053032308109200e-03  -7.4003428332081970e-04  8.3714852731702802e-02  2.3790792633763264e-01  2.3170367564489464e-01  2.2381589576748950e-01  6.1461034124930258e-02  4.6581262730000621e-02  1.5991304063439496e-01  4.3109912732959884e-03  </DataArray> 
</PointData> 
</Piece>
</UnstructuredGrid>
</VTKFile>