<?xml version="1.0"?>
<VTKFile type="UnstructuredGrid"  version="0.1"  >
<UnstructuredGrid>
<Piece  NumberOfPoints="4314" NumberOfCells="8160">
<Points>
<DataArray  type="Float64"  NumberOfComponents="3"  format="ascii">0 3 0  0 0 0  8 0 0  8 3 0  2.867710717229508 1.3 0  4.867710717229508 1.3 0  4.867710717229508 1.1 0  2.867710717229508 1.1 0  2.867710717229508 1.114934919164796 0  2.786809017792013 1.141221474770753 0  2.786809017792013 1.258778525229248 0  2.867710717229508 1.285065080835204 0  5.163190982207987 1.895105651629515 0  5.232289282770492 1.8 0  5.163190982207987 1.704894348370484 0  5.132289282770492 1.714934919164796 0  5.132289282770492 1.7 0  3.132289282770492 1.7 0  3.132289282770492 1.9 0  5.132289282770492 1.9 0  5.132289282770492 1.885065080835204 0  4 0 0  4 3 0  4.132289282770492 1.7 0  3.867710717229508 1.3 0  2 0 0  6 0 0  6 3 0  2 3 0  4.132289282770492 1.9 0  3.867710717229508 1.1 0  0 1.5 0  8 1.5 0  1.41165265279055 1.298870203720733 0  6.557978915017781 1.339361446642959 0  1 3 0  7 3 0  3 3 0  3 0 0  5 0 0  5 3 0  1 0 0  7 0 0  7.208166533205616 2.05544435547041 0  0 0.75 0  0.7986462588514169 2.050902494099055 0  8 0.75 0  2.097650735901367 2.013892834100178 0  6.044543905822038 2.090906402264964 0  5.746530553886537 1.166932899454492 0  7.311816359687753 1.125 0  0.6667252939848287 1.125 0  0 2.25 0  8 2.25 0  1.458852527965445 2.40674549028785 0  6.5 0.5776075768114215 0  2.078929455213757 0.8189047603954011 0  4.582100403840623 2.415745487486441 0  4.5 0.5157454874864411 0  3.5 2.484254512513559 0  3.417899596159377 0.5842545125135589 0  5.376429463074429 0.5811593173557419 0  5.5 3 0  1.167656020613362 0.6615324673923032 0  2.643528804375846 2.420330302478464 0  6.5 3 0  0.5 3 0  7.5 0 0  0.5 0 0  7.5 3 0  2.64416450929207 0.526505455152227 0  2.235283183791992 1.414144723774927 0  6.635206765597857 2.363622779447193 0  5.25 2.467342761548557 0  7.087940618980169 0.5813385754714462 0  0.6078094314509591 0.5588769801548136 0  5.938149519135224 0.5587539183765556 0  1.55530781648005 1.847693018869015 0  4.040455927943377 2.440613439467595 0  3.959544072056624 0.5593865605324049 0  1.5 0 0  6.723941940760127 1.841890171639838 0  1.75 0.4377657819725458 0  3.367710717229508 1.1 0  3.367710717229508 1.3 0  3.632289282770492 1.7 0  3.632289282770492 1.9 0  3.5 0 0  4.367710717229508 1.1 0  4.367710717229508 1.3 0  4.632289282770492 1.7 0  4.632289282770492 1.9 0  4.5 0 0  5.5 0 0  4.5 3 0  6.5 0 0  3.5 3 0  2.5 3 0  2.5 0 0  1.5 3 0  0.75 2.557130574582202 0  1.954968204596375 2.497640721193419 0  2.589528830791129 1.927249589178254 0  7.25 2.559880135504977 0  5.706080480677493 1.692466552296591 0  0.9589491438644403 1.555713638945311 0  0 1.875 0  0.4711383770044799 1.671340302877688 0  7.490576781753544 1.615908969055249 0  6.209187039510035 0.9828254411926842 0  6.107029525524136 1.464107553894504 0  7.576308886314379 0.4907940757904138 0  7.002840445696584 1.471112834611592 0  1.619993978936652 0.8837078468516766 0  6.791692034980759 0.9384895881470032 0  5.767538815989558 2.532971748299625 0  0 2.625 0  8 2.625 0  6.25 2.61433234625017 0  5.523522714629234 2.103284199340092 0  4.945739321216717 0.4476362278317392 0  3.063618302761035 2.561435711918386 0  5.323049468641551 1.2 0  1.807683097806791 1.488421044109959 0  2.216688930345192 0.3921984742280334 0  0 0.375 0  0.4293416105304413 2.270865350291105 0  2.42050400503355 1.043383950744006 0  7.636632639362969 2.020247570087719 0  7.638452901622522 2.4375 0  8 1.125 0  7.626817518209049 0.8841140868721411 0  1.162428424992108 1.895125204173179 0  3.020309512323622 0.6990430340805894 0  0.3343046852657829 1.314174881986018 0  1.046163575030057 1.182053204508271 0  0.3715583454353708 0.8695905646044373 0  6.22780491763278 0.3080167309451279 0  6.795564563757008 0.3282462798014599 0  8 0.375 0  8 1.875 0  0 1.125 0  1.136088520088811 2.631180694280134 0  1.753315561328207 2.169703112021 0  2.25 2.724391867549469 0  1.384504606094719 0.3562253945629708 0  1.104087309914445 2.261536489402727 0  6.75 2.720563965823547 0  0.3851030757758502 2.643143360163351 0  3.677289214702832 0.3228086697420884 0  4.25 2.736924281879225 0  6.324082006019272 1.802259552413157 0  1.974971238353035 1.166402958475582 0  4.756191943357653 0.766760025534431 0  4.31573058689961 2.188717792373409 0  3.789704600480132 2.703634820119686 0  4.937991016297355 2.253354002836323 0  4.908319766827304 2.631973601446884 0  3.25 0.2627652873933196 0  3.648244867446872 0.8421272562567794 0  3.239575589701254 2.235134529545382 0  4.25 0.2578727437432206 0  2.585513960969982 1.548900548635162 0  7.25 0.2595026332658366 0  5.647924517851606 0.3351697566415819 0  3.764369861653013 2.221598953845803 0  4.235267323804291 0.7784010461541973 0  7.689440178167668 1.3125 0  2.285001908600924 2.332099061463866 0  5.666379643255515 0.8074071529653095 0  5.18074972129517 0.8774362752139394 0  5.241090636342079 0.2563307911800002 0  0.9319118949190903 0.3692672183467202 0  0.8985991945588685 0.8731719783614801 0  2.855147155495645 2.146934182403637 0  2.75 3 0  1.663226435258566 2.690624569978449 0  2.939882957033212 0.3780979206482474 0  6.985339711297561 2.327876192100498 0  6.381361006477714 2.137412836485518 0  1.309654713908686 0.9878272368309413 0  1.27988810057407 1.594008109033467 0  2.680496878792941 0.8487843568214093 0  2.386629179471002 0.7234463632089568 0  0.348649704302614 0.319032939070152 0  6.008454568099568 1.766390770036246 0  4.75 0 0  7.70469563562361 2.75209418083148 0  7.75 0 0  7.037235443527565 1.787267050688173 0  2.319473716577582 1.732712331801885 0  3.25 3 0  7.365805426616428 0.7177291814301116 0  5.559858391052263 1.414690082210482 0  0.5031549867190493 1.974791872793416 0  1.867077534528698 1.798421580577183 0  2.625 2.723346522866679 0  1.370701051886527 2.116137270077424 0  4.543610142191923 2.708232470755346 0  5.25 3 0  5.485749041683906 2.681691874213043 0  5.237638379956419 2.170832927386834 0  7.101221119976134 0.8937956604094848 0  6.793675989724994 0.6258527617521072 0  7.022122294557795 1.177357539193149 0  6.506539920842055 1.040807183058529 0  0.6106406317561007 1.413101678234084 0  2.75 0 0  1.691203560967786 1.223292309659718 0  1.459410361368324 0.6390916418058255 0  7.438163211620504 2.229743577668957 0  0.2242897172179896 2.062506491700985 0  3.315490848132871 2.71328107470454 0  4.693763253366936 0.2912047141798712 0  7.774763857652355 1.6875 0  5.923679232385114 0.9394673749505282 0  0.6508982500425065 0.2607280794495775 0  6.512591342726993 0.2926869414546706 0  3.257359319360929 0.8421272562567794 0  6.03886795612697 2.395170306301472 0  6.218350291055279 0.5897703496031864 0  5.947604145712726 0.2770002997184974 0  3.970209006249202 0.2790016632861738 0  6.030695233623034 1.196419636109342 0  5.833985999769297 1.430977071328052 0  0.2537102691224813 0.5987387840971743 0  6.78733620603451 2.121084382877373 0  0.2062781834921361 2.433125761930927 0  5.171901419160467 1.4298236609796 0  6.301520811005332 1.241373181279577 0  2.484504202805584 0.2872328150467813 0  2.839628667846876 1.8 0  3.920120963862451 0.8296932802662025 0  4.045999654178972 2.167737667965339 0  4.312812272268384 2.461593563875665 0  4.75 3 0  1.542385981731496 1.534218349397484 0  5.75 3 0  2.04908653447736 1.602678170752212 0  5.439793557208673 1.659678807864246 0  5.167822453290693 2.733671380774279 0  2.547742086771926 1.27891893963718 0  1.399170649644226 2.665219738130247 0  5.784467261502475 2.234739768679649 0  5.755770934160559 1.962136329265246 0  6.543769933373003 1.622723533591602 0  0.635134041664577 0.8632474928900919 0  6.9853940747238 2.594772781602023 0  0.25 3 0  1.25 0 0  7.430623651981778 1.359738857399183 0  7.303433322956512 1.806160366484352 0  4.882289282770492 1.7 0  4.882289282770492 1.9 0  4.617710717229508 1.3 0  4.617710717229508 1.1 0  4.382289282770492 1.7 0  4.382289282770492 1.9 0  4.117710717229508 1.3 0  4.117710717229508 1.1 0  3.882289282770492 1.7 0  3.882289282770492 1.9 0  3.617710717229508 1.3 0  3.617710717229508 1.1 0  3.382289282770492 1.7 0  3.382289282770492 1.9 0  3.117710717229508 1.3 0  3.117710717229508 1.1 0  5.984724554848872 2.716235909861342 0  5.523041764891418 2.387607921842295 0  1.25 3 0  7.74480857454258 0.2742942836382806 0  4.21839970520302 0.5180900756820473 0  0.9125447273797292 1.814232677558158 0  3.504351539559964 2.224371342091134 0  5.442207371360597 0.9588861955223088 0  3.69951610040768 0.5829547247925556 0  4.494428365035792 0.7743018336133697 0  4.692432406500252 2.157872743743221 0  0.2492310022835357 1.804774857047295 0  6.485538958868981 2.73551188879879 0  7.248504355015442 1.537462064405261 0  0.8447762579895453 2.310786765509428 0  0.6072482045418458 2.768544390363408 0  0.9116425213241556 2.757880566682093 0  2.840966435176808 1.545721327608191 0  7.25 3 0  7.440733056446591 2.742601911860564 0  0.9183404223288829 0.621423536897561 0  2.361001318045133 2.073539579853492 0  1.712688954971085 2.420652964311474 0  1.995594281884475 2.246690868902946 0  1.915119465622213 2.754410765069551 0  1.604358618138321 0.2306708051584762 0  1.969464792047741 0.2728299991990761 0  1.99722413829745 0.5571342570015032 0  0.7212344588424591 1.639644556899891 0  1.75 3 0  0.75 3 0  0.75 0 0  5.25 0 0  5.75 0 0  3.25 0 0  4.25 0 0  3.75 3 0  4.25 3 0  3.75 0 0  7.25 0 0  6.75 3 0  2.25 3 0  6.75 0 0  6.25 0 0  2.25 0 0  6.25 3 0  0.25 0 0  7.75 3 0  1.75 0 0  1.835991988443075 0.752051493894587 0  6.397078454712823 0.8107066990882387 0  0.2476004717273127 1.551815918846621 0  2.423427769442183 2.542157868831596 0  7.759541416200238 0.6671671311879238 0  2.602488468319863 2.175511047940172 0  7.49773545120681 0.2558204008487045 0  6.380633561762462 2.393763029831301 0  5.125335447540379 0.6297090500526605 0  3.15936074128331 0.4936480711689245 0  0.8333751174411328 1.306951499032002 0  6.767148705326284 1.192745242118325 0  1.125 0.2139592780219293 0  7.144414976322813 2.779940067752488 0  3.742611356082977 2.464848082738423 0  6.791681794444622 1.602561733583781 0  3.553701399337664 2.762715055525485 0  1.1401635171024 1.401001700444988 0  2.215149579016866 1.1693565376877 0  7.338144746370554 0.4809729814752531 0  5.698523428902231 0.5696458704368361 0  2.887600242820886 2.389581045236047 0  2.835629900869625 2.618878925056337 0  5.756482240856977 2.766399981693797 0  6.316277812595875 1.568532241910649 0  2.729257911623839 0.2471459150074156 0  7.213571451386691 2.28720805316312 0  4.016586420423763 2.765437068585286 0  7.01411462638821 0.2365762187700369 0  6.058357214958062 0.753971627041448 0  1.798838154335226 1.023463319188553 0  5.419872408097069 1.895910275359879 0  6.512066222861176 1.942603562308584 0  4.91453393693991 0.2167468900810688 0  4.728238493449562 0.516827047928908 0  0.244556186718922 1.082801481547004 0  0.1860631571748853 2.771791228550077 0  0 0.1875 0  1.172427966323969 0.4352584130282927 0  1.514267007040773 1.083136816289664 0  2.42164653855887 0.5020809431118816 0  4.475499830265163 0.226367985626452 0  7.762767669166898 1.083010645716629 0  7.540499262463995 1.138450070262615 0  3.097392642901132 2.790231422232304 0  3.276542527019475 2.493067672954667 0  2.019955358068782 1.383079379708347 0  6.619270004119835 0.7695408425341151 0  4.946062761539705 0.8785151949288112 0  1.006721613510319 2.45617305340432 0  3.208592083261515 1.517610370846423 0  3.711461635155691 1.517610370846423 0  4.211549625899462 1.517610370846423 0  4.538894637327624 1.482389629153577 0  4.97544909882012 1.514953491897291 0  3.961515845998785 1.517610370846423 0  3.461103553729207 1.517610370846423 0  3.454092250315778 0.3607648135372704 0  7.593476490638044 1.807287935809798 0  7.418720970748388 1.993064541476478 0  7.759375477954445 2.228342290285595 0  0.6131397319718631 2.159449766264298 0  0.53746068556025 2.472480835932962 0  6.19476312670814 2.245893589268134 0  8 2.0625 0  3.015847252597147 0.9183697843071259 0  1.119135080393347 0.8766933262677995 0  7.001759871147416 2.113963612088028 0  7.1972096357018 1.318498281896888 0  2.193285121319943 0.6391279005031993 0  0.4593949295887272 1.06634248572731 0  4.756030767123592 1.504424330186139 0  5.120623128839856 1.090242988493295 0  5.53839853319126 1.204056753600067 0  6.789314651200832 2.510990771627924 0  1.689399973605109 1.685161903075458 0  0.6983116687774233 1.856874001499928 0  2.270158561778575 0.9016791930900809 0  2.621188634344596 1.054938460866879 0  2.875 2.82790471703626 0  5.430502384390201 0.3680214773287029 0  2.073325063611699 1.808291687424639 0  2.807556259097497 0.666580154520621 0  0 0.9375 0  0.8419453321895767 0.1841462091494699 0  7.307695431414314 0.9172398298196489 0  6.809496466018505 1.395852718063724 0  8 0.9375 0  6.927235286680874 0.7830250207428485 0  7.426255408074332 2.441647283255338 0  7.800330902392888 2.567685363748874 0  6.584476926075205 2.132439032082347 0  4.487778055707467 2.059886827241045 0  6.151272177869195 1.914584858079192 0  6.52653873433675 2.535950695217626 0  4.875 2.835706572451284 0  6.939304059503766 2.802751768802772 0  7.563140490635766 0.6960853103323703 0  5.345896128972625 2.824568046593555 0  1.01776095972705 2.059941079178725 0  1.083819617856035 1.711552347363925 0  1.363988722548327 1.913822905259408 0  5.85840011444528 0.7504384654907195 0  2.1726062245227 2.519778583118927 0  3.075277042976576 2.111639352466269 0  0 1.6875 0  2.16187375956937 0.1900289288158689 0  6.375 0.151991788306835 0  1.649594921121035 0.6892582625665064 0  7.772869616968246 0.4699546533155666 0  1.125 2.836606118931057 0  1.286409207074079 2.503055627997406 0  4.70733437916924 2.581001923001152 0  4.78362986727737 2.393103604811466 0  7.826761028039854 1.96875 0  3.445552710016236 0.9027572846562637 0  5.144634340778254 0.4310597040511563 0  0.1934277911571951 0.7860316348802778 0  0.4419164438330086 0.6779137940132834 0  6.889024622392988 1.951200550183141 0  6.125 2.850977868053633 0  5.364850043472436 1.393559125977737 0  1.732894344667528 1.960376678063695 0  1.570554836671486 2.081873331907971 0  6.96559258622217 0.4272521043193044 0  6.637680547493835 0.4409534795299269 0  8 2.8125 0  7.797039136820446 1.485224869545139 0  8 1.3125 0  5.069044427401851 2.092971965357707 0  5.110752677913225 2.329810964078529 0  4.941680692075519 0.6872323947725324 0  0 1.3125 0  5.470306636828315 0.7590670169197544 0  1.231580075530123 1.23210185242491 0  0.867869677560096 1.077541832918449 0  1.296547513012563 2.297304389384906 0  6.073342420034772 0.422255059605711 0  6.102066643310734 0.1627619710579144 0  6.353543191954826 0.4532714908323412 0  2.916666013215686 0.180578235515376 0  0.4281009333714638 1.48303448627715 0  0.3728700040803372 2.842514809886457 0  1.375 0.1563081562520022 0  1.324085406195804 0.7875019533736878 0  5.085279844392107 2.562359748806845 0  5.882415270522246 1.619845509470479 0  6.305893156662219 2.795192291333515 0  2.387107487793546 1.544890678131378 0  2.698781746227259 1.407474144401789 0  2.642090049414278 1.73910091697833 0  0.5205159984560889 1.246047313672842 0  1.593501766024772 2.272594117400976 0  1.917251903790202 2.073516398917923 0  2.097432123458218 1.014436800607031 0  4.513275882362128 2.242945964041659 0  7.814728204376598 0.9015837515155897 0  6.625 0.1412368305827107 0  3.053838656955199 2.300303118252445 0  0.7481559492293903 0.4269719457839216 0  8 2.4375 0  2.437514873388219 2.729204775590365 0  8 0.1875 0  0 2.4375 0  0 0.5625 0  8 1.6875 0  0 2.0625 0  0 2.8125 0  8 0.5625 0  5.515320607339617 0.1934659068593671 0  1.56340753869395 0.4142293016025227 0  1.441040448053797 1.695399606660292 0  6.625244205952233 2.860281982911773 0  0.1978564909101816 0.1908919878802422 0  0.740880229359087 0.7003424381665937 0  2.125 2.862195933774735 0  0.2430079602497049 2.249163471596284 0  2.375 0.1372908253169813 0  0.4080419033910507 0.4951575741420594 0  2.467674953836446 2.362359812210915 0  2.201103615317742 2.167346243258546 0  4.761328302196354 0.9593137824522014 0  5.399937419562288 2.249050750272351 0  3.817806618762838 0.4418254194584676 0  3.625 0.141437649905519 0  3.81003883925115 0.1790164028369075 0  5.636724229261078 1.002312922164978 0  3.246834045674977 0.6582134726564541 0  1.794136749952308 0.1891802192109945 0  4.887324788904412 2.082661152176311 0  1.852591129693766 1.310540547606834 0  1.30874180398807 2.825550348045974 0  5.811894892491698 0.4224832408907384 0  6.176739187181622 1.690185406517296 0  3.418697719473931 0.1729575030582408 0  7.535240017913442 2.587230040146192 0  3.9407262118018 2.596573683614373 0  3.882995860244415 2.347801139192074 0  4.376520829972412 0.6488981218661758 0  4.35153761611187 0.9144594247969713 0  3.64831700773917 2.085525634608428 0  4.108803231574335 0.6630456254397229 0  4.407996744855136 2.837105441534931 0  4.167227928346879 2.57321100230158 0  4.582983249983029 0.9250001763118918 0  7.582513184472488 1.459291841626738 0  3.125 0.1313826436966598 0  2.365859385445868 1.280061574264478 0  5.560217887420256 1.791121236129166 0  3.005837803505456 1.461774956277891 0  4.241364985246129 2.03233709691174 0  4.185909438218387 2.330694435854612 0  3.382514497407104 2.089764474638273 0  7.168535021953855 0.4202014168279226 0  2.258501093570991 1.912484627010964 0  7.631000703785645 0.1349440316462748 0  3.757808399351966 0.9710636281283898 0  4.125 0.1289363718716103 0  3.559232863651237 0.6973562645114574 0  4.358251762863094 0.4030460362891454 0  4.625 2.869540657466866 0  1.196899279947411 2.071281082913358 0  2.86133117383701 0.8374249590641087 0  7.375 0.1268137104352827 0  3.86762995381411 2.864916866185593 0  6.875 0.1261669217494068 0  4.08329034944938 0.9148540765084197 0  0.1860073635374392 0.4197932791908902 0  0.375 0.1361165943369586 0  3.640617566749212 2.609000386313165 0  1.305914486911127 0.551260886556299 0  7.102397124872775 2.461300649287845 0  6.805768452792187 2.301625724923166 0  5.087140420907872 0.1595842036896619 0  0.7757389204805476 1.472770221849594 0  5.272088331554924 0.7236587064922576 0  5.775399231633051 0.1908636518033264 0  1.625 2.868203145531117 0  1.7968285322819 2.575585405296744 0  1.579086857947751 2.535692128993179 0  4.623518676386231 0.1278784633506462 0  6.657497645892319 1.486875263465411 0  2.076610344177675 2.67303197534848 0  3.622001643221604 2.339035660206553 0  2.22086082772874 1.587989132803238 0  1.946673687888145 0.9311830531087102 0  2.926582116280442 1.969595489709465 0  0.6623826529247996 2.33701853501596 0  5.585873519055239 2.836682283276763 0  4.943484745536734 2.461638517898304 0  1.655334734267103 1.397201594081001 0  4.118067089733109 0.3738784692401986 0  0.1667798302930781 1.387690512766769 0  5.30605680375705 1.550855030606787 0  3.791099749053915 0.7265186848955213 0  3.3831301761504 2.358308945242164 0  6.223172137816068 0.8094780046033235 0  7.828176831238635 2.392181631269055 0  6.209945005390699 2.441640592779025 0  3.410318841103091 2.854984493914103 0  2.752357987629174 2.287705431533248 0  2.746824674923034 2.010710086209684 0  5.156453421848622 1.258794442282752 0  6.344276945609914 1.971279402723507 0  0.1699540491745688 2.600893618573365 0  4.633896049855203 0.659126846333087 0  4.387110715173765 2.623373721425142 0  4.362959504939949 1.465882487994877 0  0.5135876039907781 0.3614894393622636 0  5.875 3 0  2.625 0 0  0.142095496671987 1.21875 0  5.558196403743022 0.4772302556637719 0  5.27925859052014 1.014082099751587 0  7.143554093109542 0.1297513166329183 0  0.3691635266216463 2.475574170869508 0  6.458423777203887 1.476406621006152 0  3.257289282770492 1.9 0  1.841247212045082 2.312701958152308 0  6.888060532881561 1.076104463447628 0  3.815110793589834 2.058715418127103 0  4.007289282770492 1.9 0  6.486125859306727 2.265886256422548 0  3.586070033603619 0.46162499931743 0  4.125 3 0  2.772238515794408 0.4128774512001915 0  2.997903222771555 0.5341081732118104 0  3.101340475544967 0.3376378186053616 0  1.276055846107732 1.76598109115927 0  7.861074398328646 1.21875 0  2.497583475134312 0.8704576488706991 0  2.571855495180567 0.6971876508802503 0  2.375 3 0  2.479792686655196 1.793974495785008 0  7.068454344902021 1.955931477066971 0  5.356917811620673 0.1320364016484779 0  6.266271545013345 1.406875501143009 0  1.148559397277491 1.045123720302179 0  1.462138051327546 0.9277607445902412 0  7.094115155858147 1.62113094678466 0  5.937526212946128 1.938838229879356 0  5.829506690518071 1.808064096233458 0  5.879013244435137 2.095894459013083 0  5.965559574328574 2.241609966144784 0  2.764942410196316 0.9817352532285253 0  1.831664025562644 0.5843286440679029 0  5.943928448552936 2.544258114086402 0  5.281663425778071 1.997712881933623 0  2.076017424989213 2.388474067068805 0  1.026698487394738 0.7427965340281116 0  3.318578903834613 0.4534947661653239 0  1.305437746736628 1.428432621706894 0  6.213073364398251 2.077854079854323 0  6.678752294435425 1.998945307065163 0  5.314594688606371 2.633116437954037 0  5.408057940428498 2.501226243357147 0  7.865155893798977 2.718306759296971 0  7.625 3 0  6.488043027001232 1.778711481663579 0  7.598970441333014 2.275139600450961 0  7.474906332624426 0.974373074165977 0  0.9926901206970926 1.334663150322384 0  7.375 3 0  7.302429455240893 2.839484405838551 0  2.589418967125984 0.160573205914335 0  1.363446130638659 1.139634307777126 0  4.375 0 0  1.471609270878685 2.811743107640477 0  5.646099531879321 2.6441956180658 0  6.876455424126447 1.790872056275035 0  7.218369074684368 0.7830044415895856 0  2.484557508861492 1.422537700260219 0  3.400968828841339 0.7557242237846793 0  7.5625 2.850086854028284 0  0.7394951068194691 0.9834346678148927 0  0.9777776254602533 2.61288695173546 0  6.141396068541463 1.309575850444418 0  1.841440351410258 1.642643431411337 0  1.125465120639187 1.558721560823853 0  1.025153432770374 0.5007290119373646 0  5.125 3 0  5.040504713730139 2.839483813944411 0  5.041539097824979 0.3110676628594344 0  6.101910736662615 2.557689760175526 0  2.619692605299062 0.3699300390208521 0  5.59499356903589 1.952736784778491 0  5.664701426560753 1.300210974999237 0  5.581228481105188 1.58206106278253 0  2.975130070810484 2.691388861645161 0  7.15055728315178 1.060370992754559 0  7.875 3 0  7.875 0 0  1.782779229271821 2.843735958904952 0  7.451402031864321 0.5877348410152579 0  7.245393192981447 0.611803248183685 0  6.773149963088639 0.7786280939948316 0  2.446319576660329 2.206257447976097 0  1.968195713693666 1.924761367887502 0  3.625 3 0  3.69902824976543 2.842328978829103 0  5.980902982913573 1.355528276727733 0  0.4158257396147632 1.830591027558328 0  6.038844204236151 1.609756899135464 0  0.6511961904133072 2.011699674032667 0  0.4650985282776053 2.122541965025047 0  4.780154286618437 2.715603762868405 0  6.899825573352992 1.271050688432696 0  0.9589075497804866 2.204423903090416 0  0.7618873866323318 2.832919007600741 0  7.811350751283079 2.86069569802232 0  5.864799125047986 2.388453566652559 0  4.775360000421073 0.1515718848838658 0  2.434873764139003 1.939654721193176 0  5.893154595761911 2.843924002383728 0  0.5400461398292506 2.628128263336088 0  5.625 0 0  2.665146183788584 1.198104329021841 0  7.846412104511561 0.1544752636589591 0  2.682541309743631 2.574790444002196 0  2.535101320936761 2.849293750001229 0  2.72018934924853 2.846903273004468 0  1.007140902141892 0.9830437645131158 0  6.94299334396044 1.610301229332966 0  3.492710717229508 1.3 0  3.313019795164315 1.427792098972661 0  3.992710717229508 1.3 0  3.813961284677462 1.427792098972661 0  4.507289282770492 1.7 0  6.344518103360742 1.080256585232156 0  6.601010835409775 1.178238884405839 0  6.664755599177465 1.033234936598234 0  6.45456010829872 1.225433125741547 0  0.5324475474396149 0.155251511836864 0  2.3125 2.862195933774735 0  1.178905646604647 2.394633035477955 0  4.757289282770492 1.9 0  5.693233707631153 2.379650625108182 0  5.604323369439411 2.243022031198579 0  5.678949070676115 2.101377687019931 0  0.2336720988318289 0.931887425035292 0  5.849557866004177 1.279565249952611 0  0.3484086833984297 1.969963451567026 0  5.694377569601047 1.485245648297311 0  2.329374548379303 0.2855685966440304 0  0.5892554018250343 0.7176924772211087 0  3.232038930551225 2.055854577338579 0  7.677426710189312 1.574416793413992 0  1.442213581787732 2.25116753098993 0  6.643607896453083 0.6213922837178499 0  6.822653279402399 0.4772274147544909 0  6.94517304037568 0.6324491091652148 0  5.261411428015247 2.317060112784502 0  5.062238868382124 0.7700065787660801 0  4.834870331067766 0.3450670839460343 0  4.552919859935638 0.3655391178783456 0  5.595221758590582 0.6768479630163668 0  1.267632831073803 0.2615972382813228 0  3.507289282770492 1.9 0  6.943949430446644 0.9344170207862459 0  0.1160524134803444 0.65625 0  4.561080114156511 2.561755374437989 0  5.875 0 0  3.138177552895678 2.427893977270466 0  0.125 3 0  7.046360779326055 1.326459002635629 0  5.004554428266368 1.195083356231768 0  3.39211730632452 2.586177416657768 0  3.261728588827597 2.851839980976572 0  3.199916068827826 2.620171331001439 0  3.119843951310816 0.7982391072120053 0  3.30832315625797 0.9732485305498986 0  6.52670245507868 0.8901293461176912 0  0.5848400153130264 1.56596335435241 0  0.6674017033621593 1.274641507210278 0  0.5618739126061632 1.792086769814129 0  5.76973382458448 0.922751607744156 0  7.857018410462389 1.817724462636595 0  5.298230641194484 0.4478922795814845 0  1.526585494111916 0.7700104710329445 0  2.094187634654479 1.253792832537895 0  0.1486289970198112 1.925111999017538 0  0.1121421452617055 2.15625 0  7.859214920240124 2.115716645674922 0  1.829074652716663 1.166372797560368 0  7.477089129174398 0.8219334725476761 0  1.439432136003269 0.4917104072501106 0  4.145162444677059 2.848345520321141 0  7.072798726070664 0.7341422507243213 0  4.436942047369714 2.376913964351114 0  5.332133064301266 0.8582882309463312 0  0.875 3 0  1.661853968122556 1.078581339623473 0  5.848364993547744 2.653776135559956 0  7.44830296022324 1.845809167613617 0  6.613803518053118 2.657871505010198 0  1.542741841423965 1.228952107990869 0  5.896798539861001 1.101570011166096 0  6.074566850137443 0.9074187339339271 0  6.079748421066177 1.056037335526361 0  6.206501040346232 1.12971953642985 0  7.515502310314979 2.104252409059241 0  7.341381872053913 2.118555710086194 0  2.522366744769335 2.055397971783211 0  1.582146363044372 0.5593760045855021 0  5.377879287329199 2.101975826199292 0  5.007289282770492 1.9 0  6.378770512319143 2.541628558668777 0  4.349438464671676 0.1468417465030498 0  7.391911711966598 2.580942120753162 0  7.891156963143806 1.59375 0  5.9375 0.1316334492757439 0  2.056717561145131 0.4078180103615742 0  1.904418623514441 0.4336465415995002 0  6.369889336992574 0.2946152859385334 0  6.657550011105626 0.2828367546478706 0  0.9800608525262985 0.231445576419897 0  5.551742708804334 2.531645833286442 0  7.264023169808544 2.70196834711063 0  0.1187894848410301 1.016022400078962 0  6.495059829035855 0.4343786617154573 0  6.31091976325273 0.6976454990887329 0  6.131528743531966 2.702162284910336 0  5.452527796308931 1.514496412922758 0  6.62491164914128 1.739659752329372 0  7.704898823657882 1.895560865047936 0  2.769043175813922 1.667025775526714 0  5.12318293229895 1.557614840097829 0  4.242710717229508 1.1 0  0.1562588401134581 1.678889415726399 0  3.906321362255585 2.206394159485188 0  6.375 3 0  6.42964975160449 2.867496938167322 0  6.079441738917121 0.5634951713290708 0  6.212250972172929 0.4485302378798268 0  3.956466051259913 0.4188742041653727 0  3.985104503124601 0.1395008316430869 0  5.040594041312673 1.344563060178948 0  3.151782369704545 0.9549119725022728 0  1.875 0 0  1.9375 0.1311287369491469 0  6.801833616860648 2.860281982911773 0  2.940642101252659 1.680254341348026 0  7.226884535052847 1.681845332282505 0  0.7111433826632783 0.1344288863230469 0  5.031618283194441 2.69928819879575 0  5.212678540025905 2.865673259657015 0  7.205375006095466 1.911531887728993 0  1.728353381610152 1.82005005492937 0  6.691243303734926 2.22210650797234 0  7.887762620316224 1.020654934514344 0  5.353375510822531 1.769426124403989 0  3.551907053289715 0.2607333191292539 0  3.492710717229508 1.1 0  3.565312285132188 0.9684182559601974 0  0.3940129240751845 1.188826803130079 0  4.054711732451405 2.026703412203167 0  0.7569010706495038 2.192348573039407 0  2.77370959170418 2.469606942443881 0  0.728072328995665 2.696226138370696 0  7.460818294039435 0.3987892426625297 0  0.8591125328847736 2.4577060012629 0  0.1217484553459117 2.320600752650779 0  7.281842466672703 2.416856594805203 0  0.125 0 0  2.253338501914854 0.7638346624567494 0  6.342748484694381 0.9400121275294135 0  5.691631440156062 1.835138854803365 0  2.060567641036681 0.6810736682787065 0  7.615131011717942 0.3471882268815376 0  7.859357373233593 0.3577084288183949 0  7.821428930215512 1.350154426801268 0  4.999720498203907 1.006105973163674 0  1.8167951901286 0.8876725503806561 0  5.953242616521773 1.500815737764156 0  4.671386119688186 2.302252834439521 0  4.629574775641883 2.040146751149984 0  4.814409151168562 2.206668850599845 0  7.085275158151487 2.227960839972591 0  0.7444595629677877 0.5636556343047403 0  3.875 0 0  4.014254094984821 2.305090932512513 0  4.183794409609201 2.163221042490115 0  6.239079107472565 0.1712079500146235 0  4.810977449777843 0.6320686926695803 0  2.230350969945309 1.033092138325648 0  2.984757903527151 1.842335498095997 0  2.711293004411739 1.85993895648592 0  1.625 0 0  3.586108032173733 1.423594931559806 0  4.08623426014787 1.423594931559806 0  0.625 3 0  7.35324946565567 1.6269568026325 0  7.379802604336874 1.489834387630333 0  6.390631701317073 1.683043500214002 0  2.456354118771962 1.177448852527612 0  6.897322408553167 2.201067000518985 0  3.9309301181592 0.693137721591661 0  3.943230437072374 0.9686888241494858 0  2.546793600369701 2.607632280516193 0  4.875 0 0  0.3129670760570416 0.7211590559575612 0  0.09735010125852463 0.28125 0  2.523532803774995 1.666733889635729 0  1.411145567020038 1.564150660743938 0  1.678493100719589 1.531354636367814 0  1.51417824602172 1.395902896773445 0  5.56015381495901 0.8910892356936729 0  5.397328058296025 1.086766454825167 0  2.126960838692703 0.5223160494862563 0  7.63082091061763 1.027288411737136 0  0.5896989687431717 1.001513759575342 0  4.217552822119128 0.9126164352963408 0  6.881208652632676 2.412883566817292 0  1.824195535760157 0.3227282583617244 0  6.753171488055364 0.1863148031990921 0  1.974588911520395 1.715586322145521 0  1.948267873384355 1.504379720384913 0  2.125651200356441 1.491218604550621 0  1.044543479378743 2.729251228619667 0  6.661761034291562 0.8979814419690552 0  1.875 3 0  1.018156977529694 1.914389668020578 0  7.119994006896481 2.59474536531507 0  6.879892084719612 2.680489065852276 0  4.766351033916018 2.033811401301007 0  2.144056405079114 1.695816588940959 0  2.325601162671302 0.6008233362846406 0  1.490325748300471 1.969510381973917 0  7.6707362189312 2.617479815307373 0  0.5023516464856577 0.8250922951527171 0  1.532813633502172 2.661135027148741 0  1.269307203377818 2.635234180717302 0  1.445443874089805 2.539776839974685 0  6.368412653437215 2.673671968103323 0  4.824256406858285 2.519038800174243 0  3.520592107531606 2.038073446318916 0  7.57233914011204 2.71622454368016 0  6.655391194222001 2.496777224007744 0  0.7674096906724308 0.8537927972714363 0  7.051302354411713 2.876250978505039 0  7.327061878415787 1.264718977511196 0  7.558864944975485 1.329725727330077 0  4.277659672274223 2.86798165763157 0  3.839780134185768 0.3096566503747692 0  4.848407251781773 1.424109475001699 0  3.288311100061772 0.1313826436966598 0  0.3468336957319861 0.9986110113685426 0  0.8214691265669737 1.916144110528157 0  0.9533649587912248 1.688135610383558 0  4.242710717229508 1.3 0  2.625 3 0  7.193858842443361 1.185824408380511 0  7.897798508583726 0.65625 0  1.231430026517763 0.1326445850020311 0  1.125 0 0  4.088138164147355 0.5335123459800428 0  4.23906477263 0.6476233551417273 0  4.492710717229508 1.1 0  6.389839889113142 1.346688605301112 0  5.942606443499674 0.4083759043207221 0  2.226099514317962 2.039033989618964 0  3.829590857593016 0.5718411341579276 0  6.077733280073464 0.2914047616292318 0  5.469202552901002 1.31565918292255 0  0.8131642422450667 0.3125553025569814 0  7.43118679433939 2.876132428203276 0  5.644828609741407 0.1390637940095984 0  3.372876874215269 2.230206640043532 0  1.990526121110685 2.8658115416925 0  1.79322810473034 2.706503777665406 0  1.953083984665941 2.628825435805466 0  4.659212960281219 1.577409158243088 0  3.125 3 0  0.3255146383450133 2.351543081772984 0  7.873897701257987 0.7848878861717216 0  0.7897324675047614 1.75669686752039 0  0.3239564490726379 1.677808465286148 0  1.375 3 0  2.889911172155112 0.9599826115390997 0  4.36386524072577 0.784858245493424 0  4.623512825680116 0.7898444556847469 0  0.8696276459955453 0.4923583553366677 0  6.685262691389653 1.360817281472082 0  0.9375 2.885626324094077 0  0.8478103993528632 2.643826032295041 0  7.637323741359352 2.150578136031569 0  4.505576651036369 0.644747553859386 0  2.972495170903686 2.204322807066821 0  0.8955215657444588 1.421478825202343 0  7.535988794161214 1.940023325434151 0  5.227486387258391 0.127537716090267 0  6.509576578545972 2.392683459923182 0  6.355424607629484 2.265515365597117 0  0.9715763088537255 2.332432934275539 0  3.757289282770492 1.9 0  2.85430454198306 0.5307627361963434 0  7.503203347923676 0.1279485798040284 0  2.360259284049526 1.419451393703555 0  5.249422786291873 0.5978849319555184 0  5.00532102838487 0.5684779686003331 0  0.3313529644675762 2.146037064786854 0  2.755271203397109 2.72143007783681 0  3.874873763507503 2.480770706840561 0  4.317687365473211 2.319795383271471 0  7.016804453718438 1.045021297198186 0  2.874139344748619 1.427141050555416 0  2.711192284794782 1.535579664731713 0  0.4720732525810855 2.748540717414422 0  0.5625 2.888384966942281 0  6.494123269752747 0.7142841124233572 0  3.252437375100102 2.364177846803217 0  7.141109436216551 1.447130454776336 0  0.4556359422364754 1.357259398314089 0  7.729598127596764 0.7979208320993769 0  7.683345103104534 0.562960941181243 0  2.073139421175458 2.14190040657237 0  1.586508954248501 2.400225515669009 0  1.839535178036156 2.441188268577712 0  2.161885068797758 2.291107926819602 0  1.6875 0.1143203606632601 0  3.639113373626057 2.212241612268455 0  3.007706189847022 2.442633873745114 0  1.500351719011825 0.3038145807582616 0  1.508630636993919 0.1350374157421468 0  1.667414437820445 0.3410855260027373 0  0.1273211764046451 1.509083273915886 0  0.285715697557803 1.431084704985989 0  1.930044514058046 0.6657072738734237 0  1.953038899578964 0.8034903696034467 0  1.716430788549749 0.7989105049686822 0  7.374500738153041 0.3002497167792544 0  6.872505008201839 1.505405106181146 0  0.9002260958824571 0.7466513146708307 0  5.397316180439721 2.375363355309738 0  4.748079715232432 2.838434633886562 0  0.8354815473364328 1.584621632232549 0  4.051523229331169 0.7895627892688327 0  2.292631898519998 2.591323088647615 0  2.288550073299154 2.461718928927259 0  2.528770397250185 2.472738528027307 0  4.36897577590765 2.027174571622983 0  4.443623642457241 2.506532446193226 0  5.522401636216791 1.057809286285845 0  1.717789770228084 2.290082852952545 0  1.88172611269008 2.193896139849467 0  1.70635773798316 0.5773266959449989 0  0.1078409869918682 1.800618570263003 0  7.278361307599829 1.41497766614058 0  0.625 0 0  6.499142938696049 0.1266918391307268 0  3.992710717229508 1.1 0  3.742710717229508 1.3 0  5.375 0 0  7.125 0 0  3.375 3 0  5.625 3 0  1.625 3 0  0.375 0 0  6.875 0 0  7.375 0 0  4.625 3 0  4.125 0 0  3.742710717229508 1.1 0  7.625 0 0  4.257289282770492 1.9 0  2.992710717229508 1.3 0  4.375 3 0  3.625 0 0  4.742710717229508 1.1 0  2.375 0 0  2.125 3 0  6.625 3 0  6.625 0 0  0.375 3 0  2.875 0 0  6.125 0 0  6.125 3 0  1.375 0 0  1.125 3 0  6.375 0 0  2.125 0 0  5.375 3 0  4.507289282770492 1.9 0  0.875 0 0  3.125 0 0  2.875 3 0  2.992710717229508 1.1 0  3.594711279086185 1.550813666286042 0  3.347692200649512 1.565971061376489 0  3.507289282770492 1.7 0  4.094859871357259 1.550813666286042 0  3.84863868140731 1.565971061376489 0  4.007289282770492 1.7 0  5.125 0 0  4.875 3 0  5.007289282770492 1.7 0  4.492710717229508 1.3 0  4.257289282770492 1.7 0  3.757289282770492 1.7 0  3.257289282770492 1.7 0  3.875 3 0  4.625 0 0  3.242710717229508 1.3 0  3.242710717229508 1.1 0  6.875 3 0  7.125 3 0  4.742710717229508 1.3 0  3.375 0 0  4.757289282770492 1.7 0  2.336935526496496 1.157687348033647 0  3.515359031747586 2.608568579263296 0  1.058810656035139 0.378059568641186 0  4.417328222014472 1.590136327843212 0  7.685588284670313 2.886755305217422 0  6.668548675929692 1.622760026842726 0  6.748044767656209 1.719461459070427 0  2.728668124939392 2.166164115745169 0  2.627467953411674 2.297052363728251 0  1.566458141778814 1.720312093507532 0  7.901385272119226 0.4795349952375759 0  0.269277807996572 1.206305277858641 0  6.342152475540032 0.5771889038170547 0  3.101231049364317 0.6040605277865247 0  2.710553659755251 0.1211327700526938 0  2.837793813992151 0.3074373886967174 0  7.423109859660763 1.183547394681785 0  1.040144654773883 0.1200401530447529 0  3.5625 2.889425537797817 0  1.211775719536638 2.746398655184875 0  2.322879201158547 2.191494957112259 0  7.602622627520669 1.679017495535132 0  5.367651527337905 0.2581544905812926 0  1.215432684387335 2.198088057614247 0  0.7681876144042596 1.199363652487744 0  0.9293831828119168 1.226807508909244 0  1.95163964062063 2.372253932990631 0  0.1224884045271703 0.5295777345980965 0  4.376746189351828 0.525276553100131 0  4.457643233937628 0.979124954309991 0  2.938895559593485 2.547576427514066 0  2.52601072811994 0.5771077998385938 0  3.216299673673243 0.3836784584232572 0  0.453826771817935 0.2520431493684505 0  5.115494983083859 2.204119956347439 0  0.1156656959856433 0.8859676029964126 0  2.20910250307618 1.293053750842489 0  3.026666305924467 1.589536797364381 0  5.752734839480444 1.044329191043389 0  0.4806397516145327 0.9456758072272942 0  4.09280635322994 0.2505943180146262 0  3.769307353254324 0.8486711499947642 0  2.215112396647565 1.7968141007332 0  4.060116099737678 2.64441037250477 0  7.192289641071851 2.892329622903144 0  7.052715033963806 2.697824709751381 0  7.337682229423129 2.304652669862397 0  0.6204184076553391 0.431676257684697 0  3.743663997275501 2.343121684870062 0  3.620255833304681 2.461426562256074 0  3.760161429353463 2.58542408387886 0  0.920452015291535 1.986900075660623 0  3.440613307599398 2.709002692677441 0  4.162463469383767 2.450866167769243 0  1.611265131961654 1.955783452970732 0  3.037322361074275 0.225809723663633 0  4.660695089709363 2.75001284853497 0  0.5343986251057331 2.344324995166732 0  7.750177246865274 2.062728240743287 0  1.040217225661025 0.6216715555167216 0  4.236982566202177 0.3981532824273408 0  2.090890247777113 0.2900366915940647 0  7.71612373499885 2.342870682968488 0  7.876412484542915 2.275560336023332 0  5.820983978816806 0.6224457643963685 0  7.668770370754172 1.17943584307975 0  3.676107350672055 0.7021748815309631 0  5.743384812682182 0.7145965573332124 0  3.668254185256295 2.726057391329907 0  1.121777381286835 2.506441296756531 0  5.467255411344029 2.803474467870369 0  5.194530348347431 2.615261335473944 0  7.127178400557252 0.2982375994119601 0  7.531143197856003 2.377614517360861 0  5.675455700131141 0.4519262167501015 0  3.503767272061112 2.363561886544474 0  2.088103065150223 1.134022124988677 0  5.502535271401507 0.5907969651103718 0  5.311846936876304 1.880475843355097 0  7.430134908268132 1.723631710595246 0  3.93426624302868 2.008525981882091 0  7.280142862422563 0.3757817242116576 0  7.893599801164695 2.492522752511468 0  1.119079976308987 1.28040089537872 0  1.043754405760558 1.471561864779131 0  2.502782751430535 0.4091996627554077 0  1.846862129565508 1.918237034369319 0  2.690771628654448 0.7229517798455783 0  5.485306239078517 1.991658860134331 0  3.540557237400763 0.5758368195935845 0  6.89084547737485 0.2490479541717065 0  7.024437454928134 0.1172511741916785 0  0.09647758261182336 2.694027680340928 0  0.2665356824420979 2.677997706037204 0  0.1875 2.894449591972501 0  1.288637599723791 0.671409128706958 0  1.983050851276289 1.046072426196938 0  0.7380241391603414 2.434403250657646 0  6.15210557847172 1.57399483165933 0  2.923873906303722 0.6281543759918767 0  0.1044875520361385 2.498902913047549 0  5.250752909977546 1.344120840117051 0  2.370937324690366 1.839577885733732 0  2.339530253552083 0.4091586434978269 0  0.2669437515542612 2.534076997822291 0  2.247015130417509 0.5091078843573744 0  4.878038671293158 0.9825969702666523 0  3.898830847900411 2.750375473114617 0  4.030946561556779 2.884320398692731 0  1.256058476829375 1.092252340856893 0  6.41453799064808 1.87716802927882 0  6.441805177823009 2.036714935753271 0  6.602766907656236 1.860191673605373 0  5.766012209388398 0.3110277939868061 0  0.2882251375036939 0.4834000642924298 0  7.109765101159347 2.343461912283159 0  5.06386038298758 2.442344003851732 0  4.243649521545157 1.414725242589948 0  3.955573138106963 1.401077158435777 0  3.455298849446385 1.401077158435777 0  4.536494070707224 1.595980454458891 0  5.226334181713474 1.623693126133402 0  5.780130054297068 2.883946140384845 0  2.379856427844151 0.8467289429957037 0  5.765879283759526 1.585786875955054 0  8 1.40625 0  4.9375 0.1005790772730056 0  3.703145883371302 0.4658585991437887 0  2.062790146710005 0.1106633883058969 0  6.008091529510573 2.879851022916901 0  5.167016266391759 2.013903035286663 0  7.235091929979842 2.170761305682557 0  1.437606913510873 1.816990541768242 0  4.666827353101387 0.4107656238328141 0  7.259121431036387 0.1160219951543963 0  3.089914186228552 2.674444672650136 0  3.0625 2.901524567723722 0  3.206001184916246 2.750507579951547 0  4.988020369013892 2.354339515100689 0  7.163877977468998 1.791795369934793 0  2.819370833730225 1.913370004354511 0  2.526735595291259 0.9879205054707786 0  6.72128790708771 0.5346018462296354 0  4.696348426916986 0.8714087792731202 0  2.870974854552098 2.272797902345554 0  6.079249124622137 2.281299955878542 0  1.30357315182877 2.017095888445994 0  5.959668007608241 0.6801221805122573 0  5.957155336299169 0.8221443345659208 0  6.13204417359003 0.6657231127667966 0  0.2288184692216246 0.307252073766198 0  0.4547397436798868 2.55170009791202 0  3.011659303297392 0.114062148534531 0  6.719995383530954 2.606461091718503 0  0.6301969034110457 2.548785584834468 0  1.19708848266 1.678192188376904 0  6.275679763856517 2.347791807410105 0  4.891527640183851 0.5494750253916606 0  7.323270352757512 1.922932726852548 0  4.614139166958715 0.5120825598022943 0  0.5977189573555561 1.91084408755265 0  4.5853460982824 0.2563808994150681 0  4.460638101631456 0.1102496378037992 0  4.365414640995261 0.2611935226983118 0  6.777057339317349 1.051287672294811 0  0.6098593461691361 1.682732406840812 0  4.877355826577383 1.576916758315037 0  1.697352351938551 0.9690234408100216 0  1.57783465749046 2.765146409779752 0  7.887707183223691 1.707813137162989 0  6.990942699396955 2.441021794843504 0  3.339276526497124 0.3383588129950921 0  3.469123266291074 0.4778744135071935 0  1.271310773469503 0.3765408517901594 0  1.134197074169284 0.5476394984414614 0  1.168750023928268 0.320314799519456 0  2.565254018276706 1.157063629533534 0  5.062373078119498 0.9030157980083753 0  4.828701109240203 0.8537902114833233 0  6.123791519393447 1.797821242057672 0  0.7357587736521246 1.36594758243589 0  1.56198519716501 0.9806945606330697 0  1.411108541733631 1.037311799528414 0  2.985309733861078 2.803834374035964 0  4.282872109076716 2.573294818075496 0  0 0.09375 0  8 2.90625 0  0 2.90625 0  4.239086770323763 0.1144800343915025 0  6.925225572712391 1.384524855689706 0  5.631057650159935 1.124577471430273 0  2.188569273983676 2.40685795939942 0  2.594738064484881 1.435841684667954 0  7.82161045514363 0.5723053213701533 0  0.1121456623885075 2.034732484377608 0  3.38766987864095 2.473412993716068 0  1.199728664830003 0.7818165813521152 0  1.25739369054446 0.8833801374846374 0  2.640287514380916 2.064924760210221 0  3.499127928263345 0.7991294528569312 0  2.422931555276984 2.840750173773336 0  7.715154041860208 0.9532871838419735 0  5.45604939022482 1.770427737494463 0  4.582413173815038 2.146853010384833 0  1.210782494300124 1.487127723510871 0  3.038721090372074 0.4301339899183568 0  7.365948330422078 1.020005336531243 0  0.8610241212711108 2.146195362590899 0  0.5209941925459121 0.4860459762064763 0  5.335762788831474 1.659404881832566 0  2.130379718748554 1.378806560267305 0  1.987653036455864 1.276868834148079 0  1.683635900718541 2.579227572958108 0  4.705034580000112 1.39388418577819 0  3.694216777354486 1.403212146894943 0  3.193434761238518 1.403033291217974 0  3.14878796348982 1.598414252534637 0  4.453251340675034 1.391194814576789 0  4.578550553048129 1.391194814576789 0  4.29693954768737 1.608805185423211 0  6.958550031025379 1.865093061357554 0  4.134360188733062 2.733149486103276 0  0.3582294327303737 1.570904318479895 0  8 0.28125 0  1.008901919622511 0.8727543070695026 0  2.977504024226161 0.812805816029543 0  0.1128372888418346 0.1139913851224461 0  5.541598317269753 0.3673793468859679 0  5.404808011743192 0.4749308841342524 0  1.167044888560596 1.784627410702176 0  2.257350565199515 0.1188576488668775 0  7.749262488984505 1.794697330337681 0  4.521384379454546 2.820633905955814 0  1.102433453796025 2.142963835932931 0  1.111704961499703 1.996501598810875 0  0 1.59375 0  7.256332735062419 1.029942666408256 0  5.237494910415799 1.120015896910842 0  5.167119344835442 0.987743189634901 0  2.064893361287409 2.497835088731216 0  2.182810518182688 2.632862382032636 0  5.062079348715335 1.455460949338248 0  8 0.09375 0  7.901394171872943 1.453125 0  1.764028543155745 0.6699911920179477 0  6.440440617865225 1.584945653749531 0  3.074948631741 1.389981773637551 0  5.4375 2.909422915950677 0  3.257492263698276 0.5470176528912286 0  6.03829663679883 1.880460119444834 0  1.07459273337069 2.365693754247691 0  1.798898759072088 2.059596829966305 0  1.685345322731125 2.077075232225403 0  7.741622008430105 0.1125532326434186 0  1.887338148310696 1.413921872505391 0  6.32626914961727 2.902379937016405 0  7.690408640517316 1.467026288313969 0  1.645397657043766 2.177640970250586 0  0.6730764050726336 2.899772836930556 0  2.407761463072053 1.659403981723946 0  3.144807093637613 0.2376928261885591 0  6.275269401604959 2.169648533686032 0  6.110535901506541 2.177237119736937 0  6.764838056927819 1.49803465733579 0  5.659897816898444 2.490472503997771 0  2.486120531511455 0.1129132391858622 0  6.791396418816195 2.008138681076097 0  0.560234403171241 1.105658969145627 0  1.76699765940218 1.383540495010738 0  5.8125 0.08880462642528317 0  2.748391185502252 0.5702614916032338 0  2.781637294358306 0.773100539088011 0  0.5208080004972366 2.214443797519124 0  0.5574302597522317 2.067547933770221 0  4.362847466658933 2.733631104489351 0  4.448522126810568 0.3324952182366523 0  7.114645104111735 2.118853581301988 0  6.892933839905012 2.068916563161144 0  2.826461467086504 0.106295672890089 0  2.887404901734849 0.731205300832202 0  6.283178084764123 1.671419575239775 0  5.735441550179077 1.384464976373298 0  6.879231968808215 2.571891040821632 0  6.745792557106442 2.402241343565926 0  1.022718055666621 1.803819345029294 0  3.173762774650429 2.154824214165055 0  3.13298778003236 2.009569598163747 0  2.960661997921271 2.093236352990551 0  7.64158248434566 0.242450634323522 0  2.8125 2.91395235851813 0  2.9375 2.91395235851813 0  2.861825392313049 2.722165576477622 0  1.478590706525022 2.145450288265871 0  0.6887492286105144 1.536695951901574 0  1.943979336217854 1.61348821379954 0  2.151301686945767 1.886281615265713 0  4.824933239905746 0.457877463443801 0  2.667643989032858 0.9564451037456041 0  2.706325491390882 1.101192221639048 0  5.057543583709984 1.987951477850466 0  4.403904008288541 2.242769360801884 0  1.4375 2.913156300757648 0  7.169425238487579 0.6875451781882058 0  2.589507269710819 0.2674276839643893 0  2.181844096973294 0.8441230134300433 0  2.328834277837782 0.9913957125156172 0  2.150126481532848 0.7386351740643767 0  5.4313980638065 1.188442465878095 0  1.415922530807974 1.451404210583513 0  2.055483143776939 2.779207692446076 0  0.4312044569175676 2.384044813408507 0  7.45418951333582 1.077804535152858 0  2.648378191070393 1.306740114513673 0  1.612134622255786 1.613350639180619 0  2.660678725218463 1.632259211674627 0  6.06839696693346 1.984882435710089 0  5.54239984849586 1.683039630964762 0  5.164007672659164 0.728246730565196 0  1.784147478725092 1.730869049653939 0  5.77466565074049 0.8163753712491933 0  1.302311380925096 1.317551086108132 0  6.593196405680544 2.265135239182956 0  6.467511729307087 2.627815909612457 0  7.543127083027158 2.4822280953586 0  1.363931564886441 0.8863525348228869 0  2.195842767464224 0.2893346724673169 0  3.462303331011596 1.003724995553656 0  4.936787144410427 0.3194505369461773 0  0.7015980599009113 2.103458050210548 0  1.969841507055413 1.820125482165132 0  5.384733971036763 1.996191640928592 0  1.886638060597855 2.854911283988462 0  6.977325580112911 2.007191090718023 0  3.522367862039296 0.1605945262725501 0  3.159194928793955 2.313408385099073 0  0.2297904549308174 1.303644212931445 0  0.9357186904480578 0.1356256315815381 0  4.886050063828185 2.374907625752118 0  7.368237903282453 0.8266556300403266 0  7.206474804678463 0.887758044353787 0  7.894389496613166 2.616464586415706 0  7.763605421595302 2.665642214003597 0  7.706916784322362 2.518104772113504 0  6.220166951734866 2.898087843238987 0  4.929363842511151 2.74000642870222 0  0.5059882072786009 0.5920910421593961 0  6.797827956826859 1.292317117133659 0  6.898643403254738 2.898602023154333 0  7.350083433045783 0.6141984975606863 0  4.624700074405644 2.643623523496344 0  4.689599082246295 2.464361640699962 0  1.650296295482178 0.4767947000877805 0  4.107386709494585 2.244188435772231 0  3.43461625608741 1.98538981700509 0  4.934090125079841 1.98393883618548 0  5.151510046619183 0.3208672948938288 0  6.138528289184804 2.366417017815184 0  7.065789486402292 0.387047623205506 0  7.437311623219906 2.333447030372894 0  0.9021612658804503 0.9782027868976342 0  0.7660315800525033 1.095905563320574 0  0.9792662828002208 1.091840137470299 0  6.8633948025219 1.683514815458314 0  7.233751586517944 0.5052569412343464 0  4.956246173484931 2.903590562995758 0  3.972144331254277 2.101828426854332 0  6.865947222163217 0.8664100586400735 0  6.866365040853135 0.6994172947618245 0  7.022474564171685 0.8254579014887684 0  6.990216442268956 0.5333169676878655 0  4.947589776053987 1.393955187215216 0  6.223138696861914 1.836055228002211 0  1.282198923226515 2.399722768336153 0  0.7495629420554665 0.2302733034218978 0  0.8035257727973885 0.08830179205061892 0  5.502639009104429 2.210716997686876 0  1.840253693041584 0.09702024367682315 0  6.175313234451101 0.0900858492459993 0  1.1875 2.918303059465528 0  1.042126024795916 2.902716509443891 0  7.55517686260454 0.5925065235193306 0  4.8125 2.918463061574703 0  3.16074998397032 2.871211570814656 0  4.453621679277408 0.8751757231287733 0  4.27412271659982 0.9957132921923005 0  3.6851707797577 1.983960586523727 0  7.486203254418848 1.508049119866758 0  2.393287597893156 2.439397053052144 0  0.2562950199473005 1.912900658686618 0  4.030917276391645 2.544380396841313 0  6.420903108430647 0.6426712290153335 0  3.350059847005006 0.8754728636688393 0  0.1022132014380883 2.834111059920621 0  1.167201798222253 1.148766442924974 0  6.361196438719774 1.444822513526362 0  3.330421533892804 2.006810635804566 0  0.4126579659385402 0.7759254219877567 0  0.3528771292159685 0.6262892422942079 0  0.634563052617969 2.43669561976168 0  0.1465642527750173 1.11553280673494 0  2.385335723441478 2.294473285409708 0  7.105091658143933 1.24039061344856 0  1.343243267940068 0.4518300244109367 0  3.556708267579304 0.3632675026645091 0  6.716572104440233 0.6932600676396358 0  8 2.34375 0  7.845359897164334 0.2565711533336953 0  7.789580399751646 1.586767569009166 0  5.778384376599297 2.06612226346394 0  5.851681567624152 1.994092594024061 0  1.422069393971344 0.7409448562979357 0  4.142503781511527 0.9952118561553548 0  6.483558133269034 2.161027682754473 0  6.54348845816875 2.039345765590175 0  6.684582071489182 2.103098623834325 0  3.855700605389177 0.9200748423137456 0  4.398732977531765 2.120123673306268 0  2.650248211278018 0.6297406470113008 0  6.588495403966411 2.760830541037421 0  2.536156539133926 2.253393711617237 0  3.065397881255016 1.019485726852539 0  5.747965343971694 2.633508944672956 0  6.963798965100305 1.712798265604986 0  1.585440778912975 1.322176331229039 0  4.816547423227239 0.2448034415046445 0  1.266230670523395 1.871896000440801 0  0.4584927306264087 2.903451292869173 0  6.205489152766498 1.487907950668094 0  5.053404951073951 1.619438911298721 0  2.150225093818608 2.742869924361614 0  2.420817192431005 0.940021125096586 0  5.330700533805158 0.3522036169198966 0  3.178918390032554 2.520862979517044 0  2.430039770132244 0.6247437583455623 0  0.8125 2.920483340829306 0  5.581524300535361 2.729656269188274 0  5.570397378018525 0.7750176583667424 0  5.381138057373234 0.692801641109976 0  5.463273507915829 0.8599155357117483 0  4.801361329273579 2.617131914305487 0  8 1.78125 0  6.238370161016419 1.974947453722084 0  6.634531391655993 1.273499081438538 0  0 1.40625 0  2.295632573159098 1.497983831822312 0  2.486467151752476 1.569491249191661 0  4.763449456821406 1.603665015416064 0  5.5625 0.07985719411899524 0  5.45909154433737 0.1035144396965814 0  5.849556296511741 1.010351716482136 0  2.310899972876183 1.632270866447446 0  2.587017009681985 0.9065666633739536 0  2.579384170291608 0.8018206430938086 0  2.48243529650963 0.7658554645694523 0  5.924825227484222 1.204636144816928 0  1.460556325379767 1.169313378170317 0  5.790979954184209 0.5236217366132838 0  1.368250953608405 0.2568135806599927 0  2.385225103800988 2.639088960336312 0  3.132289282770492 1.8 0  4.867710717229508 1.2 0  0.6308845113530592 2.670942982138257 0  5.3125 2.92023852792222 0  5.258145056913739 2.776600797980933 0  5.382312997696443 2.72032943561332 0  5.672810660810066 2.902200188179125 0  7.897421346107018 1.122801508684306 0  7.670216557271186 0.4391304192682438 0  0.3125 2.922088316748813 0  0.2899378209753472 2.779494643389617 0  1.032004759112842 1.625123094171046 0  4.141308060254617 2.074070003557183 0  5.047937829952639 0.4723560922676748 0  5.16677883154883 0.5334731755586363 0  7.511298950985564 1.237773327500205 0  6.556075190410148 1.517496401899001 0  5.869087777287993 0.3397962948558502 0  2.82132340099965 0.2092490305011144 0  2.933136426208186 0.2787665937109789 0  6.589977448694476 0.9672306561547803 0  0.5047616618803449 1.875274770158272 0  7.658334771808964 0.6612094148651161 0  7.626543200080977 0.7794103020414365 0  7.466139608189802 0.7221026976036402 0  6.445735554258464 2.468527791460342 0  6.820123788706526 1.875945199006868 0  8 0.84375 0  0.3036483459937008 0.2191940605281189 0  0.2692081449164808 0.1078145216890818 0  1.738767106108255 0.2717995449409332 0  6.872259663951272 0.5640366123722662 0  4.560326618492013 1.977293085732309 0  3.025329324164406 2.008646153947118 0  4.031300703940068 1.004782745203206 0  7.761491245468847 0.3717441048613859 0  6.202100801137528 2.779809381805398 0  7.342771677637256 2.494945243705508 0  1.350782206703552 2.578580221336948 0  1.378753704405405 2.465863499814777 0  1.74857738081586 1.60367512868219 0  0.5525595631477166 0.251914263295464 0  0 0.46875 0  6.051802844407474 2.643234498088764 0  5.658446634181536 0.9059190446204539 0  5.60033283063083 0.5784004482476315 0  7.90469186481585 1.905819398337742 0  7.906580570798467 2.028190495179446 0  3.15000182946682 0.6957492675763385 0  6.296766427733673 0.08893538618255602 0  6.440322594700359 0.2257358236128653 0  0.287583887686985 0.8169585136358883 0  0.09928719038769378 0.7542016585052577 0  0.2192197047892523 0.6909853263190573 0  6.985007526472514 0.3306809606099452 0  6.872768502226241 0.3911618496866189 0  1.556944477699997 0.6549178090060792 0  5.019590323172816 2.185378254732969 0  2.050442487862816 0.9205443810994063 0  5.414988348453692 2.605198642127102 0  5.566248944883404 1.299230325932363 0  7.324351192683493 2.021482566847709 0  5.461957423140872 1.416500764505298 0  5.337200357768221 1.297803346492642 0  5.27812409651096 1.446758837107913 0  7.757839725768589 1.233737535964951 0  6.309062776964107 2.466805766430864 0  5.610077922019571 0.2376898188881528 0  2.740430075745357 1.76670665900427 0  2.613497935045963 1.83233321445998 0  6.845901334805594 2.772573020691731 0  0.3446041371674541 1.100122837411311 0  5.905851404800847 1.728683726337919 0  5.806453099672781 1.706807211908054 0  2.17944965501389 0.9459615302164069 0  1.205224346831757 2.559747127719842 0  1.19729516395986 2.295682573001153 0  1.315289069508866 2.199216041164916 0  1.388803243900263 2.335558467670789 0  6.526574123787591 2.840226722574099 0  5.191489297223496 2.387325285304982 0  3.754021624807264 0.260474714094914 0  1.902124735685215 1.100956975861696 0  7.091710640331013 0.4825005522786666 0  0.5309364991043128 1.47825709465178 0  1.3125 0.07637204538150352 0  3.026034203420091 1.751260839407162 0  0.8949227254264606 2.553283750558067 0  5.854600975315428 2.752656301997496 0  0.685829485297498 1.75367937934337 0  6.920940059306395 1.171948301659797 0  0.728958709694688 1.950782061731569 0  3.298336335091244 2.616289636710052 0  0 1.96875 0  1.212910131138694 0.9709360577268472 0  5.860359636777267 1.524888522925723 0  5.976484081820717 1.031643809236466 0  6.114310584448198 2.460922174499594 0  7.899561871789343 2.812668163249356 0  3.5269116487195 1.608805185423211 0  4.027091435106927 1.608805185423211 0  4.19173343955853 1.608805185423211 0  3.69166905937886 1.608805185423211 0  8 2.15625 0  6.064316326128535 2.773764588101542 0  1.309009842408394 2.726251187657779 0  1.87720370800626 0.2406404490015165 0  1.719513260378692 2.769905000151214 0  0.657765901080258 0.6452048331204001 0  0.8176382891034424 0.6339621876216022 0  0.6961663328296427 0.7870913267276328 0  5.189542421847913 2.258779976731811 0  7.91296984315721 0.890625 0  5.463559903967211 0.2761996640554101 0  5.227847297119922 0.3809412483823181 0  6.70561768496984 0.3691838886576134 0  6.569413622198751 0.3716480079962481 0  6.563324927777995 0.5037237547718134 0  5.518447112049778 1.886422216263964 0  3.219614425293976 0.7555840148887811 0  0.816835414600261 2.73605110134748 0  2.162547821269558 0.0913061223894393 0  4.157126004504414 0.8440976991392867 0  4.144730509972188 0.7491397521258742 0  3.999098549789483 0.8764393505224124 0  0.4548232783164085 1.575998102387085 0  5.852982175885141 0.8733296466207821 0  3.657308995266823 1.002159612052911 0  5.161604352027299 2.112694305439404 0  1.535527143278711 2.908519724824284 0  2.936902104890431 1.522761365679391 0  2.945605632605777 1.37432968760998 0  3.1057827787294 1.502860015375021 0  1.399677466990247 2.004009425461974 0  0.6815271599992027 0.354380522723221 0  5.873929258116882 0.2090867028124023 0  4.845363649063324 0.7199756247295662 0  4.916155304642976 0.78579408022238 0  5.034088558058964 0.6603240469769026 0  0.08710893647001661 0.421875 0  6.445822782984757 0.9559945736113831 0  6.154963377722486 0.3710712534571101 0  6.159354237761178 0.2402209554806307 0  6.285092512083224 0.3854757153678446 0  6.432898708458128 0.5082223423734542 0  6.0625 0.07419032937658039 0  6.000539660552772 0.4853479915128083 0  6.00986397341854 0.199638165084285 0  0.3856020241289501 2.062429132699721 0  1.621023638838337 0.7876432011612248 0  1.614585353959838 1.163499893493038 0  6.508145202309807 1.140889337132152 0  1.136307366050692 0.1184504423404814 0  2.499223342065369 1.091869990897622 0  7.576416745962215 1.561005677207517 0  6.202005757018459 1.229803930612065 0  3.443146818535354 2.157304886623055 0  3.311536087473616 2.162666228058749 0  3.333228955284138 0.2157577320676311 0  3.454607080568431 0.2634288713416787 0  3.4375 0.07620823945476801 0  1.453045124318928 0.8320060660281958 0  5.275842073750256 1.724207780524603 0  3.313164545603108 0.7220251117411104 0  2.457315965568165 1.27294674232863 0  2.29990934193872 1.346216716571079 0  3.8125 0.0786148066625509 0  3.724331433148622 0.1266844796675191 0  1.491736198928907 1.614823429643551 0  1.360449816144928 1.644726837760679 0  2.309615290919431 1.9931309231155 0  4.477211744830029 0.4232914601956462 0  7.532928174642727 2.201569101296082 0  5.001216874904943 2.608394970867602 0  5.152415627116245 2.488458624481575 0  1.634899323336909 1.790481597795144 0  1.509247245655898 2.322677071927561 0  1.999112694204717 2.018463643215985 0  1.969258566299102 2.154296587242045 0  3.55249867966142 0.8740422419002167 0  1.431067985796961 0.07815407812600111 0  6.98887202732748 2.231473769666366 0  7.097920555392204 1.863255995229294 0  0.5994518588344615 1.192566997679787 0  0.5501777998717792 1.337882963629655 0  4.620254171253062 2.228934117860649 0  6.027342133961302 2.498956247143168 0  5.944545244323193 2.445948659683264 0  5.858552134758306 2.494565799039792 0  6.708798482946762 1.117582184007736 0  0.9919960836185505 2.808105744226496 0  2.421169091139773 0.3590776050268492 0  6.278906512758697 2.704465659598886 0  6.395399297340736 2.764398599837952 0  2.784024816777393 1.362249843282119 0  2.773757522434058 1.470651977822619 0  4.651244429981651 1.478253510236456 0  4.486268406261722 2.155036034770911 0  4.525256837962009 2.337507525722764 0  3.734598426163658 2.1289223340896 0  3.573065964447593 2.15166566661846 0  5.67329926758469 1.60190950508471 0  1.904674522880067 1.230653519257721 0  7.434522724250967 0.4921862137472676 0  5.015316271226578 1.099967717781192 0  3.943549697244526 2.922919230497392 0  7.904056442049512 2.90853358939935 0  2.283527512723261 1.235853632642536 0  1.736957177733129 1.138681020379446 0  3.907156775375173 0.2017234627970785 0  3.642961060092685 0.2344824742282117 0  3.5625 0.0707188249527595 0  3.068341771075965 2.206037419343639 0  2.975311360728067 2.353492369611391 0  6.713695435368441 0.09380237805479011 0  6.553768608338049 0.2058085632002248 0  0.8393383826305412 0.4031029632773711 0  6.242495549766123 1.315306689843114 0  4.541441654910047 1.014012732469814 0  5.210555746649023 1.525286308458435 0  4.689121408573024 1.029656891226101 0  1.344034241220787 1.232425881292293 0  4.820376184883669 2.302592944154489 0  1.471221092082996 0.3936629177412876 0  5.467002423734686 2.311423348387031 0  5.329481111952409 2.188381262888153 0  6.112167824823598 1.146132394971081 0  5.928311762911842 1.829420729607138 0  6.5625 2.93003153749564 0  6.442081422494447 0.3558931974940535 0  0.2091061342635303 2.158296161011917 0  0.3383396593696265 2.241426671297714 0  0.2318574174520659 2.342585027742211 0  2.530527381705827 2.702911267668417 0  2.342766824095687 2.765393406784836 0  2.058807701750317 1.901006707079456 0  0 2.71875 0  0 1.78125 0  8 0.46875 0  8 0.65625 0  0 0.28125 0  0 2.34375 0  8 1.59375 0  0 2.15625 0  0 0.65625 0  2.21875 2.821640306591914 0  8 2.53125 0  8 2.71875 0  8 1.03125 0  8 1.21875 0  0 0.84375 0  0 1.03125 0  0 1.21875 0  0 2.53125 0  8 1.96875 0  2.848113619180471 2.044229918037486 0  5.828080764092322 1.902699488147145 0  6.6875 2.930250018581081 0  6.71353891140644 2.813564385062512 0  0.6083374865586766 2.256393858191478 0  5.757611408244666 1.293734568932834 0  2.040868961886822 0.2059851892754585 0  4.4375 2.927871042890878 0  7.196241351104129 2.379133356212433 0  7.205175564107691 2.47484407440924 0  5.96017752930686 2.037115972091689 0  1.204904252585983 1.327540342784852 0  7.166336081103529 2.682841904725818 0  7.667092752940236 1.748075740030322 0  1.344171605103949 2.911901337727446 0  1.215678785280343 1.976155603977645 0  3.3125 2.93040336534312 0  3.327436643345806 0.6098305934755148 0  2.96720689759066 1.009184892153563 0  4.783304476069314 2.122921536110647 0  7.615541865838374 1.255841680523376 0  7.320936511404818 2.211234507147966 0  2.1875 2.931097966887367 0  2.0625 2.931097966887367 0  7.336837257661537 1.718920318511537 0  0.2757464058737718 0.389516997664882 0  0.4172959388093898 0.393960613804585 0  0.4833690413158743 1.159725066661898 0  1.452370283380322 0.2119829682946137 0  5.877095034031921 0.4886981066628933 0  2.446929301910111 0.1997171310566054 0  0.901069177594455 0.2811706895995537 0  2.920278813912537 0.08464857460298017 0  7.799053758420964 0.993132016991742 0  0.3756640879104309 1.405653314099897 0  4.983381635720114 2.060180265645318 0  2.557842083682315 2.384549382529844 0  6.084975256841381 1.711886155138999 0  3.848270139135694 2.626201072702804 0  3.966867286723904 2.686301481167514 0  2.628262549469073 2.895887715136036 0  7.616576866643111 2.541487574145038 0  2.248437918946402 2.247017203186789 0  0.4375 0.06805829716847928 0  4.904344880129107 2.171170703435349 0  0.3766962394240512 2.738661422389795 0  4.474434683903013 2.593522419544361 0  2.614993672864203 2.509694343469253 0  5.530747494333902 2.911931946617269 0  5.662293876039467 2.779975410837553 0  2.769921822727127 0.8687760076974407 0  7.103149155594991 1.71702885385851 0  4.202090443937092 2.921055570547684 0  2.149794327879029 2.090741812156544 0  0.7562120346144419 2.342207385785516 0  4.308361277317811 0.5869628787170492 0  3.762458646647168 0.3647126564347901 0  3.888372209770956 0.5009714651265047 0  4.292404482372578 0.8506925835829177 0  7.539215644877898 1.041044386708522 0  2.557419108195269 0.4872021283065607 0  1.396155731394001 2.757878147475136 0  4.323309631450038 1.371940844349457 0  7.525866416629914 1.738005801854698 0  1.782104113353468 1.24803644303711 0  4.194558537366063 2.662173948908131 0  0.8192833758463273 0.9327885074263679 0  0.8568397141150665 2.83546323157592 0  2.732291357362165 2.382430666535558 0  4.46225424862387 1.520086929155784 0  5.109813995977857 2.65095362875657 0  3.269397189982921 1.608805185423211 0  3.787245543400503 1.621115225991604 0  3.427656339094871 1.632985530688244 0  3.927967921507928 1.632985530688244 0  3.835754545040003 2.14956343273442 0  3.898248145930631 0.1106286414763891 0  0.101002998921185 1.311027732904924 0  3.85709630167021 1.010862962776214 0  6.28094479026568 0.5090803465714282 0  0.425872646014816 1.921442564116598 0  3.947424946690187 2.418469462982063 0  3.816248963130586 2.410456922617585 0  3.821758218703084 2.286348113973116 0  2.847948715685986 2.526290153069822 0  5.835072010993649 1.189300840617947 0  4.449573610887625 2.694917688974216 0  7.904878018690739 1.303648648913989 0  5.872770810528806 2.285804602020177 0  5.955323927435501 2.340802588302812 0  5.868768993771296 2.190669403993764 0  4.093800339789443 2.360005689620015 0  4.253826147019775 2.262538020247573 0  4.241372427235038 2.403888544608788 0  7.334002231519508 0.2134144139135908 0  4.365468064145487 1.003905957019714 0  7.425836477867876 0.8974350098026245 0  6.371836856236595 1.173842814770251 0  7.369970141281098 0.3912938868828375 0  4.186847337534853 1.96616854845587 0  4.299681310828522 2.098756158744423 0  7.494389759806539 2.668810819435147 0  5.02901638722973 0.08773916836052702 0  5.011153068764379 0.2193150534389117 0  5.169911641354819 0.1987343007662201 0  4.036266398947736 0.6082027368620918 0  4.166527940003401 0.5927804665640963 0  6.215826694990739 0.7133733644902315 0  1.6875 2.934101572765559 0  7.641700607034691 1.390065377112953 0  7.509027735879584 1.405763130417016 0  2.305372220265949 0.1970245984757798 0  4.300791096450856 0.7081130679222674 0  4.436406896760961 0.7106471776858472 0  6.297705823299293 1.891127446220204 0  6.894385780026853 2.322742948226654 0  6.806504761822072 2.210338967014474 0  6.714153505984529 2.315198338345579 0  5.693493051576239 2.199054039068943 0  1.8125 2.931540472772562 0  7.158248940088483 0.9674990422963989 0  5.119301916956546 2.900502317377812 0  4.844636540651637 0.08857624113646952 0  3.1875 0.0656913218483299 0  7.345220584440985 2.753412255313675 0  3.218580822055802 1.012728773717788 0  0.6866580352070055 0.4937006611392056 0  4.305700368417562 0.3292853380342231 0  4.294876380355316 0.4685312792173764 0  5.622270124835492 1.72511176227093 0  3.483806399891441 0.6467533275734173 0  3.606762938567726 0.7672402379273641 0  3.622317039917463 0.6315014081325008 0  4.544149361381446 0.8459044598925165 0  1.993824506037593 2.709672332296139 0  0.5625 0.06795403015043619 0  3.572571829716477 2.538394085479135 0  4.5625 2.934770328733433 0  4.703163204300443 2.919762583795134 0  5.709967341230256 2.289084881710759 0  5.791357227761609 2.331572360988823 0  7.462942393963805 2.5245738116891 0  5.648886797594436 1.406568514043291 0  2.236811967211012 1.688087351840459 0  4.7575672272415 0.3951005630185807 0  2.279081174652944 2.112401068958867 0  2.035369886106227 1.474874630110113 0  4.018679789471929 0.7003125152237728 0  5.963343567402908 1.6588956700714 0  7.083381521356301 1.524885608403578 0  1.599784423056395 0.1395214966871687 0  7.563645847655515 0.1945859634912425 0  0.6248168317011241 0.1707689964173893 0  4.6875 0.06467180136086917 0  6.293493989849283 0.2445611265716132 0  4.310264025552649 1.96616854845587 0  7.564540556787749 0.9522655218353377 0  3.697472046787988 0.9113518781581695 0  4.17359554438826 0.2068845163810761 0  4.0625 0.06446818593580514 0  0.3269014390532353 1.853994185319273 0  1.280966794913825 2.104687481430363 0  1.368604910864417 1.754198088673111 0  6.740928986260934 1.931806673823919 0  0.4335577107701544 1.269847929832226 0  5.930169108704536 2.927323352112035 0  2.103349189303961 2.583253456570186 0  1.674574171891058 1.892027131922141 0  5.045745490063157 2.270867154858031 0  6.573158459820344 2.457793405851672 0  4.717303096817718 0.612000707741296 0  0.1194202610835644 2.410361935695052 0  3.953134213379463 2.831686831218418 0  3.817407531398824 2.789716124245851 0  3.8125 2.935667339223317 0  1.062198546601834 2.576467320133505 0  2.422655545168439 1.356072898084766 0  2.5625 0.06499225819692069 0  0.9459029412109183 2.114898585526283 0  6.488999435570513 0.8061740361289277 0  6.014401153661415 0.3547783854682 0  7.346709712328201 2.66126021210409 0  3.206655550030886 0.171169319867071 0  6.5625 0.0637716266109503 0  7.920475338116192 2.390625 0  6.312066736837649 2.065674959834196 0  4.702481995974052 1.977998722498798 0  7.055418637665937 2.787064842156354 0  5.62938883507607 1.21567879727258 0  0.1875 0.06431322114329806 0  0.4002445805753173 1.735947969490974 0  3.015775152848714 0.3123830713281179 0  6.536176195126696 1.428206091584256 0  7.4375 0.06340685521764136 0  7.438554119982294 0.1892369456899517 0  0.8056547844820207 1.668810885109207 0  4.304313074421315 2.662951643728725 0  6.171334004352723 0.8925337293613755 0  6.11156059330359 0.8259311205339244 0  0.09704006892583156 1.601612445276682 0  5.317862934266011 2.536371258315161 0  6.263642031497728 0.8924416596435335 0  4.660440960515764 0.2087674331619838 0  4.546443492891146 0.07873291068793555 0  4.548423814152868 0.1754919296037305 0  1.861103658750729 2.642861750304479 0  4.3125 0.06371823105801917 0  7.789155029529051 2.475951243528827 0  6.95266856478545 0.1711514731744191 0  6.946768890142684 0.07226662276666616 0  6.8125 0.0630834608747034 0  2.275652232891292 0.6759669286978807 0  1.584231162873208 1.453650502543119 0  1.673425064145488 1.310279109687251 0  7.052682019171255 2.535738981443842 0  0.8732344941509846 1.72643962704027 0  6.424161765724515 0.07599589415341752 0  1.107973454259792 0.7855433110032312 0  6.241452024974855 2.525323851330576 0  1.9375 2.936983917706865 0  1.084221237937638 0.2929100693972151 0  2.473729087858598 2.914440297077389 0  4.437179282364397 1.962578810105004 0  1.367627758844797 0.6214513325219859 0  1.21931672018604 0.5844946361909283 0  1.254751859851627 0.4753306827995381 0  7.910566637936712 0.5681152507715435 0  5.964389385376419 2.630232094878912 0  7.570463839758994 0.07003055481120689 0  2.166922366964611 1.094999706926557 0  3.687994426438595 2.534362908236031 0  3.57776041628324 2.674888744810557 0  0.20513068206001 1.467265825230242 0  7.429783654718803 1.27151873310907 0  1.485794834418553 2.057569485667834 0  1.510474465355359 2.479140055273108 0  1.65835054837159 2.492646183509165 0  1.870120839438363 2.524891204936456 0  1.766242870879692 2.491882468937999 0  6.807744137289563 2.626626600240561 0  7.350725593577963 2.914311982322211 0  3.773968414713285 1.984924137884124 0  6.580872058245521 0.6871594180281647 0  6.596080135746565 1.968789656464224 0  5.223278410058289 1.942377977449701 0  5.28942532833912 2.089849434879866 0  4.43913124951317 0.5872012694774513 0  4.190371484250259 0.3230837230256565 0  4.164794820208085 0.4483766003638581 0  4.04535240975315 0.3245475784103427 0  6.159311739665116 0.5215681203893301 0  5.218805546329714 0.7961475214144756 0  1.070899391335177 1.09380011679763 0  7.183351509528896 1.601516436324981 0  3.528809996564909 1.476435044229606 0  4.029036898578973 1.476435044229606 0  7.755357489228071 1.407961111289951 0  0.6932580168562195 1.442747133148294 0  1.891563816401686 1.007453953574019 0  4.304271091468699 1.521826741735673 0  1.498669373230671 1.309608641223567 0  6.251506096851425 1.753134842476457 0  0.5536823872890382 0.8965811942670152 0  2.928229332633131 1.768729778610351 0  5.729393373596338 0.1163664822326124 0  2.927523775907997 0.471488308808182 0  2.333977376260474 0.4968103772856715 0  1.536847324971149 0.856798552195897 0  1.871288929236567 1.555304266812906 0  7.430671982160008 2.138549513143725 0  7.624306960842046 1.9324679611558 0  4.050479245566933 0.4438293234345235 0  2.133589947656231 1.579588530778849 0  7.8125 0 0  6.433200058507888 1.092037478965074 0  2.850336657874785 1.713763050794699 0  5.747031672100366 1.769080079627428 0  3.692171740798634 2.278712066632836 0  3.55681805016934 2.289036166399542 0  3.844206067995488 0.7918715047205712 0  3.719038118337262 0.7834712169748674 0  3.751791650201723 0.6527487705437501 0  5.77645438941113 2.433984861785385 0  3.647482321357258 2.914341650487425 0  4.360940047027518 2.534356804265781 0  5.01349189683036 2.513252633635493 0  4.909417334457308 2.543402815259292 0  6.310284997841038 0.7874885936872494 0  2.681144609829488 1.945772934452416 0  7.79551476830629 2.307421548139009 0  0.8830094538846796 1.509493506836591 0  5.12504327282485 2.811700872258108 0  7.077234502191208 1.108867925160463 0  6.967204957542639 2.680170645558118 0  5.337698953685454 2.443841205074237 0  1.212781238899225 2.834206917889099 0  2.125750980318091 2.211619683110352 0  6.012249568322404 1.111184903954307 0  1.912481395229661 0.343344701063393 0  5.244533180601584 2.688756752332412 0  7.25931427904336 0.7017341684473509 0  5.671823838301207 2.005747657206375 0  5.60168877958598 2.060658718361679 0  5.603078025458248 2.151842434564581 0  7.033138586974787 0.9549650699896705 0  7.739565279755549 1.975886891740428 0  6.043653758440271 0.6465577749357168 0  5.778475665158939 1.500243242935799 0  2.210622505039544 1.49661980128054 0  0.931625317474423 1.899873639476264 0  0.6962165254398571 2.255912268464106 0  2.82962462498914 1.029220259202847 0  7.640931803647469 2.811732749583936 0  2.613049320556483 2.809873937659034 0  2.768863780099009 2.562881893075391 0  7.689727893259602 1.662261878227446 0  3.302729322724871 2.290254272951807 0  5.694289512228783 0.2610816015849131 0  5.384102921702901 1.591140647846905 0  5.365250444526196 1.485676864271246 0  1.719105888480571 1.455268399384974 0  2.009813558831695 2.564034359747993 0  5.448056924849169 2.146380259540879 0  2.071066982233631 2.297587298986297 0  2.07682215193683 0.5946095964487407 0  6.946738783078346 2.516402160759192 0  0.2046150833401614 0.5038269008781063 0  1.347155881792847 1.504965053542638 0  6.126427327160956 2.053633181130077 0  2.057453122363262 1.689765145860979 0  7.511868140919541 2.286901566122526 0  3.452155201246553 2.298746430457029 0  3.320640801325202 2.418415072690741 0  7.925868376798015 2.203125 0  3.009171485565845 1.924998679831473 0  4.234481958830882 2.500461251125973 0  0.0811400854130498 2.585895741871928 0  5.672483919208055 1.919360865342376 0  5.605800664533524 1.86517472117525 0  1.609912215439976 2.623288523753619 0  3.235998241104764 0.9271958681905053 0  3.393046073914876 0.669119659278408 0  5.343761737480804 0.7720610272059043 0  1.557807415416189 0.06409987118780214 0  7.058464347655588 2.044805025812778 0  7.153385112608286 1.984523664324148 0  7.201648210054722 0.3409793882440129 0  4.559120161428456 0.5778113426952103 0  1.523772913163295 2.22011468425333 0  1.647453710255336 2.339557360984781 0  4.704076482158173 2.676051681033631 0  2.722532674844103 0.4858445959743674 0  2.754827690466817 0.3289537168303146 0  2.855204639319741 0.3913611230665943 0  5.582796448520758 2.450579650208959 0  1.728496772579712 0.8863900307314406 0  5.507182153403162 0.678734079020255 0  1.58564046523077 0.3145727694177356 0  6.290496560694002 1.146806434646425 0  0.4837227921007735 1.756348750459725 0  5.161652847114667 1.344312587978577 0  5.231470107654957 1.208132548867998 0  5.104612243284068 1.179685774504972 0  1.098480829453199 0.9670869356949512 0  3.683102237031674 2.403465721339149 0  5.528831135387226 0.9717089840092674 0  7.794862380196818 1.883815485784916 0  0.1815528513005631 2.686503016920496 0  4.685971703774818 0.7228429134544273 0  4.557145005002784 0.7085247044102652 0  4.350837713243187 2.91592057625413 0  0.8076740200814101 0.7678131778047943 0  5.102313700649153 0.2510021879777259 0  2.80606468904397 2.2192436768793 0  2.817254364409148 2.341251330437679 0  3.470778935383466 2.791397018508802 0  3.476946312006379 2.914018696940453 0  3.380153213319023 2.772590168082742 0  1.865505604311419 2.003379646494989 0  5.606054647456937 2.339075834995115 0  5.963066990521669 2.143804154897878 0  2.400579072572153 1.760046863725369 0  2.53261266915675 1.86223028520904 0  2.559820145899919 1.764077425035947 0  0.5963913666540246 0.3303892791301115 0  2.725356372998153 1.296560286493868 0  0.07104774833599353 1.171875 0  4.964962074679249 1.616398038149009 0  1.932175072893964 1.341321949058303 0  5.427072069487528 0.1860802086418985 0  5.3125 0 0  5.290247477345334 0.1860233791163707 0  2.172695165357482 1.970455683894633 0  6.393037169681494 0.7244270054387109 0  0.7518797083611074 1.282637418636688 0  4.850693099629304 2.011182333784858 0  7.915625607520087 0.2062419497382856 0  7.169164995028587 0.2172794608129782 0  6.173070773069356 1.397707302546035 0  0.8143494249467161 1.397426662677898 0  7.222091533059354 2.81324350683327 0  5.794954532953177 2.149748523148284 0  3.952655323225759 2.513164788175323 0  2.44696163701748 2.112436036190736 0  2.43446776997129 2.026488148424976 0  0.8982549707361599 2.379727430271293 0  0.4531881141287003 2.467281549469446 0  0.3707379407598037 2.559967106241267 0  0.288172766590009 2.452615866890326 0  6.472599295932275 1.312961534877767 0  5.539363445651425 1.501710933554257 0  5.502701111953298 1.607134366989195 0  2.844843232019171 1.6296607452057 0  1.130244878313434 2.717488021194442 0  5.486421397810674 0.4318957962836458 0  3.596868884534655 1.984389012391609 0  6.846150216726866 1.002903536516945 0  6.818789231846569 1.125286671470732 0  3.718596714066261 2.658608993584059 0  5.690639971989418 2.57017436677717 0  0.1137565541500447 0.198422823584403 0  1.734630842066997 2.646138695395992 0  7.221019593253634 1.106249890010843 0  1.769242911099721 2.357477596073145 0  1.923679061158016 2.291990822679093 0  1.807514646939288 2.234909984548141 0  5.24022410617549 0.9384543332580404 0  5.367837942182811 1.005301710740292 0  7.077858814124769 0.1819817015088531 0  7.194194385996968 0.06275688486275074 0  7.421748986893555 1.564681221162771 0  0.08295506789780271 1.393062618772697 0  1.916318703418769 0.5821441933279189 0  1.772334185421697 0.5213541013052455 0  0.2398774054936942 1.642629868648013 0  6.0625 3 0  7.817006156708925 1.14719751614146 0  6.073073152131988 1.375468677947656 0  6.043330978484067 1.287967889520151 0  6.021076320578789 1.446267498649948 0  1.367742180146652 1.371191071378344 0  0.6787001320995315 2.81482686135256 0  5.718626333202572 0.3801224206448492 0  0.1068640632590432 2.917981696845358 0  1.476014171167479 2.725792972694757 0  1.872126324815027 0.5109599740779236 0  2.325486521611331 0.06864541265849061 0  1.200022629372071 2.475921658380196 0  7.632070723076811 2.353071174170545 0  7.672732758297769 2.229666156687097 0  5.920313447615638 1.418966048535651 0  1.084549838070385 1.86174917011878 0  4.994331049037022 0.3798372552052293 0  2.526902840938325 2.138833950710996 0  6.682544400656732 1.203076287946531 0  6.548051189302049 1.250402321236192 0  6.587992021681342 1.086002422560022 0  6.29179328877007 1.010788478778708 0  1.282690660927317 1.680602397878904 0  2.304770363158259 1.076281672485551 0  2.895325224753662 1.867640242762801 0  0.5008188382930537 2.82911132083103 0  4.806992728514843 0.547607089125499 0  0.9651643577825667 0.8005674069472358 0  3.080876828654383 0.5228362648426699 0  3.006386186993905 0.616945138338858 0  3.121694696254902 0.4188620815492164 0  6.665368056503413 2.725136442195873 0  0.9993898388338837 0.3155197024522918 0  5.807894452866633 1.108924528525855 0  6.641170472142137 2.579021262860159 0  3.17897629396944 0.57448344189926 0  2.379987209098154 2.914662852665612 0  0.1851422933871744 2.519138087675634 0  6.739971491921145 0.4493807226861318 0  2.90910590307235 2.469923491540268 0  3.634014652180616 0.3937512314206282 0  3.642480213936189 0.5225823868264692 0  3.857972309981235 1.982337844542547 0  1.846987776754045 0.6659599376998119 0  6.108375751942059 1.231145663162734 0  0.32504361880904 1.771032431363585 0  2.784620180028024 2.102165238190282 0  7.725292653343607 2.147172795483105 0  4.957640480893816 2.819360532691626 0  6.420623132065261 2.319301068472502 0  7.302963362961043 0.7736229152840022 0  3.73104061447552 2.919054611550106 0  3.628395463614089 2.798815298966845 0  2.352388372019773 1.921163435051791 0  6.481151600485669 1.688301279636752 0  6.518008398461939 1.858025869399474 0  6.406655836405406 1.794616697754314 0  1.686734576383234 0.2016540990338279 0  6.917102723232721 0.494400186575674 0  4.526730310388536 2.482292175739333 0  7.501110513771048 2.019064810352835 0  0.8769189777640432 2.230862111254729 0  6.420919043879243 2.215022283931098 0  5.985003734370517 2.79967219228513 0  5.085039219112271 0.5463137203719238 0  2.554743245983019 2.936378147491325 0  7.90814374904424 0.08601666794101347 0  3.760181769842793 0.5262309371098751 0  6.19241170841813 2.162785402407812 0  3.169221288162248 0.8660345425454327 0  0.696045503268099 2.61990110887754 0  5.562458524544006 2.648122621824533 0  5.70376841944076 2.703059935338652 0  0.1537421944972922 2.236274595936148 0  2.469938061306486 2.643539343862586 0  2.665681797956035 0.3006912117936954 0  4.798809977273756 1.029656891226101 0  0.1534440594586763 0.3429927165534259 0  2.653092885693671 0.2139478624643421 0  6.04933183006294 1.525881597482891 0  7.172611620427838 0.5658464527063801 0  6.716748220220803 1.277974449085929 0  7.021073928542808 1.580555576974827 0  6.235120950441456 1.599191289239404 0  5.1875 3 0  3.237350404538749 0.4671500104777463 0  3.387621454164382 0.5041525708860656 0  3.385646621264223 0.4061229662212126 0  1.1875 0 0  7.797527062932144 0.7446714811945232 0  6.461355125530155 1.394323594284074 0  5.110890508841163 0.08093566407605145 0  7.786958071198113 2.744852121736834 0  7.322463251764649 0.06340685521764136 0  7.698223715069843 0.182601408662463 0  2.924977042355739 0.8818979939550226 0  2.695410467042382 2.493842831206425 0  2.689259200228812 2.662814520596611 0  6.613205538761267 1.400011757939347 0  0.8561772768433528 1.169668285569367 0  3.890619956860073 2.082633043196812 0  6.743940213263359 0.8630221641495711 0  4.555118732156486 0.4531242499841882 0  2.686917821201998 2.238488282590994 0  7.033082270534408 0.6530545259572006 0  6.988751724120251 0.7250378029137929 0  7.369538440945033 2.381186774843417 0  4.660497233816501 2.385553721777804 0  5.038199887643606 2.924530420236494 0  2.010038162592915 2.437009014233385 0  2.022822892078517 0.7566202213273192 0  0.6455673353730115 0.08163546084574362 0  7.526801902036738 0.339576649364959 0  2.544450556023191 1.364946891884277 0  1.08927884033251 0.6884642152879926 0  0.9791676579890563 0.6761747249401978 0  6.140756475891463 0.7478861632263774 0  0.7817069731532529 1.841176357661138 0  1.391781684358459 2.842186005441548 0  3.18331638292492 0.3093325369119815 0  7.609080113729309 2.918652178922646 0  7.50713352455092 2.914989073836523 0  7.486906162994784 2.813009379699366 0  0.2258303668746408 1.724782477771442 0  5.319505197041855 0.6394805947379288 0  3.737711163981753 2.769882276830212 0  7.104112874825197 0.8109241923262333 0  7.560711258174297 0.8319350298544596 0  7.6875 0 0  2.13340413389066 0.3662195666262967 0  7.258937593098306 1.972919139863861 0  7.361938031532413 1.407881462563401 0  6.432191546415388 1.956254455336289 0  6.273812281512563 2.266197994737496 0  4.728872182782426 2.230913137312722 0  0.9153370359559838 1.30755917212259 0  1.006736267553026 1.253911487109038 0  1.074279160608251 1.350376338397341 0  5.455081756541045 2.43382317740424 0  4.1875 0 0  6.079953447736069 2.919702649095623 0  2.728791928180665 0.6486314217192717 0  6.289149043530167 1.487348542107912 0  2.824107247126413 0.9225174820841884 0  4.108497923389134 2.51423292911986 0  5.134693776458952 0.8093810832249878 0  1.482214567353484 1.88694291682516 0  0.3049492436365281 2.069501259416235 0  4.639434381314304 2.531657722442408 0  0.07087667335528057 1.083026915761881 0  0.9917617268709221 0.4256151746906556 0  1.101361021070425 0.4737755887712331 0  0.9793881213481368 0.5678386268377958 0  2.295121192455262 1.809727373197635 0  1.486040562170936 1.007653945284526 0  1.51022347744893 1.779568062392535 0  1.287980017477392 1.17227314366364 0  1.3351928671115 1.064211809287405 0  3.6875 0 0  6.385381947422694 1.52361397063514 0  5.932158286905446 1.287855354981608 0  6.641878643110678 0.5213511645871284 0  5.1875 0 0  6.791939119870364 1.791689989048744 0  0.5762366075745832 0.6347660486277487 0  3.07704502463188 0.06569132184832989 0  7.839378871508133 2.198697791041022 0  2.049093877048102 0.4912908115819194 0  2.022713750905178 0.3341042209117235 0  3.390863873453077 0.9705662173933292 0  0.8796432907156718 2.065944989569927 0  7.156037745935667 2.188502416368258 0  6.384732164787938 1.009615766697775 0  2.792956261574728 2.799607662296204 0  4.739320261871462 0.2232069370615924 0  2.705079124282509 2.929296197035375 0  1.896722650830131 0.8646881110157876 0  7.918029476465772 0.2980508965544669 0  7.169553676616535 1.522319718875968 0  7.270117596422549 2.913339257932701 0  2.521051071118857 1.49673793152187 0  2.422460534329276 1.472202748757491 0  2.321542339223919 2.687970048032595 0  4.170757433016515 1.438137507049128 0  3.449294497499951 2.422266694170146 0  3.879492541812944 0.3841699466725628 0  5.485893589296225 0.5122169438385772 0  1.226404846250338 1.40665033984307 0  1.359232648758152 1.833806208371022 0  1.84133024325834 2.787785235918745 0  1.702704929749149 2.848329986982395 0  5.868797189612801 2.575152415784627 0  6.364072930265571 0.3741861926354519 0  5.471927865083882 1.11985830986627 0  3.330118150871304 0.801002406752142 0  3.421727617718324 0.8298981044932505 0  7.29954817868721 0.5515794072755349 0  0.9737387595204003 2.531111173000046 0  0.9241354984019348 2.675999196584841 0  7.034682647979874 1.675104221954695 0  4.622522327642974 0.3268197007991839 0  2.489859296668427 0.6826721639526168 0  0.8061926197421662 1.027063969291538 0  0.6591996773780562 0.9477538397444936 0  0.6699943981845846 1.037194587645741 0  7.565162884961484 0.4107304141744407 0  5.614957540843024 1.479042386679372 0  0.4879216846989448 0.7450202418122377 0  4.308111350513691 2.793107351712679 0  3.366140211772478 0.11254180927159 0  3.3125 0 0  6.962916443728721 1.103986541645612 0  1.022157405714899 2.140146156785911 0  6.867603149108635 2.492230454970533 0  6.03921017090613 2.212527489032801 0  5.076279629982999 0.3855040658292544 0  0.4075082715181116 2.187130174096792 0  4.681301325580425 0.9513748393063282 0  6.71725024073146 1.433949437840896 0  0.4537237737198074 0.1456840530869112 0  3.159189923587521 2.234199156470543 0  0.1716953234403443 1.574824647556626 0  5.435768185863897 0.6345771206080408 0  6.162769251255709 2.620485509612712 0  2.547951198865301 0.3353610263613814 0  2.651676397817795 0.4451312647429528 0  2.943335841375425 1.601844025605865 0  2.4375 0 0  1.204879237762632 1.566725573896521 0  1.124450396563994 1.640534526634137 0  1.131917464423878 1.479778050023844 0  6.712295804922674 0.9645224802553957 0  5.950211922257923 1.580380115295692 0  6.005574663143011 0.9537745791431254 0  2.641925752182153 0.07882448565842991 0  5.605878318526008 0.4138462751470111 0  1.384698982985373 0.9627137928887231 0  7.815286479340486 0.08034829191968348 0  7.505782752314373 0.5288628857742171 0  3.851246344053839 0.656729779092556 0  2.181273764580022 0.4637731377828291 0  5.44945677322745 2.065186462026725 0  5.237860310422859 2.547150244260154 0  5.314189011532231 1.087432354889058 0  7.278921123750483 1.332137556855291 0  1.52631331676565 0.4928012314995452 0  1.501819189057875 0.5700428992004624 0  1.86267364085429 1.719147657402115 0  7.804916745183304 0.8232603571778211 0  1.74827132260108 0.3529707478640003 0  2.525757888290649 0.2176962825420027 0  7.090940367329182 1.008679031676796 0  1.85183193632533 2.119641982750516 0  5.248000974021056 0.5144848677376102 0  6.828014108806715 2.935588591716803 0  6.722245192178135 1.564683413695463 0  0.3452908178583957 1.488901118254308 0  0.3118266501440013 2.61297011606743 0  3.983210995313007 2.231567308636686 0  1.906344750925015 1.86665990213822 0  7.450415561445649 0.3208262041066559 0  3.03475399623692 2.742674660474459 0  3.024718220287087 2.630051168001745 0  2.904769164349638 2.656309038520158 0  0.6876084358159884 2.494891871477906 0  3.095525066672204 0.9053851032052126 0  5.718329857331626 2.835227238915582 0  7.778220788700077 0.1996388697937686 0  2.352953766855632 2.507027658495641 0  0.3530567555102355 0.4391078127303486 0  7.506247748338094 0.8968738637396431 0  0.4274425685084052 0.6002801318967018 0  0.9088665132735165 1.619930400338675 0  0.1960579412162736 1.862542383491179 0  0.06695796813491765 1.921875 0  0.2095065819459706 1.981117545750871 0  0.3191376798534944 0.5554841879708592 0  4.845274331235809 2.442737809941591 0  7.67956996560499 1.095935649375666 0  1.265045750197206 2.895766967294359 0  5.814086654266035 1.35217352852273 0  3.1875 3 0  3.223094935826906 2.923325914599642 0  6.966700461811914 1.315661292761545 0  4.517611128367317 0.2956550702212157 0  0.07782477298682576 1.677666186653204 0  5.082632908025317 0.9797557561982362 0  0.9794130646420709 1.417588640417183 0  5.670146182309512 0.06450830942640327 0  0.0625 0 0  4.585792015112286 2.774971457389803 0  5.853467936793419 2.911451449805412 0  7.73882175743961 0.8771329278685202 0  1.019671487965491 2.263041650588608 0  2.684829766897591 2.775698861153327 0  6.336982374398579 0.8615228293218646 0  6.447375513662575 0.8753102637022586 0  3.303701167156492 2.083672145873001 0  3.259159466245272 1.978326079332063 0  2.46352614033061 1.715082238519477 0  5.76651153152751 1.854551252143362 0  6.677729737305086 0.8214498444918823 0  0.94773375670884 0.4901667472521388 0  3.030088635874693 1.672036494086742 0  1.969117595576757 0.4816401277404727 0  2.462987645762285 2.282744172469337 0  0.532791489005529 2.550403582951753 0  0.4654605464800157 2.665416251163522 0  0.5592067805513078 2.705247385811591 0  7.415439025029124 0.6572328080536464 0  7.498927917233664 0.6505143060686234 0  6.670528957039507 1.898543813640951 0  3.153104392218046 2.08226758754903 0  7.718315113674628 2.439045059176437 0  3.77570854118329 2.855376634676801 0  2.3125 3 0  5.226170397439191 2.054266819114133 0  2.69697040906285 0.3814651758059234 0  5.472981661815144 2.549115849732205 0  3.831019346641845 2.547896891809246 0  4.389720554849741 0.07695075775449214 0  3.47779786529255 0.7258064406390099 0  6.847528004461346 1.208107819169264 0  2.406978765575577 0.2827289795495569 0  2.263783577701972 0.3291101507526767 0  0.6518907935519194 1.604926186552577 0  0.5438850122395237 1.635803400718139 0  0.6204691778316438 1.493368784917277 0  4.97247527897051 1.275623039133591 0  5.065599495336093 1.260958948540056 0  6.621644648874891 2.054381608740862 0  7.245278045219981 1.250905022353587 0  3.978261615665764 0.770932980355565 0  2.501273575598052 2.777088047467285 0  4.0582344206204 0.1763571617172568 0  5.711730717291896 0.9765344912214778 0  0.8073935346672086 2.40019612855444 0  3.665890556155472 0.07497889827920046 0  1.977031246458086 0.3998771269261271 0  5.33816920905572 0.5140333955180322 0  4.819789282770492 1.9 0  1.826406197913912 0.4055997045322614 0  7.0625 0 0  6.033971608249674 0.8398482921457873 0  0.7586609668841113 1.571235067934141 0  0.07799885009928845 2.255769581673657 0  6.132476405060717 0.9619044467075665 0  5.217882748056774 0.6692212197915191 0  6.972944389625922 2.873571800090676 0  2.771955899802754 1.589839182538672 0  7.688140713773915 0.7326018961280822 0  7.442311618282758 1.444565409477544 0  6.849919056841459 0.790413439955661 0  0.06330206443299947 2.765625 0  6.97081963095772 1.237055602647844 0  6.860501718591348 1.337679079356692 0  6.606172773749047 1.576687865519063 0  2.331002336684712 0.783634213873092 0  7.933817440453868 1.833110851327538 0  7.82205142622955 1.748721164559084 0  1.048341123671741 1.549142938115522 0  0.2337787489138379 2.832569876689015 0  3.305210717229508 1.3 0  3.805210717229508 1.3 0  3.870275734935474 1.380810457963089 0  3.369866240135449 1.380810457963089 0  3.254410666902889 1.46590203625366 0  3.755810062584086 1.465580711291827 0  3.876430145463703 1.496881580174575 0  3.375677804925094 1.496881580174575 0  1.803975591206158 1.849388056529319 0  2.786809017792013 1.2 0  6.38005837130968 1.252776974470641 0  1.062088433366026 2.653866622887765 0  7.05611375117166 2.399257025158446 0  1.765167404989926 0.1170654605034166 0  0.3763616596918541 0.246480665859759 0  4.84944371571616 0.1745570869595941 0  4.768795115133307 0.07476280205455035 0  4.699302108005787 0.1406046268919658 0  2.699963352991069 1.024063082395539 0  0.7721099881601484 2.630708841557852 0  2.129488440888486 2.456094605997869 0  4.180210717229508 1.1 0  7.12392826263951 1.363087705874157 0  7.065000699444456 1.418912068323875 0  6.116933594227059 1.642158235524608 0  5.29394186126326 0.0797324711498156 0  7.831305890920768 2.93577111142595 0  7.754706906135613 2.922382281138888 0  1.527129262969097 0.2313726794374518 0  2.010711468132111 0.8545250813333384 0  4.859714090499092 2.697507700241379 0  4.810509485153175 2.789133571863582 0  4.8369600413546 1.499244297472331 0  4.190516912051107 2.785988008362924 0  4.105013348401104 2.920175239967933 0  4.088164387203383 2.795585892330252 0  7.09375 0.07067091816233269 0  5.661661003363083 0.7252258232806227 0  5.669316370743257 0.6448741032496327 0  5.7447379518509 0.6308723503972498 0  2.122754560186843 0.8942949704477217 0  3.211807306598112 2.451039194909165 0  3.078222359176368 2.482004582246282 0  3.099699913276432 2.361658223723017 0  2.445494371420103 1.863034289263701 0  2.515256208460781 1.970631208112056 0  2.587053534117357 2.006025978664908 0  7.221292980870907 1.465947801775627 0  2.76379641581859 2.645350439328246 0  1.392791434215989 2.190889902949554 0  2.613539762825591 2.646806683476861 0  2.350069767980747 0.9176675933927406 0  6.558286828337531 1.699270415103796 0  0.2136153306322033 1.153221027479242 0  0.6194849319562445 0.7881721258776948 0  0.7250382815009331 2.030860808512911 0  0.5770322609847898 1.99382067592576 0  0.4626647258206509 2.043138875547133 0  6.540053711129977 2.321479648211285 0  2.355918859699209 2.368819542077551 0  2.609207384366834 1.242026429885637 0  2.632379537935356 1.130592593984371 0  6.961061154878851 1.788941757038521 0  6.951357593321253 0.8569804902202494 0  6.922464584896028 1.007808745641872 0  7.669239919128256 1.826113471795902 0  3.723985569710647 2.051995429845725 0  7.73849228034931 2.825575811388251 0  3.551130981327321 2.425445394917142 0  3.194789282770492 1.9 0  6.596898245873135 0.8481907142509063 0  7.742045994369959 1.159443821659886 0  6.86726522653922 1.607845821725019 0  6.958889152253729 1.5346754965222 0  5.539187394041988 0.2659560773399933 0  6.79650908311031 0.5492676206181515 0  5.323007358181042 0.9381856374981089 0  5.019235491903056 0.8388680191920863 0  5.000146966725126 0.7298986869098788 0  0.538548675419762 2.14085364693568 0  2.264903280890957 2.923684035119599 0  0.266601120690621 1.005362062185274 0  0.3137536516442216 0.9253925042849594 0  0.2224361943423497 0.8565076495597026 0  6.832764947699659 0.1940752721462083 0  7.380240125937606 1.785554291383198 0  6.539286663945574 2.212123754898782 0  1.467846802181453 1.51007861725492 0  0.4033399629799293 1.633875035811162 0  0.3365256667432235 0.06805829716847928 0  0.635990591077161 1.812059996176149 0  4.769233198836736 0.3052560392672878 0  4.881373033653954 0.4060062047705643 0  5.536086204425074 2.276841619323664 0  5.813464088830517 2.81608823358096 0  2.419497897962066 0.07467635915995899 0  0.8226868585084189 0.5554699800451707 0  5.277301528295295 2.393841274381279 0  5.32404008395027 2.266097628347075 0  7.233038821132417 0.958277014390865 0  6.319335554881804 1.316124029643612 0  7.933467408589673 2.099319848691284 0  7.832328082448918 2.044587292163085 0  1.360126851106761 0.6970174245299966 0  1.192823718076975 0.2482357446619848 0  1.319130816136658 0.3174800659976953 0  1.315259076336155 0.2027758045758449 0  7.576284519316737 0.2816685924088997 0  4.594514955004066 2.304102291476989 0  4.173532355495424 1.3650401550215 0  3.961177159881686 0.0664002739292739 0  3.048085954869398 0.8419119931034036 0  3.080173658769721 0.7379239014313688 0  4.391906668378168 2.444216908476358 0  4.456788154382688 2.30272608698381 0  5.899960987154382 0.6281164480617911 0  7.529319700848795 1.8583182858416 0  7.403725292185227 1.913453038586728 0  6.577709137401734 0.580131711187155 0  6.718808558501749 0.6180169223703511 0  0.9375 0 0  0.96875 0.06823495174464804 0  2.641107811673097 1.499357212334961 0  0.957119861884752 0.927086278890942 0  6.484532589220501 2.92328499363558 0  7.380543060389813 1.093981632517465 0  5.91554582289963 2.687186891315643 0  6.549675211868767 2.696698261109415 0  6.54663319652343 2.613758366346882 0  1.28377215411723 1.944786495162337 0  6.791280504552692 0.7009139991946179 0  2.141151623131419 1.191230212363317 0  2.030626389739267 1.215734622685848 0  2.073127443090476 1.328004627961544 0  0.7795219876390065 2.26738357221672 0  7.376779652518741 2.822774947430009 0  2.598497487642922 0.9802072208327938 0  4.614281541414366 1.026072651820213 0  0.6590956195479134 1.352101016377824 0  0.5913227909992688 1.273885604304112 0  0.6742721794607548 1.199788168934124 0  4.752110202367324 0.6781892725006675 0  5.70608928792757 1.233952531612028 0  2.949374968351735 2.280581682154639 0  1.464614519388628 2.61810453900172 0  7.926569528690861 1.37893298772509 0  1.544352045820509 2.833194990094121 0  7.267690983368668 0.8416567782395671 0  7.839935345060164 1.649284565929813 0  7.195778379013547 1.394423613302226 0  3.387217171020459 2.926166775277368 0  7.738855112017737 1.531996296432663 0  0.1715437580691045 0.5955697825896192 0  0.05802620674017223 0.609375 0  4.12260964171348 1.625406833143021 0  3.604454375459428 1.625406833143021 0  5.094736664375683 0.7007885148674997 0  4.405742683314391 0.1972673501230837 0  4.278745519770607 0.1835733574900235 0  4.745829517066299 2.325042457043198 0  7.692689539739458 0.3333695514754557 0  7.226630072338334 2.633922696316407 0  6.164860911881396 1.055486530425365 0  3.276355977229648 2.777805952098738 0  3.336406470151029 2.835325592317613 0  5.616408510489474 1.649394260958172 0  0.8816237356212376 0.07843908986051508 0  0.6301408793747065 2.08298691052028 0  1.533644970455077 1.155040615420056 0  1.617456271919701 1.238806713993105 0  4.179586138218117 2.257533234587918 0  0.7769369089827124 0.4961421052672418 0  1.441290384127218 1.381590473464705 0  5.832182475562425 0.2729848629735105 0  1.08158319352395 2.441633186432445 0  5.193067782051993 1.058041831681837 0  3.439103725614444 2.527854358041225 0  3.362477267422795 2.654958016087996 0  3.327976373992969 2.547509037279824 0  3.25134991580132 2.674612695326596 0  3.242621838822774 2.559267614996468 0  3.135606227186527 2.5818949107438 0  7.387373343083556 0.5497807042700984 0  4.942560554467573 1.141628336348509 0  4.64572414498975 0.5826882109585959 0  1.870757002919435 0.1657357542341867 0  5.396900253161924 0.8981437907948593 0  5.255871036897878 0.8602386355396506 0  1.383343265993693 0.5454086658651146 0  5.410784397295131 0.8062120369000667 0  0.1938357527403984 1.026505217364577 0  4.45674707197318 2.774187852622142 0  6.738956029942843 0.2678576415316251 0  3.555210717229508 1.1 0  2.93078511606115 2.752086936210805 0  5.330860826741659 2.342722177285766 0  6.329169417112364 2.604165662933803 0  6.452786010086989 2.542209009594335 0  7.42022997489399 2.671289627948406 0  5.15612252919288 1.629983300848014 0  7.63396234199227 1.514682676845218 0  1.735418241833955 1.063628161891032 0  1.587256161126072 1.054800751683149 0  0.7898625192587563 2.491292777706626 0  0.9330368123964581 2.468469334409076 0  3.139624318965269 1.444044621751542 0  4.538165590697007 2.633302763170207 0  0.7893585273422843 2.125044591013679 0  0.6834100447245443 2.182936112363917 0  4.305210717229508 1.1 0  7.38754234998233 2.06042671889519 0  7.592295422266168 2.085649791724114 0  7.278282122623484 2.079595521284912 0  6.205173740503747 2.706122053260962 0  1.584176437550924 0.7236016005251047 0  7.36028519044794 1.332454741320113 0  4.776535794839742 1.439550854796694 0  0.3857806754885463 2.9149969425275 0  1.499370339615725 0.7012813387159219 0  5.626249491536313 0.5082465968481656 0  7.146499931234895 2.523367545695442 0  4.016663546929736 0.510777133756643 0  7.932696120455991 2.682577241825771 0  7.704715660633828 1.026445807795217 0  1.0625 0 0  3.344332698623696 1.033149699446072 0  0.6691443497450685 0.7182649779476866 0  5.553604618619085 1.128705663446018 0  5.614562398911895 2.574807760977027 0  7.357907843308466 1.855760597946159 0  1.092126421537926 2.068786793294441 0  3.943769689765074 2.298881210153559 0  4.889610838329146 0.6281811173271221 0  0.4230483445735679 0.319780919969167 0  7.262799341602716 2.344084897285067 0  5.294489353569321 1.806986366795071 0  5.404022007788412 1.82188882401734 0  5.389394477567159 1.708309667999664 0  2.38947127918591 2.1591931469505 0  5.721277446745042 0.8671936306105975 0  3.930210717229508 1.1 0  6.260654784776764 1.078506778762946 0  1.622192599344884 0.6210341070242278 0  6.017297766456806 2.574871794490623 0  7.676371378052472 0.07464036492821932 0  1.547259499601174 1.92038903329519 0  1.113134289665866 2.92616704000458 0  0.05607107263085274 2.109375 0  0.1617968797933453 2.101698983072194 0  5.092935625317329 2.74335660066382 0  2.769832583944874 1.07381645315559 0  1.828202946009361 1.091903803731251 0  0.5410257141622575 1.70966203845814 0  3.136680185268256 1.027668905725066 0  7.258474306762282 1.612765256047314 0  7.267675076716912 1.742453494884236 0  0.9106590507202947 0.2088005043163527 0  1.053023513239721 0.2267894903824889 0  1.551364012528945 2.152415366546363 0  5.704335120142805 1.103079360001439 0  2.709042906820454 2.095191426036306 0  1.060160207330794 2.202387763002795 0  7.052816345481586 0.3001007292124425 0  2.70436730027886 1.70113029500166 0  5.98691703191141 0.07444249187796476 0  5.887097883054311 0.07491021353215813 0  0.9176667155631153 1.130667124713463 0  3.916167988054284 0.620043263539891 0  1.094245091896086 1.789437683013622 0  1.037043326665767 1.987217298520713 0  0.5276699435903346 1.040205259530435 0  7.613917043708323 1.129892838164626 0  1.470609629300853 1.241906852467188 0  5.787250913579389 2.697709598624871 0  4.747366873986231 2.515246455533542 0  6.62722528996611 0.2152664440532931 0  6.585892983723088 0.2998631921219285 0  1.967226202864296 0.1988790574585034 0  1.992994542575897 0.07712006516050436 0  1.905819475010809 0.06576956996168047 0  5.384300533387727 1.243309007634732 0  5.863918711039024 0.5618141971575236 0  6.79882802652547 0.4030680823280415 0  7.836977974335152 1.075311707036534 0  0.8229431712653225 2.573358501977628 0  7.526184260876431 0.766032814701428 0  4.338870479654434 2.391506563844326 0  4.504706214067805 2.410116492054202 0  2.318040508087571 2.267476550413698 0  1.366844259495466 2.262563852223107 0  6.517328705731273 0.9689435892536744 0  1.771733235779902 0.9498716453846247 0  4.886009067813227 2.926838951554732 0  3.928178947102132 0.9001383429415649 0  3.504135818272595 0.4138611374540093 0  2.633405056186712 1.377103762771923 0  7.0625 3 0  7.117660668550308 2.920551370214475 0  6.995668283272319 1.399461932226166 0  7.268683759198596 1.872134660882349 0  2.050972794196714 2.071277973306286 0  0.401926099319118 0.9422893058147022 0  7.162613201254273 0.4946147315498558 0  7.265671239705683 0.188468638641679 0  7.944976403555477 0.421875 0  2.232263475937255 0.2214137527358817 0  7.945578481571903 1.640625 0  7.927338772930867 1.525698837014799 0  7.84384356174323 1.539708138307035 0  2.925828548505183 0.5442538152443245 0  2.796991843189111 0.4831532224514606 0  2.817596561358433 0.5940819450299217 0  5.35879406092916 1.929931502935007 0  5.134390588442749 1.488079792650382 0  5.048674791650621 1.547294381002879 0  7.321922678761657 2.56389685732181 0  7.462791264785602 2.601970439957058 0  3.502767931694737 0.9398337428502852 0  3.524853609876536 1.032309508663568 0  3.62293843492114 0.9145790040543602 0  2.140499648183717 1.30777248487887 0  6.9375 3 0  5.362916245831628 0.4164886386020018 0  6.995307604635396 1.932525678201752 0  6.362766300846693 2.839911432445345 0  6.456893829795586 2.80120777525197 0  6.413440748453779 2.938333115437272 0  0.7034835646493528 0.8894628495065646 0  4.511116045763834 0.9147995583981294 0  4.15625 0.06446818593580514 0  6.867880560515309 0.3183334515358994 0  6.165931068699233 2.516715103928865 0  7.413739288253362 0.7711491372726111 0  7.636494026066227 0.9554866487976172 0  4.435443192487419 0.482622118443772 0  7.118253681947388 2.84781326282053 0  7.677050714825116 2.085200361067021 0  2.433479707666192 0.4305389694572758 0  6.744551868293834 2.063000526192849 0  2.003657362523764 0.9760952201175348 0  4.37709382667882 0.3316654125478199 0  4.430210717229508 1.1 0  2.145186669294799 1.814163274369187 0  7.205961566556019 2.743627182926068 0  6.423410351814051 0.4371498568612077 0  6.368923990419202 0.2231773797958174 0  2.371717411071187 1.095241680512345 0  4.833738185031609 0.9267939546850411 0  1.982677487480526 2.781661417098702 0  0.4770661194794966 1.427852510168075 0  5.246956872428298 1.87038831583315 0  7.296378127529003 1.197375802461939 0  0.05436185716622564 0.984375 0  0.1586866775453411 0.9499991948681705 0  5.603267186132343 2.928789316643294 0  0.2404951454362866 2.611574658084726 0  0.06845962030717562 1.245232726196364 0  6.565571152442203 1.791057645820016 0  6.656827166454273 1.80782366778216 0  1.878725173755219 1.484546280585995 0  4.805210717229508 1.3 0  4.782352792145629 1.370385547306272 0  6.254578853098068 0.6523372956990754 0  1.670385505062149 2.002943587871096 0  5.983175603467029 0.7515709147644145 0  5.106720889800221 1.388240090178779 0  2.58454270357641 1.624319235832789 0  6.151369344566596 2.917387563203691 0  1.648913025965094 2.76040790741695 0  1.263837230409189 0.7424399109879437 0  7.81763497741553 0.4150038708462456 0  7.803213641286909 0.3144486628335353 0  7.4375 3 0  7.491847851843739 1.306114063422976 0  2.375951494490455 0.2088470975229359 0  2.773827508146642 0.1552737746325669 0  0.7382241889785413 0.304759653855559 0  4.87421931885496 0.2860701114993744 0  1.961429445121267 1.429765323448012 0  1.991888321837645 1.56074426477642 0  0.1788118614572245 1.793312179850081 0  2.72739861868772 1.222389777477521 0  6.008976468838996 0.5557354085138153 0  6.071004930630897 0.4931077543280638 0  6.139719189270507 0.4516624534213559 0  6.145818508152857 0.5929025651447158 0  5.309024008591451 2.723740211595522 0  3.506152800461174 2.679747987739816 0  7.140658219836321 2.276564713253979 0  7.05624318133561 2.161639300154526 0  7.038963290854721 2.281575107423394 0  4.112300113346476 1.97322093727925 0  4.005787870693893 1.97513000994716 0  4.043223886823688 2.097643378067946 0  1.138992640726362 2.336031337662523 0  0.5261192695594108 0.6851192130449463 0  6.164391970455435 1.988672847326982 0  6.644264891097019 0.07061841529135532 0  4.990884499959749 0.9343068394067174 0  4.946514993581671 1.063306735977947 0  1.84334213493004 0.954328034499738 0  6.301450907000884 0.3157432733624791 0  7.945257726064604 2.296875 0  3.506007309179328 1.97066365379038 0  3.448726400706163 2.053401520666623 0  3.576430267904428 2.078940942738368 0  3.510543432275154 2.11946462424464 0  5.629341101699393 1.797065089233871 0  1.51309047361818 2.564730235734682 0  5.01330182402971 2.770828649677047 0  0.08274446719406321 0.3508717410511494 0  1.445087139722147 1.09984577646056 0  0.7440492198171864 2.901638891155728 0  4.631259980300922 1.9700401270163 0  4.558619699492662 2.047450964461414 0  4.647428487537638 2.10727577931686 0  2.001550826697317 2.319250962778977 0  0.7514402577062657 2.762974400411367 0  0.6670488069487407 2.731363681359218 0  3.412341490436705 1.446286557374173 0  3.912825960506077 1.446286557374173 0  1.66778384832855 0.2700824641869802 0  2.192140251010337 0.5625429759245466 0  2.897611113455141 1.028955230513255 0  7.105903605853546 0.6519187983211399 0  7.150357333179127 1.664207163744188 0  6.757865094489194 2.930075632131688 0  1.189928031285719 0.5039051768914684 0  1.407228743012829 0.4227389090768865 0  3.942605756345772 0.3469009662604564 0  5.538833493986408 2.033761576447434 0  0.06122565590402756 1.538672331193904 0  0.06504926922764873 1.464816729115874 0  4.967466682744321 2.670214379798237 0  5.582746002638448 0.1726242893446412 0  5.701287946440874 0.1872111381548837 0  7.930537199164323 1.19020503835224 0  5.997677003604262 1.976182708898657 0  1.697222896523849 1.755971393111206 0  6.399530048775603 2.609032939180943 0  3.976911175917218 0.2091716367117525 0  7.233168481900649 1.803710688149487 0  5.974400692882868 0.8905191380011194 0  4.709973318182787 1.637716296959213 0  1.434493372310411 0.2797743453296433 0  1.117642496445236 1.205262180747704 0  4.387374779773613 2.312377334682002 0  0.7360855475603357 0.06880822116109192 0  0.7745051069525239 0.1646526382599429 0  3.611797264453829 0.2974282975938644 0  3.583070848928571 0.1977874957636013 0  3.504650049928251 0.3123628917432509 0  7.138176830327393 2.052888840515899 0  2.222656421215463 2.572264524917395 0  2.252785995487223 2.651920945762855 0  1.21875 0.06324723509291881 0  7.121829499495809 1.168133970000204 0  6.221316015428284 1.90653639416568 0  4.991034273534392 0.149583093959833 0  7.826039434874677 2.633186764877324 0  0.8415589380814629 0.703039292572611 0  1.956063737605964 0.732175264823095 0  7.869829820153995 0.9497202678094663 0  7.947806170035976 0.984375 0  7.32765487019061 1.550868368968077 0  7.298154442876347 1.484683649436029 0  2.484883236924089 2.575323628494419 0  0.9755024351836703 1.487587676997067 0  2.505212652412923 1.224891125621643 0  2.390476011013715 1.20898228554665 0  7.140604791041852 0.7512651835623487 0  5.749074359192671 0.4622240673051067 0  1.631688685940521 0.9982868861116365 0  1.09375 0.06274807380245642 0  2.212856892655275 0.7078011269163889 0  2.45592024440098 2.476827165501537 0  0.05802620674017221 0.6967289241338512 0  0.3023140205900327 2.851673325214623 0  6.648319626457579 2.164818709628433 0  6.72750574876653 2.160386422178233 0  6.752889415147297 2.25555285992614 0  5.282696977943125 2.856170942003676 0  5.21875 2.936334443708989 0  1.796738118891589 1.989469958469376 0  7.649269167703424 2.694486033709214 0  7.592503930766473 2.640592953416552 0  7.028137545864377 1.856758846061311 0  0.2792175051346496 1.978776694314902 0  7.571281534701304 1.201453800916908 0  6.822212930811004 0.2633922208168384 0  2.276982418918779 0.8305935892915356 0  2.819369595619992 2.413533035140652 0  2.123125306483178 0.6480740869990577 0  2.012794928224487 0.6273329132598647 0  0.2384969647028058 1.375814698695315 0  0.8373412230871965 0.834124074073319 0  0.8595833074367463 1.240769290508998 0  7.932798529189455 0.823210317180425 0  1.628482786645766 0.07415673191701419 0  1.6875 0 0  7.272704810122629 2.493579896488587 0  5.130752509337066 2.42197402537043 0  4.097273415636241 2.584140752024731 0  6.8901580784972 1.880993682902322 0  3.246782075508754 2.135494463910338 0  0.3374181058503825 1.23876319196417 0  0.4228069548449568 1.125504444699106 0  2.260090637252098 0.5774299823277363 0  0.9352468769606189 2.271396959950538 0  7.732055739921341 2.583531238144155 0  4.800333508374441 1.968988466687713 0  3.164563728312874 2.687132029812624 0  2.020263968111418 1.109119586596095 0  7.948899254291863 0.703125 0  7.830162908744591 0.6806155859680083 0  0.4611616090762121 0.448993545863614 0  5.467707770696259 1.840416010385012 0  5.918642807307942 2.779380355501668 0  6.991310953210257 2.750123299310375 0  7.754236577215892 0.5416088436917662 0  6.780152086653123 2.794463526952697 0  3.658569062627029 1.456092324264382 0  4.13273313816567 1.494589652027757 0  4.103678416516774 1.362562104103253 0  3.621786926340847 1.370714754190367 0  4.018196560792004 1.374118683512 0  3.518065200301323 1.374118683512 0  1.187164530222302 0.9027776846011228 0  6.208995048189633 2.371029431707461 0  0.9799675149536441 1.16123044044179 0  0.2959607497430598 1.601663979143319 0  5.16845511939167 1.143960478499098 0  6.309812842969505 2.535989550487466 0  0.5001502664657007 2.409257801687555 0  0.6866780172710846 0.201594244384945 0  0.4349934049398622 0.8415757457730404 0  0.551182708416315 0.7757450128667678 0  1.555888785083066 2.007521193366526 0  1.430673992109102 1.933688250519107 0  4.026026055606434 2.373109125447375 0  0.9103243277765024 0.5507236664648687 0  0.9070740274663485 0.4340027477310838 0  6.872955128035542 0.9371089020158894 0  6.132968350554768 2.782262379896669 0  1.190072067204084 2.678187270318342 0  0.460833169403197 0.539766299472537 0  7.424168357007963 1.649465996096561 0  2.367783583995978 0.6566054338621191 0  2.374626743754352 0.5524276401438233 0  3.717509196251285 1.035531814064195 0  3.787763528328314 1.030386453269804 0  7.022006272292575 0.470045939478115 0  5.19300192596698 2.799489157545656 0  7.507175560939724 0.45557283079139 0  1.146599153361163 0.7277655556745901 0  0.8498964492872396 2.000530839419716 0  7.78962220291392 2.120240943873604 0  7.275237853993424 0.4470729084588888 0  1.275715086933187 1.520925268452955 0  3.380052224505214 0.2748977655093403 0  0.6124750733612681 2.838770819821078 0  5.515141725757498 2.471144307134933 0  7.938101838770469 2.753219200926831 0  7.939983156081147 1.067247030258642 0  6.010178361745792 2.296142162351219 0  4.625075913802508 0.8615084784007476 0  1.085864521635884 1.931596582742819 0  1.714439564695305 0.7249289942570547 0  4.244451442129725 2.193629863467886 0  4.228486049053194 2.103064266750388 0  4.11670057420464 2.144175782953729 0  2.00106781146693 1.651175372822666 0  0.952511738355974 1.027016328216478 0  6.306396034900479 0.1570480936370506 0  6.170248331174881 0.172249785738519 0  7.753270352343379 1.338913314833876 0  7.83479967095356 1.42230605870981 0  7.839141942038372 1.283815698120441 0  4.717381670278567 2.089801132878735 0  3.417899908433549 1.56279233069701 0  3.918497431407215 1.562784195389052 0  0.5710000168523113 2.405128578423194 0  0.6669103490031862 1.919076755601072 0  2.608940509573606 2.578194035495415 0  6.318621895961559 1.73215272813277 0  2.244027250477544 0.9655391474152601 0  2.234454975574541 1.102547415919298 0  2.165370208874052 1.013837800885853 0  5.855062923692382 0.9419412866176325 0  3.319789282770492 1.9 0  3.70956791508707 0.2001502215978047 0  3.321389849178481 0.5220423207098996 0  1.84116493242714 0.8219528663064002 0  0.5373822884978338 2.770653235518538 0  7.279267421522721 2.774296334432719 0  1.810417955593192 0.2556724827143789 0  4.868512245222467 2.245073951699182 0  7.946069090132641 0.1440019448799075 0  3.25699872794758 0.06923624387274878 0  6.489642883776524 0.6456268579033193 0  6.552997103474877 0.7502912673645972 0  3.833064863720133 2.217921268875826 0  1.679769131069198 1.600236914885981 0  1.682387386733555 0.4119084051448216 0  6.776536097658271 0.1216662295477668 0  3.069357314163312 1.85 0  0.06666207843072655 0.4882539261016048 0  0.06694247311914485 2.364089999664461 0  0.6755744667218424 0.5772809082813545 0  0.74900216043696 0.6321648553615301 0  0.4159623136296958 1.011124978851595 0  4.00958703356922 0.9425824287171296 0  6.377330870244851 2.473087209686836 0  0.8707114774890518 1.86849905462486 0  0.8417361941817482 1.804258139670859 0  0.4338866024358483 2.8075779200605 0  6.866669175868953 2.837932410730116 0  2.491730176981094 0.5146928871859213 0  2.774005754385005 1.82809693368251 0  2.674928448272678 1.80049119165657 0  2.111174783692766 0.4532048636549207 0  5.258610837994312 2.247773799444433 0  6.341640000131253 1.633459371028934 0  2.076794579849491 1.42055921345198 0  5.228484078606701 1.27711623784673 0  1.391151048920283 0.8022611756142179 0  7.373549554150713 0.9478034045612791 0  1.746983580726922 1.312715171751179 0  5.94157924113745 0.1997964120675006 0  1.745748217346927 1.890352927345379 0  6.637558761462571 0.3727987339600716 0  2.272671734191248 0.4400645833596463 0  4.055210717229508 1.1 0  5.8125 3 0  2.283729352446448 2.800067379367424 0  5.132650786320255 0.9289787180807672 0  4.502168630421982 2.892029836159893 0  1.74594180001636 1.518474813110282 0  1.610133784337639 1.518254419070744 0  2.171140295085084 1.438827160482179 0  2.077462192593007 1.539871976205781 0  2.551690104551279 2.538327137227066 0  7.5625 3 0  6.024901566300044 0.132181152353503 0  5.51242090169735 2.748037700143038 0  1.055814957400605 2.834877196230013 0  0.2804958219972176 0.6613249850053829 0  0.3746759354920469 0.6912892483340147 0  0.2516909588490764 0.7508193972712355 0  6.958889134570115 2.168723605618483 0  6.862251781666505 2.261093988211139 0  6.86046046754536 2.136143056056549 0  4.367312464258732 0.7169238851951801 0  4.839119846441327 1.631309787862275 0  0.974208325177604 2.725532750981224 0  2.363329843888379 2.574465759694256 0  6.923324407705394 2.734950282572674 0  6.923132638867544 2.625925208241375 0  6.813135193067389 2.694657131513216 0  4.870922043441528 1.365960004982385 0  4.923274633328837 1.455054116582766 0  2.747225808834422 1.91978173334225 0  6.691069332580963 0.1581358228581792 0  4.846421643784505 2.141842419439565 0  6.648011981640003 0.7060048742739364 0  6.815988826362321 2.375901285209012 0  6.81511038635607 2.44590605811054 0  0.2867748607369199 2.197252802609374 0  2.691235621974627 2.325242351307377 0  2.031722289478383 1.753492719217409 0  1.919878366556128 1.755729056955941 0  7.949857558562544 2.85834816723259 0  6.649324811583428 2.791210386750741 0  7.931378513093012 2.554255478156598 0  0.4105866550852365 1.998666175341117 0  1.593955109585229 2.468570115672651 0  5.526901349867424 0.8298616590232041 0  3.076775009754866 1.954910653023776 0  6.491321570838055 2.089252013276488 0  0.7464329802494595 1.703466977225758 0  5.889155522498953 1.349856973288586 0  4.125806501179288 2.66487804940704 0  5.651513284926288 1.537017403031822 0  0.1543063944267188 0.7132080614001242 0  7.569027257296657 2.001818092783043 0  2.588364656081668 1.693068434461481 0  6.876985720710038 0.6320610604223921 0  7.204452379736571 0.1594433332849234 0  4.9375 3 0  5.371635901545847 1.150660812015563 0  5.450445831165874 1.033291400964727 0  6.332175767870734 1.383104725532589 0  3.862689487951293 0.7235576295998827 0  2.38112804605137 2.226662954315487 0  3.981084087709779 0.6475521571299144 0  1.441703939247248 0.1449730604713015 0  6.188492817955564 1.777890238376362 0  4.069789282770492 1.9 0  6.807752935444667 1.942475008389478 0  7.454169568541619 2.074610295630571 0  4.972488819570179 2.13405598802818 0  4.583561744648473 1.550777655131673 0  4.612929680712106 1.625068686757053 0  4.712487974915232 1.546508669098703 0  0.1697246514205158 0.2606768645970849 0  0.05336987877621913 0.2294998853813587 0  2.566943872285189 2.760130128915876 0  1.0625 3 0  6.438133546969349 1.159655469595048 0  5.860637319961648 0.1400477223091407 0  5.213576976375302 0.4513873989401136 0  5.981018405461534 1.241753503254226 0  6.41135451297528 0.5740597281547269 0  2.3210049315361 1.563321529033023 0  2.597610028578612 0.5810457879534116 0  7.473088329303321 1.910653251429609 0  4.268247260019678 2.934916340337109 0  1.012996763661345 1.73101665091251 0  3.4375 3 0  6.932774271489997 1.469641296322771 0  6.870633232127141 1.433585921601106 0  2.061142740806029 2.23092428142362 0  4.98652477850156 0.5026361463664314 0  4.958572502582151 0.6198550950211144 0  0.0625 3 0  3.08205076175099 0.6696819534374269 0  6.725587047851742 2.473411294544261 0  6.670923622777164 2.426315649412532 0  6.59469522220793 2.528633817127366 0  5.60296680774285 0.8361987742051381 0  5.593447759282138 0.9500434930685 0  0.06035204940184 0.1567835529494728 0  7.682143268779325 1.245496008149086 0  1.426074291771925 1.629779396635916 0  1.34402749184768 1.572532031978606 0  7.052695845613814 2.603619735464442 0  7.185283205515275 2.57837994498054 0  2.057763060555343 2.864003737733617 0  1.934948509767666 1.98770966983347 0  4.4375 0 0  4.428235477288633 0.8108726778602947 0  6.937057516058087 2.375014331301412 0  5.615943924806949 1.346575464890822 0  5.9375 0 0  0.5422710790340016 1.406148784082476 0  2.622408372668923 0.7429608288272447 0  7.037493350931908 1.257335671867808 0  1.23270706927408 2.353447760659193 0  3.505180778034557 2.851132680680752 0  4.283958825307216 0.917952777157463 0  4.223975843745199 0.8454584970773619 0  4.150648179642897 0.9112556373582655 0  7.549099204097405 2.781809116331465 0  6.226472079007562 0.2409086016902942 0  6.606151173776056 1.650543095898646 0  3.269143715473575 0.1957303384776859 0  5.806773058850438 2.601000757468043 0  7.932009104444796 1.762643056135243 0  1.0945620368714 2.775591390445005 0  7.680523097119548 0.8437782937936572 0  3.571800290505729 2.218447638779812 0  2.852295506009121 1.975017617105535 0  3.895956975338039 2.679164914164999 0  3.860785402256395 1.632985530688244 0  3.342678963500229 1.632985530688244 0  3.781284760702563 1.532743202446209 0  3.279554731934892 1.533060670970211 0  1.774342035860086 0.8345521940411765 0  3.899772381717349 0.2721101242858863 0  3.819560401722058 0.2455542884939746 0  7.03125 2.940446580666444 0  6.692775777887742 0.756029258227274 0  4.212656025492226 2.849763022432146 0  1.184176805498072 0.1811051179048152 0  6.247188168810895 2.833441588945568 0  6.018037512919141 1.698599051177375 0  4.846923665514301 0.7871607638395868 0  6.490215557506467 1.537433279414245 0  5.98336015728552 0.6175474136806945 0  2.6875 0 0  1.984360599589571 2.08743302786296 0  1.660406894579842 2.247502368042419 0  1.593312637606262 2.696697510314345 0  0.07259262770756418 0.8244206886701156 0  3.789087122094534 1.360322482870873 0  3.288533132259384 1.360322482870873 0  5.21875 0.06023955681068826 0  3.125312119894521 2.930730561758086 0  2.564033198983105 1.08847131777516 0  5.154793253580483 2.558064041312886 0  4.083963287451154 0.7277323678477133 0  4.064271297080597 0.8533171277727255 0  1.110157634853941 0.6217128970498722 0  5.524017655492637 2.592927846121843 0  2.588641268838602 2.109680077969061 0  3.6875 3 0  2.650457146605377 1.565847270444735 0  5.4375 0 0  5.394653545514933 0.06994788895673434 0  5.812871838694092 0.6942934822629837 0  2.172831387592771 1.634798675333594 0  2.113549255136902 1.755112848748259 0  2.104025604441699 1.641403273998014 0  7.126677188465568 1.923421317705239 0  2.112650252049696 1.940757279451272 0  3.593465771488496 1.037768495321575 0  1.917378445689408 1.677131016841993 0  1.271608468839106 2.568336278354201 0  1.331452762810061 2.662293462476772 0  3.808273866718992 2.476702627099077 0  5.058677345665408 1.043987328947911 0  6.729144491122613 2.540203201306544 0  2.436000212662782 1.111895528011285 0  2.525263999953274 2.322638681136394 0  5.446101997233508 2.740123323271221 0  6.147281426547059 2.297120153850186 0  1.929119942176578 2.562875348797593 0  6.380820807703495 2.068598746542918 0  1.248891523512045 0.1969393185336401 0  2.378528163059718 1.98525813827574 0  7.496998251165855 1.79904019516439 0  2.587519418612809 0.4280157171822085 0  4.218258163680474 1.040148067835977 0  7.173819216788209 1.252709776780505 0  0.9605628604310736 2.40649345359661 0  5.331138505856519 2.035653670141901 0  2.712272037283523 0.904793855448966 0  7.9375 3 0  0.9345263559814783 1.751692875232562 0  7.702535474075006 0.4983151658291768 0  1.399435362369398 1.195589472378778 0  1.8125 0 0  5.526910878272662 1.354068246528768 0  5.478860483217351 1.244424908750212 0  5.400837041708471 1.334021960337377 0  1.038022633694329 2.514677219442222 0  3.966052928612982 2.169059845693987 0  6.426326083267083 2.705822519311097 0  1.444722816002906 2.471423022874276 0  0.9832055343010904 1.857568669639816 0  4.888832862341759 2.306990813035525 0  7.3125 3 0  4.252820517816756 2.337603077673468 0  4.319957797133609 2.253825682128315 0  6.571446847251946 0.4379199575612772 0  7.427077696755681 0.2566006529643235 0  4.428816049657078 1.450619748413889 0  1.228334751209827 1.814967423116078 0  1.754879633114412 1.670483281953125 0  3.428701041266972 2.642719446548746 0  1.042614321709391 0.8111734945995785 0  7.299140763869425 1.66474658383879 0  0.6200397536031146 1.747979172711209 0  3.555210717229508 1.3 0  0.1914918512525566 2.290390876270935 0  4.0625 3 0  1.811580419899214 1.583668627281018 0  2.025276434635582 1.95783785732344 0  1.621509178304216 2.934101572765559 0  6.748065469824726 1.337281654375382 0  4.210408842659537 0.7150984152862214 0  5.158605861553976 0.1307137638400791 0  7.865464716242289 2.557164919111054 0  7.573889814902614 1.393924587698214 0  7.624824252740002 1.326204447275393 0  3.702350517899786 0.3974284877076973 0  3.878490738318473 2.934082599491277 0  2.8816298549945 0.2369308845656486 0  0.3531455753534083 0.8056614809672099 0  7.3756894404066 2.174718682323945 0  1.877582535341884 2.377440674637044 0  1.918884310650626 2.435861042819688 0  0.8148773249339089 0.2455092812149062 0  0.8727126820774072 0.3405456416501097 0  0.7699694992939496 0.3636895303454949 0  5.681391517290017 1.755507729975245 0  7.624457949098336 0.6002780847270158 0  7.257237419540566 2.235065974510825 0  0.3663425942715999 2.406870930768848 0  0.2830612862158522 2.301320354922724 0  0.3693801059195794 2.300846941732392 0  1.579632147247043 1.387865539584496 0  5.935477411325387 0.3423218445723065 0  5.878022105252906 0.422577325825911 0  7.833102711485736 2.795625563343147 0  3.881778677144272 2.415417277639573 0  6.929942506734096 2.265010038253431 0  3.963387837253382 1.033895980911202 0  1.74940874978465 2.903963782864018 0  6.007725953458144 0.4200903177290102 0  6.952628183125447 2.936058663866919 0  3.015489532174001 2.511528745851022 0  2.948761792116347 2.413597762120313 0  0.1749940646815663 2.375403845714774 0  4.907112120429313 1.514657654062551 0  4.992434552377067 1.452360182177454 0  5.629712643323571 2.402188156966343 0  5.266841566138058 0.3220765120566557 0  2.021729122705937 2.631698445485637 0  1.914710538719423 2.685756133354147 0  4.17424535848926 0.657964308210955 0  4.153580291062281 0.528431028751275 0  4.101085813088475 0.5978617837928641 0  4.23134735414414 0.5824395134948687 0  7.183338829284329 2.12515290776722 0  6.065748948496474 2.707762389644966 0  3.267374471162108 0.3327607952221962 0  3.299043810992661 0.3905546555488411 0  2.860634849771733 0.4591596302050855 0  5.402387921071703 2.789926988236551 0  6.338419430564306 2.731970360224879 0  0.1161814809615513 1.733442313254616 0  0.06483981936445007 1.853640533375993 0  0.130513024873798 1.862118928560341 0  7.31358502067655 0.2757982117659588 0  1.85680978805269 2.72375040050519 0  2.664003920905332 2.146246846613423 0  2.8125 0 0  2.763071269654286 0.07124574643287072 0  3.015871758553748 2.25059311412987 0  2.925391663095672 2.155441366337561 0  3.024986436614383 2.15976711228059 0  6.162186846254407 0.3058148271521144 0  6.073040774317531 0.2238943751187353 0  6.079976710070641 0.3569788626134952 0  6.21947444070485 0.3832738115748313 0  6.012119301119067 0.2891658870980771 0  3.834526636613292 0.8590898448921463 0  2.957796045648872 0.7455280118136727 0  6.658029601115331 2.279645561052251 0  7.882541313737763 0.7199545441612074 0  3.232964864445406 2.301109223021588 0  3.184854496158574 2.377290984526801 0  4.853568441755492 2.577598701883949 0  4.560788894795402 0.7736357573033664 0  4.690540019020045 0.7879169255649495 0  0.7851912131177843 1.985954926177794 0  2.238145461341446 1.974668151384749 0  2.214053718549291 2.103272238561017 0  5.77858319377034 1.228242094187737 0  6.355235507342541 2.332153962459635 0  6.356380165414594 2.199031950271689 0  1.354024711246505 2.398416278691658 0  0.6875 0 0  4.944789282770492 1.7 0  0.2601717609851076 2.117292346949062 0  6.704905668689443 2.671425560044391 0  2.4375 3 0  6.595228090487097 1.463902671672155 0  0.5443408524290799 2.277632998742133 0  3.822550246108232 0.5069373727236425 0  0.9434874632815514 2.048849317155701 0  6.498322823471223 0.512090664345859 0  4.638304270978369 2.934770328733433 0  0.5179540563545028 1.546653442402073 0  4.468114211083325 1.04230903881513 0  4.404249063183499 0.9472838460474923 0  2.650365556279135 1.887460130197808 0  0.9208225070210612 2.822512244109055 0  0.882461984820783 2.929814096161249 0  0.9375 3 0  0.9831532508279888 2.934942442061701 0  7.600428588795577 2.207403223933385 0  0.8404427606366279 1.458363368967887 0  0.8739720867377386 1.359047251932803 0  3.569789282770492 1.9 0  1.71875 0.05716018033163005 0  7.6875 3 0  3.915004333342269 0.7592518706643185 0  7.566121442541735 2.14540688569749 0  0.3274713851084545 1.16777843010057 0  6.447255016956963 0.2907327157305986 0  3.317736532352916 2.35285902406279 0  0.06379481501035117 1.988616744101498 0  3.819789282770492 1.9 0  1.062709468090127 0.9113569780179437 0  2.004240160719471 0.1431062442953075 0  5.0625 0 0  4.342726331836289 2.849903701416553 0  3.386852770560166 2.2927247475818 0  3.43910966707013 2.222433017329505 0  3.27702852625703 1.038764814979498 0  7.009307109426735 0.8917347892838423 0  7.66177811281751 2.294458186273101 0  1.713821499664085 0.4922103366037449 0  4.8125 0 0  6.437660189505763 1.737084115632329 0  2.952175875378889 0.9371792405537063 0  0.7366458495432424 1.794274628100308 0  2.213961146215153 2.340036913066692 0  2.119747013667237 2.340508713760434 0  5.118132631180723 0.4903909188122336 0  1.909959988548593 1.165676273266239 0  1.061607539012678 1.025419183012037 0  2.21960410220013 2.468833826800436 0  2.272543483646487 2.527089406823964 0  2.296547440212575 2.396641515279078 0  6.814202444858456 1.728708344822901 0  4.370335769623071 0.8494597676476422 0  4.300870705902158 0.7730924563856255 0  4.015623383719813 0.3855764089714521 0  0.05006212004307378 1.737835130764496 0  3.377141205350073 2.165278723476522 0  5.709864216850658 2.445077940874734 0  4.619429950427552 0.7252990724053153 0  2.446117663147651 0.8265993821176262 0  2.920485969037129 2.038199506262428 0  5.498938902890288 0.9140858865385877 0  5.425245978760587 0.5372956452947549 0  4.761602096068108 0.8357333609995529 0  0.6200239955936337 1.079297690272219 0  4.906037541365712 1.64028336594039 0  4.810901333716126 2.853807603806706 0  1.521316717392788 1.47212477306567 0  3.643874999064744 1.516377441745304 0  4.028115546180501 1.539128088012817 0  3.527874045675635 1.539128088012817 0  4.62347514132016 2.467415937360554 0  1.508911847744329 1.681865852642285 0  5.219350232972368 1.690644077785364 0  3.729630589794864 0.06181548686465514 0  1.651995558602875 1.464920147902044 0  5.894627731670441 0.6945167251302455 0  1.419076713657563 2.068830645688256 0  4.126640365052393 2.30382410492315 0  4.570641652574969 0.6438583724919785 0  2.087383325052838 0.7544843113202135 0  7.7113974736394 0.6224095869267111 0  7.638239714858003 0.5143999575663279 0  4.092985841279523 1.04298761270121 0  0.1662159109092785 1.321624634909901 0  1.3125 3 0  6.57221001839031 2.37736782541042 0  6.444997375708393 2.380360301374486 0  7.618748015037115 1.867450452301556 0  0.4997594004566355 0.09555435125023551 0  3.202925573674649 2.818188748883276 0  5.593870046697025 0.3000694693784138 0  7.835010457843512 0.5031431773771226 0  7.952376786555755 0.5190156651188941 0  2.969897501109673 0.2221246019053703 0  3.086635108945684 0.2718179451568471 0  3.095472263589282 0.1918843418326685 0  1.587251871406702 2.20651367647714 0  3.792433397238096 0.9128054970688488 0  7.140185723599225 0.3618206576982529 0  5.175918980033075 2.323757558652043 0  1.21563154710764 1.038299525649859 0  0.3987264034768881 1.325139533005741 0  0.4891746051549157 1.302294288931454 0  5.915654569995567 1.005286317843274 0  3.953402154342131 0.4943049762589765 0  6.1875 3 0  3.997081484879613 2.628827114424525 0  4.029901901581968 2.701884739247759 0  4.872620849605231 2.771063908834424 0  7.534219779148716 1.669443134207857 0  7.590450280670408 1.742610860195953 0  7.637359688785618 1.624811312244212 0  2.93792136799052 1.458027445098912 0  2.880249379225509 1.364764265109597 0  2.840501884749261 1.479364602205347 0  2.558824151100417 0.6333714681801645 0  1.777581610619597 2.421843267586143 0  6.805645598882309 0.8394395207939414 0  4.214867821806191 0.9767398508593321 0  1.774095984897722 0.7700835275960015 0  1.675132086542298 0.8491786921779959 0  5.974902027598867 1.163963410392255 0  6.504900959451984 0.3706126219204628 0  7.176421652354807 1.725955603803555 0  6.625649679452176 1.337055673497355 0  0.4684224114720263 2.326827172611225 0  0.5973358220437475 2.322195003179134 0  1.174133656929547 2.139366237342322 0  1.144930684000504 2.203788376946157 0  1.26488905429811 2.240420836016426 0  6.788943871071374 1.668134112777995 0  6.723912282408084 1.658273538683339 0  6.683216543442588 1.709676798070529 0  2.500957989708104 1.318570770571441 0  2.696206051409836 1.471638493899228 0  5.183224365392135 0.5975969486898925 0  5.310888518062339 0.5740494707835896 0  5.739956121359181 2.11802503501684 0  3.987399946175786 2.038245489574826 0  6.358637718283502 0.06448409198576899 0  0.2529071315385284 2.895121045213 0  4.416401129528676 2.56640693823764 0  7.151742502025124 0.8540723894356719 0  7.501491890727903 0.0639770384584657 0  1.5625 3 0  0.5162745799193409 2.935806841059001 0  0.6137824194555304 2.93297512160087 0  7.188043624969785 0.2784369506658131 0  4.623556910048632 0.0639310948603338 0  2.359857041909855 1.484953518494928 0  2.298013516859703 1.410421213371928 0  5.794612940800654 0.7556008878824395 0  6.508921533322431 2.456922944238312 0  3.216046647705682 1.637590174661383 0  1.63375977711825 1.723130609771876 0  3.088126676309495 1.637228728136908 0  3.043487366055667 1.526656004028927 0  1.892202554260592 0.7830338111831957 0  0.6843058055025938 0.4298298876878343 0  0.6222670770541422 0.4960848137705726 0  0.5714616745831701 0.3897963439019346 0  1.650682491716341 2.403746249823916 0  1.523289273605997 2.415400132811189 0  1.583285145169563 2.336041621882277 0  0.2061066109169905 1.216819522878442 0  1.807371408046317 0.4672144877019936 0  5.814910708386971 1.636420988082703 0  3.308395178208695 2.226404957267296 0  1.888665807345122 0.7150311206663352 0  0.1443753785246237 1.447517345408248 0  0.4375 3 0  2.870906265417309 2.208613602273112 0  2.930210717229508 1.1 0  2.187014788603613 2.229579527206136 0  6.157566412313286 2.109329525666375 0  7.881352910465483 0.4175643158527563 0  1.493631788119353 0.06385933661779537 0  7.945263280380865 1.253159507979663 0  6.923633277736879 0.3511697874213934 0  7.357799705343028 1.172642987648725 0  2.59246913157272 1.327097708859885 0  4.781448436858351 2.458910445640108 0  4.043416857811121 2.244534078267172 0  2.652831636891459 0.1495919223821498 0  2.710814908557464 0.1854887101348861 0  3.89952763683287 2.144253821858257 0  7.864161080147576 0.8485733335468485 0  5.679795652810721 1.172091717154296 0  1.614312054485417 2.034619648689342 0  3.430210717229508 1.1 0  1.62061933045362 1.85458437853707 0  2.0625 0 0  3.724099666106161 1.355043027391688 0  1.113373731892314 0.4111195123958021 0  6.067131503805805 0.9871359640768922 0  4.434411840099062 2.027975132240903 0  4.493774123024885 1.990722485771034 0  4.305182228506699 2.029712003572798 0  7.023551824446623 0.5889246848923922 0  1.537085865863527 0.356048754818509 0  1.622400578363106 0.387596271718011 0  6.6875 0 0  5.483791799462706 1.710049001230591 0  0.4187106936487433 0.1988975577493822 0  3.569535869086358 2.825276254310879 0  3.532242450025951 2.945273731397722 0  0.2068565164368267 0.1264425589659829 0  6.70744365345982 1.768812071387411 0  7.1875 3 0  2.097524295873001 0.1688327230136522 0  2.105024334313375 0.06158805140032123 0  4.746661661413995 2.772461121661216 0  4.678021097101935 2.820280778081626 0  2.91636145491949 0.7991239696012538 0  0.1374875551710441 0.4649883358515776 0  2.361110069308308 1.355886630193498 0  5.445584276654502 0.6985283070216123 0  0.5755587249110568 0.8356847036743278 0  3.637045072987125 2.149145666323219 0  3.702031046488079 2.215343834900382 0  3.620475611066979 2.275449403287443 0  0.8056544971659479 1.528672284931735 0  3.76778893296938 0.5902725265921401 0  0.1389250885906022 0.8238441093229908 0  7.189545844432252 1.849958731098919 0  7.100864210314121 1.780931428859786 0  7.923161369818527 0.3617782627234952 0  6.562823614074463 0.1274560653085842 0  6.499152696217468 0.06334308659484379 0  6.436814353043807 0.1380801837696425 0  0.06184433135548828 0.9207376717246458 0  0.4016006908307827 2.123893302233173 0  0.2806787941647205 1.495876694229978 0  0.3020525525973219 1.369322512672303 0  4.373821729180188 1.963299321562621 0  1.013244216876642 0.1774371364253337 0  1.08892064208105 0.1612640526946649 0  5.407919308264034 0.3080295997838276 0  5.353399440184798 0.1958516542539121 0  5.304194015769433 0.2695306526216232 0  1.356656027253762 2.053387114449706 0  0.9025214487380313 0.8099516219352659 0  0.9161426077539926 0.6850296375988184 0  1.797838870097309 2.643404892339571 0  3.896747363748946 2.547726347534244 0  3.180210717229508 1.3 0  4.386673566875189 1.365296819320905 0  5.544380965604121 0.540882682318149 0  5.550228836532122 0.6323680177141064 0  0.05607107263085276 2.192629822209136 0  1.296567161459618 0.1399518106460259 0  2.222659417974322 0.06134695201985885 0  1.528636736639274 0.9229626166082661 0  5.573848789822764 1.018472764305304 0  4.372096661268243 1.53154092212537 0  4.369282616612275 1.629873587721677 0  4.444789282770492 1.7 0  4.484375765917125 1.630471427427062 0  6.83300154436153 1.554738891134078 0  0.6875 3 0  6.3125 0 0  3.944789282770492 1.9 0  5.387040665928844 2.312313629708465 0  7.088664898370181 0.2459868507514985 0  1.78987227279953 0.05895265110115563 0  0.5625 3 0  7.852724907549213 2.334048938909981 0  6.883747390521298 0.0630834608747034 0  2.447047319392491 0.561961450818917 0  2.489407000604507 2.422428712025304 0  2.588668748697919 2.452050598935084 0  0.9145011463446668 2.613457866146747 0  7.31822789780782 0.6719951244998134 0  6.440917533825683 0.7654188125716433 0  0.8156383372908271 2.21556823959117 0  5.387774599238619 2.163544097924522 0  5.714441726160332 1.547119936217157 0  1.733701257824718 2.028741697699051 0  5.12442704990662 1.968276291055006 0  5.103804746720732 2.033233381298218 0  3.011438819392293 1.399087398712823 0  6.209906532821265 2.307548534876577 0  2.276952926009097 1.172593639030654 0  5.10319258110069 2.142813373614661 0  5.125796737111656 2.266224610042327 0  5.174454291026842 2.174190931930202 0  5.89331748679674 1.887666911150519 0  2.7138502275591 0.7863286008819452 0  2.753587274969237 0.7063021452250949 0  4.107014678892747 0.3119130725355944 0  4.027917476821467 0.2493037813649285 0  7.9375 0 0  8 0.046875 0  7.437915436990643 0.1263228355563215 0  0.7210387746546398 1.157294081570125 0  0.3335097049064066 2.68673145681949 0  7.487932453018109 1.176949780264741 0  6.444414658145068 1.029981188577658 0  1.208247444899533 0.7109010705861998 0  5.519369230606815 2.845779708271715 0  0.2816829519255843 1.268016513555715 0  3.002460908733352 2.932490536659803 0  2.985368886021615 2.869297782779709 0  3.180210717229508 1.1 0  4.21875 0.05478116803576061 0  7.948899254291863 0.6186607554382922 0  1.124710980230515 2.56929537500414 0  7.509942442757195 2.731024062905797 0  7.317487966328581 0.152591611776639 0  1.781137155877266 2.29255756410847 0  1.744167261290106 2.232435273392216 0  1.870950025258354 2.256523356797385 0  1.942573789352761 2.21185316345924 0  1.768828462053701 0.5840922382941884 0  1.645125791895887 0.5623054205436218 0  1.683424545432157 0.6360553824256049 0  2.894195939039297 2.593268872586595 0  2.959293262375311 2.612241327302902 0  2.651899222586598 2.002467188383214 0  5.376685564140157 2.934311405791786 0  5.5625 3 0  6.12509264525375 2.238348290318077 0  4.569789282770492 1.7 0  7.374927232884697 2.249766336466218 0  4.24967627695068 2.62862559005651 0  5.717463700963757 2.049527259372771 0  3.578014303571839 2.601241151898293 0  3.499196679413448 2.547459602298378 0  4.720417054607645 0.4505460838409418 0  7.501041057534233 0.1932895002484596 0  7.745068727033239 1.631676315569855 0  0.9628254428024061 0.737319567295639 0  1.257145049840132 2.789789005668261 0  1.167671823734749 2.790813591037694 0  1.251156223425646 2.696309926642502 0  4.811659676960502 1.551370694620328 0  5.047680109251254 2.333536938406408 0  1.572350539391463 1.787433698783189 0  2.000155516319927 2.93734364403334 0  5.760739962919518 1.665122974913873 0  3.499556711220883 0.06336935961588663 0  1.030806237812346 0.05538188867744648 0  1.875686647209881 2.91849444112977 0  0.05710301866048594 2.878676816075425 0  5.640655958974603 2.707209667763643 0  4.994271331291135 1.996789379840467 0  6.931027267322578 0.6956570223212655 0  4.6466106991972 1.413402698162765 0  4.3125 3 0  1.589785816522605 0.4962695379923048 0  1.156265589617926 0.05909370140091888 0  6.625012185149962 2.923169264956492 0  3.5625 3 0  3.680210717229508 1.1 0  4.055210717229508 1.3 0  4.694789282770492 1.7 0  6.4375 3 0  7.8125 3 0  5.6875 0 0  6.8125 3 0  7.3125 0 0  4.805210717229508 1.1 0  2.3125 0 0  7.1875 0 0  7.5625 0 0  4.444789282770492 1.9 0  1.9375 3 0  6.4375 0 0  6.8125 0 0  6.9375 0 0  4.3125 0 0  4.5625 0 0  7.4375 0 0  0.1875 0 0  4.694789282770492 1.9 0  6.5625 0 0  2.5625 0 0  4.6875 0 0  4.6875 3 0  4.5625 3 0  0.5625 0 0  3.1875 0 0  1.9375 0 0  1.8125 3 0  1.6875 3 0  4.194789282770492 1.9 0  3.944789282770492 1.7 0  3.444789282770492 1.7 0  3.819789282770492 1.7 0  4.305210717229508 1.3 0  4.1875 3 0  0.4375 0 0  2.9375 0 0  2.0625 3 0  2.125 2.937202577513872 0  2.1875 3 0  3.3125 3 0  4.4375 3 0  6.6875 3 0  6.5625 3 0  4.680210717229508 1.1 0  4.555210717229508 1.1 0  3.5625 0 0  4.0625 0 0  3.9375 3 0  1.4375 0 0  3.8125 0 0  3.4375 0 0  6.0625 0 0  2.930210717229508 1.3 0  3.694789282770492 1.7 0  4.194789282770492 1.7 0  4.069789282770492 1.7 0  3.569789282770492 1.7 0  4.569789282770492 1.9 0  0.3125 3 0  5.6875 3 0  5.3125 3 0  0.8125 3 0  5.069789282770492 1.7 0  3.055210717229508 1.1 0  3.694789282770492 1.9 0  4.8125 3 0  1.3125 0 0  1.1875 3 0  6.1875 0 0  0.8125 0 0  4.819789282770492 1.7 0  4.944789282770492 1.9 0  3.319789282770492 1.7 0  3.444789282770492 1.9 0  1.5625 0 0  1.4375 3 0  5.069789282770492 1.9 0  2.875 2.89362671946311 0  3.0625 0 0  2.9375 3 0  2.8125 3 0  5.8125 0 0  6.3125 3 0  5.5625 0 0  5.4375 3 0  3.055210717229508 1.3 0  4.319789282770492 1.7 0  4.555210717229508 1.3 0  4.50973163026464 1.367014469311756 0  4.430210717229508 1.3 0  4.680210717229508 1.3 0  3.0625 3 0  4.9375 0 0  3.305210717229508 1.1 0  3.430210717229508 1.3 0  3.930210717229508 1.3 0  0.3125 0 0  0.1875 3 0  4.319789282770492 1.9 0  5.9375 3 0  3.9375 0 0  3.8125 3 0  2.5625 3 0  5.0625 3 0  2.6875 3 0  4.180210717229508 1.3 0  3.805210717229508 1.1 0  3.194789282770492 1.7 0  3.680210717229508 1.3 0  2.1875 0 0  1.043131083591717 1.406967740203517 0  3.884546468367677 2.285032059033289 0  2.652682679121063 0.7952238414904065 0  2.618827764042305 0.8504715566512525 0  3.275878018065043 0.7758226598700333 0  4.110376950901539 0.8054222026342629 0  5.057718990188428 0.6024944075439422 0  4.561911649807738 2.871649484892864 0  5.403179403256239 2.854600964800992 0  6.642228140358909 1.125384215868842 0  1.673679954474851 1.140779046524771 0  5.284390533457867 0.801142298954477 0  2.309193590058013 1.87280148843878 0  0.5182058588504781 0.4237133008720735 0  4.704864035490122 1.454597264463913 0  5.920792648594142 0.7511350225453167 0  7.565448616835116 0.1322203364969884 0  7.158683128674819 2.430911611798177 0  4.961720366080888 0.2602854877850565 0  0.5031406826735594 0.2117728749243311 0  0.4839918923507184 0.3066108375231118 0  1.723341087099703 2.707566124747701 0  3.156850149439542 0.633291162921236 0  3.322036814132786 0.06450854925676854 0  6.740109160357935 2.870143325262662 0  3.037315521917489 2.360471275445148 0  4.946167019500701 1.331852880910694 0  6.937455780227446 0.2904074255039244 0  0.06286232093755589 0.06794988062503725 0  5.733388996016179 2.933749297703525 0  2.808775321868016 2.688908086482376 0  3.045987116423756 2.835231100158258 0  1.260778856325752 0.8093360496136655 0  1.172185721573203 0.8400887825220055 0  6.343086197476812 0.5147924989647774 0  6.315307096827103 0.6345056727783295 0  6.27911355495336 0.5722833272556004 0  2.638399618147349 2.358245395497239 0  2.623735831096798 2.234404188827252 0  4.154739418199184 0.2685491499301422 0  4.750929673994198 0.8986822104323199 0  2.489936229388973 1.908553541601177 0  2.812627375033205 1.420538240094717 0  7.127809004995257 1.568652088261108 0  4.609695772891991 2.7079837858118 0  4.422207715782735 2.178065233892521 0  2.958695462718443 0.6818227086164138 0  2.733732195424525 1.157098524387795 0  6.247644350213722 1.536269890792316 0  1.113101599413719 0.3478949404686036 0  2.890577692372465 0.3402547334999878 0  2.785009935611837 0.274620043893447 0  6.026620246648372 2.031166796117537 0  7.129988970722344 1.299362803467281 0  1.821066818723988 1.422897552377811 0  3.806223471366871 2.348474431464155 0  0.5861377025036523 1.849551415951788 0  7.447763014174282 2.9373822513759 0  2.323733259588038 0.3482444388933827 0  4.815246652333096 2.066159184080115 0  1.566948183294262 1.657287862386581 0  2.263310341531439 2.172706705980227 0  6.271676896057389 2.938331821067316 0  6.813163798424932 1.458305421391678 0  5.016657409113876 1.399115388937261 0  2.237644183767661 1.350174250871563 0  2.192225370353127 1.230163103807681 0  7.292754165388476 0.9784858860393854 0  3.183395036511897 0.4363668676961347 0  3.156856606572592 0.3655607356962956 0  4.774513759000208 2.26770276062908 0  5.445046457565366 1.578839704228334 0  2.902238386105333 2.3271548561325 0  1.844682377094625 1.248462593953489 0  7.40512138484742 2.500575538544377 0  7.483281700606139 2.465997141793484 0  3.755694408103996 0.4310281478873699 0  6.291401784743695 0.4475593384389921 0  0.7598190804177912 0.9153069432332572 0  4.357452060909455 0.4656814709927996 0  4.377316689731099 0.5870885829052744 0  6.31493158849386 2.400970693976672 0  0.2745646134519019 2.390153795218431 0  0.2285012738241076 2.726783603645056 0  7.720000716616907 1.716139115946647 0  5.163441206256415 0.2602121774111288 0  4.438338114598523 0.6490135736301251 0  1.816583935799482 2.172243496217659 0  5.938404921028407 0.4718260173923254 0  6.691759311319393 0.2231453708389159 0  6.198150340154745 2.569630176496887 0  4.249072501563274 1.961874574563794 0  6.185687368661422 2.839375840439152 0  4.722479917165526 2.382538052366804 0  2.39268034696522 0.7853519351706236 0  2.487526929075038 0.3491328947212752 0  0.707041822257292 2.380399292150953 0  2.70236960552212 0.05993019704589536 0  1.143980096748223 2.447802770776596 0  2.194393148668063 1.73580006988405 0  2.247828851761912 1.850574689520669 0  2.262193816088945 1.756412590982652 0  7.033081001295507 0.05525348188486143 0  6.191976977818325 0.6468137752985387 0  5.743750248742743 1.447293149550174 0  2.141272801989602 2.151873534055456 0  0.9701818274423747 1.628545504640073 0  2.886737856629203 2.092178773455116 0  5.971729454012718 1.8806701622631 0  7.682414285033571 1.95290810767974 0  7.292199986453033 2.623300596322174 0  3.474856138236444 0.2030295850928968 0  2.301625965242533 2.054615718590425 0  1.782011249417674 2.76801596542529 0  1.707998202793446 2.350896875852795 0  7.096526872713365 2.741158413979073 0  7.093140194212413 2.650713986564905 0  2.377516513858552 2.714246415130576 0  3.118753153849557 2.730716900691603 0  1.229813662469198 1.149099205277555 0  6.38858552349429 0.8971883225185234 0  5.534075194453306 0.1346536277623167 0  5.888144468477491 0.8133133873589748 0  5.463307681620396 2.372843911586707 0  0.8682322780854124 2.701999194522604 0  3.479582671128038 0.5852076508318591 0  3.578822928259598 0.5249112792176872 0  3.544780966164166 0.6373824963351427 0  2.071571515980121 1.072578281679456 0  0.1255723854795238 2.75099392957018 0  4.497431312876474 2.536425747751304 0  7.46744185579465 2.39119082926314 0  7.589725441238864 2.398727791189117 0  7.57348847969395 2.331957900342289 0  6.456120486695383 1.831545688317435 0  4.526008647046657 2.103364405312501 0  4.662343706357813 0.4727922530657978 0  5.688476209252946 1.040805778691471 0  5.774047199680123 0.9853640432039676 0  6.154619588795723 1.19061719194523 0  3.31525521598341 0.2780940221855428 0  7.701596381784833 1.373455793842413 0  0.3005659275276764 1.0568884469312 0  2.102351482499324 0.9527420132757157 0  5.65634299223403 2.842052297441542 0  0.2196708326867634 2.946679539515923 0  0.1702642595669963 2.833313897200642 0  6.983055527198419 0.9923905842082181 0  2.112891286891376 0.2304573689875147 0  2.032061707554955 0.2681368710991497 0  5.419936283637136 1.460282460790293 0  5.914141244973377 0.8788374074852653 0  4.60194214407127 0.4081285548529295 0  4.678977639264659 0.3506883122379469 0  3.067429391923445 2.417740084207559 0  6.559255349594618 1.903421342944744 0  0.4809449655119076 0.8834843186855095 0  0.5426306163554403 0.959021921697098 0  6.920563198757131 2.460471540293501 0  2.862364989423946 0.6372262874339938 0  2.527526807858514 0.9245500538762749 0  2.480937584122831 1.031522747568385 0  2.156998919516744 2.029778658671666 0  0.05993694007416308 2.42492903658481 0  4.173659756331409 2.511695340343012 0  4.10084517654048 2.453052621357595 0  4.180911397209961 2.39209236423349 0  1.909815833812312 2.139442759072716 0  5.631356127112976 1.063316884390665 0  1.14311304273925 1.338342737451804 0  1.169151401738562 1.241859870656574 0  3.707905436988162 0.8500509360330246 0  3.779547909053909 0.7875417412598575 0  7.762290678926673 2.389930901206961 0  7.723270787375045 2.28013854852529 0  5.88317239755091 1.467766970365565 0  3.608278007006259 2.400047805661273 0  3.681163868308108 2.472782891799636 0  7.624204535511587 0.7154054803836887 0  2.322357745649941 0.7196016043240412 0  7.933000951411703 1.966582592645527 0  6.650976226950084 0.958631895865151 0  4.405866659615286 1.046173602389235 0  7.38084643097933 1.231505316781705 0  3.207568525045949 1.576836250579039 0  3.898306376157072 0.5614326443773213 0  6.2213778500373 0.527495405580124 0  7.21922946272478 2.947191426103972 0  0.635589658376122 2.609835863604481 0  6.893717084986627 0.1878456221158605 0  0 2.484375 0  3.193321596579058 1.966659297834442 0  2.156570949144506 2.80654066784521 0  5.082307184967093 2.383994266597937 0  5.073509147750468 2.502541229142942 0  5.003843132067472 2.453055408344283 0  6.932515582250025 0.5535822250733063 0  1.04034222512112 0.5602465920756943 0  3.748358419312654 2.525576810772035 0  3.777770135408392 2.643820400191835 0  3.700980388317902 2.600208349734311 0  7.679418557924002 2.391819181702683 0  7.161934833004602 0.6264579838054563 0  6.053773932769767 2.152238688076687 0  3.752553398063139 2.282271607168572 0  3.743971142473882 2.40399209128301 0  3.682782314555095 2.342582491547056 0  0.9788118901887243 1.963455716246342 0  0.8757330054607227 1.944845774634325 0  6.689107001101446 0.4828879914494403 0  6.282615230469569 0.9504500800416918 0  1.452417912789208 1.756564834491781 0  1.412143690258075 1.874032585345946 0  0.7482015552831842 1.892547244514041 0  1.607807262618069 2.129889212987725 0  2.428016920532834 1.597193699384899 0  2.366881651037183 1.606196753754469 0  1.906928973108991 1.932656494680842 0  5.288653067659685 1.253121173866126 0  6.235800365943265 0.06423053010010922 0  0.05918402258822562 0.5485891480833537 0  5.257086137837332 2.607219132890808 0  5.185192126043346 2.675372122222038 0  1.27824291088008 0.6085981113104165 0  1.229579857678505 0.6489170574516688 0  4.297338569481039 0.4075047682304824 0  4.224831366367134 0.4576785898690617 0  4.176946020043128 0.3888512929221373 0  6.23973269363791 1.181355283488444 0  7.365816304510346 0.887452133892814 0  3.516792135166029 0.5181403295142352 0  4.886662642621603 0.4684026728585043 0  7.699020954419018 2.026477130173439 0  0.9376408507164228 1.367837917602403 0  0.1340483563081818 2.551934616225251 0  0.1555425759776382 2.466261487139611 0  6.022319580656361 0.7041914789127269 0  0.8460422255702342 2.517100455395552 0  7.930821400513227 0.7618231988051988 0  4.315472663548408 0.6476091341573132 0  1.447357047307934 2.313519741213747 0  4.957757067088612 2.194167021745661 0  1.021259091672294 2.396382345793688 0  1.066813857530712 1.240129289313092 0  2.470603139069739 0.971661050058908 0  7.770793079954966 0.6067921042528319 0  5.837168097609975 1.58046752974996 0  1.438251661545996 0.5785484044077964 0  5.229633031729782 0.1881515088349315 0  1.105651706704707 1.144758473894611 0  7.325093574030476 0.3352321231380537 0  0.4661787709664666 1.218276364708565 0  6.055012445205463 2.336800288304649 0  3.733976907718075 0.7119650837859643 0  3.692133298400877 0.6429585682887489 0  3.619889462613008 0.6923184261564939 0  1.930714596675394 2.813116368532752 0  0.4774519699947396 1.818782077750009 0  3.564296401425544 2.358105376361926 0  3.443395085807504 2.362167253098094 0  4.415814274019609 0.4244356580729693 0  0.5382676855072891 1.187254421797452 0  5.158919075913411 2.946468909483022 0  1.187178963842652 1.091675132369616 0  2.645115451491843 0.9025427576720617 0  5.706548035905617 0.3210427896352168 0  5.755430965964901 0.249752484562084 0  5.779111085263333 0.3708073493244681 0  1.410664810865224 2.589798839492033 0  5.793030983172504 2.942889061487694 0  3.019577238393381 0.76140186018024 0  5.948284235369347 2.869369837391841 0  6.02112003013502 2.94107539159514 0  6.065477392051835 2.861088564947978 0  5.708148162035818 0.7636769834967025 0  0.2303375075859213 0.2445485339612067 0  0.2872292568198844 0.3284491605486102 0  0.2097637463465165 0.364416941203916 0  1.551719318340698 1.596421815192873 0  2.02548518700938 1.848148740354163 0  0.3469963889345755 0.5008669379595995 0  0.2364259662286022 0.4527059767256462 0  0.2605316547216727 0.5379464586879679 0  7.566360545862274 0.8919814277845306 0  4.498634994698639 0.5762357724619722 0  4.497060805733157 0.7050281930629092 0  6.004720359183905 1.828444823445025 0  6.060847431878039 1.800752383765964 0  3.610042798997212 2.741464430955263 0  3.658809457752504 2.666496306360452 0  3.102375498025162 2.856388762504189 0  0.5970299653822049 0.1173179947927442 0  6.953576706011173 0.2318655985945263 0  1.712520000640493 2.523809339370045 0  1.806557476748574 1.788037994406053 0  0.3586458143948782 0.3787843683631738 0  2.82725986751076 1.128078196967774 0  2.82725986751076 1.271921803032226 0  2.847485292370134 1.121506558066285 0  2.829263529020155 1.078546259347913 0  2.847485292370134 1.278493441933715 0  2.830507524049531 1.322814207402434 0  </DataArray>
</Points>
<Cells>
<DataArray  type="UInt32"  Name="connectivity"  format="ascii">1010 2094 2793  467 1400 3283  570 2118 2119  1500 2936 3077  983 2720 3679  885 2476 3218  799 1607 2210  827 1164 2833  239 2211 4083  14 15 16  12 19 20  448 1681 1682  607 1538 1539  383 2163 3125  34 1992 2326  764 2340 2341  1713 3616 4072  904 2843 3135  367 1677 2803  1523 2142 2787  385 3421 4065  243 1888 1890  1236 4288 4289  614 2163 3591  725 2397 2716  398 1381 2940  348 1174 1416  503 3798 4180  109 2257 2839  699 1448 2670  151 1457 1914  750 1266 2736  107 1670 2686  360 3086 3841  837 2572 2801  346 2579 2962  754 2489 3308  127 1391 1516  844 2346 3059  1018 2295 2885  165 1744 3764  600 1213 2276  1559 2489 3680  799 2210 2211  645 1507 2219  841 2593 3088  1758 2741 4084  1702 2533 3102  549 1915 3248  835 1547 2306  148 1845 2543  845 2348 2705  1176 2928 4039  545 1573 1574  1090 2625 2665  326 2264 2266  1185 1365 4058  802 1400 2861  1345 2181 2535  151 1457 2061  889 2449 4170  447 1968 3881  269 1769 2691  647 3068 3687  192 1569 2930  173 3093 3786  1447 2052 3591  810 2050 2982  937 1945 3536  488 1713 3616  1139 2135 4176  350 1510 2975  145 1259 1488  733 1259 2703  869 2230 3062  819 2853 3449  628 1394 2240  1022 2233 3582  2266 4080 4081  560 4188 4270  818 2462 2539  828 1704 4123  351 1382 3873  389 1324 2773  57 1743 2885  153 3374 3607  486 1658 2189  364 2668 3198  739 2641 3530  22 1194 3453  496 1473 2657  607 1537 4172  70 1356 2151  1155 1620 2247  1337 2488 4099  100 2801 2882  970 2205 3422  1112 3468 3469  689 2204 2643  2178 3336 4229  872 3248 3484  384 1362 2987  243 1890 2201  1010 2094 2374  123 2068 3454  132 1511 3445  1137 2109 4220  227 2208 4094  1474 2511 3085  805 1999 2521  962 2809 3567  868 2230 3062  112 2621 2896  193 1607 2210  1235 1907 4115  774 2582 3739  670 2545 2546  1366 3182 3220  707 2256 4021  152 1747 3590  538 1232 1815  55 1476 3197  205 1565 2256  1242 3126 4093  660 1588 2459  1190 2207 2493  574 2007 4185  129 2248 4144  900 2039 3256  662 2137 2138  1210 3711 3884  688 2410 2615  191 2517 2518  579 2160 2565  590 1324 2773  208 1753 1864  1296 3221 3237  890 1651 2098  720 1911 2903  495 2512 4292  126 1776 2452  194 1246 1566  70 1356 1503  608 1539 2437  129 1428 2549  636 1717 2130  966 2296 3282  2007 2549 4185  637 1896 3224  404 1572 1657  360 1859 2869  445 1887 2743  538 1320 2828  146 2859 3673  746 1593 2710  855 1654 2694  105 1556 2596  923 2679 2680  435 1483 2507  790 1774 2428  345 1177 2008  1144 2283 3154  588 1877 2954  946 2221 3788  625 2345 3014  143 1337 1338  2096 2123 3319  196 2333 2648  216 1679 2184  833 2805 3819  1109 1622 1961  1131 2093 3333  828 1489 3047  938 2475 2865  1018 2084 3686  408 1500 2566  151 1196 2292  394 2649 3088  760 1864 4085  516 1895 3554  430 1767 2757  96 2176 3750  1142 3756 3757  1318 3234 4019  1257 3504 3505  627 2321 3505  572 2132 3570  159 1931 2080  812 1754 1876  879 1345 4227  466 1740 4054  787 1680 3307  169 1589 2837  78 1475 2202  1161 2666 4270  272 1855 3501  956 3250 3597  214 2595 2746  918 1560 1820  168 1486 2886  1094 1505 3411  2165 3328 3798  884 2429 3287  365 2675 2996  325 1683 2754  448 1682 2676  688 1922 2614  460 1630 1725  2702 3371 3416  614 2052 3591  491 2171 3058  475 1757 2456  1230 2741 3716  998 2275 3489  1378 2148 2856  907 2742 3006  384 1362 2144  646 1448 1508  1231 3413 4264  1242 2369 3538  461 1283 4044  2412 3190 3702  451 1406 1811  334 1811 4181  955 2331 2379  394 1619 3183  230 1830 2486  1133 2184 3705  1495 1801 3831  662 1174 1663  731 1361 2520  557 2003 2004  111 2441 3151  1040 2364 2842  384 2987 3247  226 1352 1363  71 3695 4077  190 1345 2181  1281 2420 2774  1087 2031 2985  74 2316 2900  321 2325 3112  463 1617 1948  719 2442 3280  279 2359 2978  953 1308 2686  1172 2178 3081  1218 2382 2391  1015 1473 2504  64 1868 2332  1172 3081 3227  143 1337 4099  583 1270 2084  150 1996 3869  631 1550 2984  586 1965 2527  240 1549 2099  1549 2099 2984  1216 3823 3824  781 1416 3423  1424 1896 4241  596 1250 2217  891 3202 3260  530 1443 3643  1275 3317 3318  683 1635 2558  1448 3595 3675  775 1771 2760  1447 2864 3127  327 1266 2194  1316 1911 2903  33 2240 2770  1267 2800 3070  461 1283 1410  547 2024 4235  210 2069 3467  770 2715 2827  1223 2777 3109  572 1281 2420  213 2410 2689  582 2169 3602  723 2749 3875  431 2105 2166  224 2250 4187  773 1540 3666  225 2750 4294  137 1686 3523  649 2141 2557  218 2140 2305  268 1649 3503  715 2101 3870  1690 2862 3241  1907 2960 4115  1686 3520 3522  76 1691 4100  784 1274 2006  1906 3499 3500  510 1184 2319  110 2239 2315  49 1885 2269  463 1617 1618  877 1482 3466  1113 2750 2751  349 1197 2368  349 1197 1499  52 2581 3794  379 1240 1484  228 2911 2963  371 2912 3493  1696 2074 3306  1992 2334 3546  342 2311 2314  661 1389 2311  231 1613 2075  578 1800 3359  933 3458 3498  1017 3742 3779  528 1892 2768  1386 2712 3044  430 2757 4105  537 2526 3757  882 1509 2060  1399 4072 4290  268 1588 2027  363 1297 2188  238 2977 3238  662 2102 3028  348 1174 1663  412 2629 3610  73 1625 1719  7 4310 4311  693 2979 4059  1105 2095 3877  619 1890 2180  243 1918 2201  244 1494 1495  715 1918 2103  1008 3317 3318  245 1331 2290  136 1596 3466  75 3206 3704  900 2093 3254  1131 2093 3116  1180 2243 4158  329 1261 2702  869 3062 3063  1024 2367 3063  1317 1813 2663  823 2366 2897  388 3301 3880  728 1656 3644  278 1819 2370  277 2169 4297  1324 2522 3408  1089 3799 3800  154 1386 3441  372 1645 3613  259 1497 2619  1068 1874 3178  517 1471 2664  373 1644 3614  938 2303 3767  1065 1873 3177  274 2078 2131  1123 1302 3701  231 1226 2260  382 1506 1818  645 2219 2826  631 1604 2000  427 1464 2095  909 2742 4280  426 3117 3636  79 2819 3649  161 1927 2047  924 2353 3211  273 2109 3211  912 3002 3004  1276 2825 4180  122 1323 2479  920 1626 3367  938 2303 3548  852 1577 3012  409 1502 1742  107 1990 2159  953 2234 2359  798 1649 3141  251 1824 2853  869 2367 3063  564 1854 4108  2109 3211 4220  1344 2241 3158  1740 3659 4054  818 2075 2212  794 1924 1981  634 2356 3565  1130 2200 2933  172 1831 3471  355 1259 1261  610 2181 2642  531 2192 3535  555 2037 2038  1020 2223 4126  497 3536 4073  420 1326 3051  420 1326 1966  386 2011 3105  505 1651 3193  425 1601 2812  1330 3858 3860  206 2057 2563  1266 2057 2736  554 1674 3456  946 2005 3513  1520 1867 3557  401 1460 2764  1355 2863 3307  486 2672 3032  1257 3157 4152  932 2048 2071  546 4212 4301  541 1750 1972  1129 3100 3279  149 1626 1856  1158 2197 3692  1443 2860 3643  609 2272 3545  710 1286 2272  138 2790 3087  787 2862 3241  816 2876 3574  1738 3435 3508  840 2525 4040  864 2143 3096  1182 2937 4140  1005 2412 3702  573 1907 2352  986 2193 3818  1002 1999 3029  588 1877 3628  196 2333 2530  978 2333 2530  1096 2026 3636  174 3518 4119  64 1847 3815  163 1167 2146  973 1994 3874  910 2794 3037  783 3130 3210  967 2191 4260  1559 2489 3308  539 1365 3758  504 1334 1817  383 3125 4045  417 1241 1315  328 1734 2217  707 1250 1734  1260 3390 4209  1260 2387 4209  413 1433 2584  1812 2759 3334  155 2218 2361  1154 2218 2361  1225 3668 3770  1092 3595 3675  676 2083 2288  105 2090 3065  451 1479 4182  524 1752 3067  335 2029 2729  1007 1894 3512  1748 2474 3151  397 1314 2214  1829 3481 4100  338 2174 3089  339 2499 3861  396 1377 2792  978 2409 2530  340 1849 2308  769 2871 3354  1617 1948 3373  510 1184 2622  587 1977 2470  457 1364 1563  1132 2342 2832  178 1256 3339  345 1177 2228  1405 1671 4134  419 3620 4027  893 2957 2976  768 1695 2800  781 2045 3423  348 2834 3114  1198 2291 2955  1198 2955 2956  1441 2172 4097  976 1558 3320  213 2002 2410  730 1382 2690  468 1729 2737  387 3104 3208  691 1237 2542  581 1178 2167  1113 3204 4232  354 3303 3329  145 1259 2703  1260 2024 3025  772 1695 2766  755 1496 1706  183 1539 2437  885 2124 2403  886 1859 2869  250 2033 2971  50 1322 2222  396 1269 2792  745 2777 3109  362 2776 2778  121 2640 2779  71 1296 4077  1296 2731 2918  672 2337 2537  727 2340 2341  848 1749 2997  365 1264 2945  1319 2859 3673  453 1621 3345  701 1301 2602  703 2603 3737  1206 1869 3299  584 2059 3799  813 4038 4076  1252 2630 3492  866 2419 3121  1068 2604 3178  865 3119 3122  1065 2605 3177  276 1932 2277  1175 1932 4138  801 2070 3632  251 2827 2897  376 2808 3297  1244 1606 2366  759 2133 2699  681 1359 2677  379 2206 3131  961 2434 3816  100 2500 2801  1348 2450 4215  179 1347 1985  962 2283 2934  140 1526 2594  382 1311 2331  399 2377 2909  173 1310 2263  1283 1639 3125  1217 2407 3502  549 1917 3263  666 1920 2487  666 2092 3054  903 2011 3105  183 1519 3145  1125 2062 4169  387 1353 1827  1085 1532 3041  388 3301 4026  1749 2781 2997  742 2564 2565  275 2165 3288  390 1988 2825  914 3324 3409  72 2656 3630  2483 3268 3404  1337 2178 2488  45 2406 3153  393 2688 3586  394 1390 1619  1162 3110 4140  395 1384 2616  127 1391 2944  164 1313 2471  589 2214 2422  531 1381 2192  1381 1780 3402  177 1564 1991  1593 2710 3323  795 2950 2951  792 2855 3780  941 2974 3470  50 2222 2949  1896 3224 4241  988 2645 2747  683 2519 2591  46 1784 3111  202 1454 2362  114 2216 3140  839 1582 3098  406 4086 4087  477 1491 1984  629 1347 1985  599 1407 2684  1017 1502 1900  410 1335 1401  629 1527 1985  771 2270 3544  411 1408 2795  1430 2628 3653  412 1450 2284  413 1433 3214  489 1803 4036  131 1287 2931  131 1287 3357  924 3211 4220  1320 2828 2867  393 2353 3586  417 1241 2465  605 1962 2424  488 3616 4223  1405 3696 4286  419 3397 3620  420 1325 1966  420 1325 2618  529 1439 3002  1420 3529 3530  279 2281 2359  890 2098 2577  474 2995 3772  859 1594 3171  755 2812 2816  2023 2786 4259  845 1553 2758  139 1783 2902  960 1867 3556  1155 1975 3851  242 2742 4280  142 2213 3142  821 1430 3031  157 2086 3531  156 3194 3438  430 1423 1767  801 1317 2166  753 1317 2166  1412 2915 2916  659 2252 2451  659 1441 2172  716 2680 2681  400 1796 2950  915 2171 3093  246 2439 2925  81 2547 2956  189 1508 2660  1215 1965 4283  464 1581 1737  1187 1608 4230  799 2119 4162  197 1622 2647  1337 1338 3822  54 1721 4252  2148 2856 3641  1455 1628 3149  726 1576 2294  203 1453 3284  986 1979 3198  443 1272 3269  712 2576 3108  157 1430 3031  1120 1602 1968  860 2262 2830  1243 2830 3321  569 1877 3628  337 2636 2637  732 1590 3793  1406 1811 2423  1195 2392 4131  327 2194 3094  452 1445 2438  711 2992 3345  1155 2247 4110  454 1691 2981  454 1686 3522  455 1692 3521  796 1689 3550  796 1774 2942  158 1346 1982  604 2355 3639  107 2562 2850  1097 3103 3845  985 2261 3690  1512 2261 3213  1000 1725 3293  145 1768 3026  383 2163 3573  63 2350 3152  566 2086 2513  156 1224 1968  1366 2061 3182  104 1929 2763  808 1341 2922  1086 3067 3410  465 1531 4227  241 2658 3066  467 1400 2861  879 1345 2535  1629 2947 3342  134 3103 3646  595 2225 3854  469 2148 3641  995 2096 2123  1112 2224 3468  1182 1627 3110  471 3185 4155  234 2084 2711  1386 3044 3441  637 1397 1859  951 2325 2484  217 1595 1760  474 2995 3260  998 4037 4166  1420 2641 3530  288 2388 3138  855 1654 3207  1149 3000 3811  478 1286 1779  694 1492 2196  950 3476 4094  581 2136 4246  1200 2126 4293  32 1211 1329  757 1474 2511  1179 2493 2953  1096 2902 3720  301 1355 2064  487 1437 3745  780 2481 3894  1218 1962 2424  1218 2391 4223  65 1773 2722  771 1504 2267  314 1574 2687  75 1294 1431  1655 2652 2824  292 1934 2946  559 1395 1515  211 2511 3085  211 2383 3085  641 1351 1977  1133 1679 2184  585 1826 3113  1094 1836 3411  1015 3592 3593  420 2618 3592  47 1722 2898  521 2453 2735  1229 3163 3533  499 2122 3820  781 1770 2045  920 1626 1856  500 3548 4088  828 1419 4123  828 1419 3048  502 1754 1876  1126 2570 3835  773 1885 2269  1124 1535 4150  60 1930 4137  747 1925 2140  294 1651 2098  82 2485 2577  1385 1835 3890  156 1602 1968  1340 2188 2976  772 1509 2767  508 1861 2354  1153 2635 2636  1199 2242 4279  510 1265 3294  510 1837 2622  2446 3196 4035  913 1901 3083  650 2357 2358  513 1839 3651  514 1882 3483  514 2829 4013  979 1882 3483  1114 1928 4091  1114 1855 1928  888 3348 3349  971 1471 2041  1471 2041 2664  543 1669 3209  571 2081 2475  78 1475 2380  1129 1475 3100  516 1470 1895  723 1699 2798  522 1699 2798  1564 1991 3638  1141 1991 3638  1122 1710 1752  648 1976 3678  827 1288 2834  664 2210 2211  818 2212 2462  526 1676 3825  233 2991 3168  832 1557 2989  233 2494 3727  154 1502 1900  722 2533 3102  530 1443 1628  671 1434 2432  1128 1381 2940  531 4024 4112  694 2302 3195  571 2080 4184  1754 3038 3366  534 1274 2927  649 2430 2431  535 1930 2557  358 1249 1361  1249 1927 2938  94 1937 3234  1142 2526 3757  132 1511 1815  538 2828 3672  621 1850 2379  539 1850 2379  155 1973 2361  542 2682 4201  474 1760 2873  1013 3389 4017  1013 1669 3389  1236 2313 3302  544 2126 4293  585 2184 3705  585 2184 4032  59 2420 2774  1135 2030 4189  209 2023 2701  547 1488 2025  1217 1821 3475  839 1809 3098  889 3263 3264  549 1916 3078  2327 3384 3459  551 1266 2057  1251 2561 2562  552 1523 2142  552 1403 2051  221 1680 2771  164 2117 4277  556 1298 2139  176 2966 3380  947 2005 3497  555 2038 4305  556 2139 3006  909 2742 3006  643 2006 2556  245 2290 2650  34 2209 2255  559 1966 3496  945 3335 3883  1161 2078 2131  997 3358 3765  190 1345 1536  561 1530 2108  1627 2058 2849  562 1603 2627  421 1372 2548  1800 3359 3604  1143 3547 3671  378 1358 1804  1333 1848 3844  565 1521 1849  566 1224 1423  566 2085 4207  208 2013 3225  1354 2120 4066  1126 3834 4051  568 2048 4239  1421 3778 3845  319 3128 3777  827 1295 1707  570 1207 1764  232 2079 3525  571 2081 4265  987 2132 2639  572 2420 4271  573 1907 2087  109 2257 4222  129 1428 1841  574 1984 3811  910 3037 3435  798 1649 3503  212 2761 2777  322 3514 4050  577 1230 2173  1094 3266 4049  779 2644 3392  122 1323 2161  813 2564 2565  580 1197 2368  580 1527 1985  116 1798 2136  1179 1555 3840  860 1970 2739  1115 1469 2926  198 1886 2789  583 1270 1996  584 1203 1862  709 1935 3633  545 1573 2612  268 1649 2299  27 2235 4284  1351 1830 2486  98 1351 1977  352 2679 4154  1523 2458 3761  732 2635 2636  590 2227 2674  1019 2165 3288  163 1894 3512  591 2229 2634  148 2207 2493  592 2206 3476  34 1992 2334  245 1561 3375  722 1481 2534  1020 2149 4126  595 2224 3856  202 1920 2487  735 2662 4159  806 2494 3434  165 2077 4216  1166 2990 3683  806 3434 3730  72 1917 3527  968 2656 3631  149 2276 3463  600 2277 4138  150 1307 2631  919 2444 3370  603 2265 2907  972 2908 2909  177 2065 2153  972 2907 4171  604 2266 4081  1346 2355 3639  605 1241 1315  181 1241 2258  606 1552 2236  1151 1610 2669  1537 2734 4172  607 1539 3603  183 1519 2437  608 1538 3343  1286 2021 2272  610 2181 2535  689 2289 2642  823 2897 3769  611 2145 3401  612 1534 3396  1700 2280 4151  229 2158 4240  451 2392 4131  698 2163 3591  180 1283 1410  180 1195 2393  699 1448 1508  616 2053 3023  617 1495 1810  617 1810 3035  618 1617 1618  618 1617 1772  620 1888 1889  243 1939 1940  620 2180 2450  219 1889 4264  395 2734 3386  621 1850 3424  487 1437 3894  295 2124 2403  623 1732 1733  687 1888 1889  201 2045 2552  624 1164 2044  1112 2345 3014  625 1277 3588  288 1654 2694  1145 2351 2388  60 1817 3189  1118 3504 3505  628 1394 2127  181 1714 2258  629 2128 2994  2180 2450 4215  81 1571 1963  630 1500 2936  1604 2554 3391  632 1604 2000  1010 2793 3807  499 1770 2696  633 1426 3057  633 1643 3160  686 2624 2625  1090 2112 2665  341 1366 3220  870 1331 2290  406 2342 4143  636 1717 3560  637 1859 1956  637 1292 1397  1111 2371 2372  1447 2052 3127  913 1901 3852  639 2970 4069  287 1924 2796  639 2040 4069  641 1389 2314  1101 2152 2153  642 1195 2393  642 1195 2392  161 1958 2756  303 2375 3849  954 1387 1814  242 1650 3406  713 1939 2179  645 1507 2308  646 1571 3101  646 2399 3595  764 2340 3022  671 2100 3817  1398 2893 3725  648 1976 2417  504 1593 1664  504 1664 1708  287 2358 2733  1090 2112 2356  651 2439 2440  246 1655 2652  142 1975 3851  652 2434 3816  653 2237 2238  773 1641 2097  1095 3699 3882  392 1585 3200  181 3156 3332  655 1290 2464  1145 3390 4209  958 2538 3139  658 1921 2091  2320 3080 4274  120 1558 3320  120 1558 2252  575 1442 3126  118 1737 2794  1117 1860 3215  1171 1860 3419  662 2101 2137  715 2101 2102  390 1393 2429  1276 1988 3732  1210 1746 3884  664 2210 2442  1377 2499 2792  121 3489 3862  666 1322 2222  1292 1397 2723  1272 1751 3269  188 1339 2842  669 1417 1919  671 1449 2432  836 2348 2496  647 1388 2100  764 2362 3068  735 2662 3140  364 2537 2668  289 2203 2836  779 2203 2204  674 1780 3455  398 2940 3399  676 2361 2550  1104 2083 3750  676 2287 2550  653 1700 2280  850 2239 2250  678 1990 2159  1246 3180 4068  677 2237 2239  110 2237 2239  45 3153 3534  194 2655 3272  378 1359 2677  681 2452 3776  911 2086 3531  658 1450 2284  328 2217 2558  683 2519 2590  146 1336 2529  684 1293 2297  284 2434 4136  835 1665 3015  686 2625 2665  633 2328 3482  1588 2027 2841  623 1731 1732  1212 1922 2613  322 1505 2253  779 2204 2643  690 1965 4283  268 2299 3115  283 2241 3158  459 1512 3213  943 2064 2524  466 1398 2185  693 1398 2658  479 1309 2196  846 1492 2969  64 1868 4049  695 2333 2648  696 1840 2301  696 1286 2021  1447 2864 3170  173 1445 2721  741 2620 2621  699 2670 2671  865 2054 3124  866 2055 3123  1300 2603 3737  1089 1869 3802  318 2087 2531  705 1897 2074  1897 2074 3306  708 1696 2255  896 1565 2668  707 2467 4193  229 1700 1762  708 2209 2608  1952 2347 4303  216 1679 2974  492 1790 1822  144 1790 3232  146 1336 2992  970 1336 2529  852 1986 3176  243 1918 1939  115 2082 3601  714 2179 2691  714 1918 2103  662 1174 3028  244 2101 3870  387 2868 3208  923 2679 4154  663 1942 3340  663 1367 1805  718 1693 2383  977 2452 3776  193 1942 3340  719 3280 3821  1171 2935 3215  720 2560 2903  906 1482 2443  906 3134 3762  160 2456 3529  722 1372 2548  1813 2115 4096  1107 3654 3656  1622 2647 2887  197 1622 1961  442 1662 3442  1228 2673 2717  1660 2274 2880  891 2790 3087  1576 2294 4208  727 2341 3891  1120 1656 3829  1656 3644 3829  729 1403 2381  1403 2051 2381  351 1382 2262  213 1247 2436  731 1361 1716  731 1716 2338  1163 3792 3793  1153 2636 2637  733 1259 1261  733 1261 2702  1439 3001 3002  735 2661 3580  764 1454 2362  434 1598 3281  736 2750 2751  429 2384 2872  737 1846 2804  787 2863 3307  987 3529 3530  745 1637 2778  1478 2243 4158  1275 2896 3317  1275 2519 2591  813 2160 2565  1138 2775 3447  1087 2985 3447  576 2175 2177  576 2177 2762  1223 3109 4130  745 1518 2779  504 1593 4034  504 2271 4034  747 2405 2823  748 1565 2668  842 1685 2408  458 1670 3552  749 1379 2563  468 1729 3647  750 2194 2738  296 1251 1634  1251 1634 3450  752 2571 2837  1153 3397 3696  1255 2595 2746  482 1787 2904  1108 1658 3782  1590 3792 3793  425 3165 3860  425 1694 2812  471 2937 4140  1162 2029 2729  757 2510 3571  758 2309 3794  493 2309 3452  1149 2089 2402  768 1753 2799  1182 1627 2058  761 1569 2930  1568 2363 2883  209 2023 4259  487 2481 3894  763 2631 2633  1307 3279 3652  405 2341 3891  764 3022 3068  583 2084 3686  1018 2711 2885  590 1323 2479  766 2785 4023  298 1520 3963  960 1867 3557  760 1627 2849  208 1753 4022  340 2308 2871  115 1733 2427  1165 1824 2683  1107 1813 2115  147 1803 2267  771 1504 2725  772 1509 2060  567 1509 3479  752 3186 4150  1124 2857 4149  774 2469 3739  775 2582 3739  1771 2280 4151  776 1771 2760  705 2074 2408  229 1762 2698  777 1717 3567  777 2809 3567  1132 2832 3475  778 1606 2810  779 2643 2644  779 2203 2253  1022 3582 3859  780 2481 2482  662 2101 2102  499 1461 1769  1440 1835 3890  118 2018 3130  1611 3210 4093  784 1249 2755  161 1249 1927  2200 2941 3192  785 1981 2796  482 1255 2904  786 1493 2906  455 1463 1690  221 1692 3226  124 1411 2560  1147 2365 2404  622 1330 2279  82 2233 3582  456 2428 2942  137 1688 3523  791 2874 3228  796 1774 3667  792 2268 2855  172 2268 2386  200 2307 3391  269 2374 4135  1130 2895 2933  1131 1987 4127  1485 2186 2385  795 1485 2385  217 1774 3667  796 1662 3442  220 2960 4115  986 1476 2193  798 1588 2459  118 1737 2811  799 2118 2119  438 2119 4162  1092 3675 3676  800 2955 2956  1144 2105 4244  966 2070 3632  285 1740 3659  802 1613 2075  803 1207 2797  13 14 3617  1497 2619 3420  516 1470 3347  1003 3092 3778  953 1308 3128  597 1875 2336  832 2990 3683  489 1802 4036  489 1504 1624  280 1738 3435  1233 2106 4248  1233 2106 3376  810 2050 4198  810 1879 4198  568 2047 3834  568 2048 2071  856 1711 1876  1327 2912 3493  814 1925 2851  816 1462 2877  505 1651 2783  423 1316 2903  423 1316 1666  489 1802 3896  147 1803 3118  862 1631 3203  1545 1631 3203  251 1824 2683  1165 1824 3144  1025 1935 2347  821 1430 3007  631 2099 2984  240 2091 3150  822 2091 3150  376 1244 1606  1244 2366 2897  195 2483 3268  824 2606 3227  599 1498 2684  1500 3076 3077  826 1552 2881  1552 2236 2881  803 1207 1764  827 1295 2835  149 2276 3047  828 1489 3049  1672 1957 2917  830 2915 2916  829 1412 2916  1152 1931 2080  989 1729 3647  352 2679 2788  832 2991 3683  858 3166 3167  833 2110 2732  833 2732 3819  834 1868 3089  1868 2174 3089  1547 2306 4200  1240 2306 4200  836 2348 2441  845 1374 2705  837 2801 4249  1183 1854 2572  548 2818 4029  343 1808 2986  386 3020 3090  386 3020 3105  573 1998 2352  573 1997 2001  618 1618 2076  244 1495 1801  1005 2346 3059  844 3059 3091  426 1553 1580  845 2348 2441  1309 2196 2413  847 2743 3174  2056 3173 4153  6 2781 2997  848 2522 2996  615 1706 2067  317 1330 2279  850 2250 4187  677 2239 2250  1767 2757 4082  278 1289 3013  506 1440 2195  901 1986 3176  852 1289 3013  853 2370 4082  178 1256 2610  854 2986 2988  75 1653 2400  1133 1926 3703  502 1711 1876  1893 3440 4178  857 2829 3137  857 2494 3727  858 1557 3168  424 1594 3171  137 1954 3351  582 1970 2168  1243 2262 2830  1391 2259 2944  335 2729 4078  563 1578 2134  231 1613 3216  578 1226 3259  102 2088 3555  996 1950 3096  1300 2603 3119  865 3119 3612  258 2707 3121  1067 2055 3120  985 3158 3691  1344 3691 3804  522 1472 1910  869 1472 2230  2367 2480 2813  1024 2367 2480  151 2061 3182  870 3182 3220  241 2349 3725  871 1262 3066  872 3247 3249  384 1363 1418  518 1906 3500  232 1501 2891  874 1501 1878  874 1501 2891  478 1778 2310  1473 2504 3073  876 1212 1922  688 1922 2613  877 3244 3246  2126 2750 4294  125 1587 1684  879 1531 4227  879 2964 3283  1394 2685 3611  236 2012 3611  567 2012 3479  567 1354 2120  882 1394 2770  1394 2240 2770  450 1524 3274  169 2837 4286  122 2878 3287  884 2429 3288  124 1411 2365  1189 2066 3229  473 1287 1833  1287 2821 2931  887 2439 2440  1353 2868 3608  166 1667 1668  166 1667 3348  2125 2449 4170  391 1368 2039  1001 1575 3019  1575 2293 3019  542 2009 3812  891 2682 3087  654 2483 3404  654 1380 3404  893 1380 2068  1340 2957 2976  71 1296 3237  894 1946 3238  1105 3877 3879  960 1465 1735  725 1490 3262  896 2337 2467  897 2019 3887  1315 2251 2866  605 1511 3445  899 1812 3334  103 1809 3098  391 3264 3324  900 1368 3255  253 1440 2195  506 1440 1835  398 3267 3399  902 3398 3400  1189 2066 2935  1117 1519 3813  605 1511 2424  77 2382 2391  905 1428 3107  187 2112 2665  2062 2439 4169  906 1482 3133  907 2139 3006  242 1650 1861  2213 3356 3878  1105 2213 3142  909 1583 1584  909 2035 3436  464 1738 3508  910 1737 2794  911 2872 3726  1436 2872 3726  1745 3003 3004  160 1702 3712  913 3082 3083  187 2112 3082  411 1969 3697  1369 3264 3324  1445 1866 2438  246 2062 2439  1560 2033 2971  1102 1560 2033  522 1342 1909  918 1560 2971  1360 1886 2789  1043 1807 2170  920 2421 3027  500 1856 2421  921 3257 3258  1456 3258 3493  523 1346 3640  922 1982 3196  923 2899 3208  387 1353 2868  1978 2406 3549  45 2406 2805  1634 2688 3450  1012 2090 2508  2419 2707 3121  1203 2419 2707  927 1840 2411  928 2567 2949  928 3054 3421  990 2325 2484  321 1567 2586  931 2822 3071  1103 1422 2719  518 1668 3498  932 2071 2819  518 1668 3388  933 1855 3501  1115 3553 4194  593 1561 1992  613 1762 2698  787 1692 3226  454 2981 2982  673 1505 2253  291 2123 3319  920 1856 2421  1857 3649 4197  221 1562 3480  939 1980 3524  663 1367 1942  940 1605 3430  401 3046 3470  941 1831 3471  942 2358 2733  1612 2117 3033  943 1612 3032  529 1702 3600  529 1701 3600  292 3497 3513  945 1395 2946  669 2425 4125  946 3513 4125  994 3468 3469  947 2005 3414  1206 1869 3802  361 1468 4302  227 1777 4094  977 1776 2452  473 1657 3731  925 2015 2508  952 2353 3212  678 1990 2281  279 1474 1960  508 1650 1861  1311 3526 3758  955 1818 3021  515 3250 4251  963 2169 4297  582 2782 3623  957 3163 3533  656 2386 2387  288 2351 2388  328 2254 2317  1528 2254 2317  895 1735 3243  960 1465 3559  835 2306 2617  100 1240 2306  759 2402 3154  1144 2283 2934  963 2147 3623  536 4091 4272  964 3518 3519  421 1373 1578  638 2523 4012  551 3561 3766  128 2809 3282  376 2715 3313  612 2623 3396  171 2191 4260  599 1498 2298  825 1917 3527  179 1347 3539  969 2369 3538  366 2802 3422  282 2297 3106  597 2041 2664  1356 2908 2909  1356 2151 2908  1993 3688 3838  974 3694 3695  71 1530 2108  552 1523 2360  729 2676 2754  325 1559 3680  325 1559 2300  977 2383 3543  211 1280 2846  695 2114 2646  339 1884 2114  1136 1838 2555  2030 4189 4210  528 3440 4178  980 3044 3441  666 1322 1920  204 1635 2447  982 1676 3658  802 2075 2212  802 2212 2585  984 2543 2544  984 2261 3191  1512 2261 3690  984 2261 3213  1098 4046 4048  1098 1476 4047  572 2131 3577  987 2132 3570  1949 2414 4055  988 2620 2621  749 2562 3552  134 3778 3845  1567 2586 4190  321 1567 3625  414 1567 3474  111 2474 3151  1722 2898 3378  1780 3402 3455  556 1298 2036  54 2035 3436  994 2037 2038  994 3468 3661  497 2096 3718  168 1842 2886  316 3429 3809  505 1462 2611  517 1745 3003  165 1883 3199  338 2275 3089  1116 1884 2275  460 2704 3795  460 1543 1828  1000 1950 2143  1000 1950 2626  1001 1575 2485  1001 3201 3745  1321 1999 3029  1003 2492 3777  953 2234 3128  317 3702 3713  1004 2232 3091  1004 3059 3091  1005 2412 2627  849 2412 3190  113 1253 2155  323 1994 3874  323 2348 2496  403 1432 3457  1349 3803 4075  626 2350 2351  1310 2721 3573  269 2179 2691  632 2094 2374  1011 3756 3757  1012 1995 2508  1012 2090 3766  873 3290 3566  1013 3388 4017  710 1790 3232  144 1779 2418  1277 3592 3594  1015 1473 3594  1847 3239 3815  320 2310 3064  1577 3012 3741  737 2295 4142  1018 2295 4142  1019 2165 3798  503 3328 3798  1020 3854 3855  143 1338 1343  1021 2488 4099  291 1723 3319  622 1330 3858  1022 3858 3860  1023 2978 3511  106 1638 2510  988 1949 2414  988 2414 2645  820 1952 2347  424 2943 3171  543 1497 1579  703 2600 3382  612 2191 3783  1030 2229 2634  1030 2578 2634  1031 1816 2748  1104 2176 3750  565 1848 3844  237 3961 4041  554 1674 2744  545 1574 2687  542 2008 2009  1937 3234 4019  235 1467 1938  1126 1958 2570  533 1672 1957  30 1878 3485  67 1993 3688  527 1955 4103  526 1677 3701  919 2170 3576  306 2394 3618  6 1192 2312  494 1351 1830  494 1316 2246  492 1823 3939  489 1624 1773  95 3773 3912  459 1554 2815  1512 2815 3715  457 3465 3638  207 3515 3516  1052 1463 1690  437 1649 3141  313 3650 4074  249 2324 3053  1465 1735 3243  424 2016 3684  311 1594 4231  1214 1666 3755  1333 3864 4020  199 1548 3962  2022 3740 3741  523 1346 1982  1141 3639 3640  1062 1376 3979  267 2851 3848  368 2603 3119  1066 1644 1873  1302 3698 4196  1066 1644 3958  369 1646 3120  1069 1645 1874  368 1647 1872  23 2752 3956  550 1902 2327  39 1212 1902  412 2890 3610  40 2344 4005  14 16 2797  370 1304 3990  369 1305 1646  1074 1305 3988  1075 1647 1872  1068 2604 3363  1076 1871 3974  541 1974 3464  22 1194 1750  557 2002 2615  92 1248 2003  701 2601 3383  1080 3579 3995  83 2823 3734  36 2894 3368  1081 2919 3488  330 2200 2933  1299 3892 4026  1084 1705 2445  1085 1532 3972  1252 3251 3880  1086 2259 2944  861 1391 2259  546 1936 2030  333 2031 2985  2020 2268 2855  329 1261 2020  1305 2059 3800  2059 3799 3800  650 2112 2356  1561 1992 3546  332 2670 3803  646 1508 2660  1092 3677 3752  578 2088 3259  578 1800 2282  673 2203 2253  1094 2339 4050  392 3036 3699  1095 3616 4072  929 1279 2026  1279 2026 3636  831 1616 3104  134 3103 3845  1879 4046 4048  55 1689 3550  1185 2265 2907  1099 2271 4034  342 1563 2973  1364 1563 2973  602 2152 2153  1101 1563 4063  1102 1560 3841  1102 1397 2723  329 2702 3371  1103 1697 3781  576 2176 3346  333 2175 2985  908 3406 3879  508 2095 2515  673 2203 2836  1106 1945 4073  1165 1863 3654  1165 3144 3654  397 1658 3782  171 1441 3495  1109 1622 3674  146 1621 2992  1110 2335 3094  1110 1446 3839  638 2371 2372  1111 2335 3094  101 2037 3469  595 2224 3468  1113 3204 3759  58 1716 2932  1114 2046 4092  277 1469 1933  1469 1933 2926  665 2497 2498  339 2499 4042  661 2461 3419  357 2935 3215  604 1291 2266  1346 3639 3640  1119 4031 4032  585 1826 2831  1673 3828 3830  446 1673 3828  736 1598 3281  524 1710 1752  1122 1710 4077  1302 1677 3701  1123 1302 3700  773 1540 1885  503 4149 4180  1125 2899 3208  1125 2899 4168  812 2570 3038  534 1958 2570  533 1501 1878  159 1957 2917  190 1536 1943  531 1715 2289  1129 3651 3652  513 1839 3360  640 2040 2415  1131 4127 4128  899 1812 4128  1132 1821 3475  778 1217 1821  75 1653 3206  1133 1926 3704  514 1883 4067  331 4189 4210  59 2774 3872  1135 2666 4188  979 2555 3789  1136 1838 4211  1137 3549 4219  416 2828 2867  1138 2175 2177  1138 2177 2775  520 2380 3100  1475 2380 3100  824 1720 3036  1140 3135 3733  38 1238 2401  523 1238 2401  1436 2384 2872  1142 2150 3756  126 1776 3478  1143 3131 3670  128 4121 4244  1144 2105 2700  656 2387 4209  1145 2350 2351  536 1927 2938  272 1855 1928  1147 4160 4161  1806 4160 4161  2249 3581 4186  377 2089 2402  759 2133 2402  53 1648 2133  76 1829 4100  1150 1542 2879  606 1610 2236  1151 1610 3330  1152 4266 4267  1932 2277 4138  1153 3696 4286  1153 2637 3397  1154 4300 4301  546 1936 3871  366 2433 2802  1155 1975 3433  1156 3412 3507  200 1604 3391  240 2099 4234  1157 2478 3387  591 2197 2228  1158 2146 3692  512 1409 1941  1409 1941 4087  589 2817 3792  589 1313 2471  2666 4188 4270  59 2420 2666  152 1297 2730  562 1603 2937  61 1523 2360  1314 2214 2422  12 2044 2948  1164 2044 2948  770 2715 3313  770 2714 3418  1166 2990 3806  1007 3512 4262  530 1167 3155  633 1427 3057  638 2372 2373  135 2052 3127  1170 2523 3065  655 1556 2596  720 2560 4070  357 2066 2935  1172 2606 3227  195 2495 2606  182 1850 3424  1357 3832 3833  781 2122 3820  781 2122 2477  1175 4137 4139  60 1817 2141  726 1600 2880  2928 3723 4039  1177 2008 2009  1177 2634 4114  1273 2243 3888  1555 1845 3840  1179 1555 4095  1554 3075 3685  1496 1706 3223  1283 4044 4045  1182 3110 4140  152 1627 3110  379 1237 2542  1183 1854 4108  613 1513 2378  341 2378 4060  1365 3526 4058  1185 2907 4171  480 1786 4175  1186 2273 4247  438 1187 1608  1327 2911 2963  1188 2389 4024  190 2181 2389  1191 3020 3105  903 3145 3146  227 2273 4247  227 1190 2273  885 2476 3020  1191 2476 3229  365 1192 2945  1264 2945 4052  513 1838 3789  344 1193 1839  344 1194 1972  1194 1750 1972  180 1195 3645  180 1283 1639  1196 2291 4146  349 2043 4167  408 1499 3276  179 1498 2298  630 1352 1963  1198 2043 4167  509 3069 4279  2117 4277 4278  1825 4288 4307  495 2507 2512  839 1808 1809  1808 1809 4029  73 2094 2695  2085 4206 4207  926 1203 1862  369 1305 2059  703 2604 3018  1204 3123 3997  701 2605 3017  1205 3124 3996  1206 3299 3300  1206 3802 3867  1207 1295 1707  12 13 2948  1507 2308 2871  340 1849 2502  1209 2593 3088  1209 3603 4106  463 1948 2468  1618 3711 3884  1329 2743 3174  847 1887 2743  350 1903 4030  350 1903 3056  500 1856 4088  276 1213 2303  816 2875 3574  1214 2876 3574  2235 2376 4284  19 3823 3978  1362 2407 3502  1362 2407 2987  1218 2382 4224  2382 3136 4224  1219 1944 3873  1382 2262 4243  307 1220 2329  1220 2901 3853  665 2499 2792  121 1221 2498  1222 3847 4043  1269 2497 4043  361 1223 3634  361 2497 4043  1423 1767 3438  1767 3194 3438  616 1851 3023  819 2053 3023  862 2134 2260  563 2134 2260  871 1262 1698  1698 3386 4173  725 1228 2717  442 1662 2397  1229 3607 4052  1264 3607 4052  338 1758 3490  577 1868 2174  1442 3126 3826  1231 3162 4264  418 1232 1678  197 1378 3621  1233 2713 3620  1235 2106 2983  774 1997 1998  1641 2469 3648  573 1997 1998  346 1998 2352  1236 4287 4288  184 1573 2612  592 1190 2207  1396 2206 3131  38 1238 1832  391 3324 3409  900 1368 2039  1240 1484 2500  100 1240 2500  655 2464 2465  2127 3156 3332  575 1611 2018  1442 3413 3826  1382 2690 4243  1243 2262 4243  770 2683 3418  376 1244 2715  582 1970 2782  58 1245 2147  680 1636 2653  194 1359 2654  358 1247 2520  358 1361 2520  358 1248 2004  1248 2003 2004  784 1274 2756  358 1249 2755  114 2337 2467  596 2447 2662  749 2561 2562  296 1251 2561  371 3258 3492  1072 1514 2187  1253 2155 2889  347 1253 2889  554 2426 2966  554 1254 2744  753 2594 3355  548 1256 2610  247 2093 3333  511 1705 2445  374 2892 3049  374 1257 2323  600 4138 4242  355 1259 2025  1259 1488 2025  547 2024 2025  1260 2024 3390  1088 2387 3738  1088 2020 4061  1262 1698 3386  693 2658 2659  729 2381 2675  170 2051 2381  448 2830 3321  365 1264 1682  410 1265 1457  185 1617 1772  327 1266 2199  551 1266 2199  768 1253 3070  356 2390 2800  1267 2390 2800  642 1268 3009  1376 3846 3847  396 1376 3979  520 1270 2135  234 1270 2135  2220 3303 3329  1312 2220 3329  686 1643 1751  686 1751 2624  1478 2243 3888  740 2243 3999  1274 2927 3849  403 2591 3318  1275 2591 3318  49 2740 3732  1276 1988 2825  625 1325 2618  995 3587 3588  1278 2720 3679  162 1278 2720  991 3117 3625  1279 3117 3636  758 2845 2846  483 1788 2845  743 1281 2774  1637 2776 2778  63 2024 3390  1282 2017 3152  615 1410 2472  180 1410 2472  1093 2173 2282  1093 2282 2858  432 1412 2915  432 1285 1724  710 1286 1779  696 2569 3304  1287 2528 3357  473 1287 2528  239 1295 2835  525 1402 1929  278 1289 1730  472 1289 1730  334 2373 4012  334 1290 2423  603 2264 2265  177 1564 4062  50 1292 1322  1292 1322 4079  1293 1978 2406  684 1293 1978  435 1431 2507  1294 1431 3143  570 1207 1295  799 2211 4083  894 3221 3237  894 1946 3221  756 1297 2730  363 1946 3221  555 1298 2221  176 1298 2221  1304 1741 3892  1300 3119 3122  1300 3122 3737  526 1332 1677  266 1301 1332  367 3364 4196  1076 1871 3698  1073 3989 3990  370 1869 3299  370 1304 1741  1074 1305 1646  823 2145 3401  436 1363 1418  150 1307 1865  1307 2631 2633  1308 2492 3777  458 1308 2492  1492 2196 2413  846 1492 2413  698 2163 3573  452 1445 3170  746 2709 2710  382 1311 2709  1312 1989 3751  490 1573 1574  1108 1658 2189  1612 2672 3635  397 1314 2920  397 1517 2920  273 1370 3437  1370 2251 2866  312 3796 4011  1316 1666 3796  214 3875 4096  753 2595 3355  519 1807 2170  519 1360 2789  1319 2828 3672  416 1978 3549  132 1320 3164  132 1315 2251  422 1321 2521  1321 1999 2521  1322 1920 2697  1424 2286 2745  389 1749 2162  1323 2161 3129  1263 2522 3233  1324 2522 3233  559 1326 1966  947 2121 3496  1326 3051 3052  144 1326 3052  371 3258 3493  371 2187 2912  444 1493 2906  444 1329 2906  1330 3165 3664  1330 3165 3860  593 1992 2326  593 1561 3375  1042 1676 3825  62 1333 1848  504 1334 2271  326 1334 2271  185 1772 4298  410 1265 1335  1336 2772 4110  970 1336 4254  1140 2961 3733  1338 2961 3822  724 1378 2148  440 2856 4226  188 2364 2842  893 2068 2957  507 1864 4085  910 3435 3508  464 1581 3372  444 1329 3174  444 1342 2056  1020 3379 3855  2856 3641 4226  561 1536 3311  1345 4227 4228  922 1982 3353  158 1982 3353  969 2369 3539  1242 2369 3826  380 1347 2304  380 3413 3866  558 2491 2592  558 1349 2491  713 2179 3494  713 2082 3601  98 2463 2693  436 1571 3101  436 1352 1363  887 2440 3608  887 2868 3608  507 1354 4066  123 2120 4066  301 2064 2524  1173 1503 2377  1356 1503 2377  399 1357 3833  1365 3526 3758  1358 1804 3547  1804 3547 3671  378 1359 2765  378 1804 2806  519 1360 2444  150 1360 2444  1928 4091 4237  1716 2932 4272  1606 2366 2810  1362 2144 3050  872 1726 3247  226 1363 3249  457 1238 1832  539 1357 1365  399 1357 1365  510 1366 2319  341 1366 2319  224 1367 2516  1367 1805 2516  1368 2125 2449  247 1368 2125  72 1917 3325  1369 1917 3325  1370 3315 3426  417 2866 3315  475 1420 2641  421 1371 1757  421 1372 1578  563 3359 3604  964 3517 3519  1373 3518 4119  532 1374 2330  271 1374 2330  697 1840 2411  396 1377 2409  1269 3847 4043  1062 1376 3981  1377 2499 4042  339 2114 2646  904 2382 3136  440 1378 2034  551 1379 2580  296 1379 2580  892 2129 3267  892 3268 3404  1381 2192 3402  398 1381 1780  1382 1944 3873  730 1382 1944  1537 4015 4276  1383 2734 4276  621 2111 2848  4308 4310 4311  446 1385 3824  1385 3823 3824  409 3012 3741  472 1742 4057  644 1387 1674  99 1387 1674  671 1449 2316  671 1388 2100  230 1736 4107  230 1389 2486  1619 2638 4155  56 1603 2627  1209 1516 2649  1391 1516 2649  841 1390 1392  56 1390 1392  940 2878 3431  122 2161 4230  880 1394 2685  880 1394 2127  1047 3938 3939  492 1790 4204  1396 2206 3476  1396 3478 3670  886 2514 2869  360 1397 1859  1278 2349 2893  2349 2893 3725  881 3236 3619  881 1585 3200  1400 2964 3283  983 1400 3394  1401 2128 2994  1401 3035 4064  525 1402 3747  239 2211 3747  325 1403 2583  552 1403 2583  1720 3036 3699  654 1380 2068  1535 3186 4150  752 1671 3186  451 1406 1766  33 1406 1766  72 1407 2656  599 1407 2656  771 2725 2726  280 1504 2725  905 1428 1841  129 1409 1841  615 1410 1706  1410 1706 3223  1147 1411 2365  423 3754 4160  1412 2405 2823  432 1412 2405  730 1510 2975  659 1903 4030  378 1414 2765  680 1414 2765  674 1415 2495  195 1415 2495  624 2045 3423  348 1416 2910  1417 2019 3887  945 1417 2019  436 1418 2921  611 1418 2921  1044 2394 2573  475 1420 2456  1371 1757 2456  1421 3092 3778  1421 3628 3709  401 2854 3470  401 1422 2764  566 1423 2513  430 1423 2513  192 1424 2286  192 2286 3817  1425 1920 2697  202 1425 1920  117 1426 3271  117 1791 3271  905 3082 3083  407 1428 3107  1428 2007 2549  407 1428 2007  1429 2965 4104  1053 2235 2376  682 2628 2629  157 1430 2628  75 1431 2400  721 1653 2400  959 2317 3457  328 1432 2317  1081 1433 2490  413 3116 3254  670 1748 2474  192 1569 2545  1435 2150 4056  198 2804 4056  737 2295 3615  737 2384 3615  1437 3201 3745  1437 3582 3859  858 1438 2768  528 1891 3622  529 1439 1481  265 1439 1481  253 2576 3108  754 1517 2920  754 1517 1659  575 1442 1642  219 1442 1642  74 1455 1628  727 3284 4208  1132 1444 2342  210 3467 3868  173 2263 3786  173 1445 1866  1110 2194 3094  51 1446 3839  1111 2335 2864  1111 2864 3127  646 1448 3595  1092 2399 3595  530 1449 3155  336 2432 3155  412 1450 2890  1071 1467 2890  233 2494 3434  806 2829 4013  1490 3262 3369  405 1452 2588  672 2588 3662  203 2673 2717  981 2662 4159  405 1454 2661  1443 1628 3149  441 1443 3149  1456 4038 4076  813 2564 4038  580 1527 1914  629 1527 2994  724 1721 4252  428 1583 1584  820 1952 3132  1459 3046 3470  820 3046 3132  299 1460 3045  499 1461 2122  119 1461 2122  815 1462 3429  859 1594 4231  455 1687 3172  427 1465 2844  1465 3305 3559  414 1466 3474  1567 3474 3625  1011 1467 1938  1011 2629 3610  361 1468 3634  744 1468 3634  1469 3338 3596  277 1469 3338  804 1470 2807  517 1471 2215  86 1471 2215  522 1909 3461  108 3144 3654  1473 3073 3814  320 2504 3073  678 1880 1960  718 1880 1960  979 1881 2202  78 1881 2202  55 1689 3310  986 1476 3197  1477 2430 2431  432 1477 2431  116 1178 1781  1178 1781 2589  1479 3043 4182  135 3043 4261  593 1480 2395  341 2378 2395  265 1481 3187  877 1596 3466  435 1483 3245  877 3244 3245  225 1598 3244  1396 3131 3670  1143 3131 3179  588 3628 3709  588 1485 2651  496 1486 2657  168 1486 2657  741 2621 2896  2519 2590 3344  762 1768 3026  547 2023 2786  600 1489 2892  1489 2892 3049  203 1490 2728  672 1490 2728  1491 1984 3000  53 1491 3000  271 1492 2969  694 1339 2503  723 1699 3656  444 1493 2749  619 1495 1810  619 1494 1495  618 1801 3831  617 1495 3831  209 1496 2701  1181 2023 2701  1027 1579 3230  408 1498 3276  1197 1499 3276  630 2043 2547  630 1500 2566  825 3076 3077  408 1500 3076  232 1501 3525  1127 2079 3525  1502 1742 4057  472 1386 4057  1503 3312 3660  70 1503 3312  280 1738 2923  280 1504 1624  673 2541 3291  673 1505 2541  1063 1506 1818  814 2305 2501  115 1350 2219  115 1507 2219  616 1949 2318  189 1851 3770  208 2013 2767  567 1354 2013  1510 2410 2689  350 1212 2613  1511 1815 2727  1232 1815 2727  1050 1554 2815  110 1184 1513  613 1762 2198  1514 2187 2912  803 1514 2912  559 1326 1515  144 1326 1515  1227 2734 4172  127 3410 4173  1441 1659 3495  1517 1659 3495  739 2641 4166  362 2132 2639  608 1538 1539  1519 3145 3146  298 1520 3010  685 1520 3010  565 1521 3242  200 1521 3242  883 3274 3327  275 1524 3605  1163 2156 2458  2156 2458 3761  766 2142 2787  1524 2784 2787  682 2150 3756  429 1435 2150  1526 2594 3355  1255 2595 3355  1457 1914 3055  1527 1914 3055  34 2334 3669  706 1696 2255  569 1877 2231  1002 3030 3714  974 1976 3760  465 3311 3694  648 2416 2417  162 1531 2416  1532 3041 3301  1532 3301 3880  486 1534 4133  93 1533 1534  1029 3395 3396  752 1405 1671  773 2097 3666  561 2072 3398  561 1536 1943  607 1537 1538  182 4014 4015  182 1850 3832  182 3832 4014  183 1539 4106  1539 3603 4106  677 2237 2238  717 1540 2396  642 1541 3009  356 1541 3009  337 1542 3069  509 1542 3069  1543 1828 3042  999 1828 3042  478 1544 2310  875 1778 2310  1302 3700 4009  17 1545 1631  742 1749 2781  5 2564 4038  283 1547 3016  691 2543 2544  822 3080 4274  415 1548 3079  822 3079 3080  822 1921 2091  1156 1333 3844  1156 3242 3412  565 1848 2952  130 1793 3161  606 1610 3175  991 3474 3625  991 3117 3427  2597 3075 3685  459 1555 1845  1555 2597 3075  353 1555 2597  925 3315 3426  105 2090 2508  527 1557 1899  1041 4000 4103  433 1558 2451  1558 2252 2451  1558 2300 3589  1559 2300 3589  1151 2514 2869  360 2869 3086  558 1561 2592  245 1561 2592  509 1562 3481  509 1829 3481  1101 1564 4062  342 1563 4063  1101 1564 3465  1564 3465 3638  896 2467 4193  707 1565 2256  194 1566 1880  678 1566 1880  1568 2586 4190  990 1568 2586  761 2363 2883  414 1568 2883  1569 2545 2546  414 1569 2546  968 1969 3697  783 2794 3037  1352 1963 3296  1571 1963 3296  1572 1657 3095  951 2484 3731  1825 4288 4289  490 1573 4287  490 1312 3751  314 1574 1989  505 1575 2293  890 1651 3193  203 1576 3284  726 2274 2673  852 1986 3011  409 3740 3741  1578 2134 3275  1372 1578 3275  30 2838 3485  874 2891 3209  1553 1580 2758  271 1580 2758  1429 3372 4104  1581 3372 4104  1444 2342 4143  785 2796 2914  1650 3406 3879  428 1620 3405  428 1458 1584  54 1623 3540  654 1585 3446  392 1585 3446  709 1586 4031  216 1952 3132  1587 1684 3204  1684 3204 3759  623 2027 2841  623 1731 2841  883 2165 3328  169 1522 3327  337 1160 2817  337 1590 2817  381 1592 4192  431 2105 2700  381 1799 4192  746 2305 2501  746 1593 1664  424 1594 3684  1056 2016 3684  1026 2016 3774  1026 1595 1760  716 2679 2680  434 1596 2681  44 1597 3381  44 1795 3381  1598 3244 3246  434 1598 3246  1443 1599 2860  441 1443 1599  1600 2928 3723  1599 3723 4039  1006 3165 3664  209 1601 2816  506 1844 3261  446 1385 1835  1603 2638 4155  1390 1619 2638  200 1550 1604  631 1550 1604  390 1393 3431  663 1988 2740  778 2069 2808  43 2366 2810  940 2878 3432  193 3340 3430  1608 2878 3432  438 1608 3432  228 1187 1609  438 1187 1609  847 3173 3175  167 3462 4153  575 1611 4093  324 3210 4093  1612 2672 3032  486 1658 2672  863 1613 3216  467 1614 3217  102 1614 3555  863 2088 3555  413 1615 3214  817 3118 3214  1097 2651 3568  352 2651 3568  679 1948 3373  185 1617 3373  104 1746 3884  463 1618 3711  1619 3183 3185  1619 3185 4155  428 1620 2247  908 1620 3405  1109 3672 3673  453 1622 3674  724 2647 2887  453 1622 2887  453 1458 3540  453 1623 3540  808 1624 2722  1624 1773 2722  1625 1719 3099  1202 3099 4206  501 1419 3048  502 1711 1712  760 1747 3590  347 2058 2849  74 1628 2900  1449 2316 2900  989 2947 3342  206 1629 3342  1054 1630 1725  460 1630 3795  862 1631 2063  818 1631 2063  1632 2433 2802  1632 2882 3816  690 1633 2692  340 1633 2692  1634 2688 3586  952 2353 3586  981 2092 2447  204 2092 2447  680 1636 3180  924 1636 4225  743 1637 2776  212 2177 2775  1638 2510 3571  757 1280 3571  180 1639 3645  614 1639 3645  1210 3711 4258  224 1640 2107  773 1641 3648  215 2469 3648  660 1642 1731  219 1642 1731  686 2665 3482  1792 2820 3160  373 2605 3177  1064 1644 3614  372 2604 3178  1067 1645 3613  1067 1646 2752  1067 1646 3120  1064 1644 2753  368 3119 3612  1648 2133 2699  381 1648 2699  1215 2299 4285  1649 2299 4285  644 1861 2354  508 1814 2354  294 1651 2875  1806 2875 4161  1652 2426 2966  669 1652 4125  491 1653 3207  491 1654 3207  491 1654 3058  1009 2171 3058  491 1653 2824  491 1655 2824  201 1673 3830  1770 2696 3219  826 3060 3061  473 1657 3060  1313 1658 2672  397 1313 1658  754 1659 3308  433 1441 1659  1228 2274 4221  442 1660 2274  1661 2874 3228  217 1661 3667  1662 2397 2716  55 1662 2716  348 1663 3114  1288 2834 3114  218 1477 2430  218 2430 4016  961 2434 4136  685 1520 1867  1214 3574 3754  1057 1666 3755  1667 3348 3349  543 1667 3349  1668 3458 3498  166 1668 3458  1013 1947 2568  543 1669 3389  1308 1670 2686  458 1308 1670  1234 4134 4163  215 2469 3040  263 1672 3898  201 1770 2045  1120 3828 3830  99 1674 3689  982 3659 4054  526 1675 3657  982 3657 3659  1042 1676 3954  1301 2602 2803  367 2602 2803  1378 2034 3621  1678 2034 3621  476 1679 3472  1679 2974 3472  553 3033 4278  553 1680 2771  1681 1682 3374  1264 1682 3374  729 2675 2676  1263 2675 2996  976 1243 3321  325 2300 4018  878 2313 3008  544 4289 4293  748 1685 2888  1685 2888 3842  939 3520 3522  939 1687 3520  1687 3351 3520  859 1954 3351  790 1954 2943  1774 2428 2942  456 1689 4046  1879 4046 4089  787 1692 3241  26 1690 2862  809 2980 2981  76 1691 2980  221 1692 3524  221 3480 3524  1693 2655 3272  977 1693 3776  113 2155 3665  755 1706 2067  768 2800 3070  768 1753 4022  205 1696 2074  706 2256 4021  930 1697 3053  127 2944 3410  1227 3386 4173  108 1472 1699  522 1472 1699  653 1762 2198  653 1700 1762  912 3001 3002  1701 3002 3004  722 1371 3102  529 1702 2533  374 1704 3157  158 3353 4152  511 1703 3157  511 1704 3157  501 1419 1756  511 1419 1705  113 2067 3797  615 2067 3797  13 1707 3617  1207 1707 3617  60 1258 2322  649 1708 2141  524 1710 3760  524 1976 3760  524 1709 1976  1710 3695 4077  2394 2573 3618  501 1712 3188  501 1755 3188  880 1714 3331  236 2685 3611  880 2127 3332  488 1714 3331  689 2289 3417  289 2203 2204  58 1245 2338  58 1716 2338  210 1444 2130  210 1717 2130  566 2085 2086  462 1718 2085  1157 2478 4233  1719 3099 4206  1140 1967 3735  824 1720 3735  993 3707 3708  54 2035 3707  992 2898 3378  470 1722 3378  1723 3378 4179  470 2178 2488  159 1724 1931  830 1672 2917  1000 2143 3721  460 1725 3293  854 2407 2987  178 2610 2988  436 1306 2921  189 1727 3084  1353 1827 4273  51 2440 3608  750 2736 2737  206 2057 2736  472 1743 2706  472 1386 2712  1889 3162 4264  219 1731 1732  687 1940 2082  687 1732 1733  769 2427 3354  115 2427 3354  1250 1734 2217  706 1528 2254  284 1867 3556  895 2609 3252  230 1830 2559  1171 1736 4107  798 2459 2811  118 2459 2811  808 2922 2923  464 1341 2922  466 1739 2185  10 1739 2185  285 2212 2585  466 2893 3679  1741 3301 4026  948 3041 3301  852 1289 3012  472 1289 1742  851 2343 2706  57 2295 3615  997 3763 3764  517 1745 3763  997 3358 3763  274 2078 3358  1402 1929 2763  104 1746 2763  152 1297 1747  507 1340 2188  670 1748 2780  336 1748 2780  848 1749 3408  742 1749 2162  1077 1974 3464  667 1751 3425  1086 1752 3827  1086 1752 3067  760 1753 2849  760 1753 1864  502 1626 3367  502 1754 3367  1626 1755 3188  149 1626 1755  1419 1756 3885  1044 1756 3947  1757 3517 3519  421 1757 3519  475 1757 3517  475 1758 3517  310 1759 3746  217 1661 2874  217 1760 2874  958 2694 2769  941 2974 3472  935 2698 3289  613 2698 3289  521 1933 2926  521 1763 2735  228 1609 1764  570 1609 1764  498 2945 4052  498 1765 2453  1541 2870 3428  33 2060 2870  851 2370 2757  2370 2757 4082  999 1768 3042  487 3744 3745  1010 2374 4135  499 2696 3807  728 2696 3219  201 1770 3219  223 1771 2280  775 1641 2097  1772 4120 4298  617 3831 4120  1048 1802 3896  790 1774 3569  217 1774 3569  977 1693 2383  493 1775 3265  950 3477 3478  493 3452 3477  838 1971 3205  838 2309 3452  696 1840 2113  478 1778 2569  1544 2418 4129  1779 2418 4129  674 1780 4291  398 1780 4291  484 1478 2589  484 1781 2589  1023 3509 3599  106 2510 3510  1096 2902 3637  1783 2902 3637  485 1784 3850  485 1783 3637  878 2220 3303  125 1684 3008  838 2309 2581  1786 3205 4175  786 1787 2904  32 1329 2905  52 1788 3794  2309 2581 3794  44 1597 3074  44 1789 3074  1515 1790 4204  144 1515 1790  1168 1791 3271  477 1168 1791  117 1426 2820  117 1792 2820  826 3061 3161  404 1793 3061  130 1552 3034  130 1794 3034  400 1795 3775  400 2950 3775  795 2385 2950  141 2186 2385  588 1485 2186  588 2186 2954  1186 1971 4175  1186 1798 2136  140 1591 4192  140 1799 4192  1373 3604 4119  1800 3604 4119  244 1801 2536  618 1801 2536  308 1802 3024  1504 2267 3270  1803 2267 3270  1804 2110 2806  564 1804 2110  663 1805 2740  717 1540 1885  1806 3754 4160  294 2875 4161  94 1807 3234  537 1937 4019  1201 1808 2986  839 2342 2832  899 2818 3334  1809 2818 4029  48 1810 4064  1810 3035 4064  334 1811 2423  1169 1811 4181  794 1812 2759  330 2200 2941  375 1813 2663  1107 3654 3655  508 1814 2515  1464 2095 2515  538 1320 1815  132 1320 1815  744 1468 2518  1708 1817 2141  504 1708 1817  955 2111 3021  382 2331 3585  853 1844 3261  853 1819 2370  167 1610 3330  918 3461 3462  778 2069 3467  1132 1821 3868  1790 1822 2678  309 1822 2678  945 2019 3883  492 1823 3335  819 2852 3449  1824 2853 3449  495 1826 3113  1200 1825 2505  1825 2505 4307  1826 2505 4307  468 4263 4273  831 1616 3568  1000 1828 2626  999 1828 2626  1542 1829 2879  509 1542 1829  720 2559 2972  494 1316 1911  792 1831 2854  1088 2268 2386  457 1364 1832  1051 1364 1832  1793 3061 3161  359 2236 2881  989 1964 3646  458 1629 2947  506 1835 3298  506 1844 3298  1016 3239 3815  496 1473 3814  510 1265 1837  185 4298 4299  513 1838 3360  1193 1839 3360  1839 3651 3652  344 1839 3652  697 2409 2530  697 1840 2113  512 1901 3083  512 1409 1841  1277 3587 3588  995 2096 3718  1935 2347 4303  545 1843 2455  156 1844 4253  1844 3298 4253  148 1845 3840  984 1845 2543  198 1886 2804  583 1360 1886  64 1847 2332  695 1847 2332  62 1848 3865  1849 2502 4156  565 1849 4156  1357 1850 3832  539 1357 1850  189 1851 2435  616 1851 2435  763 1194 2632  937 2192 3535  1945 3536 4073  833 2110 2806  282 1854 2732  2046 4092 4098  933 1912 4251  149 1856 3463  1213 2276 3463  811 2421 3027  2071 2819 3649  516 1469 3596  1470 3420 3663  886 2821 2931  886 1859 1956  70 2151 2461  1117 3312 3660  242 1861 2244  644 1861 2244  1303 3444 3791  584 1869 3444  1863 3654 3655  375 1863 3655  208 1864 3225  1354 2013 3225  150 1865 3869  1270 1996 3869  651 1866 2438  651 2439 2925  685 1665 1867  284 1665 1867  1868 3266 4049  577 1868 3266  370 1303 3444  370 1869 3444  821 1718 1870  462 1718 1870  1871 3364 4196  1065 2605 3364  1075 1872 3933  1065 1871 3362  1068 1872 3361  165 1744 1875  597 1744 1875  856 1876 2708  812 1876 2708  449 1529 2231  449 1877 2231  533 1878 3148  533 1672 3147  810 1879 4089  456 4046 4089  194 1880 3272  718 1474 1960  857 2494 2829  78 1881 3137  1134 4067 4217  165 1883 4216  514 1883 4013  806 2494 2829  834 1868 2332  834 1884 2114  717 1885 3537  49 1885 3537  583 1846 1886  1846 1886 2804  606 1887 3722  1794 3034 3722  620 1890 2180  620 1888 1890  219 1732 1889  687 1732 1889  619 1494 2201  619 1890 2201  1139 1893 4178  78 2380 4177  1892 2768 3166  154 1892 3166  980 2884 3440  234 2711 2884  540 1894 3853  1894 2901 3853  1115 1895 3554  2939 3553 4194  761 1424 1896  637 1956 2506  229 1897 2158  705 1897 2158  836 1748 1898  336 1748 1898  1557 1899 2989  29 1899 2989  858 2768 3166  527 1900 3167  1924 1981 2796  512 1901 2914  1070 2327 3575  550 1902 3056  550 1903 3056  1904 2172 4097  550 1904 2172  873 2475 3290  79 3649 4197  932 3499 3500  272 1906 3499  797 1907 2960  797 1907 2087  669 1652 2426  1909 3461 3462  167 3173 4153  1472 1910 2587  250 1910 2587  720 1911 2972  1830 2559 2972  1912 3250 3597  166 1912 3597  956 3338 3596  1912 3250 4251  151 1196 1914  580 1196 1914  1915 3248 3484  872 1726 3484  825 3077 3078  226 2936 3077  1369 1917 3263  1369 3324 3325  714 1939 2179  714 1918 1939  297 1919 3486  669 1919 3486  981 2104 2487  202 2104 2487  658 1450 2344  658 1921 2344  876 1922 3583  287 1924 2733  640 1924 2733  218 1477 2140  747 1477 2140  476 1926 3703  855 2694 2769  1146 4237 4238  1146 1927 2047  2048 4238 4239  536 4091 4237  843 2137 2536  843 2137 2138  1930 4137 4139  535 1930 4139  1285 1724 1931  535 1285 1931  1152 4265 4266  535 1932 4267  2169 3532 3602  521 2453 3163  559 1395 1934  1395 1934 2946  68 1843 3633  68 1935 3633  1135 1936 2030  1087 1936 3871  1037 3551 3923  537 1938 3551  713 1940 2082  713 1939 1940  243 1888 1940  687 1888 1940  785 1941 4086  1941 4086 4087  719 2107 4116  193 2210 2442  1128 4111 4113  902 1943 4111  213 2436 4165  730 1510 2689  937 1945 4124  289 1945 4124  893 1380 2977  363 2188 2976  79 1905 3292  518 1905 1947  850 2315 2468  679 2315 2468  112 2896 3317  112 1949 2318  1950 2143 3096  293 2293 3019  532 1374 1951  323 2348 2705  216 1586 1952  709 1586 1952  1078 3693 3916  137 1688 2999  137 1954 2999  1017 2022 3740  527 1955 3742  761 2363 2506  131 1568 2363  1127 1957 4183  533 1501 3642  534 1274 1958  1274 1958 2756  812 1754 3038  953 1990 2281  953 2281 2359  538 1232 1961  197 3621 3785  1714 1962 2258  488 1714 1962  630 1963 2547  1198 2043 2547  831 1964 4263  468 3647 4263  690 2527 2692  690 1965 2527  1966 2121 3496  1325 1966 2121  824 1967 3735  824 1967 3227  447 3644 3829  1224 1968 3881  914 3324 3325  411 2726 3326  351 2782 4148  351 1970 2782  227 1777 3491  227 1971 3491  541 1193 1972  344 1193 1972  155 1193 1973  541 1193 1973  1974 2287 2550  1973 2361 2550  652 2609 3252  652 1975 2609  648 1278 2349  974 1976 2417  641 2314 3728  641 1977 2470  416 1978 2448  684 1978 2448  748 1979 2532  318 1979 2532  936 3481 4100  936 1980 3487  103 2759 3334  785 1582 2913  523 1923 1982  1923 1982 3196  1759 2995 3260  1026 1983 3772  477 1168 1984  574 1168 1984  580 1985 3415  179 1985 3415  712 1986 3919  330 1987 4127  916 2895 2933  663 1605 1988  390 1605 1988  840 1312 1989  751 2159 4269  678 2159 4269  604 1291 1991  177 1291 1991  935 2209 2326  34 2209 2326  973 1994 3838  973 3688 3838  1007 2496 3443  540 1894 1994  952 1995 2015  296 1634 3277  583 1360 1996  150 1360 1996  842 2257 4222  109 1997 2001  1234 2579 2962  346 1998 2579  319 2234 2457  805 2234 2359  2000 2478 4233  73 2000 2478  318 2193 3818  842 2001 2531  213 1247 2002  557 2002 2004  557 2003 3693  1247 2002 2004  358 1247 2004  2005 3497 3513  946 2005 3788  784 1248 2556  784 2006 2556  574 1168 2007  407 3057 3460  1176 4039 4304  1176 2682 4201  42 2009 3914  1759 2010 3202  310 1759 2010  386 1392 3072  386 2011 3072  881 1585 3235  236 2012 3236  567 1509 2013  1509 2013 2767  1256 2125 4170  548 1256 2014  1995 2015 2508  273 1370 3426  1026 2016 3773  424 2016 3774  383 2017 3448  626 2017 3448  575 1642 2929  575 2018 2929  897 2019 3911  1088 2020 2268  329 2020 2855  696 2021 2301  97 2021 2301  1017 2022 3779  257 2022 3779  762 2786 4259  762 2481 2482  63 2024 4236  2024 4235 4236  2024 2025 3025  355 2025 3025  485 2026 3850  929 2026 3850  769 1633 2724  623 1733 2427  532 2028 4028  973 2028 4028  861 3183 3185  335 1752 3827  546 2030 4212  2218 4212 4301  1154 2218 4301  333 2031 4300  1002 1999 2457  569 2231 3714  917 2480 2813  2949 3724 4195  904 1678 2034  440 3135 3733  993 3273 3707  556 2036 3273  290 2036 3706  290 2223 4126  2005 2037 3414  555 2005 2037  290 2036 4305  290 2038 4305  147 2039 3256  1239 2270 3544  1130 2200 2415  640 2200 2415  597 2278 2336  725 2042 3262  364 2042 3262  408 1499 2566  349 1499 2043  624 2045 2552  12 19 3823  1216 2044 2552  624 2044 2552  963 2046 4098  515 4092 4098  2047 3834 4051  1126 1958 4051  1146 4238 4239  272 2048 4238  811 2071 3649  222 3038 3366  220 2050 4198  809 2106 2983  766 2784 2787  170 2051 2785  135 2052 4261  1479 3043 4261  2053 2414 4055  281 2053 2414  373 2605 3017  1205 2054 3124  372 2604 3018  1204 2055 3123  1909 3462 4153  847 2056 3173  551 1379 2057  1379 2057 2563  849 2155 2889  849 2889 2998  369 1203 2059  584 1203 2059  772 1541 2870  772 2060 2870  510 2061 3294  510 1366 2061  906 3133 4168  2652 3134 3762  231 2063 2075  818 2063 2075  553 1355 2064  943 1612 3033  177 1291 2065  603 1291 2065  1191 2066 3229  1189 1736 2935  755 1694 2067  113 1694 2067  1585 3235 3454  123 3235 3454  777 1717 2069  210 1717 2069  801 1317 2663  2105 4121 4244  568 2049 3598  568 2071 3598  2072 3398 3400  238 2072 3400  188 1339 2473  188 2073 2473  1685 2408 3842  2074 2408 3842  285 1675 2462  285 2212 2462  525 1929 3005  1929 3005 3473  560 2077 4218  560 2164 4218  2078 3358 3765  560 2078 3765  873 2475 2865  873 1947 2568  1127 2080 4184  159 1957 4183  2081 4265 4266  276 2081 4266  687 1733 2082  115 1733 2082  304 1974 2287  234 1270 2084  1018 2084 2711  1202 4206 4207  462 2085 4206  1718 2085 2086  157 1718 2086  2001 2087 2531  573 2001 2087  102 2088 3863  102 2643 2644  2549 4185 4213  377 2249 4186  965 2090 3561  965 2090 3065  658 2091 2847  240 2091 2847  204 1487 3054  204 2092 3054  2093 3116 3254  247 1368 3255  632 2000 2094  73 2000 2094  1105 2213 3878  508 2095 3877  992 2096 4117  497 2096 4117  775 1771 2097  223 1771 2097  788 2365 2404  789 2098 2574  1157 2099 4234  631 2000 4233  2100 2286 3817  647 2100 2286  244 2137 2536  244 2101 2137  715 2102 2103  119 2102 2103  714 1461 2103  119 1461 2103  735 2104 3580  1454 2661 3580  801 2105 4121  801 2105 2166  809 2106 2980  1691 2980 2981  224 1367 4116  224 2107 4116  561 2072 2108  894 2072 2108  273 2109 3437  898 2109 3437  1854 2110 2732  564 1854 2110  1384 2616 2848  621 2616 2848  913 3350 3852  913 2112 3082  696 2113 3304  1778 2569 3304  978 2333 2646  695 2333 2646  723 2115 3875  2115 3875 4096  160 2116 3712  944 2116 3712  2117 3033 4278  1199 4277 4278  239 1295 2118  570 1295 2118  570 1609 2119  438 1609 2119  2012 3236 3619  881 2120 3619  101 2037 3414  101 1325 2121  119 2102 3028  119 2122 2477  625 2123 3014  291 2123 3014  844 2124 3090  295 2232 3091  1256 2014 2125  247 2014 2125  1113 2126 2750  544 1684 3759  628 1290 3156  628 2127 3156  629 2128 3719  1348 2304 3719  892 2129 3169  238 2129 3169  1159 4144 4145  1159 1444 2130  274 2131 3578  274 1701 3578  572 1281 2132  362 1281 2132  1984 3000 3811  1149 2133 2402  578 1226 3359  18 1545 3203  1139 1893 2135  234 1893 2135  581 1178 2136  116 1178 2136  525 2138 3005  843 2138 3005  662 1663 2138  525 1663 2138  176 1298 2139  907 1254 3380  814 1925 2140  814 2140 2305  60 1930 2141  1930 2141 2557  766 2142 4023  2051 2785 4023  80 2143 3721  384 1418 2144  611 1418 2144  2144 2145 3050  611 2144 2145  530 1167 2146  1158 2860 3643  963 2147 4296  58 2147 4296  469 1721 2148  724 1721 2148  993 2149 3706  469 1721 3708  429 1525 2150  682 1525 2150  602 2152 2553  602 2151 2553  2151 2461 2553  1389 2311 2314  602 2908 3506  602 2151 2908  793 1350 2154  269 2374 3159  1006 2155 3665  849 3190 3365  732 1522 2156  450 1522 2156  999 2157 3744  293 1950 2626  776 2158 4240  705 2257 2839  107 2159 2850  1251 2562 2850  1187 3222 4230  228 1187 2160  2161 3222 4230  579 2161 3222  579 2161 3129  579 2162 3129  1639 2163 3125  614 1639 2163  1134 2164 4218  331 1882 4217  275 2165 3605  883 2165 3605  753 1591 2166  431 1591 2166  353 1555 4095  1178 2589 4141  1970 2168 2739  153 2168 2739  957 3532 3602  277 2169 3532  305 3314 3893  919 2170 3314  915 1655 2171  491 1655 2171  659 1903 2172  550 1903 2172  1093 2858 3514  174 2173 2282  577 1230 2174  338 1758 4084  576 2175 3346  1104 2176 3346  576 2176 2748  576 2748 2762  744 2761 2762  1223 2761 2777  470 1722 3336  470 2178 3336  269 2154 3494  269 2179 3494  619 1810 2180  48 1810 2180  1188 2181 2642  1188 2181 2389  467 1614 2183  102 1614 2182  1614 2182 2183  610 2182 2183  1586 2184 4032  216 1586 2184  693 1398 2185  10 2607 2979  1797 2186 2954  141 1797 2186  1532 3251 3880  507 1747 2188  1297 1747 2188  612 1534 2189  486 1534 2189  300 2398 3384  300 2190 2623  171 2191 3784  171 3495 3784  937 2192 4174  47 2192 4174  318 2087 2193  797 2087 2193  750 1266 2194  1110 2194 2738  506 2195 4071  901 2195 4071  1328 2302 3195  694 2196 3195  163 2197 2901  163 1894 2901  613 1513 2198  110 1513 2198  965 3562 4245  2090 3561 3766  640 1924 3192  640 2200 3192  1918 2201 3682  1494 2201 3682  513 1475 2202  1838 2555 3789  1106 1945 2836  289 1945 2836  689 2204 3417  1715 2289 3417  282 1854 2572  282 2205 2572  379 1237 2206  592 1237 2206  592 1237 2207  148 1237 2207  592 1190 2208  227 1190 2208  935 2209 2608  708 2209 2255  664 1746 3280  664 2442 3280  664 1402 2211  1402 2211 3747  983 1740 2585  285 1740 2585  895 2213 3356  142 1975 2609  397 1313 2214  589 1313 2214  734 3001 3975  596 1250 2216  114 1250 2216  596 1635 2217  1635 2217 2558  1136 2218 4212  155 1838 4211  793 1350 2826  1350 2219 2826  490 1312 2220  878 2313 3302  946 2221 4033  176 2221 4033  928 2222 2949  666 2222 3054  994 2037 3469  290 2223 3661  291 2224 3857  291 1723 3857  2225 3854 3855  143 2225 3855  590 1324 2226  170 1263 3233  275 1524 2784  275 2227 2784  345 2228 3808  345 1599 2860  307 1220 2229  1220 2901 3285  108 1472 2230  868 1824 3144  31 1321 3029  31 3029 3030  295 2403 2540  295 2232 2540  622 2233 2245  622 2232 2245  805 1999 2457  805 2234 2457  437 2376 2965  1053 2376 2965  1610 2236 2669  359 2236 2669  653 2198 2237  110 2198 2237  223 2238 3309  2238 2396 3309  679 1948 2468  850 2239 2315  628 1406 2240  33 1406 2240  835 1547 3016  685 1665 3015  337 1160 3069  164 2242 2471  0 1273 3322  907 1254 2244  644 1254 2244  789 2577 3710  789 2098 2577  1046 2463 2693  711 1458 2247  428 1458 2247  2248 4144 4145  636 2248 4145  636 2248 3581  636 2249 3581  717 1805 2516  677 2238 2396  132 2251 3164  898 2251 3164  730 1413 2690  659 1413 2252  779 2253 3392  322 2253 3392  707 1734 4021  328 1734 2254  706 1528 2255  34 1528 2255  706 1696 2256  205 1696 2256  776 2760 2839  109 2760 2839  605 1962 2258  605 1241 2258  335 3184 3827  861 2259 3184  231 2063 2260  862 2063 2260  984 2544 3191  1344 3158 3691  860 1970 2262  351 1970 2262  1009 2263 3786  626 2351 3876  603 1291 2264  1291 2264 2266  1099 2264 2265  133 2710 3323  1118 4080 4081  326 2266 4080  771 2267 3544  147 2267 3544  172 1831 2268  792 1831 2268  1124 1535 2269  773 1535 2269  411 1408 2726  914 2270 3326  1099 2264 2271  326 2264 2271  710 1790 2678  1190 2493 2953  1186 2136 4246  726 2274 2880  1228 2274 2673  998 1758 3490  1116 2275 3489  600 1489 2276  1489 2276 3047  600 1213 2277  276 1213 2277  597 2041 2278  261 2278 3572  622 2232 2279  1004 2232 2279  653 2238 2280  223 2238 2280  678 1960 2281  279 1960 2281  578 2088 3863  578 2282 2858  377 2249 2283  962 2249 2283  1430 2284 3007  658 2284 3007  968 2656 3630  324 2285 3631  647 1425 2745  647 2286 2745  675 2083 3393  676 2083 2287  2083 2288 3749  333 2288 3749  2389 4024 4112  1188 2289 2642  635 2291 2955  635 2290 2650  349 1196 2291  635 2291 4146  635 2290 3584  635 2292 3584  293 1950 2293  996 1950 2293  726 1600 2294  441 1600 2294  57 2295 2885  1436 2384 3615  2069 2808 3297  777 2069 3297  970 2205 3106  282 2205 3106  599 2285 2298  969 2285 2298  1633 2724 3115  268 2724 3115  976 2300 4018  976 1558 2300  927 1840 2301  668 2073 2473  668 2302 2473  276 2081 3767  276 2303 3767  629 2304 3719  629 1347 2304  746 1664 2305  218 1664 2305  961 1665 2617  835 1665 2617  1521 1849 3889  200 1521 2307  1849 2308 3889  645 2308 3889  758 1775 2309  493 1775 2309  320 1544 2310  875 2310 3064  342 2152 2311  661 2461 2553  1045 1765 2312  498 1765 2312  544 1684 2313  1684 2313 3008  2314 3728 3729  342 2314 3729  110 1184 2315  679 1184 2315  74 2316 4214  74 2340 3022  1432 2317 3457  959 1528 2317  189 1508 2435  699 1508 2435  341 2319 4060  1513 2378 4060  822 1921 4274  199 2320 3080  1334 1817 3189  326 1334 2321  60 2322 3189  627 2322 3189  1258 2322 2323  627 2322 2323  931 3071 3895  1697 3053 3895  951 2325 3528  2325 3112 3528  593 1480 2326  935 1480 2326  550 1904 3459  550 2327 3459  187 1427 2328  633 1427 2328  1036 1993 2329  540 1993 2329  1339 2330 2503  271 2330 2503  955 2331 3585  539 2331 2379  834 2114 2332  695 2114 2332  695 1847 3181  695 2648 3181  959 2334 3669  558 1349 2454  1110 1446 2335  452 1446 2335  1166 2278 2336  1451 2991 3683  672 2337 3662  1452 2588 3662  1219 4148 4164  1245 2782 4148  1093 2173 2339  577 2173 2339  727 2340 3743  74 2340 3743  764 1454 2341  405 1454 2341  406 1582 2342  839 1582 2342  57 1743 2706  57 2343 2706  40 1450 2344  625 1325 2345  101 1325 2345  844 2346 3624  56 2346 3624  820 2347 3045  820 3045 3046  323 1994 3443  323 2496 3443  648 2349 3678  241 2349 3678  2017 2350 3152  626 2017 2350  1009 3787 3876  288 2351 3787  346 1235 2352  1235 1907 2352  924 2353 4225  393 2353 4225  644 1387 2354  1387 1814 2354  158 1346 2355  1118 2321 3505  942 2357 2358  650 2356 2357  69 2357 3240  2358 3350 3852  650 2358 3350  805 2521 3509  805 2359 3509  975 2489 3680  61 2575 3681  676 2288 2361  1154 2288 2361  2362 3068 3687  202 2362 3687  1956 2506 4295  2363 2506 4295  532 2028 2842  1040 2028 2842  1191 2476 3020  788 2365 3218  43 2145 2366  823 2145 2366  250 2367 2813  869 1472 2587  580 1196 2368  349 1196 2368  380 1347 2369  1347 2369 3539  851 1730 2370  278 1730 2370  965 2523 3065  327 2371 3562  1169 3043 4182  1169 3043 4255  638 2373 4012  1170 2523 4012  793 2554 3159  632 1604 2554  2375 2927 3849  1038 2375 2927  1215 2376 4284  437 1649 4285  1356 2377 2909  1173 3832 3833  613 1480 2378  1480 2378 2395  955 2111 2379  621 2111 2379  1139 2380 4177  520 2135 4176  170 1263 2381  1263 2381 2675  1140 2843 3135  904 2382 2843  211 1775 3543  211 2383 3543  429 1435 2384  737 1435 2384  141 1796 2385  1796 2385 2950  172 2386 3139  2386 2538 3139  1088 2386 2387  355 2387 3738  958 2538 3138  656 2386 2538  1128 2389 4112  190 1943 4113  615 2390 2472  113 1267 3797  1095 2391 3882  77 2391 3882  642 1766 2392  451 1766 2392  180 1268 2393  642 1268 2393  501 1756 2573  1044 1756 2573  245 1331 3375  341 2395 3220  717 2396 3278  717 2516 3278  1228 2397 4221  725 1228 2397  2327 2398 3384  1070 2327 2398  646 1571 2399  81 1571 2399  435 1482 2443  435 2443 2993  1061 1923 2401  523 1923 2401  377 2283 3154  377 2402 3154  788 2404 2574  788 2403 2540  2098 2404 2574  294 2098 2404  747 1477 2405  432 1477 2405  1293 2406 2805  1137 2406 3153  343 2832 3475  1201 2986 2988  705 2257 2408  842 2257 2408  396 1375 2409  697 1375 2409  2002 2410 2615  688 1510 2410  697 1375 2411  175 1375 2411  562 2412 2627  849 2412 2998  139 2902 3771  1096 3636 3720  281 3062 3063  281 2414 2645  286 2415 3439  1130 2895 4199  648 1278 2416  162 1278 2416  1531 2416 2417  465 1531 2417  1014 3051 3052  1014 1544 2418  369 1203 2419  866 2055 3120  1161 2420 4271  1161 2420 2666  811 1857 2421  500 1857 2421  1163 2422 3606  1314 2422 3606  628 1406 2423  628 1290 2423  418 3136 4224  418 1511 2424  945 1417 4268  669 1417 2425  297 1908 3486  554 1908 2426  623 2027 2427  769 2027 2427  456 1688 2428  790 1954 2999  1393 2429 3287  1019 2429 3288  1708 2430 4016  649 1708 2430  649 1285 2431  432 1285 2431  1449 2432 3155  670 1434 2780  1975 2433 3433  652 1975 2433  652 2434 3252  284 2434 3252  699 2318 2435  616 2318 2435  1219 2436 4165  731 2338 4164  1117 1519 2437  608 1503 3660  452 1446 2438  651 1446 2438  915 2925 4090  651 2925 4090  651 1446 2440  51 1446 2440  845 1553 2441  111 1553 2441  193 1942 2442  719 1942 2442  721 2400 2993  906 2443 3134  919 2444 3576  150 2444 2631  511 1703 2445  922 1703 2445  302 2446 3196  302 1923 3196  596 1635 2447  981 2447 2662  684 2529 2859  684 2297 3106  391 1368 2449  1369 3263 3264  1231 3413 3866  620 1889 3162  659 1441 2451  433 1441 2451  681 1358 2452  126 1358 2452  1765 2453 2735  1229 2453 3163  558 2334 2454  959 2334 2454  1586 4031 4032  545 2612 3748  160 1371 2456  1420 2456 3529  1002 2032 2457  319 2032 2457  61 1523 2458  1163 2458 3606  660 2459 4102  2018 2929 4102  230 1389 2460  661 1389 2460  70 1860 2461  1860 2461 3419  1123 1675 2462  1123 2462 2539  494 2246 2693  1046 2246 2693  181 1241 2464  1241 2464 2465  417 1556 2465  655 1556 2465  334 1290 2466  655 1290 2466  114 1250 2467  707 1250 2467  463 1640 2468  850 1640 2468  1234 2579 3040  774 1998 2579  1100 2973 3516  1160 2242 2471  1590 2817 3792  1268 2390 2472  180 1268 2472  694 2302 2473  694 1339 2473  111 1466 2474  670 1466 2474  571 2079 3290  571 2475 3290  2365 2476 3218  124 2365 2476  781 1416 2477  1174 1416 2477  1719 2478 3387  73 1719 2478  590 2227 2479  884 2227 2479  1024 2645 2747  917 2567 2949  762 1768 2481  487 1768 2481  780 1601 2482  209 1601 2482  824 1404 4306  654 1404 2483  473 2484 3731  990 2528 3357  890 1575 2485  890 2485 2577  641 1351 2486  641 1389 2486  666 2092 2487  981 2092 2487  470 2488 4179  1021 2488 4179  61 2458 3606  975 2489 3681  308 3024 3904  817 2490 3024  332 1349 2491  332 3675 3676  1003 1834 2492  458 1834 2492  581 2273 2953  1190 2273 2953  1451 2991 3434  233 2991 3434  1172 2178 4229  1172 2495 2606  836 1898 2496  1007 1898 2496  1221 2497 2498  361 1223 4130  1116 3861 3862  1116 3489 3862  2499 3861 3862  121 2498 3862  1183 1484 2500  1183 2500 2801  814 1506 2501  382 1506 2501  1208 2527 2692  1551 2502 4041  694 1492 2503  271 1492 2503  320 2504 3253  1015 2504 3593  495 1826 2505  1200 2512 4292  637 1896 2506  761 1896 2506  1483 2507 2512  1431 2507 3143  105 2508 4118  925 2508 4118  279 1474 2509  757 1474 2509  757 2509 3511  757 2510 3511  211 1280 2511  757 1280 2511  225 1483 2512  1200 2126 4294  911 2086 2513  911 2513 3726  886 2514 2821  359 2514 2821  270 2515 3629  270 1464 2515  224 2250 3278  224 2516 3278  1468 2518 3385  2517 2518 3385  744 1816 2518  191 1816 2518  204 2590 3344  741 2519 3344  1247 2436 2520  731 2436 2520  2521 3509 3599  1023 1782 3599  848 2522 3408  1263 2522 2996  2371 3562 4245  965 2523 4245  943 1533 2524  692 1533 2524  1 1271 4040  1 2525 4040  198 1318 2526  1142 2150 4056  1208 2502 4041  990 2484 2528  473 2484 2528  1319 3672 3673  146 2529 2859  697 2113 2530  196 2113 2530  748 1685 2532  1685 2532 4132  318 2531 4132  318 2532 4132  722 1481 2533  529 1481 2533  594 2534 4203  594 2667 4203  879 2183 2535  610 2183 2535  843 2076 2536  618 2076 2536  896 2337 2537  896 2537 2668  656 2388 2538  2388 2538 3138  17 1631 2539  818 1631 2539  2232 2245 2540  789 2245 2540  496 1836 3411  496 1486 2541  379 1240 2542  691 1547 4200  148 1237 2543  691 1237 2543  691 1547 2544  283 1547 2544  671 1434 3817  670 1434 2545  670 1466 2546  414 1466 2546  1198 2547 2956  81 1963 2547  722 1371 2548  421 1371 2548  129 2549 4213  1148 4185 4213  541 1973 2550  541 1974 2550  710 2272 2678  609 2272 2551  201 1673 2552  1216 1673 2552  661 2311 2553  2152 2311 2553  632 2374 3159  632 2554 3159  331 3407 4210  979 2555 3407  92 1248 3337  535 1285 2557  649 1285 2557  683 1432 2558  328 1432 2558  230 1736 2559  720 2559 4070  1189 3229 4070  124 2476 3229  749 1379 2561  296 1379 2561  107 1670 2562  1670 2562 3552  749 1629 2563  206 1629 2563  5 1546 2564  742 1546 2564  742 2162 2565  579 2162 2565  1499 2043 2566  630 2043 2566  917 2480 2567  385 2480 2567  1013 1669 2568  232 1669 2568  696 1286 2569  478 1286 2569  812 1959 2570  534 1959 2570  503 1589 2571  1589 2571 2837  837 2205 2572  1183 2572 2801  1712 2573 3618  501 1712 2573  788 2540 2574  789 2540 2574  2489 2575 3681  754 2489 2575  901 1986 3108  712 1986 3108  82 2233 3710  82 2577 3710  2578 2634 4114  42 2578 4114  774 2469 3040  774 2579 3040  1012 1995 2580  296 1995 2580  1971 3205 4175  52 1786 2581  774 1997 2582  109 1997 2582  975 2360 2583  552 2360 2583  413 1987 2584  916 1987 2584  802 1400 2585  983 1400 2585  321 2325 2586  990 2325 2586  869 2367 2587  250 2367 2587  203 1453 2728  405 1453 2588  1478 4141 4158  1478 2589 4141  683 1635 2590  204 1635 2590  403 1432 2591  683 1432 2591  1091 2491 2592  245 2650 3352  841 2593 4191  183 2593 4191  140 1591 2594  753 1591 2594  753 1317 2595  214 2595 4096  1170 2466 2596  655 2466 2596  1180 2597 3685  353 4141 4158  701 2602 2605  1079 2598 3383  703 2603 2604  1028 2599 3382  2599 2600 3382  24 2599 2600  2598 2601 3383  84 2598 2601  2602 2605 3364  367 2602 3364  2603 2604 3363  368 2603 3363  1204 2055 3018  372 2055 3018  1205 2054 3017  373 2054 3017  824 2606 4306  195 2606 4306  9 2607 4059  2607 2979 4059  229 1897 2608  708 1897 2608  142 2213 2609  895 2213 2609  1201 2610 2988  548 2610 4029  505 2293 2611  996 2293 2611  1119 2612 3748  184 4288 4307  350 1510 2613  688 1510 2613  557 1953 2615  186 1953 2614  1953 2614 2615  688 2614 2615  395 1383 2616  621 1383 2616  100 2306 2617  961 2882 3816  625 1277 2618  1277 2618 3592  804 1470 3420  804 2619 3420  385 2620 4065  1487 3421 4065  988 1949 2621  112 1949 2621  679 1837 2622  679 1184 2622  612 2191 2623  967 2191 2623  667 1751 2624  315 2625 3902  1090 2356 3565  293 2157 2626  999 2157 2626  1005 2346 2627  56 2346 2627  682 1525 2628  157 1525 2628  2628 2629 3653  412 2629 3653  388 2630 2814  921 2630 2814  2444 2631 3370  763 2631 3370  763 1852 2632  601 1852 2632  763 1194 2633  344 1194 2633  591 2228 2634  1177 2228 2634  169 1522 2635  732 1522 2635  732 1590 2636  337 1590 2636  337 1542 2637  1150 1542 2637  56 1603 2638  56 1390 2638  362 1518 2639  739 1518 2639  739 1518 2640  1518 2640 2779  475 1758 4037  475 2641 4037  610 2182 2642  689 2643 4053  102 2182 4053  102 2643 4053  102 2644 3863  1284 2644 3863  385 2480 2747  1024 2480 2747  339 2646 4042  978 2646 4042  197 1378 2647  724 1378 2647  196 1778 2648  875 1778 2648  394 1391 2649  1209 2649 3088  1091 3676 3677  800 2650 3352  352 1485 2651  352 1616 3568  906 2062 3762  721 2652 3134  45 1414 2653  680 1414 2653  194 1246 2654  680 1246 2654  194 1359 2655  681 1359 2655  2285 2656 3631  599 2285 2656  1473 2657 3594  168 2657 3594  1262 2658 3066  1262 2658 2659  395 1384 2659  693 1384 2659  1306 2921 3084  646 1306 2660  735 1452 2661  405 1452 2661  596 2216 2662  2216 2662 3140  801 2663 3632  375 2663 3632  597 1744 2664  517 1744 2664  187 2328 2665  2328 2665 3482  1135 1936 2666  59 1936 2666  18 1372 4203  18 2667 4203  748 1979 2668  1979 2668 3198  1151 2514 2669  359 2514 2669  1008 2670 3803  1008 2670 2671  112 2318 2671  699 2318 2671  164 1313 3635  1313 2672 3635  726 1576 2673  203 1576 2673  590 2226 2674  766 2674 2785  365 1682 2675  1682 2675 2676  448 1683 2676  1683 2676 2754  378 1358 2677  681 1358 2677  2272 2551 2678  309 2551 2678  716 2681 2951  716 2679 2788  1596 2680 2681  136 1596 2680  1121 2681 2951  434 1597 3768  542 2010 3202  542 2682 3202  1244 2715 2827  770 2683 2827  408 1498 2684  825 1407 3076  236 1713 2685  880 1713 2685  107 1990 2686  953 1990 2686  1034 1843 2687  545 1843 2687  680 1246 3180  751 2688 4068  730 1944 2689  213 2689 4165  1413 2252 2690  120 2252 2690  1461 1769 2691  714 1461 2691  1208 2502 2692  340 2502 2692  98 1351 2693  494 1351 2693  476 1761 2769  958 1761 2769  73 1625 2695  728 1625 2695  2696 2793 3807  728 2696 2793  402 1425 2697  1322 2697 4079  229 2608 2698  935 2608 2698  759 1592 2699  381 1592 2699  431 1592 2700  759 1592 2700  461 1410 3223  63 3152 3843  930 3371 3416  733 2702 3416  733 1543 2703  145 1543 2703  460 1543 2704  733 1543 2704  323 1951 2705  1374 1951 2705  472 1730 2706  851 1730 2706  926 1203 2707  21 1959 2708  812 1959 2708  746 2501 2709  382 2501 2709  2709 2710 4282  133 2710 4282  765 2712 3044  765 2711 2884  472 1743 2712  765 1743 2712  1150 2637 3397  76 1829 2879  375 1863 3418  375 2714 3418  966 2296 3313  376 2296 3313  725 2042 2716  55 2716 3197  203 1490 2717  725 1490 2717  1060 2764 3971  1060 2718 2764  41 2718 2719  1103 3071 3886  983 2720 3394  162 2720 3394  173 1310 2721  698 2721 3573  807 2924 3901  808 2722 2924  50 2949 3724  50 1292 2723  769 2027 2724  268 2027 2724  280 1408 2725  1408 2725 2726  2270 2726 3326  771 2270 2726  418 1511 2727  418 1232 2727  1453 2588 2728  672 2588 2728  1122 2918 4078  756 2731 2918  1162 2729 2730  756 2729 2730  363 1297 2731  756 1297 2731  282 2297 3819  282 2732 3819  942 2040 2733  640 2040 2733  395 1383 2734  1227 2734 3386  255 1765 2735  934 1763 3946  206 1729 2736  1729 2736 2737  468 1728 2737  750 1728 2737  750 1728 2738  51 1728 2738  860 1681 2739  153 1681 2739  1988 2740 3732  717 1805 3537  1230 2741 4084  964 2741 3716  907 2244 2742  242 2244 2742  445 1211 2743  1211 1329 2743  644 1674 2744  644 1254 2744  402 3224 4241  402 1425 2745  1493 2749 3875  786 1493 2746  988 2620 2747  385 2620 2747  1031 2748 3316  522 1342 2798  444 1342 2749  225 1598 2750  736 1598 2750  1789 2751 3074  481 1789 2751  1069 1645 3957  1067 1645 2752  1064 1647 2753  85 2753 3955  325 1403 2754  729 1403 2754  784 1248 2755  358 1248 2755  784 1249 2756  161 1249 2756  851 2343 4105  851 2757 4105  845 1374 2758  271 1374 2758  785 1981 2913  1981 2913 4122  775 2582 2760  109 2582 2760  212 2177 2761  2177 2761 2762  1816 2748 2762  744 1816 2762  664 1402 2763  664 1746 2763  2718 2719 2764  1422 2719 2764  1359 2654 2765  680 2654 2765  772 1541 2766  356 1541 2766  772 1695 2767  208 1695 2767  528 2768 3622  1438 2768 3622  855 1926 2769  476 1926 2769  33 2060 2770  882 2060 2770  221 1562 2771  1199 1562 2771  1155 2772 4110  366 2433 3433  590 1323 2773  389 2162 3129  1087 3447 3872  743 2775 3447  212 1637 2775  743 1637 2775  362 1281 2776  743 1281 2776  745 1637 2777  212 1637 2777  745 1518 2778  362 1518 2778  1221 3109 4130  121 1221 2779  1434 2432 2780  336 2432 2780  742 1546 2781  6 1546 2781  2147 2782 3623  1245 2147 2782  505 1462 2783  816 1462 2783  2227 2674 2784  766 2674 2784  2226 2674 2785  170 2226 2785  547 1488 2786  762 1488 2786  450 2156 3761  450 1524 2787  352 1485 2788  795 1485 2788  198 1318 2789  519 1318 2789  138 1660 2790  791 1660 2790  830 2916 3403  830 1672 3403  665 2497 2792  1269 2497 2792  2094 2695 2793  728 2695 2793  118 2794 3130  783 2794 3130  783 1570 2795  411 2795 3697  1901 2796 2914  287 1901 2796  16 1514 2797  803 1514 2797  1342 2749 2798  723 2749 2798  768 1253 2799  347 1253 2799  1695 2766 2800  356 2766 2800  1632 2882 4249  2801 2882 4249  837 2205 2802  2205 2802 3422  1332 1677 2803  1301 1332 2803  737 1435 2804  1435 2804 4056  833 1414 2805  45 1414 2805  378 1414 2806  833 1414 2806  1470 1895 2807  88 1895 2807  778 1606 2808  376 1606 2808  777 2296 2809  2296 2809 3282  778 1217 2810  43 3050 3502  1581 1737 2811  798 1581 2811  755 1694 2812  1601 2812 2816  1102 2033 4195  250 2033 2813  1299 2814 2959  921 2814 2959  459 1512 2815  1050 2815 3715  755 1496 2816  209 1496 2816  589 2471 2817  1160 2471 2817  899 2014 2818  548 2014 2818  932 1905 2819  79 1905 2819  633 2820 3160  633 1426 2820  1287 1833 2821  359 1833 2821  41 2822 3886  2822 3071 3886  747 1925 3579  747 2823 3579  721 2652 2824  721 1653 2824  390 2429 2825  1019 2429 2825  645 2307 2826  793 2554 3391  1244 2827 2897  251 2683 2827  1319 2448 2828  416 2448 2828  1881 2829 3137  514 1881 2829  448 1681 2830  860 1681 2830  184 2612 2831  1119 2612 2831  839 1808 2832  343 1808 2832  13 1707 2833  827 1707 2833  624 1164 2910  827 1164 2834  525 1288 3747  827 1288 2835  673 2836 3291  1106 2836 3291  1405 2837 4286  752 1405 2837  1027 1579 3485  1027 2838 3485  705 2158 2839  776 2158 2839  425 1601 2840  780 1601 2840  660 1731 2841  660 1588 2841  1339 2330 2842  532 2330 2842  77 2382 2843  1140 2843 3735  427 1464 2844  1055 1464 2844  483 1280 2845  1280 2845 2846  211 1775 2846  758 1775 2846  821 1870 2847  240 1870 2847  9 4308 4311  693 1384 4059  1753 2799 2849  347 2799 2849  751 2688 3450  751 2159 2850  267 1506 2851  814 1506 2851  819 2053 2852  281 2053 2852  1225 3039 3769  819 3023 3668  401 1422 2854  792 1422 2854  329 2855 3781  329 1697 3781  440 1378 2856  1343 3641 4226  1124 2269 2857  49 2269 2857  322 3392 3514  1284 2644 3392  684 2448 2859  1319 2448 2859  345 2860 3808  1158 2860 3808  802 1613 2861  467 1613 2861  738 2863 3983  26 2862 3341  787 2862 2863  452 2335 2864  452 2864 3170  79 2865 3292  873 2865 3292  1370 2866 3315  417 1315 2866  1137 2406 3549  898 2867 4219  1125 2868 3208  887 2439 4169  1151 1820 3086  1151 2869 3086  33 1766 3428  33 2870 3428  769 1633 2871  340 1633 2871  911 1525 2872  429 1525 2872  891 3260 4101  891 2790 4101  1760 2873 2874  791 2873 2874  1651 2783 2875  816 2783 2875  815 1462 2877  25 2876 3927  816 2876 2877  1393 2878 3287  1393 2878 3431  76 2713 2879  1150 2713 2879  138 1660 2880  138 1600 2880  359 1833 2881  826 1833 2881  961 2617 2882  100 2617 2882  761 1569 2883  414 1569 2883  234 1893 2884  1893 2884 3440  765 2711 2885  765 1743 2885  1106 1842 2886  1486 2541 3291  54 1623 4252  453 1623 2887  748 1565 2888  205 1565 2888  347 2058 2998  347 2889 2998  1071 2890 3286  232 1669 2891  1669 2891 3209  1258 2323 2892  374 2323 2892  466 1398 2893  1278 2893 3679  916 2895 3368  1082 2895 3753  1082 2894 2895  2894 2895 3368  1275 2519 2896  741 2519 2896  2897 3039 3769  251 2897 3039  47 1853 2898  992 1853 2898  923 2680 2899  136 2680 2899  530 1628 2900  530 1449 2900  591 2229 3285  1220 2229 3285  1309 2413 3771  139 1309 3771  1411 2560 2903  423 1411 2903  1255 2746 2904  786 2746 2904  32 1787 2905  786 1787 2905  1329 2905 2906  786 2905 2906  972 2065 2907  603 2065 2907  972 2065 3506  972 2908 3506  972 2909 4171  399 2909 4171  1164 2834 2910  348 2834 2910  228 1764 2911  803 1764 2911  1327 2911 2912  803 2911 2912  103 2759 4122  103 2913 4122  785 1941 2914  512 1941 2914  432 1724 2915  830 1724 2915  2791 2916 3403  829 2791 2916  830 1724 2917  159 1724 2917  756 2729 4078  756 2918 4078  2584 3368 3488  36 2919 3488  1314 2575 2920  754 2575 2920  611 1727 3084  611 2921 3084  464 1738 2922  1738 2922 2923  280 1624 2923  808 1624 2923  807 1341 2924  808 1341 2924  246 1655 2925  915 1655 2925  521 1763 2926  1115 1763 2926  534 1959 2927  1038 1959 2927  138 1600 2928  1176 2682 3087  660 2929 4102  660 1642 2929  761 1424 2930  192 1424 2930  886 1956 2931  131 1956 2931  58 2046 2932  1114 2046 2932  916 1987 2933  330 1987 2933  962 2809 2934  128 2809 2934  1171 1736 2935  1171 1860 3215  630 1352 2936  226 1352 2936  1182 2058 2937  562 2058 2937  1249 1361 2938  536 2938 4272  1115 1895 4194  934 2939 3553  1943 4111 4113  1128 2940 4111  330 1812 2941  794 1812 2941  796 1689 2942  456 1689 2942  424 1595 2943  790 1595 2943  871 3067 3410  1086 2944 3410  1192 2312 2945  498 2312 2945  945 2946 4268  292 2946 4268  458 1834 2947  989 1834 2947  13 2833 2948  1164 2833 2948  1102 3724 4195  917 2949 4195  1121 2951 3775  2950 2951 3775  716 2788 2951  795 2788 2951  1551 2502 4156  1032 1551 2952  1179 2167 2953  581 2167 2953  449 1877 2954  449 1797 2954  635 2650 2955  800 2650 2955  1092 3676 3677  81 2956 3752  123 2068 2957  507 1340 4066  1456 3257 3258  1083 2959 3992  1083 2958 2959  921 2959 3257  1098 4047 4048  797 2960 4047  1140 1967 2961  439 1967 2961  1233 2962 4248  346 2962 4248  813 2160 2963  228 2160 2963  879 1531 2964  162 1531 2964  1053 2965 3650  554 1254 2966  1254 2966 3380  1181 2701 2967  461 2701 2967  426 1580 2968  846 1580 2968  846 1580 2969  271 1580 2969  69 2357 4069  69 2970 4069  918 1910 2971  250 1910 2971  494 1911 2972  494 1830 2972  1100 3728 3729  1364 2973 3516  216 1459 2974  1459 2974 3470  659 1413 4030  730 1413 2975  363 1946 2976  893 1946 2976  893 1946 2977  1946 2977 3238  279 2509 2978  2509 2978 3511  10 2185 2979  693 2185 2979  2106 2980 3376  76 2980 3376  2050 2981 2982  809 2050 2981  454 1686 2982  810 1686 2982  809 2050 2983  220 2050 2983  415 1550 2984  415 1549 2984  1138 2175 2985  1138 2985 3447  854 2407 2986  343 2407 2986  854 1726 2987  1726 2987 3247  178 1726 2988  854 1726 2988  598 2990 3806  29 2989 3295  832 2989 2990  832 1557 2991  1557 2991 3168  1621 2992 3345  711 1336 2992  435 1431 2993  1431 2400 2993  410 1401 2994  1527 2994 3055  1983 2995 3772  1049 1983 2995  848 1192 2996  365 1192 2996  6 1192 2997  848 1192 2997  562 2412 2998  562 2058 2998  790 2428 2999  1688 2428 2999  1149 2133 3000  53 2133 3000  86 2215 3563  912 2215 3001  912 3003 3004  529 1701 3002  912 2215 3003  517 2215 3003  274 1745 3004  274 1701 3004  843 2076 3473  843 3005 3473  909 2035 3006  556 2035 3006  821 2847 3007  658 2847 3007  125 1785 3008  878 1785 3008  1268 2390 3009  356 2390 3009  1344 2241 3010  685 2241 3010  852 1577 3011  91 1577 3011  409 1742 4147  409 3012 4147  852 3013 3176  278 3013 3176  1112 2224 3014  291 2224 3014  685 2241 3015  835 3015 3016  2241 3015 3016  283 2241 3016  701 2601 3017  1205 2601 3017  703 2600 3018  1204 2600 3018  1001 2157 3019  293 2157 3019  2124 3020 3090  885 2124 3020  7 3021 3717  74 3022 4214  1388 3022 4214  1851 3668 3770  1851 3023 3668  1802 3024 4036  817 3024 4036  1260 2387 3025  355 2387 3025  762 1488 3026  145 1488 3026  222 2049 3027  811 2071 3598  119 2477 3028  1174 2477 3028  2231 3030 3714  1002 3029 3030  31 1529 3030  1529 2231 3030  157 1718 3031  821 1718 3031  1533 1534 4133  943 1533 3032  943 2064 3033  553 2064 3033  606 3034 3722  606 1552 3034  1335 4120 4298  1335 1401 3035  654 1404 3446  824 1404 3036  783 2795 3037  1408 2795 3037  2570 3038 3835  222 3038 3835  819 2853 3668  251 2853 3039  1234 3040 4163  1671 4134 4163  948 3299 3300  145 1768 3042  145 1543 3042  135 2372 4255  135 3043 4255  765 2884 3044  980 2884 3044  299 3045 3541  1460 3045 3046  401 1460 3046  828 1755 3047  149 1755 3047  501 1755 3048  828 1755 3048  374 1704 3049  828 1704 3049  43 2145 3050  1362 3050 3502  1015 3592 3594  1014 3051 3593  1014 2418 3052  144 2418 3052  249 1630 3053  930 1630 3053  928 2222 3054  1487 3054 3421  410 2994 3055  410 1457 3055  350 1212 3056  1212 1902 3056  407 1427 3057  1426 3057 3460  1009 3058 3787  2351 3787 3876  317 3190 3702  1004 3059 3713  826 1833 3060  473 1833 3060  1657 3060 3061  404 1657 3061  868 2852 3062  281 2852 3062  281 2645 3063  1024 2645 3063  1016 3073 3814  875 3181 3239  1170 2596 3065  105 2596 3065  1709 1976 3678  871 1709 3066  871 1709 3067  524 1709 3067  1388 3022 3068  647 1388 3068  1160 2242 3069  2242 3069 4279  113 1267 3070  113 1253 3070  1697 3071 3895  1103 1697 3071  841 2011 3072  841 1392 3072  1016 3064 3073  320 3064 3073  736 2751 3074  434 1597 3281  459 1555 3075  459 1554 3075  1407 2684 3076  408 2684 3076  226 1916 3077  1916 3077 3078  549 1917 3078  825 1917 3078  822 1549 3079  415 1549 3079  1548 3079 3080  199 1548 3080  1337 2178 3081  439 2961 3822  905 1427 3082  187 1427 3082  512 1841 3083  905 1841 3083  1306 2660 3084  189 2660 3084  718 1474 3085  718 2383 3085  1560 1820 3086  1560 3086 3841  1176 2928 3087  138 2928 3087  394 1390 3088  841 1390 3088  1884 2275 3089  834 1884 3089  386 1392 3090  844 1392 3090  295 2124 3091  844 2124 3091  1003 2032 3092  569 2032 3092  173 1866 3093  915 1866 3093  1111 2371 3094  327 2371 3094  46 3111 4250  46 1572 3095  996 2611 3564  996 3096 3564  864 3096 3097  1582 2913 3098  103 2913 3098  447 3881 4205  447 1625 3099  520 1865 3279  520 3100 3279  646 1306 3101  436 1306 3101  160 1702 3102  160 1371 3102  831 1964 3103  1964 3103 3646  387 1827 3104  831 1827 3104  1191 2066 3105  903 2066 3105  684 2529 3106  970 2529 3106  407 1427 3107  905 1427 3107  253 2195 3108  901 2195 3108  1221 2779 3109  745 2779 3109  1162 2730 3110  152 2730 3110  951 3528 4250  929 3112 3528  1279 3117 4257  929 1279 3112  1133 1294 4025  495 2507 3143  525 1288 3114  525 1663 3114  690 3115 4283  690 1633 3115  1131 1987 3116  413 1987 3116  426 1553 3427  426 3117 3427  900 1615 3256  1615 3118 3214  1064 2054 3612  865 2054 3612  866 2419 3120  369 2419 3120  702 3123 3997  700 3124 3996  258 3121 3899  866 3121 3123  262 3122 3451  865 3122 3124  1282 4044 4045  1283 3125 4045  1242 3126 3826  575 3126 4093  135 2372 3127  1111 2372 3127  319 2234 3128  1308 3128 3777  389 2773 3129  1323 2773 3129  1611 2018 3130  1611 3130 3210  379 1484 3179  379 3131 3179  1459 3046 3132  216 1459 3132  2899 3133 4168  136 2899 3133  2443 2993 3134  721 2993 3134  440 2034 3135  904 2034 3135  904 1678 3136  418 1678 3136  857 1891 3137  78 1891 3137  288 2694 3138  958 2694 3138  958 1761 3139  172 1761 3139  114 1452 3140  735 1452 3140  798 1581 3141  437 2965 4104  142 1620 3142  908 1620 3142  495 3113 3143  1294 3113 3143  868 2230 3144  108 2230 3144  841 2011 4191  903 2011 3145  903 2066 3146  357 2066 3146  533 3147 3148  1039 3147 3148  1039 3148 4008  1455 2294 3149  441 2294 3149  240 1549 3150  822 1549 3150  836 1748 3151  836 2441 3151  1282 2967 3843  1282 3152 3843  924 1636 3534  924 3153 3534  1144 2700 3154  759 2700 3154  1167 1898 3155  336 1898 3155  181 2464 3156  1290 2464 3156  374 1257 3157  1703 3157 4152  985 2261 3158  283 2544 3191  269 2154 3159  793 2154 3159  443 1792 3160  443 1643 3160  130 1552 3161  826 1552 3161  620 2450 3162  1231 2450 3162  521 1933 3163  957 1933 3163  1320 2867 3164  898 2867 3164  1006 1694 3165  425 1694 3165  1900 3166 3167  154 1900 3166  858 1557 3167  527 1557 3167  858 1438 3168  233 1438 3168  1380 2977 3169  238 2977 3169  1445 2721 3170  698 2721 3170  1954 2943 3171  859 1954 3171  455 1463 3172  859 1463 3172  167 1610 3173  1610 3173 3175  444 2056 3174  847 2056 3174  606 1887 3175  847 1887 3175  901 1819 3176  278 1819 3176  373 1644 3177  1644 1873 3177  372 1645 3178  1645 1874 3178  564 1804 3671  564 1484 3179  2688 3180 4068  393 2688 3180  875 2648 3181  1847 3181 3239  2292 3182 3584  151 2292 3182  394 1391 3183  861 1391 3183  335 2029 3184  861 2029 3184  861 2029 3185  471 2029 3185  215 3040 4163  773 1535 3648  1481 2534 3187  594 2534 3187  502 1712 3188  502 1626 3188  1334 2321 3189  627 2321 3189  317 1330 3664  317 3190 3664  283 3158 3191  2261 3158 3191  794 2941 3192  794 1924 3192  890 1575 3193  505 1575 3193  853 1844 3194  156 1844 3194  479 1328 3195  479 2196 3195  922 2445 4035  922 3196 4035  2042 2716 3197  986 2042 3197  986 2042 3198  364 2042 3198  165 1875 3199  806 3199 3730  392 1399 3200  881 1399 3200  1001 2485 3201  82 2485 3201  891 2682 3202  1759 3202 3260  18 2134 3203  862 2134 3203  481 1587 4232  1587 3204 4232  1786 2581 3205  838 2581 3205  1926 3206 3704  855 1926 3206  1653 3206 3207  855 3206 3207  1616 3104 3208  923 1616 3208  543 1579 3209  874 1878 3485  324 1570 3210  783 1570 3210  2353 3211 3212  273 3211 3212  952 2015 3212  273 2015 3212  459 1845 3213  984 1845 3213  1433 2490 3214  817 2490 3214  1117 3215 3813  357 3215 3813  231 1226 3216  863 2088 3259  467 1613 3217  863 1613 3217  885 2403 3218  788 2403 3218  728 1656 3219  201 1656 3219  1331 2395 3220  870 1331 3220  363 2731 3221  1296 2731 3221  1187 2160 3222  579 2160 3222  461 2701 3223  1496 2701 3223  637 1292 3224  402 2697 4079  507 1864 3225  507 1354 3225  221 1680 3226  787 1680 3226  439 3081 3227  439 1967 3227  791 1660 3228  442 1660 3228  124 2560 3229  2560 3229 4070  259 1497 3627  259 3230 3627  1208 4041 4281  586 2527 3231  144 1779 3232  710 1779 3232  170 2226 3233  1324 2226 3233  519 1807 3234  519 1318 3234  881 2120 3235  123 2120 3235  881 1399 3236  236 1713 4290  71 2108 3237  894 2108 3237  894 2072 3238  238 2072 3238  875 3064 3239  1016 3064 3239  2356 2357 3240  634 2356 3240  455 1690 3241  455 1692 3241  200 1550 3412  200 3242 3412  427 3356 3878  427 1465 3243  225 1483 3244  1483 3244 3245  435 1482 3245  877 1482 3245  877 1596 3246  434 1596 3246  1363 3247 3249  384 1363 3247  549 1916 3248  872 1916 3248  872 1916 3249  226 1916 3249  515 1913 3250  956 1913 3250  1252 2187 3609  252 3542 3609  895 1735 3252  284 1735 3252  320 1544 3253  1014 1544 3253  413 1615 3254  900 1615 3254  247 2093 3255  900 2093 3255  1615 3118 3256  147 3118 3256  2958 2959 3257  5 2958 3257  921 2630 3492  921 3258 3492  863 3216 3259  1226 3216 3259  2873 3260 4101  474 2873 3260  853 1819 3261  506 3261 4071  364 2537 3369  364 3262 3369  549 1915 3263  889 1915 3263  889 2449 3264  391 2449 3264  977 1776 3265  493 1776 3265  1094 2339 3266  577 2339 3266  674 1415 4291  892 1415 3267  892 1415 3268  195 1415 3268  1643 1751 3269  443 1643 3269  489 1803 3270  489 1504 3270  1426 3271 3460  1168 3271 3460  718 1693 3272  718 1880 3272  556 2035 3273  2035 3273 3707  450 1522 3274  1522 3274 3327  18 2134 3275  18 1372 3275  179 1498 3276  580 1197 3415  296 1995 3277  952 1995 3277  677 2396 3278  677 2250 3278  1307 1865 3279  1129 3279 3652  1210 1746 3821  1746 3280 3821  1597 3074 3281  736 3074 3281  966 2070 3282  128 2070 3282  467 2183 3283  879 2183 3283  1576 3284 4208  405 1453 3891  2197 2901 3285  591 2197 3285  1450 2890 3286  40 1450 3286  122 2479 3287  884 2479 3287  884 2227 3288  275 2227 3288  935 1480 3289  613 1480 3289  232 2079 3566  2079 3290 3566  1486 2886 3291  1106 2886 3291  1905 1947 3292  873 1947 3292  1000 1828 3293  460 1828 3293  1457 2061 3294  1265 1457 3294  2989 2990 3295  598 2990 3295  436 1571 3296  436 1352 3296  376 2296 3297  777 2296 3297  446 1835 3298  446 1602 3298  370 1741 3299  948 1741 3299  948 3041 3300  90 3300 3900  948 1741 3301  1741 3892 4026  878 2220 3302  490 2220 3302  878 1785 3303  354 1785 3303  196 1778 3304  196 2113 3304  1465 2844 3305  1055 2844 3305  708 1696 3306  708 1897 3306  553 1680 3307  553 1355 3307  433 1558 3589  433 1659 3308  1540 2396 3309  223 2097 3666  55 1476 3310  1098 1476 3310  561 1530 3311  1530 3311 3694  1117 1860 3312  70 1860 3312  770 2714 3313  966 2714 3313  305 1852 3314  919 1852 3314  925 1556 3315  417 1556 3315  2176 2748 3316  96 2176 3316  112 2671 3317  1008 2671 3317  1008 3318 4075  403 3318 4075  992 1723 3319  992 2096 3319  976 1243 3320  120 2690 4243  976 1683 3321  448 1683 3321  1273 2243 3322  740 2243 3322  133 2265 3323  1099 2265 3323  1239 2270 3409  914 2270 3409  914 1969 3325  72 1969 3325  411 1969 3326  914 1969 3326  169 1589 3327  883 1589 3327  883 1589 3328  503 1589 3328  354 1271 3329  840 1312 4040  167 1820 3330  1151 1820 3330  880 1713 3331  488 1713 3331  880 1714 3332  181 1714 3332  247 2014 3333  899 2014 3333  1809 2818 3334  103 1809 3334  945 1395 3335  492 1395 3335  674 3336 4229  47 1722 3455  1248 2556 3337  643 2556 3337  956 1913 3338  277 1913 3338  889 1915 3339  178 1915 3339  1605 3340 3430  663 1605 3340  2862 2863 3341  738 2863 3341  989 1729 3342  206 1729 3342  608 1503 3343  1173 1503 3343  204 1487 3344  741 2620 4065  453 1458 3345  711 1458 3345  333 2175 3346  1104 2083 3749  888 1858 3347  516 1858 3347  166 1858 3348  888 1858 3348  1497 3420 3663  543 1497 3349  913 2112 3350  650 2112 3350  1687 3172 3351  859 3172 3351  245 2592 3352  1091 2592 3352  922 1703 3353  1703 3353 4152  1507 2871 3354  115 1507 3354  482 1255 3355  482 1526 3355  427 3243 3356  895 3243 3356  131 1568 3357  990 1568 3357  274 1745 3358  1745 3358 3763  1226 2260 3359  563 2260 3359  155 1193 3360  155 1838 3360  1068 1874 3361  260 1874 3361  1065 1873 3362  264 1873 3362  1068 1872 3363  368 1872 3363  1065 1871 3364  1871 3698 4196  849 2155 3365  1006 2155 3365  222 3027 3366  920 3027 3366  1754 3366 3367  920 3366 3367  36 3368 3488  916 2584 3368  672 1490 3369  672 2537 3369  919 1852 3370  763 1852 3370  329 1697 3371  930 1697 3371  464 1341 3372  1429 3372 4074  679 1837 3373  185 1837 3373  1264 3374 3607  153 1681 3374  1331 2395 3375  593 2395 3375  1233 2713 3376  76 2713 3376  1100 3516 4109  587 2470 3377  992 1723 3378  470 3378 4179  1020 2149 3379  469 2149 3379  907 2139 3380  176 2139 3380  1597 3381 3768  1121 3381 3768  703 3382 3737  1028 3382 3737  701 1301 3383  1079 3383 3790  300 2623 3384  967 2623 3384  949 2517 3385  1222 3846 3993  395 2659 3386  1262 2659 3386  1157 1870 3387  462 1870 3387  1013 1947 3388  518 1947 3388  1667 3389 4017  543 1667 3389  63 2350 3390  1145 2350 3390  793 2826 3391  2307 2826 3391  1284 2858 3514  1284 3392 3514  2083 2287 3393  304 2287 3393  1400 2964 3394  162 2964 3394  93 1534 3395  1534 3395 3396  2190 2623 3396  1029 2190 3396  1150 2713 3620  1150 3397 3620  561 1943 3398  902 1943 3398  2129 3267 3399  902 2129 3399  902 2129 3400  238 2129 3400  611 1727 3401  823 3401 3769  47 2192 3402  47 3402 3455  263 1672 3403  263 2791 3403  1380 3169 3404  892 3169 3404  428 1583 3405  908 1583 3405  908 1583 3406  242 1583 3406  331 1882 3407  979 1882 3407  389 1324 3408  389 1749 3408  391 2039 3409  1239 2039 3409  1698 3410 4173  871 1698 3410  496 2541 3411  1505 2541 3411  415 1550 3507  1550 3412 3507  1348 2304 3866  380 2304 3866  101 2121 3414  947 2121 3414  1197 3276 3415  179 3276 3415  2704 3416 3795  733 2704 3416  289 2204 3417  289 1715 3417  1165 2683 3418  1165 1863 3418  1171 2460 3419  661 2460 3419  888 3347 3663  1470 3347 3663  928 2567 3421  385 2567 3421  970 3422 4254  366 3422 4254  624 2910 3423  1416 2910 3423  621 1383 3424  182 4015 4276  1272 1751 3425  3 1272 3425  273 2015 3426  925 2015 3426  111 1553 3626  1553 3427 3626  642 1766 3428  642 1541 3428  2611 3564 3809  316 3564 3809  193 1607 3430  940 1607 3430  390 1605 3431  940 1605 3431  940 1607 3432  438 1607 3432  366 2772 3433  1155 2772 3433  1451 2336 3730  1451 3434 3730  1408 3037 3435  280 1408 3435  909 1584 3436  54 1584 3436  1370 2251 3437  898 2251 3437  156 1224 3438  1224 1423 3438  2040 2415 3439  639 2040 3439  528 1892 3440  980 1892 3440  980 1892 3441  154 1892 3441  1661 3228 3442  442 3228 3442  1007 1894 3443  1894 1994 3443  584 1862 3791  584 3444 3791  132 1315 3445  605 1315 3445  1404 3036 3446  392 3036 3446  743 2774 3447  2774 3447 3872  1310 2263 3448  626 2263 3448  868 2852 3449  868 1824 3449  751 2850 3450  1251 2850 3450  3122 3124 3451  700 3124 3451  1777 3452 3477  838 1971 3491  1194 2632 3453  601 2632 3453  654 2068 3454  654 1585 3454  1722 3336 3455  674 3336 3455  554 1908 3456  1033 1908 3456  403 2454 3457  959 2454 3457  933 1912 3458  166 1912 3458  967 3384 3459  171 1904 4260  407 2007 3460  1168 2007 3460  522 1910 3461  918 1910 3461  918 1820 3462  167 1820 3462  1856 3463 4088  1213 3463 4088  541 1750 3464  1077 3464 3949  1101 1563 3465  457 1563 3465  1482 3133 3466  136 3133 3466  1821 3467 3868  778 1821 3467  2223 3468 3661  595 2223 3468  1112 2345 3469  101 2345 3469  1831 2854 3470  941 1831 3470  172 1761 3471  941 1761 3471  941 1761 3472  476 1761 3472  104 1929 3473  104 2076 3473  991 3474 3626  991 3427 3626  343 2407 3475  1217 2407 3475  592 2208 3476  2208 3476 4094  493 1776 3477  1776 3477 3478  1396 3476 3478  950 3476 3478  882 2012 3479  882 1509 3479  1980 3480 3524  936 1980 3480  1562 3480 3481  936 3480 3481  633 1643 3482  686 1643 3482  514 1881 3483  979 1881 3483  178 1726 3484  178 1915 3484  874 3209 3485  1579 3209 3485  1908 2426 3486  669 2426 3486  454 1980 3487  454 1691 3487  1081 1433 3488  1433 2584 3488  998 2640 3489  121 2640 3489  998 2275 3490  338 2275 3490  838 3452 3491  1777 3452 3491  371 2187 3492  1252 2187 3492  1456 3493 4076  1327 3493 4076  115 1350 3601  1350 2154 3494  1108 1517 3784  1517 3495 3784  559 1934 3496  947 1934 3496  947 1934 3497  292 1934 3497  518 1906 3498  933 1906 3498  932 2048 3499  272 2048 3499  518 1905 3500  932 1905 3500  933 1906 3501  272 1906 3501  43 2810 3502  1217 2810 3502  268 1588 3503  798 1588 3503  1118 2355 3504  158 2355 3504  1257 2323 3505  627 2323 3505  602 2153 3506  2065 2153 3506  1156 3507 4020  415 3507 4020  464 1737 3508  910 1737 3508  2359 2978 3509  1023 2978 3509  106 1782 3510  1023 1782 3510  2510 3510 3511  1023 3510 3511  163 1167 4262  163 3512 4262  292 2425 3513  2425 3513 4125  1093 2339 3514  2339 3514 4050  1051 1364 3515  1364 3515 3516  207 3377 4109  207 3516 4109  1758 2741 3517  964 2741 3517  964 3518 3716  174 3518 3716  1373 3518 3519  421 1373 3519  137 3351 3520  137 1686 3520  455 1687 3521  939 1687 3521  454 1980 3522  939 1980 3522  810 1688 3523  810 1686 3523  1692 3521 3524  939 3521 3524  1501 3525 3642  1127 3525 3642  133 3526 4058  1311 2709 4282  72 1407 3527  825 1407 3527  929 3111 3528  3111 3528 4250  160 2116 3529  987 2116 3529  987 2639 3530  739 2639 3530  157 1525 3531  911 1525 3531  957 1933 3532  277 1933 3532  957 2168 3533  153 2168 3533  45 2653 3534  1636 2653 3534  531 1715 3535  937 1715 3535  992 1853 4117  937 1853 3536  1805 2740 3537  49 2740 3537  969 2285 3538  324 2285 3538  179 2298 3539  969 2298 3539  54 1584 3540  1458 1584 3540  2347 3045 3541  1025 2347 3541  2187 3542 3609  1072 2187 3542  977 3265 3543  1775 3265 3543  1239 2039 3544  147 2039 3544  2021 2272 3545  97 2021 3545  558 2334 3546  558 1561 3546  126 3478 3670  126 1358 3547  500 1857 3548  938 1857 3548  416 2867 4219  416 3549 4219  796 1662 3550  55 1662 3550  1037 1937 3551  537 1937 3551  458 1629 3552  749 1629 3552  1115 1763 3553  934 1763 3553  516 1469 3554  1115 1469 3554  1614 3217 3555  863 3217 3555  284 1735 3556  960 1735 3556  767 3557 3558  35 3558 3559  35 3305 3559  3557 3558 3559  960 3557 3559  962 2249 3560  636 2249 3560  551 2199 3561  965 2199 3561  965 2199 3562  327 2199 3562  2215 3001 3563  734 3001 3563  3096 3097 3564  316 3097 3564  1090 2625 3565  315 2625 3565  873 2568 3566  232 2568 3566  962 3560 3567  1717 3560 3567  831 3103 3568  1097 3103 3568  790 1595 3569  217 1595 3569  987 2116 3570  572 3570 3577  483 1280 3571  483 1638 3571  2041 2278 3572  971 2041 3572  1310 3448 3573  383 3448 3573  1806 3574 3754  1806 2875 3574  1902 2327 3575  39 1902 3575  519 2444 3576  519 2170 3576  2116 3570 3577  944 2116 3577  2131 3577 3578  944 3577 3578  1080 1925 3579  202 1454 3580  202 2104 3580  1148 3581 4186  1148 2248 3581  1437 3201 3582  82 3201 3582  1922 2614 3583  186 2614 3583  870 3182 3584  870 2290 3584  382 1818 3585  955 1818 3585  1634 3277 3586  952 3277 3586  995 1842 3587  168 1842 3587  625 2123 3588  995 2123 3588  433 3308 3589  1559 3308 3589  760 1627 3590  152 1627 3590  1447 3170 3591  698 3170 3591  420 3051 3593  420 3592 3593  2504 3253 3593  1014 3253 3593  1277 3587 3594  168 3587 3594  332 2670 3675  1448 2670 3675  516 1858 3596  956 1858 3596  956 1858 3597  166 1858 3597  811 3027 3598  2049 3027 3598  422 1782 3599  422 2521 3599  1701 3578 3600  944 3578 3600  1350 3494 3601  713 3494 3601  582 2168 3602  957 2168 3602  607 1516 3603  1209 1516 3603  563 1578 3604  1373 1578 3604  1524 3274 3605  883 3274 3605  61 2575 3606  1314 2575 3606  1229 3533 3607  153 3533 3607  51 1728 3608  1353 1728 3608  252 3251 3609  1252 3251 3609  1467 2890 3610  1011 1467 3610  882 1394 3611  882 2012 3611  368 1647 3612  1064 1647 3612  372 2055 3613  1067 2055 3613  373 2054 3614  1064 2054 3614  57 2343 3615  1436 2343 3615  1095 2391 3616  2391 3616 4223  14 2797 3617  1207 2797 3617  306 1711 3618  1711 1712 3618  567 2012 3619  567 2120 3619  1233 2962 4027  1233 3620 4027  1232 1678 3785  1678 3621 3785  857 1891 3622  857 1438 3622  582 2169 3623  963 2169 3623  844 1392 3624  56 1392 3624  3117 3625 4257  321 3625 4257  1466 3474 3626  111 1466 3626  1579 3230 3627  1497 1579 3627  1421 3092 3628  569 3092 3628  1814 2515 3629  954 1814 3629  72 1969 3630  968 1969 3630  968 1570 3631  324 1570 3631  966 2714 3632  375 2714 3632  709 2455 3633  1843 2455 3633  1223 2761 3634  744 2761 3634  1612 2117 3635  164 2117 3635  426 2968 3636  2968 3636 3720  485 2026 3637  1096 2026 3637  457 1238 3638  1141 1238 3638  604 1991 3639  1141 1991 3639  1141 1238 3640  523 1238 3640  1343 3379 3641  469 3379 3641  533 1957 3642  1127 1957 3642  1158 2146 3643  530 2146 3643  728 1625 3644  447 1625 3644  1195 3645 4275  614 3645 4275  989 1834 3646  134 1834 3646  989 1964 3647  1964 3647 4263  1535 3186 3648  215 3186 3648  79 2865 4197  811 1857 3649  1429 2965 3650  1429 3650 4074  513 1475 3651  1129 1475 3651  1307 2633 3652  344 2633 3652  1430 2284 3653  412 2284 3653  108 1699 3654  1699 3654 3656  1107 1813 3655  375 1813 3655  723 2115 3656  1107 2115 3656  982 1676 3657  526 1676 3657  466 1739 4054  4 4312 4313  1675 3657 3659  285 1675 3659  608 2437 3660  1117 2437 3660  994 2038 3661  290 2038 3661  114 1452 3662  114 2337 3662  1497 3349 3663  888 3349 3663  3190 3365 3664  1006 3365 3664  113 1694 3665  1006 1694 3665  223 3309 3666  1540 3309 3666  1661 3442 3667  796 3442 3667  2853 3039 3668  1225 3039 3668  34 1528 3669  959 1528 3669  126 3547 3670  1143 3547 3670  564 3179 3671  1143 3179 3671  538 1961 3672  1109 1961 3672  1109 1621 3673  146 1621 3673  453 1621 3674  1109 1621 3674  1091 2491 3676  332 2491 3676  800 3352 3677  1091 3352 3677  800 2956 3752  800 3677 3752  1709 3066 3678  241 3066 3678  466 1740 3679  983 1740 3679  975 2583 3680  325 2583 3680  61 2360 3681  975 2360 3681  715 1918 3682  244 1494 3870  1451 2336 3683  1166 2336 3683  1056 3684 3805  1554 3685 4157  1180 3685 4157  737 1846 4142  583 1846 3686  647 1425 3687  202 1425 3687  1040 2028 3909  973 2028 3688  1674 3456 3689  1033 3456 3689  867 3691 3804  66 3690 3810  985 3690 3691  163 2197 3692  163 2146 3692  1078 1953 3693  557 1953 3693  974 2417 3694  465 2417 3694  1530 3694 3695  71 1530 3695  419 3397 3696  419 1405 3696  1570 2795 3697  968 1570 3697  17 3700 4009  1713 4072 4290  392 1399 3699  17 2539 3700  1123 2539 3700  1123 1675 3701  526 1675 3701  3059 3702 3713  1005 3059 3702  1133 1679 3703  476 1679 3703  75 1294 3704  1133 1294 3704  1133 3705 4025  585 3705 4025  2036 3273 3706  993 3273 3706  54 1721 3707  1721 3707 3708  469 2149 3708  993 2149 3708  588 2651 3709  1097 2651 3709  789 2245 3710  2233 2245 3710  463 1640 4258  463 3711 4258  1702 3600 3712  944 3600 3712  317 2279 3713  1004 2279 3713  569 2032 3714  1002 2032 3714  1512 3690 3715  66 3690 3715  1230 2173 3716  174 2173 3716  1818 3021 3717  1063 1818 3717  497 1842 3718  995 1842 3718  48 2180 4215  48 2128 3719  846 2968 3720  2902 3720 3771  1000 1725 3721  80 3721 3950  445 1794 3722  445 1887 3722  441 1599 3723  441 1600 3723  50 2723 3724  1102 2723 3724  241 2658 3725  1398 2658 3725  430 3726 4105  430 2513 3726  233 1438 3727  857 1438 3727  641 2470 3728  1100 2470 3728  1100 2973 3729  342 2973 3729  1875 3199 3730  1875 2336 3730  951 3095 3731  1657 3095 3731  1276 2857 3732  49 2857 3732  1338 2961 3733  440 3733 4226  1412 2823 3734  829 1412 3734  77 2843 3735  1720 3699 3882  1214 2876 3736  25 2876 3736  1028 3737 4010  1261 2020 4061  355 1261 4061  775 1641 3739  1641 2469 3739  409 1502 3740  1017 1502 3740  1059 2022 3741  1059 1577 3741  1017 1900 3742  527 1900 3742  1455 2294 4208  74 1455 3743  487 1768 3744  999 1768 3744  2157 3744 3745  1001 2157 3745  1759 2995 3746  1049 2995 3746  1288 2835 3747  239 2835 3747  545 2455 3748  1119 3748 4031  1104 3346 3749  333 3346 3749  675 2083 3750  1574 1989 3751  490 1574 3751  1092 2399 3752  81 2399 3752  2895 3753 4199  286 3753 4199  1214 1666 3754  423 1666 3754  1214 3736 3755  1057 3736 3755  682 2629 3756  1011 2629 3756  1011 1938 3757  537 1938 3757  1311 2331 3758  539 2331 3758  544 2126 3759  1113 2126 3759  974 3695 3760  1710 3695 3760  450 2787 3761  1523 2787 3761  246 2652 3762  246 2062 3762  517 1744 3763  1744 3763 3764  165 2077 3764  997 2077 3764  997 2077 3765  560 2077 3765  1012 2580 3766  551 2580 3766  938 2475 3767  2081 2475 3767  434 2681 3768  1121 2681 3768  1727 3401 3769  1225 1727 3769  1225 1727 3770  189 1727 3770  846 3720 3771  846 2413 3771  474 1760 3772  1026 1760 3772  95 1983 3773  1026 1983 3773  1026 1595 3774  424 1595 3774  1795 3381 3775  1121 3381 3775  1693 2655 3776  681 2655 3776  319 2032 3777  1003 2032 3777  134 1834 3778  1003 1834 3778  1955 3742 3779  257 3779 4000  792 1422 3780  1103 1422 3780  2855 3780 3781  1103 3780 3781  397 1517 3782  1108 1517 3782  612 2189 3783  1108 2189 3783  2191 3783 3784  1108 3783 3784  197 1961 3785  1232 1961 3785  2171 3093 3786  1009 2171 3786  1654 3058 3787  288 1654 3787  555 2221 3788  555 2005 3788  979 2202 3789  513 2202 3789  1301 3383 3790  266 1301 3790  89 3791 3934  1303 3990 3991  1163 2422 3792  589 2422 3792  732 2156 3793  1163 2156 3793  1788 2845 3794  758 2845 3794  930 3416 3795  930 1630 3795  312 2246 3796  1316 2246 3796  1267 2390 3797  615 2390 3797  1019 2825 4180  1019 3798 4180  584 1869 3799  1089 1869 3799  256 3800 3801  1089 3800 3801  704 3802 3867  704 3801 3802  1089 3801 3802  332 1349 3803  1008 3803 4075  1344 3010 3804  298 3010 3804  1594 3684 3805  311 1594 3805  1166 2278 3806  261 2278 3806  499 1769 3807  1010 1769 3807  2197 2228 3808  1158 2197 3808  1462 3429 3809  1462 2611 3809  3690 3691 3810  867 3691 3810  574 2089 3811  1149 2089 3811  542 2010 3812  1035 2010 3812  1519 3146 3813  357 3146 3813  496 1836 3814  1016 1836 3814  1016 1836 3815  64 1836 3815  1632 2433 3816  652 2433 3816  1434 2545 3817  192 2545 3817  986 1979 3818  318 1979 3818  1293 2805 3819  1293 2297 3819  499 1770 3820  781 1770 3820  719 2107 3821  1210 2107 3821  439 3081 3822  1337 3081 3822  12 2044 3823  1216 2044 3823  1216 1673 3824  446 1673 3824  1042 1332 3825  526 1332 3825  380 3413 3826  380 2369 3826  2259 3184 3827  1086 2259 3827  1120 1602 3828  446 1602 3828  447 1968 3829  1120 1968 3829  201 1656 3830  1120 1656 3830  618 1772 3831  1772 3831 4120  1173 3343 4014  1173 3832 4014  1173 2377 3833  399 2377 3833  568 2049 3834  1126 2049 3834  1126 2049 3835  222 2049 3835  1328 2302 3837  668 2302 3836  2302 3836 3837  2 3836 3837  540 1994 3838  540 1993 3838  1110 2738 3839  51 2738 3839  1179 2493 3840  148 2493 3840  1102 1397 3841  360 1397 3841  205 2888 3842  205 2074 3842  1181 4235 4236  1181 2967 3843  1156 3242 3844  565 3242 3844  1421 3709 3845  1097 3709 3845  1222 3846 3847  37 3846 3993  396 1376 3847  396 1269 3847  1925 2851 3848  1080 1925 3848  303 2006 3849  1274 2006 3849  1784 3111 3850  929 3111 3850  1155 1620 3851  142 1620 3851  287 2358 3852  287 1901 3852  1220 2329 3853  540 2329 3853  595 2223 3854  1020 2223 3854  1343 3379 3855  143 1343 3855  595 2225 3856  1021 2225 3856  2224 3856 3857  1021 3856 3857  1022 2233 3858  622 2233 3858  425 2840 3860  780 2840 3859  2840 3859 3860  1022 3859 3860  339 1884 3861  1116 1884 3861  665 2498 3862  665 2499 3862  578 2858 3863  1284 2858 3863  1156 1333 4020  1058 3864 3986  1848 2952 3865  1032 2952 3865  1231 2450 3866  1348 2450 3866  1206 3300 3867  90 3300 3867  210 1444 3868  1132 1444 3868  520 1865 3869  520 1270 3869  1494 3682 3870  715 3682 3870  546 2031 3871  1087 2031 3871  59 1936 3872  1087 1936 3872  351 3873 4148  1219 3873 4148  532 1951 4028  323 1951 3874  1493 2746 3875  214 2746 3875  626 2263 3876  1009 2263 3876  1650 3877 3879  508 1650 3877  1105 2095 3878  427 2095 3878  1105 3142 3879  908 3142 3879  388 2630 3880  1252 2630 3880  1202 1224 4205  1224 3881 4205  1720 3735 3882  77 3735 3882  1823 3335 3883  28 3883 3938  1618 2076 3884  104 2076 3884  1419 1705 3885  87 3885 3952  1103 2719 3886  41 2719 3886  897 1919 3887  1417 1919 3887  484 1273 3888  484 1478 3888  1521 2307 3889  645 2307 3889  782 1440 3890  782 1385 3890  1453 3284 3891  727 3284 3891  254 1304 3892  254 1299 3892  2170 3314 3893  1043 2170 3893  1437 3859 3894  780 3859 3894  931 2324 3895  2324 3053 3895  1048 1773 3896  489 1773 3896  96 3750 3897  675 3750 3897  1672 3147 3898  1039 3147 3898  3121 3123 3899  702 3123 3899  3041 3300 3900  1085 3041 3900  2722 2924 3901  65 2722 3901  2624 2625 3902  667 2624 3902  301 2524 3903  692 2524 3903  2490 3024 3904  1081 2490 3904  1036 2329 3905  307 2329 3905  1045 2312 3906  6 2312 3906  1046 2246 3907  312 2246 3907  307 2229 3908  1030 2229 3908  2028 3688 3909  67 3688 3909  1059 2022 3910  257 2022 3910  2019 3883 3911  28 3883 3911  2016 3773 3912  1056 2016 3912  1035 2010 3913  310 2010 3913  2009 3812 3914  1035 3812 3914  643 2006 3915  303 2006 3915  2003 3693 3916  92 2003 3916  67 1993 3917  1036 1993 3917  314 1989 3918  840 1989 3918  1986 3011 3919  91 3011 3919  1049 1983 3920  95 1983 3920  587 1977 3921  98 1977 3921  186 1953 3922  1078 1953 3922  1938 3551 3923  235 1938 3923  94 1937 3924  1037 1937 3924  1025 1935 3925  68 1935 3925  302 1923 3926  1061 1923 3926  2876 2877 3927  815 2877 3927  297 1919 3928  897 1919 3928  1033 1908 3929  297 1908 3929  527 1899 4103  29 1899 3930  260 1874 3931  1069 1874 3931  264 1873 3932  1066 1873 3932  1872 3361 3933  260 3361 3933  1862 3791 3934  926 1862 3934  601 1852 3935  305 1852 3935  68 1843 3936  1034 1843 3936  38 1832 3937  1051 1832 3937  1823 3883 3938  1823 3938 3939  492 1822 3939  1047 3939 3940  1822 3939 3940  309 1822 3940  191 1816 3941  1031 1816 3941  1043 1807 3942  94 1807 3942  1048 1802 3943  308 1802 3943  65 1773 3944  1048 1773 3944  255 1765 3945  1045 1765 3945  1763 2735 3946  255 2735 3946  1756 3885 3947  87 3885 3947  1038 1959 3948  21 1959 3948  1750 3464 3949  22 1750 3949  1725 3721 3950  1054 1725 3950  856 1711 3951  306 1711 3951  1705 3885 3952  1084 1705 3952  1052 1690 3953  26 1690 3953  1676 3658 3954  4 3658 3954  1647 2753 3955  1075 1647 3955  1646 2752 3956  1074 1646 3956  1645 2752 3957  23 2752 3957  1644 2753 3958  85 2753 3958  91 1577 3959  1059 1577 3959  248 1554 3960  1050 1554 3960  1032 1551 3961  1551 3961 4041  1548 3864 3962  1058 3864 3962  1520 3557 3963  767 3557 3963  1072 1514 3964  16 1514 3964  1063 1506 3965  267 1506 3965  971 1471 3966  86 1471 3966  235 1467 3967  1071 1467 3967  1054 1630 3968  249 1630 3968  1055 1464 3969  270 1464 3969  859 1463 4231  1052 1463 3970  1460 2764 3971  299 1460 3971  1532 3251 3972  252 3251 3972  782 1440 3973  253 1440 3973  1871 3362 3974  264 3362 3974  1439 3001 3975  265 1439 3975  864 2143 3976  80 2143 3976  954 1387 3977  99 1387 3977  1385 3823 3978  782 1385 3978  1062 1375 3979  396 1375 3979  1061 2401 3980  38 2401 3980  1376 3846 3981  37 3846 3981  175 1375 3982  1062 1375 3982  1355 2863 3983  301 1355 3983  1341 3372 4074  807 1341 3984  692 1533 3985  93 1533 3985  1333 3864 3986  62 1333 3986  266 1332 3987  1042 1332 3987  1305 3800 3988  256 3800 3988  254 1304 3989  1304 3989 3990  370 1303 3990  1073 3990 3991  1303 3791 3991  89 3791 3991  1299 2959 3992  254 1299 3992  1222 3385 3993  949 3385 3993  39 1212 3994  876 1212 3994  2823 3579 3995  83 2823 3995  1205 2601 3996  84 2601 3996  1204 2600 3997  24 2600 3997  1034 2687 3998  314 2687 3998  1180 2243 3999  248 1554 4157  1955 3779 4000  1955 4000 4103  586 1965 4001  27 1965 4001  21 2708 4002  856 2708 4002  304 1974 4003  1077 1974 4003  97 2301 4004  927 2301 4004  1921 2344 4005  657 1921 4005  927 2411 4006  175 2411 4006  926 2707 4007  258 2707 4007  1878 3148 4008  30 1878 4008  1302 3698 4009  1076 3698 4009  3122 3737 4010  262 3122 4010  1666 3796 4011  1057 1666 4011  334 2466 4012  1170 2466 4012  1883 3199 4013  806 3199 4013  1538 4014 4015  1538 3343 4014  1537 2734 4276  1537 1538 4015  218 1664 4016  1664 1708 4016  1668 3388 4017  1667 1668 4017  325 1683 4018  976 1683 4018  1318 2526 4019  537 2526 4019  1548 3864 4020  415 1548 4020  1734 2254 4021  706 2254 4021  208 1695 4022  768 1695 4022  552 2051 4023  552 2142 4023  1188 2289 4024  531 2289 4024  1294 3113 4025  585 3113 4025  1299 2814 4026  388 2814 4026  1234 2962 4027  419 1405 4134  1951 3874 4028  973 3874 4028  1201 2610 4029  1201 1808 4029  1413 2975 4030  350 2975 4030  2455 3748 4031  709 2455 4031  585 2831 4032  1119 2831 4032  1652 2966 4033  176 2966 4033  1593 3323 4034  1099 3323 4034  1084 2446 4035  1084 2445 4035  1803 3118 4036  817 3118 4036  2641 4037 4166  998 1758 4037  1456 3257 4038  5 3257 4038  345 4039 4304  345 1599 4039  1312 3329 4040  1271 3329 4040  237 3231 4281  237 4041 4281  1377 2409 4042  978 2409 4042  361 4043 4302  1222 4043 4302  1282 2967 4044  461 2967 4044  383 2017 4045  1282 2017 4045  1689 3310 4046  1098 3310 4046  1476 2193 4047  797 2193 4047  2960 4047 4048  220 2960 4048  64 1836 4049  1094 1836 4049  1094 1505 4050  322 1505 4050  161 1958 4051  161 2047 4051  498 2453 4052  1229 2453 4052  689 2642 4053  2182 2642 4053  1739 3658 4054  982 3658 4054  616 2053 4055  616 1949 4055  1142 2526 4056  198 2526 4056  154 1386 4057  154 1502 4057  1185 2265 4058  133 2265 4058  1384 2848 4059  9 2848 4059  1184 2319 4060  1184 1513 4060  355 3738 4061  1088 3738 4061  177 2153 4062  1101 2153 4062  1101 2152 4063  342 2152 4063  1401 2128 4064  48 2128 4064  741 3344 4065  1487 3344 4065  1340 2957 4066  123 2957 4066  514 1882 4067  1882 4067 4217  1246 1566 4068  751 1566 4068  942 2040 4069  942 2357 4069  1736 2559 4070  1189 1736 4070  1819 3261 4071  901 1819 4071  1399 3699 4072  1095 3699 4072  1106 1842 4073  497 1842 4073  1341 3984 4074  313 3984 4074  1349 2454 4075  403 2454 4075  813 2963 4076  1327 2963 4076  1296 2918 4077  1122 2918 4077  335 1752 4078  1122 1752 4078  402 3224 4079  1292 3224 4079  1118 2321 4080  326 2321 4080  604 2355 4081  1118 2355 4081  853 3194 4082  1767 3194 4082  239 2118 4083  799 2118 4083  338 2174 4084  1230 2174 4084  760 1747 4085  507 1747 4085  785 1582 4086  406 1582 4086  1159 1444 4143  1159 1409 4087  2303 3548 4088  1213 2303 4088  810 1688 4089  456 1688 4089  915 1866 4090  651 1866 4090  2932 4091 4272  1114 2932 4091  933 1855 4251  1114 1855 4092  1242 3538 4093  324 3538 4093  1777 3477 4094  950 3477 4094  353 2167 4095  1179 2167 4095  1317 2595 4096  1317 1813 4096  171 1904 4097  171 1441 4097  277 1913 4297  515 1913 4098  1021 2225 4099  143 2225 4099  936 3487 4100  1691 3487 4100  791 2790 4101  791 2873 4101  118 2018 4102  118 2459 4102  1899 3930 4103  1041 3930 4103  437 3141 4104  1581 3141 4104  1436 3726 4105  1436 2343 4105  1209 2593 4106  183 2593 4106  230 2460 4107  1171 2460 4107  1183 1484 4108  564 1484 4108  1100 2470 4109  2470 3377 4109  711 1336 4110  711 2247 4110  2940 3399 4111  902 3399 4111  531 1381 4112  1128 1381 4112  190 2389 4113  1128 2389 4113  1177 2009 4114  42 2009 4114  1235 2983 4115  220 2983 4115  719 1942 4116  1367 1942 4116  1853 3536 4117  497 3536 4117  105 1556 4118  925 1556 4118  174 2282 4119  1800 2282 4119  1335 3035 4120  617 3035 4120  128 2070 4121  801 2070 4121  794 1981 4122  794 2759 4122  511 1704 4123  511 1419 4123  937 1715 4124  289 1715 4124  1652 4033 4125  946 4033 4125  290 3706 4126  2149 3706 4126  1812 4127 4128  330 1812 4127  1131 3333 4128  899 3333 4128  478 1544 4129  478 1779 4129  361 2497 4130  1221 2497 4130  451 1479 4131  1195 4131 4275  842 1685 4132  842 2531 4132  1533 3032 4133  486 3032 4133  419 4027 4134  1234 4027 4134  1010 1769 4135  269 1769 4135  284 1665 4136  961 1665 4136  60 1258 4137  1175 4138 4242  1258 2892 4242  600 2892 4242  1175 1932 4139  535 1932 4139  471 2029 4140  1162 2029 4140  1178 2167 4141  353 2167 4141  1846 3686 4142  1018 3686 4142  1159 4087 4143  406 4087 4143  129 1409 4144  1159 1409 4144  1159 2130 4145  636 2130 4145  1196 2292 4146  635 2292 4146  1289 3012 4147  1289 1742 4147  1245 2338 4164  1245 4148 4164  503 2571 4149  1124 2571 4149  1124 2571 4150  752 2571 4150  776 1771 4151  229 1700 4240  1257 3504 4152  158 3504 4152  1342 2056 4153  1342 1909 4153  923 1616 4154  352 1616 4154  471 2937 4155  1603 2937 4155  1551 2952 4156  565 2952 4156  248 3999 4157  1180 3999 4157  353 2597 4158  1180 2597 4158  735 2104 4159  981 2104 4159  423 1411 4160  1147 1411 4160  1147 2404 4161  294 2404 4161  438 1607 4162  799 1607 4162  215 3186 4163  1671 3186 4163  731 2436 4164  1219 2436 4164  1944 2689 4165  1219 1944 4165  739 2640 4166  998 2640 4166  349 2291 4167  1198 2291 4167  906 2062 4168  1125 2062 4168  887 2868 4169  1125 2868 4169  889 3339 4170  1256 3339 4170  1185 1365 4171  399 1365 4171  127 1516 4256  607 1516 4256  127 4173 4256  1227 4173 4256  937 1853 4174  47 1853 4174  480 4175 4202  520 2380 4176  1139 2380 4176  78 1891 4177  1139 4177 4178  1891 4177 4178  528 1891 4178  1723 3857 4179  1021 3857 4179  2857 4149 4180  1276 2857 4180  334 2373 4181  1169 2373 4181  451 1811 4182  1169 1811 4182  159 2080 4183  1127 2080 4183  571 2079 4184  1127 2079 4184  1148 2089 4185  574 2089 4185  377 2089 4186  1148 2089 4186  850 1640 4187  224 1640 4187  560 2164 4188  1135 2164 4188  1135 2164 4189  331 2164 4189  414 1568 4190  414 1567 4190  2011 3145 4191  183 3145 4191  431 1592 4192  431 1591 4192  707 1565 4193  896 1565 4193  88 2939 4194  88 1895 4194  2033 2813 4195  917 2813 4195  1302 1677 4196  367 1677 4196  938 2865 4197  938 1857 4197  1879 4048 4198  220 4048 4198  1130 2415 4199  286 2415 4199  691 2542 4200  1240 2542 4200  542 2008 4201  1176 4201 4304  1186 4175 4202  1186 1798 4202  722 2534 4203  722 1372 4203  492 1395 4204  1395 1515 4204  447 3099 4205  1202 3099 4205  1719 3387 4206  462 3387 4206  566 1224 4207  1202 1224 4207  1455 3743 4208  727 3743 4208  1145 2388 4209  656 2388 4209  2555 3407 4210  1136 2555 4210  155 2218 4211  1136 2218 4211  2030 4210 4212  1136 4210 4212  129 2248 4213  1148 2248 4213  671 2316 4214  671 1388 4214  48 3719 4215  1348 3719 4215  1883 4067 4216  1134 4067 4216  331 2164 4217  1134 2164 4217  2077 4216 4218  1134 4216 4218  1137 2109 4219  898 2109 4219  1137 3153 4220  924 3153 4220  442 2397 4221  442 2274 4221  109 2001 4222  842 2001 4222  1218 1962 4223  488 1962 4223  418 2424 4224  1218 2424 4224  1636 3180 4225  393 3180 4225  1338 3733 4226  1338 1343 4226  465 3311 4228  465 4227 4228  1345 1536 4228  1536 3311 4228  1172 2495 4229  674 2495 4229  122 2878 4230  1608 2878 4230  1463 3970 4231  311 3970 4231  1113 2751 4232  481 2751 4232  631 2099 4233  1157 2099 4233  240 1870 4234  1157 1870 4234  547 2023 4235  1181 2023 4235  1181 3843 4236  63 3843 4236  1146 1927 4237  536 1927 4237  1928 4237 4238  272 1928 4238  568 2047 4239  1146 2047 4239  1700 4151 4240  776 4151 4240  402 2745 4241  1424 2745 4241  1175 4137 4242  1258 4137 4242  120 3320 4243  1243 3320 4243  1144 2934 4244  128 2934 4244  638 2371 4245  638 2523 4245  1186 2273 4246  581 2273 4246  1186 1971 4247  227 1971 4247  1235 2106 4248  346 1235 4248  837 2802 4249  1632 2802 4249  46 3095 4250  951 3095 4250  1855 4092 4251  515 4092 4251  1623 2887 4252  724 2887 4252  1602 3298 4253  156 1602 4253  1336 2772 4254  366 2772 4254  1169 2373 4255  2372 2373 4255  607 4172 4256  1227 4172 4256  1279 3112 4257  321 3112 4257  1210 2107 4258  1640 2107 4258  762 2482 4259  209 2482 4259  1904 3459 4260  967 3459 4260  614 2052 4261  1479 4131 4275  1007 1898 4262  1167 1898 4262  831 1827 4263  1827 4263 4273  1442 3413 4264  219 1442 4264  571 2080 4265  1152 2080 4265  1932 4266 4267  276 1932 4266  1152 1931 4267  535 1931 4267  1417 2425 4268  292 2425 4268  751 1566 4269  678 1566 4269  1161 2078 4270  560 2078 4270  572 2131 4271  1161 2131 4271  1361 2938 4272  1361 1716 4272  1353 1728 4273  468 1728 4273  657 2320 4274  657 1921 4274  1479 4261 4275  614 4261 4275  182 3424 4276  1383 3424 4276  1199 2242 4277  164 2242 4277  553 2771 4278  1199 2771 4278  1199 1562 4279  509 1562 4279  242 1583 4280  909 1583 4280  1208 2527 4281  2527 3231 4281  1311 3526 4282  133 3526 4282  2299 3115 4283  1215 2299 4283  27 1965 4284  1215 1965 4284  437 2376 4285  1215 2376 4285  169 2635 4286  1153 2635 4286  1236 3302 4287  490 3302 4287  1573 4287 4288  184 1573 4288  544 2313 4289  1236 2313 4289  236 3236 4290  1399 3236 4290  1415 3267 4291  398 3267 4291  1200 2505 4292  495 2505 4292  1825 4289 4293  1200 1825 4293  1200 2512 4294  225 2512 4294  131 2363 4295  131 1956 4295  963 2046 4296  58 2046 4296  1913 4098 4297  963 4098 4297  1265 1335 4299  1335 4298 4299  185 1837 4299  1265 1837 4299  1154 2288 4300  333 2288 4300  2031 4300 4301  546 2031 4301  1468 3385 4302  1222 3385 4302  709 1952 4303  709 1935 4303  2008 4201 4304  345 2008 4304  555 1298 4305  1298 2036 4305  1404 2483 4306  195 2483 4306  184 2831 4307  1826 2831 4307  2111 3021 4311  10 1739 4313  10 4309 4313  7 3021 4311  7 8 4310  9 2848 4311  2111 2848 4311  4 11 4312  4309 4312 4313  4 3658 4313  1739 3658 4313  </DataArray>
<DataArray  type="UInt32"  Name="offsets"  format="ascii">3 6 9 12 15 18 21 24 27 30 33 36 39 42 45 48 51 54 57 60 63 66 69 72 75 78 81 84 87 90 93 96 99 102 105 108 111 114 117 120 123 126 129 132 135 138 141 144 147 150 153 156 159 162 165 168 171 174 177 180 183 186 189 192 195 198 201 204 207 210 213 216 219 222 225 228 231 234 237 240 243 246 249 252 255 258 261 264 267 270 273 276 279 282 285 288 291 294 297 300 303 306 309 312 315 318 321 324 327 330 333 336 339 342 345 348 351 354 357 360 363 366 369 372 375 378 381 384 387 390 393 396 399 402 405 408 411 414 417 420 423 426 429 432 435 438 441 444 447 450 453 456 459 462 465 468 471 474 477 480 483 486 489 492 495 498 501 504 507 510 513 516 519 522 525 528 531 534 537 540 543 546 549 552 555 558 561 564 567 570 573 576 579 582 585 588 591 594 597 600 603 606 609 612 615 618 621 624 627 630 633 636 639 642 645 648 651 654 657 660 663 666 669 672 675 678 681 684 687 690 693 696 699 702 705 708 711 714 717 720 723 726 729 732 735 738 741 744 747 750 753 756 759 762 765 768 771 774 777 780 783 786 789 792 795 798 801 804 807 810 813 816 819 822 825 828 831 834 837 840 843 846 849 852 855 858 861 864 867 870 873 876 879 882 885 888 891 894 897 900 903 906 909 912 915 918 921 924 927 930 933 936 939 942 945 948 951 954 957 960 963 966 969 972 975 978 981 984 987 990 993 996 999 1002 1005 1008 1011 1014 1017 1020 1023 1026 1029 1032 1035 1038 1041 1044 1047 1050 1053 1056 1059 1062 1065 1068 1071 1074 1077 1080 1083 1086 1089 1092 1095 1098 1101 1104 1107 1110 1113 1116 1119 1122 1125 1128 1131 1134 1137 1140 1143 1146 1149 1152 1155 1158 1161 1164 1167 1170 1173 1176 1179 1182 1185 1188 1191 1194 1197 1200 1203 1206 1209 1212 1215 1218 1221 1224 1227 1230 1233 1236 1239 1242 1245 1248 1251 1254 1257 1260 1263 1266 1269 1272 1275 1278 1281 1284 1287 1290 1293 1296 1299 1302 1305 1308 1311 1314 1317 1320 1323 1326 1329 1332 1335 1338 1341 1344 1347 1350 1353 1356 1359 1362 1365 1368 1371 1374 1377 1380 1383 1386 1389 1392 1395 1398 1401 1404 1407 1410 1413 1416 1419 1422 1425 1428 1431 1434 1437 1440 1443 1446 1449 1452 1455 1458 1461 1464 1467 1470 1473 1476 1479 1482 1485 1488 1491 1494 1497 1500 1503 1506 1509 1512 1515 1518 1521 1524 1527 1530 1533 1536 1539 1542 1545 1548 1551 1554 1557 1560 1563 1566 1569 1572 1575 1578 1581 1584 1587 1590 1593 1596 1599 1602 1605 1608 1611 1614 1617 1620 1623 1626 1629 1632 1635 1638 1641 1644 1647 1650 1653 1656 1659 1662 1665 1668 1671 1674 1677 1680 1683 1686 1689 1692 1695 1698 1701 1704 1707 1710 1713 1716 1719 1722 1725 1728 1731 1734 1737 1740 1743 1746 1749 1752 1755 1758 1761 1764 1767 1770 1773 1776 1779 1782 1785 1788 1791 1794 1797 1800 1803 1806 1809 1812 1815 1818 1821 1824 1827 1830 1833 1836 1839 1842 1845 1848 1851 1854 1857 1860 1863 1866 1869 1872 1875 1878 1881 1884 1887 1890 1893 1896 1899 1902 1905 1908 1911 1914 1917 1920 1923 1926 1929 1932 1935 1938 1941 1944 1947 1950 1953 1956 1959 1962 1965 1968 1971 1974 1977 1980 1983 1986 1989 1992 1995 1998 2001 2004 2007 2010 2013 2016 2019 2022 2025 2028 2031 2034 2037 2040 2043 2046 2049 2052 2055 2058 2061 2064 2067 2070 2073 2076 2079 2082 2085 2088 2091 2094 2097 2100 2103 2106 2109 2112 2115 2118 2121 2124 2127 2130 2133 2136 2139 2142 2145 2148 2151 2154 2157 2160 2163 2166 2169 2172 2175 2178 2181 2184 2187 2190 2193 2196 2199 2202 2205 2208 2211 2214 2217 2220 2223 2226 2229 2232 2235 2238 2241 2244 2247 2250 2253 2256 2259 2262 2265 2268 2271 2274 2277 2280 2283 2286 2289 2292 2295 2298 2301 2304 2307 2310 2313 2316 2319 2322 2325 2328 2331 2334 2337 2340 2343 2346 2349 2352 2355 2358 2361 2364 2367 2370 2373 2376 2379 2382 2385 2388 2391 2394 2397 2400 2403 2406 2409 2412 2415 2418 2421 2424 2427 2430 2433 2436 2439 2442 2445 2448 2451 2454 2457 2460 2463 2466 2469 2472 2475 2478 2481 2484 2487 2490 2493 2496 2499 2502 2505 2508 2511 2514 2517 2520 2523 2526 2529 2532 2535 2538 2541 2544 2547 2550 2553 2556 2559 2562 2565 2568 2571 2574 2577 2580 2583 2586 2589 2592 2595 2598 2601 2604 2607 2610 2613 2616 2619 2622 2625 2628 2631 2634 2637 2640 2643 2646 2649 2652 2655 2658 2661 2664 2667 2670 2673 2676 2679 2682 2685 2688 2691 2694 2697 2700 2703 2706 2709 2712 2715 2718 2721 2724 2727 2730 2733 2736 2739 2742 2745 2748 2751 2754 2757 2760 2763 2766 2769 2772 2775 2778 2781 2784 2787 2790 2793 2796 2799 2802 2805 2808 2811 2814 2817 2820 2823 2826 2829 2832 2835 2838 2841 2844 2847 2850 2853 2856 2859 2862 2865 2868 2871 2874 2877 2880 2883 2886 2889 2892 2895 2898 2901 2904 2907 2910 2913 2916 2919 2922 2925 2928 2931 2934 2937 2940 2943 2946 2949 2952 2955 2958 2961 2964 2967 2970 2973 2976 2979 2982 2985 2988 2991 2994 2997 3000 3003 3006 3009 3012 3015 3018 3021 3024 3027 3030 3033 3036 3039 3042 3045 3048 3051 3054 3057 3060 3063 3066 3069 3072 3075 3078 3081 3084 3087 3090 3093 3096 3099 3102 3105 3108 3111 3114 3117 3120 3123 3126 3129 3132 3135 3138 3141 3144 3147 3150 3153 3156 3159 3162 3165 3168 3171 3174 3177 3180 3183 3186 3189 3192 3195 3198 3201 3204 3207 3210 3213 3216 3219 3222 3225 3228 3231 3234 3237 3240 3243 3246 3249 3252 3255 3258 3261 3264 3267 3270 3273 3276 3279 3282 3285 3288 3291 3294 3297 3300 3303 3306 3309 3312 3315 3318 3321 3324 3327 3330 3333 3336 3339 3342 3345 3348 3351 3354 3357 3360 3363 3366 3369 3372 3375 3378 3381 3384 3387 3390 3393 3396 3399 3402 3405 3408 3411 3414 3417 3420 3423 3426 3429 3432 3435 3438 3441 3444 3447 3450 3453 3456 3459 3462 3465 3468 3471 3474 3477 3480 3483 3486 3489 3492 3495 3498 3501 3504 3507 3510 3513 3516 3519 3522 3525 3528 3531 3534 3537 3540 3543 3546 3549 3552 3555 3558 3561 3564 3567 3570 3573 3576 3579 3582 3585 3588 3591 3594 3597 3600 3603 3606 3609 3612 3615 3618 3621 3624 3627 3630 3633 3636 3639 3642 3645 3648 3651 3654 3657 3660 3663 3666 3669 3672 3675 3678 3681 3684 3687 3690 3693 3696 3699 3702 3705 3708 3711 3714 3717 3720 3723 3726 3729 3732 3735 3738 3741 3744 3747 3750 3753 3756 3759 3762 3765 3768 3771 3774 3777 3780 3783 3786 3789 3792 3795 3798 3801 3804 3807 3810 3813 3816 3819 3822 3825 3828 3831 3834 3837 3840 3843 3846 3849 3852 3855 3858 3861 3864 3867 3870 3873 3876 3879 3882 3885 3888 3891 3894 3897 3900 3903 3906 3909 3912 3915 3918 3921 3924 3927 3930 3933 3936 3939 3942 3945 3948 3951 3954 3957 3960 3963 3966 3969 3972 3975 3978 3981 3984 3987 3990 3993 3996 3999 4002 4005 4008 4011 4014 4017 4020 4023 4026 4029 4032 4035 4038 4041 4044 4047 4050 4053 4056 4059 4062 4065 4068 4071 4074 4077 4080 4083 4086 4089 4092 4095 4098 4101 4104 4107 4110 4113 4116 4119 4122 4125 4128 4131 4134 4137 4140 4143 4146 4149 4152 4155 4158 4161 4164 4167 4170 4173 4176 4179 4182 4185 4188 4191 4194 4197 4200 4203 4206 4209 4212 4215 4218 4221 4224 4227 4230 4233 4236 4239 4242 4245 4248 4251 4254 4257 4260 4263 4266 4269 4272 4275 4278 4281 4284 4287 4290 4293 4296 4299 4302 4305 4308 4311 4314 4317 4320 4323 4326 4329 4332 4335 4338 4341 4344 4347 4350 4353 4356 4359 4362 4365 4368 4371 4374 4377 4380 4383 4386 4389 4392 4395 4398 4401 4404 4407 4410 4413 4416 4419 4422 4425 4428 4431 4434 4437 4440 4443 4446 4449 4452 4455 4458 4461 4464 4467 4470 4473 4476 4479 4482 4485 4488 4491 4494 4497 4500 4503 4506 4509 4512 4515 4518 4521 4524 4527 4530 4533 4536 4539 4542 4545 4548 4551 4554 4557 4560 4563 4566 4569 4572 4575 4578 4581 4584 4587 4590 4593 4596 4599 4602 4605 4608 4611 4614 4617 4620 4623 4626 4629 4632 4635 4638 4641 4644 4647 4650 4653 4656 4659 4662 4665 4668 4671 4674 4677 4680 4683 4686 4689 4692 4695 4698 4701 4704 4707 4710 4713 4716 4719 4722 4725 4728 4731 4734 4737 4740 4743 4746 4749 4752 4755 4758 4761 4764 4767 4770 4773 4776 4779 4782 4785 4788 4791 4794 4797 4800 4803 4806 4809 4812 4815 4818 4821 4824 4827 4830 4833 4836 4839 4842 4845 4848 4851 4854 4857 4860 4863 4866 4869 4872 4875 4878 4881 4884 4887 4890 4893 4896 4899 4902 4905 4908 4911 4914 4917 4920 4923 4926 4929 4932 4935 4938 4941 4944 4947 4950 4953 4956 4959 4962 4965 4968 4971 4974 4977 4980 4983 4986 4989 4992 4995 4998 5001 5004 5007 5010 5013 5016 5019 5022 5025 5028 5031 5034 5037 5040 5043 5046 5049 5052 5055 5058 5061 5064 5067 5070 5073 5076 5079 5082 5085 5088 5091 5094 5097 5100 5103 5106 5109 5112 5115 5118 5121 5124 5127 5130 5133 5136 5139 5142 5145 5148 5151 5154 5157 5160 5163 5166 5169 5172 5175 5178 5181 5184 5187 5190 5193 5196 5199 5202 5205 5208 5211 5214 5217 5220 5223 5226 5229 5232 5235 5238 5241 5244 5247 5250 5253 5256 5259 5262 5265 5268 5271 5274 5277 5280 5283 5286 5289 5292 5295 5298 5301 5304 5307 5310 5313 5316 5319 5322 5325 5328 5331 5334 5337 5340 5343 5346 5349 5352 5355 5358 5361 5364 5367 5370 5373 5376 5379 5382 5385 5388 5391 5394 5397 5400 5403 5406 5409 5412 5415 5418 5421 5424 5427 5430 5433 5436 5439 5442 5445 5448 5451 5454 5457 5460 5463 5466 5469 5472 5475 5478 5481 5484 5487 5490 5493 5496 5499 5502 5505 5508 5511 5514 5517 5520 5523 5526 5529 5532 5535 5538 5541 5544 5547 5550 5553 5556 5559 5562 5565 5568 5571 5574 5577 5580 5583 5586 5589 5592 5595 5598 5601 5604 5607 5610 5613 5616 5619 5622 5625 5628 5631 5634 5637 5640 5643 5646 5649 5652 5655 5658 5661 5664 5667 5670 5673 5676 5679 5682 5685 5688 5691 5694 5697 5700 5703 5706 5709 5712 5715 5718 5721 5724 5727 5730 5733 5736 5739 5742 5745 5748 5751 5754 5757 5760 5763 5766 5769 5772 5775 5778 5781 5784 5787 5790 5793 5796 5799 5802 5805 5808 5811 5814 5817 5820 5823 5826 5829 5832 5835 5838 5841 5844 5847 5850 5853 5856 5859 5862 5865 5868 5871 5874 5877 5880 5883 5886 5889 5892 5895 5898 5901 5904 5907 5910 5913 5916 5919 5922 5925 5928 5931 5934 5937 5940 5943 5946 5949 5952 5955 5958 5961 5964 5967 5970 5973 5976 5979 5982 5985 5988 5991 5994 5997 6000 6003 6006 6009 6012 6015 6018 6021 6024 6027 6030 6033 6036 6039 6042 6045 6048 6051 6054 6057 6060 6063 6066 6069 6072 6075 6078 6081 6084 6087 6090 6093 6096 6099 6102 6105 6108 6111 6114 6117 6120 6123 6126 6129 6132 6135 6138 6141 6144 6147 6150 6153 6156 6159 6162 6165 6168 6171 6174 6177 6180 6183 6186 6189 6192 6195 6198 6201 6204 6207 6210 6213 6216 6219 6222 6225 6228 6231 6234 6237 6240 6243 6246 6249 6252 6255 6258 6261 6264 6267 6270 6273 6276 6279 6282 6285 6288 6291 6294 6297 6300 6303 6306 6309 6312 6315 6318 6321 6324 6327 6330 6333 6336 6339 6342 6345 6348 6351 6354 6357 6360 6363 6366 6369 6372 6375 6378 6381 6384 6387 6390 6393 6396 6399 6402 6405 6408 6411 6414 6417 6420 6423 6426 6429 6432 6435 6438 6441 6444 6447 6450 6453 6456 6459 6462 6465 6468 6471 6474 6477 6480 6483 6486 6489 6492 6495 6498 6501 6504 6507 6510 6513 6516 6519 6522 6525 6528 6531 6534 6537 6540 6543 6546 6549 6552 6555 6558 6561 6564 6567 6570 6573 6576 6579 6582 6585 6588 6591 6594 6597 6600 6603 6606 6609 6612 6615 6618 6621 6624 6627 6630 6633 6636 6639 6642 6645 6648 6651 6654 6657 6660 6663 6666 6669 6672 6675 6678 6681 6684 6687 6690 6693 6696 6699 6702 6705 6708 6711 6714 6717 6720 6723 6726 6729 6732 6735 6738 6741 6744 6747 6750 6753 6756 6759 6762 6765 6768 6771 6774 6777 6780 6783 6786 6789 6792 6795 6798 6801 6804 6807 6810 6813 6816 6819 6822 6825 6828 6831 6834 6837 6840 6843 6846 6849 6852 6855 6858 6861 6864 6867 6870 6873 6876 6879 6882 6885 6888 6891 6894 6897 6900 6903 6906 6909 6912 6915 6918 6921 6924 6927 6930 6933 6936 6939 6942 6945 6948 6951 6954 6957 6960 6963 6966 6969 6972 6975 6978 6981 6984 6987 6990 6993 6996 6999 7002 7005 7008 7011 7014 7017 7020 7023 7026 7029 7032 7035 7038 7041 7044 7047 7050 7053 7056 7059 7062 7065 7068 7071 7074 7077 7080 7083 7086 7089 7092 7095 7098 7101 7104 7107 7110 7113 7116 7119 7122 7125 7128 7131 7134 7137 7140 7143 7146 7149 7152 7155 7158 7161 7164 7167 7170 7173 7176 7179 7182 7185 7188 7191 7194 7197 7200 7203 7206 7209 7212 7215 7218 7221 7224 7227 7230 7233 7236 7239 7242 7245 7248 7251 7254 7257 7260 7263 7266 7269 7272 7275 7278 7281 7284 7287 7290 7293 7296 7299 7302 7305 7308 7311 7314 7317 7320 7323 7326 7329 7332 7335 7338 7341 7344 7347 7350 7353 7356 7359 7362 7365 7368 7371 7374 7377 7380 7383 7386 7389 7392 7395 7398 7401 7404 7407 7410 7413 7416 7419 7422 7425 7428 7431 7434 7437 7440 7443 7446 7449 7452 7455 7458 7461 7464 7467 7470 7473 7476 7479 7482 7485 7488 7491 7494 7497 7500 7503 7506 7509 7512 7515 7518 7521 7524 7527 7530 7533 7536 7539 7542 7545 7548 7551 7554 7557 7560 7563 7566 7569 7572 7575 7578 7581 7584 7587 7590 7593 7596 7599 7602 7605 7608 7611 7614 7617 7620 7623 7626 7629 7632 7635 7638 7641 7644 7647 7650 7653 7656 7659 7662 7665 7668 7671 7674 7677 7680 7683 7686 7689 7692 7695 7698 7701 7704 7707 7710 7713 7716 7719 7722 7725 7728 7731 7734 7737 7740 7743 7746 7749 7752 7755 7758 7761 7764 7767 7770 7773 7776 7779 7782 7785 7788 7791 7794 7797 7800 7803 7806 7809 7812 7815 7818 7821 7824 7827 7830 7833 7836 7839 7842 7845 7848 7851 7854 7857 7860 7863 7866 7869 7872 7875 7878 7881 7884 7887 7890 7893 7896 7899 7902 7905 7908 7911 7914 7917 7920 7923 7926 7929 7932 7935 7938 7941 7944 7947 7950 7953 7956 7959 7962 7965 7968 7971 7974 7977 7980 7983 7986 7989 7992 7995 7998 8001 8004 8007 8010 8013 8016 8019 8022 8025 8028 8031 8034 8037 8040 8043 8046 8049 8052 8055 8058 8061 8064 8067 8070 8073 8076 8079 8082 8085 8088 8091 8094 8097 8100 8103 8106 8109 8112 8115 8118 8121 8124 8127 8130 8133 8136 8139 8142 8145 8148 8151 8154 8157 8160 8163 8166 8169 8172 8175 8178 8181 8184 8187 8190 8193 8196 8199 8202 8205 8208 8211 8214 8217 8220 8223 8226 8229 8232 8235 8238 8241 8244 8247 8250 8253 8256 8259 8262 8265 8268 8271 8274 8277 8280 8283 8286 8289 8292 8295 8298 8301 8304 8307 8310 8313 8316 8319 8322 8325 8328 8331 8334 8337 8340 8343 8346 8349 8352 8355 8358 8361 8364 8367 8370 8373 8376 8379 8382 8385 8388 8391 8394 8397 8400 8403 8406 8409 8412 8415 8418 8421 8424 8427 8430 8433 8436 8439 8442 8445 8448 8451 8454 8457 8460 8463 8466 8469 8472 8475 8478 8481 8484 8487 8490 8493 8496 8499 8502 8505 8508 8511 8514 8517 8520 8523 8526 8529 8532 8535 8538 8541 8544 8547 8550 8553 8556 8559 8562 8565 8568 8571 8574 8577 8580 8583 8586 8589 8592 8595 8598 8601 8604 8607 8610 8613 8616 8619 8622 8625 8628 8631 8634 8637 8640 8643 8646 8649 8652 8655 8658 8661 8664 8667 8670 8673 8676 8679 8682 8685 8688 8691 8694 8697 8700 8703 8706 8709 8712 8715 8718 8721 8724 8727 8730 8733 8736 8739 8742 8745 8748 8751 8754 8757 8760 8763 8766 8769 8772 8775 8778 8781 8784 8787 8790 8793 8796 8799 8802 8805 8808 8811 8814 8817 8820 8823 8826 8829 8832 8835 8838 8841 8844 8847 8850 8853 8856 8859 8862 8865 8868 8871 8874 8877 8880 8883 8886 8889 8892 8895 8898 8901 8904 8907 8910 8913 8916 8919 8922 8925 8928 8931 8934 8937 8940 8943 8946 8949 8952 8955 8958 8961 8964 8967 8970 8973 8976 8979 8982 8985 8988 8991 8994 8997 9000 9003 9006 9009 9012 9015 9018 9021 9024 9027 9030 9033 9036 9039 9042 9045 9048 9051 9054 9057 9060 9063 9066 9069 9072 9075 9078 9081 9084 9087 9090 9093 9096 9099 9102 9105 9108 9111 9114 9117 9120 9123 9126 9129 9132 9135 9138 9141 9144 9147 9150 9153 9156 9159 9162 9165 9168 9171 9174 9177 9180 9183 9186 9189 9192 9195 9198 9201 9204 9207 9210 9213 9216 9219 9222 9225 9228 9231 9234 9237 9240 9243 9246 9249 9252 9255 9258 9261 9264 9267 9270 9273 9276 9279 9282 9285 9288 9291 9294 9297 9300 9303 9306 9309 9312 9315 9318 9321 9324 9327 9330 9333 9336 9339 9342 9345 9348 9351 9354 9357 9360 9363 9366 9369 9372 9375 9378 9381 9384 9387 9390 9393 9396 9399 9402 9405 9408 9411 9414 9417 9420 9423 9426 9429 9432 9435 9438 9441 9444 9447 9450 9453 9456 9459 9462 9465 9468 9471 9474 9477 9480 9483 9486 9489 9492 9495 9498 9501 9504 9507 9510 9513 9516 9519 9522 9525 9528 9531 9534 9537 9540 9543 9546 9549 9552 9555 9558 9561 9564 9567 9570 9573 9576 9579 9582 9585 9588 9591 9594 9597 9600 9603 9606 9609 9612 9615 9618 9621 9624 9627 9630 9633 9636 9639 9642 9645 9648 9651 9654 9657 9660 9663 9666 9669 9672 9675 9678 9681 9684 9687 9690 9693 9696 9699 9702 9705 9708 9711 9714 9717 9720 9723 9726 9729 9732 9735 9738 9741 9744 9747 9750 9753 9756 9759 9762 9765 9768 9771 9774 9777 9780 9783 9786 9789 9792 9795 9798 9801 9804 9807 9810 9813 9816 9819 9822 9825 9828 9831 9834 9837 9840 9843 9846 9849 9852 9855 9858 9861 9864 9867 9870 9873 9876 9879 9882 9885 9888 9891 9894 9897 9900 9903 9906 9909 9912 9915 9918 9921 9924 9927 9930 9933 9936 9939 9942 9945 9948 9951 9954 9957 9960 9963 9966 9969 9972 9975 9978 9981 9984 9987 9990 9993 9996 9999 10002 10005 10008 10011 10014 10017 10020 10023 10026 10029 10032 10035 10038 10041 10044 10047 10050 10053 10056 10059 10062 10065 10068 10071 10074 10077 10080 10083 10086 10089 10092 10095 10098 10101 10104 10107 10110 10113 10116 10119 10122 10125 10128 10131 10134 10137 10140 10143 10146 10149 10152 10155 10158 10161 10164 10167 10170 10173 10176 10179 10182 10185 10188 10191 10194 10197 10200 10203 10206 10209 10212 10215 10218 10221 10224 10227 10230 10233 10236 10239 10242 10245 10248 10251 10254 10257 10260 10263 10266 10269 10272 10275 10278 10281 10284 10287 10290 10293 10296 10299 10302 10305 10308 10311 10314 10317 10320 10323 10326 10329 10332 10335 10338 10341 10344 10347 10350 10353 10356 10359 10362 10365 10368 10371 10374 10377 10380 10383 10386 10389 10392 10395 10398 10401 10404 10407 10410 10413 10416 10419 10422 10425 10428 10431 10434 10437 10440 10443 10446 10449 10452 10455 10458 10461 10464 10467 10470 10473 10476 10479 10482 10485 10488 10491 10494 10497 10500 10503 10506 10509 10512 10515 10518 10521 10524 10527 10530 10533 10536 10539 10542 10545 10548 10551 10554 10557 10560 10563 10566 10569 10572 10575 10578 10581 10584 10587 10590 10593 10596 10599 10602 10605 10608 10611 10614 10617 10620 10623 10626 10629 10632 10635 10638 10641 10644 10647 10650 10653 10656 10659 10662 10665 10668 10671 10674 10677 10680 10683 10686 10689 10692 10695 10698 10701 10704 10707 10710 10713 10716 10719 10722 10725 10728 10731 10734 10737 10740 10743 10746 10749 10752 10755 10758 10761 10764 10767 10770 10773 10776 10779 10782 10785 10788 10791 10794 10797 10800 10803 10806 10809 10812 10815 10818 10821 10824 10827 10830 10833 10836 10839 10842 10845 10848 10851 10854 10857 10860 10863 10866 10869 10872 10875 10878 10881 10884 10887 10890 10893 10896 10899 10902 10905 10908 10911 10914 10917 10920 10923 10926 10929 10932 10935 10938 10941 10944 10947 10950 10953 10956 10959 10962 10965 10968 10971 10974 10977 10980 10983 10986 10989 10992 10995 10998 11001 11004 11007 11010 11013 11016 11019 11022 11025 11028 11031 11034 11037 11040 11043 11046 11049 11052 11055 11058 11061 11064 11067 11070 11073 11076 11079 11082 11085 11088 11091 11094 11097 11100 11103 11106 11109 11112 11115 11118 11121 11124 11127 11130 11133 11136 11139 11142 11145 11148 11151 11154 11157 11160 11163 11166 11169 11172 11175 11178 11181 11184 11187 11190 11193 11196 11199 11202 11205 11208 11211 11214 11217 11220 11223 11226 11229 11232 11235 11238 11241 11244 11247 11250 11253 11256 11259 11262 11265 11268 11271 11274 11277 11280 11283 11286 11289 11292 11295 11298 11301 11304 11307 11310 11313 11316 11319 11322 11325 11328 11331 11334 11337 11340 11343 11346 11349 11352 11355 11358 11361 11364 11367 11370 11373 11376 11379 11382 11385 11388 11391 11394 11397 11400 11403 11406 11409 11412 11415 11418 11421 11424 11427 11430 11433 11436 11439 11442 11445 11448 11451 11454 11457 11460 11463 11466 11469 11472 11475 11478 11481 11484 11487 11490 11493 11496 11499 11502 11505 11508 11511 11514 11517 11520 11523 11526 11529 11532 11535 11538 11541 11544 11547 11550 11553 11556 11559 11562 11565 11568 11571 11574 11577 11580 11583 11586 11589 11592 11595 11598 11601 11604 11607 11610 11613 11616 11619 11622 11625 11628 11631 11634 11637 11640 11643 11646 11649 11652 11655 11658 11661 11664 11667 11670 11673 11676 11679 11682 11685 11688 11691 11694 11697 11700 11703 11706 11709 11712 11715 11718 11721 11724 11727 11730 11733 11736 11739 11742 11745 11748 11751 11754 11757 11760 11763 11766 11769 11772 11775 11778 11781 11784 11787 11790 11793 11796 11799 11802 11805 11808 11811 11814 11817 11820 11823 11826 11829 11832 11835 11838 11841 11844 11847 11850 11853 11856 11859 11862 11865 11868 11871 11874 11877 11880 11883 11886 11889 11892 11895 11898 11901 11904 11907 11910 11913 11916 11919 11922 11925 11928 11931 11934 11937 11940 11943 11946 11949 11952 11955 11958 11961 11964 11967 11970 11973 11976 11979 11982 11985 11988 11991 11994 11997 12000 12003 12006 12009 12012 12015 12018 12021 12024 12027 12030 12033 12036 12039 12042 12045 12048 12051 12054 12057 12060 12063 12066 12069 12072 12075 12078 12081 12084 12087 12090 12093 12096 12099 12102 12105 12108 12111 12114 12117 12120 12123 12126 12129 12132 12135 12138 12141 12144 12147 12150 12153 12156 12159 12162 12165 12168 12171 12174 12177 12180 12183 12186 12189 12192 12195 12198 12201 12204 12207 12210 12213 12216 12219 12222 12225 12228 12231 12234 12237 12240 12243 12246 12249 12252 12255 12258 12261 12264 12267 12270 12273 12276 12279 12282 12285 12288 12291 12294 12297 12300 12303 12306 12309 12312 12315 12318 12321 12324 12327 12330 12333 12336 12339 12342 12345 12348 12351 12354 12357 12360 12363 12366 12369 12372 12375 12378 12381 12384 12387 12390 12393 12396 12399 12402 12405 12408 12411 12414 12417 12420 12423 12426 12429 12432 12435 12438 12441 12444 12447 12450 12453 12456 12459 12462 12465 12468 12471 12474 12477 12480 12483 12486 12489 12492 12495 12498 12501 12504 12507 12510 12513 12516 12519 12522 12525 12528 12531 12534 12537 12540 12543 12546 12549 12552 12555 12558 12561 12564 12567 12570 12573 12576 12579 12582 12585 12588 12591 12594 12597 12600 12603 12606 12609 12612 12615 12618 12621 12624 12627 12630 12633 12636 12639 12642 12645 12648 12651 12654 12657 12660 12663 12666 12669 12672 12675 12678 12681 12684 12687 12690 12693 12696 12699 12702 12705 12708 12711 12714 12717 12720 12723 12726 12729 12732 12735 12738 12741 12744 12747 12750 12753 12756 12759 12762 12765 12768 12771 12774 12777 12780 12783 12786 12789 12792 12795 12798 12801 12804 12807 12810 12813 12816 12819 12822 12825 12828 12831 12834 12837 12840 12843 12846 12849 12852 12855 12858 12861 12864 12867 12870 12873 12876 12879 12882 12885 12888 12891 12894 12897 12900 12903 12906 12909 12912 12915 12918 12921 12924 12927 12930 12933 12936 12939 12942 12945 12948 12951 12954 12957 12960 12963 12966 12969 12972 12975 12978 12981 12984 12987 12990 12993 12996 12999 13002 13005 13008 13011 13014 13017 13020 13023 13026 13029 13032 13035 13038 13041 13044 13047 13050 13053 13056 13059 13062 13065 13068 13071 13074 13077 13080 13083 13086 13089 13092 13095 13098 13101 13104 13107 13110 13113 13116 13119 13122 13125 13128 13131 13134 13137 13140 13143 13146 13149 13152 13155 13158 13161 13164 13167 13170 13173 13176 13179 13182 13185 13188 13191 13194 13197 13200 13203 13206 13209 13212 13215 13218 13221 13224 13227 13230 13233 13236 13239 13242 13245 13248 13251 13254 13257 13260 13263 13266 13269 13272 13275 13278 13281 13284 13287 13290 13293 13296 13299 13302 13305 13308 13311 13314 13317 13320 13323 13326 13329 13332 13335 13338 13341 13344 13347 13350 13353 13356 13359 13362 13365 13368 13371 13374 13377 13380 13383 13386 13389 13392 13395 13398 13401 13404 13407 13410 13413 13416 13419 13422 13425 13428 13431 13434 13437 13440 13443 13446 13449 13452 13455 13458 13461 13464 13467 13470 13473 13476 13479 13482 13485 13488 13491 13494 13497 13500 13503 13506 13509 13512 13515 13518 13521 13524 13527 13530 13533 13536 13539 13542 13545 13548 13551 13554 13557 13560 13563 13566 13569 13572 13575 13578 13581 13584 13587 13590 13593 13596 13599 13602 13605 13608 13611 13614 13617 13620 13623 13626 13629 13632 13635 13638 13641 13644 13647 13650 13653 13656 13659 13662 13665 13668 13671 13674 13677 13680 13683 13686 13689 13692 13695 13698 13701 13704 13707 13710 13713 13716 13719 13722 13725 13728 13731 13734 13737 13740 13743 13746 13749 13752 13755 13758 13761 13764 13767 13770 13773 13776 13779 13782 13785 13788 13791 13794 13797 13800 13803 13806 13809 13812 13815 13818 13821 13824 13827 13830 13833 13836 13839 13842 13845 13848 13851 13854 13857 13860 13863 13866 13869 13872 13875 13878 13881 13884 13887 13890 13893 13896 13899 13902 13905 13908 13911 13914 13917 13920 13923 13926 13929 13932 13935 13938 13941 13944 13947 13950 13953 13956 13959 13962 13965 13968 13971 13974 13977 13980 13983 13986 13989 13992 13995 13998 14001 14004 14007 14010 14013 14016 14019 14022 14025 14028 14031 14034 14037 14040 14043 14046 14049 14052 14055 14058 14061 14064 14067 14070 14073 14076 14079 14082 14085 14088 14091 14094 14097 14100 14103 14106 14109 14112 14115 14118 14121 14124 14127 14130 14133 14136 14139 14142 14145 14148 14151 14154 14157 14160 14163 14166 14169 14172 14175 14178 14181 14184 14187 14190 14193 14196 14199 14202 14205 14208 14211 14214 14217 14220 14223 14226 14229 14232 14235 14238 14241 14244 14247 14250 14253 14256 14259 14262 14265 14268 14271 14274 14277 14280 14283 14286 14289 14292 14295 14298 14301 14304 14307 14310 14313 14316 14319 14322 14325 14328 14331 14334 14337 14340 14343 14346 14349 14352 14355 14358 14361 14364 14367 14370 14373 14376 14379 14382 14385 14388 14391 14394 14397 14400 14403 14406 14409 14412 14415 14418 14421 14424 14427 14430 14433 14436 14439 14442 14445 14448 14451 14454 14457 14460 14463 14466 14469 14472 14475 14478 14481 14484 14487 14490 14493 14496 14499 14502 14505 14508 14511 14514 14517 14520 14523 14526 14529 14532 14535 14538 14541 14544 14547 14550 14553 14556 14559 14562 14565 14568 14571 14574 14577 14580 14583 14586 14589 14592 14595 14598 14601 14604 14607 14610 14613 14616 14619 14622 14625 14628 14631 14634 14637 14640 14643 14646 14649 14652 14655 14658 14661 14664 14667 14670 14673 14676 14679 14682 14685 14688 14691 14694 14697 14700 14703 14706 14709 14712 14715 14718 14721 14724 14727 14730 14733 14736 14739 14742 14745 14748 14751 14754 14757 14760 14763 14766 14769 14772 14775 14778 14781 14784 14787 14790 14793 14796 14799 14802 14805 14808 14811 14814 14817 14820 14823 14826 14829 14832 14835 14838 14841 14844 14847 14850 14853 14856 14859 14862 14865 14868 14871 14874 14877 14880 14883 14886 14889 14892 14895 14898 14901 14904 14907 14910 14913 14916 14919 14922 14925 14928 14931 14934 14937 14940 14943 14946 14949 14952 14955 14958 14961 14964 14967 14970 14973 14976 14979 14982 14985 14988 14991 14994 14997 15000 15003 15006 15009 15012 15015 15018 15021 15024 15027 15030 15033 15036 15039 15042 15045 15048 15051 15054 15057 15060 15063 15066 15069 15072 15075 15078 15081 15084 15087 15090 15093 15096 15099 15102 15105 15108 15111 15114 15117 15120 15123 15126 15129 15132 15135 15138 15141 15144 15147 15150 15153 15156 15159 15162 15165 15168 15171 15174 15177 15180 15183 15186 15189 15192 15195 15198 15201 15204 15207 15210 15213 15216 15219 15222 15225 15228 15231 15234 15237 15240 15243 15246 15249 15252 15255 15258 15261 15264 15267 15270 15273 15276 15279 15282 15285 15288 15291 15294 15297 15300 15303 15306 15309 15312 15315 15318 15321 15324 15327 15330 15333 15336 15339 15342 15345 15348 15351 15354 15357 15360 15363 15366 15369 15372 15375 15378 15381 15384 15387 15390 15393 15396 15399 15402 15405 15408 15411 15414 15417 15420 15423 15426 15429 15432 15435 15438 15441 15444 15447 15450 15453 15456 15459 15462 15465 15468 15471 15474 15477 15480 15483 15486 15489 15492 15495 15498 15501 15504 15507 15510 15513 15516 15519 15522 15525 15528 15531 15534 15537 15540 15543 15546 15549 15552 15555 15558 15561 15564 15567 15570 15573 15576 15579 15582 15585 15588 15591 15594 15597 15600 15603 15606 15609 15612 15615 15618 15621 15624 15627 15630 15633 15636 15639 15642 15645 15648 15651 15654 15657 15660 15663 15666 15669 15672 15675 15678 15681 15684 15687 15690 15693 15696 15699 15702 15705 15708 15711 15714 15717 15720 15723 15726 15729 15732 15735 15738 15741 15744 15747 15750 15753 15756 15759 15762 15765 15768 15771 15774 15777 15780 15783 15786 15789 15792 15795 15798 15801 15804 15807 15810 15813 15816 15819 15822 15825 15828 15831 15834 15837 15840 15843 15846 15849 15852 15855 15858 15861 15864 15867 15870 15873 15876 15879 15882 15885 15888 15891 15894 15897 15900 15903 15906 15909 15912 15915 15918 15921 15924 15927 15930 15933 15936 15939 15942 15945 15948 15951 15954 15957 15960 15963 15966 15969 15972 15975 15978 15981 15984 15987 15990 15993 15996 15999 16002 16005 16008 16011 16014 16017 16020 16023 16026 16029 16032 16035 16038 16041 16044 16047 16050 16053 16056 16059 16062 16065 16068 16071 16074 16077 16080 16083 16086 16089 16092 16095 16098 16101 16104 16107 16110 16113 16116 16119 16122 16125 16128 16131 16134 16137 16140 16143 16146 16149 16152 16155 16158 16161 16164 16167 16170 16173 16176 16179 16182 16185 16188 16191 16194 16197 16200 16203 16206 16209 16212 16215 16218 16221 16224 16227 16230 16233 16236 16239 16242 16245 16248 16251 16254 16257 16260 16263 16266 16269 16272 16275 16278 16281 16284 16287 16290 16293 16296 16299 16302 16305 16308 16311 16314 16317 16320 16323 16326 16329 16332 16335 16338 16341 16344 16347 16350 16353 16356 16359 16362 16365 16368 16371 16374 16377 16380 16383 16386 16389 16392 16395 16398 16401 16404 16407 16410 16413 16416 16419 16422 16425 16428 16431 16434 16437 16440 16443 16446 16449 16452 16455 16458 16461 16464 16467 16470 16473 16476 16479 16482 16485 16488 16491 16494 16497 16500 16503 16506 16509 16512 16515 16518 16521 16524 16527 16530 16533 16536 16539 16542 16545 16548 16551 16554 16557 16560 16563 16566 16569 16572 16575 16578 16581 16584 16587 16590 16593 16596 16599 16602 16605 16608 16611 16614 16617 16620 16623 16626 16629 16632 16635 16638 16641 16644 16647 16650 16653 16656 16659 16662 16665 16668 16671 16674 16677 16680 16683 16686 16689 16692 16695 16698 16701 16704 16707 16710 16713 16716 16719 16722 16725 16728 16731 16734 16737 16740 16743 16746 16749 16752 16755 16758 16761 16764 16767 16770 16773 16776 16779 16782 16785 16788 16791 16794 16797 16800 16803 16806 16809 16812 16815 16818 16821 16824 16827 16830 16833 16836 16839 16842 16845 16848 16851 16854 16857 16860 16863 16866 16869 16872 16875 16878 16881 16884 16887 16890 16893 16896 16899 16902 16905 16908 16911 16914 16917 16920 16923 16926 16929 16932 16935 16938 16941 16944 16947 16950 16953 16956 16959 16962 16965 16968 16971 16974 16977 16980 16983 16986 16989 16992 16995 16998 17001 17004 17007 17010 17013 17016 17019 17022 17025 17028 17031 17034 17037 17040 17043 17046 17049 17052 17055 17058 17061 17064 17067 17070 17073 17076 17079 17082 17085 17088 17091 17094 17097 17100 17103 17106 17109 17112 17115 17118 17121 17124 17127 17130 17133 17136 17139 17142 17145 17148 17151 17154 17157 17160 17163 17166 17169 17172 17175 17178 17181 17184 17187 17190 17193 17196 17199 17202 17205 17208 17211 17214 17217 17220 17223 17226 17229 17232 17235 17238 17241 17244 17247 17250 17253 17256 17259 17262 17265 17268 17271 17274 17277 17280 17283 17286 17289 17292 17295 17298 17301 17304 17307 17310 17313 17316 17319 17322 17325 17328 17331 17334 17337 17340 17343 17346 17349 17352 17355 17358 17361 17364 17367 17370 17373 17376 17379 17382 17385 17388 17391 17394 17397 17400 17403 17406 17409 17412 17415 17418 17421 17424 17427 17430 17433 17436 17439 17442 17445 17448 17451 17454 17457 17460 17463 17466 17469 17472 17475 17478 17481 17484 17487 17490 17493 17496 17499 17502 17505 17508 17511 17514 17517 17520 17523 17526 17529 17532 17535 17538 17541 17544 17547 17550 17553 17556 17559 17562 17565 17568 17571 17574 17577 17580 17583 17586 17589 17592 17595 17598 17601 17604 17607 17610 17613 17616 17619 17622 17625 17628 17631 17634 17637 17640 17643 17646 17649 17652 17655 17658 17661 17664 17667 17670 17673 17676 17679 17682 17685 17688 17691 17694 17697 17700 17703 17706 17709 17712 17715 17718 17721 17724 17727 17730 17733 17736 17739 17742 17745 17748 17751 17754 17757 17760 17763 17766 17769 17772 17775 17778 17781 17784 17787 17790 17793 17796 17799 17802 17805 17808 17811 17814 17817 17820 17823 17826 17829 17832 17835 17838 17841 17844 17847 17850 17853 17856 17859 17862 17865 17868 17871 17874 17877 17880 17883 17886 17889 17892 17895 17898 17901 17904 17907 17910 17913 17916 17919 17922 17925 17928 17931 17934 17937 17940 17943 17946 17949 17952 17955 17958 17961 17964 17967 17970 17973 17976 17979 17982 17985 17988 17991 17994 17997 18000 18003 18006 18009 18012 18015 18018 18021 18024 18027 18030 18033 18036 18039 18042 18045 18048 18051 18054 18057 18060 18063 18066 18069 18072 18075 18078 18081 18084 18087 18090 18093 18096 18099 18102 18105 18108 18111 18114 18117 18120 18123 18126 18129 18132 18135 18138 18141 18144 18147 18150 18153 18156 18159 18162 18165 18168 18171 18174 18177 18180 18183 18186 18189 18192 18195 18198 18201 18204 18207 18210 18213 18216 18219 18222 18225 18228 18231 18234 18237 18240 18243 18246 18249 18252 18255 18258 18261 18264 18267 18270 18273 18276 18279 18282 18285 18288 18291 18294 18297 18300 18303 18306 18309 18312 18315 18318 18321 18324 18327 18330 18333 18336 18339 18342 18345 18348 18351 18354 18357 18360 18363 18366 18369 18372 18375 18378 18381 18384 18387 18390 18393 18396 18399 18402 18405 18408 18411 18414 18417 18420 18423 18426 18429 18432 18435 18438 18441 18444 18447 18450 18453 18456 18459 18462 18465 18468 18471 18474 18477 18480 18483 18486 18489 18492 18495 18498 18501 18504 18507 18510 18513 18516 18519 18522 18525 18528 18531 18534 18537 18540 18543 18546 18549 18552 18555 18558 18561 18564 18567 18570 18573 18576 18579 18582 18585 18588 18591 18594 18597 18600 18603 18606 18609 18612 18615 18618 18621 18624 18627 18630 18633 18636 18639 18642 18645 18648 18651 18654 18657 18660 18663 18666 18669 18672 18675 18678 18681 18684 18687 18690 18693 18696 18699 18702 18705 18708 18711 18714 18717 18720 18723 18726 18729 18732 18735 18738 18741 18744 18747 18750 18753 18756 18759 18762 18765 18768 18771 18774 18777 18780 18783 18786 18789 18792 18795 18798 18801 18804 18807 18810 18813 18816 18819 18822 18825 18828 18831 18834 18837 18840 18843 18846 18849 18852 18855 18858 18861 18864 18867 18870 18873 18876 18879 18882 18885 18888 18891 18894 18897 18900 18903 18906 18909 18912 18915 18918 18921 18924 18927 18930 18933 18936 18939 18942 18945 18948 18951 18954 18957 18960 18963 18966 18969 18972 18975 18978 18981 18984 18987 18990 18993 18996 18999 19002 19005 19008 19011 19014 19017 19020 19023 19026 19029 19032 19035 19038 19041 19044 19047 19050 19053 19056 19059 19062 19065 19068 19071 19074 19077 19080 19083 19086 19089 19092 19095 19098 19101 19104 19107 19110 19113 19116 19119 19122 19125 19128 19131 19134 19137 19140 19143 19146 19149 19152 19155 19158 19161 19164 19167 19170 19173 19176 19179 19182 19185 19188 19191 19194 19197 19200 19203 19206 19209 19212 19215 19218 19221 19224 19227 19230 19233 19236 19239 19242 19245 19248 19251 19254 19257 19260 19263 19266 19269 19272 19275 19278 19281 19284 19287 19290 19293 19296 19299 19302 19305 19308 19311 19314 19317 19320 19323 19326 19329 19332 19335 19338 19341 19344 19347 19350 19353 19356 19359 19362 19365 19368 19371 19374 19377 19380 19383 19386 19389 19392 19395 19398 19401 19404 19407 19410 19413 19416 19419 19422 19425 19428 19431 19434 19437 19440 19443 19446 19449 19452 19455 19458 19461 19464 19467 19470 19473 19476 19479 19482 19485 19488 19491 19494 19497 19500 19503 19506 19509 19512 19515 19518 19521 19524 19527 19530 19533 19536 19539 19542 19545 19548 19551 19554 19557 19560 19563 19566 19569 19572 19575 19578 19581 19584 19587 19590 19593 19596 19599 19602 19605 19608 19611 19614 19617 19620 19623 19626 19629 19632 19635 19638 19641 19644 19647 19650 19653 19656 19659 19662 19665 19668 19671 19674 19677 19680 19683 19686 19689 19692 19695 19698 19701 19704 19707 19710 19713 19716 19719 19722 19725 19728 19731 19734 19737 19740 19743 19746 19749 19752 19755 19758 19761 19764 19767 19770 19773 19776 19779 19782 19785 19788 19791 19794 19797 19800 19803 19806 19809 19812 19815 19818 19821 19824 19827 19830 19833 19836 19839 19842 19845 19848 19851 19854 19857 19860 19863 19866 19869 19872 19875 19878 19881 19884 19887 19890 19893 19896 19899 19902 19905 19908 19911 19914 19917 19920 19923 19926 19929 19932 19935 19938 19941 19944 19947 19950 19953 19956 19959 19962 19965 19968 19971 19974 19977 19980 19983 19986 19989 19992 19995 19998 20001 20004 20007 20010 20013 20016 20019 20022 20025 20028 20031 20034 20037 20040 20043 20046 20049 20052 20055 20058 20061 20064 20067 20070 20073 20076 20079 20082 20085 20088 20091 20094 20097 20100 20103 20106 20109 20112 20115 20118 20121 20124 20127 20130 20133 20136 20139 20142 20145 20148 20151 20154 20157 20160 20163 20166 20169 20172 20175 20178 20181 20184 20187 20190 20193 20196 20199 20202 20205 20208 20211 20214 20217 20220 20223 20226 20229 20232 20235 20238 20241 20244 20247 20250 20253 20256 20259 20262 20265 20268 20271 20274 20277 20280 20283 20286 20289 20292 20295 20298 20301 20304 20307 20310 20313 20316 20319 20322 20325 20328 20331 20334 20337 20340 20343 20346 20349 20352 20355 20358 20361 20364 20367 20370 20373 20376 20379 20382 20385 20388 20391 20394 20397 20400 20403 20406 20409 20412 20415 20418 20421 20424 20427 20430 20433 20436 20439 20442 20445 20448 20451 20454 20457 20460 20463 20466 20469 20472 20475 20478 20481 20484 20487 20490 20493 20496 20499 20502 20505 20508 20511 20514 20517 20520 20523 20526 20529 20532 20535 20538 20541 20544 20547 20550 20553 20556 20559 20562 20565 20568 20571 20574 20577 20580 20583 20586 20589 20592 20595 20598 20601 20604 20607 20610 20613 20616 20619 20622 20625 20628 20631 20634 20637 20640 20643 20646 20649 20652 20655 20658 20661 20664 20667 20670 20673 20676 20679 20682 20685 20688 20691 20694 20697 20700 20703 20706 20709 20712 20715 20718 20721 20724 20727 20730 20733 20736 20739 20742 20745 20748 20751 20754 20757 20760 20763 20766 20769 20772 20775 20778 20781 20784 20787 20790 20793 20796 20799 20802 20805 20808 20811 20814 20817 20820 20823 20826 20829 20832 20835 20838 20841 20844 20847 20850 20853 20856 20859 20862 20865 20868 20871 20874 20877 20880 20883 20886 20889 20892 20895 20898 20901 20904 20907 20910 20913 20916 20919 20922 20925 20928 20931 20934 20937 20940 20943 20946 20949 20952 20955 20958 20961 20964 20967 20970 20973 20976 20979 20982 20985 20988 20991 20994 20997 21000 21003 21006 21009 21012 21015 21018 21021 21024 21027 21030 21033 21036 21039 21042 21045 21048 21051 21054 21057 21060 21063 21066 21069 21072 21075 21078 21081 21084 21087 21090 21093 21096 21099 21102 21105 21108 21111 21114 21117 21120 21123 21126 21129 21132 21135 21138 21141 21144 21147 21150 21153 21156 21159 21162 21165 21168 21171 21174 21177 21180 21183 21186 21189 21192 21195 21198 21201 21204 21207 21210 21213 21216 21219 21222 21225 21228 21231 21234 21237 21240 21243 21246 21249 21252 21255 21258 21261 21264 21267 21270 21273 21276 21279 21282 21285 21288 21291 21294 21297 21300 21303 21306 21309 21312 21315 21318 21321 21324 21327 21330 21333 21336 21339 21342 21345 21348 21351 21354 21357 21360 21363 21366 21369 21372 21375 21378 21381 21384 21387 21390 21393 21396 21399 21402 21405 21408 21411 21414 21417 21420 21423 21426 21429 21432 21435 21438 21441 21444 21447 21450 21453 21456 21459 21462 21465 21468 21471 21474 21477 21480 21483 21486 21489 21492 21495 21498 21501 21504 21507 21510 21513 21516 21519 21522 21525 21528 21531 21534 21537 21540 21543 21546 21549 21552 21555 21558 21561 21564 21567 21570 21573 21576 21579 21582 21585 21588 21591 21594 21597 21600 21603 21606 21609 21612 21615 21618 21621 21624 21627 21630 21633 21636 21639 21642 21645 21648 21651 21654 21657 21660 21663 21666 21669 21672 21675 21678 21681 21684 21687 21690 21693 21696 21699 21702 21705 21708 21711 21714 21717 21720 21723 21726 21729 21732 21735 21738 21741 21744 21747 21750 21753 21756 21759 21762 21765 21768 21771 21774 21777 21780 21783 21786 21789 21792 21795 21798 21801 21804 21807 21810 21813 21816 21819 21822 21825 21828 21831 21834 21837 21840 21843 21846 21849 21852 21855 21858 21861 21864 21867 21870 21873 21876 21879 21882 21885 21888 21891 21894 21897 21900 21903 21906 21909 21912 21915 21918 21921 21924 21927 21930 21933 21936 21939 21942 21945 21948 21951 21954 21957 21960 21963 21966 21969 21972 21975 21978 21981 21984 21987 21990 21993 21996 21999 22002 22005 22008 22011 22014 22017 22020 22023 22026 22029 22032 22035 22038 22041 22044 22047 22050 22053 22056 22059 22062 22065 22068 22071 22074 22077 22080 22083 22086 22089 22092 22095 22098 22101 22104 22107 22110 22113 22116 22119 22122 22125 22128 22131 22134 22137 22140 22143 22146 22149 22152 22155 22158 22161 22164 22167 22170 22173 22176 22179 22182 22185 22188 22191 22194 22197 22200 22203 22206 22209 22212 22215 22218 22221 22224 22227 22230 22233 22236 22239 22242 22245 22248 22251 22254 22257 22260 22263 22266 22269 22272 22275 22278 22281 22284 22287 22290 22293 22296 22299 22302 22305 22308 22311 22314 22317 22320 22323 22326 22329 22332 22335 22338 22341 22344 22347 22350 22353 22356 22359 22362 22365 22368 22371 22374 22377 22380 22383 22386 22389 22392 22395 22398 22401 22404 22407 22410 22413 22416 22419 22422 22425 22428 22431 22434 22437 22440 22443 22446 22449 22452 22455 22458 22461 22464 22467 22470 22473 22476 22479 22482 22485 22488 22491 22494 22497 22500 22503 22506 22509 22512 22515 22518 22521 22524 22527 22530 22533 22536 22539 22542 22545 22548 22551 22554 22557 22560 22563 22566 22569 22572 22575 22578 22581 22584 22587 22590 22593 22596 22599 22602 22605 22608 22611 22614 22617 22620 22623 22626 22629 22632 22635 22638 22641 22644 22647 22650 22653 22656 22659 22662 22665 22668 22671 22674 22677 22680 22683 22686 22689 22692 22695 22698 22701 22704 22707 22710 22713 22716 22719 22722 22725 22728 22731 22734 22737 22740 22743 22746 22749 22752 22755 22758 22761 22764 22767 22770 22773 22776 22779 22782 22785 22788 22791 22794 22797 22800 22803 22806 22809 22812 22815 22818 22821 22824 22827 22830 22833 22836 22839 22842 22845 22848 22851 22854 22857 22860 22863 22866 22869 22872 22875 22878 22881 22884 22887 22890 22893 22896 22899 22902 22905 22908 22911 22914 22917 22920 22923 22926 22929 22932 22935 22938 22941 22944 22947 22950 22953 22956 22959 22962 22965 22968 22971 22974 22977 22980 22983 22986 22989 22992 22995 22998 23001 23004 23007 23010 23013 23016 23019 23022 23025 23028 23031 23034 23037 23040 23043 23046 23049 23052 23055 23058 23061 23064 23067 23070 23073 23076 23079 23082 23085 23088 23091 23094 23097 23100 23103 23106 23109 23112 23115 23118 23121 23124 23127 23130 23133 23136 23139 23142 23145 23148 23151 23154 23157 23160 23163 23166 23169 23172 23175 23178 23181 23184 23187 23190 23193 23196 23199 23202 23205 23208 23211 23214 23217 23220 23223 23226 23229 23232 23235 23238 23241 23244 23247 23250 23253 23256 23259 23262 23265 23268 23271 23274 23277 23280 23283 23286 23289 23292 23295 23298 23301 23304 23307 23310 23313 23316 23319 23322 23325 23328 23331 23334 23337 23340 23343 23346 23349 23352 23355 23358 23361 23364 23367 23370 23373 23376 23379 23382 23385 23388 23391 23394 23397 23400 23403 23406 23409 23412 23415 23418 23421 23424 23427 23430 23433 23436 23439 23442 23445 23448 23451 23454 23457 23460 23463 23466 23469 23472 23475 23478 23481 23484 23487 23490 23493 23496 23499 23502 23505 23508 23511 23514 23517 23520 23523 23526 23529 23532 23535 23538 23541 23544 23547 23550 23553 23556 23559 23562 23565 23568 23571 23574 23577 23580 23583 23586 23589 23592 23595 23598 23601 23604 23607 23610 23613 23616 23619 23622 23625 23628 23631 23634 23637 23640 23643 23646 23649 23652 23655 23658 23661 23664 23667 23670 23673 23676 23679 23682 23685 23688 23691 23694 23697 23700 23703 23706 23709 23712 23715 23718 23721 23724 23727 23730 23733 23736 23739 23742 23745 23748 23751 23754 23757 23760 23763 23766 23769 23772 23775 23778 23781 23784 23787 23790 23793 23796 23799 23802 23805 23808 23811 23814 23817 23820 23823 23826 23829 23832 23835 23838 23841 23844 23847 23850 23853 23856 23859 23862 23865 23868 23871 23874 23877 23880 23883 23886 23889 23892 23895 23898 23901 23904 23907 23910 23913 23916 23919 23922 23925 23928 23931 23934 23937 23940 23943 23946 23949 23952 23955 23958 23961 23964 23967 23970 23973 23976 23979 23982 23985 23988 23991 23994 23997 24000 24003 24006 24009 24012 24015 24018 24021 24024 24027 24030 24033 24036 24039 24042 24045 24048 24051 24054 24057 24060 24063 24066 24069 24072 24075 24078 24081 24084 24087 24090 24093 24096 24099 24102 24105 24108 24111 24114 24117 24120 24123 24126 24129 24132 24135 24138 24141 24144 24147 24150 24153 24156 24159 24162 24165 24168 24171 24174 24177 24180 24183 24186 24189 24192 24195 24198 24201 24204 24207 24210 24213 24216 24219 24222 24225 24228 24231 24234 24237 24240 24243 24246 24249 24252 24255 24258 24261 24264 24267 24270 24273 24276 24279 24282 24285 24288 24291 24294 24297 24300 24303 24306 24309 24312 24315 24318 24321 24324 24327 24330 24333 24336 24339 24342 24345 24348 24351 24354 24357 24360 24363 24366 24369 24372 24375 24378 24381 24384 24387 24390 24393 24396 24399 24402 24405 24408 24411 24414 24417 24420 24423 24426 24429 24432 24435 24438 24441 24444 24447 24450 24453 24456 24459 24462 24465 24468 24471 24474 24477 24480 </DataArray>
<DataArray  type="UInt8"  Name="types"  format="ascii">5 5 5 5 5 5 5 5 5 5 5 5 5 5 5 5 5 5 5 5 5 5 5 5 5 5 5 5 5 5 5 5 5 5 5 5 5 5 5 5 5 5 5 5 5 5 5 5 5 5 5 5 5 5 5 5 5 5 5 5 5 5 5 5 5 5 5 5 5 5 5 5 5 5 5 5 5 5 5 5 5 5 5 5 5 5 5 5 5 5 5 5 5 5 5 5 5 5 5 5 5 5 5 5 5 5 5 5 5 5 5 5 5 5 5 5 5 5 5 5 5 5 5 5 5 5 5 5 5 5 5 5 5 5 5 5 5 5 5 5 5 5 5 5 5 5 5 5 5 5 5 5 5 5 5 5 5 5 5 5 5 5 5 5 5 5 5 5 5 5 5 5 5 5 5 5 5 5 5 5 5 5 5 5 5 5 5 5 5 5 5 5 5 5 5 5 5 5 5 5 5 5 5 5 5 5 5 5 5 5 5 5 5 5 5 5 5 5 5 5 5 5 5 5 5 5 5 5 5 5 5 5 5 5 5 5 5 5 5 5 5 5 5 5 5 5 5 5 5 5 5 5 5 5 5 5 5 5 5 5 5 5 5 5 5 5 5 5 5 5 5 5 5 5 5 5 5 5 5 5 5 5 5 5 5 5 5 5 5 5 5 5 5 5 5 5 5 5 5 5 5 5 5 5 5 5 5 5 5 5 5 5 5 5 5 5 5 5 5 5 5 5 5 5 5 5 5 5 5 5 5 5 5 5 5 5 5 5 5 5 5 5 5 5 5 5 5 5 5 5 5 5 5 5 5 5 5 5 5 5 5 5 5 5 5 5 5 5 5 5 5 5 5 5 5 5 5 5 5 5 5 5 5 5 5 5 5 5 5 5 5 5 5 5 5 5 5 5 5 5 5 5 5 5 5 5 5 5 5 5 5 5 5 5 5 5 5 5 5 5 5 5 5 5 5 5 5 5 5 5 5 5 5 5 5 5 5 5 5 5 5 5 5 5 5 5 5 5 5 5 5 5 5 5 5 5 5 5 5 5 5 5 5 5 5 5 5 5 5 5 5 5 5 5 5 5 5 5 5 5 5 5 5 5 5 5 5 5 5 5 5 5 5 5 5 5 5 5 5 5 5 5 5 5 5 5 5 5 5 5 5 5 5 5 5 5 5 5 5 5 5 5 5 5 5 5 5 5 5 5 5 5 5 5 5 5 5 5 5 5 5 5 5 5 5 5 5 5 5 5 5 5 5 5 5 5 5 5 5 5 5 5 5 5 5 5 5 5 5 5 5 5 5 5 5 5 5 5 5 5 5 5 5 5 5 5 5 5 5 5 5 5 5 5 5 5 5 5 5 5 5 5 5 5 5 5 5 5 5 5 5 5 5 5 5 5 5 5 5 5 5 5 5 5 5 5 5 5 5 5 5 5 5 5 5 5 5 5 5 5 5 5 5 5 5 5 5 5 5 5 5 5 5 5 5 5 5 5 5 5 5 5 5 5 5 5 5 5 5 5 5 5 5 5 5 5 5 5 5 5 5 5 5 5 5 5 5 5 5 5 5 5 5 5 5 5 5 5 5 5 5 5 5 5 5 5 5 5 5 5 5 5 5 5 5 5 5 5 5 5 5 5 5 5 5 5 5 5 5 5 5 5 5 5 5 5 5 5 5 5 5 5 5 5 5 5 5 5 5 5 5 5 5 5 5 5 5 5 5 5 5 5 5 5 5 5 5 5 5 5 5 5 5 5 5 5 5 5 5 5 5 5 5 5 5 5 5 5 5 5 5 5 5 5 5 5 5 5 5 5 5 5 5 5 5 5 5 5 5 5 5 5 5 5 5 5 5 5 5 5 5 5 5 5 5 5 5 5 5 5 5 5 5 5 5 5 5 5 5 5 5 5 5 5 5 5 5 5 5 5 5 5 5 5 5 5 5 5 5 5 5 5 5 5 5 5 5 5 5 5 5 5 5 5 5 5 5 5 5 5 5 5 5 5 5 5 5 5 5 5 5 5 5 5 5 5 5 5 5 5 5 5 5 5 5 5 5 5 5 5 5 5 5 5 5 5 5 5 5 5 5 5 5 5 5 5 5 5 5 5 5 5 5 5 5 5 5 5 5 5 5 5 5 5 5 5 5 5 5 5 5 5 5 5 5 5 5 5 5 5 5 5 5 5 5 5 5 5 5 5 5 5 5 5 5 5 5 5 5 5 5 5 5 5 5 5 5 5 5 5 5 5 5 5 5 5 5 5 5 5 5 5 5 5 5 5 5 5 5 5 5 5 5 5 5 5 5 5 5 5 5 5 5 5 5 5 5 5 5 5 5 5 5 5 5 5 5 5 5 5 5 5 5 5 5 5 5 5 5 5 5 5 5 5 5 5 5 5 5 5 5 5 5 5 5 5 5 5 5 5 5 5 5 5 5 5 5 5 5 5 5 5 5 5 5 5 5 5 5 5 5 5 5 5 5 5 5 5 5 5 5 5 5 5 5 5 5 5 5 5 5 5 5 5 5 5 5 5 5 5 5 5 5 5 5 5 5 5 5 5 5 5 5 5 5 5 5 5 5 5 5 5 5 5 5 5 5 5 5 5 5 5 5 5 5 5 5 5 5 5 5 5 5 5 5 5 5 5 5 5 5 5 5 5 5 5 5 5 5 5 5 5 5 5 5 5 5 5 5 5 5 5 5 5 5 5 5 5 5 5 5 5 5 5 5 5 5 5 5 5 5 5 5 5 5 5 5 5 5 5 5 5 5 5 5 5 5 5 5 5 5 5 5 5 5 5 5 5 5 5 5 5 5 5 5 5 5 5 5 5 5 5 5 5 5 5 5 5 5 5 5 5 5 5 5 5 5 5 5 5 5 5 5 5 5 5 5 5 5 5 5 5 5 5 5 5 5 5 5 5 5 5 5 5 5 5 5 5 5 5 5 5 5 5 5 5 5 5 5 5 5 5 5 5 5 5 5 5 5 5 5 5 5 5 5 5 5 5 5 5 5 5 5 5 5 5 5 5 5 5 5 5 5 5 5 5 5 5 5 5 5 5 5 5 5 5 5 5 5 5 5 5 5 5 5 5 5 5 5 5 5 5 5 5 5 5 5 5 5 5 5 5 5 5 5 5 5 5 5 5 5 5 5 5 5 5 5 5 5 5 5 5 5 5 5 5 5 5 5 5 5 5 5 5 5 5 5 5 5 5 5 5 5 5 5 5 5 5 5 5 5 5 5 5 5 5 5 5 5 5 5 5 5 5 5 5 5 5 5 5 5 5 5 5 5 5 5 5 5 5 5 5 5 5 5 5 5 5 5 5 5 5 5 5 5 5 5 5 5 5 5 5 5 5 5 5 5 5 5 5 5 5 5 5 5 5 5 5 5 5 5 5 5 5 5 5 5 5 5 5 5 5 5 5 5 5 5 5 5 5 5 5 5 5 5 5 5 5 5 5 5 5 5 5 5 5 5 5 5 5 5 5 5 5 5 5 5 5 5 5 5 5 5 5 5 5 5 5 5 5 5 5 5 5 5 5 5 5 5 5 5 5 5 5 5 5 5 5 5 5 5 5 5 5 5 5 5 5 5 5 5 5 5 5 5 5 5 5 5 5 5 5 5 5 5 5 5 5 5 5 5 5 5 5 5 5 5 5 5 5 5 5 5 5 5 5 5 5 5 5 5 5 5 5 5 5 5 5 5 5 5 5 5 5 5 5 5 5 5 5 5 5 5 5 5 5 5 5 5 5 5 5 5 5 5 5 5 5 5 5 5 5 5 5 5 5 5 5 5 5 5 5 5 5 5 5 5 5 5 5 5 5 5 5 5 5 5 5 5 5 5 5 5 5 5 5 5 5 5 5 5 5 5 5 5 5 5 5 5 5 5 5 5 5 5 5 5 5 5 5 5 5 5 5 5 5 5 5 5 5 5 5 5 5 5 5 5 5 5 5 5 5 5 5 5 5 5 5 5 5 5 5 5 5 5 5 5 5 5 5 5 5 5 5 5 5 5 5 5 5 5 5 5 5 5 5 5 5 5 5 5 5 5 5 5 5 5 5 5 5 5 5 5 5 5 5 5 5 5 5 5 5 5 5 5 5 5 5 5 5 5 5 5 5 5 5 5 5 5 5 5 5 5 5 5 5 5 5 5 5 5 5 5 5 5 5 5 5 5 5 5 5 5 5 5 5 5 5 5 5 5 5 5 5 5 5 5 5 5 5 5 5 5 5 5 5 5 5 5 5 5 5 5 5 5 5 5 5 5 5 5 5 5 5 5 5 5 5 5 5 5 5 5 5 5 5 5 5 5 5 5 5 5 5 5 5 5 5 5 5 5 5 5 5 5 5 5 5 5 5 5 5 5 5 5 5 5 5 5 5 5 5 5 5 5 5 5 5 5 5 5 5 5 5 5 5 5 5 5 5 5 5 5 5 5 5 5 5 5 5 5 5 5 5 5 5 5 5 5 5 5 5 5 5 5 5 5 5 5 5 5 5 5 5 5 5 5 5 5 5 5 5 5 5 5 5 5 5 5 5 5 5 5 5 5 5 5 5 5 5 5 5 5 5 5 5 5 5 5 5 5 5 5 5 5 5 5 5 5 5 5 5 5 5 5 5 5 5 5 5 5 5 5 5 5 5 5 5 5 5 5 5 5 5 5 5 5 5 5 5 5 5 5 5 5 5 5 5 5 5 5 5 5 5 5 5 5 5 5 5 5 5 5 5 5 5 5 5 5 5 5 5 5 5 5 5 5 5 5 5 5 5 5 5 5 5 5 5 5 5 5 5 5 5 5 5 5 5 5 5 5 5 5 5 5 5 5 5 5 5 5 5 5 5 5 5 5 5 5 5 5 5 5 5 5 5 5 5 5 5 5 5 5 5 5 5 5 5 5 5 5 5 5 5 5 5 5 5 5 5 5 5 5 5 5 5 5 5 5 5 5 5 5 5 5 5 5 5 5 5 5 5 5 5 5 5 5 5 5 5 5 5 5 5 5 5 5 5 5 5 5 5 5 5 5 5 5 5 5 5 5 5 5 5 5 5 5 5 5 5 5 5 5 5 5 5 5 5 5 5 5 5 5 5 5 5 5 5 5 5 5 5 5 5 5 5 5 5 5 5 5 5 5 5 5 5 5 5 5 5 5 5 5 5 5 5 5 5 5 5 5 5 5 5 5 5 5 5 5 5 5 5 5 5 5 5 5 5 5 5 5 5 5 5 5 5 5 5 5 5 5 5 5 5 5 5 5 5 5 5 5 5 5 5 5 5 5 5 5 5 5 5 5 5 5 5 5 5 5 5 5 5 5 5 5 5 5 5 5 5 5 5 5 5 5 5 5 5 5 5 5 5 5 5 5 5 5 5 5 5 5 5 5 5 5 5 5 5 5 5 5 5 5 5 5 5 5 5 5 5 5 5 5 5 5 5 5 5 5 5 5 5 5 5 5 5 5 5 5 5 5 5 5 5 5 5 5 5 5 5 5 5 5 5 5 5 5 5 5 5 5 5 5 5 5 5 5 5 5 5 5 5 5 5 5 5 5 5 5 5 5 5 5 5 5 5 5 5 5 5 5 5 5 5 5 5 5 5 5 5 5 5 5 5 5 5 5 5 5 5 5 5 5 5 5 5 5 5 5 5 5 5 5 5 5 5 5 5 5 5 5 5 5 5 5 5 5 5 5 5 5 5 5 5 5 5 5 5 5 5 5 5 5 5 5 5 5 5 5 5 5 5 5 5 5 5 5 5 5 5 5 5 5 5 5 5 5 5 5 5 5 5 5 5 5 5 5 5 5 5 5 5 5 5 5 5 5 5 5 5 5 5 5 5 5 5 5 5 5 5 5 5 5 5 5 5 5 5 5 5 5 5 5 5 5 5 5 5 5 5 5 5 5 5 5 5 5 5 5 5 5 5 5 5 5 5 5 5 5 5 5 5 5 5 5 5 5 5 5 5 5 5 5 5 5 5 5 5 5 5 5 5 5 5 5 5 5 5 5 5 5 5 5 5 5 5 5 5 5 5 5 5 5 5 5 5 5 5 5 5 5 5 5 5 5 5 5 5 5 5 5 5 5 5 5 5 5 5 5 5 5 5 5 5 5 5 5 5 5 5 5 5 5 5 5 5 5 5 5 5 5 5 5 5 5 5 5 5 5 5 5 5 5 5 5 5 5 5 5 5 5 5 5 5 5 5 5 5 5 5 5 5 5 5 5 5 5 5 5 5 5 5 5 5 5 5 5 5 5 5 5 5 5 5 5 5 5 5 5 5 5 5 5 5 5 5 5 5 5 5 5 5 5 5 5 5 5 5 5 5 5 5 5 5 5 5 5 5 5 5 5 5 5 5 5 5 5 5 5 5 5 5 5 5 5 5 5 5 5 5 5 5 5 5 5 5 5 5 5 5 5 5 5 5 5 5 5 5 5 5 5 5 5 5 5 5 5 5 5 5 5 5 5 5 5 5 5 5 5 5 5 5 5 5 5 5 5 5 5 5 5 5 5 5 5 5 5 5 5 5 5 5 5 5 5 5 5 5 5 5 5 5 5 5 5 5 5 5 5 5 5 5 5 5 5 5 5 5 5 5 5 5 5 5 5 5 5 5 5 5 5 5 5 5 5 5 5 5 5 5 5 5 5 5 5 5 5 5 5 5 5 5 5 5 5 5 5 5 5 5 5 5 5 5 5 5 5 5 5 5 5 5 5 5 5 5 5 5 5 5 5 5 5 5 5 5 5 5 5 5 5 5 5 5 5 5 5 5 5 5 5 5 5 5 5 5 5 5 5 5 5 5 5 5 5 5 5 5 5 5 5 5 5 5 5 5 5 5 5 5 5 5 5 5 5 5 5 5 5 5 5 5 5 5 5 5 5 5 5 5 5 5 5 5 5 5 5 5 5 5 5 5 5 5 5 5 5 5 5 5 5 5 5 5 5 5 5 5 5 5 5 5 5 5 5 5 5 5 5 5 5 5 5 5 5 5 5 5 5 5 5 5 5 5 5 5 5 5 5 5 5 5 5 5 5 5 5 5 5 5 5 5 5 5 5 5 5 5 5 5 5 5 5 5 5 5 5 5 5 5 5 5 5 5 5 5 5 5 5 5 5 5 5 5 5 5 5 5 5 5 5 5 5 5 5 5 5 5 5 5 5 5 5 5 5 5 5 5 5 5 5 5 5 5 5 5 5 5 5 5 5 5 5 5 5 5 5 5 5 5 5 5 5 5 5 5 5 5 5 5 5 5 5 5 5 5 5 5 5 5 5 5 5 5 5 5 5 5 5 5 5 5 5 5 5 5 5 5 5 5 5 5 5 5 5 5 5 5 5 5 5 5 5 5 5 5 5 5 5 5 5 5 5 5 5 5 5 5 5 5 5 5 5 5 5 5 5 5 5 5 5 5 5 5 5 5 5 5 5 5 5 5 5 5 5 5 5 5 5 5 5 5 5 5 5 5 5 5 5 5 5 5 5 5 5 5 5 5 5 5 5 5 5 5 5 5 5 5 5 5 5 5 5 5 5 5 5 5 5 5 5 5 5 5 5 5 5 5 5 5 5 5 5 5 5 5 5 5 5 5 5 5 5 5 5 5 5 5 5 5 5 5 5 5 5 5 5 5 5 5 5 5 5 5 5 5 5 5 5 5 5 5 5 5 5 5 5 5 5 5 5 5 5 5 5 5 5 5 5 5 5 5 5 5 5 5 5 5 5 5 5 5 5 5 5 5 5 5 5 5 5 5 5 5 5 5 5 5 5 5 5 5 5 5 5 5 5 5 5 5 5 5 5 5 5 5 5 5 5 5 5 5 5 5 5 5 5 5 5 5 5 5 5 5 5 5 5 5 5 5 5 5 5 5 5 5 5 5 5 5 5 5 5 5 5 5 5 5 5 5 5 5 5 5 5 5 5 5 5 5 5 5 5 5 5 5 5 5 5 5 5 5 5 5 5 5 5 5 5 5 5 5 5 5 5 5 5 5 5 5 5 5 5 5 5 5 5 5 5 5 5 5 5 5 5 5 5 5 5 5 5 5 5 5 5 5 5 5 5 5 5 5 5 5 5 5 5 5 5 5 5 5 5 5 5 5 5 5 5 5 5 5 5 5 5 5 5 5 5 5 5 5 5 5 5 5 5 5 5 5 5 5 5 5 5 5 5 5 5 5 5 5 5 5 5 5 5 5 5 5 5 5 5 5 5 5 5 5 5 5 5 5 5 5 5 5 5 5 5 5 5 5 5 5 5 5 5 5 5 5 5 5 5 5 5 5 5 5 5 5 5 5 5 5 5 5 5 5 5 5 5 5 5 5 5 5 5 5 5 5 5 5 5 5 5 5 5 5 5 5 5 5 5 5 5 5 5 5 5 5 5 5 5 5 5 5 5 5 5 5 5 5 5 5 5 5 5 5 5 5 5 5 5 5 5 5 5 5 5 5 5 5 5 5 5 5 5 5 5 5 5 5 5 5 5 5 5 5 5 5 5 5 5 5 5 5 5 5 5 5 5 5 5 5 5 5 5 5 5 5 5 5 5 5 5 5 5 5 5 5 5 5 5 5 5 5 5 5 5 5 5 5 5 5 5 5 5 5 5 5 5 5 5 5 5 5 5 5 5 5 5 5 5 5 5 5 5 5 5 5 5 5 5 5 5 5 5 5 5 5 5 5 5 5 5 5 5 5 5 5 5 5 5 5 5 5 5 5 5 5 5 5 5 5 5 5 5 5 5 5 5 5 5 5 5 5 5 5 5 5 5 5 5 5 5 5 5 5 5 5 5 5 5 5 5 5 5 5 5 5 5 5 5 5 5 5 5 5 5 5 5 5 5 5 5 5 5 5 5 5 5 5 5 5 5 5 5 5 5 5 5 5 5 5 5 5 5 5 5 5 5 5 5 5 5 5 5 5 5 5 5 5 5 5 5 5 5 5 5 5 5 5 5 5 5 5 5 5 5 5 5 5 5 5 5 5 5 5 5 5 5 5 5 5 5 5 5 5 5 5 5 5 5 5 5 5 5 5 5 5 5 5 5 5 5 5 5 5 5 5 5 5 5 5 5 5 5 5 5 5 5 5 5 5 5 5 5 5 5 5 5 5 5 5 5 5 5 5 5 5 5 5 5 5 5 5 5 5 5 5 5 5 5 5 5 5 5 5 5 5 5 5 5 5 5 5 5 5 5 5 5 5 5 5 5 5 5 5 5 5 5 5 5 5 5 5 5 5 5 5 5 5 5 5 5 5 5 5 5 5 5 5 5 5 5 5 5 5 5 5 5 5 5 5 5 5 5 5 5 5 5 5 5 5 5 5 5 5 5 5 5 5 5 5 5 5 5 5 5 5 5 5 5 5 5 5 5 5 5 5 5 5 5 5 5 5 5 5 5 5 5 5 5 5 5 5 5 5 5 5 5 5 5 5 5 5 5 5 5 5 5 5 5 5 5 5 5 5 5 5 5 5 5 5 5 5 5 5 5 5 5 5 5 5 5 5 5 5 5 5 5 5 5 5 5 5 5 5 5 5 5 5 5 5 5 5 5 5 5 5 5 5 5 5 5 5 5 5 5 5 5 5 5 5 5 5 5 5 5 5 5 5 5 5 5 5 5 5 5 5 5 5 5 5 5 5 5 5 5 5 5 5 5 5 5 5 5 5 5 5 5 5 5 5 5 5 5 5 5 5 5 5 5 5 5 5 5 5 5 5 5 5 5 5 5 5 5 5 5 5 5 5 5 5 5 5 5 5 5 5 5 5 5 5 5 5 5 5 5 5 5 5 5 5 5 5 5 5 5 5 5 5 5 5 5 5 5 5 5 5 5 5 5 5 5 5 5 5 5 5 5 5 5 5 5 5 5 5 5 5 5 5 5 5 5 5 5 5 5 5 5 5 5 5 5 5 5 5 5 5 5 5 5 5 5 5 5 5 5 5 5 5 5 5 5 5 5 5 5 5 5 5 5 5 5 5 5 5 5 5 5 5 5 5 5 5 5 5 5 5 5 5 5 5 5 5 5 5 5 5 5 5 5 5 5 5 5 5 5 5 5 5 5 5 5 5 5 5 5 5 5 5 5 5 5 5 5 5 5 5 5 5 5 5 5 5 5 5 5 5 5 5 5 5 5 5 5 5 5 5 5 5 5 5 5 5 5 5 5 5 5 5 5 5 5 5 5 5 5 5 5 5 5 5 5 5 5 5 5 5 5 5 5 5 5 5 5 5 5 5 5 5 5 5 5 5 5 5 5 5 5 5 5 5 5 5 5 5 5 5 5 5 5 5 5 5 5 5 5 5 5 5 5 5 5 5 5 5 5 5 5 5 5 5 5 5 5 5 5 5 5 5 5 5 5 5 5 5 5 5 5 5 5 5 5 5 5 5 5 5 5 5 5 5 5 5 5 5 5 5 5 5 5 5 5 5 5 5 5 5 5 5 5 5 5 5 5 5 5 5 5 5 5 5 5 5 5 5 5 5 5 5 5 5 5 5 5 5 5 5 5 5 5 5 5 5 5 5 5 5 5 5 5 5 5 5 5 5 5 5 5 5 5 5 5 5 5 5 5 5 5 5 5 5 5 5 5 5 5 5 5 5 5 5 5 5 5 5 5 5 5 5 5 5 5 5 5 5 5 5 5 5 5 5 5 5 5 5 5 5 5 5 5 5 5 5 5 5 5 5 5 5 5 5 5 5 5 5 5 5 5 5 5 5 5 5 5 5 5 5 5 5 5 5 5 5 5 5 5 5 5 5 5 5 5 5 5 5 5 5 5 5 5 5 5 5 5 5 5 5 5 5 5 5 5 5 5 5 5 5 5 5 5 5 5 5 5 5 5 5 5 5 5 5 5 5 5 5 5 5 5 5 5 5 5 5 5 5 5 5 5 5 5 5 5 5 5 5 5 5 5 5 5 5 5 5 5 5 5 5 5 5 5 5 5 5 5 5 5 5 5 5 5 5 5 5 5 5 5 5 5 5 5 5 5 5 5 5 5 5 5 5 5 5 5 5 5 5 5 5 5 5 5 5 5 5 5 5 5 5 5 5 5 5 5 5 5 5 5 5 5 5 5 5 5 5 5 5 5 5 5 5 5 5 5 5 5 5 5 5 5 5 5 5 5 5 5 5 5 5 5 5 5 5 5 5 5 5 5 5 5 5 5 5 5 5 5 5 5 5 5 5 5 5 5 5 5 5 5 5 5 5 5 5 5 5 5 5 5 5 5 5 5 5 5 5 5 5 5 5 5 5 5 5 5 5 5 5 5 5 5 5 5 5 5 5 5 5 5 5 5 5 5 5 5 5 5 5 5 5 5 5 5 5 5 5 5 5 5 5 5 5 5 5 5 5 5 5 5 5 5 5 5 5 5 5 5 5 5 5 5 5 5 5 5 5 5 5 5 5 5 5 5 5 5 5 5 5 5 5 5 5 5 5 5 5 5 5 5 5 5 5 5 5 5 5 5 5 5 5 5 5 5 5 5 5 5 5 5 5 5 5 5 5 5 5 5 5 5 5 5 5 5 5 5 5 5 5 5 5 5 5 5 5 5 5 5 5 5 5 5 5 5 5 5 5 5 5 5 5 5 5 5 5 5 5 5 5 5 5 5 5 5 5 5 5 5 5 5 5 5 5 5 5 5 5 5 5 5 5 5 5 5 5 5 5 5 5 5 5 5 5 5 5 5 5 5 5 5 5 5 5 5 5 5 5 5 5 5 5 5 5 5 5 5 5 5 5 5 5 5 5 5 5 5 5 5 5 5 5 5 5 5 5 5 5 5 5 5 5 5 5 5 5 5 5 5 5 5 5 5 5 5 5 5 5 5 5 5 5 5 5 5 5 5 5 5 5 5 5 5 5 5 5 5 5 5 5 5 5 5 5 5 5 5 5 5 5 5 5 5 5 5 5 5 5 5 5 5 5 5 5 5 5 5 5 5 5 5 5 5 5 5 5 5 5 5 5 5 5 5 5 5 5 5 5 5 5 5 5 5 5 5 5 5 5 5 5 5 5 5 5 5 5 5 5 5 5 5 5 5 5 5 5 5 5 5 5 5 5 5 5 5 5 5 5 5 5 5 5 5 5 5 5 5 5 5 5 5 5 5 5 5 5 5 5 5 5 5 5 5 5 5 5 5 5 5 5 5 5 5 5 5 5 5 5 5 5 5 5 5 5 5 5 5 5 5 5 5 5 5 5 5 5 5 5 5 5 5 5 5 5 5 5 5 5 5 5 5 5 5 5 5 5 5 5 5 5 5 5 5 5 5 5 5 5 5 5 5 5 5 5 5 5 5 5 5 5 5 5 5 5 5 5 5 5 5 5 5 5 5 5 5 5 5 5 5 5 5 5 5 5 5 5 5 5 5 5 5 5 5 5 5 5 5 5 5 5 5 5 5 5 5 5 5 5 5 5 5 5 5 5 5 5 5 5 5 5 5 5 5 5 5 5 5 5 5 5 5 5 5 5 5 5 5 5 5 5 5 5 5 5 5 5 5 5 5 5 5 5 5 5 5 5 5 5 5 5 5 5 5 5 5 5 5 5 5 5 5 5 5 5 5 5 5 5 5 5 5 5 5 5 5 5 5 5 5 5 5 5 5 5 5 5 5 5 5 5 5 5 5 5 5 5 5 5 5 5 5 5 5 5 5 5 5 5 5 5 5 5 5 5 5 5 5 5 5 5 5 5 5 5 5 5 5 5 5 5 5 5 5 5 5 5 5 5 5 5 5 5 5 5 5 5 5 5 5 5 5 5 5 5 5 5 5 5 5 5 5 5 5 5 5 5 5 5 5 5 5 5 5 5 5 5 5 5 5 5 5 5 5 5 5 5 5 5 5 5 5 5 5 5 5 5 5 5 5 5 5 5 5 5 5 5 5 5 5 5 5 5 5 5 5 5 5 5 5 5 5 5 5 5 5 5 5 5 5 5 5 5 5 5 5 5 5 5 5 5 5 5 5 5 5 5 5 5 5 5 5 5 5 5 5 5 5 5 5 5 5 5 5 5 5 5 5 5 5 5 5 5 5 5 5 5 5 5 5 5 5 5 5 5 5 5 5 5 5 5 5 5 5 5 5 5 5 5 5 5 5 5 5 5 5 5 5 5 5 5 5 5 5 5 5 5 5 5 5 5 5 5 5 5 5 5 5 5 5 5 5 5 5 5 5 5 5 5 5 5 5 5 5 5 5 5 5 5 5 5 5 5 5 5 5 5 5 5 5 5 5 5 5 5 5 5 5 5 5 5 5 5 5 5 5 5 5 5 5 5 5 5 5 5 5 5 5 5 5 5 5 5 5 5 5 5 5 5 5 5 5 5 5 5 5 5 5 5 5 5 5 5 5 5 5 5 5 5 5 5 5 5 5 5 5 5 5 5 5 5 5 5 5 5 5 5 5 5 5 5 5 5 5 5 5 5 5 5 5 5 5 5 5 5 5 5 5 5 5 5 5 5 5 5 5 5 5 5 5 5 5 5 5 5 5 5 5 5 5 5 5 5 5 5 5 5 5 5 5 5 5 5 5 5 5 5 5 5 5 5 5 5 5 5 5 5 5 5 5 5 5 5 5 5 5 5 5 5 5 5 5 5 5 5 5 5 5 5 5 5 5 5 5 5 5 5 5 5 5 5 5 5 5 5 5 5 5 5 5 5 5 5 5 5 5 5 5 5 5 5 5 5 5 5 5 5 5 5 5 5 5 5 5 5 5 5 5 5 5 5 5 5 5 5 5 5 5 5 5 5 5 5 5 5 5 5 5 5 5 5 5 5 5 5 5 5 5 5 5 5 5 5 5 5 5 5 5 5 5 5 5 5 5 5 5 5 5 5 5 5 5 5 5 5 5 5 5 5 5 5 5 5 5 5 5 5 5 5 5 5 5 5 5 5 5 5 5 5 5 5 5 5 5 5 5 5 5 5 5 5 5 5 5 5 5 5 5 5 5 5 5 5 5 5 5 5 5 5 5 5 5 5 5 5 5 5 5 5 5 5 5 5 5 5 5 5 5 5 5 5 5 5 5 5 5 5 5 5 5 5 5 5 5 5 5 5 5 5 5 5 5 5 5 5 5 5 5 5 5 5 5 5 5 5 5 5 5 5 5 5 5 5 5 5 5 5 5 5 5 5 5 5 5 5 5 5 5 5 5 5 5 5 5 5 5 5 5 5 5 5 5 5 5 5 5 5 5 5 5 5 5 5 5 5 5 5 5 5 5 5 5 5 5 5 5 5 5 5 5 5 5 5 5 5 5 5 5 5 5 5 5 5 5 5 5 5 5 5 5 5 5 5 5 5 5 5 5 5 5 5 5 5 5 5 5 5 5 5 5 5 5 5 5 5 5 5 5 5 5 5 5 5 5 5 5 5 5 5 5 5 5 5 5 5 5 5 5 5 5 5 5 5 5 5 5 5 5 5 5 5 5 5 5 5 5 5 5 5 5 5 5 5 5 5 5 5 5 5 5 5 5 5 5 5 5 5 5 5 5 5 5 5 5 5 5 5 5 5 5 5 5 5 5 5 5 5 5 5 5 5 5 5 5 5 5 5 5 5 5 5 5 5 5 5 5 5 5 5 5 5 5 5 5 5 5 5 5 5 5 5 5 5 5 5 5 5 5 5 5 5 5 5 5 5 5 5 5 5 5 5 5 5 5 5 5 5 5 5 5 5 5 5 5 5 5 5 5 5 5 5 5 5 5 5 5 5 5 5 5 5 5 5 5 5 5 5 5 5 5 5 5 5 5 5 5 5 5 5 5 5 5 5 5 5 5 5 5 5 5 5 5 5 5 5 5 5 5 5 5 5 5 5 5 5 5 5 5 5 5 5 5 5 5 5 5 5 5 5 5 5 5 5 5 5 5 5 5 5 5 5 5 5 5 5 5 5 5 5 5 5 5 5 5 5 5 5 5 5 5 5 5 5 5 5 5 5 5 5 5 5 5 5 5 5 5 5 5 5 5 5 5 5 5 5 5 5 5 5 5 5 5 5 5 5 5 5 5 5 5 5 5 5 5 5 5 5 5 5 5 5 5 5 5 5 5 5 5 5 5 5 5 5 5 5 5 5 5 5 5 5 5 5 5 5 5 5 5 5 5 5 5 5 5 5 5 5 5 5 5 5 5 5 5 5 5 5 5 5 5 5 5 5 5 5 5 5 5 5 5 5 5 5 5 5 5 5 5 5 5 5 5 5 5 5 5 5 5 5 5 5 5 5 5 5 5 5 5 5 5 5 5 5 5 5 5 5 5 5 5 5 5 5 5 5 5 5 5 5 5 5 5 5 5 5 5 5 5 5 5 5 5 5 5 5 5 5 5 5 5 5 5 5 5 5 5 5 5 5 5 5 5 5 5 5 5 5 5 5 5 5 5 5 5 5 5 5 5 5 5 5 5 5 5 5 5 5 5 5 5 5 5 5 5 5 5 5 5 5 5 5 5 5 5 5 5 5 5 5 5 5 5 5 5 5 5 5 5 5 5 5 5 5 5 5 5 5 5 5 5 5 5 5 5 5 5 5 5 5 5 5 5 5 5 5 5 5 5 5 5 5 5 5 5 5 5 5 5 5 5 5 5 5 5 5 5 5 5 5 5 5 5 5 5 5 5 5 5 5 5 5 5 5 5 5 5 5 5 5 5 5 5 5 5 5 5 5 5 5 5 5 5 5 5 5 5 5 5 5 5 5 5 5 5 5 5 5 5 5 5 5 5 5 5 5 5 5 5 5 5 5 5 5 5 5 5 5 5 5 5 5 5 5 5 5 5 5 5 5 5 5 5 5 5 5 5 5 5 5 5 5 5 5 5 5 5 5 5 5 5 5 5 5 5 5 5 5 5 5 5 5 5 5 5 5 5 5 5 5 5 5 5 5 5 5 5 5 5 5 5 5 5 5 5 5 5 5 5 5 5 5 5 5 5 5 5 5 5 5 5 5 5 5 5 5 5 5 5 5 5 5 5 5 5 5 5 5 5 5 5 5 5 5 5 5 5 5 5 5 5 5 5 5 5 5 5 5 5 5 5 5 5 5 5 5 5 5 5 5 5 5 5 5 5 5 5 5 5 5 5 5 5 5 5 5 5 5 5 5 5 5 5 5 5 5 5 5 5 5 5 5 5 5 5 5 5 5 5 5 5 5 5 5 5 5 5 5 5 5 5 5 5 5 5 5 5 5 5 5 5 5 5 5 5 5 5 5 5 5 5 5 5 5 5 5 5 5 5 5 5 5 5 5 5 5 5 5 5 5 5 5 5 5 5 5 5 5 5 5 5 5 5 5 5 5 5 5 5 5 5 5 5 5 5 5 5 5 5 5 5 5 5 5 5 5 5 5 5 5 5 5 5 5 5 5 5 5 5 5 5 5 5 5 5 5 5 5 5 5 5 5 5 5 5 5 5 5 5 5 5 5 5 5 5 5 5 5 5 5 5 5 5 5 5 5 5 5 5 5 5 5 5 5 5 5 5 5 5 5 5 5 5 5 5 5 5 5 5 5 5 5 5 5 5 5 5 5 5 5 5 5 5 5 5 5 5 5 5 5 5 5 5 5 5 5 5 5 5 5 5 5 5 5 5 5 5 5 5 5 5 5 5 5 5 5 5 5 5 5 5 5 5 5 5 5 5 5 5 5 5 5 5 5 5 5 5 5 5 5 5 5 5 5 5 5 5 5 5 5 5 5 5 5 5 5 5 5 5 5 5 5 5 5 5 5 5 5 5 5 5 5 5 5 5 5 5 5 5 5 5 5 5 5 5 5 5 5 5 5 5 5 5 5 5 5 5 5 5 5 5 5 5 5 5 5 5 5 5 5 5 5 5 5 5 5 5 5 5 5 5 5 5 5 5 5 5 5 5 5 5 5 5 5 5 5 5 5 5 5 5 5 5 5 5 5 5 5 5 5 5 5 5 5 5 5 5 5 5 5 5 5 5 5 5 5 5 5 5 5 5 5 5 5 5 5 5 5 5 5 5 5 5 5 5 5 5 5 5 5 5 5 5 5 5 5 5 5 5 5 5 5 5 5 5 5 5 5 5 5 5 5 5 5 5 5 5 5 5 5 5 5 5 5 5 5 5 5 5 5 5 5 5 5 5 5 5 5 5 5 5 5 5 5 5 5 5 5 5 5 5 5 5 5 5 5 5 5 5 5 5 5 5 5 5 5 5 5 5 5 5 5 5 5 5 5 5 5 5 5 5 5 5 5 5 5 5 5 5 5 5 5 5 5 5 5 5 5 5 5 5 5 5 5 5 5 5 5 5 5 5 5 5 5 5 5 5 5 5 5 5 5 5 5 5 5 5 5 5 5 5 5 5 5 5 5 5 5 5 5 5 5 5 5 5 5 5 5 5 5 5 5 5 5 5 5 5 5 5 5 5 5 5 5 5 5 5 5 5 5 5 5 5 5 5 5 5 5 5 5 5 5 5 5 5 5 5 5 5 5 5 5 5 5 5 5 5 5 5 5 5 5 5 5 5 5 5 5 5 5 5 5 5 5 5 5 5 5 5 5 5 5 5 5 5 5 5 5 5 5 5 5 5 5 5 5 5 5 5 5 5 5 5 5 5 5 5 5 5 5 5 5 5 5 5 5 5 5 5 5 5 5 5 5 5 5 5 5 5 5 5 5 5 5 5 5 5 5 5 5 5 5 5 5 5 5 5 5 5 5 5 5 5 5 5 5 5 5 5 5 5 5 5 5 5 5 5 5 5 5 5 5 5 5 5 5 5 5 5 5 5 5 5 5 5 5 5 5 5 5 5 5 5 5 5 5 5 5 5 5 5 5 5 5 5 5 5 5 5 5 5 5 5 5 5 5 5 5 5 5 5 5 5 5 5 5 5 5 5 5 5 5 5 5 5 5 5 5 5 5 5 5 5 5 5 5 5 5 5 5 5 5 5 5 5 5 5 5 5 5 5 5 5 5 5 5 5 5 5 5 5 5 5 5 5 5 5 5 5 5 5 5 5 5 5 5 5 5 5 5 5 5 5 5 5 5 5 5 5 5 5 5 5 5 5 5 5 5 5 5 5 5 5 5 5 5 5 5 5 5 5 5 5 5 5 5 5 5 5 5 5 5 5 5 5 5 5 5 5 5 5 5 5 5 5 5 5 5 5 5 5 5 5 5 5 5 5 5 5 5 5 5 5 5 5 5 5 5 5 5 5 5 5 5 5 5 5 5 5 5 5 5 5 5 5 5 5 5 5 5 5 5 5 5 5 5 5 5 5 5 5 5 5 5 5 5 5 5 5 5 5 5 5 5 5 5 5 5 5 5 5 5 5 5 5 5 5 5 5 5 5 5 5 5 5 5 5 5 5 5 5 5 5 5 5 5 5 5 5 5 5 5 5 5 5 5 5 5 5 5 5 5 5 5 5 5 5 5 5 5 5 5 5 5 5 5 5 5 5 5 5 5 5 5 </DataArray>
</Cells>
<PointData  Scalars="f_398737"> 
<DataArray  type="Float64"  Name="f_398737"  format="ascii">0.0000000000000000e+00  0.0000000000000000e+00  0.0000000000000000e+00  0.0000000000000000e+00  -3.5650348307239388e-03  -3.0196051175753976e-03  -1.7548792731663882e-03  -2.0737629731085276e-03  -1.4526935887640162e-03  1.9155691199502385e-03  -2.1931701570898532e-04  -2.5646029734945710e-03  -1.8091174648379750e-03  3.7052431000300090e-03  -2.2460382363810620e-03  -7.4160221765972260e-03  -7.8332329350775613e-03  -1.9449550354451596e-03  -1.4349241284035445e-03  -4.0172827257004932e-03  -3.8523957556652667e-03  0.0000000000000000e+00  0.0000000000000000e+00  -4.1867654648665631e-03  -4.1237573970230122e-03  0.0000000000000000e+00  0.0000000000000000e+00  0.0000000000000000e+00  0.0000000000000000e+00  -3.1052348395735346e-04  -6.0837975921242799e-04  0.0000000000000000e+00  0.0000000000000000e+00  4.4217825242593106e-04  5.1181510132609648e-04  0.0000000000000000e+00  0.0000000000000000e+00  0.0000000000000000e+00  0.0000000000000000e+00  0.0000000000000000e+00  0.0000000000000000e+00  0.0000000000000000e+00  0.0000000000000000e+00  1.6823596193799991e-04  0.0000000000000000e+00  1.7279001571035240e-04  0.0000000000000000e+00  5.6218689655277083e-04  5.5111027274588875e-04  1.0658008331282062e-03  1.6671811389204106e-04  1.5254410000863869e-04  0.0000000000000000e+00  0.0000000000000000e+00  2.3687223816657509e-04  2.3302078480229435e-04  5.4265887692410669e-04  -7.0476280668283332e-04  -4.1505388153536020e-04  -3.7662646776295236e-04  -6.1860561015886011e-04  -1.3283550388475601e-04  0.0000000000000000e+00  1.9731561647454751e-04  -1.0237606299424876e-04  0.0000000000000000e+00  0.0000000000000000e+00  0.0000000000000000e+00  0.0000000000000000e+00  0.0000000000000000e+00  5.6675394287541637e-05  7.8633420689871449e-04  2.3507109109031202e-04  -7.8555210257979385e-05  1.3662853459572757e-04  7.8131684872216259e-05  2.0915754151348367e-04  5.2780541991742278e-04  -4.9481067805341771e-04  -4.4629377470420205e-04  0.0000000000000000e+00  3.6533995472847597e-04  2.2173693543891323e-04  -1.3940167348947398e-03  -3.9298556934406160e-03  -3.9494934649181501e-03  -4.7485649623033689e-04  0.0000000000000000e+00  -6.5510616704569198e-04  -4.0304685552834058e-03  -3.8309306604996586e-03  -1.4044333415579448e-03  0.0000000000000000e+00  0.0000000000000000e+00  0.0000000000000000e+00  0.0000000000000000e+00  0.0000000000000000e+00  0.0000000000000000e+00  0.0000000000000000e+00  0.0000000000000000e+00  8.3577402494293391e-05  2.1265659570661889e-04  -7.5880356635247591e-05  7.9825256296245053e-05  9.0499522228616692e-04  2.6905125049841994e-04  0.0000000000000000e+00  1.1734651444493809e-04  1.2537596360301953e-04  5.2542648662794894e-04  7.9784985840527481e-04  5.1371173325359314e-05  2.8609099470216180e-04  4.0121382623149922e-04  3.2047853352748946e-04  2.4465175883324339e-04  0.0000000000000000e+00  0.0000000000000000e+00  1.9291463492076945e-04  7.2037306198564346e-04  -3.1851600031504809e-04  -2.8580459578026688e-04  -5.0059036483170074e-04  6.5471201988033577e-04  2.0953946836572531e-04  0.0000000000000000e+00  7.2470532465165481e-05  1.0692365910989271e-03  7.3983635589824952e-05  4.6076066440559398e-05  0.0000000000000000e+00  7.3434707500502318e-05  3.2533704204127707e-04  -6.7476059678424566e-04  7.8023658514197092e-05  2.7435310161752973e-04  6.8106685808829744e-05  1.2688145856830401e-04  1.0724287592670950e-04  0.0000000000000000e+00  0.0000000000000000e+00  0.0000000000000000e+00  1.1083400843871625e-04  4.2764597273794173e-04  6.1124395100367048e-05  1.3548691956350757e-04  2.0736331926444007e-04  9.4541251367045968e-05  3.2829976557209555e-05  -2.8532165974400812e-04  -2.5755481590484868e-04  5.5366421646072515e-04  6.9256756409631008e-04  -7.2780456607960211e-04  -9.3917398542660714e-04  -2.3835565846040547e-04  -5.4376885159435463e-04  -2.9491630602700673e-04  -2.2694971683523071e-04  -9.6401778416574857e-04  -6.1352882375650952e-04  -2.0458775655724299e-04  1.6530076511529426e-04  5.0231168597894943e-05  6.3322864140145861e-05  -4.6172623548217123e-04  -5.4515737964711420e-04  7.5089867350584406e-05  2.2075623215150837e-04  1.3699722358260466e-04  -7.0037556812319773e-04  -7.7016876737525511e-05  8.6016350381865541e-05  1.8128280364479758e-04  -4.7032314751539489e-04  0.0000000000000000e+00  1.2450939325623191e-04  -2.1763443798606270e-04  1.6921956972992317e-04  3.9656759414696900e-04  3.2760962275864617e-04  4.0978850197569513e-04  4.6279314862690112e-06  5.0884150375417282e-04  2.5617497078426674e-05  7.2524675637485297e-04  0.0000000000000000e+00  1.7269125387741301e-05  0.0000000000000000e+00  2.5566674786147239e-04  7.1529612419686528e-04  0.0000000000000000e+00  1.1052807398433904e-04  5.0777183130812907e-04  1.0791026405523025e-04  5.2530551674051192e-04  -4.0874865989892116e-05  3.4117361831440538e-04  -3.0373560929311473e-04  0.0000000000000000e+00  7.6843108683014190e-05  3.1061253233636752e-04  2.0158130494723843e-04  2.0680384217480898e-04  2.7428366078868880e-04  4.8912291702258291e-04  1.5268410880779862e-04  0.0000000000000000e+00  5.4960494142684618e-04  2.5739946857497695e-04  9.6741055865255145e-05  4.4906629070626977e-05  -2.1178048053846873e-04  -2.2583803637283618e-04  5.2744619597129187e-05  5.1007287767964205e-04  4.0455631071515355e-05  1.1211378130567808e-04  -1.1479809917549788e-03  3.4793465861522181e-04  2.5740877025093973e-04  9.9556125142581878e-05  -2.3500278438940998e-04  8.9636086134003425e-04  8.6989428250997404e-04  3.3591352491448022e-05  2.6832193609883909e-04  2.7182536592201043e-05  -1.6193657147526219e-03  7.3266738946512605e-04  9.2592730365233770e-05  -8.5973913710665067e-04  -6.2652945012404027e-04  -6.9641447081012268e-04  -5.6571399923358284e-04  0.0000000000000000e+00  5.4048802217995448e-04  0.0000000000000000e+00  7.6996005861366186e-04  1.1652568590771993e-03  -7.8584832570789836e-05  1.0830583066674796e-03  1.2306897663973270e-04  5.1299631668669189e-04  7.9094366853982778e-04  5.0725355751162003e-04  1.2017303165538586e-04  1.0544007400944425e-04  0.0000000000000000e+00  0.0000000000000000e+00  1.4314486351333465e-04  1.7096175295548951e-04  -3.3695186040657342e-03  -9.2770341246241892e-04  -3.6207288524521750e-03  -7.8322596533026486e-04  -3.9406794398609123e-03  -1.2424743502916446e-03  -4.1431371903245719e-03  -5.1578080835628585e-04  -3.9269416986954138e-03  -4.8837176001775417e-04  -4.1266149365912289e-03  -1.1110290756368431e-03  -3.5831743349328577e-03  -5.1426061801177197e-04  -3.2121216853747774e-03  -1.4483312150571769e-03  1.5381783417995262e-04  3.0592135270573529e-04  0.0000000000000000e+00  1.7274017702820083e-05  -4.1356612777644012e-04  2.3829389461147465e-04  -5.5515308310810738e-04  -1.0469231577971933e-04  -5.7728082560005794e-04  -6.1680176073842391e-04  -1.0917353468641649e-03  5.7076710523574229e-05  1.1225351548680627e-04  2.0245886214978294e-04  1.4138276086659733e-04  3.5111324730931113e-05  5.7915604521751569e-05  -2.0727850437787078e-03  0.0000000000000000e+00  3.4273787386746443e-05  1.3797173739365324e-04  3.4881942743763541e-04  2.5723888156619718e-04  3.6422452697318944e-04  9.6764481195706976e-05  1.0556607420983301e-04  1.4778528120803480e-04  3.2692871892779342e-04  1.8214649077907127e-04  0.0000000000000000e+00  0.0000000000000000e+00  0.0000000000000000e+00  0.0000000000000000e+00  0.0000000000000000e+00  0.0000000000000000e+00  0.0000000000000000e+00  0.0000000000000000e+00  0.0000000000000000e+00  0.0000000000000000e+00  0.0000000000000000e+00  0.0000000000000000e+00  0.0000000000000000e+00  0.0000000000000000e+00  0.0000000000000000e+00  0.0000000000000000e+00  0.0000000000000000e+00  0.0000000000000000e+00  0.0000000000000000e+00  0.0000000000000000e+00  4.1159763487636137e-04  3.7401729477082578e-04  5.9900183134847204e-05  4.0347445473471511e-05  3.7216116129106356e-05  -3.1261860241247065e-06  3.2527499323127715e-05  2.8160961297182596e-04  -3.8064437596557163e-04  -4.4327997845891207e-04  2.1525866046242723e-04  3.8663100286059091e-04  6.2807879075406960e-05  4.7272016924269295e-05  -3.8357067379558786e-04  3.8134097694794927e-04  -1.8015180088110815e-04  3.4074286636167505e-04  8.6562705435575308e-04  7.9577113454662183e-05  1.7958244388102413e-04  -3.0626615290067647e-04  -1.7317937188373355e-04  1.1788654744183744e-04  5.8591316271348025e-04  -3.8344915982121218e-05  1.3163926291488172e-04  -2.0560607912644652e-04  6.1489486024847098e-05  3.9768939719838400e-04  5.3561400859145644e-04  1.4599500967746940e-03  4.2075078376217588e-04  -1.4100014090350215e-04  -4.2549795693553694e-04  5.1137462557502089e-05  1.0268474277008128e-05  0.0000000000000000e+00  1.3353747137597759e-04  4.3394928099257772e-04  2.0381743494344464e-04  -1.7547056361640154e-04  5.2990775195786312e-05  1.0565326612232344e-04  -1.3782607005005985e-04  -3.8938618423204154e-04  7.8009507753555325e-04  2.9591330441108881e-04  -8.2769422436452156e-04  1.4340314361941284e-04  -3.2446429887790424e-03  -4.0089464292174942e-03  -3.1575383364996585e-03  -3.3754620736860673e-03  -2.3281420603181555e-03  -3.7799447181616347e-03  -3.9082095071111119e-03  -3.2872360630348431e-04  9.3992822887541315e-05  1.2336055555792530e-04  4.0211616688808714e-05  1.1558626142022074e-04  6.8242608995016526e-05  4.0121752648628842e-04  0.0000000000000000e+00  -1.7723444152323204e-03  2.3977061319843641e-04  2.1263051645514626e-04  2.1421890016584162e-04  3.9666345267325723e-04  9.7617659813211254e-05  -3.5606135007539104e-03  -1.0451805896572886e-03  4.5448033340768275e-04  1.5625262799897846e-04  5.9896759231861695e-04  1.6727688917479695e-04  6.7400827798293878e-04  1.9748560338486150e-03  -7.3182376785442072e-05  -1.6670245051792939e-05  4.5487304770917657e-04  -2.8371267433710800e-04  0.0000000000000000e+00  3.8590230517661960e-05  1.4950733537100912e-04  3.8318177466341714e-04  0.0000000000000000e+00  2.2208737829648354e-04  7.4680625112499602e-05  1.9489945627445410e-05  3.2777051671972404e-04  -1.3044317021149001e-03  5.8662135529647459e-04  1.9060704306285558e-04  -1.2906462279624835e-04  5.4959628984094687e-05  7.0942773786157449e-05  -3.4051273518802773e-06  2.2417877941939004e-04  3.2654524091906928e-04  4.6142985841747129e-04  3.4345824686685730e-04  1.4220026536410500e-04  -1.0702340266906102e-03  0.0000000000000000e+00  9.2900779023125666e-05  6.0328153274708249e-05  3.2611663978855812e-04  2.5608018398247826e-05  4.8214726996881894e-05  1.6802220223464289e-04  -4.0270041481341629e-04  -7.8833509507969600e-04  3.5537066152364140e-05  -1.1329513241336111e-03  -1.9801535053909900e-04  3.2060093336805063e-05  6.6410518864624873e-05  2.7429066843411693e-04  7.7420734892009606e-05  -1.4588778887986135e-05  5.4846360100247338e-04  4.4330049970146233e-04  1.1717730564505079e-04  1.6169232931767587e-04  0.0000000000000000e+00  4.8669257867026056e-05  0.0000000000000000e+00  -1.7627394754792232e-03  -3.9413042914919130e-04  -6.4103917596212154e-04  0.0000000000000000e+00  8.4724901010138905e-05  3.5421037856461530e-04  2.0306872995967895e-04  2.4981698851659869e-04  1.7807062204570415e-04  5.9945079179925240e-05  1.8941452596851982e-04  -7.6640127838828849e-05  1.0322975080125225e-04  1.4396694334824859e-05  5.9023504385223502e-05  2.7344779499213127e-04  -1.8274296057291069e-04  8.3707294725566628e-04  9.8444092233812054e-05  9.2905754472734662e-04  5.1384059902504127e-04  3.1250276667268530e-05  1.2303329175658388e-04  3.2043814162198642e-04  5.0419503060689607e-04  7.0942813648060613e-04  -1.0163366425967484e-03  3.6914810376777523e-05  5.1166855795569465e-05  -5.5209325859297085e-04  7.6496950710401796e-05  0.0000000000000000e+00  2.0550253972102465e-05  0.0000000000000000e+00  0.0000000000000000e+00  0.0000000000000000e+00  0.0000000000000000e+00  0.0000000000000000e+00  0.0000000000000000e+00  0.0000000000000000e+00  -9.1276106892371885e-06  1.8260333783894647e-04  5.1958177615984448e-04  5.2933179184166782e-05  8.5960745434015913e-06  1.1968439580837279e-04  3.9238133419458471e-05  4.1121275558841582e-05  5.5689342791310150e-05  4.5775252650107637e-05  2.3626561654509160e-05  3.6160790902810914e-04  -7.2043907802020533e-04  3.0849089271451074e-04  -4.0004747616243424e-04  -1.2489996975688879e-04  -1.5457665622169457e-04  1.9856134504436429e-04  -7.4554631349295450e-04  9.7343558543327874e-05  -1.5809029874485020e-03  6.5264419779367106e-04  6.0649115379075612e-05  1.4646512621396680e-04  6.6809915006709950e-04  -1.4483202776354029e-04  4.4488611195855332e-05  -3.2921977176764080e-04  -4.5401179879403752e-04  -5.2588788712104812e-04  -6.1715741305932049e-04  -5.0956659024637384e-04  -4.8698404394713346e-04  -1.6576045013648238e-04  -4.1215829309368033e-04  -8.4768261182720163e-04  1.0247528094537025e-04  -8.2867895997950305e-05  1.0348293520946981e-03  1.1469408526017663e-03  -3.2391828393799993e-03  -8.9549707833156994e-04  -6.7036966948675887e-04  -8.0376637810753836e-04  8.9961278408982447e-05  4.3597372955971302e-04  1.2935833466707876e-05  -8.3768358802589608e-04  -1.0148387895931052e-04  -8.0608919471361964e-04  -3.1531642203419692e-04  -1.2074971082451788e-04  2.8510611849416725e-04  -7.0919887940226441e-04  2.0535504437904925e-05  -1.1163637772325942e-04  3.8017345339212242e-05  -5.7307652178415272e-04  1.7303088873891526e-05  1.1962733606552326e-05  -2.9527940024304960e-04  1.9214318048871637e-04  1.1914804231142909e-04  2.1518148336425303e-04  -8.0489038414567542e-05  2.0560807640628446e-04  -3.8121178272734985e-04  3.6884613506674778e-05  5.1512476646168631e-05  1.7537888034365259e-04  1.8553160768301758e-04  -9.7161162824343296e-05  4.6590025095394555e-04  1.0965604417170860e-04  -4.8274278694124289e-04  8.6310804067270069e-04  5.6485156108664254e-04  -1.0706404909648734e-03  1.0637762179990863e-04  5.1213841403688774e-05  -4.3123852619622875e-04  5.5274902078664568e-04  -2.9649386239455100e-04  3.8870659566645833e-05  -3.9355209871193633e-04  -6.8542102864492299e-04  -5.0964174887437204e-04  4.0069604598807237e-04  2.2973866418164541e-05  2.9012838969578217e-04  -1.1012953199945035e-04  -2.4804157413098077e-04  -2.4406775905950432e-04  -1.7323830745888673e-03  4.8344800635986222e-04  1.6022348575138446e-05  -5.9044958912548066e-04  -3.7973006873103800e-04  -3.7954377654962073e-03  4.3241553711378501e-05  0.0000000000000000e+00  0.0000000000000000e+00  3.1721217975406676e-05  7.7587285768732084e-05  -3.5715751979702377e-04  2.9354251999768668e-05  4.5950541024910052e-05  5.7322938012124044e-04  -6.5917134985669121e-04  3.3562268105489384e-04  3.2202510237692891e-04  -5.7866292772309645e-04  -3.5797724933125897e-04  3.0788323677185777e-04  -4.4013262813271916e-04  0.0000000000000000e+00  -1.1543169452930076e-04  -3.8979738889067069e-04  -2.8227183030777952e-04  4.0227701821639252e-04  3.2124371827690863e-05  6.2766592449143188e-04  2.0832215256577090e-04  0.0000000000000000e+00  6.8537529794481184e-04  2.2189717263780244e-04  -2.3185537056464874e-05  6.8638895587991050e-04  2.8558042331728114e-04  3.6140683708091613e-04  2.4721188154182083e-04  7.0103198279996475e-04  8.2166930622815072e-04  6.2195166719088829e-04  4.6171822494465862e-04  6.0207996368281350e-04  3.1592293249175330e-04  2.5780851367204457e-04  6.3499587070071304e-05  2.3649027712370076e-04  1.8629105172931004e-04  -4.3410320150522849e-04  4.1825073055633651e-04  4.8573255792715045e-04  3.3641685563582166e-04  9.0477973111643543e-07  1.0255157418139519e-04  8.5095313105757434e-06  0.0000000000000000e+00  4.7328749169047032e-04  6.4221761942399739e-05  1.1382336955633502e-04  2.7110052763186553e-04  0.0000000000000000e+00  2.7252116897608546e-05  2.4474266513535606e-05  3.8676170939936733e-04  0.0000000000000000e+00  7.0566873680780081e-05  1.6543009253354411e-04  3.0766199356156265e-04  1.5334445372157599e-04  6.3101280870587128e-04  -8.5411783368479410e-04  1.5687002828239739e-05  1.5737884912456616e-04  9.8431753521816036e-05  7.7875431094642463e-04  6.4445237607042242e-04  3.4593430748196795e-04  1.2903231901808550e-04  0.0000000000000000e+00  -8.5256222780099678e-05  -1.7352325553911946e-04  2.3692832146520948e-04  7.0396303131799062e-05  9.2105920557199487e-04  6.2507274885828512e-04  8.1451107209616603e-04  -1.7803991284374266e-04  2.1027833718671683e-04  0.0000000000000000e+00  0.0000000000000000e+00  6.3009183693398348e-05  7.8884405218055087e-05  1.1533163892468373e-04  2.5949960962412522e-04  8.1899569326891955e-05  4.7039196207511154e-04  0.0000000000000000e+00  -1.2375119519283318e-04  8.8669178290284075e-04  9.6596611618830297e-05  7.6252140012576786e-04  1.3502443748637609e-04  8.9382455586825717e-05  -2.5825538498269821e-04  3.3131572617995742e-04  1.8715455288774950e-04  3.2759281639432441e-05  6.0428390980458763e-06  3.6991260865721308e-04  -1.0678500881859596e-04  5.4311012380232838e-04  8.1410242042257759e-05  4.9177123316143586e-05  0.0000000000000000e+00  3.4197537534905787e-03  5.7799155457061928e-06  -9.7704175110629581e-05  -7.2835438765803033e-06  -4.2888780668330083e-05  2.2971426851918435e-04  3.1289512458789365e-04  -4.0759137255972399e-03  -3.8543525891060406e-03  -3.5504139329067333e-03  -3.8617934624457172e-03  -3.9044683553787212e-03  5.6921781430807063e-04  4.9855321288294000e-04  3.8349809190418757e-04  5.5861236870156147e-04  1.9622086589112368e-05  2.3228842107535751e-05  1.8692428648659978e-04  -1.5299401231728803e-03  3.7263898226488982e-04  4.8134909281451362e-04  6.6977803893744734e-04  4.4194120030744977e-05  8.9002257400056471e-04  7.5737282359014164e-05  7.9626582748415086e-04  1.1969586432546963e-04  9.4871758091651825e-05  -1.0087143801515190e-03  7.7333755965027976e-05  3.1306485370189731e-04  2.3056262487055742e-04  1.5210532848453187e-04  1.7419484081444828e-04  -3.4985493415002985e-06  -5.9820574971831205e-04  -2.4935748490579571e-04  -2.8744102559893518e-04  1.2525093579304444e-04  8.9396806428720699e-05  -2.5262703486677088e-04  2.5565586191340608e-04  1.6404470361369066e-05  -4.9143149296281496e-04  0.0000000000000000e+00  -4.0561972192840212e-04  0.0000000000000000e+00  2.7518560558172604e-04  -2.1752446404322266e-03  -3.1375057821927602e-04  -1.0578794893131648e-04  -2.7596096378712276e-04  -1.2317284180925437e-03  -1.0882538660057196e-03  3.8241572421156202e-04  1.4518584702172903e-04  1.6289008249937339e-04  1.3699550784102712e-04  3.9308777504837625e-04  3.1522631886234913e-05  -1.3712145770227263e-04  3.2520793849480481e-04  8.0248151459514055e-04  3.1755522859153689e-05  2.0325453481317821e-05  2.6146735181463084e-05  6.0280838860841002e-04  9.9075217892758872e-05  1.9537738957866148e-04  -1.3808321603038165e-04  1.7533377867515421e-04  -7.2010921913958238e-04  -3.1058010811384950e-04  0.0000000000000000e+00  4.9291461133950843e-04  1.8489806140142658e-04  1.2779194054168711e-04  1.3049693962288958e-04  4.8317766743930917e-04  7.3891499622099580e-04  5.0222768972806075e-04  6.8800595011940676e-04  6.6898477322331661e-04  9.3586481023909298e-05  1.2821138948392272e-04  1.2927443020924380e-05  2.5140215699511712e-04  5.5621562389315175e-04  -3.7584853318097015e-03  2.1233690862825958e-04  -1.1527500482976535e-04  6.0111532711906923e-05  2.5701875016011861e-05  4.1648233820101063e-05  2.3071281707887122e-04  2.3850078999971630e-04  1.1837691595512035e-04  1.0020543976791026e-04  5.7510364746725455e-05  1.7625208206164804e-04  5.3188854552835686e-05  2.3734122887548224e-05  1.7208359608287185e-04  3.1085223053200800e-04  1.5626182903545919e-04  5.2409650317042659e-04  4.3279718968421686e-04  6.3956936068135367e-05  -1.3146004247253597e-03  -3.0047961099548982e-03  -4.1377970250793862e-04  3.6883738814846317e-05  -4.2728475603385244e-04  0.0000000000000000e+00  5.9110550372514688e-05  2.4208477583941124e-04  1.9214866194599450e-04  -3.6097895563397595e-04  -1.1654210106303718e-04  -2.3063337128520723e-03  -1.4266667347810325e-03  0.0000000000000000e+00  6.9963430940073157e-05  4.5187919046215703e-05  -2.1309402886936462e-03  2.0033628729746722e-04  2.3347283349904377e-05  -1.6306254326446727e-04  -3.0154664293585952e-05  1.8995061970520627e-04  6.1788129299618604e-04  2.6848266342917684e-04  2.4019458558285471e-05  1.8928812072726005e-03  -2.3213349067940456e-04  -1.4250647367259799e-03  -1.1550138713406937e-03  8.8253856089909707e-05  -6.0206507097397826e-04  1.4475320811547664e-04  -1.9038061865070887e-04  5.6322142518787604e-05  5.3972877327890794e-05  1.1594790818830348e-04  1.8814983682126714e-05  9.8917639832480525e-05  0.0000000000000000e+00  5.4116863693571984e-04  4.5628224488529804e-04  9.6189559883863031e-04  4.2413374535555471e-04  3.3124975139871110e-05  1.2223764518599030e-05  4.2536216360142056e-05  -1.4699050660200498e-03  4.7744561675755492e-04  8.0379062244865444e-04  -9.0734119816763637e-04  -1.5009172974285660e-03  -7.1872480465678197e-04  1.6817839408366612e-04  9.8510854232994444e-05  0.0000000000000000e+00  -5.8188482944883965e-04  -7.3728190296788916e-04  6.7910290483019507e-05  -5.6448181476218202e-04  8.0240357334658021e-04  -1.2144982081761751e-03  -4.7024911087500547e-04  0.0000000000000000e+00  -4.0980923271087136e-03  -3.7681783987482311e-03  0.0000000000000000e+00  1.6524293170099884e-04  1.5827054278483044e-04  5.4585859526332754e-04  1.3820855487609216e-03  2.1948153928591372e-04  -5.7968026475809929e-04  -5.6045612501490292e-04  -2.7816723697626365e-05  0.0000000000000000e+00  4.8953999163144343e-05  6.2541335540321741e-06  7.3155164471617583e-04  4.8441780192517856e-04  5.8181645095998883e-04  4.9950984125894421e-04  4.6699550744279352e-05  -2.9546112260143520e-04  3.1353058719947390e-04  7.9560531108167391e-05  1.2337225726537628e-04  -6.2270507042851652e-04  1.6844577617250483e-04  1.6879129923428265e-04  6.1739529806257865e-05  6.2103332330439292e-04  7.2404010895811945e-04  8.2782208551589100e-04  7.3830573360025761e-05  3.3681531842410264e-04  0.0000000000000000e+00  2.5274024814039522e-04  8.8721559092454983e-05  9.4196037867454971e-05  -1.6254682453744509e-03  7.2735528192864564e-04  3.3538624035224669e-04  4.5741358925019030e-04  2.8891861596335353e-05  8.9374519719036364e-05  1.3382852550252974e-04  1.2088405949745895e-04  1.7615575387216841e-04  1.5134072904361370e-04  -4.8150102320006682e-04  -5.2876542249378903e-04  2.8221954240393005e-05  1.8332846984495116e-04  1.4712215155601868e-04  3.0118378802034989e-05  1.7441297739064109e-04  1.0856518425245448e-04  -1.2707958458287976e-04  -2.6661763734687582e-04  -3.0043209267005687e-03  -1.1068307315408577e-04  6.9845857875363771e-05  1.9839238067109058e-04  2.5735507221153148e-04  -3.8746274865504768e-03  0.0000000000000000e+00  2.1151203856697670e-04  1.5689241714647557e-05  4.3944291313724796e-05  0.0000000000000000e+00  -4.2559102150078874e-04  -5.0281703420956185e-04  -4.5706386586279510e-04  6.5355572929892464e-04  1.3779032671037476e-04  4.3394886677396068e-04  -5.1155123714974739e-04  1.1391616997184655e-04  4.1708864645430071e-04  6.2419664629462265e-05  1.6847411021172768e-05  2.2264614054090408e-05  -6.7845239432485084e-04  4.5821887025561510e-05  1.1785481887464034e-04  1.5257660940582701e-04  -3.6891115623439896e-03  0.0000000000000000e+00  4.8368354107336317e-05  2.2513281601631641e-05  1.9497949053550709e-04  7.7909940657499852e-05  0.0000000000000000e+00  -1.8731336537827813e-03  -5.9734853498735600e-04  -6.8874567881463031e-04  1.0406531679621959e-04  4.4531537443701059e-04  2.8335267859549505e-05  7.7527791571786422e-05  6.6184424332803638e-05  -5.4516907499977947e-04  -6.7482539733276889e-04  2.4099344700024544e-04  1.0049114826841425e-04  -4.4270667845613556e-05  2.5227939649451718e-04  3.4728057643945779e-04  1.6379058906252199e-04  -4.9381797771541733e-04  -1.5718655326640241e-04  1.6349738885801873e-05  7.9892843117068527e-04  -2.5405974620777488e-04  -4.1802670404381381e-04  6.3408682348909662e-05  -9.1653386549731363e-05  -3.8937451177580278e-04  -7.5618823037366240e-04  2.5263412624822022e-04  -3.6267561152804983e-03  -4.4755500323380182e-04  2.8700540404291953e-05  1.5512499756511561e-05  2.9708040304206128e-04  -5.1255406375006808e-04  2.3799219061905976e-04  1.0929938024355391e-04  4.8349314502418968e-05  4.2071134273726494e-05  4.2741664298484328e-04  2.6115312089327876e-04  2.3819824174963671e-04  2.7944589511305493e-04  5.5220790835502760e-05  -5.5206720696474574e-04  -3.6655239901055802e-04  1.2740152311862692e-04  5.7412144184672555e-05  1.6360942315955937e-04  3.0218461070144356e-05  6.7366233832193468e-05  3.8317694596534641e-04  4.8740320407280506e-04  3.9795060786668109e-04  4.7676004890413726e-05  3.4604123342993614e-04  1.5928232366339083e-04  2.3785599346359926e-04  -1.4212811862194600e-04  2.2460345517920363e-04  -6.5495040878753795e-04  8.3142076976683963e-05  1.3958970710563194e-04  -1.4836666820140185e-05  -1.2366344597855245e-03  -5.3719199070801726e-04  2.8633612961180213e-04  3.2718835780981456e-04  3.7429373669395968e-04  2.8654617571702626e-04  2.4017345112024493e-05  1.8982598811618593e-04  0.0000000000000000e+00  4.8739132250035300e-05  -4.6441031008648872e-04  -3.8934997022221298e-03  0.0000000000000000e+00  0.0000000000000000e+00  0.0000000000000000e+00  0.0000000000000000e+00  0.0000000000000000e+00  0.0000000000000000e+00  0.0000000000000000e+00  0.0000000000000000e+00  0.0000000000000000e+00  0.0000000000000000e+00  -8.4346325365817370e-04  0.0000000000000000e+00  -9.7244008160158961e-04  -3.6991548622332211e-03  0.0000000000000000e+00  0.0000000000000000e+00  -9.0266781256737006e-04  0.0000000000000000e+00  0.0000000000000000e+00  0.0000000000000000e+00  0.0000000000000000e+00  0.0000000000000000e+00  0.0000000000000000e+00  0.0000000000000000e+00  0.0000000000000000e+00  0.0000000000000000e+00  0.0000000000000000e+00  0.0000000000000000e+00  0.0000000000000000e+00  0.0000000000000000e+00  -1.2195726463275142e-03  0.0000000000000000e+00  0.0000000000000000e+00  0.0000000000000000e+00  -2.4939275729473037e-03  -3.9340272977133042e-03  -3.7062828394207395e-03  -3.9084985882157320e-03  -3.8496693679392958e-03  -4.1257385316947094e-03  -4.1352221875511587e-03  0.0000000000000000e+00  0.0000000000000000e+00  -3.7248436094728609e-03  -3.8114151753851620e-03  -3.8839615121415085e-03  -3.7579036994250226e-03  -3.6628607701570492e-03  0.0000000000000000e+00  0.0000000000000000e+00  -3.6075370643391161e-03  -1.5982680054988324e-03  0.0000000000000000e+00  0.0000000000000000e+00  -2.7838733305622964e-03  0.0000000000000000e+00  -3.9333376162151686e-03  1.0775303203649290e-03  -2.9176403566448468e-04  1.0228853178882431e-04  -4.3309991114038014e-03  8.3485795466833406e-06  4.2974296784534959e-04  3.7138796174519746e-04  -3.2124397491831787e-04  -6.9049553262053029e-05  5.7919420084483544e-04  1.1285859590465229e-05  5.9706275766906388e-05  2.4388711761703087e-04  -5.3205299947454217e-04  -6.7543022139369321e-06  -1.2138417633260446e-04  1.3808152225210291e-04  3.2068717921403063e-05  -8.6489061488479298e-05  8.1305059715323244e-05  2.7779179877741308e-04  9.4987176362796305e-05  -3.9603361277211686e-05  2.5624186962429872e-04  1.8681407960475352e-04  2.4023267663050567e-04  2.9119546379067628e-04  1.4477496210718728e-05  -4.1073603684454882e-04  -7.3771769122890087e-04  -2.5629176165042889e-04  2.3213319407032677e-04  -3.3413302757592984e-04  2.6943853684552224e-05  -6.1745851864450753e-04  2.1091902300488566e-05  8.3993424076723229e-04  -2.5072552392181534e-03  6.1527634213298513e-04  9.4691457301450334e-05  -2.0133693640342354e-04  -7.8875054963669451e-04  5.6476863561576184e-04  -3.1887242113234915e-04  2.1811628834790932e-05  7.3043499089152559e-05  1.0631894971221911e-04  6.2826766284863035e-05  -4.5255571663759426e-04  -3.9221937814982956e-04  -3.2450288289155956e-04  2.0835638384114104e-04  -2.2147633555290774e-04  -5.5105286550803428e-04  5.0747173131527169e-04  -1.2998696147225342e-04  -2.3640701748238815e-04  8.3735999527289641e-05  4.8348848167571108e-05  1.6122211685291226e-04  -3.2451924477922667e-04  1.5607314620932501e-04  4.1144687515603311e-05  1.9593802694147211e-05  1.8648735543694915e-04  7.7745370398733246e-05  -7.0283083290193188e-04  2.3527530075059236e-04  -2.1378998583160364e-04  1.4714475091607955e-04  3.1953484643925066e-05  -9.6572336751365152e-05  6.7661496935931520e-05  6.6136723394987553e-05  8.3340547068536331e-05  -4.7589401327955907e-04  7.6691099670837825e-04  3.5491659643977871e-05  2.1048457248006476e-03  1.4009964556325766e-04  -6.3600912131356302e-04  6.9613068846008727e-05  1.2130129177659328e-05  3.1699478053378698e-04  3.0501637797848333e-04  1.1659052089597728e-04  5.5542127382809394e-04  -1.1187710570440518e-04  1.0229707357973044e-03  -6.1028754624727424e-04  7.4179110349174618e-05  3.0440545442744299e-05  6.9953327100790977e-06  2.0324327874196361e-05  4.6708161150411568e-06  2.2861376810808177e-04  6.5215548386462249e-04  1.0352149901289565e-04  6.7365445076783136e-04  -4.0892590110627372e-04  1.2157585761995121e-05  -1.1186720621135402e-03  6.2990906882101714e-04  1.8002662954651471e-04  2.8999735603857691e-05  2.8793761921102099e-04  -1.0285361996548834e-03  -2.0397831600718847e-04  -9.9457781087823008e-05  3.3312025807673149e-04  4.7939862661887226e-04  4.1043651564345559e-04  4.0356081752831465e-04  7.9409268476811852e-05  3.1108408197122460e-05  1.4199934102601132e-04  -2.9252402426378364e-04  -3.8444367038216322e-03  -3.5568047487224987e-03  -3.7042636082361734e-03  -3.3154268946557252e-03  -5.4017788580979929e-04  5.8771126840362666e-05  6.0615192235433698e-04  8.6487697599534920e-04  0.0000000000000000e+00  -6.2392551813218310e-05  -4.2879040745259463e-04  5.8197741337610140e-05  6.3565551140553367e-05  -9.7018500168575270e-04  1.4628155540249649e-04  5.4029980166196570e-04  -3.1954618211325734e-04  2.2529380212506899e-05  -2.1928223846973469e-04  -5.8117157436291007e-05  -1.7241356826078107e-04  -6.3872624255488367e-04  2.1357341011070825e-04  -9.6251653084282842e-04  6.6013860258148970e-04  1.8670957796568884e-04  -8.6029909180047035e-04  -4.3658621453748921e-04  4.0475681377007876e-04  3.6731400658852030e-04  3.3589257437962412e-04  4.9447185464456076e-04  2.9928878309294914e-04  1.6133480156011169e-05  4.9146308118590260e-05  -5.2922066880323991e-05  1.3548959673888143e-04  7.0210916696722403e-05  3.7650128329544478e-04  3.2791147242192798e-04  -4.2997413378662632e-04  1.5477861506316679e-04  -4.0684223631856913e-04  1.3913671616420169e-04  -1.9642577717387773e-04  -8.5859557283265493e-05  -2.0854385975609905e-04  3.5515631271624241e-04  1.5529807371068253e-04  -3.1496375762079106e-03  4.6536384942749622e-04  9.3891818350812963e-05  2.5952133016429422e-05  1.4216802216413145e-04  -2.9640744662949743e-04  -4.8238497046905411e-04  1.2860361758175283e-04  1.5913194596650740e-04  9.8076313847291242e-05  1.2710040085492189e-03  -4.9645887376968819e-04  -9.9972444029822281e-04  6.5413527108225964e-04  1.8847942125830300e-04  4.1623643629238016e-04  3.7638552360892100e-04  -1.0737871856797713e-04  -4.4038693113540925e-04  0.0000000000000000e+00  0.0000000000000000e+00  0.0000000000000000e+00  -9.1695188187227773e-05  3.1698422291243414e-04  6.3833459781580777e-04  2.0687079994240266e-04  3.2332441538008178e-04  2.4234064460890329e-05  2.2010187129593299e-05  -4.1170926187905459e-04  2.3687083750544084e-04  2.8037782217810495e-04  -9.5593530368115492e-05  -9.4254604361503405e-04  5.9364592095542073e-06  5.7579106438266674e-05  1.5841908546659000e-03  -1.2979042932760015e-03  3.6902395134571478e-04  -2.4234472581424543e-04  1.4486491314808764e-04  1.7658013638729189e-04  5.8278348504962485e-05  7.5779698990007340e-04  8.4441199625826880e-04  7.1999362309379644e-04  1.8114240280167084e-04  -3.2428332316611396e-03  -3.7810342461228200e-03  -3.2396519277873982e-03  -3.4459992500306324e-03  -3.6534383548668934e-03  -3.8740584542259369e-03  -4.1306969756407215e-03  2.7077612967144846e-04  -2.4522106407494506e-04  8.7016313509047060e-05  0.0000000000000000e+00  2.0910219809329558e-04  -8.9249712522587504e-04  2.9580139013165110e-06  -1.3760865307825508e-05  -7.2596555298140431e-05  3.5130083965831908e-04  5.2833131419019934e-05  5.7330720841895236e-05  -1.7147710074142517e-04  2.3602196728459514e-04  2.8212699121431771e-04  0.0000000000000000e+00  1.7568285655876576e-04  -8.8426935115737545e-04  -6.6682843039507348e-04  1.9988848634371880e-04  9.8632163684416675e-05  -2.1904515200235138e-03  0.0000000000000000e+00  2.3695014857959578e-05  3.4670341025791777e-04  5.3585183632109772e-04  -3.2694220122486783e-03  1.4399757150292682e-05  -5.4525643655521584e-04  6.6439778597810536e-04  1.8152395673783119e-04  4.5585512274359385e-04  5.1588484000021466e-04  7.3099162068265566e-06  6.9346326519988892e-04  4.6361486366666815e-05  7.5485654765347369e-05  3.8241472748060145e-04  1.7065729320454547e-05  5.6974172898628455e-04  -1.7771157356167504e-04  4.1926243805524236e-04  4.6432410136082539e-04  3.9128110671189312e-04  2.8528832473826679e-04  2.9954727022637843e-05  2.9979998451608791e-04  1.2428026234220549e-04  6.2585532090002902e-04  2.5642149279829149e-05  -1.9847355765457780e-04  -1.4371805717697470e-04  9.2444538057606632e-05  1.1113535986838672e-04  -2.6123399628746299e-04  -2.5712277230170922e-04  1.8150442651147002e-04  2.5229345620662505e-04  -3.0176273173613640e-05  -2.4602921741351838e-04  6.1310539182907393e-04  6.8621408698785928e-04  1.2508733143407855e-04  1.9817677927583738e-04  2.8093919480470228e-04  -8.3803099756239003e-04  -1.2940073793713536e-03  -8.9593395318870713e-04  2.1494694366061541e-05  -3.3118470241960771e-05  -4.3193908405681241e-05  -1.2216655853144174e-04  3.5636030423929772e-04  1.7898083012426127e-04  7.0128468265622087e-04  7.1559974876537048e-04  -3.4390531040725538e-04  -5.6144983932568838e-04  1.3759874888819230e-03  -8.6480846533667024e-04  -9.3500274459334411e-04  3.2824607095968707e-05  1.4555088420061411e-04  2.9761331537795588e-05  6.0439714928447455e-04  8.5440936252566030e-04  4.8455304584585530e-04  6.6564431936473893e-04  4.6224957221049922e-04  7.2493844665408037e-05  6.2782440089657096e-05  1.2600700148672023e-04  4.3534459602947512e-04  5.9498695065940313e-04  -3.1353170520694317e-04  6.0441503990972198e-04  1.0008562154845838e-03  -3.3088137607753542e-04  6.0644049723860259e-04  4.2395888206066111e-04  3.9088379606990706e-04  2.7984161152889053e-04  1.6069687289828558e-04  5.4515637130388489e-05  3.1500208440013249e-04  1.5328304268512973e-04  -9.7030960965256035e-04  -2.1514743304966761e-04  1.4485455862381887e-04  7.8341633562441248e-04  9.2846999019030791e-04  5.7011287994844200e-05  2.3897214978161566e-04  -1.4281003070918094e-04  -5.2982509303565876e-04  5.2876922199160074e-05  3.2198562258261128e-05  -5.2002333887400914e-04  1.2378851618695633e-04  1.7046554913873941e-04  9.3499152548625062e-06  1.8249916414991202e-05  3.2205274080968500e-05  5.1457252575588793e-05  -1.8793302579868455e-04  6.7804551962632721e-05  3.8171800159856407e-04  2.9621437875498298e-05  9.8658527888984061e-05  -3.7299082507469397e-04  -6.4838616526200843e-04  2.2606658073182298e-04  -8.0916278772173017e-04  -7.5900088728828388e-04  -1.3236716421962409e-03  -1.4658007448445587e-04  3.4641182891746676e-04  9.4947693033743129e-05  8.5676746001941872e-05  1.9959582316795950e-04  1.7728235135168371e-04  2.3927298879518083e-04  3.3438419938833832e-04  9.9587045859983624e-05  -6.1361107875427338e-05  -6.5193041089299530e-04  2.5647644631093125e-04  2.1010452366253989e-04  2.0645401394282214e-04  1.4192176511960934e-04  -3.2333939457973243e-03  5.9182457253147591e-04  2.1647377120609468e-04  4.2204351832666277e-05  1.7396841005551025e-05  5.4053276278594132e-04  5.0565089204500111e-05  3.5583978669013391e-05  2.5688202156056525e-05  2.6537723171139651e-05  6.2881406510377927e-05  -6.6266193410851386e-05  -8.4187664812647924e-05  -7.2450409623709354e-04  -6.5910932542564645e-04  -7.0933663462964362e-04  1.3014417910164051e-04  8.3129852302716667e-05  5.5700321537766971e-05  -4.0413621944692448e-04  2.7636169743351559e-04  -9.7165283118024533e-04  3.9963042813667296e-06  3.1097248434557630e-04  6.1632032593829020e-04  -1.0019983592382650e-03  6.8920837316981278e-05  4.8732530971527963e-05  8.6782211832076969e-05  3.1167710820155722e-05  9.8321304684689706e-05  2.4794117170570922e-04  1.6424260417387422e-04  -3.4167918213380311e-04  2.4604415009166967e-04  0.0000000000000000e+00  9.6475658865693161e-06  5.0431857621084581e-05  6.9939045934979316e-04  7.1520519586582259e-04  2.8435526292291513e-04  -6.6268654128079818e-04  3.4982751845006503e-04  3.7538501010094639e-04  3.0753078618070721e-04  -7.6750095175543722e-04  -1.1430196259787822e-03  2.2474794854801869e-04  9.4039918585744550e-05  -6.0002955017251864e-05  -1.6535237850563668e-03  1.9061494123111879e-04  2.8686728600625026e-04  5.2387432885942040e-04  -1.7755795730136240e-04  3.8780154782123587e-04  1.0726296125563656e-05  6.6967913800225216e-04  -1.6628906544724172e-03  7.0684558541290167e-05  7.9727981078487893e-04  -7.0907881071929855e-05  -3.5924101953013256e-04  2.4903705690716542e-04  1.6467863360471456e-05  9.8133219318417462e-05  1.4458226961459379e-04  -4.3984418202067883e-05  5.9126675557695338e-05  -3.3931481204156307e-04  0.0000000000000000e+00  5.2352709650733585e-04  4.4520652343239949e-04  0.0000000000000000e+00  9.6057398593934237e-04  3.6312962941156552e-04  -3.1876075460130705e-03  1.9300576282136463e-06  -4.8787522765413869e-06  6.7019323879084834e-04  1.0315767304460825e-03  5.0741933432994811e-04  6.3988432241628406e-04  3.7128134486293497e-04  8.1879138426985403e-04  4.2938093934783220e-04  1.6241182253073008e-04  9.6527486202420209e-05  2.7297164741528693e-05  -6.3346142445073995e-04  -1.6575492422243460e-03  5.1366468664453020e-05  -3.9569156971453329e-06  -2.2581604404376533e-05  2.0486952214268854e-05  3.9518506124011100e-05  2.2997781288360993e-05  3.4845823653641367e-05  5.7656300312042854e-06  1.5415647256046680e-05  2.9275547891971824e-04  -9.3669097410847878e-04  -2.8597688767942076e-04  -2.5443730769058253e-04  1.1858227589130065e-04  4.8200720613204335e-04  9.9503288784504989e-05  -3.5498779777340861e-05  -9.7364192965742870e-05  3.8939098190004877e-04  1.1603889145762304e-04  5.2760383365208885e-05  6.6745898654775959e-05  9.1847173961699988e-05  2.3309238684379708e-04  3.1621981572801055e-04  0.0000000000000000e+00  1.5324492954368586e-05  6.7017898386407776e-06  1.3473155830768326e-04  1.6904115505624346e-04  -1.2854873066213606e-03  -1.1670721030837146e-03  -6.8445620466290908e-04  2.1568358708467675e-05  1.1227558348424104e-04  7.9344573719300804e-05  1.5287534366021673e-04  2.0429855431615407e-04  6.3603032356113469e-04  3.2998297216693956e-05  0.0000000000000000e+00  1.9543712029156425e-04  4.3494755508772430e-04  1.0511594967726897e-04  2.0615908499954077e-05  1.8417127879353557e-05  -5.7958123398612661e-04  3.5945438838085644e-05  8.9100152453950449e-05  4.9286591534507265e-05  1.5868211350864650e-05  3.2693132871349022e-05  8.9274150961953847e-05  1.1812146598887340e-04  2.8607732628126013e-04  -9.5743499336019332e-04  6.0985932841903549e-04  6.4467215882293505e-05  5.2501267137178515e-04  1.4331274944024534e-04  3.2846821611684957e-04  -8.4111255529816011e-05  -7.9346275095249798e-04  5.6913702835381056e-05  2.6084767978874779e-04  1.3886580913002884e-05  -4.6828808175780227e-04  3.2529587141705312e-04  6.9336561226627862e-05  7.4055014912338435e-05  7.8209691064934155e-04  8.4812594387736226e-04  7.0924360991350905e-04  1.4320291727656001e-04  2.2847279150303856e-04  2.9582970111993186e-04  2.6994903863061559e-04  6.5912935422247313e-05  -1.9561565991713415e-04  -2.3627126837847082e-04  6.2564221463034641e-04  1.1584037076703882e-04  1.3179410165159799e-04  2.7279667804288424e-05  -2.0368665077716429e-03  1.0224374017945404e-04  1.2910624671680679e-04  1.7102421778178404e-04  3.1154711886360723e-04  1.7364549504196187e-04  -2.8375976531707270e-04  0.0000000000000000e+00  2.9018221727453213e-04  8.0527194377540265e-04  6.9487737235397718e-04  2.9635610292609625e-04  4.3064675790956982e-06  -4.0084615826676551e-03  -3.9348848840841943e-03  -4.1361121576748696e-03  -4.1186192112130761e-03  0.0000000000000000e+00  1.2110502234185577e-04  9.4419196043522729e-05  1.2679217988987408e-04  9.0966397545088303e-05  9.7236321096359695e-05  1.2288423515824170e-04  1.2356818876471797e-04  -3.1853306212291507e-04  1.6720667199426213e-05  -1.0522301684194690e-05  -1.2843385775334582e-04  1.2819493376214780e-04  1.4003446224282126e-04  1.9623784342150957e-04  1.3159177730648790e-03  -8.7090024657889714e-04  5.4919531481395170e-05  4.8948212261702823e-05  -6.5316802819693229e-04  -6.0834865642516855e-04  -6.3544869158197012e-04  1.1062424789180417e-04  4.7487581836304539e-04  -1.0392859423718095e-03  -9.2966783825272636e-04  3.5973219404425918e-05  -2.6738303067188446e-03  -2.8876263200483328e-03  -3.0054884953457542e-03  3.9913555784859106e-04  5.7787232663287617e-05  6.5118315811086194e-05  -6.0127372742152334e-04  -7.2585058311048437e-04  -4.4931232967815001e-04  8.4645764058417755e-06  4.6251929660749241e-04  1.4981153042102586e-04  9.2473394101071270e-05  1.5914394631578169e-04  2.0912420573828287e-04  2.7971901777341894e-05  1.9009951045961842e-04  7.4417952800065845e-05  7.4993446143704451e-05  3.6238363108168802e-04  4.9950722042052108e-04  4.8122485680284714e-04  3.5605778072151964e-05  1.4421969659498570e-03  1.0502117241488620e-04  6.7856673536344431e-04  -7.7286942762598988e-04  -8.2499139137118976e-04  -1.8286184175443008e-04  -2.3818725901776484e-04  -6.6748750831194546e-05  3.2575120201023188e-04  1.2928615466008615e-03  -8.1142670774553716e-04  1.3375505756563315e-03  9.5860022240018864e-04  -6.6481633228747299e-05  -1.1331647335047769e-04  4.9931517457562128e-04  4.6412288028090820e-04  4.7084669061546409e-04  -3.3583399505113405e-04  8.1840654515827701e-05  -2.7277855503313935e-04  -1.5539274554453832e-04  5.5989565242079938e-04  2.9491570974301445e-04  5.7776071718605769e-04  4.2118437781377756e-04  -1.0648033644529084e-03  3.1197068085058519e-05  1.9209139080598968e-04  2.2682064213694610e-04  1.4107539353924072e-04  1.3344942755914627e-04  -1.0779682012736693e-03  2.8333118660460048e-04  3.2065646830695523e-04  2.9394923213074621e-04  4.1686809431043943e-04  5.0244464694129864e-05  1.2614900191755191e-04  1.4540979679137240e-04  1.0756855630176447e-04  -2.7332330277315318e-03  -1.8362037904856344e-03  -3.4086468086443958e-03  -1.1267722763976325e-03  -8.1142233284664978e-04  -6.7489116953633175e-04  -6.6422603902554676e-04  8.3366091615604877e-04  6.7085984355598884e-04  6.9573174829494597e-05  -1.5929442920494389e-03  -6.4617223173985336e-05  2.0881514366927342e-06  1.0371618300564090e-03  5.4510738222962964e-04  -1.7083458973139002e-04  -2.1269183321995016e-04  -6.1999055214965806e-05  -6.5316714523163083e-04  -4.5969715222232666e-04  3.2150435650430053e-05  7.7994020319889555e-05  8.2748545705536587e-05  7.1761445432683797e-04  -7.0926362993374667e-04  -1.1354626539638321e-03  -9.2362210572232003e-04  3.9437022909486803e-04  -6.9078616180769765e-04  1.6133638335317376e-04  2.9124662154231083e-04  -9.8118389106213814e-06  6.4664623565464398e-04  7.6413968014788555e-04  2.8244578129115808e-05  1.4087419935186109e-04  3.8457173132005234e-05  5.6230454746347778e-05  3.4369480777878300e-05  -2.3142531418191424e-05  2.4517705975128060e-05  8.6119089497515070e-04  0.0000000000000000e+00  0.0000000000000000e+00  0.0000000000000000e+00  0.0000000000000000e+00  0.0000000000000000e+00  0.0000000000000000e+00  0.0000000000000000e+00  0.0000000000000000e+00  0.0000000000000000e+00  3.7314782613978399e-05  0.0000000000000000e+00  0.0000000000000000e+00  0.0000000000000000e+00  0.0000000000000000e+00  0.0000000000000000e+00  0.0000000000000000e+00  0.0000000000000000e+00  0.0000000000000000e+00  0.0000000000000000e+00  -5.0478146333011607e-04  8.1802928669527869e-04  2.5160453502885265e-05  6.5266213029164141e-05  1.0762259051928171e-04  7.6145644699501141e-04  1.1004676324142450e-04  -6.7059860287497228e-05  1.1910201075231696e-04  1.0169416938515066e-04  6.1957350891450429e-04  3.5640858010995037e-04  6.6044345580495244e-05  7.6879820913244114e-05  3.1081229983787185e-05  3.6060018278910062e-04  -4.9573806253477746e-05  -5.7668668792486744e-04  -1.3459679469185431e-03  -1.5452844272809052e-03  9.3115153518268036e-05  1.2217675803840108e-04  1.7540894202265332e-05  2.1803590120884539e-05  1.6408412506872951e-04  2.4396472504370447e-05  3.7887893822878042e-05  1.0988118989905917e-04  8.6115594610152130e-05  1.6326055018820538e-04  5.8999568926310504e-05  6.3198917021931210e-05  -3.3913523530585629e-05  4.1828257339515399e-05  9.0519534533955841e-05  -2.7447955740022524e-03  -4.5896670687719218e-05  6.8340288728776708e-04  -3.0301689292725967e-04  -2.7458886856281551e-04  -1.6353958556845214e-05  4.0396140615120992e-05  2.4871631097531967e-04  7.0825474937767078e-06  -1.2976055809170084e-03  2.3937320845897046e-05  -4.2089026284204017e-04  -7.5897325118290493e-05  2.2984250262707857e-05  9.4975479895022827e-05  -3.2263927710550233e-04  2.4176955913887772e-04  -7.0614094423874249e-05  4.7382354125156040e-04  1.2232826043154024e-04  -4.5349108524366118e-04  -3.2149677515047538e-04  -4.1090214990440491e-04  -6.1267643187873290e-04  1.0405051927510608e-04  1.6009137331620728e-04  8.9993519615188446e-05  -3.6174606893973615e-03  1.1193538195084060e-04  6.0705853000100635e-04  -3.1978935643481716e-04  1.7083677261629980e-04  3.6579679299468960e-05  -1.8845887255624218e-04  -3.8210751375791301e-03  -1.5286492024361241e-04  -3.1842703925394761e-03  -3.6476793385399101e-03  -3.7358688806808215e-03  -3.6292912474390222e-03  -6.1644117209082988e-04  -9.3945887535504816e-05  2.3199105522075340e-05  -8.7064898380300566e-04  2.1530072040279886e-04  9.3976850261950971e-05  -5.0000989192482668e-04  -4.8876128053115819e-04  -5.2833882639079796e-04  -1.9451000986919265e-04  5.3372123082649498e-04  -3.1809716693949395e-04  2.2584013804217649e-05  4.5961183326632916e-04  4.0171494175121261e-04  5.5068802886088343e-04  -6.4890396290989466e-04  -8.1946736948251982e-04  -6.3095401490870825e-04  3.6448324834916412e-05  -8.1200897977005775e-04  1.1924871786719687e-04  6.0641144749964265e-04  6.2401381104882367e-05  -9.9148584741877237e-04  -9.1968045153180368e-04  3.9549984453352039e-05  -4.8047323134610516e-05  -1.2762966409211770e-04  -8.4738120393390624e-05  -4.9756309566024537e-04  -4.7582572633891618e-04  3.6380493802800294e-04  2.6385859707637693e-05  8.8763516034171452e-05  1.2401863167603956e-04  8.8831060532440650e-05  -5.6651003506309533e-04  -5.9766293513207865e-04  5.2275608989289552e-04  1.9081294467386238e-04  2.4167208717730678e-04  2.3299190193466792e-04  5.9606095378403291e-04  2.5826388643528441e-05  1.9734489441648991e-04  -3.7105811544968933e-05  -6.1065279693400533e-05  -5.1015839324968338e-05  3.9166655921883340e-05  -1.3104522045936664e-03  7.9982643734125637e-05  -2.5543235561522172e-04  -3.6890585288448341e-04  9.7193715207061996e-04  -6.6284053320750749e-04  -8.2636851157306252e-04  -5.9353855696191952e-04  -6.5508780961136205e-04  9.6334712701896702e-05  9.1106815366933945e-06  -3.6392438389433370e-04  -6.1119420991284485e-05  -6.7006052258884478e-05  4.5662021789139875e-04  4.1745639546417873e-04  6.0184290736286302e-05  6.7744421695108354e-04  7.7071242032259151e-04  -3.0620798882620361e-04  3.4878654401956303e-04  7.4482530701100664e-04  -5.2298914121385936e-04  7.4840632739125589e-04  2.6287664938252041e-04  6.3313360610602518e-05  2.1274939955400369e-05  2.5487710883441599e-05  -4.6944897182528021e-05  9.9850575253654161e-05  -1.1422986153444108e-03  9.0156847374446960e-05  -1.0690086261727705e-03  -1.6822054433503119e-04  -5.2450360992763650e-05  7.2026487922596333e-05  3.3117032534362719e-04  4.5983854329324217e-04  3.2730899110668512e-04  1.0159192918379329e-04  3.7818059703033400e-05  1.3620625634620375e-04  6.1137017574059490e-04  -6.6266915521569767e-04  2.1342578131305670e-04  -4.9610900209083294e-04  1.6052830972724046e-05  -1.4712841251317835e-04  -1.7744355695064148e-04  -5.1884552726586133e-05  1.1835178116082819e-04  1.0814886235197448e-03  8.3277703689349967e-06  2.1147472172485397e-04  3.5089536948109784e-04  1.4229143913386817e-04  5.3562061711002742e-05  -1.2187696267848044e-04  2.3872524725673439e-05  1.0866288268528860e-05  4.4793338080603208e-04  -1.1863974158052848e-03  5.1377175301415473e-05  6.3281740689908315e-04  2.7412055027428606e-06  9.2792657808400634e-05  -1.7691246786815648e-04  5.4326955362735238e-04  9.1179163237661451e-06  2.6752730542228820e-05  2.1538012515878250e-04  -3.3130241109586667e-04  4.9019232394842416e-04  4.4333428798061205e-04  2.2832007073832027e-05  -5.1207940238637500e-07  4.5249939728738369e-04  -1.5515070521983755e-04  -5.9348226011745806e-05  -1.3598079809121701e-04  1.3985080398371813e-04  -5.0378615541478788e-05  2.4733956929727267e-05  4.8281361384722664e-05  1.9933176491119625e-05  1.9905456759792749e-05  4.3535489020323908e-04  5.4540054860937790e-04  5.6734933521800221e-04  1.1041941015294216e-04  2.3972965453690405e-04  2.9950518311453317e-05  2.1548162157130905e-04  2.3937441360826140e-04  2.2548783425982444e-05  8.2569660031770438e-05  -9.5634140086741160e-07  -1.1531940929940198e-03  2.2899591724772343e-04  1.8702288762126947e-04  1.5842369807034216e-04  1.2069768600591283e-05  2.0053926774688815e-04  7.5300389516157797e-06  8.0901228883223462e-04  -3.7551680652437962e-04  -2.5804968276291071e-04  4.8347159133646611e-05  1.4447451418923485e-04  4.0702183081939633e-04  2.1688767735035652e-04  2.1982576294446324e-04  2.0461125590480497e-04  2.2706944842814229e-04  1.1795493466644158e-04  1.3546122600593938e-05  -6.5199199201695934e-04  2.7196999703093882e-04  3.7634286225732847e-04  2.1030367784025618e-04  1.5013612149955951e-04  -4.7369100316314866e-04  -2.6137258642398918e-04  -3.7796000785031436e-04  -2.6983590052822670e-04  2.2946783637700519e-04  -3.4468877547930187e-04  2.6898224275524448e-04  2.2232999062847392e-04  -3.9116169515000399e-03  -3.6509364521052274e-03  5.9609182104330345e-05  1.7632260236061164e-04  5.7050279252772679e-04  -4.1782645841464397e-03  4.7354508253683129e-04  5.9674258535028532e-04  1.0597689426434181e-04  -1.8380196855266179e-03  2.2787927449101815e-05  -2.3217427222092598e-04  2.4961449619682397e-04  3.6270767000193694e-04  6.7217706711760969e-04  1.0759987713296253e-04  8.1030595412191151e-05  -3.5574655775194206e-04  7.4236729344005314e-04  0.0000000000000000e+00  5.3051854662888095e-04  -2.0812272232384977e-03  9.1717326871458614e-04  -5.6012206619186040e-04  -5.4781679409655936e-04  -7.4093280212022617e-04  -8.4482725124256509e-04  -6.0731282314785461e-04  3.3449071217770462e-04  -6.4916538206182678e-05  -4.7475050367365277e-04  -3.1901313108034058e-04  -3.6044215347675338e-04  3.7407026709776882e-04  7.2324231568056350e-05  3.1120330174950884e-05  2.4662551424871912e-04  -6.9549017072607645e-05  2.4659606203450239e-04  8.5389736425647546e-05  7.7685664887754458e-05  5.3748195598336865e-05  3.4912926480316068e-04  7.0075173405337234e-04  1.8596407736581284e-04  -6.2374449432915915e-05  1.2839034280255867e-04  8.5033262673320730e-04  8.3151786081578198e-04  6.2476296971168753e-04  2.3379112825925246e-04  5.4144184111669529e-05  2.8754231600517646e-04  7.7101888663939628e-04  8.3372701499458829e-04  2.4888765469827649e-04  1.2085067778600977e-04  -1.3582567320099691e-03  1.5891488510024828e-05  -3.6785420992539245e-05  -1.6344776190878717e-04  7.4852039102873914e-05  -5.9508231153312008e-04  4.7073023263594584e-05  6.6817540504682444e-04  2.6271034377315706e-04  6.0099975302291850e-04  1.5162719732549250e-04  4.7966004513337195e-04  2.9341126715505750e-04  3.5629843999124598e-04  1.2986003118307593e-04  2.3041258271380169e-05  4.2768684862694008e-04  5.2432833256723266e-04  7.3220421882806469e-04  7.8033381471443602e-05  -5.7602154324887624e-04  -4.6131209725442312e-04  1.2479957994876654e-05  -1.6274254448533094e-03  -4.8569187682347852e-04  8.0183244848357143e-06  9.4279651952899792e-04  1.0594092945023308e-03  1.5774592933385606e-04  -1.4306047273948766e-03  -7.6793946647953125e-04  -6.9855190619271942e-05  2.8628834158104486e-05  2.0813020481309381e-04  1.9114521288711724e-04  7.0828337192981213e-05  -4.7880592073467032e-04  3.4035711234802374e-04  2.9630857851490586e-04  -3.0935214776377993e-04  6.6578523781879995e-05  -1.6646635286702411e-05  -8.6868299061202962e-05  2.4299099231054474e-04  4.4585290731955336e-04  2.3774662584565400e-05  1.4114878402299362e-04  6.0579496737758092e-04  1.1550099814241554e-04  -1.2542514965874518e-03  -4.5426885609846997e-04  -1.1831800319119512e-03  2.5305337758585705e-04  -5.0465115933407887e-04  2.3293846611952375e-04  4.4345289997860540e-05  1.3223850959710088e-05  -6.0318329731069069e-04  -5.7389055257072265e-04  -7.7812664341670332e-05  1.4354362809494047e-04  -1.2063945289116428e-04  -3.3780493288686648e-04  -2.8171706005494036e-04  -1.5653125928422561e-04  -6.2835132070044141e-05  -1.6743019954766812e-04  5.8814058684889740e-04  3.9170663974522556e-04  5.4227718075701848e-04  9.9721809096681049e-04  5.2205136952956672e-04  1.0616240325446906e-04  4.6422886879814268e-05  6.3617958074747394e-04  1.5468589296820582e-05  -3.8094535533614781e-03  6.9071313065399232e-04  -2.1366433438022624e-05  0.0000000000000000e+00  -4.8841970906718645e-05  6.2002861627934842e-04  3.2930230901646401e-04  1.8933589012493971e-04  -1.5419936756692458e-03  4.4061154581657788e-06  4.7320581700111095e-05  7.5595707431378811e-04  2.1601090642913513e-04  3.5888217973979957e-05  5.8365716500356399e-04  -4.2708410458850159e-04  2.4173889101265349e-04  2.9492875579372222e-04  1.4456372267399281e-04  5.7072400441534063e-05  3.8721728076905390e-05  3.6699748953032461e-05  5.9658365866596685e-04  6.7100361039075214e-04  7.4611978584794981e-04  -1.5808372808862063e-03  8.4504951378035748e-05  -2.3909999969140278e-06  -7.1071914075711165e-04  2.9575322845438838e-04  3.4554004821034417e-04  -2.7188177258016301e-04  2.0470898290065668e-04  5.1619157830051523e-06  1.4467631947829389e-04  1.9839942404195699e-04  2.8983310729178036e-04  3.0061684085547701e-04  3.6444185916582639e-04  -8.8346575913115521e-05  -1.3547019809727800e-04  4.4146519536361937e-05  1.3323315926285942e-05  1.4784819103076237e-04  1.9272983618043834e-05  3.2926904762280076e-04  2.6770200330568470e-04  5.6399089004415756e-05  0.0000000000000000e+00  4.1358337927689825e-05  7.3719129409146277e-04  7.8720448174120585e-04  7.5587063872005304e-04  4.2725601042897034e-04  3.1821914237785729e-05  9.9946382007280173e-05  2.2306105860045303e-06  1.0692041048666298e-04  2.7940902153895112e-04  2.9882521989005578e-05  1.6915583105611898e-04  5.3116345263223879e-05  5.4566346440441017e-05  8.1531907060850581e-04  3.1807665846132267e-04  -2.3045150786273787e-04  1.3760308441287453e-04  4.5603494108317376e-04  5.4974715755419306e-04  4.4802207707007424e-04  5.3353053751747643e-04  4.1924887122320528e-04  9.2826199983890687e-04  -9.9689135355222089e-04  2.1443015591126769e-05  -4.3415324173664210e-04  1.8455038062862911e-04  -4.7833477557723646e-04  -3.5227545031328079e-04  -2.8014221742501391e-04  1.0010220962034074e-04  8.0299796013802397e-05  8.5632519173835079e-04  1.5654598247738332e-04  -4.5880620348208277e-04  7.6703096670798503e-06  2.1033580474495565e-05  1.5410295154659028e-04  -3.0026138785279336e-04  -3.6273702190168350e-04  -5.0642243440209293e-04  -7.6784350225615750e-04  3.6649849430138144e-04  7.6266632871321936e-04  7.5970930727363458e-05  -3.6121419775495732e-04  4.9740879155886615e-05  -1.0586729921510882e-04  3.0385787487539152e-04  1.2979956027755929e-04  -6.6781108415396909e-05  -1.6267728233728662e-04  6.1948780405502054e-04  5.0615257890158699e-04  4.4218557843470334e-04  5.1370258570368943e-04  9.7204301114333134e-05  1.4367299381910185e-04  -5.7915702569186461e-04  1.0344475886369936e-04  1.7294907090316543e-04  3.5005534281932316e-04  1.0658476810607326e-04  -3.0529463448124305e-04  -7.8417644674187180e-06  1.8833429390491267e-06  -4.8628430669851811e-04  4.4752876783744265e-04  -8.3251930334071256e-04  6.5566838706832136e-05  1.2718585386680087e-04  1.3182401993336971e-04  2.5546402046682498e-05  5.0792549047006908e-06  1.3393331192819902e-05  -1.3736158896471987e-03  1.2005705195805965e-05  1.4625000982255372e-05  7.6553075999670451e-04  1.2121818464305061e-04  4.3982622479410188e-04  2.8040066910530663e-04  6.6098648691663019e-04  0.0000000000000000e+00  -3.9191315659524499e-04  -4.6479734570817257e-04  -3.8101636054893486e-04  0.0000000000000000e+00  3.4747757408550976e-05  5.5661436368857967e-04  -3.8016265354397496e-05  1.2515731001233710e-05  1.1099770831201574e-05  1.3550616670430373e-05  -4.4935670234482459e-04  -1.3420929656101323e-04  -9.2647772819477205e-05  4.6508508734022670e-04  2.1090756319612188e-04  -5.0052388232250467e-04  2.9708246641752396e-04  -3.5431177991193273e-04  -1.8448406838041546e-04  1.6612040887576180e-04  1.9383814566116572e-04  9.0016271667906568e-05  -7.1112285351145694e-04  -3.7421998861703439e-05  2.1603015712095365e-04  4.7223257136197678e-04  1.2721846520105319e-05  4.0106503516660968e-05  1.2961980754828731e-03  1.8701580452479529e-04  1.6185041979031503e-04  3.5923639802050477e-04  2.0415711166901434e-04  5.7378243141662869e-05  -2.1589250960844504e-04  7.4316209914547438e-06  9.8733264505969134e-06  2.2865672965921089e-05  5.1338083720064934e-05  -9.8197249671014693e-05  -1.8228563300295262e-04  1.8636038728702458e-04  8.3269204969410170e-05  0.0000000000000000e+00  2.0303990811739499e-04  1.6526152284396811e-04  1.6821387337849798e-04  4.4362485673284064e-04  3.7098194998923809e-04  -1.0071021392053237e-03  2.4252943731490869e-04  2.7118375906179653e-04  3.0693258375894889e-04  1.3230808474622044e-04  0.0000000000000000e+00  4.2660080969548965e-05  1.2309142067708380e-04  6.6635281230532375e-04  -7.3477430169043988e-04  -4.5426230365511091e-04  -5.6974653023631882e-04  5.1765510187173403e-04  6.0423246565898193e-05  -4.7040296180152549e-04  1.4762082839667218e-05  1.0579734197562249e-04  1.3446454632928391e-04  1.3765677675236336e-04  5.6400277415820789e-04  3.9587560351898014e-04  4.8998944962980802e-04  3.6005158906487615e-04  3.5158984465872423e-04  0.0000000000000000e+00  5.9859722344557571e-04  8.1806379840217494e-04  1.9483731915514540e-04  0.0000000000000000e+00  3.4352215563914282e-04  8.3259646842544083e-05  -4.2333994575014776e-05  2.7233723573757577e-05  2.8434716942448140e-04  1.8547841130547174e-04  -1.3696765915184167e-03  1.9452247002795374e-04  1.6128322298620071e-04  4.8572582894230358e-04  -7.2493447774693936e-05  -1.6346908783131404e-04  -1.7528238275606411e-05  4.9971735309971635e-04  6.0582214605354868e-06  2.2466792641116535e-04  1.5593181479281724e-05  7.4417219192953604e-04  9.0526408609781955e-04  5.6108753391455455e-05  -4.4737694373146539e-03  -4.6598613882613466e-04  -3.4239148604536004e-04  -1.9348987699264060e-05  3.7111495441807677e-04  4.5579666188664349e-04  8.0429671604826140e-05  6.0615358992485778e-05  2.3837173658560148e-04  1.5570239276973532e-04  2.0928815941555657e-04  -9.3491965650468328e-04  -1.0073543495136557e-03  9.7804973042280296e-05  1.1848882041264394e-04  7.7335401286578000e-05  2.6509491194721924e-04  -2.4658448884096586e-04  4.2168823375946283e-04  1.8015340666630329e-04  1.3431450190685623e-04  1.4632526393042113e-04  4.4087287341006037e-05  6.2706648021189284e-04  7.9976959844511064e-05  -1.9557220391174944e-04  -9.4430410862948144e-05  0.0000000000000000e+00  2.8310880355113146e-04  2.2832066144128045e-04  1.4973629578335016e-04  4.7727913544920995e-04  -2.1296032059556962e-04  7.4035375502327195e-05  -8.0513522053377116e-04  4.2828811230790292e-04  1.5441284754707037e-05  -7.6471537150834743e-04  4.0022017992158664e-05  -5.1875228655464057e-05  1.9884900399075723e-04  6.0606806706816049e-05  -4.0606690622298650e-06  -2.7752465841227158e-03  0.0000000000000000e+00  3.7735130547782451e-04  3.2932484979911886e-04  3.3595129315764369e-04  3.3912686156749522e-04  7.7876087135728730e-04  6.4867773122041328e-04  6.5220091213179609e-06  4.7517778480703958e-05  3.4471196003954091e-04  3.7463532040658330e-06  6.3835900541292878e-05  -6.3158048748835835e-04  2.6001818128102897e-04  9.1487292754891816e-04  -8.6769373417310889e-05  7.1246370251526163e-05  1.8885351636963821e-04  2.1129635017214988e-04  2.3810028611018897e-04  7.7330907305275646e-04  3.5473151897303570e-05  1.7716756384250496e-04  5.5816715379825482e-05  2.2024373761726551e-04  4.9512676608368545e-04  -1.5357362510481142e-04  2.0198571245615174e-05  4.0100224606253479e-04  8.3374144852561320e-05  2.9212415689297922e-05  -7.1879572952988533e-04  7.9236218299000554e-04  4.4039614507800070e-05  -1.4554363214909299e-04  -2.2256591216677821e-04  -1.5864298354652438e-04  8.5903605292250140e-05  -1.2636033976788710e-03  6.9701570368824506e-05  1.1200279933672423e-05  7.5713410976610462e-05  3.4876297392337362e-05  1.0039594411515241e-04  5.7280473232929521e-05  2.4754594305003959e-04  4.2963259713177601e-05  1.4083459486146199e-05  4.3802870481325244e-05  3.9239290956318000e-05  -6.1095300809354376e-04  7.1111040502813306e-05  3.5009132155450161e-05  7.5492313095026019e-04  0.0000000000000000e+00  -5.2065448533105328e-05  3.0799150876845101e-04  -2.3491522530681976e-04  1.7706673395748789e-05  -1.0524654563611776e-03  2.7628892429315034e-04  8.0928043896657192e-06  0.0000000000000000e+00  -2.1229337341485195e-04  4.5543277421950417e-05  5.0688497698317082e-05  1.9840227273512824e-04  -4.8252013858219000e-05  4.2474620629895160e-04  3.8695964922474832e-04  -7.4059134407296443e-04  -5.7856781052896338e-04  6.6310706608810647e-04  8.4515885114692664e-04  3.1032002574447507e-04  1.1533916909679458e-04  -3.3233086805906061e-03  2.7257150483353933e-04  1.3356159500040973e-04  5.7856832809868691e-05  3.8009573374323052e-05  4.0931128306783667e-05  9.1876541604707317e-05  8.0064251907647097e-05  3.7405155078753236e-04  -9.5801092496198572e-04  3.5402802486560727e-05  -1.1568262723838253e-04  0.0000000000000000e+00  -3.7518882041812318e-04  -2.8756815339644111e-05  1.2536615543466050e-04  -3.6882620359173396e-04  -5.9803827276087664e-05  -7.7079703676768020e-04  3.7802714480093374e-04  1.1027393666980778e-04  1.5357906203966186e-04  1.6902063576140788e-04  1.3287308413588352e-04  1.5850868712664553e-04  -2.4101482325640973e-03  -2.1271660988429523e-03  3.4189090451981036e-04  1.9823529472631584e-04  -6.1299350882112742e-04  -1.1142216297077708e-05  -1.4662611294360216e-04  5.9196206345283123e-04  1.2198261595386671e-04  -6.4736624446113753e-05  2.2173782921337297e-04  -9.1966663144568900e-05  -2.0925577258441249e-03  2.1305205561980407e-04  0.0000000000000000e+00  4.3840875474508755e-04  2.0274453325186674e-04  1.2783861486508555e-05  5.3911751905609681e-04  -2.5946970840918436e-04  3.3630917432140601e-05  -1.0281038052812311e-03  5.2490563332731124e-05  1.4167939965501448e-04  2.5209732744600326e-04  3.5707169399551462e-06  3.0629496895426798e-04  3.6497061874642871e-04  4.6814165310112466e-04  5.6200854131937682e-04  1.4583184146939931e-05  4.0851897348610300e-05  3.0725605485955987e-04  9.4709590928535753e-06  -3.3708057992731552e-03  -3.8611199223193516e-03  -3.9193266251125337e-03  -3.7860085595636688e-03  -3.2741788811147367e-03  -3.9760105689520065e-03  -3.6261060809928895e-03  -3.6876344303864495e-03  7.3694605184767138e-04  7.5804020358118465e-03  5.8473845901376852e-04  9.8227491535820570e-05  1.4016567370756845e-04  5.8653021597535584e-05  2.1335028649561346e-05  -1.1559459482744788e-04  -5.2957944171030742e-05  -1.0413200699144139e-04  1.9876539677353700e-03  7.2892199471889357e-05  1.7537427678355469e-04  -5.5932860254822073e-04  2.4187302098086793e-04  2.6305651409411359e-04  7.1072354594178550e-04  -2.1604862052123131e-05  2.4681043795621318e-06  4.5194790080865928e-06  9.9667094425198976e-05  5.3837747659855753e-04  -2.4277456360623313e-04  -1.7272406514079496e-04  -3.2926301886903437e-03  -1.9773157892907247e-04  -7.3025646850911037e-05  -1.8608809793156563e-04  1.6892814949117426e-05  3.0516109823335681e-04  1.1186179376544371e-04  2.2433708052051819e-04  6.2437249427287653e-04  -4.3542975401272659e-04  -3.8221336927429317e-04  -5.4430664142970247e-04  1.8054206781887913e-04  1.4831180374694588e-04  2.4907593412698119e-04  2.0911753282708601e-04  -1.0753747122133903e-04  3.3283738633706173e-04  -5.1604090555385391e-05  8.1464693247109592e-04  4.5512942741070641e-04  4.6494696294454412e-05  1.0823662747151638e-04  1.6608366637706039e-04  1.2893808969693406e-04  9.8607872033758042e-05  2.7382232799969534e-04  1.5078247674824992e-04  3.0260324201216728e-03  9.2187523148332974e-04  2.8494587323011744e-04  2.4144387640949745e-04  2.8304207461398524e-04  7.4582890291771930e-05  -5.1847076533986704e-04  1.0550149705774574e-05  -4.5983140865230076e-04  -1.5770858777474815e-03  3.3791549724757817e-04  5.8931288024938849e-05  3.3561325436940441e-04  3.0427208481656161e-04  2.0748577482434724e-05  1.7868159033921044e-04  -4.0039393126635437e-04  -8.7762421894926543e-04  -5.3574738620129137e-04  1.0896669623673312e-04  1.2937917041793387e-05  5.3797055786021453e-05  5.9621208497467355e-05  3.9678625643450684e-05  6.1120560230252757e-05  1.4950799151563940e-04  3.1742905962170079e-04  4.9556806247179439e-04  9.6376554253272456e-05  5.0775492810949308e-06  1.5380294853302556e-04  -2.1625214649961938e-04  -2.8199739577286064e-04  3.9114604468396664e-04  9.0177028832796150e-05  2.4959573683323366e-05  1.0964771855492468e-04  -3.2046081200760720e-05  2.9625935139893133e-04  1.7238065893951125e-04  6.4906576812386214e-04  1.2396735613837586e-05  3.2612328127757921e-05  2.5267300598336758e-04  7.9099881621881357e-05  1.1347545294647237e-04  7.2532670052944813e-05  2.9633038181255990e-05  -8.3178517209721021e-04  -3.6348316884545926e-03  -5.4485478792082246e-05  -8.6985208767828624e-04  -7.4555192630148420e-04  -6.1994742090879407e-04  -8.2943780540994938e-04  2.7834225555882334e-04  1.0634094174898018e-04  1.3432177752465758e-04  2.2262630910795383e-04  2.1391010241789287e-04  0.0000000000000000e+00  1.6889615770940508e-05  2.6004613032215520e-05  2.0512764543050523e-04  3.3030650595736458e-05  1.4882772529750511e-04  1.7080068334711127e-04  1.2253809977972349e-04  1.5631267857638641e-04  3.3606782900646304e-04  2.2912800496908389e-04  8.1502730710238569e-04  7.4565594517567104e-04  7.7284892037945974e-04  1.4357200284201128e-04  2.7019413751251197e-05  9.0960858908877614e-04  -8.0130100144059193e-04  1.6673092787935733e-04  1.4137899794526240e-04  1.6080481811333564e-04  -6.0064402520264727e-04  5.5119000224430523e-04  -4.0934424770166307e-04  1.4718803116555576e-04  1.7527924659756915e-05  6.5501777648810535e-05  1.4962676363420815e-04  3.7726195889144286e-05  2.2137550166029805e-04  -5.5070327030301466e-05  6.3406450809054362e-05  2.2254416997174770e-05  7.8153324201492284e-06  -3.7546706965067020e-03  -3.6972136064358815e-03  -5.3401812360504746e-04  -1.5341717174327036e-04  -1.4256502364836114e-04  -7.6447178654167637e-04  2.5475822601517447e-05  6.9553477326766901e-05  6.3860818296282537e-04  -1.6100398230915180e-04  -1.1854999322605721e-04  9.5243851223360027e-04  1.7358782075838788e-05  1.3533441081343031e-04  4.5674856952072055e-04  5.1198793302190289e-04  -7.3034469616409779e-04  9.2667774496344932e-05  4.6742190395779852e-04  7.8702707107448122e-05  1.5619983746333833e-04  -1.0285576225767179e-03  -3.6423432683689154e-04  -2.6157933647698707e-04  -3.5416328913706602e-04  -2.3408838329281348e-04  -3.2388884130268050e-04  -2.7716770652788848e-04  8.4071048505286676e-05  -1.7982518393406216e-03  -4.7114832288033012e-04  8.6462461874990795e-05  2.4129734424196828e-04  -2.7967663535174737e-04  2.0563099401896292e-04  -1.2776441785533943e-04  3.9406283006642279e-05  -2.0850274701537716e-04  8.9920254658645130e-05  -1.0499136791795756e-03  -1.3007864259201819e-04  -2.1185479192478454e-05  1.8901479013395381e-04  2.0035562192724718e-04  4.5809561076867003e-05  -4.8833251254279892e-03  9.0290342739372912e-05  5.2301014331784877e-04  4.4959171084726506e-04  1.0096458043940411e-04  1.2717850520811252e-04  -4.1263617122995547e-03  -3.5276126028167040e-04  1.6607756192715112e-04  1.3300587425306461e-04  -5.7448854056482061e-04  1.2608549024715175e-04  7.8594234694335431e-05  1.4932238214172556e-04  1.4937946694864405e-04  3.2292096382619331e-04  1.6313460018774152e-04  -3.3346822358978753e-03  8.3095515992006091e-06  2.9116885638997994e-04  7.3398700117140753e-05  1.0022436538489193e-04  -4.2151577097433680e-04  4.9803933714853300e-06  6.4173992747023527e-05  0.0000000000000000e+00  -1.1666174061984380e-03  1.0923543400050197e-04  2.5561586303133026e-04  1.7554987641993177e-04  1.4988602167606021e-04  2.7485337838571749e-04  -6.2325115426399829e-04  -5.0612067372976261e-04  3.1041809458955793e-05  1.1501619957649576e-04  3.3805173501674185e-03  1.6219677768193326e-03  1.0785018267209709e-03  1.7285712629998200e-04  4.2067632853378051e-04  -6.6862300956233110e-04  6.0414234455418261e-04  2.8803388293999611e-04  2.3668734672988053e-04  5.9207965885219163e-06  5.2868648745445061e-04  2.2051693775337431e-05  1.0785466905603880e-05  3.0438609301063626e-05  -1.0457390058966296e-04  -2.1541511831715096e-03  5.7817760439315242e-04  1.2925658291407734e-04  -8.2046202143288736e-04  1.9126560706218782e-04  1.8324704302219766e-04  4.7719273247520762e-05  6.1642195747003178e-05  4.1023564159041052e-04  3.9439318872833043e-04  -1.8597129662058682e-04  2.2244594093196696e-04  7.5375753084452060e-05  -8.6493688862460564e-05  2.6654838791157055e-05  2.0681783324501022e-05  2.2547079026396944e-04  -5.0659764723036817e-04  2.9894316176382236e-04  2.6967988002802478e-04  1.1211039525953442e-04  9.0150011142055360e-05  4.5211258301205032e-04  1.4786785964560851e-04  -5.2098981099229992e-04  7.7055460013883878e-05  1.1335241121708527e-04  1.0868634363327442e-04  4.2186893246580515e-05  3.4843335448186255e-05  -3.6411823229525999e-04  2.4980866041083893e-04  1.2801808497771107e-04  3.5426671209856842e-05  8.8582420940704114e-05  8.5594350950958433e-05  -6.4799949892907331e-04  -6.6045108043920526e-04  1.8418279525676565e-04  2.7509536019232789e-04  4.0460342207686940e-04  4.9107547825599914e-04  -4.8178325996649731e-05  -8.1897035854337026e-04  -3.9948329293948675e-04  2.5324940938037751e-04  0.0000000000000000e+00  1.7622460585120846e-05  2.9638768373871566e-04  1.7269220507819047e-04  4.8212096195437705e-04  7.8124413486968744e-05  1.0692247347309071e-04  3.5991693673969192e-05  5.7555571924497780e-06  1.1955845094016287e-04  1.2951306733935925e-05  1.7285246375147058e-05  3.7721476288082677e-05  -2.9885276088013175e-04  -6.6527702496419931e-05  -1.5531688262020781e-04  1.9089145134461533e-03  -1.8547296063720043e-03  -4.2694139111245930e-03  7.0507275288033289e-05  5.0267027455771785e-05  -1.0395267714910326e-03  -1.1443390427657882e-03  -9.9406441227543559e-04  8.2975715857965947e-04  0.0000000000000000e+00  -8.8283748629737691e-05  2.5011914650889625e-04  7.4743224336497701e-05  8.6640975580393024e-05  2.7825798088496981e-05  1.3790345321726164e-04  -6.5662475521662304e-04  -5.2623496573807987e-05  9.5945291341655679e-05  2.5675895576630583e-04  1.0883399152160662e-04  7.7071631320433493e-05  -3.7403064240111198e-04  3.3935494206299778e-05  6.1998529510992330e-05  2.1646404197945413e-04  2.9890912132920545e-04  6.1513846289305699e-04  -2.6432815806044161e-04  -7.1491042009546083e-04  7.9126382330690101e-04  5.0382012255245362e-05  1.8403539810196357e-04  8.9909511120156110e-05  1.1151846169615343e-03  -1.3088644187234447e-03  8.1682008044936280e-05  1.1624990045337794e-04  1.6371469597926097e-03  1.7535813702831708e-04  1.0675841705563691e-05  3.0474455976716139e-05  2.5971273101337510e-05  2.2275207401244907e-05  1.5330720841380998e-05  4.4674129268722110e-04  3.8518062831149294e-04  6.8431324916318919e-04  -3.5765552327305153e-03  -3.8116365644332039e-03  2.9771941668043441e-04  5.5975130439320946e-04  3.3957967669002450e-04  -2.7330010006936076e-03  4.6030751184830411e-04  4.2832683679819544e-05  9.8204407083176301e-05  2.4297671757640777e-04  1.8520192836751259e-05  1.5023794663328727e-05  0.0000000000000000e+00  1.2672175868386974e-04  8.6456324791816462e-05  -2.6292003717461877e-05  5.4241592383788057e-05  -1.8926508480720166e-04  7.0881703400187471e-04  7.0332172506952734e-04  4.0587639476157468e-05  1.3879411001711645e-03  2.6921486075272012e-04  2.0382810048668554e-04  2.0067103357243967e-04  2.9175144124845816e-04  -6.2996441784215392e-06  -2.5012410506419346e-04  1.4865694686584142e-04  1.8869273904747487e-04  1.6857453859080463e-04  -1.0784162370505589e-03  -6.3122959583748891e-04  -6.6134869001939728e-04  2.0999569225064286e-04  8.0105871202731599e-05  5.5355304097462379e-04  2.5309389418766884e-05  -1.3867141598619393e-03  -2.2034433436005120e-03  5.2778188538652598e-04  1.3393091497774934e-04  8.3635465155535842e-06  -7.4929163791762207e-04  -6.8693456934090194e-04  -6.5575315504314208e-04  -5.5818560118973482e-04  1.0527009600867691e-03  1.7678934438290634e-04  -1.3941741998484608e-04  6.2920462380320800e-06  4.0447965392425894e-04  1.8642996530556864e-05  -1.3702831367064772e-03  -1.3145447797596264e-03  -1.4845470266301589e-03  3.1938165853297970e-04  4.4959164652236521e-05  4.5193469341994122e-05  -3.7496236077547325e-03  -4.1424170225357127e-03  1.2854090100587742e-04  3.3596121894777285e-04  -2.1942427755064059e-03  1.5024120382221585e-04  2.2730352437265076e-04  2.3261681639944839e-05  1.5573816311413856e-04  1.6345405898354499e-04  -2.8649588453652866e-04  8.5085967680250914e-04  1.4258951874134594e-05  1.5169696215559503e-05  -1.8622864777283481e-04  8.4672264439347808e-06  3.6665375240121895e-05  1.5803143954936883e-05  6.3263546467098224e-04  6.2998679131177871e-04  1.7704395807483341e-04  -1.6947125042380683e-04  1.9057106126126215e-04  5.0388841588895508e-04  -3.8606789048383321e-03  1.1131383805045696e-04  3.0452110273642373e-04  -8.2677466627449170e-04  1.2303209244036466e-05  3.1054281339170694e-05  -2.7504326166669281e-04  -1.7639061609437071e-04  -2.8412615578261532e-04  1.8900546136920934e-04  1.2264114337865294e-04  6.3574268678217869e-05  2.0740969999830812e-05  2.2782807271491418e-04  5.5720611684292084e-04  -8.4704549265670728e-05  1.4718297497191721e-05  1.3925383743194200e-04  4.3873422853626080e-04  2.6216768658049304e-05  1.0915981897364990e-05  1.7544049255798701e-04  1.8498066867930762e-04  5.6317207534149809e-06  2.7417978900992878e-04  1.4864429044599010e-03  1.0821516417850231e-03  1.6329312549917031e-04  1.0062991325331217e-04  4.5314743820487537e-04  1.7974814914201994e-05  4.7735074965545796e-04  1.9359438980296465e-05  8.6434049336737403e-06  1.0849466909399684e-05  2.9789640340973885e-04  2.7718500925034479e-04  2.4122941741781085e-04  -1.5014681221901533e-05  -1.3508904781624668e-05  6.8052894959602617e-04  2.4846276797340866e-05  3.4550535054230332e-05  2.4296913720512278e-04  5.7412280931825795e-05  1.0070253056948997e-04  8.2455906000878943e-05  6.2946491132668614e-04  -2.8624904588727226e-04  4.1549578968761835e-04  3.7806776389994883e-04  5.6375624759091583e-05  1.6098378720440538e-04  2.1919491275045327e-04  1.2256993485388036e-05  3.4415449965768579e-05  0.0000000000000000e+00  8.8294817798936811e-05  -2.5236990047431275e-04  -3.8214234747182819e-04  2.9325830222979698e-04  -9.0464385224083986e-04  7.7190013851004258e-05  9.2592358409138086e-05  3.5755240384273293e-04  1.7209416532268658e-04  2.5657118779545920e-05  -1.5890958878853850e-03  -2.1602982146542849e-04  6.9091751831133199e-04  8.4685599721280652e-06  2.6564369389959635e-05  4.7474764170512079e-05  1.1595197990822543e-03  1.1470451737353359e-04  6.4554267822886378e-05  3.1451350302846796e-05  6.7270107854810489e-05  -4.0195731761755327e-03  -3.7724923591129474e-03  -3.3072957964155585e-03  -3.7854841145400892e-03  -4.1030459554952190e-03  -3.8354229092932000e-03  2.6520670578167381e-04  3.3102171261152559e-04  2.4798717325967697e-04  6.9326569976873377e-05  -5.7700322815693126e-04  2.2549037512031365e-04  7.0181667422015059e-05  3.3567013232403331e-05  7.7936831064253121e-05  9.4146187777635878e-05  5.0838759322897160e-04  4.6822913840572646e-04  -5.1922176904177129e-04  1.2250675495376477e-04  9.7531893884228801e-05  2.8574868496218642e-04  1.1359998376880979e-04  1.0251938785730095e-04  5.6400608087207224e-05  1.4392021223598900e-04  4.1468307944070017e-04  3.0853033399795234e-04  -9.9029059887939161e-04  -1.0534906292553993e-03  1.2114718961026835e-04  -5.5246205491199102e-05  5.4805350093591224e-05  2.1113838796394538e-04  2.0945044247248877e-04  3.8921848598915932e-05  8.2810973620528331e-05  4.0838414047656075e-04  -2.4814076209854247e-04  2.4820052037306599e-05  2.2210665801648480e-04  3.5054717523577903e-06  1.2785781559372166e-05  4.2601596096430842e-04  -6.5675273091992433e-04  2.9108188363021820e-04  3.6212748324079548e-04  -9.5476597119398927e-04  -1.1192686434404245e-03  -9.0111955517986836e-04  7.2155926774042953e-04  2.2125980783103234e-04  6.4342227009105498e-05  7.2387009718842738e-05  5.9312280311345916e-05  3.9667057035199444e-05  3.7896589166356446e-05  -1.3496688423697317e-03  -3.6234315185301332e-03  -3.8116081823811911e-03  8.0796740668817637e-05  1.5944362871066922e-04  -6.0377410727843834e-05  5.5948763564593856e-04  8.0460830325463815e-04  9.4202076543557637e-04  7.3826351653910789e-04  6.6704778429550380e-04  -1.2107556450827181e-03  -1.7206510828079739e-04  -5.3261168043326117e-04  4.5710757422941575e-04  3.0553828356892218e-05  4.0171676425373876e-05  1.3161263805067447e-04  -8.1976221157379736e-04  1.9441515911153974e-06  -5.5744076404981626e-05  2.7391266533931491e-04  3.0564959668575957e-04  -6.2442327790231925e-04  5.7792427791965610e-04  1.9831777989363849e-04  3.9545854514361649e-05  -3.0995375924594126e-03  7.1092278337724620e-06  9.5283044224481762e-06  9.0634266129485528e-05  1.1104944337354471e-04  8.5579157452764343e-05  -6.9434951194911768e-04  2.4268187839430132e-04  2.1455346427370301e-04  2.1919514074292479e-04  2.0688131312670385e-05  4.8558814366614953e-05  1.6124274448880372e-04  -6.4922829735187615e-04  -3.8138160313256052e-04  2.5838071815452749e-04  -1.9790918474497568e-04  6.1346510967337433e-04  7.4777668171541862e-04  -1.3912374391260832e-03  2.9804667871794448e-04  1.3478101742126896e-04  5.8805113816319554e-04  6.4211760257244893e-05  5.7302187651415363e-04  1.3604765234339640e-04  2.4197085607278825e-04  -6.1297247287062648e-04  0.0000000000000000e+00  3.7063095785596069e-05  -1.0058191734161406e-03  -1.0061026248241966e-04  6.1195937256949340e-04  5.2455602511523229e-04  8.7712356682709345e-04  7.7459199890526822e-04  -3.3957516762844173e-05  0.0000000000000000e+00  4.9097760243692300e-05  7.0861797979729777e-05  4.6279315098054530e-05  4.0337114470026797e-05  5.6370995194025174e-05  4.0585927283603450e-05  2.0987430262569702e-04  2.1345946796014675e-04  2.4603589253097840e-04  -5.1418123601052888e-04  -3.8774247660774011e-03  6.9579960600252939e-05  6.9353467568323724e-05  7.4369030231284631e-05  1.0408395537905065e-04  9.6611530888386299e-05  -2.5744578979509029e-03  -3.7321671588069687e-03  -2.9893171148682443e-04  5.4848560335392846e-05  -1.6456217679438868e-03  2.6665297226571556e-04  1.9216048968873902e-04  1.7205174562448920e-04  5.0656730131761323e-05  -1.9579289857289209e-04  7.3536089912045995e-04  7.5005169588487723e-04  1.6391753116478375e-06  7.7661442707265636e-05  6.6833691910365215e-06  8.6367956619900097e-05  2.3349357489841800e-04  1.2316985084738740e-04  -1.8337154169433684e-03  3.7667587763343514e-04  2.0017993783150197e-04  6.7016732093759393e-04  -3.0931413248755715e-04  7.4269782561068741e-04  2.3459347640093948e-05  8.8620180952067460e-05  -3.4778676066082767e-04  1.9235576324084906e-04  3.2824105363613331e-05  0.0000000000000000e+00  2.9333112150060258e-04  5.3123148514896100e-04  6.7647182811820335e-04  -5.8472005770895117e-04  2.0167995469111001e-04  -5.9586292803963099e-04  5.8289559433530192e-05  6.1130419119743865e-04  -9.0612267783483880e-04  3.1153342850310541e-04  1.0816073529107630e-04  6.7381212088467676e-05  -4.0898090711307122e-03  -3.0650370450611814e-03  -3.2512334452783399e-03  9.9080283468570313e-06  2.8520209394696660e-06  -2.1501821764669753e-05  0.0000000000000000e+00  5.9627269318640879e-04  4.5926292720398011e-05  -1.9062115329011194e-04  6.0853077444748393e-04  2.5280985545037059e-04  6.0734305906522796e-04  1.0379532292516623e-04  1.1748842395982812e-04  -6.1747539368890646e-05  2.9326730664767676e-04  0.0000000000000000e+00  3.2797071061025393e-04  3.4910261322128355e-04  3.6327621207143381e-04  -3.1376082761929428e-04  -4.5072452640936234e-04  0.0000000000000000e+00  -6.7290141207295958e-04  1.7949480962308216e-04  2.0617061688696793e-04  1.8274768088974498e-04  3.9680973674341641e-04  5.7931262981122565e-04  2.0761155309023134e-06  7.4474301167910901e-05  4.6080626840075401e-04  4.4466431096828747e-04  9.4703618620001976e-05  8.4115481808346722e-05  4.2382339218833451e-05  6.2363173325958590e-04  0.0000000000000000e+00  -5.9693573197940725e-04  1.6815133006609187e-04  5.1647412106985830e-04  0.0000000000000000e+00  1.3373272341153972e-04  1.3839663204208964e-04  2.6843059909527844e-04  2.1379572750037247e-04  -1.1486084798650420e-04  -6.3563630850248416e-04  -5.8380326547533793e-04  -6.4215671520682948e-04  2.3067464902132021e-05  9.6567977769749632e-05  4.4271838622190649e-04  -1.4911135036447024e-04  2.1931662910292766e-04  1.5625809138481474e-05  6.5306238146648385e-05  6.1308548611305042e-05  -5.9341762765716859e-04  -7.3192054065146191e-04  -2.7812791819894079e-04  -3.9725541519078670e-03  -3.9803343627820746e-03  -3.9192924928543801e-03  -3.8377657410145313e-03  4.3472804867176438e-04  -2.3943421569480212e-04  -2.0929720786145884e-04  1.4843920319992212e-05  2.7265968521728777e-04  -1.4283142028866889e-04  5.6678857469435139e-05  8.2653556293780852e-05  7.4989138263142734e-04  -8.7419544733508632e-04  5.3187687727619443e-04  2.5849175223264739e-04  0.0000000000000000e+00  5.3290178654861109e-04  3.6925132255858392e-04  1.2029069887219024e-04  1.2396180474111009e-05  -3.6984317725076770e-03  -3.3667997272581736e-03  -2.1846056639061480e-05  -4.5368546172144807e-05  1.8334289623197875e-03  -1.5832448800072341e-04  -6.2447741916670093e-04  -6.8024039294974699e-04  1.7475726764752691e-04  1.4417811107195655e-04  -1.6033506170952017e-04  0.0000000000000000e+00  -3.5568331094986479e-04  0.0000000000000000e+00  -1.2367024110051841e-05  3.4161843213339994e-04  8.5754819739682553e-04  9.5738607332770975e-04  7.6833208498463482e-04  2.0776084612097659e-04  5.8049241681590747e-04  -1.0122704392506226e-03  6.6046257634093809e-04  1.5317588129934467e-04  1.2143187640083543e-04  -4.3685741744916353e-04  -7.1172879597470055e-04  1.5708328695412948e-04  1.1605681208575419e-03  1.4490438176231862e-05  4.9552130439753999e-05  3.9175183978287830e-04  1.7324094337269495e-04  4.2145979781978897e-04  6.5916671702804554e-05  2.4645781532396606e-04  1.1762799554725048e-04  9.9900058386073715e-05  -8.2897398007885867e-04  2.2369935391829390e-04  1.4657588861468666e-04  7.7509313316826420e-04  1.5468762176582695e-04  0.0000000000000000e+00  2.5435069298700798e-04  3.6362094029187995e-05  4.0897825800023988e-04  0.0000000000000000e+00  3.2339668642409675e-04  4.0148590393571355e-05  1.8997346479217181e-04  1.3453197117452561e-04  -7.7770874582848643e-04  1.3146776400661768e-04  2.0783128892166752e-04  2.5781789593629719e-04  -1.0002185067813120e-03  0.0000000000000000e+00  -7.1091892695648309e-04  -8.2009957276701516e-04  1.6645663599149330e-04  3.7721125282589099e-05  -3.8592888308606270e-03  3.9876253842687539e-04  6.4360774568394334e-04  -2.7159186351075998e-04  2.0444832426549277e-04  1.8321059290128306e-04  1.5420498949761087e-04  -3.7673876765129130e-03  3.0249357374271168e-05  0.0000000000000000e+00  6.3826028296086609e-04  6.3578443500274836e-04  2.6333936067569140e-05  4.2814856129425900e-04  -5.1706922194463085e-04  -5.0565270791360053e-05  1.3547091719908704e-05  1.0540925049293021e-04  9.0932378946067318e-05  -3.8412946459592118e-04  -5.5684667972571913e-05  -7.6009658127454088e-05  6.0476312032015232e-05  1.1562837891988140e-04  2.9654047335725810e-04  2.3866946394424384e-04  4.9355426614894626e-05  7.3192496984525812e-05  6.7757919746988486e-05  9.3580439153392956e-04  5.4556716612259310e-05  1.3046024240755645e-04  5.0322795173495927e-05  4.4956449630541771e-05  5.9239371294456098e-05  5.3105180513996224e-04  1.3320065970984362e-04  1.3849876694555036e-04  8.2430611298194263e-06  -5.1739638190940942e-04  1.9573949738939899e-04  -8.9580336355906765e-04  3.7933156882175190e-05  1.6392998792588587e-04  1.7544271192991901e-05  -3.0019919412450517e-04  -3.5530220364173476e-04  2.4952536447129750e-05  -3.5606969757713009e-03  -2.5837894189327292e-03  3.0288630075922827e-04  -1.1124163500544509e-04  1.3765459309853699e-04  1.1826282621597282e-04  -4.9832210419844137e-04  -3.8826189160767597e-04  -5.1478146662172928e-04  -4.5219004897890296e-04  1.6246853129604061e-04  1.5410391427650783e-04  -2.8182303707715352e-04  -3.5356516643471618e-04  -1.9200316700276909e-04  2.8356742386695003e-05  1.2658652049320811e-04  2.6993472209705769e-05  1.4370890536767012e-05  2.8769196234286025e-05  4.8958364213109204e-05  1.1150897900787992e-04  -1.3746186288502224e-04  0.0000000000000000e+00  -9.8969846787050981e-06  -6.3951319935765601e-04  -5.8161265808946868e-04  -7.5274204256489089e-04  1.3017752609912752e-04  9.3191698600414194e-05  1.4043733688991585e-04  1.6497442108618404e-04  9.8551799544140394e-05  -7.7865223505013941e-04  -4.7326741161140320e-04  2.5909731709800428e-04  1.8986348632529100e-05  -6.1542311657661124e-04  -5.0487139054676208e-04  -3.2775172468107821e-04  -6.4238806551849084e-04  -7.6488649820486733e-04  1.7214669414633896e-04  5.4563683030319833e-04  3.9963570297897431e-04  6.0275349038287334e-04  3.1264708527041642e-04  3.7209295402099721e-04  2.1757118685982379e-04  0.0000000000000000e+00  -3.8740160360742743e-03  4.8369367682601126e-05  1.1558946074811859e-04  0.0000000000000000e+00  4.9918152062601812e-04  9.1574754915729078e-05  -4.7338523703601034e-04  2.2477496406766981e-04  2.0976522150471956e-04  -6.0636603427924179e-05  1.3074145271809324e-04  -1.0842773922269519e-03  -6.7691711385989804e-04  -8.0272122055420234e-05  4.1802076730748312e-05  1.5959363912815342e-05  0.0000000000000000e+00  1.6924205050397779e-05  6.9081166328243033e-05  2.2629363964107293e-04  2.3397076836812662e-04  -6.6210964894344458e-04  2.8383914668485598e-05  0.0000000000000000e+00  -7.2483390476012514e-04  7.9645616732308642e-05  7.2519802703777364e-05  1.1959681900521067e-04  -5.4604808463915987e-04  1.3116028547750374e-05  -4.4667011582434976e-04  2.3188547082057671e-04  7.5354618257064858e-05  0.0000000000000000e+00  -1.4064405443246433e-04  -5.6802480920596795e-04  -6.1100176893352993e-04  -1.0061779541517147e-03  2.2365874197982768e-04  5.2921067752235703e-05  2.4395552470249566e-04  0.0000000000000000e+00  5.2392245385420087e-04  -2.1966774832221387e-03  1.8370881252001992e-04  2.1662914768522888e-04  2.6439554273209077e-04  -2.5790689865696814e-04  6.4247767489573817e-04  2.5241000322133249e-04  1.6820334717515859e-04  9.3126395000728973e-05  1.1319774013058946e-04  3.5274187716822396e-04  -6.6411906750815652e-04  -6.1293756549254280e-04  -3.2272362898135693e-04  1.1520136029863158e-05  -6.2581389284980897e-04  3.1039611464320975e-04  -5.9162321880561804e-04  7.0937113265121020e-04  -7.6802201119102189e-04  4.0720840410723779e-04  -1.6281278974593598e-05  -6.7968899402586326e-04  1.3725456944607621e-04  -2.7972328293179652e-03  -1.1475591248345878e-04  5.1040169430455087e-04  -3.6405254957264689e-03  -3.9380605498083960e-03  -3.7306888533668852e-03  -5.4941717737385873e-04  5.5918791813996959e-04  6.0984366939701308e-04  -5.2904805918214610e-05  5.9704927160831396e-04  3.1467385976885958e-04  4.2379471532550609e-04  -6.5022400905095034e-04  -5.0076923405392769e-04  4.9400166580152306e-04  4.2326137361293470e-05  4.4605397935840181e-05  -9.1708486836520112e-04  3.7896052616489485e-05  0.0000000000000000e+00  2.4348279171691015e-04  2.7129106112484932e-04  8.4820197316325718e-05  1.1219511340983369e-05  -1.2066657603704513e-04  3.7308236936856293e-05  1.9714819705999175e-05  5.8132018140789593e-06  -1.2361776806364458e-04  -1.6703957235005316e-04  -1.3527576174530387e-04  3.7374158181157382e-04  -8.8546346085300546e-04  8.1963074971452604e-05  -2.0832012945407480e-04  3.0408298806292944e-04  9.3531546864001101e-05  1.1671576009096571e-04  5.8735284200966585e-04  -4.3020136114682074e-04  0.0000000000000000e+00  -3.3224293725674054e-04  -2.6032184444585649e-04  -1.6955375817677290e-04  1.1334729059529658e-04  9.7198360470620923e-05  8.7619685829319133e-05  -3.2500127223222789e-03  -2.8744522226727210e-03  -1.4648007625260454e-03  2.0646080571858850e-04  2.5838279874545507e-04  2.6998029264391253e-04  -6.2333870582637041e-04  4.0275251714412031e-04  4.0657137118309006e-04  8.2046122852195340e-04  1.4841758986176840e-04  2.1407442430926055e-04  5.3723945103339532e-04  7.2144486065366334e-05  9.4796171329882348e-05  2.7412097497360167e-04  2.5299006641273146e-04  2.7410984500261467e-04  3.6041560514658827e-04  3.9956097523570987e-04  4.0722962716363326e-04  1.1807655833541780e-03  -1.1931339070521476e-04  -2.8906190874434981e-04  -1.7297740149073272e-04  6.6518175453162331e-04  -9.8623790430317970e-04  2.5767959383774954e-05  6.4785732209668940e-06  -4.6501569787486569e-04  1.7757769369940008e-04  7.8353430559059214e-06  0.0000000000000000e+00  8.1632572730767028e-06  1.0436815902906302e-05  5.9108398745774766e-05  -4.8285626269026082e-05  8.8614605802369922e-04  9.2888888159045559e-04  2.5184024759388450e-04  2.2585975117870181e-04  -3.4647735733579353e-03  5.5212034289910453e-04  -2.7331432351876328e-03  -3.3962624809848641e-03  4.4638568038429230e-04  6.9618373520646769e-05  7.1898061387761460e-05  5.2141773335984870e-05  2.5719175067829842e-04  2.3545237626340095e-04  2.9999601586679807e-04  4.6201884943291769e-05  2.4485916072964064e-04  8.0708256962062940e-04  -7.1742789640959410e-04  4.0896475008232508e-04  3.3939138672999599e-05  0.0000000000000000e+00  -5.5535663277436894e-04  -4.2066811296505423e-03  3.0861558752734669e-04  4.9618682315663337e-04  1.1819489671067534e-05  2.6511392327655234e-05  1.2803344101609598e-05  1.0121274902562613e-04  1.6132586260604202e-04  1.1073441675462366e-03  -4.4089238913015986e-04  -5.6975364242002526e-04  -2.9190630614740143e-06  4.8191742422773959e-08  -7.0137996528480664e-04  2.5052122774394794e-05  5.6554643194974355e-04  4.5694403608040850e-04  -1.2136182809916365e-03  5.5709854395648534e-04  0.0000000000000000e+00  -4.0293482091235166e-03  1.1793805989882536e-04  5.1223955380002868e-04  -1.0893267104710824e-03  -1.4242933396988915e-03  -1.0735611933472616e-03  1.5352480305693699e-04  1.5514418053268539e-04  1.7844035815611913e-04  0.0000000000000000e+00  1.2305206277025945e-03  1.9312145493959919e-05  -1.3471232098639010e-04  -4.2929049049882816e-05  5.9501542000477922e-06  3.8012233341998123e-04  0.0000000000000000e+00  9.2312336468834206e-05  3.1143929087255281e-05  -1.9317509437147563e-04  -1.6909546663484052e-04  -1.0434033624015097e-03  1.4195928398511138e-05  9.7266518243698929e-04  4.2603551542237205e-06  1.0494827712907758e-04  -5.3010595010103258e-04  -5.4497272517651911e-04  -5.1662513904186910e-04  2.1114301527519808e-04  -5.2056485906893974e-04  2.3790398173950142e-05  1.9628559320655168e-04  2.3084244961598925e-04  6.5248509033578565e-06  4.7311826771100903e-05  2.4402080276685897e-05  5.5027643214384384e-05  1.1428024875266121e-05  7.6429341357554253e-05  6.6759590681706241e-05  7.0639414997634279e-05  -1.1720949509294171e-03  4.5983001607382884e-05  4.6124643587475808e-05  -5.8612379502829051e-05  -4.5324899900989252e-05  -7.0560156674682426e-05  3.4549383119356899e-04  1.7058581228697613e-04  1.5071599444916225e-04  1.5371764287733388e-04  -4.0159777464576866e-04  -4.4271252782452902e-03  -3.8539472649097100e-03  8.6038318673558074e-06  1.1676636391426264e-04  9.9027903499158145e-06  4.9757038358704801e-05  3.1179008057268063e-05  3.8419105541424089e-04  3.3525363138005602e-04  -3.1099834963724468e-03  -3.7847391538307650e-03  -3.4140854671174089e-03  -3.4099219850870928e-03  3.6573380724950886e-04  0.0000000000000000e+00  0.0000000000000000e+00  -8.3695702706815852e-04  1.1693836818884470e-04  5.9443506675986316e-05  3.0007155469861322e-05  0.0000000000000000e+00  2.1355217792125942e-05  1.8813284935922399e-05  3.0455342827470324e-04  3.0493738289774304e-05  -5.4113247863513617e-05  9.2548650542676798e-05  1.1580132364693934e-04  3.3924632881226401e-04  1.5354353786938213e-04  5.6064283845365468e-04  7.8715670035191666e-04  4.8395988584887511e-04  -5.3271192502811811e-03  -1.0213553251381385e-03  -3.3432704801986501e-03  3.6097868481373309e-04  9.1333319432641499e-04  -6.4522320799736575e-04  -3.4972915408091969e-04  -3.9788893752684863e-04  7.3346097767196337e-04  3.2653619225256618e-04  -1.9543500079151208e-04  -2.5557189860653278e-04  -2.0585153912574042e-04  0.0000000000000000e+00  0.0000000000000000e+00  1.7910628093889903e-05  1.7073466369512170e-04  2.5047178161976280e-05  1.2653162948994936e-04  4.8754041785400559e-04  2.2069310079425022e-04  4.4341288760917536e-05  6.4560335130214587e-05  -3.6708020908235492e-05  -7.1783396528578446e-05  -1.9451048954999828e-03  -4.2754127645599336e-05  7.0877679084002233e-06  1.2871304708127939e-04  3.1419701586025494e-05  2.6631177287388417e-05  3.4527714618097478e-04  3.8165503724567720e-04  3.8511645034782345e-04  4.2513063335162008e-04  3.0233586541057977e-04  2.6427400982937093e-04  3.0859274636365762e-04  -2.0744037514826787e-04  -2.1715066265709174e-04  -2.4225016997077826e-04  2.7109615032035905e-06  0.0000000000000000e+00  4.2998844364729768e-04  -4.3839331217840182e-03  1.0633672981567669e-04  -3.5335653746883168e-04  7.5033293354171825e-04  -3.0937318564228040e-04  -3.6268081624091063e-04  -3.4476061497518547e-04  2.4343954017934676e-05  6.0876561506285253e-05  1.7053072704972526e-04  6.9500544583716130e-05  6.5410860087323504e-05  1.0292873572673484e-04  -3.7843361538473300e-03  -3.9088599957445608e-04  5.9010983808109824e-04  2.1901117883677767e-05  8.4929209748435227e-04  -5.4274518161443754e-05  1.4789189604455297e-05  3.0216084135613600e-05  1.7933870715551474e-06  1.1716013640457132e-04  4.3191797255901414e-05  2.0032015390421466e-04  -3.8233897351482708e-03  0.0000000000000000e+00  2.2381455952409635e-04  1.8086168241383084e-05  2.9268443918276645e-05  0.0000000000000000e+00  -9.2118413749321443e-04  -3.8504825779608265e-03  -3.4201376989446588e-03  0.0000000000000000e+00  0.0000000000000000e+00  0.0000000000000000e+00  0.0000000000000000e+00  0.0000000000000000e+00  -1.0662366873879069e-03  0.0000000000000000e+00  0.0000000000000000e+00  0.0000000000000000e+00  -1.1837905600657435e-03  0.0000000000000000e+00  0.0000000000000000e+00  0.0000000000000000e+00  0.0000000000000000e+00  0.0000000000000000e+00  0.0000000000000000e+00  0.0000000000000000e+00  0.0000000000000000e+00  -1.6906158875376217e-03  0.0000000000000000e+00  0.0000000000000000e+00  0.0000000000000000e+00  0.0000000000000000e+00  0.0000000000000000e+00  0.0000000000000000e+00  0.0000000000000000e+00  0.0000000000000000e+00  0.0000000000000000e+00  0.0000000000000000e+00  -1.0193649350432950e-03  -3.6424984375360851e-03  -3.6267915893444989e-03  -4.0312943227791128e-03  -3.6294648000395704e-03  0.0000000000000000e+00  0.0000000000000000e+00  0.0000000000000000e+00  0.0000000000000000e+00  1.6933032130871750e-05  0.0000000000000000e+00  0.0000000000000000e+00  0.0000000000000000e+00  0.0000000000000000e+00  0.0000000000000000e+00  -4.8488548415278086e-04  -7.3664733710879541e-04  0.0000000000000000e+00  0.0000000000000000e+00  0.0000000000000000e+00  0.0000000000000000e+00  0.0000000000000000e+00  0.0000000000000000e+00  0.0000000000000000e+00  -4.9980695642446961e-03  -4.1131026728685408e-03  -3.5298388356337965e-03  -3.6853131863730953e-03  -3.7523621263733792e-03  -1.3467434434378620e-03  0.0000000000000000e+00  0.0000000000000000e+00  0.0000000000000000e+00  0.0000000000000000e+00  -4.3475032024275495e-03  -2.2998278581343552e-03  -3.7916375035219012e-04  0.0000000000000000e+00  0.0000000000000000e+00  0.0000000000000000e+00  0.0000000000000000e+00  0.0000000000000000e+00  -3.5982787635727618e-03  -2.7151937362767768e-03  -3.4842537491654945e-03  -7.4856986301530812e-04  0.0000000000000000e+00  0.0000000000000000e+00  -1.4181505637343318e-03  -4.7266404605213988e-05  0.0000000000000000e+00  0.0000000000000000e+00  0.0000000000000000e+00  0.0000000000000000e+00  0.0000000000000000e+00  0.0000000000000000e+00  0.0000000000000000e+00  -4.3543575871829677e-03  -3.4856921411660965e-03  -2.9666628045845059e-03  -3.9969605082211482e-03  -3.5957310679970941e-03  -3.4161960906452958e-03  0.0000000000000000e+00  0.0000000000000000e+00  -1.1334401022928815e-03  -3.8652868707456014e-03  -3.8786588352573170e-03  0.0000000000000000e+00  0.0000000000000000e+00  -1.0466870955756829e-03  0.0000000000000000e+00  0.0000000000000000e+00  0.0000000000000000e+00  0.0000000000000000e+00  0.0000000000000000e+00  0.0000000000000000e+00  -4.1170558634368130e-03  -5.7472792537958603e-04  -3.0620470478813430e-03  -3.9700284045512974e-03  0.0000000000000000e+00  2.9558989246791719e-04  -6.5995574462872169e-04  4.3566263448256872e-04  2.9703933573418658e-06  -9.3331005816784708e-04  -4.6580035908745844e-04  -3.7289250086021630e-04  -1.2330846213318866e-04  1.6214191759954870e-05  4.3827159628320907e-04  5.1633561048313695e-04  -1.5380233005769654e-04  7.0650524392363461e-04  5.0874682814299766e-05  -3.6513114493467247e-03  3.4639082523725160e-04  1.3904010236820593e-05  1.1631035797594828e-04  -1.6148888269857807e-04  2.4889183290173304e-05  3.4497910355565622e-05  1.2118190530774581e-04  -7.0204108315551398e-04  -4.8590849660125468e-05  4.4573018866026019e-05  -4.4649620035625307e-04  -2.6199824086768336e-03  8.2007694480093769e-05  9.9332696708024533e-07  3.1802109263180831e-05  -1.2114493439880389e-04  -9.9363848855764925e-05  2.6334295312820225e-04  2.4563685297832288e-04  2.2088475699016949e-04  2.9372554568750224e-04  2.6514552041871322e-04  -1.1875334776436173e-04  -9.7680525771751101e-05  -2.1470731378736902e-04  -9.0560623754539524e-04  1.4165205741086459e-04  -1.7749911104146905e-03  2.3670726060522732e-04  -2.8354649231438232e-04  -1.0205246137066166e-03  -6.7469638855072395e-04  3.0479717847248437e-03  7.0505899883071990e-04  1.0055404805142466e-04  -1.2676174292096962e-04  -4.9212507520440776e-05  5.9781622998043144e-04  2.3969714807073791e-04  6.4436395166954374e-04  -5.2846851125668763e-04  1.3510419362097698e-04  8.4310909124852420e-06  1.7947006387314390e-04  -8.2169776761724410e-04  5.0963189824590721e-04  3.0641073552846698e-04  3.0522324236695920e-05  3.7224998482068269e-04  -3.1282797315211695e-03  9.3140073177470559e-04  8.9302841691331358e-04  1.6233375264394239e-04  -3.7206883851279894e-04  -2.8462930718489081e-04  -1.1924360772495068e-03  4.0942414235180691e-04  -4.4447739706805105e-04  6.2884311103184759e-04  6.9695285015232989e-05  6.3666930633452472e-05  -3.7509341290976189e-04  1.9975456337459360e-04  1.5481963845347354e-04  -3.7209200465316493e-04  -4.6859680722592575e-04  2.9039156869024244e-04  3.8547883133042981e-05  1.5348301901977226e-05  6.5270511100617656e-05  -1.1218952796428426e-04  -4.7556855999765344e-04  4.8714915754874188e-04  2.0535227735257893e-04  7.8857051538058049e-05  2.2449534732477261e-04  -1.1466628566187233e-03  8.2099033370223578e-05  -7.1455283454276120e-04  5.6486537526607939e-04  1.2963391380317669e-04  1.0666694055795101e-04  -3.8460999686937329e-06  1.7154861933768440e-04  7.0719215374472522e-04  7.9035379314309920e-04  1.1672567033326785e-03  1.4296408348454295e-05  3.0528582871608548e-04  6.7939827716036714e-04  3.7820955250453817e-04  2.8242749964748026e-04  -7.6591336946363103e-04  7.1273117992351725e-04  6.6597714503888536e-05  6.4951060396315291e-05  -1.8390875110670791e-04  4.3432729172989570e-04  9.2596416797331341e-05  3.1394091888589892e-04  5.8893117290645959e-05  7.9398021303528387e-05  2.5472669897089822e-05  -1.7223674700391045e-04  3.3260175667345200e-04  4.2291214702668071e-04  5.6106734394456861e-06  4.0950813127899744e-04  2.2229309758143047e-04  6.6597039213621892e-05  -5.8863064059475805e-04  -5.4399676541659115e-04  -6.8183830127049991e-04  7.1657867257534150e-04  7.6015144847163481e-06  -4.7913231981559675e-04  7.4784289360730412e-05  5.6076454419149380e-05  6.3717502365199109e-05  4.7193824334920736e-04  -1.2332665451373133e-03  -3.7788922098129588e-04  7.2363271029528579e-04  5.3218261076086340e-04  8.2091144660812918e-04  -2.3549229291905459e-04  7.1933462563968266e-05  6.2351810037452330e-05  6.5604895947365027e-04  6.5158357922914467e-05  2.8631441090455873e-06  6.7660232683799267e-06  2.5397875460890263e-04  1.2443963572994615e-04  1.4538435715717526e-04  -1.5118702633782781e-04  4.4485563214982058e-04  -3.2663874955382588e-04  -2.7214076218283836e-04  -4.1464322823198954e-04  4.0552337417005353e-04  9.0635821512545967e-05  1.0940019990432723e-04  1.4963321349730657e-04  -3.2504146441840248e-04  9.5616060269750568e-04  1.0521171882216440e-03  4.7364382891979483e-04  8.0662106624553030e-06  -4.5724294121328142e-04  -4.9978377322880039e-04  -5.6678263038779681e-04  4.3723476872600797e-04  7.9057357004781194e-04  3.2480997363283924e-04  3.2404503433777478e-04  -8.9570557502972989e-04  -7.8440639329997318e-04  3.2509886483919423e-05  4.3452005862201990e-05  7.4154288738695828e-04  -4.4263451859282381e-04  -4.0426519339890562e-04  6.3703784937069766e-05  4.5169859099467035e-04  1.3732193132704455e-05  3.9578017690546758e-04  -5.2612446837056823e-04  1.5644844629284540e-04  -3.5128585005947742e-03  -5.1281027234812749e-04  2.3871485190287773e-04  1.0173095966837022e-05  6.2321727854327809e-05  5.4721582463048950e-05  0.0000000000000000e+00  -1.6081907750921307e-03  5.2422738659690916e-05  -3.7503498608141124e-04  -3.0981288563551406e-04  -3.7759425737587244e-04  1.5793471597240363e-04  1.4631922759506368e-04  -3.8230911426513810e-04  -2.9282357523321165e-04  -3.0769833518729439e-04  4.3613336725816728e-05  1.3544631745310227e-04  5.0419101434057275e-04  -5.8397384112346591e-04  -4.4859831224408701e-04  -4.5998083168596361e-04  2.5291175545234411e-04  2.1277072165981287e-04  1.6652152241739939e-04  5.0864862496870613e-04  4.4878335331978805e-04  3.9528219101633600e-04  1.7462112282213462e-04  4.0494422973211708e-04  7.1567763141861863e-04  9.0508086415180182e-04  6.5476692944796519e-04  -7.8965250289361516e-05  2.5740085640813754e-05  7.0055452201026530e-06  -4.1203226177840025e-05  -8.3762103314417611e-05  2.0490289761063567e-04  2.0666765957468817e-04  -3.2339732188467300e-04  -3.5492872985776885e-04  -3.0364076039084338e-04  6.5943119826845724e-04  1.3187710789821770e-04  -4.8238990497306741e-04  -3.4936176413952630e-04  6.0022841412699791e-05  2.5757585914360653e-04  1.3709086743772935e-05  1.9101653708606627e-05  3.6554297392717177e-04  1.0598716908457197e-04  1.1721689130412298e-05  -4.9509052498969766e-04  2.7292846905867799e-04  -1.8923706610381723e-03  1.6401149726879630e-04  2.8630670832389629e-04  1.0183349466119356e-03  3.2988993760498597e-05  7.9473370941953272e-04  2.2837975354528177e-04  -7.2010040891592992e-05  2.8831242957767339e-04  5.7957154427019838e-05  1.0712284587428799e-04  3.8355976790451689e-04  -6.6435007314620043e-04  -6.8088455978155367e-04  -7.0849400745419617e-04  6.5148657291454711e-05  1.0971928573404604e-04  -4.9105962914146458e-04  -4.8318825644328209e-04  -3.3608329199958189e-04  1.2319458513199418e-04  -1.7387203093973101e-05  3.0894377337532228e-04  1.3110367002464947e-03  3.8861827273350707e-05  6.9265564181966006e-05  1.0220944517021097e-04  1.5816914438975414e-04  2.5052006895344454e-05  -7.9816169665109979e-04  6.9972396913272323e-05  3.1324560544061844e-05  7.2701087304059389e-05  3.2258032554340635e-04  1.2907976850769488e-05  2.1229864537928727e-05  1.7326210605173237e-05  5.6926736837583161e-04  7.6061992590077893e-04  3.9623850898219238e-05  2.4075599976718449e-05  3.1313517963340922e-05  8.7926899853422527e-05  -4.2775711226439604e-04  -5.5455899329278540e-04  6.9411292150999969e-04  6.9684538842777755e-04  -1.9217693628623521e-04  -2.7100481034397512e-04  -8.6327949689340435e-05  1.6743597783228261e-05  6.4766000090598274e-05  2.0390308582526567e-04  6.5689661454316919e-04  3.1235647419235106e-05  -4.9725023174039514e-03  -4.8850412896715009e-03  -3.8843637699842047e-04  -2.0697376363190000e-03  -8.5026780999641839e-04  -3.0719317883957579e-03  </DataArray> 
</PointData> 
</Piece>
</UnstructuredGrid>
</VTKFile>