<?xml version="1.0"?>
<VTKFile type="UnstructuredGrid"  version="0.1"  >
<UnstructuredGrid>
<Piece  NumberOfPoints="4335" NumberOfCells="8199">
<Points>
<DataArray  type="Float64"  NumberOfComponents="3"  format="ascii">0 3 0  0 0 0  8 0 0  8 3 0  2.407153945873056 1.3 0  4.407153945873056 1.3 0  4.407153945873056 1.1 0  2.407153945873056 1.1 0  2.407153945873056 1.114934919164796 0  2.326252246435561 1.141221474770753 0  2.326252246435561 1.258778525229248 0  2.407153945873056 1.285065080835204 0  5.623747753564438 1.895105651629515 0  5.692846054126943 1.8 0  5.623747753564438 1.704894348370484 0  5.592846054126944 1.714934919164796 0  5.592846054126944 1.7 0  3.592846054126944 1.7 0  3.592846054126944 1.9 0  5.592846054126944 1.9 0  5.592846054126944 1.885065080835204 0  4 0 0  4 3 0  4.592846054126944 1.7 0  3.407153945873056 1.3 0  2 0 0  6 0 0  6 3 0  2 3 0  4.592846054126944 1.9 0  3.407153945873056 1.1 0  0 1.5 0  8 1.5 0  1 0 0  1.243620495644061 1.925172672474585 0  7 3 0  6.749327589661835 1.084229880450887 0  3 0 0  7 0 0  5 3 0  3 3 0  5 0 0  1 3 0  0.8672074715776625 0.9948049810517751 0  7.136735533530084 2.007823689020056 0  5.502808958665332 0.7770057748811158 0  2.497088975488542 2.222994225118884 0  8 0.75 0  0 2.25 0  1.606124126662682 1.2 0  6.5 2.42558295379789 0  0 0.75 0  8 2.25 0  6.371085725986441 1.707080562330938 0  1.940080859437782 1.803609349648391 0  1.387328182424483 0.5579683477777003 0  7.43021902904064 1.125 0  6.188574717244089 0.6707239026647963 0  1.5 3 0  0.5662837815807223 1.875 0  1.686377384880621 2.387552361364857 0  0.5 0 0  0.5 3 0  7.5 0 0  7.5 3 0  5.5 3 0  5.092846054126944 1.9 0  5.092846054126944 1.7 0  4.5 3 0  3.118291528827006 2.374503038169611 0  3.5 0 0  3.75 0.5605219191792413 0  4.092846054126944 1.9 0  4.092846054126944 1.7 0  3.907153945873056 1.3 0  3.907153945873056 1.1 0  2.907153945873056 1.1 0  2.907153945873056 1.3 0  2.5 0 0  4.5 0 0  4.881708471172994 0.6254969618303885 0  0.8675546428862688 2.404956729221866 0  7.120057306668973 0.5988495720622007 0  5.982870148826316 1.241732726194432 0  2.012146112953103 0.6286903174402726 0  3.709101587896389 2.475871883475265 0  5.292657175197074 2.441132294089662 0  2.707342824802926 0.5588677059103377 0  5.896593323105875 2.40516944580607 0  4.318396972540274 0.548721097886805 0  4.301027367686103 2.441456883878242 0  5.009344817875487 1.157258912065627 0  2.990649054525668 1.842741087934373 0  0.75 0.4728939639628135 0  7.479742064550984 2.444828043033989 0  6.5 0 0  3.228804393445652 0.4758763336972273 0  0 1.125 0  0.4995809163108991 1.360657573724222 0  1.148201678071299 1.422448296293351 0  6.860205227950616 1.580768875163078 0  7.500512327775463 1.638562382476351 0  1.5 0 0  6.5 3 0  2.5 3 0  5.5 0 0  3.5 3 0  4.796809735186103 2.341895526228734 0  6.988496267672612 2.505192947877667 0  6.653709558415031 0.6269271731704658 0  5.79721349342287 0.4188845750348965 0  2.395281669257271 1.764501730841659 0  2.140927909840468 2.541309674006479 0  5.477380343664812 1.241450483099503 0  0 0.375 0  0.3982942306040809 2.526137179597279 0  7.593545290973695 0.4793031393508703 0  0.4499810857458404 0.8143866765243062 0  2.732508532755528 2.611497112559442 0  5.267491467244472 0.3885028874405579 0  1.281272361994905 2.598855168170195 0  6.213126977167543 2.107863071615211 0  6.701594058821517 1.986532260602319 0  1.553969226016531 1.627608904751672 0  1.75 0.3192924152340812 0  7.541770827458613 2.043025607770544 0  2.25 0.3096325615540086 0  6.388646160834619 1.290142663353713 0  1.620095323660488 2.007476349729453 0  1.277448709575395 0.9551999356706556 0  1.964732041242961 1.38829594706197 0  2.113913586819531 2.15346867394545 0  6.190001779388899 2.660566163420008 0  8 2.625 0  1.929890249854838 1.006180227033402 0  0.3827579506084639 0.3645106008112852 0  8 1.875 0  0 1.875 0  8 1.125 0  0 2.625 0  8 0.375 0  6.393790913170072 0.3583470550558404 0  0.9178031432860296 1.726596329651262 0  3.25 2.723345122552632 0  4.632601287176986 0.3482972449150152 0  6.006059202925265 1.62798201356432 0  7.197619645701193 1.418428641488279 0  4.75 2.716767880660603 0  6.75175759474272 0.2719827921915421 0  2.67579870582693 1.55781608929656 0  5.607666600344047 2.642158645434923 0  1.043944654415382 0.6809980991355751 0  1.618839440403161 0.8361954842768886 0  7.25 2.746650517837444 0  7.293674201001905 0.289048633225652 0  4.804194336955689 1.439496444016968 0  3.18577501158035 1.552952789417395 0  0.75 2.74338371412629 0  2.367521140002988 0.7330573125422934 0  6.446185352808609 0.909078971773935 0  5.852606299017779 0.7657049626622959 0  6.703928904092987 2.712791476898945 0  1.834583198706351 2.698182887932133 0  1.113562519256763 0.334588755041938 0  7.648828492143878 0.8367915592377903 0  7.689723108658995 1.351072509282224 0  7.098054412837445 0.9663143285341819 0  2.996333704149246 0.7496484130930863 0  0.9326978196964228 2.068740869706201 0  0.2831418907903612 2.0625 0  0.3101462670579184 1.646720959167944 0  0.5870081119820368 2.213830486695268 0  1.360381236264891 2.256540380035102 0  5.884674158899958 2.064721158082012 0  5.591200061196735 2.258305711155553 0  4.0006222089982 2.25593517993833 0  3.444237045874154 0.7480237999365239 0  4.029444903819722 0.7592444556858332 0  0.8302070594744311 1.325256015779053 0  2.657153945873056 1.1 0  2.657153945873056 1.3 0  5.342846054126944 1.9 0  5.342846054126944 1.7 0  4.568819321544515 0.7774189050035891 0  5.191731975852407 0.6976694026601938 0  4.957162101302598 0.3158325604314529 0  3.256569312457167 2.066430863533331 0  2.840199871029332 2.156116229598226 0  4.25 3 0  4.016088872255699 2.648280056101312 0  4.25 0 0  4.029937033468967 0.3493648733562034 0  3.75 0 0  2.75 0 0  2.937163771718105 0.3231555383732698 0  5.25 3 0  5.074030195920776 2.682706304982138 0  7.75 0 0  0.25 3 0  7.67730596389103 2.715574618521373 0  3.75 3 0  5.72510379880334 1.053663437584228 0  5.219146205528046 1.404365372019865 0  3.657153945873056 1.1 0  3.657153945873056 1.3 0  3.538800837212919 2.215713172343067 0  3.625 0.2802609595896207 0  5.763934709285489 1.445527245393603 0  6.145324479196828 0.9794650956009825 0  5.274351139716047 0.9987060583792651 0  4.342846054126944 1.9 0  4.342846054126944 1.7 0  6.086553504890188 0.3004293249618107 0  5.186703301679165 2.170566147044831 0  2.625 0.2715208360551607 0  2.443322244988908 2.520740834150444 0  4.527793838158031 2.211270017732552 0  4.375 2.72981731026056 0  6.773581777236582 2.285393271979808 0  2.684707203674447 1.859362653596704 0  7.129788654548772 1.70926391339762 0  5.896687484116579 2.719274997436155 0  2.25 3 0  7.34884006911616 0.796939644221669 0  3.417694000137184 2.484854469944795 0  3.842846054126944 1.9 0  3.842846054126944 1.7 0  2.148127517251115 1.61142646042022 0  3.157153945873056 1.1 0  3.157153945873056 1.3 0  4.831950294084968 0.9149285216639469 0  1.466655615234276 0.2836269046292431 0  3.625 2.74609417885913 0  1.559696916602142 2.638663951724757 0  6.934570189463757 1.303514067904778 0  6.855430604296053 0.8233968557115636 0  6.578893576561556 1.507783444111562 0  0.6579529230541672 1.601615404328051 0  7.322784998519682 2.214908493689534 0  7.773606750073815 2.4375 0  6.22524679245077 2.385090687692687 0  4.358505487730259 0.2650983318389556 0  7.783051127019856 1.6875 0  0.316260831428735 1.101915301831258 0  0.593189714652457 1.055847166228413 0  1.029305135513346 2.721365139696028 0  3.355096637838993 0.2326350523477905 0  1.25 3 0  4.718628347040153 1.170607978544345 0  0.1966611022785773 0.5625 0  7.023037446683492 0.270305103096505 0  3.693342993196909 0.8288569804131362 0  2.618414962269084 0.8294338529551689 0  4.283955671041918 0.8617436275493606 0  5.344277837888573 2.707566372481521 0  0.7815951952980624 0.7399148795178275 0  0.8664127067444141 0.2319072257622615 0  1.655289053835587 0.5702583689079226 0  5.526999808155625 0.4970206191144739 0  3.002002015980114 2.617694093251939 0  0.25 0 0  6.077850902601847 1.883327337268186 0  4.555765967532362 2.529777457038544 0  4.157153945873056 1.3 0  4.157153945873056 1.1 0  6.222828904205492 1.491265211977822 0  4.265974939788057 2.180687573737813 0  2.456277918244639 0.4753418662056939 0  7.032238265641105 2.247454364621205 0  0.239756177330955 1.394353130755043 0  7.353816128373881 1.857862535754206 0  1.873720619913676 2.053786400097903 0  2.306626665053451 2.7442214276747 0  6.447779793205953 2.678664149270185 0  7.686718880620284 1.092544994595539 0  3.300393353323062 1.804099474877782 0  1.09718822005637 2.275030353407304 0  5.600181871322267 0.2438014576582508 0  2.18233178483184 0.9382974163393771 0  1.335968238517444 1.222887099008584 0  1.074343220991169 1.164839976204003 0  1.170451406537004 1.678642819371249 0  1.25 0 0  6.25 0 0  6.925711856496888 1.863373073269164 0  4.842846054126944 1.9 0  4.842846054126944 1.7 0  6.43655074030146 1.965687372696951 0  4.75 0 0  5.044733455191588 2.391513910159198 0  4.944707981544877 2.120947763114367 0  7.755685998559603 0.2670426676269317 0  7.808832580923417 2.0625 0  0.6136794668806342 0.258431102764588 0  2.102160670409093 1.180618120403737 0  1.998882968733121 0.2566442592637571 0  2.927538789359676 1.550068338362168 0  1.75 3 0  0.75 3 0  7.25 0 0  7.25 3 0  6.75 0 0  4.75 3 0  3.25 3 0  6.25 3 0  2.25 0 0  1.75 0 0  5.25 0 0  3.25 0 0  2.75 3 0  6.75 3 0  7.75 3 0  5.75 3 0  0.75 0 0  5.75 0 0  3.484161314935528 0.4940401605110871 0  7.44210804085207 1.373328850360502 0  0.2390796183425757 2.73644692110495 0  7.002460219248862 2.752405551776284 0  7.230600207482337 2.446373431575947 0  6.61167562238281 1.75447971137974 0  6.879991575579235 0.4984198336737933 0  2.279025341169984 2.338438503437062 0  1.9164309229012 2.297984663335402 0  2.331473598000265 2.015701972361101 0  7.360223729941254 0.5526315909037718 0  7.784713112087198 0.6327591093313925 0  1.802701767639871 1.584173273367751 0  0.5018835578040168 2.751749701232305 0  0.6296192508764195 2.452747918932839 0  0.248215682917717 2.317293160666521 0  2.064018903168607 2.768674660791319 0  0.2112503902537384 0.8782195524985554 0  2.23143820241166 0.5439825013402647 0  2.705877199013747 2.363608753279228 0  6.423610369071453 0.6750389186866084 0  2.441406730698662 1.535703051350457 0  5.456747617774078 1.485037855549307 0  6.552345643158755 2.18058273414992 0  5.97759149778144 0.5685846677271947 0  5.875881992176125 0.1984409905977553 0  3.788574787621654 2.147745525636268 0  8 0.9375 0  1.712860997234984 1.796195821374904 0  7.138887711786376 1.194342315957366 0  7.523720930076577 0.2579080328697396 0  5.422010071499402 2.112659114808203 0  1.385673320437874 1.457769577408225 0  2.862985755706628 2.800267870222935 0  7.622184904533241 2.261128735666179 0  1.394992585167905 2.797052217587037 0  6.619306061865024 1.27797773981128 0  0.4226956056008931 0.588503357394274 0  5.502621155673424 1.004475218273366 0  5.375 0.1890173572871687 0  2.546394011650471 2.763939072104251 0  1.077628170322924 2.500385028618417 0  0.1875266611758667 0.2291844407839111 0  3.128194201512278 0.1950848114473506 0  5.072483892264571 0.5079569808979535 0  3.845270215228319 0.2104980291403106 0  3.207916259567266 0.8539456620067358 0  2.124266519566228 1.930168444746145 0  1.811354521861796 0.726346454596079 0  3.322180776608548 2.286570666468493 0  3.845120481172062 2.795449183016949 0  5.056638692443748 0.9434314153293383 0  4.896641123558223 2.553483379116511 0  1.647650102606965 1.422556950525965 0  4.663505373272062 0.5710557921249629 0  6.769719410734091 2.504138573557023 0  5.937460719619634 1.02888642079484 0  3.921682717498734 1.517562561519202 0  3.668326531020519 1.517562561519202 0  4.428815873687431 1.517562561519202 0  4.173018477315177 1.517562561519202 0  2.927247367665132 0.5433815451847125 0  6.054764974280234 2.256297456852831 0  1.443741031902574 2.456103226988219 0  1.375985793797575 1.751764098246815 0  5.148140173881637 0.1992312098630858 0  5.885785333055994 1.805212266067855 0  8 2.8125 0  7.68772178822467 1.882440188363989 0  7.459019740254943 2.667403653872758 0  4.125 2.82948997524408 0  6.878785809761721 2.101951926188493 0  5.706209918160736 0.6104725582418947 0  4.618029397887499 0.9806206817097529 0  2.818676267746289 0.9064158925806205 0  4.698622617754929 2.069111781237056 0  6.644640862978226 0.8380294890414121 0  6.19315169493405 1.195146901783174 0  3.058959632578509 2.166536621800418 0  0.2204333407640908 1.849660678735945 0  2.172135651217838 1.386594203899657 0  1.827283397651308 1.210084752353738 0  2.640723962443251 2.067790536493547 0  0.7156275827620517 2.03591452851565 0  0 1.6875 0  4.125 0.1652538522714452 0  2.912548173273614 2.351497916884939 0  5.219703836399124 1.196946266838822 0  1.459435892530888 1.055655526392278 0  1.07069624999454 0.9580993518471836 0  1.407759896543754 0.7774328745693044 0  0.8520320734526154 1.530721980984134 0  0.1885184362714383 2.532748230035618 0  3.965985066990351 0.5557207465580181 0  3.409805335777945 1.516361294140113 0  1.931308630436184 2.509515756939119 0  5.004733998526801 1.367903179669701 0  1.665702801143247 2.813615372382091 0  6.493802157357378 1.111734365331468 0  1.914201292422403 0.4459225325788581 0  7.526156128857046 0.6727432232850403 0  2.822304492464669 1.71680266032641 0  1.626178343782229 0.1596462076170406 0  0.7992153135034733 2.217296902748037 0  2.428056178452391 0.1976542967354266 0  4.087723061841935 2.447279623101655 0  5.786365021955174 1.24677525433641 0  5.375119975339833 0.6236688055128814 0  0.6192146759644122 0.6237488160113077 0  4.81103569028221 0.4442518348065471 0  6.068466187092342 2.815429993518345 0  6.067627374045754 2.504916874720121 0  0.935674836700688 0.4139763947579015 0  0.375 0.1571807414606133 0  6.767497077395692 1.407302357673594 0  1.414020291224012 2.05138535643362 0  6.185173646270411 1.68096828174051 0  6.038503825567988 1.432858668406993 0  6.375 0.1578647133954097 0  6.572251466056843 0.185630889224829 0  6.382676066425431 2.272327782774614 0  1.567252237250509 2.212273372104038 0  5.625 2.842491818870949 0  5.505032292404715 2.455663236558942 0  5.699395692206252 2.419427124157353 0  5.786549344312042 2.24021864718374 0  5.688913599732651 2.073996782563505 0  1.722180026103332 1.021557723712079 0  2.025688255025425 0.828134197569923 0  6.214737089948114 0.4643144043711918 0  7.831822090421025 1.220140030376076 0  2.500623891407211 1.929923882060137 0  3.064084518490515 2.809177395160675 0  0.7327361938547834 1.778752314461698 0  1.040006199847742 1.892672906072491 0  4.428192233072538 2.060153979757757 0  4.050552661528685 0.9497218824437734 0  3.860080844398731 0.9153256835708586 0  3.900856952449461 2.493947747863438 0  5.788028812790566 1.639876157755601 0  1.218561020929839 2.120257393871325 0  6.256514211792709 1.923030746792034 0  3.180747031094249 0.6649283789449341 0  7.810973342550963 2.251520651642692 0  4.565369388519604 2.805749892663429 0  4.924133023362133 2.815015780429572 0  4.875 0.1438670810175524 0  7.315012793294976 1.673191128789208 0  6.375 2.855402646402048 0  6.319606946141541 1.046654152658633 0  1.214418654708726 0.772350605801375 0  2.434506383830135 0.9066209474505882 0  2.53956260707137 0.6440946022879233 0  3.440859247456176 2.679345142898011 0  8 0.1875 0  0 1.3125 0  0.1658159773032304 1.21875 0  0 0.1875 0  0 0.5625 0  8 1.3125 0  8 1.6875 0  8 2.0625 0  8 2.4375 0  0 2.0625 0  0 2.4375 0  0 2.8125 0  8 0.5625 0  0 0.9375 0  6.961647239471993 1.108410989258277 0  7.016659857336945 1.474132508335603 0  4.630943189367681 1.52013330462266 0  2.786744813278864 0.7260182451011853 0  6.598207340883697 0.4205811852528766 0  2.799295178835619 0.1872275450351498 0  1.209558065492882 2.771726286492821 0  1.246689186334522 2.41056458765383 0  3.375 2.861672561276316 0  3.176586775543786 2.55177804469689 0  4.459921009449115 0.4240873644451838 0  4.625 0.1518010146878117 0  3.54866776802025 0.9627578971636375 0  3.819902925693754 2.326594232889625 0  3.951184835560117 2.036836926929721 0  6.344912553320135 2.525510655520931 0  6.875 0.135189305744972 0  7.045131912001975 0.778754340137243 0  7.293176044274398 0.9848713629947513 0  4.211674644163797 2.618046645932717 0  0.6360211208391318 0.8672458478484495 0  4.954852889020431 1.56528260372495 0  7.822736356584204 0.4457310138969129 0  3.048171391982553 0.9650526863989957 0  0.5581680865041996 0.4419729890221978 0  7.808146451826907 0.9438717679400712 0  0.4721222538978514 2.357579066389153 0  1.183135450910249 0.5287710439715251 0  1.299959851087785 0.3773597425213213 0  1.244214145294243 0.1927530503168106 0  2.0932781823163 2.360435718058702 0  6.398494420980923 1.525320496704137 0  5.197514627903882 2.821665256301674 0  3.847918256548404 0.3991961440403241 0  2.096819385813174 0.414042385178494 0  7.542582207870427 0.9832156475437959 0  6.006158005336987 0.863380715063253 0  4.12677756880801 2.075586217823237 0  5.015044667360836 0.7591865572751386 0  0.9426463263962855 0.830619465183126 0  0.8888451632432227 0.588425555494884 0  1.754930297682864 2.198722018531068 0  2.569262550914921 1.705865882458028 0  2.125 0.1288686167739943 0  5.808836131563671 2.562248543152067 0  0.6540096231403634 1.241304332325766 0  0.6763770859265139 1.421236653407299 0  0.296402660674559 0.7183484889346003 0  7.315430744342283 2.034397881727851 0  0.8791066374474309 2.598599531380736 0  0.875 2.871691857063145 0  1.842140580722798 0.1596462076170406 0  1.973840111837421 1.626815742947611 0  7.123255494239746 2.621581675503151 0  7.375 2.873325258918722 0  3.064237426296704 1.681174167212447 0  7.390643013818932 0.1401029157244373 0  7.149216327114321 0.4116415361627438 0  4.629997660662782 1.341530277388394 0  1.536963721655774 1.842316374369204 0  2.191055379077609 0.7601764382033949 0  0.3635410366163171 2.863292617676914 0  3.045789070947886 1.426476394708698 0  6.839155171402587 2.83839923425272 0  2.791783218865903 1.425008327798938 0  1.035105470607603 0.174651340870706 0  7.125 0.1254808182711497 0  4.14109224367543 0.4969007491970374 0  0.8448751275270308 1.915362959183042 0  6.625 2.872751847936123 0  6.605129138849994 2.566940168134542 0  7.297124767875678 1.272608994269823 0  3.615981224647256 0.6780153135749812 0  3.370022378637779 0.9248408037463574 0  3.347884153645364 0.6058434395552781 0  1.03122256701754 1.561671005134067 0  0.625 3 0  5.678611659608462 0.7837179852895002 0  0.4743966631413188 1.549734911128959 0  6.304616856234494 0.8043891586498984 0  2.953270817963946 2.017617114998578 0  0.3838014143671959 2.206088441340029 0  0.4706541142510713 2.038125468462932 0  4.210481950178859 0.7004776673481555 0  3.857150760722117 0.70764787324754 0  7.125 3 0  4.448681647836763 0.9168485552163492 0  7.809613375998825 1.498972630592682 0  5.59661404261274 1.381831068165355 0  3.764114306556723 2.641192216999114 0  0.3974409721015589 1.806610472023111 0  4.487239204714692 0.6172445651509694 0  5.322728614135619 2.267011507643424 0  1.720160387994349 2.562104768601996 0  1.913050771071937 2.851415713270454 0  7.576748916009908 1.482728062100557 0  7.555243129459321 1.24346336103241 0  5.457578112873275 0.3397726379219775 0  1.595383379202589 0.4042965755698983 0  7.644690906518053 0.1358241592350589 0  0.1454274588581261 1.59375 0  4.751808450467117 0.7527910116429564 0  6.200402975703674 0.1676927119136553 0  4.728869467732776 2.503296256739166 0  6.047899887689959 2.086054632327496 0  1.504966491541623 1.335487154332163 0  7.539708908649272 2.820427883901717 0  6.864331650721527 2.648669510528257 0  0.1536861120751334 2.174544993072012 0  4.201529138684133 0.3357261647681332 0  7.425284549701774 0.3960123050390138 0  7.852255618607663 2.71875 0  3.579666561869983 2.583786338664663 0  3.64215930808536 2.061080274864576 0  3.449692853391773 2.061437682823148 0  3.159382641544633 1.916616480741046 0  7.595446653906383 2.567852872898385 0  7.524930681630112 1.813611260489498 0  0.2169963666105127 0.3951597731578314 0  2.56077500633463 1.42890804464828 0  0.9002006685415193 1.165796185104041 0  1.004349611924081 1.324299806879015 0  6.761420173813313 1.829902539247517 0  5.778127327076163 1.928752030515156 0  0.5292979685714941 1.706147548604293 0  5.455265164945983 2.836143318029321 0  5.217846054126944 1.7 0  5.121267155438542 1.536015151095096 0  1.803740635116912 1.376133870930557 0  2.808603470763743 0.4277029486298864 0  2.967090080320861 0.1612876939064095 0  3.062242937667428 0.4391239041928292 0  2.279127100685109 2.172044342760061 0  0.7477561550057668 1.107859144563162 0  6.820617603009381 0.657349133728109 0  5.146271089322492 2.528368216374439 0  7.340375889629043 1.507075653239397 0  2.269418689053277 1.862493669086691 0  4.875334487524598 1.252855345394952 0  0.5472357005049163 2.594338769400083 0  0.14025058764075 1.03125 0  6.782094944882362 1.244434216944814 0  5.640617713598243 1.543117316057334 0  5.387757535412589 0.8869805083293542 0  1.545981000098233 0.6911180724031454 0  4.616687236523478 2.359371678372631 0  4.458463054863876 2.398898197543871 0  2.375 3 0  2.096998136337761 1.766595862995111 0  1.375 0 0  0.4724704714050588 1.185552752235374 0  2.69817696529935 2.83886109308739 0  5.814652118333703 0.9219645010250546 0  5.631133623750431 1.187224918284421 0  5.236677663350214 0.5448176137921575 0  6.368840535799495 0.5204461829250318 0  5.11147590244316 0.353879312997861 0  7.35579104609264 2.545540359834774 0  0.3573128322961291 0.9461484652293664 0  4.753091282891354 0.2452410536278407 0  5.875 3 0  5.788242258106341 2.841295889233191 0  2.816219775949741 2.477129062950691 0  3.655925355245357 2.320641851806918 0  3.391500790210021 1.671864503568564 0  2.278341133792507 1.516680649647943 0  2.532153945873056 1.1 0  0.7191456439756214 2.585914897935775 0  2.787844515675923 2.000019876870672 0  5.311601744445978 1.541251357267217 0  5.365814540463948 1.349015715630421 0  0.3586861178756809 1.292820397144387 0  6.026978270543732 0.1549102451545724 0  5.935457226522581 0.3439600704049934 0  6.610779724580906 0.9977846512991925 0  0.125 3 0  7.875 0 0  7.875 3 0  7.844551700309677 1.907714484301646 0  7.797087545739673 0.7882658951608519 0  4.14496019389604 2.300047231793109 0  6.371069340528557 2.112219246454217 0  2.278848061601094 0.1530401147188995 0  1.085462010683516 2.868129880347253 0  5.192003445861873 0.8580937588708248 0  5.360303692585179 1.132785239541543 0  6.224669891103866 2.812895228960378 0  1.313299374457361 1.602541624780418 0  5.896305915329884 1.370564797947716 0  5.889214689787761 1.532174123096646 0  1.819852035163467 0.8899099974516931 0  6.729115300728316 2.138003595858201 0  6.879628302602321 2.396672475648733 0  6.655870194810282 2.392721598468901 0  3.6952719163255 0.4169250645382519 0  3.704153616901206 0.1475582075657382 0  3.506137357117633 0.1652689449260658 0  6.153700331820485 0.8263313235876382 0  0.1224498559801012 1.96875 0  6.067382636085955 1.109435389635214 0  4.412766724402814 0.7577075811427484 0  2.540347675790434 2.384942404451638 0  3.282153945873056 1.3 0  6.969205310927029 0.6223042866091892 0  7.199989058228121 0.7376935197259143 0  6.868647427388057 0.9807703442471473 0  6.519206370032842 0.5524679778398509 0  0.9433756808033217 2.271071941183858 0  1.824436922593612 1.904878027376402 0  6.700647570896402 1.617130499434492 0  2.574601186835102 2.60854341747259 0  2.289612286500611 2.494083270809216 0  7.465025168400995 2.286340697625293 0  4.351947261089276 2.296628136830846 0  7.498214991788654 0.8215273471651654 0  4.032153945873056 1.3 0  3.773427811922836 1.42796303142144 0  3.520937170658472 1.424802810125044 0  4.276884943629947 1.42796303142144 0  1.392837391728186 1.901849639206005 0  3.260904678576029 2.425828452242757 0  4.792901155508194 2.185181032226825 0  2.64966963748605 2.220448276424118 0  4.375 0 0  4.468358041704711 0.1534213645734322 0  7.762454796953141 2.845314438928563 0  6.036430262720431 2.655375808521929 0  2.563823043136542 0.1351513288892641 0  2.610397356422446 0.4311770214555263 0  5.391191035532219 2.560259406117282 0  7.141753446922222 1.558726754130111 0  7.083171531761047 1.859709306754682 0  7.004695064963495 1.624669667603113 0  3.224230023420664 0.3190948317301834 0  3.365206407323402 0.3902078973443466 0  1.813549686702005 0.5680718793546444 0  0.1490902105479121 0.7424982217620359 0  1.4375 0.1364257404113627 0  4.9465014638769 2.276263530732996 0  5.094116253835748 2.055315767618629 0  5.291971077038569 2.048729107530375 0  4.357114592560677 2.58073717194737 0  4.277542278520427 2.848735468057634 0  4.4300740986161 2.868344247817149 0  6.163712384358358 1.347482536664846 0  6.246727740596052 0.3141112789497673 0  5.184111831601014 2.339292780007797 0  2.125 3 0  2.19512448143536 2.853693583879564 0  0.125 0 0  4.549100891359967 1.2 0  6.039243913383377 0.7118543864182031 0  5.143908829070907 1.066369085553655 0  7.767071591900692 2.590949195757629 0  7.625924816337835 2.411104384177358 0  4.933414310498416 1.026705277558783 0  2.470003889583505 2.075145288014745 0  7.852763750833524 0.1502408327776506 0  7.184541626248388 2.293940291622273 0  6.72900692394595 0.4960365633064594 0  3.352001201928976 1.946185501916315 0  0.625 0 0  0.7305749231450915 0.154923010628328 0  1.175516955473666 1.059652759993441 0  2.418511969362491 2.851340737396534 0  3.317823879455258 2.592833186170084 0  3.456418540940343 2.343072921477825 0  2.020661771674527 2.627318374446199 0  7.650072581774046 1.615164373057211 0  6.506566823146604 1.642920771967643 0  6.47696003739157 1.404285027012839 0  2.255938078251895 1.714212440943265 0  2.071531989183451 1.485690316894374 0  1.085271519616327 2.040995495468358 0  0.6914308113151247 2.318465187952933 0  6.867753284740925 1.727913461519586 0  1.962159010334754 1.152878392964706 0  7.144117353282375 2.153642456801629 0  6.066239434909714 0.4483903582069615 0  7.092344822767349 2.404973112296937 0  1.03204009740721 0.5303640227976234 0  7.26963696749849 1.129090308424524 0  0.1441444576409458 2.851820361572703 0  3.18314076107188 2.244386525924899 0  7.07476805987998 1.341117777434018 0  2.841627210404472 1.864140302934529 0  5.633013315370872 0.9287118689630469 0  4.271319355270935 0.1460288938650842 0  5.726950574664682 0.1537689307014271 0  1.452168994499655 0.4280777306682159 0  3.568046164945811 2.437469254977558 0  0.6291689817307911 2.843278316360434 0  2.020551781659031 2.034850439019578 0  1.973229040076046 2.168258640824427 0  4.289252524851966 2.037908469849921 0  7.3547425665309 2.376508341013565 0  4.282153945873056 1.1 0  3.988975059310177 0.2116170922926072 0  4.784881375535464 2.858383940330302 0  3.522980693938339 2.853591398199206 0  3.715184138881294 2.85941795188316 0  1.415666992987734 0.9198746165718279 0  7.002037650721427 0.4160444491817988 0  6.871236118507947 0.353849420327889 0  7.128430691138238 2.844181076168893 0  0.5209886871664219 0.1449858196817791 0  0.3204636813045785 0.4911743961600538 0  3.268341375771801 1.441114916331948 0  3.483434886781372 0.3076633653274878 0  3.979978741278302 2.854249088011574 0  4.08741140963809 0.6271499630942465 0  4.146553538947836 0.8335665085294993 0  0.3362939564952293 1.503427413362709 0  5.931195462425264 2.859144144392628 0  5.643468167246778 0.3934961303424515 0  5.515121949951746 0.6371696157454099 0  5.388222402644266 0.4643398375487001 0  1.423595074080766 2.597005028872852 0  1.585497797821342 2.494170349651999 0  3.04859686339099 0.6154179733106802 0  3.003562943228133 2.46904121391963 0  0.5151177611815144 0.9389528355547552 0  0.3341527044276713 1.931813229083183 0  1.147853474182598 2.644817965970097 0  5.750100701048986 2.69819742422452 0  2.61035160778516 0.9718018193421666 0  7.829560439905831 1.360260642489418 0  2.490133519885525 0.3316231881469154 0  7.886803375036907 2.519184623841893 0  5.101425015501788 1.26974479621711 0  5.008724839600985 0.1855862371338686 0  7.425490045255524 2.120319029524043 0  4.756126942357764 1.035212063047261 0  1.08155020225847 0.8155599726921118 0  2.637319764617406 2.484511378692806 0  6.205383340408676 2.522541713450294 0  6.244922990690907 2.244891933222455 0  3.592846054126944 1.8 0  7.862611388303572 1.078352840309567 0  1.125 0 0  3.235962078784582 2.861672561276316 0  7.625 3 0  7.28870992521997 0.4296066871720907 0  4.611766383940339 2.665982037761818 0  0.1078133469744709 2.34375 0  1.271235310421116 0.641254927368946 0  6.473185568680961 1.817678144069787 0  6.591946393191534 1.895572222351278 0  6.566887455862171 2.037346827965549 0  0.7984974459944413 1.657677485554663 0  3.304170035783486 0.7412838101608014 0  6.554852687542462 0.7284263517053953 0  2.492380742002893 0.7767944918129861 0  5.847232464909983 0.6240717853059925 0  6.987525643571265 1.999435585621644 0  5.768896949264146 0.2845206133788206 0  5.625 0 0  3.375 0 0  3.61381029849461 0.5403581296594031 0  1.309494509580278 1.08843445755123 0  1.279210007004677 1.357598549928741 0  1.159196202052372 1.279903996110837 0  1.470979257233446 1.193372119213782 0  0.1341912223056465 1.735990499370774 0  1.827893781593602 2.410275614749259 0  3.125 3 0  5.060812699442636 2.818797952279932 0  1.482788170659851 2.322601151726201 0  0.8866596793525979 2.735290150277941 0  4.324273018578907 0.3987743070782841 0  4.028010061679688 1.44107095669753 0  7.711581350584101 2.158123871513237 0  3.875 3 0  5.925828029750025 2.200256425567139 0  1.584229319896329 0.9796295415520327 0  6.738441007514719 0.1360717710117242 0  6.625 0 0  5.555411010432485 2.043742055514968 0  5.467846054126944 1.9 0  0.1009834205716016 0.465967513457281 0  4.561772461203343 2.076321288962459 0  5.482355774059514 2.700568288878681 0  5.212969109601982 2.653663410093908 0  7.159835515201594 0.2583116896698755 0  1.532209127035056 2.774910293316383 0  3.554037828452941 0.8229254998505647 0  3.684305735555219 0.9645482578235427 0  3.782153945873056 1.1 0  4.504041119414514 0.2899981521827396 0  5.451333517177762 2.319154185518029 0  7.218223106819741 1.819111384370973 0  2.368136129382753 0.5891875864227175 0  2.875 0 0  5.879963246502471 1.151327707588941 0  7.663097145049746 1.749619290290139 0  1.71360427466276 1.277766267378754 0  2.866244838782786 2.658537293044358 0  3.123711677114252 2.675893426271231 0  7.891525563509928 1.775900769077082 0  3.117668684469703 2.044816775053441 0  1.677997845156016 0.7147635053340318 0  4.935950714612639 0.4999450665951365 0  2.375 0 0  0.8138991358610687 0.870887399712121 0  0.7553695359439794 0.6076383200117969 0  0.9841868890233477 1.060912162159243 0  7.897943432289809 0.28125 0  1.522612227925858 1.472491906705845 0  2.069598182566962 1.036088158563093 0  2.286257283570718 0.8475811389541916 0  2.209721820016435 1.082734976697768 0  2.311827589356277 0.9837513781092897 0  4.478262259444683 2.641815813541478 0  6.971880623648978 0.8928586847027454 0  1.521536278464107 0.5591496515389585 0  1.73285836355849 0.4561776600424431 0  5.324169544443926 0.7567257224928257 0  4.625 3 0  7.891525563509928 1.606648418071876 0  7.677694824038888 2.019944794712291 0  0.875 0 0  0.8149906274129942 0.3556778528157393 0  4.518197059954385 1.418045430322623 0  2.297634746425377 1.385589116389368 0  7.904726369611415 2.15625 0  7.636491088910227 0.344050465322466 0  2.353290086679797 1.62935853009237 0  2.666216677400529 0.6856675678997968 0  6.14527055263279 1.995494584275589 0  6.070228085137553 1.747064713884519 0  5.946856397653997 1.932795134957104 0  7.256393238227187 0.1587395532661733 0  3.209692186819154 1.690000488561381 0  1.017487414454058 2.381638795626917 0  6.755610614038025 0.9110218612563841 0  2.404562032352449 2.390486749227043 0  0.7041160297228272 0.9818743892215359 0  7.886803375036907 2.363499751632876 0  5.943565032786241 2.557656771154653 0  2.364817422779559 0.3779496525970088 0  6.290681285975051 1.377815480871858 0  6.293859665569119 1.601550651395026 0  6.106332196809627 1.54663590149279 0  7.204995618116429 0.8769608731586395 0  2.44201722585457 2.664734873480783 0  1.028323913622585 2.16121600043555 0  1.229717618536477 2.279064468149222 0  7.464620267917327 1.933363591206641 0  0.2960766577381864 2.6141749885091 0  0.1315213968758277 2.655020162631468 0  4.659775211530866 2.227629630134069 0  5.506195517416629 0.1399380497887576 0  0.3712288280760444 2.731265504658238 0  4.939362631638367 2.681203711887465 0  6.504085554097075 2.80520488222119 0  5.217846054126944 1.9 0  5.323435750975023 2.881496449744873 0  2.21848147418074 1.213309042283117 0  7.405943032009842 0.9160626330524038 0  0.1018440861666982 1.40625 0  2.248565987954411 2.622522973744005 0  5.125 3 0  2.205566382199371 2.057551635718377 0  7.662533075095897 0.6986532717105519 0  6.898305986722092 2.235034842306256 0  6.125 0 0  3.875 0 0  4.883533504032965 0.7558886320768665 0  4.772949723600346 1.571442470819083 0  6.315913656508819 2.712019797951955 0  1.74101738377143 2.064724940672353 0  3.282153945873056 1.1 0  3.233734455264711 0.9815110269450339 0  0.4569192328947869 0.2579255299379787 0  1.90972763918362 1.509099184823401 0  1.687494077357075 1.658355063885292 0  1.868126514468937 1.695785981178704 0  0.9810442440470188 0.2925083044596938 0  4.06725124755603 1.570535478348765 0  6.125 3 0  7.70184260290735 1.221650461562943 0  7.558813365017339 1.111494455304411 0  7.670487723473372 0.9642661868349238 0  6.576230390078253 2.692905363032595 0  6.476678541977694 2.552698954372131 0  4.670176696532308 0.8582098480422699 0  6.895682281529817 1.427281336475202 0  5.072381583089623 0.6403555563041434 0  0.6949065622836748 1.905385778560599 0  4.875 3 0  4.835426057629656 2.0520000738622 0  4.967846054126944 1.9 0  1.680366382396729 2.685139425227475 0  0.290747515210001 2.44507552127787 0  1.159319828732418 1.550546140885936 0  1.041810713119665 1.690414517780115 0  1.156500472986464 1.81690647672131 0  0.4427212992234064 1.053420198740136 0  3.625 3 0  6.624940104357302 1.129339093408141 0  4.183489383530956 0.9652895576880496 0  1.881982321512639 0.3179258979557026 0  1.99664745601393 0.1283099687636035 0  2.123336566804373 0.2883747287285638 0  0.9178003382625318 1.41984381037101 0  3.475065824205577 0.6219094986214657 0  6.35305749559881 2.397370036790067 0  6.823836051202408 1.943483257692661 0  2.625 3 0  3.939494408415041 2.372000895667173 0  3.254170937265139 0.1381727887751892 0  3.759749026449411 0.3060658041337736 0  0.5689330146121041 0.7495478300281471 0  0.6673966057935603 0.3748431199217488 0  7.517546561203893 0.1308149410790163 0  6.129547461616728 0.5583794193983583 0  2.01362871976403 1.269858960751252 0  6.265399215522363 1.787815883416279 0  4.217846054126944 1.9 0  6.320833460374788 1.178086318243339 0  5.079066573592339 2.261340082361707 0  4.912819675934226 2.406437358530488 0  3.066316241447488 0.3092935392844072 0  7.423200441756349 1.73857451644722 0  6.720141807671434 0.7355269686895476 0  3.890750169056497 2.621678957437417 0  7.021734051570934 2.121308288800907 0  3.625 0 0  7.901361999704399 0.8590510264235319 0  3.351842171313709 2.157943640396315 0  0.6377718176864262 2.683616443287077 0  2.695414764979037 1.732891984370021 0  7.00199047022025 1.756193614193235 0  5.467846054126944 1.7 0  4.582504976056009 0.4687702749930239 0  5.019017562282199 2.516688101140946 0  3.449186404838951 1.85 0  6.506323659843955 2.298841961501653 0  1.79177687704276 2.816810456403605 0  6.99980056925077 0.1251995877704956 0  3.055708037486796 1.55150224877853 0  2.91905139508359 1.425034460428293 0  2.800748757761889 1.550101448261133 0  4.717846054126944 1.7 0  3.532153945873056 1.3 0  3.782153945873056 1.3 0  2.532153945873056 1.3 0  1.875 3 0  6.625 3 0  2.782153945873056 1.3 0  7.125 0 0  6.875 3 0  3.032153945873056 1.3 0  0.375 3 0  7.625 0 0  7.375 3 0  1.875 0 0  0.875 3 0  2.125 0 0  3.032153945873056 1.1 0  4.967846054126944 1.7 0  6.875 0 0  3.967846054126944 1.9 0  3.532153945873056 1.1 0  4.625 0 0  3.375 3 0  6.375 3 0  4.875 0 0  4.032153945873056 1.1 0  4.467846054126944 1.9 0  5.625 3 0  6.375 0 0  0.375 0 0  1.625 3 0  4.125 0 0  4.717846054126944 1.9 0  2.782153945873056 1.1 0  5.125 0 0  4.125 3 0  4.217846054126944 1.7 0  4.310108785783714 1.559956334109143 0  4.467846054126944 1.7 0  3.717846054126944 1.7 0  3.806512542550281 1.559956334109143 0  3.967846054126944 1.7 0  5.375 0 0  1.625 0 0  1.375 3 0  3.125 0 0  2.875 3 0  5.875 0 0  7.375 0 0  3.717846054126944 1.9 0  1.125 3 0  4.282153945873056 1.3 0  2.625 0 0  4.375 3 0  5.375 3 0  1.289870408152314 2.875217101565704 0  2.803472236818624 2.27961943245842 0  2.375576458337358 2.257625996742028 0  4.751945993101113 1.293033391903006 0  6.095819080303913 2.378420838171714 0  3.666164430211084 2.195427729767123 0  3.916441230432771 2.16604699483483 0  3.774314984430075 2.019968404017714 0  2.5625 2.889693912914898 0  7.430970140326444 1.249413064554564 0  3.110183051459256 1.799813073788872 0  6.520100127005287 0.3103011222251977 0  7.25021461869221 2.871449807281697 0  0.4877438261540213 2.87577471334736 0  0.9032123745664922 0.7123066839737652 0  6.963156598125049 2.875824458900283 0  6.98690862175627 2.629283310027065 0  0.750923915306005 2.867526266532653 0  3.739718509074899 0.6839752604403104 0  3.115676185212409 0.779146838163865 0  1.630147231032634 0.2844091016570912 0  5.532047932543251 1.58749925824408 0  6.363966987589289 1.86795589622446 0  0 0.84375 0  2.174762262531365 2.265305201214822 0  4.754201013073291 0.1225870556443865 0  8 0.65625 0  7.716791136788633 0.5215712601093169 0  0.5935568732856579 2.083115792835506 0  6.659992363844982 2.239259979086412 0  7.248180570475298 0.6175197878489405 0  7.234929576955673 2.569513430822757 0  1.263142561945891 1.481336218174563 0  7.474463716841591 0.5082647158358949 0  7.356201427380914 0.6748634100814256 0  3.548763533484013 1.551877644072686 0  2.002701341912896 1.911521862723904 0  2.182597904926404 2.729413711503436 0  2.953471995232526 0.8810208117970184 0  1.5625 2.894094084215702 0  1.221084260402644 1.173759632638473 0  1.431690035304715 1.64058535998227 0  1.502437431907502 1.962592159531305 0  0.5103657821602621 2.478123746503017 0  0.755770254379065 2.464615465688474 0  6.263873340755725 0.9282387294620139 0  1.907483537698159 0.8012518988752682 0  2.960179875819345 2.880454941292355 0  7.886095777939693 0.703125 0  7.540576160137694 2.16734187698888 0  4.411167525364998 2.182993066065987 0  4.852902855635901 1.126268420845591 0  2.273116672925964 0.6649277892844045 0  2.680809991499613 0.1645767177292686 0  2.708276874877642 0.3596334879692599 0  5.681025423578124 1.299854866778816 0  5.68503962563341 2.543769243871468 0  2.651819059971833 2.702817772922405 0  1.173197012366157 0.8942215440651895 0  2.387644579733811 1.884654916501126 0  3.917883079956028 0.1134050756778834 0  2.937001957382336 1.673048596742036 0  1.359445093638074 0.2283737573468564 0  7.561888004398802 1.363464951847567 0  1.605918481676191 1.744731874020094 0  4.304376315817628 0.9784591881289665 0  2.02875910227852 2.88343780162729 0  1.951639883207609 2.725816373541729 0  4.213488463319369 2.742276622546466 0  7.88207574216645 2.835048417688172 0  5.479488685450748 1.121470701050598 0  0.5866583950268072 1.50320296003343 0  1.641900094227922 1.544914932067468 0  0.4539744259602432 1.918753863934763 0  4.952038530540958 0.8681994060027178 0  7.32380753684857 1.38890944091292 0  3.573422869301863 0.3931803960522066 0  2.725629098998179 0.9934881833856215 0  7.461444773760306 1.522884697473352 0  0.1875 0.1060701556396089 0  0.1138125792051332 0.3278766337459286 0  0.3082657969928734 0.2634879029464653 0  2.194786614697038 2.422350860551806 0  2.509530664866811 1.808921987827592 0  5.524807041569882 2.164145447260466 0  0.9375 0.1034165228287871 0  7.159938793556988 1.072902636101723 0  3.023285934405187 2.288885605156961 0  7.259899679994342 1.929882470541711 0  2.409563913704408 1.418928756818314 0  2.55796329965975 1.546475330218338 0  0.3330254149236226 0.8305993384420637 0  2.104284236114653 0.5410117996974535 0  2.15500730451824 0.6488758687405854 0  2.216380097018353 0.4248797491330394 0  6.305849363872987 0.6861272019824238 0  6.260794383827293 0.5750149469468278 0  6.421792804692031 0.7933008753540828 0  6.634928208236025 0.2850924071367683 0  3.920493411153554 0.3069457477396614 0  5.911481284412979 0.4647213870205611 0  0.09833055113928865 0.6327979321842274 0  5.482394053819294 1.3584571452273 0  3.394900075439026 0.1188715278823831 0  7.692170294375492 1.505340815502571 0  6.59274984089597 1.391763916436732 0  6.500356575537495 1.237281863356441 0  0.2540893965960856 1.002237159708822 0  2.912884795109003 2.542423684347567 0  1.323781181577552 0.1059938720595931 0  7.184674372873898 1.30273476413357 0  2.768638267413892 2.727195597651443 0  0.7944675405893548 1.21447696068486 0  7.715936975165767 2.333825314583463 0  0.2703582881111555 2.178538458850703 0  7.409683091167532 0.28075876260321 0  4.375640953030818 0.6499474557775827 0  1.704090242782287 1.918976949946279 0  2.817226507526585 0.3069226621590683 0  5.897268492648287 1.64882925858853 0  7.019030596038832 1.215805301680226 0  2.677260398056155 1.441531541381708 0  5.509449958404313 2.574721209032634 0  6.480678927501555 0.4397853899931544 0  6.914827794811926 0.7242705937521609 0  1.133458717760901 2.38524279836095 0  1.159242527975147 0.6705773987002619 0  0.9524273592430974 2.497059520270937 0  1.012288009069319 2.601870305263711 0  1.032821074575603 1.437063567095362 0  7.777209118233174 1.805422144711715 0  7.611746770889135 0.5941023301430078 0  4.695548752861668 0.4451249871882583 0  1.656097650801631 2.140543163503629 0  2.962263067046242 2.731647984145369 0  2.798372621306517 2.895540416164387 0  4.149389383324309 2.185289418366084 0  2.482680208302173 1.003845378676582 0  1.258229669857058 1.757335388862493 0  7.581865076355335 1.932848196552444 0  1.829986155322694 1.082732581173943 0  1.889643703445488 1.304363829654478 0  1.719632090314357 1.148909894891875 0  1.353618477955264 2.689068233288602 0  1.4375 2.903698300525134 0  0.3096481961921762 0.6048901312816316 0  7.197688221233386 0.5150662713668108 0  5.171808643436972 0.4508357242177869 0  1.732275842895385 0.8165892690364763 0  2.466081517384754 1.649825518288229 0  3.128873888346449 0.5329566579518973 0  1.489309759832266 1.73899896318951 0  5.606809396111087 1.068252867765853 0  5.522743311356004 0.8914033261987893 0  5.388977250781873 1.021984089367915 0  0.4378334777059866 0.4702474942962679 0  0.4119479356402015 0.7043912462393015 0  0.3575731653945828 2.351863426038259 0  7.31409676488955 2.651987687660837 0  7.376542406638948 2.753852999182092 0  5.264452825677268 0.258152778566103 0  5.256746068951409 0.1291032816004837 0  0.4256160930988963 1.654698617961855 0  5.257944250227421 2.549321749471388 0  4.615002479012831 1.097998768824794 0  1.391888467095119 1.344503083903776 0  1.74842503548771 1.479520265280551 0  1.1875 0.09458730386616171 0  2.906847130031712 0.6688787617794578 0  2.807574574035702 0.6130034886235227 0  7.878247119450195 0.5543956349177293 0  1.185426534992751 2.537260692371111 0  5.706010525062691 0.4929706767674709 0  4.680668613005916 2.808948693588117 0  3.064346130266126 0.09856166571939078 0  3.948425516440449 2.742567333230574 0  0 0.09375 0  6.887921681012589 1.197609573179584 0  6.761326369110137 0.3861363661061843 0  3.044394526270735 1.94694124595093 0  2.025095420169267 2.269435593592664 0  5.313949747569112 2.156145402679276 0  4.763521456986341 0.634691403898188 0  4.653249119676032 0.6891553998697312 0  2.307266485615138 2.895076555974546 0  2.555676424524193 0.531213784004841 0  7.645807883515869 2.880075564438482 0  5.015411887188714 0.4115412919344358 0  3.742495483481594 2.750943267726144 0  0.7308099628166387 0.2729496424982838 0  7.571173711495965 2.677845458140472 0  7.467102178587507 2.555903693789585 0  1.804501860147141 2.300247120134486 0  5.418416771769211 1.592254028361271 0  6.33196170977456 2.005887537701489 0  2.920510868987107 2.238470970100773 0  2.855658734150713 1.007130134654118 0  2.878495789074602 0.7948361987217966 0  2.734011614388699 0.8356858729655483 0  0.4381871187337648 2.635750515282214 0  0.5795739632011064 2.325672487139991 0  7.112881645787208 2.733182715550349 0  1.610536847099872 1.311326547285432 0  1.5310600473441 2.093206273771915 0  1.452768995928559 2.182149207711497 0  1.861412832273367 2.165419558170823 0  0.2468731442350941 1.740049423883495 0  0.108250181396557 1.845223340639403 0  1.897844997587313 0.647533185821711 0  1.566338510656166 1.092920680786625 0  6.719474780647901 1.726818062584207 0  5.618572302398835 0.1149433064621368 0  4.51268393397823 1.608781280759601 0  4.390116153102723 1.403465325511385 0  4.12830138655685 1.402352114928632 0  3.6315658979598 1.40347103984415 0  3.880511948170208 1.402896226815616 0  1.503818851877662 0.8435408739726249 0  4.943338584941743 2.010595236718892 0  7.685516048500649 2.504028628123556 0  0.2215309869301674 1.50774182400731 0  6.095878535828805 1.253694841273275 0  6.173272018216115 1.086452855703806 0  2.950603525700455 0.4340969705743635 0  1.379345184381433 0.6693948886505598 0  1.325070556723834 0.8534633867775672 0  7.90511735001084 1.441916086769285 0  6.762742293145794 1.521350443004626 0  1.980062784854485 2.399958445016956 0  2.352991207121268 2.585116244160361 0  0.2523327648597106 2.886433542325288 0  0.6940880852832254 2.155792080091013 0  0.828015761026701 2.026848630386735 0  4.789824950389839 2.60504418283177 0  0.1007888241861231 0.890625 0  7.904416290461708 2.003043275603237 0  3.309690149695787 1.573877229578573 0  3.374103087682129 1.403000333928231 0  5.0625 0.09005993603215279 0  7.097939441020483 2.51468454694187 0  6.712299427979365 2.600732114020579 0  6.765420160756189 2.394655912558245 0  6.879101072010544 2.506069915905658 0  6.858534282718308 0.244268326825773 0  4.121352592611299 2.68149362223276 0  4.100236408409391 2.565004240303226 0  4.195766159535784 2.495322709395476 0  2.068710932751224 1.375784667354482 0  2.140807843149618 1.281740226536791 0  4.019448237314258 2.114333020695813 0  5.989737652956939 1.821283037679936 0  5.78680038354263 1.757856308527616 0  1.821822827530484 2.520104610836491 0  7.078097889851913 0.496439202816767 0  0.5111008510987961 0.655144557554574 0  0.5239113625205036 0.5461911640847783 0  7.53002809079867 0.3665368922281651 0  5.61913940766415 0.6844711738129428 0  5.40230367197593 2.002284562826336 0  2.371600433441967 2.117898534262643 0  5.9375 0.09068894999588638 0  2.174128968636762 1.507129800443728 0  0.3924613956678575 1.40290535050033 0  6.73720626067304 2.887547846834092 0  5.832831676810151 1.052153737699509 0  6.041229082641876 1.003856278526039 0  2.087861256237292 0.7369553831235802 0  8 0.46875 0  3.914057967257919 0.804447974482478 0  3.803630720575808 0.827533347580361 0  3.807152997416151 0.1062923696357037 0  3.336823871791779 0.496441424772917 0  5.327778912049471 1.240052944650499 0  1.358840351375641 2.374375643035676 0  1.331589866861454 2.492292171606373 0  3.155511558924969 1.409834924999568 0  3.426165362377498 2.238043369077769 0  3.984038879296375 0.6639542791042196 0  3.858787572703609 0.5938868864615751 0  4.032338084679939 0.463196632989559 0  4.191190540116441 0.5937348320395621 0  2.950265438065793 2.130649563537594 0  0.6415676539159364 1.71288727457746 0  1.734159462252513 0.1155552376319934 0  4.83861083284312 0.3282819971709472 0  6.974943015122554 1.001023140434185 0  4.560781420525417 0.8897677185814399 0  6.178433924608582 1.850283892564161 0  5.952489708585579 2.307675727454024 0  6.148171422595127 2.197047874880278 0  0.9660308001234065 2.810774020157361 0  5.164872346913828 0.9615007874478551 0  2.07652872879755 0.9243926884821591 0  0.2312058217287183 1.966928974312861 0  2.727737954880643 2.141795089894945 0  2.569800265666264 2.146252009740515 0  2.681582689532195 1.968115804151736 0  1.834416628614436 1.797587163413276 0  2.066039000695412 2.464325090745973 0  1.675612851581713 0.9260340877866138 0  4.303527762351966 0.7523696675865542 0  6.674712104682368 1.460389900214087 0  1.595346272848899 2.321338639618604 0  6.85651341780988 1.087311722682377 0  6.625833854754862 0.5237876923078441 0  5.824409787848667 0.09944730895400894 0  6.987788599829093 2.354642833714297 0  4.043944348052044 2.349907487487442 0  5.423052889174597 2.219472915811176 0  0.8267200447253682 0.0997723624758234 0  2.313273247623211 0.4731328640315861 0  0.6740816715585588 0.7186273210865887 0  5.398466353002277 2.453927941128479 0  5.55015078175855 2.359098596658813 0  3.817796508396218 2.903898216235718 0  2.014691570451085 0.4825750313034519 0  3.362538866873292 2.393610890498005 0  7.740696110534926 0.3745914561289591 0  5.617791926848561 0.5518714879423805 0  5.757394528239679 0.7085967275001015 0  1.106713031879306 0.4465975078147372 0  1.297039484946561 2.031186431836722 0  1.33828252928166 2.141172892045673 0  1.910587967997663 2.618020786948256 0  6.1875 2.913194233450136 0  3.751689642929965 2.251462037283736 0  4.029259728037008 0.1076201267736631 0  5.578161286063904 1.276584447466227 0  3.995582029293365 2.54340645150603 0  3.474853915165563 1.95482895125235 0  6.786917822446106 2.049265424768219 0  4.192160004163453 2.911328763143359 0  6.478066497679705 2.100667314781003 0  6.532548721745645 0.8382773538528676 0  5.108450438303977 1.423764749971444 0  5.020530051516084 1.483515030922064 0  4.991627486071459 1.261482655002473 0  4.887268248287651 1.365835422167352 0  0.1096282193816679 2.454705281189017 0  5.82240464064372 0.5214338961225203 0  4.499829692415294 1.012338225999949 0  3.996187758423433 0.8642698393390743 0  0.4875632210220014 2.153306077091785 0  4.24644354466304 2.344871657738664 0  6.426453878059604 0.2541638106272553 0  5.931418069015703 0.6928438775869423 0  8 0.09375 0  7.440714180195568 1.01790161805617 0  2.332937033489844 0.2439580664637338 0  2.4375 0.08917123828222115 0  4.635095140451045 1.991816807443235 0  0.5350521825031835 0.3348161714590929 0  5.991473821756672 0.2544002326098186 0  4.52072645668126 1.984583036070962 0  0.5610578376082003 1.98152978193769 0  1.13929621796127 0.1879023415021926 0  7.398907377905532 1.608441245241897 0  2.527221295381834 0.2334784042747917 0  0.6255845494987288 0.1541147529109002 0  5.363375192328956 0.2933792363287214 0  3.163582676590577 2.140714543653209 0  2.743387421379627 1.642308509665941 0  7.252972012696781 2.127347654865422 0  7.747450889954703 0.1614550700145568 0  1.459697261764435 2.697072010807223 0  7.62713913279195 0.2394075865158669 0  6.501687720553091 1.002811667390789 0  4.444969071206132 2.510540199948511 0  0.173224782967875 2.066311279367714 0  6.299891528122734 0.4039425286235104 0  6.148217919743451 0.384270451004453 0  4.815531260714743 2.444775998172708 0  4.226977493000515 0.4371872732175143 0  5.245634340369837 1.097487076378441 0  5.205249329602065 1.299857888100817 0  5.11654541009758 1.167297882219046 0  5.039261884686974 1.045375991315135 0  7.212441419284018 1.640089145054995 0  6.244139618562436 1.28536032358062 0  1.97932518958809 0.361476365218258 0  2.242053289070007 1.961587882577841 0  4.110305880124829 0.2742644432785986 0  4.188683947280168 0.08352247808798799 0  0.7376249293246672 1.518622913891517 0  0.7835704163201449 1.421774005519153 0  4.73669530855617 0.3495008536478648 0  1.919873359697693 0.9035266657720628 0  0.9655150532920225 0.957399182648931 0  1.1875 2.911269002063631 0  0 2.90625 0  0.8972020428878071 1.624534263997945 0  0.2797601699846815 1.210193612353416 0  1.292520684705488 0.4923946509104963 0  5.085737253165163 2.158372673113973 0  1.136150717262649 1.9443997371364 0  0.9352047387746167 1.841790057682672 0  0.8340908217940729 1.809884620856861 0  0.9966385926539614 1.986976265484029 0  2.200016209773255 0.2194708821317718 0  5.49628835223705 0.2433590684177335 0  4.064931212951428 2.91474498762204 0  6.273531238243322 2.600005464660191 0  1.197590365099004 0.3959409760680629 0  1.209300296194425 0.2916848117631308 0  7.23645203030524 1.515163470989758 0  4.915124452053863 1.466957886156396 0  7.580504062989056 0.7602641964504055 0  0 2.71875 0  5.356075432955493 2.360590969164637 0  4.468097706861415 2.773015854894008 0  4.527345780274288 2.90107828558657 0  0.4929388523233876 2.256432505259121 0  7.447155177085475 0.6072094775396846 0  3.165531393428975 2.784648998356126 0  1.726633844939806 2.898312846953733 0  0.1028095863515665 0.1676456413424455 0  6.035939585192156 1.981063627048206 0  1.755998439240958 0.2163416487770879 0  7.434781753205962 0.7408619744734614 0  7.553893165871189 2.337866167623662 0  3.600813819754243 0.1079830376948415 0  7.74971759249631 1.590380177050744 0  5.787695975797509 2.034755398721976 0  5.806256302083859 2.1361500021164 0  1.5625 0.08028876305926914 0  5.357119394886441 1.451505446081784 0  1.816804604927959 0.3971740250327696 0  4.695827970948928 2.911553080378938 0  4.771199763493558 1.980386777344377 0  3.3133093852852 0.8438122271069387 0  3.478009444995042 1.750493387658661 0  6.793792745456845 1.657602261246961 0  8 2.90625 0  5.920256684110333 0.9235828511296978 0  0.8982190067532592 2.172007755136611 0  7.864741117065736 2.618138371647314 0  0 2.53125 0  1.912754813893679 0.5472739868939692 0  1.057213548978782 1.791689183053883 0  6.290899841246176 0.2195983167949902 0  1.664231324579379 2.245550197028641 0  4.207984124916355 0.2304143198621134 0  2.902326293535327 1.784970463135999 0  1.548685909024646 0.2245559285420799 0  2.8125 0.08364760355104781 0  7.0625 2.920676698150462 0  5.625648864688784 2.159167740662099 0  5.644446417961398 1.989466804968048 0  3.158327100192853 0.3994751464263987 0  5.793795027415728 2.354215367552909 0  5.806448389350304 2.457860845660668 0  7.065894404592417 1.119144818460009 0  6.3125 0.07893235669770485 0  6.481757925422434 0.1139765445900768 0  7.622379850701132 2.105964127613704 0  3.0625 2.914817410537171 0  7.351364697294454 1.187828866449947 0  5.579570393141287 2.745506064109765 0  1.82664829815347 2.911467278139672 0  7.756229372644737 1.95655371630292 0  5.5625 2.921245909435474 0  5.707088581107409 2.905700223993142 0  5.885858123812428 1.267649263109331 0  5.770387208767415 1.345448460387523 0  5.778283244431652 1.143523971103579 0  6.000471106933214 2.423560495352503 0  3.815103900676977 2.551427959550383 0  0.3125 0.07859037073030666 0  0.442254623292034 0.08237154586653146 0  3.556812361031834 2.337553358665594 0  4.650560307343205 2.570417387737016 0  5.588944975071099 2.512160587776234 0  3.469848405553759 1.608515884124319 0  2.247202871311671 1.612143137431683 0  4.407153945873056 1.2 0  1.532238453405517 2.409525895041079 0  4.9375 2.917583273791339 0  4.852207071827833 2.739056941250228 0  5.121308528402905 0.776106303103052 0  0.7980069012835882 2.3240103089328 0  2.585823493394553 1.878621756076285 0  0.6787159504015802 0.5432137847407692 0  1.966332248094766 0.7186106736940087 0  3.450615303670494 0.8498795124525181 0  1.752152026643505 0.6469751698188646 0  2.713924474637243 0.4592792635303448 0  1.363776070523543 1.004907444820512 0  2.576392850678928 2.28969059086335 0  6.157725399020749 2.297643529713394 0  6.133816804146679 1.451163761777317 0  5.990656462866836 1.343158859287013 0  5.989443056567408 1.52403604999512 0  5.949159945942094 1.732023212584684 0  7.313573300347836 0.07778327876386504 0  5.162945757912214 0.09305059805482521 0  6.979280223197072 0.5209837061295564 0  0.1641174196873109 1.32283355458612 0  6.115402201297377 2.593286581498329 0  4.300740977581436 2.663113355193907 0  2.817009516059619 2.377988853795991 0  3.211439392290373 2.339477390002757 0  5.274694295626513 0.6390302878672178 0  5.438448319045214 0.6996138192394682 0  5.451793606246365 0.5612246020188231 0  5.646372208208378 2.335829822009102 0  5.196729776474552 2.007872333256369 0  2.194374494431188 1.792388555964596 0  1.320863946740891 1.833941995623747 0  4.652412846284931 1.246780317023199 0  2.537057764475667 2.485152464560656 0  4.90641424556939 0.4032640818927776 0  3.93876980721661 0.9879243290195546 0  0.1418226115445148 2.753164357751133 0  5.048652051899148 0.2767225276245951 0  4.371430884701459 0.1072870469501533 0  2.537816946832836 0.9052031486618036 0  7.585063513573405 1.68932005985384 0  5.979379181750969 2.773065031007372 0  6.020654739410817 2.902678110472182 0  6.110995064192051 2.723684356355954 0  5.688708765040578 2.229981638290867 0  4.050867934766662 2.757273856517384 0  8 1.03125 0  7.905469432935944 0.9827255931635103 0  1.165683512452322 2.20376759894411 0  6.712881027529683 1.320318848836313 0  6.836096153846461 1.331362617607032 0  3.56932421269559 1.998826177227839 0  4.599135423952094 0.2511967032350814 0  4.5625 0.07590050734390583 0  2.122137582544167 0.8346226217527444 0  6.452863250642556 2.198990106074896 0  1.088829182828776 0.09184298256168077 0  2.4668277115271 0.5761211053684644 0  4.75843232812099 0.5322745476221296 0  6.283547206209496 2.891751534507526 0  5.292538720212048 0.8511144210412495 0  4.730426284426961 0.9383665741692416 0  3.883914667471375 0.4948352946582171 0  5.976574965956664 1.142970709781226 0  7.348421949241192 1.067918938616978 0  7.311497059061017 0.8880884144439123 0  7.195077952567654 0.9812421410538317 0  3.519941995264597 2.748548667913516 0  3.357145418272974 2.752164877364755 0  3.416209665084372 2.583656175812703 0  6.606767591619633 1.653808701428701 0  5.000100863746475 0.5741003751420624 0  0.2695546742249564 0.1701041595679277 0  4.456434912183662 2.294965561289985 0  3.948167471298291 0.4080308397073518 0  0.5786273281302373 1.163324241920667 0  0.5500497014284904 1.266375411716252 0  0.6219978590349903 1.336640143145501 0  0.7254121182518067 1.318322136022043 0  0.1907084995780912 2.397886584606646 0  5.690523470650033 1.636984754017595 0  5.794942965841964 1.540944293739822 0  4.425340065135036 0.5274885470301076 0  4.963006946374779 0.09695087720941839 0  3.244953665798662 0.5806156627613112 0  6.809296580382026 2.194215898578685 0  2.726483373405277 0.2590166212013664 0  7.106829252840543 0.6988950194946503 0  7.103075217371281 0.8636512612788365 0  6.528687990650932 2.903161287055206 0  0.8444960695204782 0.4486623092184645 0  1.026604577674207 0.3787324753615278 0  6.711988389837742 1.175320244441398 0  1.938353649937241 1.982626465160554 0  1.311877788559319 0.7448948870778234 0  0.3740455371719102 1.181685898057004 0  1.181904689383807 2.030196900223058 0  0.8536200075718858 2.502953991825693 0  0.8142670218573783 2.670736326732749 0  3.164684441779869 0.09236513838588646 0  6.098340602816442 1.643765291351867 0  6.201260345450272 1.585498083940596 0  2.888010697947824 0.2351279089809875 0  5.559153851916093 0.3367710334094138 0  0.541585244162428 0.8457994368303369 0  0.6096872038730746 0.9604295794479728 0  0.7259007187487762 0.8231218289980754 0  2.402348493302697 0.8194400479169122 0  1.837815008887984 0.9853568094988187 0  7.778610673754558 1.134348526797237 0  7.910489367896375 1.16298618014511 0  3.660634055379969 2.64865654413624 0  2.418386985826698 1.977260722304021 0  2.551192124171603 2.018605863968742 0  5.558573574982412 1.476267792011931 0  6.576995763628061 0.08666911207116135 0  3.781586232647064 0.995260037690726 0  6.379365667721903 1.424865515931594 0  5.138023138314452 2.428393147384098 0  2.45849861563999 2.310283302350106 0  7.768254374240539 1.035214331093122 0  2.12338220963462 2.643864027462227 0  0.8156569247796717 2.122381474403164 0  3.80970436167489 2.434784321029172 0  1.389144712790287 1.142583989987797 0  5.12755079644045 2.897126854813612 0  0.09928252899485981 1.505660781271843 0  3.617878653973571 2.89621378950045 0  5.590361153286333 0.8229728760412184 0  0.6467007971236444 1.822017894423678 0  0.9951256766987864 2.903213014689738 0  2.950951426840913 0.9771336382287417 0  3.650588911041296 1.608781280759601 0  6.419753305781629 1.178615926065548 0  7.74189436241929 0.8703843880325202 0  4.642755050777767 1.620872018178954 0  4.528663773535587 1.513775387742086 0  4.691120370077576 1.438082428687972 0  5.859377423467627 1.968215522552145 0  7.902162909670099 1.291353941738793 0  5.720870284459154 0.8785089928037733 0  5.414422845450798 0.09450867864358434 0  1.498329207342807 2.535799296344592 0  3.106192163545059 2.476704232255863 0  3.729517990629436 2.382154807915636 0  6.806855364726317 2.737577883612375 0  6.905179550298407 2.738108743422496 0  1.07980772526793 1.053567996499223 0  1.446391014056752 1.539685619869989 0  3.054238759667689 0.8651868336559909 0  0 1.78125 0  7.8125 2.927188113111657 0  1.39387109415834 0.3492793496148353 0  6.369255855827564 2.620282914061657 0  6.398654573661816 2.761789072547002 0  5.03281607028003 2.910207695544198 0  7.414835916470194 2.020516350765017 0  5.675355347301335 2.759771768345432 0  2.910665075393856 2.446964417461709 0  6.63033711872478 2.116144581843648 0  4.395114175506007 1.007953460409955 0  7.899877824729597 0.3815687765694197 0  4.346710572966546 2.119689553817656 0  4.396952256890464 1.973161466846146 0  0.559991348249172 1.597552552097627 0  0.4743097790309687 1.453507455078148 0  5.219159819542255 1.591915159699269 0  2.762155374377929 1.805452405697742 0  4.889535363715294 0.2425328861084192 0  0.2163338033380282 1.128521209998381 0  0.1057666829345622 1.131444741521039 0  0 1.21875 0  0.08509223917566312 1.269488292110081 0  7.755389400279769 1.420384905342289 0  4.626081220722688 2.141281492671348 0  0 2.15625 0  0.08568866675162765 2.106389446389799 0  7.169151637771324 1.900799811603199 0  4.100780547253466 1.024860941221887 0  5.143844508325221 0.5742114510629002 0  2.231498860679714 1.312249502211944 0  3.510056739147738 2.515694716820019 0  0.9875823505925192 1.221848471516491 0  6.416876641981727 1.051337324500996 0  1.740623884485055 2.467598850794267 0  6.235207207927862 2.015476182134951 0  7.097284566229547 0.331012239845712 0  7.227148702277606 0.3570657556245536 0  7.102935519204383 1.432622690227116 0  6.981172319509743 1.386149505668886 0  6.930791823026348 1.516240389002207 0  1.094851172598734 0.601187530664312 0  1.444898226789315 1.822690015710242 0  7.28351137887409 2.306634989849642 0  4.146233794064819 1.976837787501583 0  4.050854974705655 2.017272460822753 0  0.3732669943984376 2.022379544812956 0  7.810212505786372 2.157006820066727 0  7.905634071636269 2.269083126865355 0  4.164769867668835 2.392490083266364 0  7.554714579422058 2.917922585993557 0  1.770777371220834 1.714165691976337 0  3.778491143790484 0.4674357883061034 0  7.332863738231272 1.765852671608579 0  4.54457230206306 0.382344435837881 0  4.421099824109563 0.3370106694342813 0  6.280441113639039 1.694792496495991 0  4.739927797241514 2.270948080227399 0  0.09412192197880206 2.549274737714427 0  7.763777162716848 1.292728689668887 0  3.208946411220885 0.7518478362832464 0  0.264905734186253 1.303391548748389 0  0.9170653369778174 1.28598707700572 0  6.358969611839091 0.9555388431018621 0  3.147761901403653 0.9403023733285134 0  2.621808731243726 0.5982447566526291 0  2.446879772735073 0.6703680132272742 0  2.82169782163108 2.573220000170968 0  2.40380997678542 2.754705527262616 0  5.045922781965466 0.8491906095962938 0  4.971095377048636 0.6693431766341372 0  5.20574501330456 1.497219772629433 0  6.295708572127231 2.322987194035385 0  3.887414999167546 1.629978167054571 0  3.75014617979823 1.621809515036792 0  4.234614719993657 1.608781280759601 0  4.409228208753116 1.608781280759601 0  2.62086411505338 1.787090283659734 0  2.643792564387065 1.647588390128071 0  3.319976713263426 1.009979693669571 0  2.115000125731962 2.025500437029455 0  8 0.84375 0  8 0.28125 0  8 1.21875 0  8 1.40625 0  8 1.59375 0  8 1.78125 0  0 0.28125 0  0 0.46875 0  0 2.34375 0  8 1.96875 0  8 2.15625 0  8 2.34375 0  8 2.53125 0  0 1.96875 0  0 1.03125 0  8 2.71875 0  0 1.40625 0  0 1.59375 0  0 0.65625 0  0.6786776246781231 0.07685488851090949 0  4.88636824537872 2.205805094336385 0  3.901838231828153 2.264100267023213 0  1.304254151356568 2.769900440066183 0  1.122488077861711 2.735605950314075 0  1.234923461813769 2.680938302148844 0  3.46027700282236 0.941076718236962 0  3.230359260528828 2.630259129314153 0  3.083258355291904 2.568749056747801 0  3.305481039392291 2.924493576081066 0  3.452259642464043 2.917498685978499 0  3.460630396693618 0.4009420621035604 0  2.06625668216935 1.667952115031757 0  2.007481257490895 1.739765644166434 0  6.595069927627897 2.784332335338754 0  0.2116518987796719 0.6627471033849328 0  1.633267822826514 1.851450118140831 0  2.575964490248307 0.7267534609673453 0  5.157097425628313 2.733235528205884 0  5.253593271480895 2.741588980326789 0  5.233714184585948 2.907902239773894 0  1.251128946791951 1.26239162239539 0  2.9375 0.07124859467697216 0  2.16275950349803 1.703908942378694 0  3.027927039333982 2.077725019347544 0  3.477890738813711 1.031378948581819 0  3.608010879757473 1.027188574212847 0  3.613591616825682 0.887718725593875 0  6.803502097505225 0.5603996658433495 0  2.928474858757502 1.919968244629052 0  3.869607378330438 2.091801478613921 0  3.871473036173175 1.989197114984922 0  2.833845049778114 0.5204962311203425 0  7.460242306996435 2.914220993895012 0  0.5723942393236906 2.920184332949689 0  5.946096750955921 0.7878118236155882 0  6.943087926973901 0.2012496061329286 0  4.1200691794419 0.3970990263950152 0  3.984669476279792 1.608781280759601 0  4.124094440854685 0.7456928288852097 0  4.276205442962519 0.6317362591577005 0  6.282810863382143 2.457234148872758 0  6.416116432486553 2.465707388478863 0  5.863503862523835 2.28884704404433 0  1.929471601049477 0.1936667511415233 0  3.271309889862752 2.210167886185106 0  6.8125 0.06759465287248598 0  0.4110282981179493 2.431267369188976 0  0.4017060383113717 2.112905250513316 0  6.31012817618238 1.511113754041805 0  6.414491915284642 1.620965253502441 0  6.485698725967544 1.49775775559781 0  3.102664712709373 1.032526343199498 0  4.213642311937364 2.106870597390619 0  6.1875 0.07269571269000516 0  3.439534064890704 2.794941278713253 0  4.898228797978335 1.632641301862475 0  5.052338168533772 1.604541439822055 0  6.232484495144275 1.015697883038623 0  3.316628858214649 0.07087329360410047 0  4.994179976004507 2.75521536208631 0  3.260823209728605 0.2322121706727087 0  6.0625 0.06891967440922925 0  0.9524207578508188 2.671355046152271 0  1.018526798357965 0.8823844324542465 0  7.821138277979267 0.3309842680937196 0  6.326695235115494 2.196363945877176 0  4.976662380604267 2.597722040462151 0  0.6875 2.933324015904347 0  4.271195239565852 2.547938035005205 0  2.04876215965588 1.575703567840525 0  4.633917251378954 2.461624311559471 0  4.711153181120023 2.396031737455868 0  4.54374306288662 2.437106127021202 0  5.4375 2.929028334297163 0  4.501304311390602 0.7118939023729088 0  4.58308054533505 0.6235665221039352 0  6.430610900568591 2.349537614979682 0  1.81537234115386 0.07093182135268651 0  1.909266079684212 0.08933362316806509 0  0.3392837407336016 1.734587658513947 0  0.3123575418674625 1.842199022927758 0  0.4977706227110531 1.801530320596596 0  7.792181183590149 0.08141362965772003 0  0.8600302751513571 0.792427496861055 0  3.543437998575876 2.094778891794287 0  3.352542871117784 2.06692855049374 0  0.9474670273699757 1.512385410722301 0  1.100299093679136 1.620797153941029 0  3.094423721976158 0.6942185092325905 0  4.859950555604866 1.539040401856272 0  6.687844017046382 1.891539890858999 0  6.4375 2.928815989264447 0  1.77261167009036 1.979235590419745 0  1.127755356625677 2.12125625793736 0  6.590371976058057 2.468143716962731 0  6.68111797239301 2.480798423950412 0  6.665863433906814 0.196119273334112 0  3.144928381346503 2.874201329384957 0  3.000398147805126 2.377483339860036 0  3.260938878138622 1.894214858913501 0  1.07181787847833 1.255521332416918 0  0.8307305185570407 0.6579391356836164 0  0.2319620631492944 0.7866383322090043 0  1.913891531826655 1.891311144033326 0  5.236353486509589 0.7780720800847295 0  6.15725182834213 2.445425311243422 0  4.57993763249084 2.279909110235446 0  7.613490349064985 1.039409889090958 0  7.597259191918074 0.9111310813303433 0  5.852339773987978 2.909321818021919 0  4.766856061394555 0.845481853074714 0  1.887721418243411 1.607908573461864 0  6.076070373953654 0.9212133077130539 0  2.3125 0.06745773717270966 0  2.392019312722158 1.012499881120724 0  0.9855763364227766 0.7505826743322297 0  5.687361798134268 1.392854878230582 0  7.34939479179326 1.949342053643359 0  7.22328328213806 2.039938111806257 0  0.9171711038835744 0.5025193270836346 0  0.8161701288801266 0.5345685376297138 0  0.9615897090869608 0.6427626381248631 0  7.676062557497183 0.4395132455656628 0  7.620603587937802 1.179198850761904 0  5.199763162874251 0.3248712561073525 0  4.851141342314794 0.5377979326009945 0  3.993516589044495 2.449202986598138 0  1.493760666570514 0.9696460599535216 0  5.319338012690988 2.618499965788003 0  0.08065544127198752 0.8021213976084073 0  0.7665536385568015 1.960536440398068 0  3.125412051381245 1.61705927102114 0  2.999858768075036 1.74899630410005 0  7.231666135076932 2.215946665324285 0  4.530962451627248 1.292204380036346 0  6.526929314103508 1.326259629666788 0  2.412373119392465 0.2862882518244609 0  4.3125 2.933240295476266 0  5.878464593857772 2.626381871529135 0  1.468267617781948 0.6372648686133958 0  2.866014881640979 2.062419926047247 0  3.865504928817823 2.707925881354072 0  2.48388264308136 1.373653911578561 0  3.909668009521583 2.914288507287629 0  2.1875 0.06443430838699714 0  2.077522518804807 0.2081352204622985 0  2.061097036341028 0.06579515528488089 0  6.561058448134134 0.6355792947780284 0  5.93216847258216 1.454343115441983 0  7.1875 2.935620378718944 0  3.706856583917231 2.568432244270256 0  5.493993943813765 1.984151143936814 0  4.540151762829257 2.719793867252087 0  0.81513195265942 2.804973692039179 0  0.8107939945727889 2.934183908697755 0  7.24044302629858 1.728789289565814 0  2.728203092523155 2.515554764000556 0  6.733217914170486 0.8242158909365962 0  5.411768198889822 0.7863060390297567 0  1.799937576742746 2.611169136565072 0  2.6875 0.0705567669373455 0  5.705459024446876 1.889293327033295 0  6.057316806343128 0.6192796698089001 0  0.5625 0.06496437735535308 0  6.690904835496968 2.805818084328241 0  3.680935889910267 0.6169248983924132 0  3.66713980469601 0.746353642770619 0  3.526984197197699 0.6965257921308223 0  3.038765465640265 0.2204995939776084 0  0.9471580867700866 0.1926696671113169 0  1.078108525820732 0.2527684577259486 0  2.279446330534083 0.7532082488856171 0  4.6875 0.0635073632967065 0  7.209554785992194 2.660881882967005 0  0.1930157176264116 1.669073268102908 0  6.519440990650029 1.736086233087442 0  0.6578603167091667 1.119334665400822 0  6.958229654639021 0.8035305574249683 0  7.311653841207248 2.935827657560534 0  6.077151518393348 1.340377510316165 0  6.819323895140548 2.927573801251118 0  1.64202920152539 2.604786985780181 0  7.331609525199963 0.2077079571559682 0  7.458626297435648 0.1973738997867072 0  7.4375 0.06394639988686637 0  0.2938541756088282 2.807185770341387 0  0.4319673935529595 2.806597283216972 0  4.228151185350542 1.036566649091089 0  0.895085990788178 0.3163871974461888 0  6.552867619678604 0.9272498732110704 0  6.344190597196455 0.6058893765286375 0  7.699312110921521 0.6085886482720243 0  0.4575560685902262 1.277512946847477 0  6.667300079744452 0.08005797808723054 0  7.1875 0.06274040913557485 0  7.062255914713301 0.189611435224364 0  7.0625 0.0626995091348032 0  3.443816879090386 2.15014048106522 0  2.648831688627386 2.913637386521787 0  4.707527505352713 2.638668329474249 0  3.203681396998071 1.780366300963254 0  6.888116176677224 0.5866342775026798 0  5.861012010224254 0.2894832665986068 0  3.115157108583192 1.489710482469754 0  2.987004301529044 1.488268543774095 0  3.039257324161096 0.5260198716074005 0  2.860099485972295 1.486834551609463 0  2.724427511141911 1.362504163899469 0  2.849680384940637 1.362504163899469 0  6.932389455829265 0.06759465287248598 0  7.606362647327852 1.847939603443199 0  7.436958813753719 1.826399953586948 0  3.720627579749485 2.097274422678541 0  6.600762585670139 2.31445516690883 0  7.228991111216736 1.211266795007702 0  7.285443151622802 1.589349770707004 0  1.514677753545828 0.3613947545921041 0  1.672649332307038 0.3617174504470355 0  1.645316386893229 0.4800654172142499 0  3.323332558383982 2.497753618540183 0  4.516217491528781 0.5310380431028028 0  6.23926908361387 0.7440433620164306 0  6.369690785270663 0.864734955283366 0  3.411290079355262 0.5441731608175313 0  3.403869365272053 0.6740838863466352 0  7.44695912649266 2.814508176916056 0  5.769113751048324 0.8015721446593986 0  2.86828877694291 1.611976019142158 0  5.023164405993631 1.962646595287644 0  7.373623871791279 1.316268965102879 0  2.969653945873056 1.3 0  7.708903255398543 2.24609497060246 0  2.032503026596248 1.827005997760036 0  0.3724856512658457 1.584063984230672 0  1.285279404936008 2.211125924068964 0  5.230201534154062 2.250628348612568 0  4.155346054126944 1.7 0  0.3231739713959468 2.270427202579222 0  3.196402264614743 1.998703641028094 0  0.1663855834810534 2.268808647747639 0  3.570752391491356 2.673760968198783 0  5.368668478039436 2.798702904317669 0  6.249067394259256 1.129093075028606 0  5.739061640497415 0.9661629328276955 0  5.971012125486101 2.044389039069109 0  5.3125 0 0  7.765375999247673 2.684368947426031 0  5.076472142421096 2.589773394708036 0  6.17088606976959 0.2575689776206032 0  6.094732918184993 0.2121261550368343 0  4.49075734410741 2.136121945741522 0  0.5115010181048597 1.10734992749528 0  4.359602690057451 0.9020359090214676 0  4.478710588727736 0.8231068968588536 0  5.6956498753106 0.0704650857507735 0  5.84797630548149 1.454806866587899 0  1.655918755117507 1.084421342122111 0  0.8915543010077864 0.9109059761206629 0  7.910332929882796 0.4706443787881653 0  3.268506842950191 0.6651560925955973 0  0.8975736000441026 1.077624421241916 0  1.094534542518488 1.346612762139854 0  4.514442411479115 1.116085543996885 0  3.627878634030622 0.1920201110934162 0  3.704805676897111 0.2363331472434189 0  7.018987715665338 0.6947933970888591 0  6.800868438963719 1.157141185088412 0  2.66520821709077 0.8975945061346268 0  3.000251026945673 1.615668731750419 0  5.690996306748147 0.2374076372866649 0  7.64722034508301 1.428900301400448 0  7.539365398426054 1.561004686467356 0  7.497966864442347 1.442134606664401 0  1.583204662518771 1.925478957841713 0  7.80313640543258 2.338492519856014 0  3.857122637537434 1.033126876934275 0  6.708124591602032 0.9960172984553511 0  2.687123699804205 0.7672961310093668 0  5.269169923284069 2.357399988704451 0  0.9063604221911482 1.98167865337553 0  6.935469868626885 0.2908782969606642 0  1.598649457456185 2.717418663278436 0  7.675814480341234 2.619859268647437 0  0.07271372942906304 1.640625 0  7.601953728151507 2.759400937861566 0  7.50892889199373 2.738872404180623 0  2.878624652574306 0.1447091364221388 0  6.893114694425807 2.0082219395357 0  4.067305927547436 0.5426771010321019 0  5.012775681705568 2.213579560944142 0  5.380111700372727 0.3782327047661744 0  6.800037594939162 2.587524613813696 0  6.346104657125601 0.2861849392026737 0  2.361322767662251 1.491424447093946 0  5.155346054126944 1.7 0  7.338980423448878 2.117682214425945 0  7.309930398923394 2.808947284143306 0  1.753721185806429 2.736041164142446 0  7.490253610438165 1.186846356537662 0  7.49693185041433 1.306877014015574 0  7.62025853251337 1.300048018052416 0  1.954437629672846 2.926929579109952 0  1.985789588479849 2.805036245919216 0  1.878901065799697 2.772195840892967 0  4.274127788130603 0.2873222792956299 0  1.36389105302952 0.4392520899856452 0  0.6335450040362368 2.597357850816377 0  4.8125 0 0  6.518349920813209 2.628556692049681 0  5.469956538529917 0.4282559258024889 0  1.834568412532995 1.461391171435078 0  7.6875 0 0  6.525250182486262 1.956885448134889 0  3.83816473956273 2.212910146544779 0  5.280346054126944 1.9 0  5.297017168127843 0.475517665681419 0  1.532611759648219 0.4693965584823753 0  6.945995656072298 1.689252382668952 0  3.741416533556928 0.8938868870782899 0  0.07235192534801786 2.203125 0  2.364770916257286 0.1374925103310381 0  5.81035777043496 1.843990638044487 0  1.814141390445928 0.4826032252109328 0  1.453585911025939 1.404692304483132 0  1.543762415184674 1.258481985052883 0  1.565977913323618 1.396867047054907 0  3.049517859498748 2.722681053653063 0  6.014778689195436 2.174025924869456 0  6.127804762701836 2.113179787799004 0  2.752458202456689 1.918443202513413 0  3.650202406440188 2.41395820071669 0  7.413907057675534 2.210795442228385 0  7.376805931372155 2.290967424957899 0  4.66684785313004 0.7729517629140186 0  4.827392791563429 0.6915092377899477 0  0.1782656350073521 2.931555265177239 0  1.443255180068722 1.275124006677388 0  5.866881083433379 0.8527708647463832 0  5.212223073729468 2.472599409707872 0  0.590120413960371 1.416907115510179 0  6.658135058042012 0.9243557954498907 0  3.009310730852218 0.3724841262627634 0  1.987283087529408 1.473733914864861 0  2.009696078729104 0.9788391566555151 0  1.098308455217812 1.491310156759496 0  5.540749512682472 2.822823194430444 0  2.204000890009742 0.8429389936372577 0  1.723276975570722 1.560300651067565 0  6.735449104897346 0.6515445099272128 0  6.809257161323661 0.746404174120267 0  6.12321789373872 0.1298016088904991 0  7.396083338309896 0.4757049218599767 0  7.356094230599864 0.3466956223442048 0  5.886697609575954 2.491695860404637 0  0.2181902660348449 2.652288807151362 0  2.478646371936771 2.915041468466425 0  6.18628838195335 1.765788039018048 0  3.697501652922332 1.986460502589872 0  7.0651471476958 1.94997025370099 0  7.5625 0 0  2.629761756537864 2.786254067659554 0  2.779012324659949 2.812864059140426 0  7.870233167357603 1.691274593574479 0  2.055732145032657 2.549268806574583 0  7.507037096819688 1.723494272178275 0  0.2750455878306778 2.530204072145941 0  4.843533555363184 1.003294937088318 0  0.08759943405464324 0.08034091207285765 0  7.320696749187697 2.461238783160615 0  2.118828319774311 2.907083425435608 0  1.909765151928755 1.220388319149837 0  7.536334833943554 2.507525038802911 0  4.610973308363487 2.916184626111348 0  0.7641300364020936 1.85709791761652 0  0.6664348292443816 0.4594736038750519 0  0.1632655627946992 0.9489422865392803 0  0.07777384903217391 0.9729327134607199 0  5.610904885155832 1.619882389323467 0  7.066669560752699 2.324543159523844 0  7.926127809303832 2.676836727530648 0  0.2946400642896903 0.3515111252389168 0  0.1969688480651852 0.3131118448263974 0  0.1869764498454861 0.4764174274677216 0  3.222606157810095 1.363187647774655 0  3.624989514546483 2.506566838953165 0  3.497914298081251 2.613628336372314 0  2.349339485307274 0.9012520674496497 0  7.288456113062055 0.7320383449766557 0  7.041119322509427 2.835588678947456 0  7.408919021788061 1.453647993688054 0  3.6875 3 0  3.294377879133805 1.657920002051333 0  2.228948814093058 1.447841607839687 0  4.850209440555223 2.916293771153819 0  6.970105840994171 2.189117764437627 0  4.858825095073826 2.654450664126814 0  1.716948420015308 1.367794887139864 0  1.809551448322086 1.292235016902549 0  1.884010992674076 1.388262683682486 0  0.4198261248595367 2.927408682205076 0  6.679291368230991 1.806598246348543 0  6.840798592064191 1.860221832016905 0  7.493922381861857 0.9096365627973702 0  5.6943976609411 2.630745981789964 0  7.6763732365307 2.800662068554402 0  5.351393098552848 0.5415144009346448 0  4.448891145094711 0.06943283349324965 0  3.6875 0 0  0.5577023409965149 2.407678265676821 0  5.984631721533804 0.4164839198171581 0  5.443130753898169 2.62628320332755 0  7.264587974639864 0.8147863497203198 0  2.500879864810134 1.482150029990995 0  2.594653945873056 1.3 0  6.103408313328427 2.918551194798024 0  0.3125 3 0  4.229380637086925 0.8030844182580495 0  2.626211788081562 2.398323691217541 0  0.1131429034708629 0.5495971703950133 0  7.277694891983582 0.5393053166414765 0  4.870765346816869 0.8394060087129843 0  6.672287313340177 0.3679381929373003 0  0.4852024864426042 0.4016414583188631 0  5.547110938011601 1.195580109944232 0  5.707281670527305 1.221887754023003 0  5.694142865835014 1.132358765886952 0  2.286295490362665 2.086935196113365 0  2.194738396169894 2.182602139030523 0  2.259361048014274 2.254747404944359 0  0.7134715070081067 1.666633094790245 0  3.390049372287713 1.782699657343635 0  5.727401768269839 0.3634312857557114 0  2.355313693795759 2.672101129357511 0  2.88161764263371 0.3861693318121574 0  7.926528520911852 2.762187019421233 0  0.4128593064275752 2.286563642595123 0  7.241632286023503 1.050488981173705 0  1.153770258686952 0.9772258522667064 0  6.638402261189118 0.7109096319328005 0  3.428641037560541 0.1945217232556047 0  3.474872822885912 0.08368154174504031 0  3.544626208850572 0.2444123449510581 0  5.135546378997424 1.618357059835074 0  7.889073665306392 1.52351923276285 0  2.13047861549987 1.8454589690626 0  1.237038413587002 1.841284044595523 0  5.716122533697029 1.51323592442289 0  2.177919512114773 0.3511326376216781 0  5.5625 0 0  7.527498924140905 0.5761432478316466 0  3.781694552268108 0.7504198232963439 0  7.911871823377343 2.918954097836457 0  5.497721158370918 2.245390343173605 0  5.723991788190764 2.30264724866672 0  0.5817787994175256 1.770385577389381 0  3.955452812389508 1.379084061162372 0  6.578857479883601 1.202018464599 0  0.2812368629246674 1.567413234431242 0  2.616749518316357 1.49307342268957 0  7.799982714709855 0.5258655992329949 0  4.530046735151474 2.353399945444046 0  5.8825166856601 1.888087713487002 0  3.109427020122206 2.289389026037554 0  1.133765756705776 0.7502329889456398 0  0.7827400739593475 1.025190315827649 0  5.289087652206228 1.311740720612025 0  6.640573458094662 2.641369303007577 0  1.314053878761489 1.690002778601191 0  4.277008680028663 2.263035192671116 0  1.644022648469864 2.917378817192389 0  6.989286195851465 1.916563367705784 0  3.357153146384766 2.667645034530928 0  3.601067172065297 2.265060751850722 0  4.935296114734807 1.196118618759447 0  4.806181514216927 1.196156351931569 0  1.813057866991991 0.8083180132156029 0  1.755953232839817 0.9443473583490336 0  6.294104948100816 0.4860216064884335 0  6.433807654461132 0.584427753517331 0  6.397149755610626 0.4418338008376206 0  3.199706341872572 2.9352279385768 0  0.6367273109160475 2.013313366348437 0  0.513530300987298 2.669866542006649 0  0.4761020898401759 2.552950223615048 0  0.592829962290804 2.526104897228578 0  2.336606439518846 1.818848841217285 0  2.319386903580466 1.931796575985467 0  6.934287062167621 2.566554717988764 0  3.610159916185911 2.140042324310188 0  7.249116784717037 1.354095321890602 0  4.38376136064999 0.4561000598317779 0  6.656404970474749 1.543935172158334 0  0.4512434825911724 1.733249639846911 0  5.56370206680158 0.4210342754355697 0  6.80510719418143 0.4587137783267389 0  0.4884335385232423 0.7339465739204158 0  5.658296903845691 1.752447174185242 0  3.287626457665265 2.797039605081407 0  6.559063715605799 1.061712248013517 0  7.057699493786184 2.671770602232129 0  4.280346054126944 1.9 0  4.230878410529622 1.982288317930081 0  4.547009607411577 0.1845695502798119 0  5.816432777717772 2.757149599873589 0  1.836700496852252 0.2451698444393991 0  2.470609667898937 1.733405641046719 0  5.650500034563482 0.3103570146420873 0  2.718548793233061 2.042838009521286 0  7.176966000608059 0.6572712983551612 0  4.386967074065696 2.446893095844162 0  0.7160981865259619 1.185270631700376 0  0.823441044523474 1.138241590851868 0  6.044269329555048 1.189463122980701 0  2.716425479547699 2.277683454130989 0  1.58416924791366 0.6157962243198725 0  1.557596532739637 0.7764873240338073 0  1.468190345206337 0.7203755003487671 0  1.296915963152566 0.2897761666119602 0  5.213185228423549 2.088086521065126 0  5.859158979523273 1.724108380804767 0  3.177656100072767 2.433347878902822 0  6.844816557432788 1.496368097544388 0  2.467318597271535 2.442706090868655 0  6.856913347880234 2.312149752413455 0  0.7168273671041665 2.237521784770412 0  1.241460821771347 1.561289047541909 0  2.881765888419328 2.914701630264968 0  5.721555982561102 1.995373071458475 0  4.807024919101995 2.525607300233982 0  5.014029365929651 2.044711195410141 0  3.083807976089865 1.876151473080113 0  5.896070463354246 0.5579361713157853 0  2.84971648661715 1.946546934129897 0  4.29847906881758 0.06749303938502725 0  4.294882595278318 2.744322149386371 0  1.0625 3 0  1.24521599089851 1.646862793537021 0  1.33463593796346 1.522731635257658 0  3.398844784025113 1.021057823376971 0  0.3178804092110274 1.366995811992061 0  7.710058493778699 0.7731171822180789 0  4.150916443700796 1.588148371128879 0  6.807011805254654 0.1807086173450067 0  2.289785862588429 1.070033833535002 0  7.097340987405093 2.082914198667042 0  5.455299984579726 0.9358839097615593 0  5.318599356490992 0.93031601291455 0  2.059225545308411 0.3404781657393319 0  1.877058412725376 1.147021869768042 0  5.336862772532288 0.1176323409859548 0  2.419985576655895 2.187769663049555 0  2.169055792855721 0.4913662095521398 0  5.149835409389324 1.35649960676056 0  6.788055198062976 0.9849109756326222 0  4.106625721305676 0.08004996370208099 0  5.423019730437177 1.409237742027115 0  4.71766564914544 1.364353432261382 0  6.488978628335613 0.1978275107657803 0  0.3614114627316906 1.030521649836523 0  0.2899578445460608 0.899978830540725 0  0.3990654233276112 0.8770453703056769 0  6.067656704021347 0.7982124066055483 0  6.125582142481819 0.7321219224991999 0  3.293875451233197 0.4280585838286965 0  6.395194846686383 1.788745354631789 0  5.610195047853737 2.425327399378471 0  0.9774166181951365 1.141558976173095 0  7.783631391646515 2.765199543559114 0  1.324101785960832 1.951084626037425 0  3.561422702696786 0.6100300198648381 0  7.039588224315346 0.5781416866308803 0  7.001919271270294 1.836876058357801 0  3.840200568030658 0.2920105935918592 0  2.196362955311599 2.936673424365103 0  5.278265839547875 1.465344752839442 0  5.939339123988 2.119872157687715 0  1.150132547784545 2.464434426364528 0  6.293131171884306 2.081707626811399 0  6.418519344785841 2.045662119388004 0  0.1093760579581219 0.2476880061598244 0  5.958209813569109 2.636725188842618 0  1.113208551645158 2.57237408075543 0  4.219325600001321 0.5178022904407737 0  5.638298665438001 1.458372689087182 0  1.303137103146549 2.314719527533373 0  2.257888595738692 1.144994858822978 0  5.117644035974005 0.8903444973908824 0  5.236746419938828 0.9263285707181854 0  0.8010350450416556 2.568184762394257 0  0.6878403235406685 2.510283856884056 0  0.7342614424726852 2.664710317567481 0  5.625905555034081 0.4719178617466932 0  1.989594693055363 1.068199899645756 0  2.052064329351009 1.117808388226979 0  2.129851817827026 1.091438576062245 0  2.533592531099717 0.4541489314821578 0  2.627810854179673 0.3522738193324952 0  2.645989899931611 0.5048012768725519 0  7.520386381927871 2.615809094083811 0  6.370354040223448 1.115987777433608 0  2.789855618717269 2.090749341704337 0  2.144011232064136 1.01104938586066 0  0.7086709169650994 0.9016284567674235 0  7.12809171341623 0.7790844539363542 0  7.088766157656208 1.259839683334651 0  1.122269016094796 1.743616830548048 0  5.299999121593976 1.623970233830397 0  0.5916435505692228 2.761193682589965 0  7.39924557593598 2.443595493374505 0  7.439998491214255 2.368257233766685 0  4.709873263920612 2.152462631951357 0  7.821602037738631 0.8643498539707684 0  1.470502184236909 2.82874973254785 0  4.9706336897804 0.9510253635881499 0  2.196301494714042 1.893503774156884 0  6.028905003841676 2.333423563122228 0  7.928597697442576 1.921396548371255 0  7.406157759664856 2.607528859771926 0  0.7414703415501855 2.383673536846507 0  1.656483970740338 0.079595070241857 0  7.03819246854817 2.567884112079236 0  2.543019483333426 1.626455640493974 0  0.6712415027302685 2.756020684080533 0  5.425664383103926 1.299519968570678 0  6.711668997064287 2.335704704220231 0  7.175164684229821 2.379948597823818 0  7.118693132456776 2.236940661707199 0  7.539856418534488 2.250367562351752 0  7.742221669734828 0.7001914110492514 0  2.730224924460596 0.6363586033733751 0  5.092452168708286 0.4310376633561552 0  5.128136081776162 0.2761588707762354 0  0.9667090713814862 1.663614543175204 0  1.546096294345774 0.9104193798872801 0  7.6875 3 0  7.721158813717286 2.919833606842744 0  6.673688918668041 2.936375923968061 0  2.63152105001694 1.373183253362793 0  7.59375 0.07386983214843303 0  7.935733640093948 0.609375 0  4.667765285773561 2.727080492587954 0  2.65428542414427 2.570963600744515 0  5.123966630329657 1.973951148301731 0  4.820487923696597 0.2023013257583567 0  4.677287795459638 0.2785786619388082 0  4.700054848796418 0.1834291794329113 0  1.561214056537418 1.545118466867523 0  2.731628962966122 1.50413592631387 0  4.343741476154723 0.1844541340426602 0  2.745599491036096 2.435385446422698 0  1.734021691706694 0.5403806916508237 0  3.144837760363911 0.321208694108646 0  4.905346054126944 1.9 0  4.87387152363441 1.977259785977912 0  4.860684431910436 2.128385031247952 0  2.172076106949389 2.345416283236342 0  0.4374654956589681 0.969968341491755 0  4.203175279620103 2.237127453281958 0  4.075585270585716 2.275261086075803 0  2.57310502361874 2.68852972466157 0  2.511929240017363 2.560205201410043 0  6.837912932484385 0.9041098000630445 0  3.315065612623094 0.314314157000035 0  3.399005953501018 0.3048042381620906 0  6.770110557862464 2.664065888426924 0  6.393592535470829 0.07893235669770485 0  5.871692490302411 0.9845296186761151 0  7.933529576464934 0.140625 0  0.9553411928164015 1.918860165534529 0  3.481850939835787 2.426198383635886 0  6.369945644639327 0.7331997978329365 0  2.173814867268544 1.152761371671472 0  7.08212462037323 1.77693980495383 0  0.6007173473063261 0.5136982313252322 0  0.8030274088274433 0.9489895251802691 0  1.660125403384354 2.463747329338871 0  1.242686584623105 0.8498188301914975 0  5.953791701978405 0.1848726870492566 0  6.013366936324861 0.3303917668564952 0  5.859762813610382 0.3692952709684594 0  7.708329612881705 0.08122345292255204 0  1.697462454519584 1.99901414805204 0  6.660578942011965 1.058963641811332 0  1.141659190348523 2.812396547584553 0  1.044926238415808 2.799514083965906 0  3.544775880343995 2.932020287311312 0  2.029143883715591 1.192948716583269 0  0.1612439916545048 1.457518973976606 0  4.84375 0.07193354050877618 0  3.184046362026488 0.2510228231815764 0  5.740547085276138 1.696870115495324 0  1.811375560309645 2.102540022865288 0  5.948081170414021 2.938128470937788 0  0.535305032787141 0.2564162504380421 0  4.061645403686474 2.185774785801404 0  7.877012030032453 0.7827247077350908 0  4.605444854084511 1.414628109706961 0  4.438703668711411 0.2341188971713153 0  5.722675742766584 2.148792085815416 0  4.864250861471727 2.28673520784342 0  4.973332575001286 2.350854224911989 0  1.773593798603171 1.845145969974594 0  1.849822525055368 1.979066965168956 0  3.256142492537329 2.541560153066907 0  5.276695910286584 2.817442617287873 0  3.409971527875048 0.4632691108817207 0  0.8368739349367352 1.728968502263704 0  2.271338620783725 2.819800015536829 0  2.139045543580364 2.796574730624187 0  5.292062978546924 1.16871034499551 0  5.316519242812292 1.066182884563393 0  5.40141428273998 1.206096687015286 0  0.0625 3 0  0.08621276427201814 2.916483157151988 0  7.9375 0 0  6.309960646394564 2.798338770845951 0  6.147005981467283 2.841150608998093 0  6.189395445334994 2.740813695317455 0  0.2139292195317875 2.812497358389477 0  7.087258265449644 1.043841451606211 0  0.6786468768660466 0.2140399707372631 0  0.7869271662229324 0.2138243400508472 0  2.553671974322966 0.3772849130967146 0  3.094653945873056 1.3 0  2.223544888097149 2.543748254862938 0  2.27337475516807 2.417005301167769 0  2.366320793570989 2.50825662448597 0  4.349519272099933 0.8104994041677807 0  6.734924934988491 2.217667567972395 0  7.177432268770184 2.780728497686749 0  2.969653945873056 1.1 0  2.20181926607968 0.1416211779260774 0  1.609222922997825 2.39794290116 0  7.856904986047099 2.441342187737384 0  2.28979441765523 0.3988706103885888 0  4.348263348586813 2.376732850895279 0  6.714062726734529 0.5745430645284803 0  6.201390535950997 1.415951556920486 0  1.888737824064073 0.7250059135976599 0  5.802064358013388 0.1739443558328355 0  2.77823684112257 2.204121447119422 0  2.987873208221882 2.199594430342062 0  7.829028573687353 1.983923983199895 0  7.636854329123702 2.183564739591352 0  1.010605663537352 2.063782138183915 0  2.740058674183897 0.9124667441629055 0  7.937762374875186 2.578125 0  5.295937519880623 1.390168159399525 0  2.472880064794696 2.793633246106071 0  2.401965421402093 2.927195149912862 0  4.007897141799646 1.024860941221887 0  6.449275181890624 1.698513233850168 0  0.8611576989819012 2.271361877352778 0  0.5514819614694724 2.829173561811357 0  6.170223314015996 1.268555626173298 0  5.33882207589331 2.503261638306357 0  5.450835312641186 2.510925708939404 0  2.749170701539059 0.1282057840553551 0  0.9627901660073266 0.5651844264815289 0  3.735396345612724 0.07636398668590487 0  3.775668549933026 0.1768832613458609 0  3.953804365814711 1.454972287958007 0  3.272596949824565 1.970724942044365 0  5.94445608102346 1.58467555279428 0  7.579357142987904 0.1780323798423679 0  0.922364313337886 2.935845928531573 0  0.1759075864394485 1.912879834017855 0  0.06122492799005062 1.921875 0  0.07133198195279598 2.02882614455596 0  6.57210102271777 2.389712929945334 0  0.620937399282256 1.931074171000798 0  1.978168801254984 1.550008928118393 0  6.693175657846182 2.066297695491015 0  0.9366717200216395 2.355687094486878 0  1.021046056968696 2.243360160009233 0  0.991861308051683 1.74981994815767 0  4.356571510026062 1.464761810406889 0  3.837562509512706 1.493959682765291 0  3.741850527081306 1.493959682765291 0  4.245629299653194 1.493959682765291 0  3.700383266787614 1.375397222865261 0  4.199486582900923 1.377802635231075 0  4.35270444391112 2.867125613070533 0  4.201797114649445 2.834943772323535 0  6.558627220175924 0.4864768795400003 0  0.06371217864609809 2.765625 0  6.954854055307539 2.430074364373688 0  6.825363596346604 2.451110942638946 0  3.643703084983618 0.3570427032938722 0  3.704417305934539 0.495667041744118 0  3.769345754181445 0.3886938111002374 0  6.039063698386134 2.577458071262655 0  7.762119475731088 2.513874534078423 0  5.88410161025367 2.796571547219672 0  7.284025628800686 1.4547320018498 0  6.183482882780123 0.9052284877804153 0  6.233185222544439 0.8417595955400975 0  0.6374902531627619 0.7884392530124242 0  5.669780908053374 0.9980287647928781 0  5.56298611797326 0.9585477326481983 0  6.112080130211383 1.812487045539749 0  6.525412997705393 1.566083780557362 0  3.709403776037849 1.035410023232805 0  7.885806103809329 2.079684617240286 0  6.131914662940808 1.14993461622328 0  6.106046104550074 1.04432777690602 0  6.002662083099138 1.068963891255233 0  4.983897839254472 2.444244432176137 0  3.483753669537131 1.488104641053036 0  3.469653945873056 1.3 0  3.44639678598093 1.375876988613741 0  3.597946677838852 1.4646825774024 0  0.0727822002047646 0.7112131661217305 0  6.224810224802874 0.3882815055254681 0  1.251157726535014 2.490884833828685 0  6.899189062746835 2.923792158803634 0  3.130724037110001 0.8678373300257335 0  7.861630642498329 0.6301555391973762 0  3.368138972997988 0.7807633057448342 0  2.64616201123615 2.144094408755876 0  6.438033450666478 1.887259189557791 0  6.552771685208036 1.809401856587244 0  4.591553287935318 0.5448199352363275 0  3.56410946812822 0.4748663881453156 0  7.764038381903869 1.880615779047955 0  1.902117995797809 2.377679458264742 0  5.362097155176399 2.072015868174276 0  5.33181766925251 1.977722742887124 0  7.885150155181316 0.07826820756811717 0  6.051333224488005 0.5301842437413895 0  7.587285006338519 1.767086745010647 0  5.982339163682324 0.4925911130522968 0  4.030346054126944 1.9 0  7.492359868543899 0.4335249852474155 0  0.8803614903592086 0.1547486066790731 0  7.091896904131333 1.63050818775131 0  7.053304140292102 1.552789084447995 0  7.053027410579101 1.697702764920044 0  6.444962040946468 0.5081268398866733 0  4.779623966415424 2.111317147514488 0  7.805875118319789 0.2100133206220015 0  4.937365141136507 1.109479403227812 0  3.590668231198753 0.7521723919637227 0  0.7490655294924357 1.59646573731816 0  6.766110331058231 2.817192966283555 0  1.01163469843079 0.07762572197687834 0  0.6635355905523709 1.497265909350296 0  1.004046526761001 0.4554543083435204 0  3.29537654057789 2.358156663128829 0  4.63017327590009 1.172734653652878 0  3.259420882713748 0.905812536150028 0  3.559688014349423 0.318667943248476 0  2.988230673898208 0.670011820963189 0  1.596594544260552 1.477926136155201 0  2.965501625574244 0.2495952623039039 0  7.422439882964043 0.8158411588753999 0  7.572532384670364 0.8389215401489559 0  6.491388598724568 2.025418766799701 0  7.624953615719456 1.542555483020482 0  7.70206290328313 1.677986402551797 0  1.478971176485103 1.890459917480154 0  7.368441672669596 0.9947017181431215 0  0.1502262722198674 0.8328368048838307 0  4.57830698588801 0.6990018532954405 0  1.107557065353285 0.5266547778988508 0  1.996515674376258 0.9020038729317489 0  1.357724233121916 2.920355828271175 0  1.917813561156129 2.115912897398099 0  1.424702087964935 1.973603976698052 0  7.159097589166688 1.484361213541614 0  6.935595730426173 1.592366271135345 0  6.67129363125414 0.4449845643454298 0  2.700758267562031 2.76038908435095 0  2.888991436732191 0.9329919478504163 0  7.938664902309918 1.359375 0  7.068019203745833 2.180964495174309 0  4.803226391765626 1.360209389063102 0  5.573623692003425 0.7463641524132466 0  2.362306195028811 1.355529798823138 0  2.0625 3 0  5.55110031952353 0.0767094666117748 0  3.930541907036723 0.7266261853458145 0  5.152279121970068 2.605570155001797 0  7.490164375243205 1.076810940153587 0  5.844754508934467 1.596824909692681 0  2.726135032649366 2.925518862740494 0  2.346042454245158 2.830357558035405 0  0.5184945104233386 1.021216258991098 0  3.996503605744432 1.971174560168315 0  5.465209881866465 0.8410754942164709 0  1.30848993317809 0.570630001809405 0  3.64553711696049 2.822297130635752 0  5.015595666875083 2.13866528714703 0  1.902406772984497 1.07628655671743 0  5.415009656562241 2.737468662920431 0  1.734941102592066 2.270919959822659 0  4.335461540450969 2.508523592725843 0  4.37593232021915 2.654092517044696 0  7.896751761249785 1.852039995964213 0  4.297270109407752 0.4728046587656354 0  1.472960476558417 0.2058901659623595 0  1.514594016850046 0.1408536951190416 0  1.393226226946203 0.07417938219533897 0  1.479801240588667 0.07327571637172772 0  7.698752683449895 2.429970426238945 0  7.62904697477083 2.335992072596541 0  7.54963385568308 2.41409689690505 0  2.100542634457441 2.28408254223476 0  5.383203948111663 1.523548951086843 0  2.07464130272777 2.08823666242776 0  2.057494653667989 1.967272504600591 0  0.7534549720645337 0.0834291253409208 0  5.154063309717639 2.272513078654196 0  5.104866433569159 2.339897788109273 0  2.399238937272208 2.048952471126592 0  2.494308236961463 2.147426393043705 0  4.943582151161391 1.317630504313048 0  2.495636931854282 0.1657453437011833 0  2.513772242174753 0.07614164763334992 0  2.595413409296773 0.2028866239119933 0  6.945944055295847 2.06425842981138 0  2.232360719182595 1.000471738655131 0  2.258338236271085 0.9238363625460451 0  6.913688180281219 2.815588447882182 0  7.27732996191407 2.38418091014894 0  0.06914084973998227 2.842906319193956 0  6.932246333564763 2.302919385870087 0  6.140252404019441 0.4585518487087652 0  6.073978512269749 0.3740778720148822 0  5.69923299965597 2.830993936610814 0  3.789440099708624 0.6259613897257496 0  7.385069559362775 2.679419779481169 0  1.156001407758176 0.8215371583238127 0  4.073506874529424 0.8724942156483817 0  4.136137958101131 0.9103786630532065 0  7.610475554110857 2.486581518088722 0  7.179353327533907 2.509821280794001 0  3.818573030368424 0.53097251155891 0  4.46141852499298 2.936094019231913 0  4.39872967223922 2.800594476402385 0  0.3849606556314088 0.7752957269670908 0  3.406881459184092 2.000229471186553 0  3.339116278606764 1.871781800637778 0  0.7390507011040173 0.3487576369809978 0  2.940132765217195 2.80575623587855 0  6.511988272994948 1.882358542907951 0  3.960177644239226 0.4815016372495323 0  0.3835374499938635 0.2859599387049669 0  5.735698449907644 2.486618310191253 0  1.943606451895493 1.697165748825584 0  2.99999332041245 1.028158503102771 0  6.14326276715668 1.91858331682143 0  3.136601333608808 1.725687001961254 0  3.012662998273324 2.543471403818438 0  4.207778853728724 0.8768917797708383 0  2.268686959674489 1.788003030306563 0  2.335315305067156 1.707833551562032 0  6.898252611592258 1.933285881849623 0  0.213632817333214 2.129486303785774 0  2.611206826651533 0.0751781472543217 0  6.494193321354717 0.7732999555548087 0  1.454854825478984 0.5105479149047906 0  6.793580679749091 1.731880578234063 0  3.573691436091224 2.799559109746317 0  5.070767343095461 2.462090977381229 0  3.29909163838047 1.37437722752378 0  2.642075725921979 2.325961609368747 0  3.557304937056488 1.625782165935012 0  5.801721131719631 2.639837059285021 0  4.335476029228133 2.206760476716272 0  4.138908532386736 2.755104073818479 0  0.9607240969477497 1.585665993934541 0  4.884727462640591 2.477759570975671 0  6.315888319018019 1.306260486575352 0  1.969811897683254 2.573099508746876 0  2.062990294288094 2.691662714444112 0  1.667151746857935 2.066837123521644 0  0.6389566264325341 2.3756784209222 0  0.6457148476322475 2.259665611738589 0  7.475889233921228 0.3151827470934878 0  5.100804642874896 1.004415344539181 0  5.208870227089832 1.031822033745691 0  3.5625 0 0  2.047699162613011 2.194374338860374 0  2.557273898423992 0.3009148464357526 0  2.442832245214211 0.3963274917624359 0  5.181022276163739 1.132051360422916 0  4.198369359046827 0.1572372386235452 0  2.403665906421724 1.685234643832105 0  1.650442708123536 1.010239624898304 0  6.879674734073679 1.653536039452973 0  6.885532448828228 1.800435419491198 0  4.582445206879194 2.598422862805477 0  6.941422549720142 0.4578365338389444 0  7.024042812095621 0.344832586402722 0  7.075881742284379 0.422358778272977 0  1.385118380068088 1.582279094049067 0  1.823113209442303 2.228535374970023 0  3.906307994971754 2.839164354361384 0  4.05255150066083 2.842233445069839 0  3.982318361818463 2.928178281853188 0  4.721947920527816 1.62409803493594 0  1.149731691000786 1.136101650742616 0  7.507899214544456 0.748638070507158 0  3.507153641088533 2.285442032786255 0  3.392184235522566 2.306163225832415 0  4.711173804547888 1.514753016219353 0  2.131096194634719 1.446126181196334 0  2.113158397939743 1.546269426115083 0  1.591153616102441 0.5317020306845537 0  1.745284023846201 2.343689214889908 0  2.459693698920665 1.864217221729477 0  0.3261585584089604 2.125962409577909 0  7.749185171064584 0.4476770202535204 0  1.56590528032401 2.565222208639641 0  0.4041983424416949 1.475416471035435 0  5.38826794294494 2.292379843224428 0  5.481800456698431 2.385985669084454 0  6.807200125969689 2.120336814192236 0  4.050244919787543 1.375806920189532 0  4.105210071751871 1.46621134898653 0  6.918964680353578 1.048609422664296 0  0.4483632326633576 0.1554993509238664 0  0.4611932584368891 0.3317254352249449 0  5.779729262972501 0.5860787890272691 0  1.652874305387078 0.6447925133737422 0  6.2565359885192 2.169322795854987 0  4.816115037735456 0.789208183213193 0  3.322418494214177 1.731653093611407 0  1.329557892417415 1.299498967919638 0  1.196094934743713 1.354446173692738 0  1.341065876350055 1.398518117433177 0  0.06845415567892399 2.692443659108965 0  1.989293793089826 0.5552123946906401 0  7.195104101093634 1.14336541512028 0  5.201157112766953 0.6229971478718662 0  0.4906733892809629 1.621116249388356 0  7.045050087375721 0.9122678107926858 0  1.251559668386791 1.031897929939416 0  0.3182139203206212 2.924251321999068 0  1.065061164431449 1.961318502345238 0  4.856568128132106 2.843317335409099 0  4.778114370261175 2.931820999162769 0  4.789264528014894 2.782200492134973 0  5.993437296268415 0.6544699176483847 0  2.9375 3 0  4.144893604874549 0.6732715557627772 0  7.197692754212701 1.967865676293626 0  1.824972033416276 0.6541675285552236 0  0.070125293820375 1.063146574191574 0  5.991888186273711 2.499040860854226 0  0.2992324187931326 1.438971042383964 0  2.802995459970626 0.7971860116744609 0  4.683588179372383 2.327021118116397 0  6.7507144406247 1.930930802346136 0  2.601377025134428 1.957843029798835 0  6.417120944313956 1.360006619064745 0  6.539647474872617 1.444259070772003 0  0.4254936563542152 1.126714177605695 0  3.655346054126944 1.9 0  5.634908185963328 2.914532394444382 0  6.42716280103171 0.9792915362386233 0  5.77956017649748 2.913687537776306 0  2.880477627642576 0.4614223662601298 0  7.930058455577933 1.051163499914948 0  6.459957125579824 1.298022592865175 0  6.669243084915581 1.383663627793646 0  7.005893933362757 1.317749469724208 0  7.142028866611512 1.370501023592338 0  1.238448415624845 1.10328559569032 0  7.838170954764629 1.009981527950421 0  7.930986961701327 0.2147967353640312 0  3.058728280497419 2.421300730995743 0  5.983250937179712 2.240493001803026 0  0.695385483467403 1.055449256782616 0  0.09386047744167955 2.27248484135123 0  6.709619460465076 1.247836877817197 0  3.123610845957878 2.201932394462602 0  5.265505196844324 0.7115532092652107 0  3.344330846958137 1.466174146185219 0  3.250901321827629 1.513765192851616 0  3.387491633731391 1.599158059879136 0  2.173965322224446 1.984534179685144 0  5.977331020389837 0.9692041799536549 0  6.945804528903301 0.3656665848324163 0  6.870175955442507 0.4264639559788091 0  6.817204899108217 0.304585624047743 0  3.747233046681884 2.926083063265664 0  3.785386646795547 2.838065796053476 0  5.496914414026681 2.097577102394105 0  5.579051001171946 1.972622600429188 0  5.614201044401128 2.084659270745235 0  4.228437617489993 2.429386888686107 0  3.279236555132994 2.136598875364463 0  5.73805860638806 1.585277103763373 0  6.007314886148315 1.892750799024846 0  0.8021927605804327 0.2845069961136256 0  6.350785856567388 2.927701323201024 0  4.99162354989532 2.847599184490926 0  7.047352349995212 2.46226581886295 0  5.855946427308214 2.21755428997713 0  2.080299993573536 0.6619737122376463 0  1.18148754937643 1.887845220897325 0  3.865949276405086 2.385510532016657 0  4.464239332194133 1.461242323078428 0  1.157503475595824 1.207802773445665 0  4.6479376115136 0.4995482756481198 0  2.502254167052581 2.705868766672815 0  2.447536400690264 2.592781960442008 0  2.507182030527914 2.633979569712939 0  3.194959435919445 1.852637049758072 0  2.291763574035576 0.590847986255042 0  2.410650978074897 0.5310600024589106 0  2.34847591451412 0.6619961422284865 0  6.619775513514179 1.973592984269466 0  6.550130500028657 2.108001723968668 0  5.751402026652589 1.817599411626705 0  7.814223960786598 0.6984587430009234 0  4.701084687701982 1.093863699412004 0  4.778635922942739 1.104804677927947 0  1.527415945049478 1.033094574614898 0  1.166853097890125 0.5989436678785484 0  1.09131957913409 2.20084058986521 0  5.838974031998359 1.323241200246007 0  0.3712166485713533 2.598057861905192 0  4.065256706326635 0.2126963795393146 0  3.991635431798183 0.2857902881834453 0  3.916958430255004 0.2321442557172481 0  1.667537273385214 2.317771903016827 0  5.075820483461793 0.715432755020742 0  1.438252742027122 2.258685817811492 0  3.909810576235365 0.6496612866702179 0  1.235422224896497 1.414824687966823 0  2.568570245829859 2.218047683170617 0  6.87138571082004 1.268119338006002 0  3.627399185529157 0.4407084159763966 0  7.698908759120509 0.2183559631765803 0  1.872018875151643 2.467796980449323 0  1.200868756238478 2.34963298344009 0  5.364824249508679 0.6966304537559058 0  5.076734566074303 1.357089118594841 0  7.928960198867476 2.458329637590737 0  1.700863306857806 0.2647793265494586 0  2.385142195231087 0.4505039023742929 0  5.554687009569395 1.120729188098612 0  6.486871054621393 0.6362788313368256 0  6.273582620704808 0.144947745329464 0  1.098497707903177 0.8885334129003417 0  4.358923891509369 2.048332915339139 0  4.324994318353052 1.971461460000251 0  1.916759686325439 2.220349735438779 0  4.016550840046492 1.507421876634575 0  0.2682062413114361 0.5435763966008873 0  1.249345641018043 0.709627942650965 0  1.236441917064225 0.5777630621110752 0  0.06205096522660041 2.399991009079013 0  7.818016921289896 1.621218724131421 0  0.3727847582165621 0.6423168519904614 0  0.1661676287281645 1.801281091392688 0  0.05891826635681167 1.734375 0  1.397663950126975 0.8494336483401909 0  1.346107674980642 0.9357758597452882 0  2.551269259944223 1.02535643765076 0  2.6547289980166 1.026207158255163 0  2.005572337965033 2.104796599706477 0  7.156222769950662 1.778504224800559 0  5.1875 3 0  2.558280888369271 0.7975004516674566 0  5.919225592990477 1.999395414463561 0  3.474652912840583 1.679391313486684 0  4.443204215094959 0.6737409948926716 0  6.587914483193413 2.243410305375598 0  1.403151921079276 2.522190970765979 0  1.35215288243034 2.576326706081579 0  1.487804275102645 2.630385587810672 0  3.524935620125071 0.8950102507311305 0  5.641601816677928 0.1839714444180385 0  5.5687495602052 0.1777886728739826 0  7.691710250659831 2.08975234496169 0  0.9590670552651276 2.424755362879243 0  1.076567185388756 2.634403206659071 0  1.654466554880644 2.534702018205073 0  1.993527410967124 2.471577056384326 0  0.9626718056791698 2.202452108155205 0  3.326471825175914 0.1426402245432725 0  0.3299674829606192 0.4171981339253943 0  5.421812398861472 0.2470601422988222 0  0.8665169753788483 1.231801170674677 0  7.573589481944038 0.309510118562657 0  7.593741549034663 0.4049209852873055 0  7.701774628246234 0.3143476535057163 0  3.17245270105229 0.5920080138733698 0  2.940783028972092 2.660251292655516 0  2.791833812595859 2.656461763274037 0  2.887724876856936 2.729933984534211 0  3.006837471517434 1.363596112399736 0  6.544712796059938 2.525464159083028 0  2.491224450880343 0.8518226214510879 0  6.588493722615306 0.7924465530662149 0  5.859783497571625 0.6946206355733454 0  1.696079240563001 0.176565981134356 0  3.986569726974488 2.184841963852051 0  2.349120966785048 2.184499602251591 0  6.368249251827335 1.94170305074865 0  1.110302257660034 1.877229007854245 0  4.277437880537998 0.2165818821241381 0  0.430813607114012 1.343222620204029 0  1.205919870661746 2.842665943075596 0  0.5881563938495223 1.664148243262525 0  3.246196916623665 2.277064693150195 0  7.01878325927631 1.065097012518183 0  4.569940912299906 0.3155759438003622 0  0.3868341483603138 0.5238159235768685 0  0.2656105037490175 0.4465287432169604 0  2.989713107768939 0.5763827300732424 0  1.211773381715006 2.613739217511109 0  4.501241506370652 2.835418652258462 0  5.746099134436123 2.769493926542874 0  7.290169716605218 1.823965469881987 0  1.536541200309004 0.2941830264183842 0  6.225598802874378 2.314465838419323 0  4.108409161851981 1.636707866836406 0  6.626117648513463 0.1375877473372502 0  6.116996022207531 0.6601823097886482 0  5.065880176267591 1.113203743900609 0  4.020318774574026 0.6022801461816815 0  4.076942902716945 0.6983918302706631 0  4.574886262327548 1.578647191980305 0  5.651730789360401 0.8606338796614692 0  2.880240212092878 0.8645813853633143 0  5.452292122032945 2.045767803063563 0  5.513797246837715 0.7076502170450794 0  5.521872808175781 0.5671639297597886 0  7.218127326325304 0.4271138276277179 0  1.024721937609839 2.452577462731738 0  5.28125 0.06309497812481195 0  1.749680637703182 2.663557127824867 0  6.045429767496927 2.749021421851289 0  0.4792128570903985 0.8784144742087143 0  0.2362239342534995 2.244235386450832 0  3.088642315288968 1.371499721319844 0  1.529879607457771 2.702422200202701 0  4.691026243715284 0.9991989528830783 0  6.449318730208421 2.855443018042601 0  2.087200225891221 2.844193476838107 0  6.603245381020215 0.349226092394943 0  5.047902160294643 1.21913205474545 0  5.164779717171602 1.239537293274214 0  2.831831177532234 1.794262521084906 0  1.411050350260239 2.325113654037835 0  3.625131268357693 0.8170717516121353 0  3.511773587584562 0.7691124729761815 0  0.3757443325816883 1.874240171796275 0  0.2673660789057152 1.904478288960008 0  0.3079195565742981 1.99687255623915 0  3.344653945873056 1.3 0  6.891458057946956 0.6573958777555403 0  7.824952645225461 1.430388240392735 0  5.658454756891603 2.477700048207139 0  1.703431804815086 1.726663630294509 0  1.757562639415132 1.641360523321819 0  1.626183526024218 1.617756205400868 0  0.9619580586780246 2.740797808755507 0  5.076698980195578 0.21012075470981 0  4.962837818232479 0.2427498460102251 0  4.942145448300664 0.1638194513488227 0  5.439013580050458 0.1602429832598792 0  3.256406405971097 0.7978842294637748 0  4.344125218068164 1.629978167054571 0  1.489688712915026 1.597514874037852 0  3.971238996882567 0.06560715942963399 0  1.389857563907879 1.071277119214044 0  1.597958454489249 2.073980929716753 0  1.546829002888014 2.021185853536356 0  1.58568279089917 2.143820767011315 0  3.780346054126944 1.9 0  7.824110057517716 1.747871141334022 0  7.935998866640654 1.719719321466135 0  4.949416868466725 2.505694967008503 0  6.789631850542757 1.586886532556328 0  1.06393337105315 0.7479476045479198 0  0.0519804931897962 0.5157911846528394 0  7.498989334964161 2.104778356694184 0  1.022897364235949 0.6049129281585841 0  1.497345294919767 1.121820048469072 0  7.823093325743344 2.548653329298424 0  0.09828542695684002 1.200894247819005 0  6.275021117420485 2.529986695692372 0  5.28116575299984 2.677213677492791 0  5.917045247589236 0.624525123607678 0  3.923670877959452 0.8740093845581518 0  5.690635325209263 0.6803717942384977 0  5.3125 3 0  5.391441223592631 2.864897179932774 0  2.326252246435561 1.2 0  3.510569229449294 0.5601767406860754 0  7.154112037996295 0.9247338359627963 0  7.194861360603316 0.8076015245260929 0  7.245961532687786 0.9334691782496748 0  3.244029458606456 1.60147921331114 0  4.824868084517964 1.628503887264998 0  4.781880354346668 1.503518220385825 0  7.737388962432351 0.9410544724410398 0  0.3035155671509666 2.692063180925536 0  1.465451598547258 2.389991849718605 0  1.538535839540267 2.277748153015517 0  4.5625 3 0  5.444319228503224 0.6303418970016363 0  1.600987211741228 2.78725706723282 0  2.587523640678446 2.537204548241792 0  4.896199138391426 0.9523083077942794 0  6.134986616243946 2.52559979315803 0  6.185798925462106 2.590228501790594 0  5.022342582280103 0.3417429483449439 0  1.519237909906611 2.162301602738209 0  2.377332887575767 1.562696531800795 0  7.593195079033655 0.6917487351695423 0  5.937238588661105 0.8565668720132705 0  5.111281408139461 0.139969172589713 0  7.180631313125598 0.1818745709056228 0  7.238102328334604 0.2344600325032093 0  0.07447200891091571 0.3938631260281016 0  0.1457602743963025 0.3916440688719352 0  5.147044630660073 2.118066126591413 0  7.946802968229847 0.3304859063300203 0  6.64810493689853 1.213893093378003 0  7.188854211852796 2.100378650404093 0  3.230763395713329 0.3916581638716726 0  6.466814472888837 2.745991764506047 0  3.662616032284363 0.0688100574469246 0  1.9830867263576 2.327580183365727 0  2.86867911264271 0.5803723191834845 0  0.05092204308334912 1.453125 0  0.06782762961482916 1.34100983721162 0  7.832961103413931 1.291142118591213 0  0.2125314193287103 1.576452475611052 0  3.38382300037596 2.930836280638158 0  1.001774664942159 2.312049314085765 0  0.6082725681307978 0.3315256828158927 0  5.533018983782533 2.645635644988445 0  5.489114681962191 2.77241299220434 0  3.24736968236383 0.06922874693658106 0  3.187410728127411 0.1582796986812722 0  7.065903038818275 0.6425865038482235 0  1.539404655288308 1.189118565110157 0  1.403908608336256 1.210118800844382 0  7.947766553479877 2.858964034081313 0  7.288712063251016 2.524009410068665 0  2.485080650291843 1.996579257565489 0  4.330242259460193 0.3290817368225827 0  4.258770965543063 0.3752908551437988 0  5.964442662006488 2.705570815645012 0  1.748043153626005 0.3885632810401734 0  7.03413606643563 2.052089846578062 0  6.08445147821049 2.169797241746009 0  7.610791029452366 2.037717012756394 0  7.747982704222182 2.026680361925487 0  7.687322412412002 1.951528956473024 0  5.481344710113349 0.07472912261694359 0  3.382036322110904 0.8461991992117907 0  0.7685176924712224 1.719790495965529 0  0.833226887451178 1.597557205189313 0  2.348139057824731 0.311129491131751 0  1.09375 2.937507235272321 0  0.7376145347408578 0.6798965746166354 0  0.07990377683643994 1.571943168011107 0  5.194333186476482 0.2523078741913144 0  5.21668175075992 0.1862183617809531 0  2.074112642282265 1.882397391269493 0  2.430375361539079 0.7543164681352679 0  2.511004433187354 0.7088917580823503 0  7.090462360979794 0.2531974870307993 0  7.946624836939804 0.796875 0  5.352904563901486 0.8199114445442696 0  6.490443290448733 0.704794168305345 0  5.534016054071922 1.408841671078922 0  3.690093643024678 0.3050737438243653 0  0.6867870181166476 0.6114249121116441 0  0.7196032561599556 2.805684652327555 0  4.72855801013057 2.5726155144811 0  4.971973351226118 1.428017026423766 0  1.321913416105544 1.155821834222272 0  0.9556812369782092 2.133803934225704 0  5.873070582995315 2.132896852650896 0  5.933300161083952 1.194429657947569 0  5.922959624191563 1.097304949943657 0  5.827071330268316 1.192982551776796 0  5.497965010868854 2.892451468498109 0  0.88410681731513 2.66687722574984 0  0.883627813574958 2.803730175740044 0  6.036279638742628 1.284897048546087 0  1.14346285461774 0.2730409507618551 0  5.004108303537339 0.5058085202600121 0  4.914141639439533 0.5650159801422681 0  4.873081757303065 0.4730212859999932 0  1.253846804387955 0.121722040969258 0  5.062543384684917 2.750278361270874 0  5.129603687845943 2.799252959361812 0  3.158954082670805 0.4696037308600519 0  4.904012684098893 2.070761283617004 0  1.190887674542694 1.7441497906311 0  1.482526125991475 2.044565832122689 0  1.46340395442284 2.112439694263215 0  5.405346054126944 1.7 0  5.369262530144582 1.637722666786546 0  6.133039365586597 1.724245835413799 0  6.044845390541738 1.683680368217854 0  6.5625 3 0  6.591834865767556 2.935435274633777 0  6.74422050375736 0.06803588550586211 0  6.734402431860029 0.2050753628495445 0  6.239930800277747 1.64089166724441 0  0.5759354372438359 0.201286065395113 0  2.921171375538739 1.851676986098574 0  4.555293838910218 1.056291750644395 0  7.757611703218868 2.107672506181371 0  4.630920266492419 2.060876370294999 0  4.495044574775214 2.068072895686704 0  7.135392219777137 2.457776319075808 0  5.215140990168264 2.402366773832336 0  4.491978090931489 2.568477704126593 0  7.567115405595751 1.623416953628554 0  2.144416424899902 2.089897469712604 0  6.560657153566265 2.843064268606279 0  6.961194955366826 2.695074492624349 0  1.04619594240983 0.3132315273273442 0  6.00374147659947 2.836685490783073 0  4.557281742368027 2.146540598742354 0  6.246897822139831 2.701122114981481 0  6.381976246390386 2.695854015944253 0  2.079655829701192 1.249576579122586 0  6.456869063660907 1.560910288122568 0  2.334556204139887 2.381918923023365 0  2.287514307973307 2.566790807977435 0  3.61763914039299 0.9551049098817727 0  6.866525391445474 2.572961988639038 0  1.009086548264264 0.8147248069789043 0  3.001726202949845 0.8210270111148388 0  0.6717601261889177 0.3068793798120386 0  4.32843119424172 2.803540238248017 0  5.658253267716113 2.691329675864455 0  4.432460322642235 2.692656623196439 0  4.426322848904873 2.594150372022193 0  3.33598556744928 0.6726908347632549 0  2.392059876812584 2.323841265578578 0  6.929935719717834 0.9481718237400428 0  6.915019689433839 0.8558409514438579 0  7.015738383143024 0.8404492958875741 0  2.33058036814134 0.793032731585905 0  1.627627057485488 0.765370930730183 0  1.768119929834477 1.239683211165801 0  1.649692524448152 1.253854691491696 0  2.594653945873056 1.1 0  0.6093530023193243 0.6927553772410107 0  6.319504680533736 1.749206380013741 0  6.24564286410603 1.854464952296187 0  2.138651043122588 2.468607126502196 0  6.532006048841464 0.3846688363176524 0  6.462856090255768 0.3717305386489871 0  1.222970117713823 0.4659044115656226 0  4.70362917319506 1.969409017831629 0  7.950569709263534 1.640625 0  5.261815202162468 1.97061686463597 0  7.948355603213994 2.392921975073393 0  1.952099064860007 2.053419228489119 0  2.352738371800868 1.072502078718258 0  1.451712276503404 1.472280838309949 0  2.264456031715639 0.242682598373402 0  4.595500949558359 2.212468693839724 0  6.538373796456029 0.2447023176625049 0  5.921028267406334 0.2525502539596842 0  7.703904993335925 1.810746744051371 0  7.735525324905457 1.742603218056497 0  7.358374432392916 0.4166912028743542 0  5.320388002494965 0.3459353243029623 0  5.390928057826016 0.9545488932925161 0  4.253330382068587 0.931536117259937 0  3.174560663383863 1.029005007301267 0  3.219653945873056 1.1 0  1.036920937484541 1.107232019713241 0  7.845599143629244 1.143836058683297 0  3.114496842577737 1.973164713808758 0  3.185228334912012 2.06612091368061 0  3.090790922395996 2.106868393937172 0  3.138783777662716 2.608993876164902 0  3.191575885205703 2.687057304621509 0  3.058826622413809 2.655221987167646 0  7.762285431584591 2.204652611384887 0  0.07102916400589449 2.616928395869877 0  0.1731652943882533 2.600011911838348 0  0.7939153684712634 0.806346239746303 0  0.177374187494744 2.465118649558061 0  0.7488914362570929 0.5404173055060442 0  2.180460466866103 2.60085127016892 0  2.287354099135345 2.678716900106429 0  5.876143878083621 2.558288881180899 0  1.745309812085184 0.7143956683740311 0  1.612983964238398 0.6992356265458378 0  5.480420472725778 1.631359899898208 0  4.382381355376451 2.930453724770072 0  4.98771088566293 1.632641301862475 0  0.1674551324014393 1.390278123648696 0  1.364851501461407 2.005008795126836 0  6.314560553539527 1.442358904438766 0  1.42842456774859 0.9860093941118326 0  5.006926679414692 2.661317809761634 0  4.927113642477911 2.747582313742753 0  0.2579211272217226 2.38503219639807 0  0.3356535934986378 2.497370812140266 0  2.762346223996016 0.512491090697314 0  4.280085309317167 2.113674149888434 0  1.751253403445412 2.131405688334994 0  4.487230571095245 1.348500312694539 0  6.198126147681377 1.954533551470962 0  6.406438785706534 2.560219514911479 0  6.904808520375762 2.166108034788909 0  2.228868441483795 2.123431646111457 0  3.820274532116758 1.632644758377207 0  1.948760982483946 1.275064076697328 0  7.326861836853959 0.4888399222493228 0  1.6875 3 0  1.017815039610811 1.001405745464478 0  0.9310593013268083 1.018370074540258 0  6.655627422419164 1.701881775841814 0  0.850306979661471 1.394494322930629 0  0.8632892178202699 1.462454676485164 0  0.8194214527613927 2.737824584374267 0  2.5625 0 0  7.457158957227493 0.6755346267075825 0  1.857338107289518 1.548164746754678 0  1.928183955783317 1.444154302864721 0  5.449808403954079 0.4932286060142851 0  3.005709797192762 0.9177570508782876 0  6.620401570102115 2.183536097797213 0  7.402111114516103 1.906043305567918 0  7.488241133605455 1.870196560302168 0  7.48358407625585 2.001991865322514 0  0.8736915077817327 0.3882246333523554 0  0.7718998894330031 0.4084112614273308 0  2.234615003938277 1.379566189208705 0  2.303326283998844 1.454411345860251 0  2.295221174927876 1.315604253390255 0  4.127257114309661 0.573037146177557 0  3.806768890862136 1.372307274037136 0  3.844653945873056 1.3 0  4.311860762878745 1.372961411620894 0  4.344653945873056 1.3 0  1.3125 3 0  3.926323225684579 2.678909721809565 0  7.471448819775926 2.17218241803346 0  0.9044036310096401 1.352986986474124 0  4.780346054126944 1.7 0  0.8633641671554738 2.338206803564735 0  0.0488075658551989 2.484375 0  4.417794286710743 0.8598838723366362 0  3.224039356543753 2.482275328313392 0  7.867084665705079 2.212973028504579 0  7.947996224563075 2.104937067668499 0  7.952363184805708 2.203125 0  2.154092335154195 1.216479037313878 0  6.229684340072329 1.351376767675309 0  2.304584926384853 1.580548703320445 0  4.344653945873056 1.1 0  4.322473192982166 1.040422864350124 0  5.577539671036063 0.6078603980162514 0  6.538906216983585 2.748250954743318 0  0.7198637427625859 1.251858784722 0  5.751379191745941 2.596100130246533 0  5.823316272814232 1.389838113479696 0  0.5786254690691465 0.9013385926477608 0  4.0625 0 0  2.49855714211813 1.573553146995263 0  2.726219672523892 0.7030720674918075 0  2.603372732891469 0.6634093258157095 0  6.294905326707662 1.241085812406077 0  6.104957501162261 2.050136664282347 0  6.179710948543967 2.051281712232185 0  7.442920328889675 2.747994751651898 0  0.9455820170031886 2.604930028951008 0  0.3778231124272709 2.664661079793164 0  5.379212331784061 2.17136952763559 0  3.344653945873056 1.1 0  4.057017379741112 2.510070785105162 0  1.076734930834111 2.342835917435273 0  1.902623271120961 0.2546101582712202 0  6.091947796379678 2.311926127024591 0  4.764865812563705 2.047693756380286 0  6.161347962565348 1.512005455896813 0  6.053437411897832 1.501825390062158 0  6.04356098028985 1.570670070084113 0  6.594406322094804 1.575693539050534 0  1.612684910963371 0.9038980427672548 0  3.681259301161462 2.916763371404388 0  5.126093884322752 2.207534496829088 0  4.864966186237808 2.355919785445343 0  5.036897809621306 2.322251793630839 0  2.469684219513393 2.376043408856122 0  5.941491418664775 2.454133354643854 0  1.163656234138264 2.270368078281547 0  5.304990216132953 0.1805400140759842 0  0.7806729787102226 1.280082025897418 0  5.794383081156719 0.3482879547855111 0  6.4375 0 0  2.796082400507574 0.9756419924503497 0  7.165710134039841 0.3266255962050506 0  5.077454986027705 0.5741601494742645 0  5.128736708758849 0.6759261969987971 0  7.385826305654955 1.678217328270063 0  6.949743257191462 1.233604630451757 0  4.573983091092328 1.469878639554052 0  0.4415952527617985 2.709366874520039 0  6.558324767057171 1.128331112786095 0  6.199092886474367 0.5357546314549861 0  6.199226686051288 0.603659535081367 0  6.254611166832683 0.642212997593221 0  0.3665032315401328 2.797227720713546 0  0.77481848374527 2.068532473905832 0  3.292263590587961 2.654014262030817 0  0.6909860938655594 1.972917213104015 0  1.857599092320225 2.576864677502676 0  6.254622457859573 1.548993606437177 0  6.358600829353674 1.581548487841968 0  6.331598536795776 1.655006228346782 0  4.420691443933103 0.5969164129036506 0  3.066450567748823 2.237780976832388 0  3.053805997428354 2.014763922067922 0  1.467245030961943 2.762734836689273 0  7.37136287976516 0.8593910507207275 0  3.87677814262929 1.559956334109143 0  4.364228347531886 1.530758461750741 0  1.816110928688245 0.3301767012928877 0  1.913498513868783 0.3780460801668657 0  7.503659780461454 0.06609335811810733 0  5.757853503002289 0.09462501659058006 0  5.414838621635675 1.089223617119741 0  4.480519815445859 1.235038668310748 0  0.9957666118480205 1.815661938457604 0  2.261706320954456 2.025080219785865 0  2.66957662442397 2.637199779401149 0  2.72294442030604 2.677974192431842 0  0.2545683463435091 1.071166340407395 0  6.792367974342763 0.85524860897143 0  4.549458539000441 0.9579528155512821 0  4.179433113576378 2.029576146304692 0  6.0625 3 0  4.078144441518757 0.8031513329031886 0  2.108998682039701 2.218982388088683 0  1.949779036691607 0.3017237192337903 0  6.3677350778662 0.2236422486702767 0  4.481957353984575 0.3620708324978476 0  3.105340043034506 2.757754902553178 0  3.752710961351835 2.31858613826895 0  0.6870216247190417 2.420602133706356 0  3.184801990004781 1.476609586473139 0  6.370249352541977 1.224423337166015 0  2.644895363513262 1.910151963067072 0  2.530287556064541 2.829910701956054 0  2.275276045299636 1.229389262614624 0  0.1730563065496494 2.334382267717735 0  0.3976426740910088 1.958122431456542 0  5.578031117685244 2.580079466190464 0  5.702404829681966 0.4258393602333906 0  7.94140805475545 1.563576380196925 0  6.428774848238647 1.467178171595234 0  1.800191950923123 1.518369251661041 0  4.845224903240293 1.310511356223397 0  7.438694507373536 2.496414029460303 0  0.2368701785308478 0.9387774650218462 0  1.791559572062533 1.145942778730345 0  1.753758413268626 1.085646304504254 0  1.786920816706046 1.027790490174817 0  7.325051073525342 0.1424041663209978 0  3.80289833974078 2.079058599993654 0  3.81429098571723 1.962604484234599 0  8 0.421875 0  5.804121520007129 0.9893415455416447 0  3.685218482184518 2.712882057467333 0  1.252328224338593 2.931982800160976 0  1.354242988347053 2.852019666458385 0  6.352721961489756 1.360623132473784 0  4.399088739477742 2.335441547966919 0  4.909022926327793 0.05753525814988162 0  0.6217057478160781 2.150047434066164 0  0.5547135925406235 2.154933253217941 0  0.5378426094552756 2.044948208708385 0  0.6612486981782966 2.076729954517855 0  1.617013361641683 2.857588915047208 0  3.336563429988747 2.222214953213601 0  5.942384789918257 1.866325571375223 0  3.926516458442314 2.560243523047715 0  5.262511941312635 1.249784250525716 0  2.035001145235455 1.431023171860925 0  4.91491277380698 2.620205844441076 0  6.290766964039856 0.9879418682044796 0  6.293058783012068 0.8693286408591311 0  4.825715488994335 2.237961996914533 0  3.98603601561986 0.9327328090836681 0  1.522645904587272 2.474639594676368 0  4.929011613219539 0.8052876679399763 0  4.802022004009637 0.5814434300341202 0  3.933351833329998 2.101378785836468 0  4.181273223403714 1.455764763716334 0  7.555132835692658 1.177981382879058 0  1.063288031805684 2.104529856501419 0  4.515039112802445 0.4633663621567198 0  4.604868607217623 0.4074174539275938 0  6.123913005366772 2.658847589440275 0  7.305423771681173 2.587201302678518 0  4.661115036245007 0.9253139284334759 0  4.617738137699288 0.8192139311173128 0  4.893478226699949 0.6905331845978042 0  4.949767886887495 0.7348738165025737 0  1.755947217853044 0.878027838512752 0  7.365742440747206 1.251485997524998 0  7.040540218686231 1.413352106277589 0  0.2064786025340388 1.271469217269401 0  3.79521882776679 2.704323972170466 0  3.4375 0 0  7.654927122005929 0.5011401780397338 0  7.75578676994208 0.5740896412148057 0  2.362730592588365 2.441997221163044 0  6.652419339537895 2.753004960197535 0  2.564224528455552 1.361887082801424 0  7.64577151924254 0.7617492012985547 0  3.755225803656175 2.523298008729051 0  3.786286059805691 0.243763861509368 0  3.739552266006741 1.556783319991552 0  5.515518399337924 1.300241517121083 0  3.50587515197314 2.678165794549699 0  7.078868481721882 1.493015097162964 0  6.307956778744381 2.25889569897546 0  3.558818851471945 1.371115044137807 0  3.594653945873056 1.3 0  7.766908832422444 1.22747719405605 0  7.684556108562715 1.285310176926359 0  7.683184430529573 1.158397576439341 0  5.4375 0 0  5.945447327803404 1.294891034022321 0  1.949986999367362 0.6077297782244869 0  3.000803771128543 0.3075016179579065 0  3.075125780599016 0.3745490106302037 0  3.113787102406215 0.2611461008752404 0  0.4923703186251098 0.2033937374297461 0  0.4129121469330348 0.210031143432099 0  0.3777886680284024 0.06636487255463952 0  2.219662364570396 0.6156944948195435 0  2.160681108044922 0.5803494695478667 0  2.997358696697675 0.1014586090131237 0  6.834465105858239 1.398843100362269 0  6.919157519327302 1.366664339130979 0  6.954292604043067 1.455557434786073 0  5.817548572964771 0.2388512744946157 0  2.712737043247714 2.204887605476104 0  3.543107076778218 1.027575787826307 0  1.014859224492669 0.2366918255475723 0  0.9508398415382688 0.3504336755055348 0  0.9254345208325758 0.2589806507536292 0  2.766150709308351 2.334419439643344 0  2.853332316516523 2.323461873369256 0  2.844892835450276 2.225147448244075 0  1.822277953704395 1.647942206561666 0  1.888874460003041 1.760126522583187 0  6.091673204037398 2.443886371181073 0  6.160587194453509 2.380702890803423 0  6.324005595886719 1.815661520113435 0  6.63013727572512 2.051361099515592 0  2.8125 3 0  1.95912125139365 0.8455638878347754 0  6.99698550426864 2.93334084729105 0  6.980252980623876 2.813301211254858 0  1.549638740022303 1.700144168979136 0  1.490189863328664 1.672409121105895 0  7.320080306507408 0.6124926755464661 0  7.240995845607813 0.6843882370599284 0  7.186633969321991 0.5909254285400831 0  7.227899485123227 2.342182632398461 0  7.291770038723314 0.3537280839224327 0  1.657821511983138 2.747641056427002 0  7.677242016550108 1.028577834589374 0  7.549336500947162 1.047527295298246 0  7.661010859403196 0.9002990268287592 0  7.624483188013039 1.113609611985055 0  7.60673605598825 0.9750982413365078 0  2.011837817929209 1.339495378809926 0  6.477952216801372 2.487235283303093 0  6.447538735828537 2.612311294686088 0  5.34375 2.943127452268313 0  6.603090045629594 0.5852714550127028 0  1.035924614995437 1.626091450884946 0  1.189533610715864 1.483392341856856 0  1.276718803121007 0.06007740679948469 0  4.219653945873056 1.3 0  3.9375 3 0  4.623890219472332 2.775946638213314 0  3.193815982425706 0.530636447417195 0  1.186562434195424 1.612710768755631 0  1.364857130474681 1.646215100417137 0  5.201143906378931 0.3912617973309665 0  1.711112291336586 1.213090227070445 0  1.799614958924912 2.038503179794027 0  2.812410110594348 1.648818945853972 0  2.599178199689162 1.598473709978877 0  0.9810435772945387 1.390160521190818 0  1.190009222981733 0.2280917360427422 0  0.9537297341689521 0.8940726298584074 0  3.67718445367684 0.8927404904402166 0  2.289801179998241 1.661245703216138 0  2.634689900517758 2.850635391834141 0  4.16482232523837 1.028839019181313 0  3.514851671703005 0.3654547079215649 0  0.8801458847142565 2.108584143094695 0  1.628368367926349 1.683351456492766 0  1.891365680421216 2.912399027112919 0  2.03232054225542 0.4006155265388753 0  6.149072176316349 0.3190447708702462 0  5.51446459220443 2.305178857107114 0  3.300412978658797 2.860225964508785 0  5.641825116744043 0.6116135186030504 0  5.0625 3 0  5.8125 3 0  2.936084520685399 0.8202233317223684 0  0.7986788255733728 1.488264302035383 0  7.931607481440309 1.228809912263848 0  3.115363810983334 0.6293150012482842 0  2.197591473908707 2.664865444369287 0  1.095220805256571 1.555528327149494 0  4.546773636565828 2.65404697609804 0  3.509934955640615 1.892965036618157 0  3.512172780980885 1.811264078951608 0  3.403791457620513 1.901055861199272 0  2.198722528046671 1.651763016157448 0  5.313841633690655 2.764684206863354 0  2.537755250712287 2.085015886824643 0  4.405346054126944 1.7 0  1.501652399281985 2.224579433031125 0  2.061648151718476 0.2703978385174443 0  2.189110358391457 0.2844526979773802 0  7.626492743273866 1.364357453286505 0  4.408073853318246 0.17706579251404 0  6.368088179180589 2.334953065297978 0  6.288953742726474 2.393295439896726 0  6.351976332204382 2.461630481252093 0  7.606326272284755 2.826117713539436 0  6.009823968750773 1.736392793683791 0  1.403640713284898 2.138988146879699 0  2.34622543697668 0.5285503859677387 0  7.940989798388942 0.530411082833775 0  2.013414368667543 0.1922045143226427 0  1.973173454851781 0.06349784606412542 0  2.060755606151194 0.1442406749032594 0  5.250352520793282 2.140068741715748 0  7.841322898734237 1.817595657374078 0  3.543290125441076 0.06760456488513908 0  5.418716675821758 2.374383785935364 0  6.050259064486953 1.808430010768782 0  1.472792667779765 0.7857800516137761 0  2.751302767274473 0.06411400112758937 0  0.6057537226822115 0.3969716232053211 0  3.411914404062659 0.6103979837307096 0  3.82512876122643 2.616486637118116 0  3.956809187417704 2.619008119965186 0  3.644443486109414 2.585900006837245 0  4.109734895548357 2.355939640651324 0  5.76128035105025 2.094927653752497 0  6.604476491698674 0.8885256620076111 0  0.2531287524416423 0.1065623271001635 0  5.379519091133614 2.649673383102159 0  3.01067254259263 2.773697648483286 0  1.090671591803642 2.435602800329701 0  0.647519654119306 1.012463972142769 0  5.337200497937772 0.4257101988905151 0  4.953605544973266 2.186874501980598 0  7.753752328205595 1.356173669659106 0  3.930058654837264 2.436105628408368 0  3.948200796037674 2.30554125201813 0  5.754483863765898 0.2195955924486901 0  7.04048637737792 0.9978128894598384 0  4.621918076315819 2.847031579688415 0  1.690949698158609 1.50486430122134 0  1.4375 0 0  0.8010405283567616 2.414883482462999 0  6.987160484617355 1.55089777258796 0  5.082421030896938 2.524960931355845 0  1.0625 0 0  5.513504817447654 0.3814893665185211 0  5.138656446327159 2.670007909454411 0  5.802634310513443 0.8578999256641463 0  5.977972425849608 1.408370682549848 0  3.004899781217539 0.4704436102755506 0  5.237567603249227 0.4471732935863635 0  3.066218999390011 2.336975235025683 0  2.955121847854936 2.298231513363375 0  1.932721517676181 2.444517795263028 0  6.818534504307003 1.794354630487095 0  2.684909651704394 1.795437921732921 0  2.633633118756302 1.710543721581976 0  2.761478590071754 1.73993621202297 0  2.601889916284908 0.8930723802397011 0  4.875853554302572 1.063440742687022 0  1.312628205695239 0.1756305954824664 0  1.373044445292313 0.1495953355246315 0  7.39628096643814 0.2168361372202738 0  1.449808040900102 0.5751504476444491 0  5.216480510881189 0.05588802028384287 0  3.123831820723833 2.935337131639564 0  1.653599897843452 1.15245155690423 0  2.317373699081213 2.286223137346886 0  4.251502811290488 0.5729034883283033 0  0.2636428033322075 0.8419357803503814 0  2.438516794732651 2.249206880268496 0  6.38946305655293 2.208135598280571 0  6.68196487978275 0.7864641117473232 0  4.83007410175462 0.2652161775357703 0  4.129090469671841 2.933328873580197 0  2.248378563511473 0.09306211475973258 0  7.453419657133084 0.1262344803139593 0  2.021468332246934 0.7587362219040908 0  7.222962687665136 1.577341077316007 0  6.692807401482329 1.114259582906228 0  2.106757109800277 0.477162267357344 0  2.050298682184061 0.5765319084975257 0  2.224492980171064 1.549438840477029 0  7.383697272612094 0.6117640027845587 0  6.836804100475569 2.251689268645938 0  6.958367656667115 2.126621778896132 0  3.512820414287165 0.4372736418138013 0  0.5887484882962228 2.642785810817831 0  2.941161376541933 0.7203432792654264 0  2.926927217604513 0.6077361947625534 0  2.858848132300317 0.7280209185280646 0  2.830839821750944 0.6733624102681224 0  0.7496826918251949 2.528980460207029 0  3.305379017060992 0.9477824050976674 0  0.401453720976953 1.242102493863054 0  3.615638111967119 1.546482934828947 0  5.333642796739899 0.2372389827287874 0  2.719653945873056 1.1 0  2.768423079353903 1.037958017743372 0  3.257197309824544 1.040755513472517 0  7.251307334893097 0.06380278603886945 0  7.661363454375063 2.941877037206698 0  4.676997060215635 1.572178873893346 0  6.444053279036087 2.287460372501188 0  6.51024217753565 2.232282284751938 0  6.493607249734263 2.361735738050499 0  5.997442381553911 0.065118370794518 0  2.375594815248355 0.07489026306331135 0  5.530346054126944 1.7 0  5.008461895637363 0.9001327282759519 0  2.066295882728485 1.311863895102833 0  2.5625 3 0  3.222033793556622 2.16919914030463 0  7.314903937570069 2.721565794383573 0  2.522658205793113 1.871428683997615 0  7.374985709434473 2.936662629459361 0  2.21209216829618 2.789212121412179 0  0.05064377686693838 0.1317566080434922 0  6.928108921885106 1.751557248910583 0  6.616263047693058 1.818447994545612 0  0.1763142413430201 2.699931411002466 0  3.363241015559479 2.547765181042698 0  1.976404254402162 0.4314639788246796 0  1.479994170897289 0.9050943255211308 0  5.17673963876665 0.5168103907209255 0  6.307307772868574 0.3389061794443933 0  0.4949879984764134 2.416663606022897 0  2.124304441300593 0.06566490481811173 0  7.456773352950047 1.684639138479443 0  2.4742355541161 0.269535619239237 0  1.651248319774276 0.2232336919841959 0  3.839431812445622 0.7706775080501046 0  6.9375 3 0  4.722751058271228 2.212502981403933 0  6.087458081011881 1.945693352234506 0  2.912122347567189 1.034420558820353 0  3.40625 0.05586997435489546 0  3.484339578871423 0.2248002032641718 0  0.830887106921719 1.071708578644708 0  6.430620568196381 1.241569064851282 0  2.223329743062737 2.307886161931438 0  1.813035147010566 2.757444388832638 0  1.728292764989234 2.83285390727811 0  1.85356198487376 2.830089362842601 0  6.219182972821284 2.460350169131516 0  3.86517234390462 0.06852669497971041 0  3.8125 0 0  0.7519120178309999 2.128314659056082 0  3.031502730964433 0.1563039563704744 0  7.864861451682964 0.9125689468749393 0  8 0.890625 0  7.933490950113292 0.9198894624315725 0  3.006944415816413 2.837253694551581 0  2.96875 2.944004772197958 0  3.166097870710769 0.811392492591033 0  3.146580069911628 0.7208477418220258 0  3.06063469480957 0.7530441388880411 0  7.12719625999202 2.90977739501094 0  6.234809390455991 0.2509623132263813 0  0.8125 0 0  4.45927045621093 2.226617843610645 0  4.790827381128156 0.9644923291882038 0  4.780399270587633 0.3040509596994536 0  5.542973207455137 1.056555928157938 0  6.970965582867981 1.172459782894578 0  0.06240608581288749 1.799224283060558 0  3.1875 0 0  7.761956805529893 2.290942849578602 0  6.482880399721139 1.175254742735886 0  6.558463628701379 1.261627406184457 0  1.361604941653471 0.2931127061499493 0  1.286024981298619 0.8031222204159773 0  1.217661911395922 0.9777375460102125 0  2.875434567739161 0.0818291724680848 0  4.624349980844704 0.06314769792787087 0  2.6875 3 0  0.4374761025041227 1.85674950905537 0  0.5017976876961807 1.866455286386554 0  0.5191344522095793 1.930323245552644 0  2.434308972450024 2.126051717892907 0  6.432176918452521 1.117072882125073 0  0.2328095849605869 0.7228890009578043 0  4.280346054126944 1.7 0  2.024274591593556 0.6902755323361975 0  4.454991359781607 1.997643247318073 0  0.3268636028530527 0.2010629132037888 0  0.2424515504553203 0.2655000040567503 0  3.678788658942352 1.458159230428008 0  5.975354658476368 2.366084221192911 0  2.124004985255773 2.706701727835419 0  3.474283988838939 1.547598337061632 0  4.808697179002965 2.693091561439732 0  1.499012513866515 2.886043944700362 0  1.372776231534971 2.194365857895466 0  4.184367602554988 0.761585200562472 0  4.277839387998236 0.696303809334337 0  1.01454171108976 2.517021526849042 0  0.9054313812690777 2.540366311119171 0  0.9043684289251621 2.456189324631421 0  3.684261599018962 2.257562604248092 0  3.723965329997065 2.160236428638924 0  7.86849031233313 0.2108547401885271 0  7.062400376467108 0.1252993165186733 0  6.999900206114703 0.06259979376018793 0  6.937384340264867 0.1299952554217992 0  8 1.828125 0  5.640508054020437 2.588367414049442 0  6.701536675264207 0.878679693392833 0  6.249478861545277 0.08625912451459598 0  3.465151678896374 0.686814032731151 0  2.880463658745337 2.596824779208021 0  5.405346054126944 1.9 0  2.740949589939015 1.576000301063587 0  2.791263107710459 1.487549027138023 0  2.8639440476457 1.549425948151366 0  6.125109060148775 0.0671974233184289 0  7.169415313147263 2.574792197436539 0  7.089382815413427 2.793062778443224 0  3.602241203690056 2.202618151998907 0  2.982308043277079 1.425751652529552 0  2.912455805724385 1.362524603196762 0  3.12046049031238 1.552223361545527 0  3.050894429777856 1.488989273784751 0  2.991424791498568 1.550781518743872 0  5.6875 3 0  1.18202361384036 2.715095962208454 0  2.684149000088016 2.422513263347097 0  2.923427612848295 1.487568631244571 0  7.125000071843339 0.06250038903264879 0  6.3125 3 0  4.8125 3 0  4.4375 3 0  3.719653945873056 1.1 0  3.719653945873056 1.3 0  0.9375 3 0  3.969653945873056 1.1 0  2.4375 3 0  5.9375 3 0  5.030346054126944 1.7 0  5.155346054126944 1.9 0  6.6875 3 0  5.280346054126944 1.7 0  2.1875 3 0  3.1875 3 0  3.969653945873056 1.3 0  4.4375 0 0  3.219653945873056 1.3 0  0.0625 0 0  0.1875 3 0  3.844653945873056 1.1 0  5.6875 0 0  5.030346054126944 1.9 0  6.9375 0 0  2.787007259960359 1.362500000138696 0  2.844653945873056 1.3 0  2.719653945873056 1.3 0  7.0625 0 0  7.1875 0 0  6.6875 0 0  4.219653945873056 1.1 0  7.4375 0 0  6.8125 3 0  7.3125 3 0  4.6875 0 0  0.5625 0 0  2.6875 0 0  0.8125 3 0  5.530346054126944 1.9 0  7.1875 3 0  2.0625 0 0  2.1875 0 0  2.469653945873056 1.3 0  4.3125 3 0  2.3125 0 0  6.4375 3 0  7.8125 0 0  1.8125 0 0  5.4375 3 0  0.6875 3 0  6.0625 0 0  3.3125 0 0  4.905346054126944 1.7 0  6.1875 0 0  3.094653945873056 1.1 0  6.8125 0 0  4.030346054126944 1.7 0  0.5625 3 0  7.4375 3 0  3.905346054126944 1.9 0  3.594653945873056 1.1 0  3.469653945873056 1.1 0  2.9375 0 0  3.4375 3 0  3.3125 3 0  0.6875 0 0  3.780346054126944 1.7 0  3.905346054126944 1.7 0  7.5625 3 0  4.155346054126944 1.9 0  4.094653945873056 1.1 0  4.405346054126944 1.9 0  7.8125 3 0  3.655346054126944 1.7 0  6.5625 0 0  4.5625 0 0  7.3125 0 0  4.9375 3 0  0.4375 0 0  0.3125 0 0  5.5625 3 0  1.9375 0 0  1.8125 3 0  3.0625 3 0  7.0625 3 0  2.8125 0 0  4.655346054126944 1.7 0  4.780346054126944 1.9 0  4.6875 3 0  4.0625 3 0  1.3125 0 0  1.1875 3 0  4.1875 0 0  4.530346054126944 1.9 0  4.655346054126944 1.9 0  4.3125 0 0  4.1875 3 0  6.3125 0 0  6.1875 3 0  3.9375 0 0  3.8125 3 0  5.8125 0 0  5.9375 0 0  5.0625 0 0  4.094653945873056 1.3 0  4.530346054126944 1.7 0  2.844653945873056 1.1 0  2.4375 0 0  2.3125 3 0  3.0625 0 0  1.1875 0 0  1.5625 0 0  1.4375 3 0  2.469653945873056 1.1 0  0.9375 0 0  0.1875 0 0  1.6875 0 0  1.5625 3 0  1.9375 3 0  0.4375 3 0  7.9375 3 0  3.5625 3 0  4.9375 0 0  5.1875 0 0  3.888851631474252 2.326782410353451 0  1.275839211117543 1.204606972061387 0  2.368808391835522 0.958052484188338 0  2.244716080800447 2.735948180580241 0  7.251551274158966 0.4812322815139711 0  1.588353883309517 0.3372742421346454 0  0.05797874613895012 0.2116139799196821 0  0.4822502032916749 2.93903396457739 0  4.388104709598632 0.3920637264697603 0  7.186226212264577 2.871644356091771 0  7.235029782495734 2.809076091546096 0  7.312623678589656 2.871298386220655 0  1.322734362188213 1.460851407122906 0  1.108120779586843 1.682772837350493 0  2.199553652985106 2.485326602907965 0  0.5629482213311627 1.359652442495309 0  1.254074900403978 0.3351097507254687 0  4.749241012621986 1.229205068241998 0  4.684857884344341 1.305754202556419 0  0.8437279791227036 0.7319440047822772 0  0.8927574101937877 0.6507455181341718 0  0.9263227004708416 0.7703320623694694 0  5.758653518019287 0.6455447963458054 0  7.374643423610484 0.06286486902628396 0  7.141615536523995 1.013312435723442 0  3.565543496196794 0.1853092850943304 0  1.71875 0.05457953369136481 0  1.036376720339981 1.499423152280847 0  3.305829233015308 0.5548349999743142 0  1.861332418012489 2.328849627454249 0  7.292115323940546 1.209663442865831 0  6.726091030625403 0.3316120904043634 0  6.97615348960607 0.7422025024210238 0  1.38168804710745 1.815164736633128 0  6.092750716973744 1.402609333324485 0  7.473159977470223 1.775738444501924 0  2.576321450840319 2.436282463081784 0  7.427992687484863 1.187222240550022 0  5.469419608459868 1.05792513500165 0  1.40266979820669 1.695589464018215 0  2.854281651173765 1.42467301685149 0  1.966628452414636 1.860325651308977 0  2.156016042210168 0.8841419422334329 0  3.067596607590025 1.746507737134644 0  3.04322532188547 1.805274122894849 0  4.236355519569953 2.679814522569777 0  4.248424869431957 2.793755467610508 0  0.8169214754768006 0.5970243814707565 0  0.9384940757168549 2.87437614865491 0  0.05090663055855699 1.16066279606754 0  7.249580531427654 2.933561242287843 0  0.8128784627347676 2.872096037526932 0  0.6891374123336101 2.859966786156827 0  5.90662947308525 0.1445297883657179 0  6.308184680673017 1.109034669283815 0  6.92634055730749 2.643531559310196 0  1.862143415810269 0.844220738532218 0  7.193589656010128 2.720830955706615 0  3.436023856157774 1.435801233913363 0  5.29498275817944 0.5760669422073496 0  1.773670140240336 1.781178588733932 0  1.745710054045956 2.405747687488813 0  6.670114903517499 2.54767936701093 0  4.562986023763204 1.358645285869342 0  7.640259248950509 1.239680048980761 0  5.68394695438177 1.698686171756373 0  3.677686268196986 0.684391836488386 0  3.802192863698634 0.6872055465457286 0  3.933514929813806 1.959508249919131 0  0.5085174935506449 0.7929579102362208 0  5.848403946623162 2.680512843133848 0  6.096375397859115 0.8583944261563902 0  7.85112810425909 2.298977974904313 0  4.20955637420384 2.555928170994709 0  6.763500326366914 1.99172443491828 0  0.2364738609379568 2.591013567858698 0  6.77604936563502 1.308427195666442 0  3.41894406312975 2.421806886940796 0  7.435241814503208 1.311099729712439 0  5.34383858418619 0.05489559950221316 0  0.1288196963686079 1.671954738083138 0  0.4994097798814368 0.46210685219478 0  2.897982954039516 2.853282272437277 0  1.70332141682345 0.6091207043573095 0  3.676446512088558 0.5531530364216686 0  5.065664440438375 2.003364665665474 0  0.1601018147187143 1.094113686091365 0  5.513994542243008 1.522123739298196 0  5.576961330879854 1.540218549569435 0  5.472549540388126 1.565433197679013 0  5.558511141087083 1.645340877330447 0  1.671261570176379 1.324542377127672 0  4.15724934679626 2.588807220343779 0  2.550236928292575 0.9640003306552011 0  7.560650733616653 2.108894609151042 0  2.942958737263341 2.597208169655952 0  0.7491779904689375 2.929310067306754 0  7.383597064920461 2.074321172320038 0  7.132368971591932 1.130667918218147 0  4.136377260336704 0.3339975049026015 0  3.437077397311296 2.857135738305842 0  3.401583467905458 2.105776122425345 0  4.714123286911517 0.8122982401050837 0  6.801240588567738 2.342395453899347 0  2.872465708866803 1.675283592148008 0  0.04725356072782753 0.328125 0  6.80399680883741 1.048337135277337 0  1.695086691273008 1.856493855529193 0  1.765003290678469 1.917773949920066 0  1.653310733645022 1.954588401585632 0  7.939667739108589 0.6714738820715981 0  7.93956932867041 0.7350152510356747 0  3.793507794844253 0.9290051640714927 0  3.00086389371769 2.681203191685107 0  5.912875800680804 0.4022375050495096 0  5.846597807857977 0.4611221149390466 0  0.21875 0.05303507781980444 0  0.1464008985127461 0.05883849009200724 0  0.20547777430286 0.1676234078980351 0  7.219827923698295 0.2946195540196049 0  4.482960775692112 2.458495695341601 0  6.457191672349753 0.309065437079512 0  1.680720713143905 0.8591944308186995 0  2.137542096898252 0.227064960207614 0  7.029439190229666 2.401885606855793 0  4.722563401856364 0.6906295900580529 0  4.689121036312 0.6327755126135185 0  6.302636803916421 1.879596657001911 0  3.000359598833454 1.677025911348059 0  2.936855553628358 1.611529747960706 0  7.144654766816033 1.841558374769062 0  1.557470207881702 2.831931271226991 0  1.53125 2.947047042107851 0  1.885902421514406 1.834091494125362 0  7.490655925079081 2.859428299020039 0  4.990348995017405 0.8194116615650772 0  3.305450354074516 2.024433029585019 0  6.580581113395486 2.624284459461449 0  1.972256263846343 1.215879177212014 0  4.43136128927436 2.121876406079533 0  4.396342255824176 2.246222580785303 0  5.056310976491717 1.540524736606354 0  0.5807941343283283 0.573626739799842 0  4.107805500210978 1.529755819283715 0  6.139968833887284 2.779054994019552 0  0.5394473592342546 1.458091579528001 0  4.51843553073124 2.294238661473344 0  5.697490333237548 1.45391791354012 0  3.2275516278519 2.781259448206904 0  5.046043683680002 1.29959460536841 0  4.748878171958935 0.06140395603678998 0  4.815721299245054 0.126864734576359 0  1.700095367074694 2.626404672833939 0  0.8837609222782027 0.8495464912607725 0  6.683174237737543 2.180863477261156 0  0.7039238855577974 1.844550758328343 0  7.418286813717716 0.5328765107052753 0  7.531221934492165 0.482342811938016 0  7.834696454868212 1.558660236788785 0  4.480904781486867 1.172396927636159 0  2.63427619097605 0.7421829317688456 0  5.262580621148234 0.3210580146338599 0  3.514711451286205 2.041086683608732 0  1.263765537206406 2.818011230212872 0  4.255015154149905 2.907537446185015 0  3.857885484186996 2.152941802923388 0  7.37100594182667 0.7370162087558769 0  7.519691706149788 0.1920724910555 0  6.452218583109022 0.05986577686376719 0  0.1601787902723956 1.520093001955042 0  2.412523667805136 1.615879613717509 0  2.120383100009733 1.342239255739977 0  6.006307132065364 0.8016851267740432 0  4.870977155527217 1.191617755195808 0  2.593689819117647 2.944846956457449 0  2.888076572645841 2.001309743253829 0  7.397418792142903 1.541719097151859 0  7.481523984201095 1.580539332017085 0  7.519286187985265 1.503350051923624 0  4.723497651193137 0.5823325941478273 0  0.6552823576893121 1.180298895300119 0  7.854459727335647 0.4980362974684525 0  1.756503706460169 1.321125856088189 0  4.524729045918463 0.1259549618919277 0  7.816656979096966 0.2701013167644557 0  2.438031402561216 1.92029971779738 0  0.5707815275347758 2.46914378274655 0  0.4519806946713905 2.496646768351637 0  1.997534438802972 1.972207514695658 0  3.254377132904783 1.740605958966716 0  3.635655104081736 1.965987138682249 0  4.761619138187702 0.1842645397947876 0  6.141403487853526 1.598922365374259 0  7.131427267318894 2.331664876233912 0  1.239791151020647 1.993567686095432 0  2.447005685887367 1.801989694873296 0  2.530121426189064 1.751622232186301 0  0.906676192270736 1.55760426241057 0  4.110836097539682 2.138955463814292 0  7.077991089807385 1.199667786888367 0  6.449191895013953 1.760688179673819 0  7.70377459005414 2.861497865319343 0  5.09375 2.947756942197726 0  5.858280855538271 2.353290429156085 0  5.64486945931575 1.34740263473477 0  5.636173407313941 1.25195846744776 0  5.735387484584361 1.276754599343736 0  4.338826724084911 0.6986255643740766 0  7.345986563743242 1.576244240834108 0  7.15005428887336 2.677136599408985 0  0.4928055109191637 2.812163693966186 0  5.55349468877185 2.214414912089067 0  5.463830628882317 2.155164712521006 0  7.264412687365805 2.687433517771537 0  4.644673372221639 0.2099834480954433 0  1.040797601673782 1.376227281838906 0  1.332315158528039 0.62833616240003 0  1.275311791996804 2.148516864229873 0  1.226655735530422 2.188361075039564 0  0.628764949591037 1.547729773245277 0  0.5271213231802728 1.518251214963096 0  6.735594543956755 2.764649795989945 0  2.234914244987654 0.7153767642593259 0  0.5006735550114499 0.06189873801718794 0  0.9269868795350805 1.226061118517652 0  1.677357592882603 0.4251351533935727 0  6.513668665140462 2.690972951834739 0  0.4276208674739284 2.867176251640196 0  1.45538132687055 0.3442997606404415 0  4.573179890261542 1.639018936801008 0  2.062910364670816 2.936716677365115 0  0.2956509599614821 1.780844371856007 0  4.233483238704571 1.549283247537678 0  1.957640648398862 0.9503972924231835 0  3.895823693399633 0.1726064843387024 0  3.975444496983758 0.1465749454083805 0  5.987138226409388 0.7432397873279192 0  2.6712581248467 0.4117145224101176 0  2.672219246218436 0.3103026378166483 0  2.74919304709091 0.4072974234849244 0  2.76992563746157 0.3481061259929349 0  1.965993349127206 0.7848991927568385 0  5.282088530417063 2.946267871950623 0  5.711255848004809 0.3045754950979344 0  0.6819936621258004 2.633889572715699 0  6.856005007590944 0.7071155080277931 0  7.823795619119671 0.5821549506288093 0  0.202348560974995 1.037062931727906 0  0.3509599592625898 2.438799084827493 0  3.547853983666422 2.154942222876898 0  6.312808752589619 0.5437533246619719 0  7.133569267216088 0.5335125146116695 0  7.134740871840091 0.4717229822398937 0  2.825679740542188 0.2444656072239824 0  2.875835627042657 0.3250839140927617 0  1.376837652490012 2.440641870325775 0  1.311057014328597 2.428659939236097 0  1.393568097009044 0.4950648308236424 0  6.261506119028573 1.189493536695905 0  7.150954008620516 1.650587330686367 0  7.258412519543628 2.625242861186488 0  0.1626398077413567 0.6188318935992654 0  0.1518146746732324 0.6802212796417816 0  0.05964403651899421 0.5829916026762718 0  7.348409069157947 0.9368872269686388 0  0.9897847319278612 0.134262923395069 0  0.90625 0.05170826141439355 0  0.8189365155565025 0.1610245608343259 0  6.438260971088147 0.1599586041930215 0  1.229270058323423 0.9179624145612193 0  4.640174314150292 2.288787540498874 0  2.521957389284168 2.322908475697375 0  1.956045760507511 0.5028282940135512 0  7.820340959679426 2.81775913232992 0  1.01271258714653 2.662768953811619 0  1.624229663141346 2.662601174565937 0  0.2457574123726868 0.6034117372064935 0  0.2744713633294024 0.6593857730481509 0  5.632934451588573 1.125330172670135 0  5.665567201406225 1.058113001734225 0  3.612462412470572 2.364810000370055 0  7.453143056201301 0.9568025007041778 0  2.622532701541354 0.1490045365339916 0  2.671093012381951 0.2275403980259883 0  2.737578118599698 0.1888459250413624 0  1.411482160578896 0.2590431781320064 0  0.8759943858703465 1.68192518907332 0  6.202731373428665 0.9628208439638763 0  4.693918462304333 0.1234535058313723 0  3.06286660949876 1.620805327535193 0  3.948541808829094 1.046114316945973 0  4.058364686164459 1.955332628926245 0  0.4773573243717817 1.976337713585471 0  6.736442897951101 2.450619557809941 0  4.753054184793069 0.4132046297458067 0  4.793873798774496 0.368769980075376 0  7.389111501378926 1.78890513330572 0  1.588721652609241 1.80618337835587 0  1.546005280285866 1.762016348614716 0  1.660558194831932 1.767796068243717 0  5.982611713194133 1.68305580861164 0  7.944475107534116 1.8046875 0  6.263581981347913 1.068042170892101 0  6.236776450584012 1.735150288483424 0  3.685338734500288 2.774828789951573 0  3.085320247209344 0.913140178668061 0  8 2.296875 0  7.938354214993012 2.324695051021944 0  5.246332369015177 1.64770299491593 0  6.710635465609152 2.274191539250856 0  4.210395474951099 2.297423727790796 0  0.2466400867237653 1.632005784401554 0  1.962473731860924 2.659975789744945 0  2.014090322970293 2.730828688634177 0  1.892723263213285 2.713644392674847 0  2.673457782465821 0.9643050829307075 0  7.495204410546625 1.246772014963759 0  6.414281278307143 2.153241231094285 0  5.458079708468345 1.180212227016545 0  0.3755727518241102 0.4606556991321296 0  7.550852596167486 1.877912290217185 0  4.638848184345554 1.039324841035566 0  6.775146742851509 0.6968007004960028 0  0.4380335880598594 2.231990046706032 0  7.556823418320025 1.424653465472178 0  7.560234529922607 1.303371740578704 0  7.50186557771947 1.366788587110559 0  0.5677769535031232 2.70253789093618 0  7.542114309567791 1.980766623504689 0  2.366703096154309 1.271921803032226 0  2.366703096154309 1.128078196967774 0  2.386928521013683 1.121506558066285 0  2.386928521013683 1.278493441933715 0  2.368224630067534 1.31431819761736 0  2.371274457970508 1.095452031526015 0  </DataArray>
</Points>
<Cells>
<DataArray  type="UInt32"  Name="connectivity"  format="ascii">351 1943 3816  9 2351 3273  1310 2240 3302  1413 2386 2665  915 2008 2760  14 15 16  49 1290 3713  876 1345 1545  183 1367 3517  1221 3476 3477  12 19 20  699 2585 2586  255 3298 4019  1787 2717 3230  873 1169 1734  1369 2423 3835  1002 1690 3462  582 1446 2944  734 1970 3031  156 2888 3461  156 2011 3868  610 1864 4141  157 1961 3334  1571 1987 3198  83 3198 3545  611 2118 2206  755 1877 2579  687 2195 3581  418 1560 2560  906 1170 3348  1328 3591 3757  913 1497 2052  1528 1969 2335  1160 3673 4118  383 2632 3279  353 2353 2607  1136 4204 4205  1475 1653 4194  163 1978 3199  1597 2172 2638  127 2781 3462  540 1744 3412  436 3082 3122  410 1404 2782  670 2275 2344  280 1739 1908  551 2087 2476  1206 2946 3406  171 2786 3490  565 3492 4292  617 4245 4322  56 1537 4037  441 1527 2899  439 1585 2261  618 1675 2146  422 1584 3115  1448 2317 2704  107 2507 3503  205 1357 2005  993 1656 3150  592 1844 4099  155 1418 2684  1149 1325 2778  1012 1357 2005  701 2584 2587  841 2597 2943  1264 2141 2671  955 1771 3285  1100 1767 3801  1170 2101 3348  4 1170 2686  158 1979 2921  419 1438 3776  1847 3842 4207  1381 3842 4207  1639 2028 3512  1870 3386 4274  1870 3196 3386  1259 2229 2679  432 1572 3695  672 1572 1956  267 2920 2951  486 3380 3738  1330 2502 3009  1137 1552 3853  457 1641 2999  346 3388 4212  439 1530 2261  241 2112 3013  1448 3228 3250  196 2055 3313  186 3290 3759  397 1670 3640  352 1237 1335  405 1305 1651  94 2417 2714  661 2424 2706  680 2603 2604  717 1818 2471  677 2596 3184  244 2059 2695  633 1632 1633  641 2367 2368  919 2272 2482  528 1633 1634  670 2333 2345  1191 2297 2876  101 1437 4177  930 1713 3344  600 2019 3343  2950 3008 3777  548 2653 4265  709 1600 3514  640 2176 3155  496 1701 3459  189 1256 1602  1018 2615 3086  218 1642 2536  896 1366 3253  1770 2030 3502  580 1480 2994  945 1787 2890  651 1948 4175  625 2391 4088  337 1671 4087  530 1172 2748  976 1636 3299  1337 2641 2997  332 1315 2183  334 2457 3873  401 3566 3699  422 2213 4059  1594 2439 3071  378 1699 3505  162 1404 1967  925 3395 4192  320 2629 3766  1009 2352 2683  1884 3647 3750  987 1210 1894  442 1380 2284  443 2673 3575  1518 2841 3546  239 1194 2082  922 1944 2793  969 3556 3557  127 2864 2873  1758 3068 3568  945 2234 3445  1306 2484 4269  465 2484 3818  894 2351 2729  1554 3614 3638  705 1568 2941  594 1516 2054  1173 2359 3727  898 2026 2458  93 1562 3300  661 1540 2550  237 1721 3016  1144 3645 4324  508 2878 3796  317 2162 3767  1520 2100 3456  591 1733 2127  565 1753 1855  1128 2752 3799  1215 2752 3675  494 2453 4288  1368 2164 2608  261 1368 2608  1167 2527 4098  1645 2411 3105  147 2007 3838  321 2302 2893  742 1259 2302  92 1523 1940  807 2776 4070  1874 2055 3313  427 1648 2655  1401 1648 2655  857 1935 2441  55 1473 2698  737 1194 2713  866 3128 4119  610 1415 1416  545 1356 2011  1098 1875 4052  84 2909 3830  892 2194 2730  413 3419 3815  36 2084 4106  258 2117 2301  371 1514 2474  161 1321 2274  577 2110 2111  405 1306 2968  274 1666 1677  1090 3521 4037  821 1667 3288  821 2872 2878  483 1384 2829  1532 4098 4199  1218 2970 4093  276 1605 2930  756 1901 3511  330 1636 3315  330 1238 2045  1301 2265 3143  1560 2426 3688  1312 2786 3490  430 1402 1403  60 2483 2540  440 1601 2506  221 2388 3159  86 1244 2563  1892 2296 4249  1084 3473 4017  251 1350 2258  607 2844 3016  503 1663 2410  808 2075 4315  296 2014 3874  602 1950 2220  974 1299 2036  1586 2326 3131  652 1723 1778  6 1421 2070  230 1618 1918  1155 2228 3506  1776 3756 4135  871 1762 2505  1365 3720 3809  1168 2549 3699  749 1397 2813  803 1906 2880  651 1948 2408  217 1490 3249  1149 2342 4046  1008 3497 3668  550 1453 1844  191 1844 4099  360 1351 4234  780 2934 2935  206 2249 2659  1199 4253 4254  1968 2767 4282  1135 1643 4238  1134 1968 4282  86 1393 1489  439 1530 1531  865 1936 3096  2641 2997 4157  345 2787 2996  62 3995 4007  384 2425 2739  736 2054 2090  232 1624 2771  189 1325 1326  160 1842 2145  653 1506 2363  202 1455 2360  209 2395 2789  870 1673 2083  1837 1838 3480  993 1868 3150  791 1818 2471  173 1503 1695  13 1332 2498  734 2369 4172  1126 2603 2604  113 2431 2519  738 2174 3706  724 1448 3250  453 1934 3681  2239 2314 4243  1165 2260 4212  213 2043 2720  922 1391 2951  419 1429 1944  324 1461 3445  355 2168 2467  629 2317 2543  895 1960 3249  725 1945 2590  370 1903 4062  676 1902 1903  149 1442 1785  525 2313 4196  692 1308 2299  1015 2125 2645  426 1546 2858  644 2311 3025  1590 2468 3117  272 2240 3302  697 2210 2663  415 1493 2257  782 1624 2771  468 1625 1862  1088 2020 2165  1066 2586 3534  909 2764 2796  620 2293 2763  556 1564 1813  790 2191 2773  545 3003 3866  402 1454 2794  366 1776 2394  772 2124 2769  231 1524 2708  748 2027 3768  491 1625 1862  1284 3080 3082  800 1699 2982  982 2264 3419  752 1983 2559  2084 2361 4106  617 1835 2009  692 1291 1512  236 1858 2609  1721 2844 3016  98 2000 3014  108 2594 2907  386 1411 2095  458 2082 4072  1275 1742 2385  338 1413 2923  1609 2452 4214  852 2707 3158  578 2078 2666  471 1726 1727  616 1193 2318  633 2000 3741  1076 1469 3967  2089 3116 3585  388 3222 3450  91 1457 3032  862 3129 3130  785 1334 1576  868 1564 2983  1349 1350 3778  1266 1772 2405  711 1266 2403  177 1349 1422  151 1923 1929  886 1663 3298  581 2026 2124  257 2026 2458  769 1234 1685  387 1253 1399  1138 2168 2467  803 1189 1715  456 1368 3263  831 2665 2923  628 1878 1880  107 1452 1879  853 2827 2828  204 1296 3540  451 2558 3504  1187 3786 3815  265 1570 3395  520 1751 3451  419 1430 2128  87 1772 2405  1387 2594 4124  695 2435 3357  2265 3143 4311  715 2125 2645  220 2643 2645  524 1214 3319  691 1378 4133  513 1261 3138  215 1590 2468  132 1600 2525  967 3322 3593  342 1603 1604  647 1553 2977  1116 2616 3837  276 1605 3406  168 1478 2087  2077 2314 4243  1223 3476 3606  891 2400 2401  890 2454 2661  347 2131 3274  178 1769 2995  280 1908 2913  958 2155 3069  979 1519 2413  163 1401 1648  163 1401 1483  433 3456 4268  585 2056 3805  837 2166 3161  284 2278 2765  628 1878 1879  1630 3807 4146  1418 2684 3473  504 1864 4141  435 1873 3538  831 2120 2922  642 3720 3809  1003 1474 2097  872 1389 2824  973 2647 3394  908 1398 1930  854 2039 3295  811 2541 3093  996 2751 3346  294 2401 2402  940 1329 1737  1460 3439 3769  77 2016 3901  1024 2014 3874  774 2415 2430  1526 2196 3576  95 1534 1672  1508 2180 3685  39 1712 3626  1905 2288 3712  669 1405 2524  1039 1885 1886  1190 2710 3966  2134 3294 4113  1972 2652 4221  1096 2731 3577  199 2054 2090  1714 2737 3025  744 1807 1971  1073 1341 1386  838 3559 3683  868 2650 3059  717 2371 2470  146 2297 2876  518 2210 4281  115 2932 3316  590 1702 1703  370 1321 2099  300 1957 4050  319 2433 3226  122 2922 3573  53 2372 3262  500 1645 2411  321 1576 2801  112 1678 3301  131 2717 3230  850 1383 1556  1379 2171 2990  397 1375 2315  1164 1561 1784  549 2002 3127  1337 2996 2997  1122 1705 3077  959 1758 3568  935 3387 3418  976 2173 3299  650 2398 4244  509 2216 3773  827 1419 1636  731 2515 3763  332 2367 3716  135 2188 2755  295 1460 2355  1518 2841 4272  693 2468 3117  1580 3565 3566  212 2486 2736  1204 2592 3265  906 1170 2686  395 2200 2815  1671 4087 4088  625 2254 2902  1110 2021 2979  676 2021 2577  656 2217 2486  761 2637 2735  340 2547 3559  1386 2547 4053  175 2502 3009  646 1701 3459  662 2503 2925  1604 2878 3796  953 1900 2489  691 1378 2509  462 1458 2023  554 1191 2297  593 1337 2641  1165 2897 2899  1165 1527 2899  670 2345 2804  281 2413 4013  118 2449 3446  1215 2752 3002  125 3090 3344  695 2139 3357  1355 4255 4256  350 1224 1445  159 1447 1997  982 2490 3726  1392 2605 3261  117 2368 3046  209 1454 2518  560 1685 3036  799 2098 3678  1068 2053 4079  634 2168 2680  490 1206 2384  356 2389 3843  601 2190 3130  1161 3129 3130  1005 2459 3548  194 1304 2149  970 1736 3414  1264 2141 4125  1407 3078 4235  988 2032 3856  361 1510 3075  1117 1650 1911  1117 2718 4188  134 2151 2400  1380 3520 4122  803 1700 2880  393 2885 3291  1325 1602 2778  1559 1776 2394  735 1457 3032  826 1551 2007  367 2336 2780  890 2131 2133  49 1290 3152  144 1609 3019  584 2141 4125  590 1703 4055  1902 1903 4062  392 1303 2050  421 1545 3194  263 1295 3980  685 2191 2773  541 1589 1942  1064 1293 1783  167 1896 3803  486 3737 3738  240 3028 3571  426 1578 3119  378 2980 4255  1354 4255 4256  702 2668 2676  928 2552 3511  639 1594 2439  380 2439 3174  672 2571 2692  454 1332 2327  594 2054 2375  751 1185 1502  877 3279 3280  1112 3155 3515  640 3155 3515  725 3247 4046  674 1642 2826  122 2580 3573  2010 2487 3409  1400 3007 4022  1146 1717 2060  968 1618 3516  389 2681 3037  159 1178 1414  1007 2246 3719  727 2562 3368  432 1571 1987  1441 3290 3291  393 1362 2549  565 1753 3467  759 2400 2401  9 2351 2393  368 2204 4091  611 2205 4182  1082 2321 2548  705 2321 3560  448 1477 2181  551 1476 1477  583 2091 3173  846 2966 3812  1180 2934 2935  393 1362 1831  69 2880 3698  202 1455 2273  411 1415 1416  842 1681 3079  842 1567 2846  1739 1769 4224  280 1739 2374  1401 1483 3267  55 2769 4257  558 1894 2779  558 3633 4027  407 3297 4075  1517 1765 3361  408 1358 3033  1359 2738 4067  1116 1689 3742  17 2775 2977  162 1404 4314  1404 2782 4312  1084 2684 3473  621 2282 3473  1021 1495 3789  975 3044 4152  1126 1770 3502  413 1740 3827  1507 3160 3438  1460 3621 3769  1108 1999 3526  415 2811 3336  296 3870 4129  768 1836 2340  306 3992 4026  897 2124 2769  690 1515 2991  418 1679 3794  1479 2539 4123  90 2317 2704  420 1326 1327  201 1345 1545  421 1544 2931  45 1685 2685  667 1617 1912  1562 2481 4142  423 1392 3261  185 1365 1725  1615 1933 3507  952 1711 2523  709 2388 3159  1530 1850 4203  763 1401 2672  93 1562 2182  428 3551 3832  956 2501 3550  429 1607 4076  484 1746 3522  702 1749 4033  542 1232 1749  265 2545 3311  1368 2164 3263  671 1956 3695  1572 1956 3695  1092 1179 3053  1204 3265 3266  859 1672 2001  434 2365 3277  1085 1913 3570  121 2385 2834  847 1333 1741  436 1383 3113  864 1538 3148  1538 2153 3148  864 2218 3147  712 2218 2564  1369 1850 4203  440 1530 1850  12 1528 2898  606 1503 1695  12 19 2898  860 2897 2899  1221 1665 3478  1290 2064 2797  883 1565 3304  363 1229 2283  680 2369 2370  1177 3420 3421  579 2107 4316  739 1670 3156  1140 2293 2294  447 1536 1905  168 1313 3618  448 1363 1686  281 1895 4013  756 1478 2848  1052 1434 3831  450 1720 2956  1350 2258 3778  408 1358 2939  870 1673 2610  452 1349 1350  1008 1949 3667  365 1395 2806  625 1637 2902  207 1544 1924  2042 4217 4218  455 1605 4218  2164 2608 3213  2372 3262 3572  614 1231 2013  457 1641 2067  2039 3295 3814  972 1557 2201  460 1558 3314  813 1594 3071  461 1725 2451  316 2080 2197  619 1485 2023  952 2523 3236  103 1646 1899  1459 3382 4258  208 1303 1865  465 2961 3818  1095 1923 1929  891 2401 2402  466 1596 3005  1773 3177 3178  467 1614 1773  823 2305 3624  224 2027 3768  659 2522 2636  1577 1729 3141  1172 2367 2368  654 1472 1652  1257 2175 3764  1161 2387 4105  862 2226 3089  719 1910 3828  809 1766 3142  138 1603 2872  570 1185 1502  661 1316 2424  1799 3271 4307  681 1449 2576  827 1419 2963  1419 1636 3299  1470 2520 2521  1251 2447 2625  719 1937 2670  1315 1937 2670  235 2469 3449  688 1384 2829  713 2644 3537  484 1747 3558  485 2814 3749  486 2860 3737  1249 3735 3737  689 2592 2646  728 1520 2100  1829 2094 3820  613 1829 2094  489 1811 2491  806 1812 3872  490 2392 4256  120 1355 2622  468 1624 1862  782 1624 1862  492 2511 3363  748 2027 2511  574 1882 1883  574 1639 2028  871 1609 2310  1106 2453 4288  176 2032 3856  496 1680 1701  341 1406 3847  663 1217 2466  1330 2502 4198  1884 3750 3752  989 1849 3649  549 2004 3849  250 1843 2088  223 2663 4166  926 1645 3105  56 1537 1621  764 2244 2842  189 1325 1602  502 4073 4092  244 1632 2059  117 2303 2748  155 1694 2364  908 1398 2998  1119 1688 2681  1100 3802 3803  1432 2501 2831  1432 2501 3146  821 1666 1677  508 1691 2419  1125 2426 3460  509 1238 1854  510 1401 2672  1207 1748 2929  720 2708 3708  513 1309 1379  1163 2533 4014  753 1674 3471  829 2628 2753  936 1558 3314  515 1825 1826  408 1360 2096  1359 1619 2745  517 1175 2255  517 2359 3727  223 2195 2219  518 1915 3590  734 2369 2370  57 2029 2370  1751 2309 3451  970 1628 1777  521 1559 1776  404 2245 2955  43 1468 2065  523 1929 2566  510 2672 2929  524 1286 2805  271 2499 2675  336 1170 2101  602 1202 2266  526 1953 4123  1460 2355 3621  921 2161 3303  709 2388 2599  561 1721 2844  528 1632 1633  1465 3333 3629  237 1464 2654  51 1806 2620  1822 4261 4262  531 1443 1926  760 1443 1941  650 2396 3739  1125 2397 3739  1687 2573 4048  534 1885 1886  984 1507 3438  755 2815 2816  1117 1911 4041  546 1702 1703  590 3243 4055  1239 2425 2739  598 2338 3289  275 2008 2918  154 2160 3584  1114 2641 4157  325 3730 4156  485 1694 2504  541 1694 2504  1758 3067 4060  1198 1900 2489  517 1175 2359  1133 2919 2921  765 1311 2143  1318 2773 2887  310 1344 2444  1248 1436 1613  548 1436 1978  250 1843 2003  549 2002 3875  241 1762 2505  89 2390 2707  398 3493 3794  551 1477 2181  370 1321 4062  1821 1972 3529  553 1902 3004  553 1902 4062  554 1156 2037  767 1191 2876  315 2631 3103  841 2631 2943  1564 1813 2983  495 1813 2983  557 1641 2067  96 1641 4028  99 2069 2838  558 2779 3596  157 2398 2430  1098 4051 4096  45 1234 1685  560 1697 2034  654 1343 2347  561 1722 2823  562 1178 2478  562 2030 3502  219 1724 2137  1836 2340 4175  2289 2578 3426  1109 2289 3492  805 3062 3467  1154 3823 3824  1846 2854 3034  566 1847 3842  408 1359 2939  177 1358 2689  153 2537 4057  1093 4011 4050  794 2741 2742  683 1882 2061  1307 1791 2682  809 1307 3065  636 2231 2952  1136 1544 4206  783 2895 2896  646 1701 2138  607 1889 2300  607 1243 2300  1197 1847 4207  683 1882 2978  1003 1474 3401  575 1489 2086  847 1273 2818  410 1333 2945  331 2516 3836  577 2109 3620  751 1597 2667  751 1185 2666  274 3543 3589  963 3542 4064  934 3074 3166  797 2239 2314  231 2024 4228  1101 3027 4005  197 2119 2488  942 2495 3309  170 1287 1887  1615 3507 4179  584 1918 2835  826 2800 3634  629 1630 2268  377 1370 1569  173 1503 1504  843 2837 2839  1290 2064 3713  708 2212 4201  1703 2731 3577  1321 2099 2472  1449 1733 2576  592 1522 2112  1522 2112 3013  154 3128 4119  593 2160 3281  1300 2600 2712  133 2187 2554  595 2192 3669  595 1738 2193  205 3865 4249  18 1410 3635  647 2199 2836  1410 2749 3637  563 1260 3433  92 1260 2338  1272 2179 2406  640 2176 2416  270 2019 4296  101 1437 3775  1822 4261 4276  789 1226 2960  180 2221 2445  1202 2266 2455  528 1634 1635  603 2995 4224  604 3610 4215  604 1739 1769  605 2209 2862  831 2922 3573  1332 2129 2924  381 1332 2327  59 1686 2262  607 1889 2262  865 1244 1936  939 3101 3594  610 1723 1778  1016 3211 3306  1723 2414 4308  327 3068 3568  878 3258 4182  376 3022 3696  87 1250 2437  358 1656 3150  376 1304 3696  1529 2459 3548  716 1529 2459  615 2235 2236  1261 2791 3454  919 2882 3677  886 1663 2410  917 1965 3449  1007 2157 4322  254 2049 3639  618 2055 3690  146 1745 2677  619 4176 4208  324 1340 2722  620 2293 2294  621 2282 4173  815 2926 2927  622 1280 2290  1280 2290 3418  1726 1727 4086  623 2183 2184  483 1258 1384  1607 2942 4076  454 1638 2692  14 2304 4065  45 2685 3039  899 1617 3181  257 2026 2817  627 1947 2324  933 1731 2418  216 3235 3276  266 1217 2465  1630 3807 4140  104 2163 3758  54 1820 2757  631 1587 1830  1190 3707 3708  512 3203 3707  269 1577 1768  633 1652 3741  1138 3446 3447  634 2006 2693  769 2606 2607  560 1697 3036  668 2518 3442  636 2232 2233  970 1736 3413  1241 1932 3174  335 1178 2478  1204 2592 2646  119 3282 4161  639 1228 2438  640 2416 3474  778 2176 2416  980 2366 2464  980 2464 2695  1365 1591 4295  144 1761 3513  807 2311 4070  796 1599 3234  644 2311 2601  796 1917 2500  1138 2168 2680  817 1590 3117  773 1550 2477  1012 1357 3495  1410 3635 3637  909 2764 3614  754 3614 3638  7 1218 3989  808 2970 4093  650 2114 4244  622 2290 3734  397 1375 2627  651 2340 4175  652 1506 2382  652 1778 2382  653 2363 2431  1353 2517 2519  654 1343 3014  1343 1722 2823  655 1869 2158  212 2056 3622  998 1970 2637  656 2010 2487  1414 1997 3672  688 2361 4106  1311 1993 2526  198 1311 2143  197 1890 2488  740 1444 1890  594 1150 4273  1803 2187 2242  136 1797 2424  1540 3164 3165  1251 2066 4181  1107 2447 4110  1217 2502 4198  663 1217 2465  121 1742 2385  664 1873 4317  665 1921 2128  42 1687 2573  666 1687 2492  184 1912 2886  899 1966 3181  1235 3442 4038  668 2517 2519  425 1599 3234  132 1600 3514  844 2069 2838  99 2940 3597  421 1544 4206  671 1571 3545  672 1638 2692  672 1956 2063  673 2284 3520  1127 2283 4056  947 2202 3323  947 1642 3323  1009 2352 3161  762 2433 4193  338 1413 1612  676 2021 2432  555 1975 2377  717 2470 2471  70 2248 3525  1351 2567 2568  680 2029 2370  1842 4172 4236  394 2574 2966  805 3061 3062  876 3192 3193  208 2603 4287  683 2061 3362  1146 2060 3284  615 1340 3010  684 1590 2330  156 1939 3107  790 1356 2191  1334 1576 2378  785 1576 2801  1115 1499 4166  1111 3580 3581  1007 1965 2157  688 2361 2469  689 2286 2646  689 2286 2953  81 3360 3688  916 3391 3676  959 1378 1758  775 2718 4188  1308 1382 2299  692 1512 3087  1964 2457 3873  817 1964 2449  927 1310 2240  694 2532 3241  319 2732 3583  778 2140 2417  266 2276 2465  696 1424 2276  223 1622 3435  164 1487 3531  74 1297 3352  74 1297 2263  1066 2585 2586  1296 2619 3539  1294 2584 3353  756 1475 1653  1219 1588 2253  1012 1852 3495  749 1357 2813  390 1731 2418  721 2097 3403  334 2457 3565  705 1376 2941  707 2310 2505  770 1595 2341  706 1595 2341  824 2442 3748  1267 2212 3650  709 3045 3159  221 2311 2601  711 1266 2405  1566 4237 4239  618 2055 2690  254 1936 3096  1485 2023 3725  1745 2677 3537  270 1760 3026  2480 2973 4130  758 2799 3701  1291 1512 2770  1157 2659 3617  717 1352 2371  791 2659 3617  791 2249 2659  718 2130 2458  257 2322 2833  1104 1315 1937  417 1505 2709  231 2024 3027  721 2508 3402  1004 2508 3402  723 2634 2635  723 1586 2326  724 1448 2704  502 1876 4073  726 2590 3307  726 1491 3024  726 2746 3307  1459 2781 3368  923 2781 3368  1092 3265 3266  728 2056 3622  86 1489 2086  729 2720 2721  331 2783 4313  731 2516 3052  272 2515 2694  1496 2175 3764  5 1942 3443  339 2637 2639  998 2637 2735  209 2354 2395  735 1372 2789  599 1300 2090  736 1300 2600  736 1300 2090  94 2416 3474  1132 2927 3706  1618 3050 3516  46 2358 2723  1340 2358 3826  469 1427 2475  2475 2879 3848  760 2352 3134  760 1941 2434  1007 2156 2246  742 1835 2544  598 2046 2570  743 2749 3637  745 2529 4267  788 1971 4223  1166 1977 2642  1432 2230 2831  403 1681 3079  1121 2810 2913  747 2557 2694  355 2556 2915  748 2279 3425  143 1625 2305  773 1738 2477  749 1550 2477  1309 1379 2990  1118 2516 3836  600 2172 2638  877 1597 2667  752 2609 3239  236 1186 2865  1187 1943 3816  753 1943 2865  909 3369 3614  1554 3369 3614  535 1820 2757  535 1819 1877  756 2552 3511  756 1475 2848  329 2216 2785  757 2332 2786  758 2799 3765  715 2643 2645  1221 2356 2701  294 2401 2494  2202 3323 3732  386 2728 3732  339 1970 2637  656 2487 4114  762 2433 3226  1320 2744 3226  523 1909 4020  763 1401 2655  1167 2244 2842  1167 1623 2244  480 2593 2733  364 1852 3495  766 1852 3759  1746 2875 3522  767 2412 2875  1014 1724 3704  768 1836 3221  769 1697 2051  1151 2231 2952  241 2456 3646  770 1595 2456  55 2769 3710  772 2024 4228  85 1680 1701  595 1738 2192  328 2290 3418  1013 2398 2430  323 2805 2958  1286 2675 2958  1261 2715 3454  776 2675 2958  450 1720 3831  777 1860 3318  640 1272 3474  778 1750 2732  569 1421 1717  6 1421 1717  516 1180 2380  1180 2380 2935  459 1491 3024  781 2849 2851  1395 1951 2806  981 1684 2493  782 1684 2493  857 1935 2928  845 3092 3152  499 1324 1843  786 1324 2088  1259 2302 2893  786 1324 2894  153 2104 3760  318 1282 3864  1439 1807 1971  788 3220 3550  1162 2188 2755  352 1335 1336  790 2773 2887  1317 2199 3107  1184 2247 2248  791 1818 3617  794 1846 3453  567 1359 2939  253 2060 2535  794 2741 3453  1982 3143 4311  795 2823 2859  796 1599 2500  643 1917 2500  797 1660 2301  797 2301 2399  798 1584 3115  1399 3040 3372  119 2123 3678  258 2117 3339  800 2980 2981  576 1333 1741  975 2089 4275  1896 3802 3803  1249 3737 3738  803 1700 2761  1700 1815 2761  804 1662 3377  804 2464 2695  1374 2574 3061  1374 3061 3062  806 1811 3872  806 2389 2988  150 3468 3853  527 2776 3375  2075 2553 4315  1158 2553 4315  445 3142 3541  32 1307 1791  711 2405 4237  267 1266 2403  477 2949 3271  1132 2282 4173  402 1456 2794  380 2439 3071  813 1640 3073  1130 2435 3357  238 2103 2139  248 2926 2927  815 1618 3050  465 1207 2271  816 2740 2955  817 2225 4036  334 2225 3873  818 1482 3095  132 2525 3236  856 2135 2881  819 1873 2834  1019 1511 3636  647 2238 2836  445 1667 3288  822 1248 1613  548 1436 1613  491 1625 2305  823 1905 2288  311 2442 2443  687 1644 2316  1227 2227 4004  1551 2007 3187  826 2448 3601  591 2127 2883  330 2047 3466  828 1651 2961  55 1305 4216  1103 2372 2628  1000 2164 3263  320 2208 3766  830 2120 2922  287 2386 2665  287 2120 2665  1465 3332 3333  1471 3169 4286  176 2626 3167  833 1510 3075  689 1955 2953  834 2768 3006  486 1279 2085  466 1218 1596  339 2339 2639  836 2339 3097  284 2278 2379  44 2166 3161  110 2487 3409  838 2010 3409  839 2256 2688  1698 3074 3166  993 1866 2992  1071 1255 1656  1157 2631 2943  71 2597 4084  844 1828 2838  129 1567 2846  844 1908 2913  1121 1828 4001  604 1908 2069  604 1739 1908  845 2144 3153  2144 2837 3153  846 2967 3812  1273 2703 2818  847 1333 2945  1536 1905 3712  1557 2201 2849  850 1556 3112  172 2938 3057  532 1654 2396  532 3196 3386  493 1762 3457  89 1639 3431  1067 1780 1845  853 2263 2569  125 3090 4094  1540 2550 3164  855 1395 1951  792 1951 2806  587 1497 2052  377 2135 2881  1298 2441 3770  1935 2441 3770  1044 1853 2017  148 1324 2894  434 1534 1672  861 1339 1959  861 1339 3858  863 1431 3224  704 2418 3780  1203 2218 3147  1203 2218 2564  865 1825 1826  2055 2690 3693  1227 4251 4252  866 3127 3179  350 1225 2420  800 1224 1445  988 1975 2377  251 1974 2258  869 2126 3613  251 1974 3058  452 1673 2083  871 1609 3019  871 1762 3457  1165 2260 4211  438 1552 2373  713 1485 3725  873 1963 3026  467 1266 1772  467 1266 1614  1525 2094 3820  371 2614 3193  1620 3192 3193  383 1540 3165  877 1597 2638  368 1283 4091  396 3258 3476  645 1189 1774  259 1815 2761  492 1700 1815  748 1814 3425  1211 2632 3659  1441 2885 3291  882 3290 3291  363 2856 3304  883 2833 3305  359 1228 2438  359 1628 3200  1430 2128 3754  1095 1923 4021  1468 2065 3612  523 1928 4047  1095 1909 4020  888 3329 3330  404 1468 1871  505 1718 1872  291 1398 2998  123 2454 3069  1153 2454 3069  1467 2673 4233  891 2402 2409  278 2154 4042  892 2194 3256  7 1218 1922  894 2194 2730  466 2194 4002  217 2747 3247  895 3228 3250  500 1644 2073  166 3104 4024  627 1947 2322  897 1947 3710  581 2026 4225  124 1498 2950  899 1912 2886  2123 2213 4059  781 1254 1508  1491 2180 3685  475 3085 3269  901 2964 4158  1535 2986 3163  1130 3090 4094  1166 2653 4266  745 2528 2529  904 2751 2904  1270 2751 2904  905 1294 2912  5 1294 3354  1737 3347 3349  10 3349 3465  458 3295 3814  907 2611 3365  1398 1930 2821  908 2996 2997  525 1230 2313  1230 3379 4170  252 1279 2085  910 1772 3381  587 2136 3162  261 2903 3662  381 1331 1573  1200 1573 4300  173 2052 2976  913 2052 2976  539 1992 4023  914 3127 3128  915 2199 3107  647 1553 2889  120 1252 2622  916 2987 3042  391 2148 3854  917 2148 3854  694 2534 3241  322 1163 2533  244 1632 1984  503 1662 3377  239 2082 2541  920 2082 2541  88 1369 4203  426 3119 3570  333 1175 1391  126 1175 2255  265 1658 3428  265 1856 3311  924 1763 3430  53 2559 4200  431 1658 4192  925 3396 3397  926 3104 3106  166 2527 3684  943 2532 3241  943 1310 3302  690 2582 2991  928 2582 2991  1403 2042 4217  455 4217 4218  930 1713 3342  1713 1925 3342  935 3111 3387  931 2932 3387  1488 2593 2840  628 1879 2861  933 1731 3276  277 2077 2314  277 2077 2984  935 1993 3423  317 1993 2526  586 1551 3187  1018 1874 2055  937 1646 3051  273 1711 3237  938 1586 2450  939 2049 2512  395 1329 1737  940 2393 2479  501 1623 2244  518 1428 4281  170 2265 4311  942 1804 3140  1678 2783 3836  1678 3301 3632  3100 3594 4242  945 1787 3230  131 2791 3454  1129 2503 2925  164 2348 3531  675 1387 2594  218 2331 3731  1861 2158 3862  360 2935 4234  949 3792 3793  1263 3507 4179  521 1559 2937  504 1416 1486  951 1897 3108  952 1711 3237  952 1482 1710  1198 1823 4109  691 1900 4108  3285 3286 3746  955 1786 3740  506 1771 1859  955 2658 3740  507 1432 2230  956 2501 2831  327 1919 3337  611 1247 2118  1247 2118 3472  327 3337 3472  959 1378 3569  535 1819 1820  427 3345 3563  960 3562 3564  375 2587 3509  425 1599 2222  579 2108 4325  964 2691 3587  941 2210 4281  964 1931 3589  518 2691 3587  965 3110 3588  966 3373 4226  273 1711 3136  498 1482 1710  50 1884 3752  183 1882 2061  968 1367 3517  429 1308 1382  234 1607 2942  637 1736 2843  970 2937 3414  551 1313 1938  1435 2289 2578  460 1557 2849  1299 2036 2337  974 2460 2461  412 3116 3585  233 2089 4275  976 2173 3316  976 3316 4248  1113 2333 3597  1113 2333 2345  978 1519 2413  142 1476 1477  379 1219 1588  979 2413 3208  633 1632 2059  243 1472 1652  2198 2895 3400  624 1649 2884  351 2884 3133  1146 1995 3284  264 1995 3616  534 1364 1498  295 3643 3655  985 3655 3657  1953 3643 3655  665 1479 3275  1479 3275 3644  987 3332 3333  1464 1465 3629  988 2031 3666  315 1818 2513  819 1873 3538  989 1884 3647  605 1898 2208  990 2095 2765  2163 3758 4174  634 2168 3615  420 1327 1756  1326 1409 3390  1184 1866 2992  1184 2248 3783  678 1501 2071  678 2071 2072  352 1237 2965  995 2605 3261  1270 2528 3246  1270 2529 2904  997 3440 3723  998 3031 3421  57 3031 3421  1328 3757 4171  999 3591 3757  431 2164 3213  1000 3262 3572  777 2309 3451  127 3462 3786  1459 2781 3382  213 3131 3401  729 2043 2720  721 1808 2507  1004 1452 2780  1976 2662 3547  1005 2459 3549  462 1458 1963  101 2079 4177  391 3006 3719  109 2156 2246  572 1547 3667  189 1326 1409  760 2434 2683  760 2352 2683  2503 3180 4111  1852 2901 3759  186 2901 3759  1013 2415 2430  1013 2415 4327  416 3056 3704  1014 1784 3702  714 2379 2480  714 2166 2278  1102 4087 4089  625 1637 2185  1263 4125 4126  1017 2028 2630  1004 2615 2780  1018 2055 3690  1019 3635 3637  275 2238 2750  1020 2021 2979  218 2432 4309  412 1495 3789  1021 2105 3788  1324 1843 2088  1023 3869 3870  1142 2076 4128  1024 3867 4040  768 1523 3056  1014 1442 1785  1026 1692 2809  951 2814 3109  204 1296 2588  4 1170 1950  1021 1495 1539  552 1344 1972  552 1344 2444  2016 3900 4040  38 3850 3899  546 1703 2731  546 1344 1988  1035 2038 3003  544 1311 1993  544 2207 4227  1037 2167 2446  537 2104 4011  64 1757 1840  534 1364 1885  533 1962 4051  1371 1687 4048  1277 1688 3782  504 1486 1897  67 2102 2250  499 1853 2017  72 2640 4291  225 1838 3481  823 1816 3624  463 1711 2523  1646 1899 3051  461 1640 3073  1980 3821 4288  983 1995 3616  1052 1720 3831  312 2870 3627  1534 2365 4268  428 1629 3832  1056 2277 3328  297 1495 1539  400 1522 2795  21 1407 3078  390 2647 3394  389 1279 2860  380 3174 3175  385 1481 3721  1063 2587 4232  1294 2584 2912  211 3076 3641  374 1293 1783  373 2586 3834  373 1689 3742  1066 1780 3436  372 1845 3436  73 2044 3029  2053 3043 4079  1241 3175 3407  1364 1498 3008  720 2708 2709  350 1224 1810  348 1192 2169  1074 3907 4023  1088 1838 3481  18 1410 1608  1371 1687 2492  1469 3015 3485  263 1295 2589  1525 2565 3664  78 1430 2726  1079 3307 3878  939 3594 4242  350 1225 3486  1070 1225 2674  1375 2548 3560  2321 2548 3560  46 1676 3717  322 2533 3240  1245 2657 2926  248 1589 2657  377 2423 2881  819 1370 1569  596 1608 1892  341 1837 3480  496 1809 2121  341 2020 3847  497 1837 1838  1088 1838 3480  1089 2163 3464  355 2467 2915  1090 2107 4316  316 2107 4078  1260 2338 3289  2076 4128 4289  1425 2365 4268  434 1534 2365  1239 2739 3760  300 1986 4050  1094 2207 4007  255 1663 3298  1095 1891 4019  787 1526 2196  1096 2196 3576  1320 2744 3863  318 1703 3577  533 2573 4048  298 1962 4096  1099 1974 4066  841 2597 4084  1100 1706 3803  1119 3245 3340  1101 2950 3777  1498 2950 3008  337 1506 2363  1102 4087 4088  1103 3572 4127  456 1275 1742  332 1315 2670  482 1104 1315  1105 2235 2236  1105 2463 3787  1106 4150 4151  481 1348 3654  946 1212 1999  946 2348 2436  1435 2289 3492  1312 2332 2786  674 1716 2580  947 2331 3731  825 3327 4004  1227 2227 3582  1112 2744 3863  536 1320 3863  843 1828 2838  347 2131 2839  415 2811 3124  1114 1493 4156  1115 2195 3581  325 3580 3730  1116 2775 3837  631 1819 1820  631 1820 2040  731 1265 2515  331 2783 3836  389 2681 3411  167 3628 3735  1225 2674 3486  1120 3839 4131  746 2846 2877  1121 2810 2877  542 1823 2081  542 1823 4297  542 1749 2668  1284 3081 3209  622 2114 2292  1124 3773 4187  1125 2426 3688  757 1560 2426  1126 3501 4287  2050 4054 4302  1289 1518 3546  443 1373 1611  2752 3675 3799  1128 2334 4082  662 2436 2925  662 2348 2436  349 2435 2551  1130 2435 2551  450 3225 4139  1131 3807 4140  91 2281 2649  621 2281 4173  543 1979 2154  1173 2359 3554  488 1525 2094  1643 4238 4283  612 2241 2871  1135 4237 4239  1136 1544 1924  1136 1924 4204  438 1203 2564  438 1203 1552  693 2449 3446  118 1964 2449  746 2245 3819  1139 2245 2955  1140 2293 4195  1164 2819 3761  1141 3078 4235  360 2380 2935  296 2014 3861  1142 2076 4129  511 1473 2113  1483 1484 4016  1185 2078 2666  1159 2080 2197  1122 3077 3579  542 4297 4298  253 2060 3284  569 1717 2060  28 2687 4230  1148 2110 2111  1148 2111 4314  385 1602 2778  1149 2342 4045  660 2259 3996  636 2233 4278  1151 3442 4318  2147 4015 4145  529 1464 2654  1153 2155 3686  1153 2454 2661  59 1889 2262  1435 3492 4292  738 2421 3118  230 2228 3118  1090 2107 4078  316 1156 2037  677 2597 2943  1157 2631 3733  1277 3411 3745  1159 4177 4178  101 2079 3229  428 1549 3552  428 1548 1629  357 1629 4118  357 1496 2387  1162 2188 3833  322 2463 3787  322 1163 2463  1140 2819 4195  1164 2819 4195  872 1389 2260  1389 2260 4212  548 1613 2653  1166 2642 4266  2527 3018 3684  166 1645 2845  766 2270 2885  1168 1906 3698  531 1713 1925  44 2352 3161  1170 1950 2220  336 1170 2220  525 1785 3703  336 2101 3123  530 1910 3828  530 1237 2748  543 1174 1347  1174 1347 2909  543 1174 4222  543 1979 4222  922 1391 2542  1175 1391 2542  1177 3421 3422  335 1176 1998  444 2285 3420  638 2285 2287  1178 1414 2768  1414 2768 3006  148 1904 3218  148 1179 1904  191 1180 2934  516 1619 1631  1420 2339 4115  1181 2339 4115  473 3089 4263  1182 4261 4262  1183 3183 3535  571 1924 4204  679 2247 2248  1184 2247 2992  165 1730 2078  570 1307 3065  624 2942 4076  236 1382 2299  127 2864 3487  1187 1943 2873  243 2366 2866  623 2857 4086  1215 3000 3002  879 1774 3857  282 1248 3598  344 4098 4199  554 2022 4030  879 1192 3001  348 2752 3002  1193 3374 3408  1769 2995 4224  737 2714 2743  349 1194 2713  169 1374 1449  1753 1855 2820  539 1990 3479  997 1991 4167  89 1197 1847  89 1197 3431  1823 2081 4109  1198 1823 4107  1135 4239 4240  613 1659 2662  912 3214 3651  912 3213 3214  1201 2412 2875  1201 3416 3811  547 1202 2455  149 2266 2455  1552 3468 3853  1203 1552 3468  141 3266 4121  487 2592 3265  235 1985 3254  235 1205 1985  929 2946 3406  490 1206 2946  151 2271 3088  151 1207 2271  81 1654 3845  916 2581 2987  1252 2389 3023  1209 3386 4274  2152 3633 4027  1210 2152 4027  1211 3279 3280  242 3084 3280  415 1212 2257  1114 1493 2257  642 2451 3720  642 2453 4191  524 1286 3319  436 1383 1521  879 3000 3002  1215 2134 4113  309 1216 3574  497 1330 3508  266 1860 3318  894 2194 4002  466 1218 1922  1219 2275 2344  379 1219 2275  902 3164 3165  125 3163 4094  1221 3477 3478  396 1222 2178  1222 2178 3326  999 3326 4138  1223 2064 3713  49 2132 3259  120 1252 3023  120 1224 1812  1225 2420 3839  1120 3494 4131  352 1236 3020  530 1237 2965  1227 3041 4252  1334 4251 4252  637 2123 4059  359 1736 3413  1380 2284 3520  1229 3520 4122  1230 2429 3379  525 1230 2429  802 1231 2013  96 1352 2371  379 1749 4033  1122 3604 4039  769 1234 2607  1233 2606 4279  45 1234 2697  45 1583 1966  626 1617 2354  1234 2353 2607  135 1236 4319  135 2188 2993  1237 1335 2303  1237 2303 2748  509 1238 2243  564 2243 4323  537 1240 2104  1240 2104 3760  589 2033 2093  537 1240 2033  799 2123 3678  1440 2098 3282  1319 1575 3126  1060 1319 1575  561 2041 2823  561 1243 2041  86 2146 3227  712 1936 2563  815 2926 3050  248 2657 2926  1246 2144 2837  588 1246 2144  1247 2155 3686  368 1247 3686  1248 3203 3598  512 1248 3203  802 2660 3022  1278 3735 3737  1250 1839 3317  1250 1839 3139  1251 2267 4246  1251 2625 4246  806 2389 3023  356 1252 2389  836 1420 2339  387 1253 2832  459 1960 3601  147 1254 2448  358 1255 1656  613 1976 2662  1256 1949 3356  189 1256 3356  1160 1496 2175  1160 2175 4117  1258 3416 3811  234 2942 3416  1179 2229 4031  1259 2229 4031  563 1362 1831  92 1836 3221  513 1261 2715  513 1309 3138  346 2897 3038  575 1389 2824  424 1615 1933  80 1933 3507  574 1882 2978  1264 4125 4126  731 2177 2381  2920 2951 3653  267 1266 1614  199 1271 2092  1267 2212 4201  884 1628 3200  185 1365 1591  572 1668 1958  365 1256 1949  293 2501 3146  1270 2528 2529  1271 2092 2093  384 1271 2093  384 1271 2406  384 1272 2406  1383 1521 2936  1286 2805 2958  652 1723 2414  456 1275 3011  287 1275 3011  1082 3565 3566  187 1276 3567  2538 2758 3782  1706 3245 3340  1277 2681 3411  1279 2075 2553  252 1279 2075  115 2291 2932  622 2291 2292  509 1281 2216  171 3490 3491  318 1282 2307  1282 4057 4209  611 2204 4182  588 2131 2133  1284 3080 3081  1284 3082 3122  850 3113 3642  1285 2938 3840  1286 2499 3319  1286 2499 2675  394 2574 3061  394 1888 4231  681 1374 2574  137 1801 2575  1127 3575 4056  718 1289 2856  1290 3092 3152  403 2928 3092  605 1291 2770  830 2629 3766  839 1292 2062  771 1292 2062  905 1693 3417  905 3320 4063  374 2584 2912  701 2587 3509  375 2587 4232  699 2586 3834  373 2586 3534  372 1297 2569  1297 2263 2569  627 2323 2324  152 1298 2323  1299 2461 3207  973 2462 3207  737 1500 2714  239 2600 2712  1683 2495 4169  942 1683 2495  682 2613 2614  682 1620 2320  208 1303 2613  208 1346 2613  612 1839 3317  194 1304 2241  405 1305 2324  1305 1947 2324  1306 2968 2969  129 1306 2969  32 1307 2251  570 1307 2251  429 1308 2329  692 1308 3087  847 2633 2945  1309 2633 3138  215 1310 2534  927 2916 2917  198 2223 2847  1312 3490 3493  398 3424 3794  418 1515 1679  1679 3424 3794  1314 2007 3838  936 1558 2203  1315 2183 2184  482 1315 2184  1316 2611 3365  292 2550 2611  790 2887 2888  409 2616 4058  700 2618 4058  409 2616 3837  813 1319 1640  41 1319 1640  536 1320 2428  1320 2428 2907  590 2099 2472  161 1321 2472  675 2331 2734  370 1323 2595  675 1323 2595  108 2428 2907  148 1324 2350  499 1324 2350  90 1327 1876  1327 1876 4073  453 1409 1934  1409 1934 3390  1327 1756 2900  90 2317 2543  1342 2815 2816  130 2206 3338  999 3238 3757  940 1329 3367  497 1837 3508  520 1751 1752  381 1331 3496  381 2129 2269  606 1969 2924  606 2129 2924  162 2111 4314  576 1333 1967  540 3041 4252  82 2378 4251  507 2182 2481  423 1562 4142  352 1236 1336  507 1336 4081  593 1337 2787  1337 2787 2996  1399 3372 3625  560 1400 3099  1339 1959 3038  1339 2634 2635  1340 2358 3010  324 2234 3445  585 2056 2057  340 2010 3278  648 2101 3348  754 1587 1830  654 1472 1768  654 2000 3014  310 1344 1988  635 1697 2051  635 1514 2474  1346 2613 2614  1346 1920 2891  443 3724 4241  1347 2909 3830  1348 2066 3482  140 1718 3132  1592 3098 3504  1349 1422 3098  869 1673 2610  251 1350 2126  678 2567 2568  1351 3792 3793  96 1352 4028  557 1641 4028  1455 2273 3498  1455 3055 3498  850 1383 3113  850 2938 3057  120 1355 2981  1355 2980 2981  229 2531 3048  597 1892 2005  749 1550 2812  793 1358 3033  177 1846 3034  71 1759 2745  408 1359 1619  516 2380 2598  191 1360 1631  550 1360 2096  550 2390 3350  1276 1362 2549  187 1276 1362  448 1477 3168  448 1363 2237  1364 2427 4026  424 1933 3202  424 4294 4295  1532 2527 4098  1532 2527 3018  388 3050 3516  569 1421 3450  1368 2759 3321  261 1368 2759  1085 1546 2423  1546 2423 3835  587 2135 2383  121 1370 2136  851 3070 3197  245 1870 4274  366 1372 2788  667 1559 2394  543 1611 2154  1611 2154 4042  169 1374 3062  681 1374 1449  651 2315 2408  1375 2315 2408  397 1376 3640  739 1670 3640  446 1670 3156  219 1561 1784  1650 1911 2510  1378 1758 4060  513 1379 3264  112 1379 3264  857 1290 2797  152 1298 2441  794 2224 3841  1381 2224 3842  236 1186 1382  429 1606 2874  1521 2703 2936  2703 2818 2936  1258 1384 2074  688 1384 4106  742 1259 2679  109 2156 2544  340 2547 4053  1073 1386 3977  675 1387 2734  947 2331 2734  992 1934 3681  175 1809 3682  575 1389 3388  1389 3388 4212  745 1807 2719  1391 2951 3653  333 2359 3554  887 3172 3185  255 1392 3172  438 1393 2825  438 1394 2825  174 1394 3623  174 3623 4211  1395 2895 2896  365 1395 2896  1396 2841 4272  414 3439 3769  224 1738 2477  703 2027 3363  505 1398 1872  889 1718 1872  798 3040 3372  258 1399 3040  836 1420 2832  160 1426 3007  511 1483 3267  510 1401 3267  1123 3081 3209  1402 2376 3310  1285 3122 3210  1285 3210 3652  1404 1967 3427  1333 1967 3427  669 1405 1616  304 1405 1616  1087 2121 4165  341 2121 4165  400 1407 2362  400 1463 2362  571 1408 3535  113 1408 3535  1409 3497 3668  453 1409 3497  1608 1892 4162  597 1892 4162  990 2209 2862  990 1411 2095  22 1481 3965  664 1275 2385  1413 1612 4317  159 1414 1997  657 1447 1997  202 1415 2360  812 1455 2360  1416 1486 3188  411 1418 2724  1417 2724 4149  411 1415 2948  1418 1486 3188  155 1418 1486  1419 1765 3361  1253 1420 2832  110 1253 1420  1421 2070 3222  1245 2070 3222  1422 2741 3453  1422 3098 3504  509 1492 2243  1492 2243 4323  1424 1756 2900  1424 2276 4310  728 2100 3772  141 2100 3772  734 4172 4236  160 1426 1842  2 1427 2522  518 1428 2691  56 1428 2691  1429 1944 3170  126 1429 3170  710 2725 2726  419 1430 2725  285 1509 3963  507 1432 3665  1432 3146 3665  655 1433 2485  212 2056 2057  29 1431 1434  863 1431 1434  1435 2578 3825  59 1889 3824  512 1248 1436  163 1483 1484  1437 3415 3775  462 1437 3415  1430 2725 2726  214 4238 4283  745 1439 1807  293 2528 3246  354 2357 3407  934 1480 3074  1012 1852 2901  1441 3290 3759  1025 3608 3859  2035 3608 4104  814 2103 2139  238 1443 2103  291 2648 4184  908 1446 2998  350 1445 3434  867 2089 3116  345 1446 2572  582 1446 2572  159 1770 2030  159 1770 2869  262 1448 4120  262 1878 1880  169 1449 2766  591 1449 2766  638 2286 2646  444 1450 2285  444 1450 2621  444 1451 2621  586 1452 2336  586 1878 1879  550 1453 2390  592 1453 1844  668 2517 2518  402 3055 3498  202 2382 2555  202 1778 2382  812 1455 3055  91 1417 3054  366 2421 3756  735 1372 2788  220 2480 2973  713 1458 4259  1459 2562 3368  392 1459 2562  984 3392 3455  295 1851 3392  362 1787 2890  324 1669 2294  780 2933 2934  400 1462 2933  1057 1463 2362  237 1464 2651  237 1363 2237  529 1464 1465  529 1634 1635  1213 1466 4294  144 1213 1466  1373 2151 2673  443 1373 2673  1468 3329 3330  43 1468 3330  666 1687 3171  0 1470 2520  832 2514 3168  1471 3169 4197  471 1577 1729  243 1726 3448  511 1473 3267  1473 2698 2962  722 1474 2700  722 2450 4085  34 1475 2910  34 1588 2253  1519 2583 3444  449 2848 3012  1477 2514 3168  142 1477 2514  1478 2087 2476  551 1476 2476  986 3643 4123  665 1479 2539  277 2984 2985  580 2098 2117  792 1951 2808  385 1481 2807  818 3119 3120  498 1482 3095  512 1484 2325  1484 2325 4016  1436 1978 3199  512 1484 3611  146 1485 2602  619 1485 2602  155 1694 3109  155 1486 1897  946 2348 3531  697 2210 2664  932 1593 2840  1593 2593 2840  729 2043 2086  575 2043 2086  1490 1960 3249  459 1490 1960  1254 1508 3685  900 1508 2180  171 1281 1492  509 1281 1492  1115 1499 3336  1115 3580 3730  880 2134 3294  143 1814 3293  412 2277 3494  412 1495 2277  1794 2387 4105  1496 2387 4006  911 2759 3321  587 2136 3383  124 3160 3438  124 1498 2312  697 1487 2811  697 1499 2811  695 2140 2417  1535 3163 4094  679 2249 3784  679 2249 4025  1502 2964 4158  242 1502 2964  440 1504 2506  441 1527 2506  856 2135 2383  440 1504 2908  417 3008 3777  337 1506 2716  652 1506 2716  414 1507 2130  898 1507 2130  285 2460 2461  973 1509 3394  1510 2658 3740  361 1510 2658  1553 2775 2977  17 820 1511  100 1512 3087  758 2125 2798  382 1513 3154  1513 2259 3154  519 1514 2891  371 1514 2891  1313 1679 3618  1515 1679 3618  594 1150 2242  736 1516 2054  139 1517 3296  1517 1765 3296  718 1289 1518  414 1518 2130  1476 2583 3444  978 1519 2583  728 2056 3805  433 1533 2954  436 1214 1521  524 1214 1521  592 1462 1522  400 1462 1522  1142 2035 4104  1142 1523 1940  417 1524 2709  1524 2708 2709  1134 1968 2565  1968 2565 3664  1527 1601 2506  174 1527 1601  441 1503 2335  441 1528 2335  614 1231 3206  614 1529 3206  527 1531 2756  439 1531 2756  527 2161 3303  527 1531 2161  1201 1532 4199  483 1258 3811  585 2954 3855  95 3410 4168  902 2986 3163  854 1535 2986  1128 2334 3800  447 3675 3799  764 2022 4030  764 1537 1621  807 1714 3248  437 1538 1714  577 2111 3790  1030 3620 3994  661 2632 3659  661 1540 2632  608 1881 3101  437 1538 2153  437 1541 2868  437 1542 2868  876 1545 3194  83 1620 3192  671 2931 3376  671 1956 2063  636 2231 4205  201 1545 2233  921 2161 3405  88 1531 2161  85 2138 2192  453 1680 2911  1548 1629 3673  1629 3673 4118  788 1549 4223  205 2280 2812  646 3459 3846  262 1448 3228  586 1452 1879  1137 1552 3066  1552 2373 3066  409 1317 2889  1553 2775 3837  227 1554 3729  648 3369 3729  733 1589 2657  733 1942 3443  801 2822 2989  801 1699 3505  39 1557 1712  781 2201 2849  1558 2203 3838  184 1559 3414  1559 2937 3414  81 2581 2987  1560 2560 3360  446 1561 2863  446 1670 2863  887 3185 3300  423 1562 3185  1289 1563 2546  84 2841 3546  176 1564 3167  1510 2626 3167  718 1565 2856  1565 2856 3304  612 1566 4239  612 1566 3317  784 2968 2969  403 1935 2928  684 2225 4036  46 1568 2941  240 1848 3648  1085 3393 3571  925 1570 3395  432 1572 3396  727 1987 4034  432 1987 4034  145 2571 3397  1572 2571 3397  454 1200 2327  1573 3651 4300  914 1990 3479  914 1574 3747  1242 1575 3711  1242 2357 3043  686 1576 2378  321 1835 2009  1472 1768 3523  471 1472 3523  1578 3119 3120  709 1578 3514  1579 2342 4045  502 1579 4045  401 1580 3566  645 1189 1715  703 1397 2656  69 1700 2328  899 1966 2947  899 1617 1912  1583 1966 2947  422 1583 2947  799 2123 2213  799 2117 3339  438 1394 2373  174 1394 1585  213 2326 3131  722 1586 3131  1587 2252 2422  631 1587 2252  379 1232 1749  34 1475 4194  541 1589 4018  733 1589 1942  918 2330 3404  684 2330 3404  185 1268 1591  884 1268 1591  1592 2558 4290  932 2162 3767  765 1311 2526  639 1594 3121  185 1594 3121  706 1595 2214  707 1595 2214  835 2975 3005  252 2975 4160  101 1597 2172  101 1597 3229  221 1946 2388  709 1600 3045  27 1599 3452  669 2525 4144  425 2222 2524  1585 1601 2261  174 1585 1601  792 1481 2807  792 1256 1602  1603 1604 2872  1604 2872 2878  1604 3796 3798  342 1604 3798  1605 1901 2930  455 1605 1901  351 1186 2874  351 1606 2874  969 1746 3557  429 1607 3556  1075 2165 4190  596 2020 2165  642 2452 2453  144 1609 2452  871 2310 2505  443 1347 1611  543 1347 1611  1020 3750 3751  435 3647 3750  822 1613 3691  874 2919 2921  874 1614 1773  144 1213 3513  424 1591 4295  304 1616 3876  667 1617 2395  1617 2354 2395  968 1618 1918  815 2174 3808  408 1619 2754  1619 1631 2754  1571 3198 3545  83 1620 2320  1428 1621 2669  56 1428 1621  501 1622 4264  501 1621 2669  1623 3104 3106  501 1623 3106  468 2193 3536  232 1624 2048  1625 2279 3425  468 1625 2279  773 1738 2192  468 1626 2193  692 1627 3331  320 1627 3331  1628 1777 3201  884 1628 3201  1162 1629 3832  357 2189 3833  628 2861 4270  628 1914 2268  516 1180 1631  191 1180 1631  528 2318 3374  1632 1984 4180  529 1634 2147  1634 2147 4015  178 1465 1635  529 1465 1635  1193 2318 3374  178 1635 3408  827 2047 3466  976 1636 3315  13 2304 4065  1638 2254 2902  207 1638 2254  89 1639 2298  493 1639 2298  1050 2115 2496  1050 2496 3489  96 1641 3602  1641 2999 3602  674 1716 4154  674 1642 2536  1643 4283 4284  488 1643 4284  1334 2378 4251  82 2378 3151  500 1645 3255  1645 2845 3255  103 1646 3215  904 2751 3346  427 1647 3345  960 1996 3563  163 1978 3233  982 1649 3726  624 1258 2074  271 2675 3272  691 1911 2510  405 1306 1651  1306 2484 3818  243 1652 2866  633 1652 2866  1402 1653 4194  455 1402 1653  1208 3844 3845  532 1654 3844  851 1870 3196  851 3197 3334  993 1656 3149  912 2608 3213  145 1657 3214  924 3219 3428  1658 3219 3428  1199 2241 4254  488 1659 4253  580 1480 1660  277 1480 1660  995 1335 2303  503 1663 2605  919 2410 2482  919 1662 3677  1392 1663 2605  255 1392 1663  894 2729 2730  158 1664 3256  673 1467 1665  134 1467 1665  963 1766 3541  1931 3543 3589  809 1696 3142  572 1668 3484  232 1668 3484  1140 1669 2294  446 2819 3761  397 1377 2863  397 1670 2863  337 1671 3183  571 1671 3183  858 2001 3030  434 1179 1904  1350 2126 4112  869 1673 4112  753 1674 2864  753 1858 3471  618 1675 2772  289 1675 2772  46 1676 4271  684 3404 4271  1915 3586 3590  508 1691 3110  750 1678 2783  112 1379 2171  1312 3493 3794  1313 1679 3424  453 1547 1680  85 1958 3532  279 2837 3153  842 2877 3189  849 1682 1712  515 1825 3205  583 3173 4169  1805 2091 3173  232 2699 2771  783 2895 3400  560 1338 2685  560 1685 2685  971 1938 2181  59 2578 3825  42 1687 2343  1277 1688 2681  506 1771 4305  1066 1781 3534  1065 1689 1781  1740 2407 3827  413 1447 1740  1691 3110 3588  164 1691 3588  1692 2809 3749  485 1693 3035  1293 1693 3035  374 1293 1693  1694 2814 3109  485 1694 2814  381 1332 2129  913 1695 2269  474 1696 3630  474 1790 3630  635 1514 2145  635 2145 3694  105 2256 2688  354 1698 3074  800 1445 2982  1355 2980 4255  2027 2511 3363  492 1700 3363  773 2138 4280  646 2138 4280  1344 1972 2652  546 1344 2652  1703 3232 4055  318 1703 3232  404 1468 3329  746 2810 2877  347 2839 4012  347 1705 3274  1706 2624 4305  1042 2538 2758  1707 2967 3812  1288 2966 3812  1143 2708 3708  1143 2325 3817  273 1710 3593  1710 3322 3593  937 3051 3136  463 1899 3051  1557 1712 2906  849 1712 2906  814 2139 3357  531 1443 2103  437 1542 2737  437 1714 2737  645 1580 1715  401 1580 1715  338 1716 3341  338 1612 3751  1146 1717 3371  505 2066 4181  505 1718 2066  1131 2058 4139  266 2276 2777  1720 2956 2957  210 1720 2957  1152 4145 4220  237 2654 4219  1152 2654 4219  1152 2147 4145  610 1723 2250  768 1724 3056  768 1724 2137  813 3072 3073  185 1725 3072  243 1472 1726  471 1472 1726  1728 3094 4049  470 1728 1729  470 1729 3141  1728 1729 3094  471 1729 3094  570 1185 1730  1185 1730 2078  863 1434 3225  390 1431 3224  591 1449 1733  48 1732 2127  1732 1733 2127  478 1732 1733  44 1734 2855  714 2278 2379  1592 2558 3504  451 2741 2742  359 1736 3771  637 1736 3771  906 3347 3349  395 1737 3347  1626 1738 2193  224 1626 1738  888 2374 3287  280 2374 3287  1002 2407 4054  464 2407 4054  1741 2483 2989  60 1741 2483  911 1742 3384  456 1368 3321  785 1334 2803  250 1743 2802  866 3412 4119  866 3127 3128  713 2677 3537  713 2643 2644  969 1747 3558  234 1746 3557  715 2643 2644  100 1747 2678  151 1207 1748  763 2566 3091  1123 2668 2676  702 1749 2668  741 2433 4193  238 1443 1941  2640 2696 4291  520 1330 1752  497 1330 1752  564 1855 2820  169 1753 2820  1194 2039 3814  292 3164 3223  52 1755 3366  52 1798 3366  420 1756 3670  663 1756 3670  589 2092 2093  589 2033 4134  343 3067 4060  958 1758 3067  516 1619 1759  1619 1759 2745  1006 3415 3775  1006 4035 4296  1017 1761 3513  493 1639 3512  1453 2707 3158  241 2112 3157  924 1763 3219  53 1763 3430  933 2418 3780  704 1808 3503  407 1419 1765  932 2162 3297  809 1766 3680  165 1766 3680  457 1896 3802  833 2067 3251  654 1768 2347  269 1768 2347  178 1769 3358  178 1465 3332  1740 1770 2869  464 1740 1770  1771 2624 4305  361 1771 2624  910 2437 3380  467 1772 3381  835 3177 3178  158 1773 3177  118 3446 3447  645 1964 2457  747 1775 2556  1265 2557 2694  1155 2421 3756  1155 3756 4135  950 3518 3519  80 1777 3518  610 1415 1778  202 1415 1778  819 1569 3028  819 1779 3028  1066 1781 3325  1065 1781 3942  961 2349 3029  1063 1782 4232  1063 1783 3076  374 2584 3437  1014 1785 3703  219 1784 3702  1171 2429 3379  1171 2429 3609  30 1832 2346  775 1787 2717  362 2252 3176  1011 1788 3180  889 1718 3132  469 2475 2879  1667 1790 3630  138 1667 1790  474 1696 2682  474 1791 2682  32 1792 3470  32 2251 3470  136 2424 2706  475 1792 3269  1794 2387 4006  114 1794 4105  862 2190 3130  2226 3089 4263  48 2127 2883  479 1517 3361  476 1316 1797  1316 1797 2424  907 1798 3366  476 1316 3365  1755 4306 4307  811 1516 2554  477 1799 3271  478 1801 2576  478 1733 2576  97 1728 4049  97 1802 2857  1516 2187 2554  133 1803 2187  942 1577 3141  31 1804 3140  1683 3173 4169  399 1805 2091  1182 2226 4263  1182 1806 2620  788 1439 1971  1808 2507 3503  290 2462 3207  992 3682 4000  496 1680 2911  1081 2674 3486  489 2491 3015  245 1870 3070  245 1811 2492  1224 1810 1812  489 1810 1812  556 1786 2346  1813 1832 2346  880 3292 3293  492 1815 3292  259 1815 3294  259 3294 4113  1048 3144 3939  782 1817 4100  717 1352 2513  717 1818 2513  227 1342 2816  227 1819 1877  1911 4041 4133  54 1820 2040  552 1821 3231  937 1821 3231  530 3828 4277  1822 3828 4277  1823 4107 4299  343 3067 4299  835 1824 2975  467 1773 3178  849 3204 3205  196 3204 3313  2049 2512 3639  515 1826 2512  944 1682 2974  515 1682 1827  279 1828 4001  1246 2837 2839  37 1829 3555  613 1829 3555  631 1819 1830  227 1819 1830  563 1831 3433  882 1831 3433  556 1813 2346  495 1813 1832  1046 3561 3936  495 1833 3561  869 2126 4112  495 1834 3242  686 2009 3064  617 2009 3064  92 1260 1836  563 1260 1836  341 1837 4165  1087 1809 2121  1045 2640 2696  612 1839 2871  1304 2241 2871  537 1986 3762  774 2415 2561  1514 2145 3125  1842 2145 3125  1022 2017 3851  1022 1843 2003  550 1360 1844  191 1360 1844  1780 1845 3436  372 2569 2959  793 2854 3034  566 1846 2854  566 1361 1847  1453 2390 2707  989 1848 3648  498 1849 3649  967 3322 3592  498 1710 3322  856 2908 3191  856 1369 1850  1851 2312 3392  534 1498 2312  766 1581 3017  766 1852 3017  858 1904 3218  301 1853 3217  1124 2216 3773  115 1854 4187  565 1423 1855  564 1423 1855  1674 1856 3311  514 1674 1856  924 3429 3430  514 1857 3429  514 1858 3239  1858 2609 3239  1771 1859 3285  228 1859 3285  266 1217 1860  520 1330 4198  585 1861 3855  1533 2954 3855  782 1862 4100  491 1862 4100  1043 3308 3885  504 1864 3308  1126 2603 4287  464 4054 4302  308 3149 3813  849 1867 3204  460 1557 2906  246 2247 2992  2371 2470 3135  655 1869 3753  1869 3862 3926  1371 3070 3197  851 1870 3070  2065 3612 4153  816 2271 3088  291 1398 1872  291 1872 4184  1873 3718 4317  435 1873 3718  936 1874 3313  367 1314 2203  559 1841 1875  774 1841 1875  724 1579 1876  502 1579 1876  957 2150 2579  755 2150 2579  586 1551 1878  262 1551 1878  107 1764 2861  107 1879 2861  262 1880 4120  629 1880 4120  65 1541 3195  65 1881 3195  1882 1883 2671  1264 1883 2671  1017 2028 3512  369 1883 2630  50 1849 1884  989 1849 1884  985 1851 1886  534 1851 1886  25 3656 3957  985 1886 3656  170 1243 1887  573 1889 2300  573 1887 4231  573 1888 4231  1889 3823 3824  573 1889 3823  740 2475 2636  522 1923 4021  886 2410 2482  1086 2296 3865  2296 3865 4249  186 2046 2570  597 1410 2749  1471 2779 4197  1894 2779 4197  977 2152 3633  281 2344 3603  802 2013 3022  457 2999 3631  504 1863 1897  1863 1897 3108  605 1898 2862  122 1898 2862  463 1616 2905  271 1650 2510  953 2499 3319  756 1653 1901  455 1653 1901  50 1849 3592  50 1902 3004  676 1903 4293  370 1903 4293  858 1904 3030  1672 2001 3030  447 1494 1905  823 1494 1905  803 1715 1906  401 1715 1906  1091 2338 2918  598 2338 2918  280 2810 2913  844 1908 2069  1562 3185 3300  887 3300 4047  530 1172 1910  1172 2367 3716  691 1911 4133  54 4041 4133  667 1559 1912  184 1559 1912  240 1913 3791  818 1913 3791  1914 2268 4146  1630 2268 4146  965 3586 3590  274 1915 3586  941 2210 2663  164 1916 2664  644 1542 2870  644 1917 2870  230 1918 2228  1155 2421 3118  957 1919 3337  535 1877 2579  208 1346 1920  519 1920 2891  1921 2128 3754  305 1952 3722  9 4330 4334  894 2351 3273  522 1871 3244  522 1923 3244  571 1671 2391  571 1924 2391  531 1169 1925  270 1169 1925  1169 1734 2855  531 1169 1926  93 1647 1928  427 1647 1927  1647 1927 1928  523 1927 1928  1929 2566 3091  763 1748 3091  1108 1930 2821  116 1212 3526  963 1931 3543  2108 3542 4064  639 1228 3605  639 1932 3605  884 1933 3202  80 1777 3201  992 1388 1934  420 1388 1934  403 1935 3312  784 1935 3312  1244 1936 2563  254 2049 2702  51 1104 1937  719 3828 4262  971 2578 3426  551 1938 2181  915 1939 3107  538 4043 4128  92 1940 4044  1940 4043 4044  238 1750 1941  741 1750 1941  905 2504 3417  5 1942 3320  351 1186 1943  1186 1943 2865  419 1944 3776  810 1944 3776  188 1945 4164  725 1945 4164  1946 2776 4070  527 1946 2776  897 2769 3710  897 1947 2322  563 1362 1948  187 1362 1948  365 1949 3524  1008 1547 3667  602 2445 3530  855 1951 3600  665 2539 3722  526 2539 4123  1953 3655 3657  526 1953 3657  1041 3774 3916  526 1954 3774  689 1955 3595  109 1955 3595  671 2063 3376  1544 2931 3376  568 1957 3804  1957 3804 4009  1547 1958 3532  572 1547 1958  860 1528 2898  895 3228 3634  826 1960 3601  1962 4051 4096  157 2430 3186  462 1760 1963  1760 1963 3026  645 1774 1964  118 1774 1964  917 2469 3449  917 2084 2148  45 1966 2697  626 1966 2697  975 2089 3585  975 2105 3044  1078 1968 2767  12 1528 1969  12 13 1969  734 1970 2852  339 1970 2852  61 3911 4223  552 1821 1972  1972 3529 4221  1099 2738 4067  555 1974 4066  868 2650 3058  555 1974 2650  1974 2650 3058  176 1975 3059  37 1255 3555  1255 3555 3795  960 3233 3562  256 1977 3564  1978 3233 3562  548 1978 3562  1133 1979 4222  1133 1979 2921  494 3821 4288  1047 1980 3821  1282 2537 4057  536 1981 4209  846 1287 1982  583 2091 4080  752 1627 1983  320 1627 1983  244 1984 2882  616 1984 2882  500 2073 4032  896 2845 3255  300 1986 3909  1302 1987 3198  727 1302 1987  546 1988 2623  1034 1988 2623  801 1699 2822  1989 2822 2989  345 1196 1991  154 1196 1990  539 1990 3709  539 1991 3709  1992 3440 3723  539 1992 3723  935 1993 3111  544 1993 3423  328 2415 2561  1094 2207 4227  779 3370 3371  904 1647 3345  256 2529 2904  657 1997 3672  657 2084 2148  638 2285 4250  335 2286 2953  1212 1999 3526  326 2625 4246  633 1633 2000  98 1633 2000  858 1853 3217  914 2002 3747  914 2002 3127  1744 3412 4119  250 2003 3179  549 2004 3875  1022 2004 3849  1012 2005 4101  597 2005 4101  991 2006 3822  1314 2007 3187  1314 2203 3838  1091 2008 2760  275 2836 4189  321 1576 2009  686 1576 2009  656 1433 3278  656 2010 3278  545 2011 3869  545 3866 3869  2012 3869 3870  1024 2012 3874  2013 3022 3696  614 2013 3696  1025 2014 3861  547 2455 3860  547 1202 2015  180 2015 2445  2016 3867 4040  547 3900 4040  1022 2017 3850  499 2017 3851  383 1220 2018  600 3343 4320  930 3342 3343  270 1925 3342  1086 2020 3847  596 1892 2296  1020 3750 3752  1020 2021 2577  554 1191 2022  344 1191 2022  619 2023 4208  1437 4176 4208  581 2024 4005  2024 3027 4005  898 1507 3160  898 2026 4225  897 2124 2817  2026 2124 2817  703 1397 2027  224 1397 2027  1883 2028 2630  574 1883 2028  57 3421 3422  562 1176 2029  562 1178 2030  159 1178 2030  988 2377 3103  557 2031 3666  833 1510 2626  557 2067 3251  1840 2033 4134  537 1840 2033  560 1400 2034  160 1400 2034  1442 3608 3859  1025 2035 3608  722 1586 2450  554 2037 3521  1090 2037 3521  77 2016 3867  77 2038 3867  349 1194 2039  854 1535 2551  362 2252 2422  1117 2040 3176  170 1243 2041  795 1301 2265  172 2938 3840  929 1605 3406  723 1262 3658  575 1262 2043  1062 1782 2349  1062 2044 2349  591 1195 3047  564 1195 2045  743 2570 4136  186 2570 4136  591 2047 3047  330 2047 3047  595 1668 2048  232 1668 2048  608 2153 3148  608 2049 2702  1002 2050 4054  464 1740 2407  201 1345 3483  201 2051 3483  587 2052 2383  173 2052 2383  2357 3043 4079  307 2053 3043  708 2212 2375  199 2092 2212  865 2690 3693  196 2055 3693  655 2057 2158  585 2057 2158  212 1433 2057  655 1433 2057  863 2058 3235  216 2058 3235  980 2366 2866  980 2059 2695  683 2535 3362  2060 2535 3362  183 1367 2061  569 1367 2061  314 2062 3441  771 2062 3441  672 1638 2063  207 1638 2063  442 2064 2797  1223 3476 3477  886 2065 4153  522 3612 4153  1348 2066 3654  1251 2066 3654  833 1767 2067  457 1767 2067  616 1193 2319  43 2272 2482  604 2069 4215  1210 3610 4215  5 1555 3443  1555 3443 4159  206 2596 3184  206 2071 2072  360 1351 2568  994 2072 3533  1205 2073 4032  686 1205 2073  624 1649 2074  36 1649 2074  808 2075 3705  252 2075 3705  1023 2076 4289  538 4128 4289  771 1292 2984  771 2077 2984  1144 4324 4326  165 2078 3645  2079 4177 4178  578 2079 4178  1144 2107 4326  578 4178 4324  128 2081 4109  128 3080 3081  920 3271 4307  920 2082 4072  452 1592 2083  75 3882 4290  36 2084 2490  657 2084 2490  252 2085 4160  910 2085 4160  1675 2146 3227  86 2086 3227  168 1313 2087  551 1313 2087  785 2802 2803  786 2088 2892  867 2089 3049  233 2089 3049  199 1271 2090  599 1271 2090  846 2967 4080  399 1707 2967  2092 2212 3650  589 2092 3650  1240 2739 3385  384 2739 3385  613 1659 2094  488 1659 2094  837 2166 2278  386 3323 3732  550 2096 3350  793 2096 3350  721 2097 3679  290 2700 3679  580 1440 2098  799 2098 2117  590 2099 3243  1323 2295 3243  1425 2100 3456  141 1425 2100  1554 3369 3729  648 2101 3369  609 3888 4308  609 2102 2250  531 2103 4097  814 2103 4097  1093 2104 4011  153 2537 4010  162 1967 3044  162 2105 3044  579 1931 3510  579 2106 3510  1144 2108 4325  316 2107 4326  963 1931 4064  165 2108 3542  577 1147 2109  28 2109 4230  331 2516 3052  577 1147 2110  1021 3788 3790  162 2105 3788  592 1453 3158  592 2112 3158  511 1709 2113  772 1709 2113  650 2397 3739  650 2114 2397  288 3910 4150  288 2115 4150  966 1821 3529  966 2116 4226  1660 2301 3692  2117 2301 3692  957 2118 3338  2118 2206 3338  582 2446 2488  1037 2119 2488  829 2372 2628  830 2120 2753  496 1406 2121  341 1406 2121  723 2635 3270  723 1586 3270  637 2123 3697  119 2123 3697  772 2024 2124  581 2024 2124  100 2678 2798  715 2678 3689  251 1834 3613  251 2126 3613  827 1796 2883  48 1796 2883  419 1429 2128  665 1429 2128  606 1695 2269  606 2129 2269  718 1518 2130  898 2130 2458  1246 2131 2839  588 1246 2131  1283 2132 3259  588 1283 2132  588 1283 2133  368 1283 2133  880 2134 3458  447 2134 3458  587 2135 3162  1370 2136 3162  121 1742 3384  121 2136 3384  651 1377 2137  219 1561 3463  85 1701 2138  773 2138 2192  695 2139 2140  238 2139 2140  778 1750 2140  238 1750 2140  584 2141 4102  968 2141 4102  80 2142 3507  1777 3518 3519  765 2143 2521  845 2132 2144  588 2132 2144  160 2034 3694  160 2145 3694  86 1244 2146  618 1244 2146  98 1722 4145  98 4015 4145  657 2148 3672  391 2148 3672  1005 1976 3547  614 1529 3548  130 2150 3499  755 2150 3499  891 1373 2151  891 2151 2400  99 1210 2152  977 2333 3597  437 1541 2153  608 1881 3195  892 1979 2154  278 2729 2730  958 1758 3068  1153 2155 3069  1835 2156 2544  617 1835 2156  686 1205 3064  1205 3064 4245  1869 2158 3862  585 1861 2158  325 2159 3327  2160 3281 3584  154 1196 2160  593 1196 2160  1546 2858 3405  921 2858 3405  931 3111 3387  317 1993 3111  630 2557 3883  747 2163 2557  431 2164 4303  1000 2164 4303  1075 2867 4190  714 1734 2166  44 1734 2166  63 1992 3440  63 2167 3440  1089 3464 3615  355 2556 3464  348 1216 2169  634 1216 2169  881 2170 3085  1211 3084 3280  112 1678 2171  750 1678 2171  2019 4035 4296  1006 2172 4035  2162 3297 4075  931 2162 4075  230 2174 3808  1155 2228 3118  732 2175 3894  1112 2744 3155  319 2744 3155  730 2177 2381  396 2178 2356  759 2178 2356  599 1300 2743  599 2179 2743  68 1491 3114  448 1686 4155  448 2181 4155  1562 2182 2481  996 3146 3665  1188 2367 3475  623 4086 4247  1802 2184 2857  482 1802 2184  14 16 2185  1102 3306 4090  268 1387 2186  741 1941 2434  594 2187 2242  594 1516 2187  601 2190 3021  601 2188 3021  2188 2189 3833  601 2188 2189  789 2960 3021  249 4261 4276  229 1356 2191  85 1958 2192  1958 2192 3669  595 2048 2193  2048 2193 3536  1664 2194 3256  466 1664 2194  687 2411 3105  687 2195 2219  318 2196 3864  787 2196 3864  619 1156 2197  316 1156 2197  200 2198 2895  200 2895 3976  647 1511 2238  275 2238 2836  227 1342 3729  1342 2200 2815  302 2850 3877  781 2201 2850  268 2434 2683  947 2202 2734  936 1874 3500  936 2203 3500  611 1247 2204  368 1247 2204  396 1222 2205  611 1222 2205  611 1222 2206  130 1222 2206  1036 2223 2847  692 1291 3331  605 1291 2208  758 1512 2770  284 2209 2799  1916 2210 2664  518 1916 2210  807 2211 3248  150 2211 3248  199 2054 2375  199 2212 2375  258 1584 3339  422 1584 2213  79 1610 2214  707 2310 4183  678 2567 3137  678 1501 3137  1281 2216 2785  1124 2292 4186  761 2217 2736  2217 2486 2736  712 1936 3674  712 2218 3674  223 1622 2219  926 1622 2219  1171 2266 3609  336 3379 4170  1029 2221 3530  2221 2445 3530  1405 2222 2524  962 1405 2222  544 2207 2847  1036 2207 2847  253 1381 2224  794 2742 2762  334 2225 2774  334 2321 2774  862 2190 2226  249 2190 2226  325 2227 3327  1115 3580 3581  1918 2228 2835  950 2228 2835  487 2229 2679  1179 2229 3053  1236 1336 4081  135 1236 2230  1408 2231 4205  113 1408 2231  1545 2232 2233  421 1545 2232  201 2233 4279  201 2606 4279  324 1340 2234  615 1340 2234  615 2234 3324  615 2235 3324  1083 2358 3010  322 2236 3714  237 2237 2651  832 2237 2651  1019 1511 2238  1019 2238 2750  110 2239 3469  797 2239 3469  927 1775 2240  272 1775 2240  612 4239 4240  194 2241 4254  382 1803 2242  1150 2259 3154  1238 2045 2243  564 2045 2243  501 1621 2244  764 1621 2244  746 1704 2245  404 1704 2245  834 1955 2246  109 1955 2246  679 2247 3784  246 2470 2471  1010 2790 3660  1010 1501 3660  2071 2249 4025  206 2071 2249  67 1864 2250  610 1864 2250  901 2251 3470  901 2251 4158  2040 2252 3176  631 2040 2252  34 2253 2910  979 2253 2910  2254 2391 4147  1924 2391 4147  1953 3643 4123  126 3275 3644  934 2688 3166  105 2688 3166  116 2997 4157  116 1212 2257  1099 1974 2258  567 1359 4067  660 1708 2259  1150 1708 2259  2260 3623 4211  872 2260 3623  440 1601 2261  440 1530 2261  237 1363 3016  1363 1686 2262  1295 2827 2828  351 2264 3133  1649 2884 3133  795 2041 2265  170 2041 2265  1171 2220 2266  602 2220 2266  1108 2267 3527  505 1398 2821  628 1880 2268  629 1880 2268  381 2269 3496  913 2269 3496  766 1581 2270  69 1581 2270  1139 2740 2955  816 2271 2740  616 2272 3785  616 2319 3785  1353 2273 3498  653 1353 2273  966 2274 4137  553 2274 4137  1122 1705 2804  1122 2804 3604  696 3488 4140  696 2276 2777  1120 2277 4132  837 2095 2765  837 2278 2765  748 1626 2279  468 1626 2279  773 1550 4280  1550 2280 2812  91 1417 2281  621 1417 2281  2282 3473 4017  248 2282 4017  1563 3724 4241  673 2283 4056  673 1665 2284  442 3477 3478  1177 2285 4250  1177 2285 3420  335 1998 2286  638 1998 2286  1450 2285 2287  141 1450 2287  823 1816 2288  303 1816 2288  398 2289 3426  1109 3490 3493  1013 3734 4327  2290 3734 4327  622 1280 2291  1280 2291 2932  1124 2291 2292  329 2292 4186  111 2764 2796  111 2293 2764  324 1461 2294  620 1461 2294  108 1323 2295  1097 2307 2428  596 2020 2296  1086 2020 2296  554 1156 2297  146 2297 2602  493 1762 4008  493 2298 4008  236 2299 3398  236 2609 3398  573 1887 2300  1243 1887 2300  258 1399 2399  258 2301 2399  321 1835 2302  742 1835 2302  995 2303 4069  117 2303 4069  13 2498 4065  1637 2498 4065  823 2305 4148  143 2305 4148  413 1447 2306  657 1447 2306  1097 3232 4055  536 2307 2428  777 2956 2957  1001 1751 2309  1001 2308 2309  777 2309 2957  494 1610 4183  494 2310 4183  796 1917 2601  644 1917 2601  534 1851 2312  984 2312 3392  1164 2313 4196  111 2293 4195  797 1660 2314  277 1660 2314  397 1377 2315  651 1377 2315  82 1644 2316  1111 2227 3582  629 1630 3488  629 2543 3488  1984 2318 4180  616 1984 2318  2068 2319 3785  603 2068 2319  392 1303 2612  392 1302 2612  705 1568 2774  705 2321 2774  627 2322 3305  2322 2833 3305  883 3257 3305  152 2323 3257  2323 2324 3663  405 2324 3663  511 1709 3817  511 2325 3817  723 2326 3658  213 2326 3658  1200 1573 2327  381 1573 2327  69 1581 2328  703 1581 2328  969 1747 2329  100 1747 2329  215 1590 2330  694 2533 3528  675 2331 4103  218 2331 4103  418 1560 2332  757 1560 2332  281 2413 3208  977 2333 3603  1072 2334 2853  606 1969 2335  606 1503 2335  1452 2336 2780  367 1314 2336  722 2337 2700  290 2337 2700  1091 4043 4044  1091 2008 2918  1426 3007 3097  836 3007 3097  651 2137 2340  768 2137 2340  770 1463 2341  190 1463 2341  217 1579 2342  2590 2747 3247  1687 2343 3171  1076 2343 3171  2333 2344 3603  670 2333 2344  347 1705 2345  1705 2345 2804  954 1786 3389  1343 2347 2859  269 2347 2859  662 1691 2348  164 1691 2348  2044 2349 3029  375 2828 4143  858 1853 2350  499 1853 2350  893 2393 2479  893 2351 2393  44 1926 3134  44 2352 3134  353 1235 2353  626 2353 3283  1235 2353 3283  209 1235 2354  986 2255 2355  517 2255 2355  134 2400 2701  759 2401 2494  354 1698 2357  1242 2357 3407  46 2358 3717  1083 2358 3717  333 1175 2359  333 3553 3554  1415 2360 2948  812 2360 2948  917 2084 2361  917 2361 2469  1057 2362 3378  1183 2363 2431  337 2363 3183  541 1694 2364  1084 1589 4018  141 1425 4121  1425 2365 3277  1188 3448 4247  641 1188 2366  641 1188 2367  332 2367 3475  804 2464 3046  641 2366 2464  519 1920 4071  519 2369 4071  734 2370 3031  57 2370 3031  96 2371 3135  716 2470 3135  1983 2559 4200  53 2372 4200  1394 1585 2373  439 1585 2373  603 2068 2374  888 2068 2374  594 2375 4273  708 2375 4273  34 1588 2376  702 1588 2376  841 1973 2377  555 1973 2377  686 2073 3151  686 2378 3151  1015 2379 3765  1015 2379 2480  994 2380 2598  360 2568 3533  731 1265 2381  222 1265 2381  653 1506 2555  1506 2382 2555  856 2383 3191  1504 2908 3191  356 1252 2384  1206 3391 3676  664 1873 2385  1873 2385 2834  664 1275 2386  287 1275 2386  357 2189 2387  1161 2189 2387  921 1946 2388  921 2388 2599  1209 2389 2988  1209 2389 3843  1361 1847 3715  1361 2390 3715  625 2254 2391  1671 2391 4088  929 2042 2392  172 2042 2392  940 2393 3465  667 1372 2394  366 1372 2394  1372 2395 2789  667 1372 2395  532 1655 2396  650 2396 2398  2114 2292 2397  329 2292 2397  1655 2396 2398  157 1655 2398  110 1253 3469  1253 1399 2399  759 2356 2701  759 2400 2701  893 2402 2479  294 2402 2479  893 2351 2729  893 2402 2409  810 1944 2793  711 2404 2530  214 1438 2792  214 2404 2792  1566 2405 4237  87 1566 2405  599 2179 2406  599 1271 2406  1690 2407 3827  1002 1690 2407  187 1948 2408  187 1375 2408  891 1373 2409  278 1373 2409  919 1662 2410  503 1662 2410  500 1644 2411  687 1644 2411  344 1191 2412  767 1191 2412  1219 2253 3208  979 2253 3208  652 2414 3212  182 2414 3212  1094 2561 4210  328 2561 4210  778 2416 2417  94 2416 2417  695 1500 2417  1500 2417 2714  390 2418 2647  704 2418 2647  662 1691 2419  1011 2503 3180  350 2420 3434  867 2420 3434  366 1457 2421  738 1457 2421  620 1587 2422  620 1461 2422  1569 3393 3571  1085 2423 3393  136 3852 4301  640 1272 2425  384 1272 2425  329 2785 3460  757 1281 2785  417 1505 2427  1069 1505 2427  1097 2295 2428  108 2295 2428  1785 2429 3609  525 1785 2429  774 1875 4052  774 2430 3186  653 1353 2431  1353 2431 2519  1322 2595 4103  676 1322 2432  1750 2732 3583  741 1750 3583  762 2186 4193  268 2186 2434  349 1500 2435  695 1500 2435  946 1999 2436  326 1999 2436  910 1772 2437  87 1772 2437  359 1268 2438  639 1268 2438  1932 2439 3174  639 1932 2439  978 2440 3596  142 1476 2583  857 1380 3399  857 2441 3399  1267 2443 3748  2442 2443 3748  708 1708 2443  311 1708 2443  1031 3215 3216  1202 2015 2445  602 1202 2445  1037 2446 2488  997 2572 4167  481 1107 2447  1129 2625 4110  826 2007 2448  147 2007 2448  1138 2467 3446  693 2467 3446  66 2036 4085  66 2450 4085  642 2451 4191  461 2496 4151  1466 4294 4295  144 1466 2452  2452 2453 4214  494 2453 4214  1705 2454 3077  890 1705 2454  1025 2455 3860  149 1442 3859  241 2456 3013  770 2456 3013  1580 2457 3565  645 1580 2457  718 1565 2458  257 2833 4083  358 2497 3549  716 1868 2497  973 1509 2461  285 1509 2461  974 1299 2461  973 2461 3207  290 1808 2462  704 1808 2462  513 1163 2463  1105 2715 3454  641 2368 2464  2368 2464 3046  2276 2465 4310  663 2465 4310  420 1388 3670  175 1388 2466  693 2468 2917  693 2467 2917  2468 2916 2917  215 2468 2916  896 1985 3254  688 2829 3253  716 1868 2470  246 1868 2470  246 2247 2471  791 2249 3784  590 1702 2472  161 3529 4221  433 1533 2473  1054 1533 2473  371 1345 2474  635 2051 3483  889 2879 3848  740 2475 3848  449 1519 3444  449 1478 2476  749 1397 4077  749 2477 4077  562 1176 2478  335 1176 2478  940 2479 3367  294 2479 3367  873 2973 4130  714 2480 4130  1336 2481 4142  507 1336 2481  886 2065 2482  43 2065 2482  801 1556 2540  801 2483 2540  1139 2484 4269  465 2271 2740  1341 1386 4053  655 1341 2485  656 1433 2486  212 1433 2486  110 1420 4115  110 2487 4115  1444 1890 2488  582 1444 2488  953 2489 2784  128 2489 2784  982 2306 2490  657 2306 2490  1469 2491 3015  666 1469 2491  1811 2491 2492  666 2491 2492  106 1817 2493  782 1817 2493  2178 3326 4138  999 2494 4138  269 2495 3309  269 1301 2495  461 1640 3489  461 2496 3489  716 2459 2497  2459 2497 3549  454 1637 2498  454 1332 2498  953 2499 3607  271 2499 3607  27 1599 2500  1439 2528 3220  293 2528 3220  1217 2466 2502  175 2466 2502  1011 2419 2503  662 2419 2503  1942 3320 4063  905 2504 4063  241 2505 3646  707 2505 3646  441 2506 3671  1504 2506 3671  721 2507 3402  107 2507 3402  721 2508 3403  289 2508 3403  1198 1900 4108  343 4107 4299  953 1900 3607  691 1900 2510  748 1814 2511  492 1814 2511  939 1827 2512  515 1827 2512  315 2031 2513  1352 2031 2513  832 2514 4286  142 2514 4286  272 3302 4003  272 2515 4003  1147 2110 3052  331 2110 3052  402 1454 2517  1454 2517 2518  209 1235 2518  1235 2518 3442  1151 3442 4038  113 2519 4318  658 2143 2521  658 2520 2521  1470 2521 2733  765 2521 2733  1427 2475 2636  1427 2522 2636  463 1616 2523  669 1616 2523  669 2524 4144  1600 2525 4144  669 2523 3236  669 2525 3236  765 1593 2526  317 1593 2526  166 2527 4024  1167 2527 4024  293 2501 3220  745 1439 2528  256 2529 4267  256 1977 2642  711 2403 2530  810 2530 2793  545 3003 3048  1035 2531 3048  513 1163 3264  1163 3264 4014  694 2534 3528  2533 3240 3528  918 3240 3528  918 2330 3528  253 1381 2535  683 1381 2535  218 2536 4309  1110 2536 4309  1093 4009 4010  787 3804 4009  506 1859 2758  1042 1859 2758  526 1952 2539  1952 2539 3722  1383 1556 2540  60 2818 2936  811 2541 2949  239 2541 2600  126 1175 2542  922 1944 3170  90 1424 2543  696 1424 2543  1385 2592 3595  742 1385 2544  265 1570 2545  727 1570 2545  1127 2283 2546  363 2283 2546  2547 3559 3683  838 2077 3683  187 1375 2548  1082 3566 3567  1168 2270 3432  1276 2549 3699  661 1316 2550  1316 2550 2611  854 2039 2551  349 2039 2551  168 1478 2552  756 1478 2552  389 1279 2553  1158 3411 3745  811 1800 2554  133 1800 2554  202 2273 2555  653 2273 2555  747 2163 3464  747 2556 3464  222 1265 3984  1265 2515 2694  451 1735 2558  1051 1735 2558  53 1857 2559  752 1857 2559  418 1515 2560  690 1515 2560  774 1841 2561  1094 1841 2561  727 1302 2562  392 1302 2562  86 1393 2563  712 1393 2563  712 1393 2564  438 1393 2564  488 1525 2565  1134 4283 4284  523 1927 2566  763 2566 2655  2215 2567 3137  192 2215 2567  2072 2568 3533  678 2072 2568  961 1845 2959  372 1845 2959  598 1907 2570  743 1907 2570  672 1572 2571  1572 3396 3397  997 2446 2572  582 2446 2572  1040 1962 2573  533 1962 2573  137 1288 2575  1288 2574 2966  1288 2574 2575  681 2574 2575  1801 2575 2576  681 2575 2576  676 1902 2577  50 1902 2577  59 1686 2578  971 1686 2578  535 1919 2579  957 1919 2579  990 1411 4074  674 1411 2580  690 2560 3360  690 2581 3360  276 2582 3145  690 2582 3145  142 2440 2583  978 2440 2583  1063 2587 3437  2584 2587 3437  699 1297 2585  372 1297 2585  1296 2588 3834  699 2588 3834  1295 2589 3509  701 2589 3509  699 1297 3351  701 2584 3353  217 2342 3247  726 2590 2747  188 1412 4164  385 1412 2591  487 1385 2592  689 2592 3595  480 1470 2733  480 1488 2593  108 1323 2594  675 1323 2594  676 1322 4293  675 2595 4103  994 2598 3184  677 2598 3184  677 1759 2597  71 1759 2597  516 1759 2598  677 1759 2598  426 1578 2599  709 1578 2599  2541 2600 3093  736 2600 3093  221 1598 2601  796 1598 2601  1156 2297 2602  619 1156 2602  208 1920 2603  680 2369 4071  680 2029 2604  562 2029 2604  503 1661 2605  995 1661 2605  769 2051 2606  201 2051 2606  1233 2606 2607  353 1235 4038  261 2608 3662  912 2608 3662  752 1627 3398  752 2609 3398  203 1833 2610  869 1833 2610  907 1754 2611  292 1754 2611  1302 2320 2612  682 2320 2612  1303 2612 2613  682 2612 2613  682 1620 2614  1620 2614 3193  1004 2508 2615  289 2508 2615  700 2616 4058  1318 2618 4058  700 2619 3539  24 1318 2618  24 2617 2618  700 2618 3539  1116 2616 2619  700 2616 2619  719 1937 2620  51 1937 2620  728 2621 3622  141 1450 3772  1252 2384 2622  490 2384 2622  35 3576 3960  1100 1706 2624  361 3075 3801  2447 2625 4110  326 2436 2925  557 2032 3251  176 2032 2626  705 1376 2627  397 1376 2627  2120 2628 2753  287 2120 2628  829 1983 2629  320 1983 2629  1017 2630 2914  369 2630 2914  841 2377 3103  841 2631 3103  383 1540 2632  1211 2632 3279  847 2633 4029  323 2633 4029  575 1262 3388  723 1262 2634  2122 2635 3270  181 2122 2635  740 1890 2636  659 2636 3922  761 2217 2639  761 2637 2639  877 2018 2638  600 2018 2638  1181 2339 2639  1181 2217 2639  497 2696 4068  1045 2696 4068  1114 2159 2641  593 2159 2641  256 2642 4267  1390 2642 4267  713 2643 4259  220 2643 4259  715 2644 3689  1747 2678 3689  220 2480 2645  1015 2480 2645  638 2287 2646  1204 2287 2646  973 2462 2647  704 2462 2647  291 1444 2648  740 1444 2648  738 1457 2649  91 1457 2649  1975 2650 3059  555 1975 2650  832 2651 3169  832 3169 4286  1702 2652 4221  546 1702 2652  1166 2653 4265  33 2653 3990  1152 2147 2654  529 2147 2654  1927 2566 2655  427 1927 2655  703 1581 2656  364 1852 3017  733 2070 2657  1245 2070 2657  955 1771 2658  361 1771 2658  206 2596 2659  1157 2596 2659  802 1896 2660  167 1896 2660  890 2133 2661  368 2133 2661  194 2662 3547  194 1659 2662  1499 2663 4166  697 1499 2663  697 1487 2664  164 1487 2664  831 2120 2665  1413 2665 2923  2079 2666 3229  578 2079 2666  751 1502 2667  242 1502 2667  542 2081 2668  1123 2081 2668  501 2669 4264  941 2669 4264  719 1910 2670  332 1910 2670  183 2141 2671  183 1882 2671  1748 2672 2929  763 1748 2672  2151 2673 4233  1467 2673 3575  1081 3015 3485  775 2972 3272  776 2791 2972  2376 2676 3310  702 2376 2676  146 1485 2677  713 1485 2677  715 2125 2678  2125 2678 2798  742 1385 2679  487 1385 2679  1192 2169 2680  634 2169 2680  1119 3245 3628  1119 2681 3037  809 1307 2682  809 1696 2682  268 2202 2683  1009 2202 2683  155 2364 2684  1084 2364 2684  798 1338 3039  1338 2685 3039  10 3102 3465  730 2177 4230  730 2687 4230  839 1292 2688  1292 2984 2985  177 1349 2689  567 2258 3778  618 1244 2690  865 1244 2690  964 2106 2691  56 2106 2691  1200 2571 2692  454 1200 2692  634 1216 2693  309 1216 2693  272 1775 2694  747 1775 2694  804 1662 2695  244 1662 2695  1752 2696 4291  497 1752 2696  1234 2353 2697  626 2353 2697  55 2698 4216  828 2698 4216  365 1269 3524  1269 3484 4304  1474 2097 2700  2097 2700 3679  1221 1665 2701  134 1665 2701  2218 2702 3674  864 2218 2702  524 1521 2703  847 1273 4029  724 1876 2704  90 1876 2704  217 1579 2705  724 1579 2705  661 2706 3659  881 2706 3659  852 2298 2707  89 2298 2707  1143 3817 4285  1143 3707 3708  102 1505 2711  1505 2709 2711  720 2710 2711  720 2709 2711  102 2711 3687  737 1194 2712  239 1194 2712  737 1500 2713  349 1500 2713  2179 2714 2743  94 2179 2714  1105 2463 2715  513 2463 2715  337 4087 4089  652 1274 2716  776 1261 2791  775 2717 2972  362 1787 2718  775 1787 2718  313 1807 2719  903 1390 3806  1003 2097 3403  1003 2720 2721  729 1675 2721  289 1675 2721  324 1669 2722  739 2722 3156  2358 2723 3826  739 2723 3826  621 1417 2724  411 2724 4149  710 1438 2725  419 1438 2725  710 2726 2767  710 2767 4282  214 1438 2727  710 1438 2727  386 2095 2728  837 2095 2728  893 2409 2729  278 2409 2729  278 2154 2730  892 2154 2730  1096 2623 2731  546 2623 2731  778 2176 2732  319 2176 2732  1593 2593 2733  765 1593 2733  268 2202 2734  268 1387 2734  761 1451 2735  444 1451 2735  1451 2621 3622  761 1451 2736  644 2737 3025  644 1542 2737  1099 1973 2738  71 1973 2738  384 2093 3385  1240 2739 3760  465 2484 2740  1139 2484 2740  983 1735 2742  451 1735 2742  983 1995 3284  983 2742 2762  737 2712 2743  1300 2712 2743  319 2744 3226  319 2176 3155  1359 2738 2745  71 2738 2745  726 1491 2746  68 1491 2746  217 1490 2747  726 1490 2747  117 2368 2748  1172 2368 2748  597 1893 2749  743 2749 4136  743 1907 2750  275 1907 2750  93 2182 3346  996 2182 3346  1128 2752 4082  348 2752 4082  829 2629 2753  830 2629 2753  1360 1631 2754  408 1360 2754  956 2755 3551  135 2230 2831  1137 2211 3375  439 2373 3066  959 1919 2757  535 1919 2757  1688 2758 3782  506 1688 2758  911 2759 3781  261 2759 3781  538 1939 2760  915 1939 2760  1189 3857 4095  803 1189 2761  794 2224 2762  253 2224 2762  620 1587 2763  754 1587 2763  2293 2763 2764  754 2763 2764  990 2209 2765  284 2209 2765  564 1195 2820  591 1195 2766  1078 2767 3335  834 2768 3182  834 1955 3182  772 2113 4257  772 2769 4257  2209 2799 3701  758 2770 3701  1684 2699 2771  782 1684 2771  1018 2615 2772  289 2615 2772  24 1318 3063  684 2225 2774  684 1568 2774  1116 1689 2775  17 2775 3949  807 2211 3375  807 2776 3375  266 1719 2777  1131 1719 2777  1149 2591 2778  385 2591 2778  2440 2779 3596  1471 2440 2779  2615 2780 3086  367 2780 3086  1674 2864 3487  127 2781 3487  2171 2782 2990  750 2171 2782  1148 4312 4313  750 2782 4312  1214 2784 3080  128 2784 3080  757 2426 3460  757 2785 3460  757 1281 2786  171 1281 2786  593 1196 2787  345 1196 2787  735 1457 2788  366 1457 2788  209 1454 2789  735 1454 2789  70 2248 3660  70 2790 3660  2717 2791 2972  131 2717 2791  2404 2530 2792  810 2530 2792  2403 2530 2793  267 2403 2793  735 1456 2794  735 1454 2794  400 1463 2795  770 1463 2795  1230 2313 2796  111 2313 2796  857 1380 2797  442 1380 2797  758 1512 2798  100 1512 2798  284 2379 3765  284 2799 3765  262 1551 2800  826 1551 2800  786 1259 2893  785 2802 2892  2088 2802 2892  250 2088 2802  1743 2802 2803  540 1743 2803  670 2275 3604  670 2804 3604  1273 2703 2805  524 2703 2805  365 1256 2806  792 1256 2806  792 1602 2807  385 1602 2807  792 1481 2808  22 1481 2808  286 1863 3108  280 1704 2810  746 1704 2810  1499 2811 3336  1487 2811 3124  749 1357 2812  205 1357 2812  1397 2656 2813  364 2656 2813  951 2809 3749  951 2814 3749  1328 3499 3591  395 1329 4171  227 1877 2816  755 1877 2816  257 2322 2817  897 2322 2817  60 1741 4061  60 2818 4061  446 2819 4185  1140 2819 4185  1195 2766 2820  169 2766 2820  505 2267 2821  1108 2267 2821  801 2483 2989  233 1989 2822  795 2041 2823  1343 2823 2859  872 2825 3661  575 1489 2824  1489 2824 3661  872 2824 3661  674 1411 2826  386 1411 2826  853 2263 2827  698 2827 3891  961 2959 4143  853 2569 2959  1366 2829 3253  483 1532 3018  428 1549 2830  788 1549 2830  135 2755 2831  956 2755 2831  836 2832 4022  387 2832 4022  1565 2833 4083  883 1565 2833  819 1370 2834  121 1370 2834  584 2142 2835  950 2142 2835  915 2199 4189  2199 2836 4189  843 1828 2837  279 1828 2837  1113 2940 3597  99 2838 2940  1113 2940 4012  843 2838 2940  139 1488 2840  932 3296 3297  1396 2841 3728  84 2841 3728  764 2022 2842  344 2022 2842  637 1582 2843  184 1582 2843  607 1243 2844  561 1243 2844  1366 3018 3684  896 1366 2845  746 2846 3819  129 2846 3819  198 1311 2847  544 1311 2847  449 1478 2848  1475 2848 3012  1558 2849 2851  460 1558 2849  302 1508 2850  781 1508 2850  781 1254 2851  147 1254 2851  1426 1842 4236  339 2339 3097  2334 2853 3800  40 2853 3800  1361 2390 3350  566 1361 2854  1169 1926 2855  44 1926 2855  1289 2546 2856  363 2546 2856  623 2184 2857  1727 2857 4086  426 2599 2858  921 2599 2858  795 1301 2859  269 1301 2859  486 1279 2860  1278 2860 3737  933 1764 4270  1764 2861 4270  990 2862 4074  122 2862 4074  1561 2863 3463  1377 2863 3463  753 1943 2873  753 2864 2873  236 1858 2865  753 1858 2865  980 2059 2866  633 2059 2866  18 1608 4190  18 2867 4190  1053 2868 3871  1053 1541 2868  159 1447 2869  1447 1740 2869  312 1542 2870  376 1304 2871  376 1839 2871  138 1667 2872  821 1667 2872  127 2873 3786  1690 3462 3786  429 1382 2874  1186 1382 2874  767 2875 3522  234 1746 2875  146 1745 2876  767 1745 2876  842 2846 2877  1121 2877 3189  821 1677 2878  508 1677 2878  469 1789 2879  889 1789 2879  1906 2880 3698  69 1700 2880  1369 2423 2881  856 1369 2881  919 2272 2882  616 2272 2882  591 2047 2883  827 2047 2883  429 1606 4076  351 1606 2884  2270 2885 3432  393 2885 3432  184 1582 2886  899 2886 2947  409 1317 2887  1317 2887 2888  790 1356 3461  790 2888 3461  647 2199 2889  1317 2199 2889  362 2422 2890  1461 2422 2890  1346 2614 2891  371 2614 2891  785 2801 2892  786 2892 2893  2801 2892 2893  321 2801 2893  786 1259 2894  148 1179 4031  1684 2699 3400  783 2699 3400  783 1269 2896  365 1269 2896  860 1959 3038  860 2897 3038  860 1959 2898  19 2898 3914  860 1528 2899  441 1528 2899  90 1424 2900  90 1327 2900  186 1893 2901  1012 1893 2901  454 1638 2902  454 1637 2902  1497 3383 3781  913 1497 2903  256 1996 2904  904 1996 2904  463 1899 2905  1049 1899 2905  460 1867 2906  849 1867 2906  2594 2907 4124  762 2907 4124  856 1850 2908  440 1850 2908  1173 1396 3728  1174 3553 3554  1475 2910 3012  979 2910 3012  992 2911 4000  1809 3682 4000  905 1693 2912  374 1693 2912  1121 1828 2913  844 1828 2913  1213 1615 2914  369 1615 2914  1775 2556 2915  927 1775 2915  927 1310 2916  215 1310 2916  2467 2915 2917  927 2915 2917  275 1907 2918  598 1907 2918  874 2919 3653  874 2920 3653  267 1614 2920  874 1614 2920  874 1773 2921  158 1773 2921  830 1898 2922  122 1898 2922  1716 2580 3573  338 1716 2923  13 1969 2924  13 1332 2924  326 2625 2925  1129 2625 2925  1132 2282 2927  248 2282 2927  815 2174 3706  815 2927 3706  857 1290 2928  1290 2928 3092  828 2698 2962  828 1207 2929  276 2582 2930  928 2582 2930  421 1543 2931  671 1543 2931  931 2173 2932  2173 2932 3316  1407 2933 4235  400 1407 2933  1462 2933 2934  191 1462 2934  780 2933 4235  780 2935 4234  60 2540 2936  1383 2540 2936  521 1777 2937  970 1777 2937  1354 2392 3057  172 2392 3057  1358 2689 2939  567 2689 2939  843 2839 2940  2839 2940 4012  46 2723 2941  1376 2723 2941  624 1258 2942  1258 2942 3416  1157 2596 2943  677 2596 2943  582 1444 2944  291 1444 2944  2633 2945 3700  410 2945 3700  929 2392 2946  490 2392 2946  1582 2886 2947  422 1582 2947  411 2948 4149  812 2948 4149  477 1800 2949  811 1800 2949  124 2025 2950  1101 2025 2950  922 2793 2951  267 2793 2951  1151 2952 3810  1233 2952 3810  1955 2953 3182  335 2953 3182  433 1520 2954  585 1520 2954  404 1871 2955  816 1871 2955  450 1719 2956  777 2956 3318  2308 2309 2957  210 2308 2957  776 1261 2958  323 1261 2958  853 2828 4143  853 2959 4143  249 2190 2960  2190 2960 3021  465 1207 2961  828 1207 2961  828 2929 2962  510 2929 2962  479 1796 2963  827 1796 2963  901 2170 2964  242 2170 2964  1226 4276 4277  352 1226 2965  846 1287 2966  394 1287 2966  399 2091 2967  2091 2967 4080  1298 2323 3663  784 1935 3770  1567 3079 3312  129 1567 2969  179 2971 3744  649 2970 3260  808 2970 2971  776 2675 2972  2675 2972 3272  220 1963 2973  873 1963 2973  1682 1827 2974  195 1827 2974  252 1596 2975  1596 2975 3005  173 1695 2976  913 1695 2976  17 1511 2977  647 1511 2977  1197 2978 4207  574 1639 3431  338 2979 3341  1110 2979 3341  378 1699 2980  800 1699 2980  800 1224 2981  120 1224 2981  1699 2822 2982  233 2822 2982  868 1834 2983  495 1834 2983  934 2688 2985  1292 2688 2985  277 1480 2985  934 1480 2985  292 2550 3164  854 2986 3223  1208 3386 3843  1208 2987 3042  806 1811 2988  245 1811 2988  576 1741 2989  576 1989 2989  410 2782 2990  1309 2633 3700  1515 2991 3190  928 2991 3190  246 1868 2992  993 1868 2992  135 2993 4319  789 2993 4319  580 1440 2994  354 2994 3743  1193 2319 2995  603 2319 2995  345 1446 2996  908 1446 2996  908 1930 2997  116 1930 2997  1446 2944 2998  291 2944 2998  802 1231 3631  1231 2999 3631  1189 1774 3857  259 3000 4095  118 1774 3001  879 1774 3001  348 1192 3002  879 1192 3002  1035 3003 3048  2038 3003 3867  966 2116 4137  967 2116 3004  466 1664 3005  835 1664 3005  834 2246 3006  2246 3006 3719  160 1400 3007  836 3007 4022  417 2427 3008  1364 2427 3008  175 1809 3009  1087 1809 3009  2236 3010 3714  615 2236 3010  1103 2628 3011  287 2628 3011  449 1519 3012  979 1519 3012  1522 2795 3013  770 2795 3013  98 1722 3014  1343 1722 3014  489 3015 4163  1081 3015 4163  1363 2262 3016  607 2262 3016  364 2656 3017  1581 2656 3017  483 2829 3018  1366 2829 3018  144 1761 3019  871 3019 3457  352 1226 3020  789 1226 3020  2188 2993 3021  789 2993 3021  2660 3022 3736  376 3022 3736  120 1812 3023  806 1812 3023  726 1490 3024  459 1490 3024  807 1714 3025  807 2311 3025  270 1169 3026  873 1169 3026  231 1524 3027  1101 1524 3027  240 1779 3028  1569 3028 3571  1067 1845 3932  961 1845 3029  434 1904 3030  434 1672 3030  998 1970 3031  998 3420 3421  735 1456 3032  91 1456 3032  408 2096 3033  793 2096 3033  177 1358 3034  793 1358 3034  1692 3035 4229  1293 3035 4229  769 1697 3036  769 1685 3036  389 2860 3037  1278 2860 3037  346 2634 3038  1339 2634 3038  45 1583 3039  798 1583 3039  798 1584 3040  258 1584 3040  540 1744 3041  825 1744 3041  916 3042 3676  356 3042 3676  1242 3043 3711  307 3043 3711  576 1967 4152  1967 3044 4152  425 2524 4144  796 1598 3234  995 1661 4069  804 1661 3046  1195 2045 3047  330 2045 3047  229 1356 3048  545 1356 3048  1445 2982 3049  233 2982 3049  2926 3050 4321  388 3050 4321  463 1711 3051  1711 3051 3136  731 2177 3052  1147 2177 3052  487 2229 3053  1092 3266 4121  91 1456 3054  812 1456 3054  812 1456 3055  402 1456 3055  1724 3056 3704  416 1523 3056  378 1556 3112  1354 2392 4256  251 1834 3058  868 1834 3058  868 1564 3059  176 1564 3059  805 1888 3060  573 1888 3060  394 1888 3061  805 1888 3061  1753 3062 3467  169 1753 3062  1318 2773 3063  685 2773 3063  2157 4245 4322  617 3064 4245  570 1730 3065  809 1730 3065  439 2756 3066  1137 2756 3066  1145 3619 4299  958 3069 3619  958 2155 3068  327 2155 3068  1145 3578 3619  123 3578 3579  245 2492 3070  1371 2492 3070  380 3071 3126  380 1575 3126  813 1594 3072  185 1594 3072  1725 3072 3073  461 1725 3073  1480 2994 3074  354 2994 3074  1767 3075 3801  833 1767 3075  1062 1782 3829  1063 1782 3076  123 2454 3077  123 3077 3579  842 1567 3079  403 3079 3312  1123 2081 3081  128 2081 3081  430 2676 3209  1123 2676 3209  1214 3080 3082  436 1214 3082  1088 2165 3481  1075 2165 3083  242 2170 3084  881 2170 3084  475 1793 3085  1793 3852 4301  1018 1874 3086  367 1874 3086  1308 2329 3087  100 2329 3087  1923 3088 3244  151 1923 3088  473 1795 3089  862 1795 3089  814 1713 3090  1713 3090 3344  151 1748 3091  151 1929 3091  845 1681 3092  403 1681 3092  811 1516 3093  736 1516 3093  1727 3094 4049  471 1727 3094  240 1848 3791  498 1848 3095  1826 2512 3639  865 1826 3096  339 2852 3097  1426 2852 3097  452 1592 3098  452 1349 3098  560 1338 3099  387 1399 3625  939 1827 4242  1080 3100 3594  939 2049 3101  608 2049 3101  2393 3102 3465  9 2393 3102  988 2031 3103  315 2031 3103  166 1645 3104  926 1645 3104  687 2219 3105  926 2219 3105  926 1622 3106  501 1622 3106  156 2888 3107  1317 2888 3107  1026 2809 3359  951 2809 3108  155 1897 3109  951 1897 3109  508 1677 3110  965 3110 3586  317 2162 3111  931 2162 3111  1354 3057 3112  850 3057 3112  436 3113 3642  436 3122 3642  1491 2180 3114  900 2180 3114  798 1583 3115  422 1583 3115  1120 2277 3494  867 3116 4131  817 2449 3117  693 2449 3117  738 2174 3118  230 2174 3118  1913 3119 3570  818 1913 3119  818 1482 3120  132 1482 3120  639 1268 3121  185 1268 3121  1285 3122 3642  1284 3122 3210  336 3123 4170  909 3123 4170  415 1212 3124  946 1212 3124  519 2369 4172  519 1514 3125  813 3071 3126  813 1319 3126  2003 3127 3179  549 2003 3127  914 1990 3128  154 1990 3128  862 1795 3129  114 1795 3129  1161 2189 3130  601 2189 3130  1474 3131 3401  722 1474 3131  889 1789 3132  140 1789 3132  982 2264 3133  982 1649 3133  1443 1926 3134  760 1443 3134  96 1529 3135  716 1529 3135  3136 3373 4226  937 3136 3373  1010 1501 3137  1010 2215 3137  323 2633 3138  323 1261 3138  376 1839 3139  1249 2660 3736  942 1683 3140  31 1683 3140  942 1804 3141  470 1804 3141  1766 3142 3541  445 1696 3142  583 1982 3143  1301 2495 4169  303 1816 3940  491 1816 3144  916 2581 3145  690 2581 3145  293 3146 3246  996 3146 3246  150 1538 3147  864 1538 3147  608 2702 3148  864 2702 3148  840 1866 3927  993 1866 3149  1868 2497 3150  358 2497 3150  82 1644 3151  1644 2073 3151  49 2132 3152  845 2132 3152  279 1681 3153  845 1681 3153  1150 2242 3154  382 2242 3154  1112 1981 4260  1112 3515 4260  1669 2722 3156  446 3156 4185  241 1762 3157  852 2298 4008  2112 3157 3158  852 3157 3158  1598 3045 3159  221 1598 3159  581 2025 4225  124 2025 3160  1009 2728 3161  837 2728 3161  377 1370 3162  377 2135 3162  1220 4320 4328  902 3163 3165  2986 3164 3223  902 2986 3164  1220 3163 3165  383 1220 3165  105 3166 3544  556 1564 3167  556 1510 3167  448 2237 3168  832 2237 3168  406 3169 3629  406 3333 3629  922 2542 3170  126 2542 3170  666 1469 3171  1076 1469 3171  887 1909 3172  255 1909 3172  31 1805 3173  31 1683 3173  1242 3175 3407  1241 3174 3175  380 1575 3175  1242 1575 3175  362 2718 3176  1117 2718 3176  835 1664 3177  158 1664 3177  467 1824 3178  835 1824 3178  866 1743 3179  250 1743 3179  47 3180 4111  47 1788 3180  626 1966 3181  626 1617 3181  1178 2768 3182  335 1178 3182  1183 2363 3183  571 3183 3535  206 2072 3184  994 2072 3184  1392 3172 3185  423 1392 3185  157 1961 3186  1098 1961 3186  586 2336 3187  1314 2336 3187  411 1418 3188  411 1416 3188  842 1681 3189  279 1681 3189  168 2552 3190  928 2552 3190  173 1504 3191  173 2383 3191  671 1543 3545  876 3192 3194  876 1345 3193  371 1345 3193  1543 3192 3194  421 1543 3194  608 2153 3195  1541 2153 3195  157 1655 3334  532 1655 3196  533 1961 3197  1961 3197 3334  83 2320 3198  1302 2320 3198  1484 3199 3611  163 1484 3199  884 1268 3200  359 1268 3200  80 1933 3201  884 1933 3201  424 1591 3202  884 1591 3202  1190 3203 3598  1190 3203 3707  196 1825 3204  1825 3204 3205  515 1682 3205  849 1682 3205  96 1529 3206  1231 2999 3602  1299 2337 3207  290 2337 3207  281 2344 3208  1219 2344 3208  1284 3209 3210  430 3209 3210  430 1403 3652  430 3210 3652  652 1274 3212  1274 3211 3306  1274 3211 3212  182 3211 3212  1657 3213 3214  431 1657 3213  145 3214 4300  3214 3651 4300  552 2444 3216  1031 2444 3216  1646 3215 3216  552 3216 3231  858 2001 3217  301 3217 3905  858 2350 3218  148 2350 3218  431 3219 4303  431 1658 3219  2501 3220 3550  788 1439 3220  768 1523 3221  92 1523 3221  1421 3222 3450  1245 2926 4321  292 1754 3223  854 3223 3295  390 1731 3224  863 1731 3224  863 2058 3225  2058 3225 4139  1320 2907 3226  762 2907 3226  729 1675 3227  729 2086 3227  262 2800 3228  2800 3228 3634  751 2666 3229  751 1597 3229  2235 3230 3324  131 2235 3230  1646 3216 3231  937 1646 3231  1097 2307 3232  318 2307 3232  163 1648 3233  960 1648 3233  1598 3045 3234  425 3045 3234  863 1731 3235  1731 3235 3276  132 1482 3236  952 1482 3236  952 1710 3237  273 1710 3237  999 2494 3238  294 2494 3238  752 1857 3239  514 1857 3239  918 3240 3252  918 3252 3404  1310 2534 3241  943 1310 3241  869 1833 3242  495 1833 3242  370 2099 3243  370 1323 3243  816 3088 3244  816 1871 3244  1278 3628 3735  167 3245 3628  1270 2751 3246  996 2751 3246  725 2590 3247  2342 3247 4046  1538 1714 3248  150 1538 3248  217 2705 3249  895 3249 3250  2705 3249 3250  724 2705 3250  2032 2626 3251  833 2626 3251  1083 3252 3714  1083 3010 3714  688 2469 3253  896 3253 3254  2469 3253 3254  235 2469 3254  896 1985 3255  500 1985 3255  892 1979 3256  158 1979 3256  883 1229 3257  152 3399 4122  396 2205 3258  2205 3258 4182  1223 3606 3713  878 3259 3606  2970 2971 3260  179 2971 3260  995 1335 3261  423 1335 3261  1763 3219 4303  53 1763 3262  1103 2372 3572  456 3263 4127  112 2532 4014  112 3264 4014  1092 3053 3265  487 3053 3265  1204 2287 3266  141 2287 3266  1473 2962 3267  510 2962 3267  390 1431 3268  1058 3268 3970  2170 3085 3269  901 2170 3269  938 1586 3270  938 2122 3270  2541 2949 3271  920 2541 3271  271 1650 3272  775 3272 4188  894 1922 3273  9 3273 4334  890 2131 3274  890 1705 3274  665 1429 3275  126 1429 3275  933 1914 3276  216 1914 3276  434 1179 3277  1092 1179 3277  340 2485 3278  1433 2485 3278  383 2018 3279  877 2018 3279  877 2667 3280  242 2667 3280  593 2159 3281  2227 3327 4004  1241 1440 4161  1440 3282 4161  1235 2354 3283  626 2354 3283  983 2762 3284  253 2762 3284  228 3285 3286  954 1786 3746  954 3286 3746  888 1704 3287  280 1704 3287  445 1666 3288  821 1666 3288  598 2046 3289  882 2046 3289  882 2046 3290  186 2046 3290  393 1831 3291  882 1831 3291  492 1814 3292  1814 3292 3293  823 1494 4148  880 3293 3458  1815 3292 3294  880 3292 3294  1754 3223 3295  458 1754 3295  932 2840 3296  139 2840 3296  1765 3296 3297  407 1765 3297  1891 3298 4019  886 1891 3298  407 2173 3299  407 1419 3299  93 1928 3300  1928 3300 4047  112 2532 3301  943 2532 3301  1118 3632 4003  943 3301 3632  921 1946 3303  527 1946 3303  363 1229 3304  883 1229 3304  2323 3257 3305  627 2323 3305  1016 3306 3755  1079 1945 3307  1945 2590 3307  1043 1863 3308  504 1863 3308  942 1577 3309  269 1577 3309  430 2676 3310  430 1402 3310  923 2545 3311  1674 3311 3487  1567 2969 3312  784 2969 3312  1867 3204 3313  936 1867 3313  936 1867 3314  460 1867 3314  330 1238 3315  976 3315 4248  115 1854 4248  115 3316 4248  87 1250 3317  87 1566 3317  1719 2956 3318  266 1719 3318  1214 2784 3319  953 2784 3319  905 1294 3320  5 1294 3320  456 1742 3321  911 1742 3321  498 1849 3322  1849 3322 3592  1642 2826 3323  386 2826 3323  945 3230 3324  945 2234 3324  1066 1780 3325  226 1780 3325  130 3499 3591  130 1222 3326  825 3281 3327  2159 3281 3327  1495 2277 3328  297 1495 3328  404 1704 3329  888 1704 3329  888 2068 3330  43 2068 3330  1291 2208 3331  320 2208 3331  178 3332 3358  987 3332 3358  987 1894 3333  406 1894 3333  1655 3196 3334  851 3196 3334  2726 2767 3335  78 2726 3335  1493 3730 4156  415 1493 3336  2118 3337 3472  957 2118 3337  130 2150 3338  957 2150 3338  1584 2213 3339  799 2213 3339  506 1688 3340  1119 1688 3340  1716 3341 4154  1110 3341 4154  270 2019 3342  2019 3342 3343  930 4320 4328  930 3343 4320  930 3344 4328  125 3344 4328  904 1996 3345  1996 3345 3563  904 1647 3346  93 1647 3346  906 2200 3347  395 2200 3347  648 2200 3348  906 2200 3348  4 11 4332  906 2686 3349  1361 2854 3350  793 2854 3350  699 2588 3351  1028 3351 3880  1297 3351 3352  1028 3351 3352  701 2589 3353  1077 3353 3599  1294 3353 3354  1077 3353 3354  1081 2674 3485  1070 2674 3355  1008 1949 3356  189 1409 3668  814 3090 3357  1130 3090 3357  604 1769 3358  987 1210 3610  2809 3108 3359  286 3108 3359  81 2581 3360  1560 3360 3688  479 2963 3361  1419 2963 3361  569 2061 3362  569 2060 3362  1700 2328 3363  703 2328 3363  458 1754 3364  907 1754 3364  476 1798 3365  907 1798 3365  1755 3364 3366  907 3364 3366  1329 3238 3367  294 3238 3367  923 2545 3368  727 2545 3368  2101 3123 3369  909 3123 3369  1717 3370 3371  6 1717 3370  779 1995 3371  1146 1995 3371  1338 3372 3625  798 1338 3372  966 1821 3373  937 1821 3373  1635 3374 3408  528 1635 3374  1137 2756 3375  527 2756 3375  207 2063 3376  207 1544 3376  804 1661 3377  503 1661 3377  1407 2362 3378  21 1407 3378  336 2220 3379  1171 2220 3379  486 2085 3380  910 2085 3380  1824 2975 4160  467 1824 3381  1002 2050 4258  1002 3382 4258  587 1497 3383  911 3383 3781  2136 3383 3384  911 3383 3384  2033 2093 3385  1240 2033 3385  1654 3844 3845  1209 3386 3843  1280 2932 3387  1280 3387 3418  1262 2634 3388  346 2634 3388  1786 2346 3389  30 2346 3389  420 1934 3390  420 1326 3390  916 3145 3391  276 3145 3391  1460 3439 3455  984 3439 3455  377 2423 3393  377 1569 3393  390 3268 3394  1509 3268 3394  265 1658 3395  1658 3395 4192  432 1570 3396  925 1570 3396  925 1657 3397  145 1657 3397  692 2299 3398  692 1627 3398  152 2441 3399  1380 3399 4122  981 2198 3400  981 1684 3400  213 2720 3401  1003 2720 3401  1004 1452 3402  107 1452 3402  1003 2721 3403  289 2721 3403  1676 3252 3404  1676 3404 4271  88 2161 3405  1546 3405 3835  1206 3391 3406  276 3391 3406  354 3407 3743  1241 3407 3743  1193 2995 3408  178 2995 3408  110 2239 3409  838 2239 3409  2473 3410 4168  1054 2473 3410  1158 2553 3411  389 2553 3411  540 1743 3412  866 1743 3412  970 1628 3413  359 1628 3413  1736 2843 3414  184 2843 3414  1006 1760 3415  462 1760 3415  1201 2875 3416  234 2875 3416  485 2504 3417  485 1693 3417  328 1994 3418  935 1994 3418  413 2306 3419  982 2306 3419  998 2735 3420  444 2735 3420  1176 2029 3422  57 2029 3422  1177 1998 3422  1176 1998 3422  935 1994 3423  544 1994 3423  398 1938 3424  1313 1938 3424  143 1625 3425  143 1814 3425  971 1938 3426  398 1938 3426  410 1333 3427  410 1404 3427  265 1856 3428  924 1856 3428  924 1856 3429  514 1856 3429  1857 3429 3430  53 1857 3430  574 2978 3431  1197 2978 3431  1168 2549 3432  393 2549 3432  1260 3289 3433  882 3289 3433  1445 3049 3434  867 3049 3434  223 2663 3435  941 2663 3435  1066 2585 3436  372 2585 3436  374 1783 3437  1063 1783 3437  124 2312 3438  984 2312 3438  414 1507 3439  984 1507 3439  2167 2446 3440  997 2446 3440  1386 2547 3441  771 2547 3441  668 2519 4318  668 3442 4318  733 2070 4159  733 3443 4159  449 2476 3444  1476 2476 3444  945 2890 3445  1461 2890 3445  1192 2680 3447  1138 2680 3447  118 3001 3447  1192 3001 3447  1188 2366 3448  243 2366 3448  1965 2157 3449  235 2157 3449  569 1367 3450  388 1367 3450  777 1860 3451  520 1860 3451  1599 2222 3452  962 2222 3452  177 1422 3453  177 1846 3453  131 2235 3454  1105 2235 3454  295 3392 3455  295 1460 3455  433 1520 3456  1425 3456 4268  1761 3019 3457  493 1761 3457  1494 3293 3458  447 1494 3458  1406 3459 3846  496 1406 3459  1125 2397 3460  329 2397 3460  156 2011 3461  1356 2011 3461  2781 3382 3462  1002 3382 3462  219 2137 3463  1377 2137 3463  355 2168 3464  2168 3464 3615  1737 3349 3465  940 1737 3465  330 1636 3466  827 1636 3466  805 3060 3467  1154 3060 3467  150 3147 3468  1203 3147 3468  1253 2399 3469  797 2399 3469  1792 3269 3470  901 3269 3470  514 1858 3471  514 1674 3471  327 2155 3472  1247 2155 3472  621 2724 3473  1418 2724 3473  94 2179 3474  1272 2179 3474  1188 2183 3475  332 2183 3475  1221 2356 3476  396 2356 3476  1223 2064 3477  442 2064 3477  442 2284 3478  1665 2284 3478  914 1574 3479  539 3479 4023  341 2020 3480  1088 2020 3480  2165 3083 3481  225 3083 3481  1718 2066 3482  140 1718 3482  635 2474 3483  1345 2474 3483  232 2699 4304  232 3484 4304  2674 3355 3485  247 3355 3485  489 1810 4163  350 1810 3486  923 3311 3487  923 2781 3487  696 2543 3488  1630 3488 4140  41 1640 3998  1109 3491 3492  1109 3490 3491  171 1492 3491  1423 1492 3491  1423 3491 3492  565 1423 3492  1109 2289 3493  398 2289 3493  3116 3494 4131  412 3116 3494  1357 2813 3495  364 2813 3495  1331 2903 3496  913 2903 3496  1008 1547 3497  453 1547 3497  402 2517 3498  1353 2517 3498  1328 2815 3499  755 2815 3499  367 2203 3500  367 1874 3500  1126 1770 3501  464 1770 3501  1126 2604 3502  562 2604 3502  107 1764 3503  704 1764 3503  1422 2741 3504  451 2741 3504  378 1556 3505  801 1556 3505  950 2228 3506  521 1777 3519  1263 2142 3507  1263 4126 4179  1330 3009 3508  1087 3009 3508  375 2828 3509  1295 2828 3509  964 2106 3510  964 1931 3510  1901 2930 3511  928 2930 3511  493 1761 3512  1017 1761 3512  1213 2914 3513  1017 2914 3513  1578 3120 3514  132 3120 3514  640 2425 3515  1239 2425 3515  388 1367 3516  968 1367 3516  183 2141 3517  968 2141 3517  950 2142 3518  80 2142 3518  3506 3519 4135  950 3506 3519  1229 2283 3520  673 2283 3520  764 1537 4030  1537 3521 4037  767 1745 3522  484 2644 3537  1577 1768 3523  471 1577 3523  1269 3484 3524  572 3484 3524  2248 3525 3783  840 3525 3783  116 1930 3526  1108 1930 3526  326 1999 3527  1108 1999 3527  215 2330 3528  215 2534 3528  966 2274 3529  161 2274 3529  602 1950 3530  1029 1950 3530  1487 3124 3531  946 3124 3531  85 1680 3532  1547 1680 3532  360 2380 3533  994 2380 3533  1689 1781 3534  373 1689 3534  1183 2431 3535  113 2431 3535  1624 2048 3536  468 1624 3536  484 3522 3537  1745 3522 3537  989 1779 3647  819 1779 3538  2617 2618 3539  1027 2617 3539  1296 3539 3540  1027 3539 3540  963 1666 3541  445 1666 3541  963 1766 3542  165 1766 3542  274 1666 3543  963 1666 3543  1698 3166 3544  1068 1698 3544  1543 3192 3545  83 3192 3545  84 1563 3546  1289 1563 3546  1005 2149 3547  194 2149 3547  614 2149 3548  1005 2149 3548  1005 1976 3549  358 1976 3549  428 2830 3551  788 2830 3550  2830 3550 3551  956 3550 3551  428 1548 3552  1055 3552 3955  333 2919 3553  1133 2919 3553  1174 2909 3554  1173 3554 3728  613 1976 3795  613 3555 3795  969 2329 3556  429 2329 3556  1607 3556 3557  234 1607 3557  969 1746 3558  484 1746 3558  340 2010 3559  838 2010 3559  705 2627 3560  1375 2627 3560  1046 1832 3561  495 1832 3561  1977 3562 3564  548 1977 3562  960 1648 3563  427 1648 3563  960 1996 3564  256 1996 3564  334 2321 3565  1082 2321 3565  1276 3566 3567  1276 3566 3699  1082 2548 3567  187 2548 3567  327 1919 3568  959 1919 3568  959 2757 3569  54 2757 3569  426 1546 3570  1085 1546 3570  240 1913 3571  1085 1913 3571  3263 3572 4127  1000 3263 3572  1716 2923 3573  831 2923 3573  1216 2334 3574  1072 2334 3574  1563 2546 4241  1127 2546 4241  1034 2623 3779  1096 2623 3576  318 2196 3577  1096 2196 3577  123 3069 3619  123 3578 3619  1232 3578 3579  1122 3579 4039  1111 2227 3580  325 2227 3580  687 2316 3581  1111 2316 3581  1111 2316 3582  82 2316 3582  319 2433 3583  741 2433 3583  825 3281 3584  825 1744 3584  975 2105 3585  412 2105 3585  1677 3110 3586  274 1677 3586  518 1915 3587  964 1915 3587  965 1916 3588  164 1916 3588  964 1915 3589  274 1915 3589  518 1916 3590  965 1916 3590  130 3326 3591  999 3326 3591  50 3004 3592  967 3004 3592  967 2116 3593  273 2116 3593  1881 3101 3594  1080 1881 3594  1385 2544 3595  109 2544 3595  558 1895 3596  978 1895 3596  977 2152 3597  99 2152 3597  632 2710 3966  2589 3353 3599  263 2589 3599  1951 2808 3600  22 2808 3600  1254 2448 3601  459 1491 3685  1231 3206 3602  96 3206 3602  281 1895 3603  977 1895 3603  379 2275 4039  2275 3604 4039  119 1932 3605  359 1228 3771  3258 3476 3606  878 3258 3606  1900 2510 3607  271 2510 3607  416 3608 4104  416 1442 3608  149 2266 3609  149 1785 3609  987 3358 3610  604 3358 3610  1436 3199 3611  512 1436 3611  522 1871 3612  1468 1871 3612  869 3242 3613  1834 3242 3613  754 2764 3614  754 1830 3638  634 2006 3615  1089 2006 3615  1051 1735 3946  983 1735 3616  1157 3617 3733  1818 3617 3733  168 3190 3618  1515 3190 3618  958 3067 3619  3067 3619 4299  1030 1539 3620  577 3620 3790  517 2355 3621  517 1396 3621  1451 2736 3622  212 2736 3622  1394 2825 3623  872 2825 3623  491 2305 3624  491 1816 3624  387 3099 3625  1338 3099 3625  944 1682 4202  944 3626 4202  1917 2870 3627  643 1917 3627  1119 3037 3628  1278 3037 3628  2651 3169 3629  1464 2651 3629  445 1696 3630  445 1667 3630  457 1896 3631  802 1896 3631  943 3302 3632  3302 3632 4003  977 1895 3633  558 1895 3633  826 1960 3634  895 1960 3634  820 1511 3636  18 820 3636  18 3635 3636  1019 3635 3636  743 2750 3637  1019 2750 3637  227 1830 3638  227 1554 3638  1826 3096 3639  254 3096 3639  1376 2723 3640  739 2723 3640  1783 3076 3641  1064 1783 3641  850 2938 3642  1285 2938 3642  986 2355 3643  295 2355 3643  126 2255 3644  986 2255 3644  1144 2108 3645  165 2108 3645  1595 2456 3646  707 1595 3646  1779 3538 3647  435 3538 3647  240 1779 3648  989 1779 3648  498 1848 3649  989 1848 3649  1267 1757 3650  589 1757 3650  1331 2903 3662  1331 1573 3651  1285 3652 3840  1403 3652 3840  333 2919 3653  333 1391 3653  481 2447 3654  1251 2447 3654  295 1851 3655  985 1851 3655  25 1954 3656  985 1954 3656  985 1954 3657  526 1954 3657  1262 2043 3658  213 2043 3658  1211 3084 3659  881 3084 3659  679 1501 3660  679 2248 3660  1393 2825 3661  1393 1489 3661  1331 3651 3662  912 3651 3662  1298 2968 3663  405 2968 3663  193 3664 3912  1525 3820 3961  996 2182 3665  507 2182 3665  988 2032 3666  557 2032 3666  1949 3524 3667  572 3524 3667  189 3356 3668  1008 3356 3668  1668 1958 3669  595 1668 3669  1388 2466 3670  663 2466 3670  441 1503 3671  1503 1504 3671  1414 3006 3672  391 3006 3672  260 3991 4116  260 1548 4116  254 2702 3674  254 1936 3674  1215 2134 3675  447 2134 3675  1206 2384 3676  356 2384 3676  244 2882 3677  244 1662 3677  119 3282 3678  2098 3282 3678  721 1808 3679  290 1808 3679  809 1730 3680  165 1730 3680  453 2911 3681  992 2911 3681  175 1388 3682  992 1388 3682  771 2077 3683  771 2547 3683  1366 2845 3684  166 2845 3684  459 3601 3685  1254 3601 3685  1153 2661 3686  368 2661 3686  2710 2711 3687  632 2710 3687  81 1654 3688  1125 1654 3688  484 1747 3689  484 2644 3689  1018 2772 3690  618 2772 3690  1613 2653 3691  33 2653 3691  580 2117 3692  580 1660 3692  865 1825 3693  196 1825 3693  635 1697 3694  1697 2034 3694  671 1571 3695  432 1571 3695  1304 2149 3696  614 2149 3696  1228 3605 3697  119 3605 3697  1168 2270 3698  69 2270 3698  1168 1906 3699  401 1906 3699  1309 2990 3700  410 2990 3700  605 2209 3701  605 2770 3701  1014 1724 3702  219 1724 3702  1014 1784 3703  525 1784 3703  1014 1442 3704  416 1442 3704  1218 1596 4093  252 1596 3705  738 2649 3706  1132 2649 3706  1143 2325 3707  512 2325 3707  1190 2710 3708  720 2710 3708  1196 1991 3709  1196 1990 3709  1305 1947 3710  55 1305 3710  307 3711 3999  848 3712 3890  40 1536 3959  3259 3606 3713  49 3259 3713  3240 3252 3714  322 3240 3714  89 2390 3715  89 1847 3715  332 1910 3716  1172 1910 3716  1676 3252 3717  1083 3252 3717  1612 3718 4317  435 3718 3750  1007 1965 3719  391 1965 3719  1725 2451 3720  1365 1725 3720  385 1412 3721  1061 3721 3972  305 1921 3722  665 1921 3722  997 1991 3723  539 1991 3723  1347 3724 3830  443 1347 3724  1458 2023 3725  713 1458 3725  36 2490 3726  36 1649 3726  1173 1396 3727  517 1396 3727  2909 3554 3728  84 2909 3728  1342 2200 3729  648 2200 3729  1493 3336 3730  1115 3336 3730  218 1642 3731  947 1642 3731  1009 2728 3732  1009 2202 3732  315 2631 3733  315 1818 3733  622 2114 3734  1013 2114 3734  1249 2660 3735  167 2660 3735  1249 3139 3736  376 3139 3736  1250 3139 3738  1249 3139 3738  2437 3380 3738  1250 2437 3738  1125 1654 3739  1654 2396 3739  556 1510 3740  556 1786 3740  654 2000 3741  654 1652 3741  1116 2619 3742  373 2619 3742  1440 2994 3743  1241 1440 3743  1158 2971 3744  1059 3745 3982  1059 3744 3745  1158 3744 3745  955 3285 3746  955 1786 3746  299 2002 3747  1574 3479 4023  824 1757 3748  1267 1757 3748  1692 3035 3749  485 3035 3749  1612 3718 3750  1612 3750 3751  338 2979 3751  1020 2979 3751  1020 2577 3752  50 2577 3752  655 1341 3753  26 3753 3978  885 1921 3754  78 1430 3983  3306 3755 4090  16 3755 4090  1155 3506 4135  366 1776 3756  1329 3238 3757  1329 3757 4171  991 2006 4174  991 3758 4174  766 2885 3759  1441 2885 3759  153 3760 4213  1239 3760 4213  1164 1561 3761  446 1561 3761  537 1840 3762  1038 3762 3934  731 2516 3763  1118 2516 3763  472 1794 4006  472 1257 3764  758 2125 3765  1015 2125 3765  1898 2208 3766  830 1898 3766  317 1593 3767  932 1593 3767  224 1626 3768  748 1626 3768  1396 3621 3769  414 1518 4272  784 2968 3770  1298 2968 3770  1228 3697 3771  637 3697 3771  1450 2621 3772  728 2621 3772  1854 3773 4187  509 1854 3773  1041 1952 3774  526 1952 3774  101 2172 3775  1006 2172 3775  1438 2792 3776  810 2792 3776  1101 1524 3777  417 1524 3777  567 2689 3778  1349 2689 3778  2623 3576 3779  35 3576 3779  704 1764 3780  933 1764 3780  1497 2903 3781  261 2903 3781  76 2538 3782  1277 3745 3982  1184 1866 3783  840 1866 3783  791 2471 3784  2247 2471 3784  43 2272 3785  43 2068 3785  1690 3786 3815  1187 2873 3786  1105 2236 3787  322 2236 3787  162 2111 3788  2111 3788 3790  412 2105 3789  1021 2105 3789  1539 3620 3790  1021 1539 3790  1848 3095 3791  818 3095 3791  21 3078 3975  1141 3078 3792  1351 2567 3793  192 2567 3793  418 2332 3794  1312 2332 3794  358 1255 3795  358 1976 3795  508 2419 3796  1011 2419 3796  1011 3796 3798  1011 1788 3797  1011 3797 3798  342 3797 3798  447 1536 3799  1128 1536 3799  1128 1536 3800  40 1536 3800  361 2624 3801  1100 2624 3801  457 1767 3802  1100 1767 3802  1706 3245 3803  167 3245 3803  568 1526 3804  787 1526 3804  585 1520 3805  728 1520 3805  1390 2719 3806  313 2719 3806  1131 2058 3807  216 2058 3807  815 1618 3808  230 1618 3808  1466 2452 3809  642 2452 3809  353 2607 3810  1233 2607 3810  483 1532 3811  1201 1532 3811  137 1288 3812  137 1707 3812  1656 3149 3813  1071 1656 3813  458 2082 3814  1194 2082 3814  2264 3419 3815  1187 2264 3815  1187 2264 3816  351 2264 3816  231 4228 4285  1709 4228 4285  1651 2961 3818  1306 1651 3818  1139 2245 3819  129 1306 4269  875 3820 3961  875 1829 3820  494 1610 3821  1047 3821 3951  2006 2693 3822  309 2693 3822  1154 3060 3823  573 3060 3823  59 3824 3825  1154 3824 3825  1435 3825 4292  1154 3825 4292  1340 2722 3826  739 2722 3826  413 3815 3827  1690 3815 3827  1822 3828 4262  1822 4276 4277  1782 3076 3829  211 3076 3829  1563 3724 3830  84 1563 3830  1434 3225 3831  450 3225 3831  2755 3551 3832  1162 2755 3832  357 1629 3833  1162 1629 3833  373 2619 3834  1296 2619 3834  88 3405 3835  88 1369 3835  1678 3632 3836  1118 3632 3836  1553 2889 3837  409 2889 3837  1558 2851 3838  147 2851 3838  58 3993 4132  58 1225 4132  172 2042 3840  1403 2042 3840  794 1846 3841  566 1846 3841  2224 3841 3842  566 3841 3842  1208 3042 3843  356 3042 3843  1208 3386 3844  532 3386 3844  81 2987 3845  1208 2987 3845  646 2280 3846  1086 2280 3846  1406 3846 3847  1086 3846 3847  2648 3848 4184  740 2648 3848  549 2003 3849  1022 2003 3849  38 2004 3850  1022 2004 3850  1022 1843 3851  499 1843 3851  881 3085 4301  1793 3085 4301  1137 2211 3853  150 2211 3853  391 1965 3854  917 1965 3854  283 1861 3855  283 1533 3855  988 1975 3856  176 1975 3856  3000 3857 4095  879 3000 3857  1339 2635 3858  181 2635 3858  149 2455 3859  1025 2455 3859  547 2014 3860  1025 2014 3860  296 2035 3861  1025 2035 3861  948 3862 3926  283 1861 3929  1112 1981 3863  536 1981 3863  1282 2537 3864  787 2537 3864  1086 2280 3865  205 2280 3865  2012 3866 3869  1024 2012 3866  3003 3866 3867  1024 3866 3867  156 1939 3868  1023 1939 3868  2011 3868 3869  1023 3868 3869  1023 2076 3870  2076 3870 4129  1542 2868 3871  312 1542 3871  489 1812 3872  489 1811 3872  817 1964 3873  817 2225 3873  2012 3870 3874  296 3870 3874  1033 3875 3903  299 2002 3904  1616 2905 3876  1049 2905 3876  2201 2850 3877  972 2201 3877  2746 3307 3878  68 2746 3878  203 2610 3879  870 2610 3879  2588 3351 3880  204 2588 3880  1040 2573 3881  42 2573 3881  2558 3882 4290  1051 2558 3882  2163 2557 3883  104 2163 3883  643 2500 3884  27 2500 3884  1864 3308 3885  67 1864 3885  938 2450 3886  66 2450 3886  1031 2444 3887  310 2444 3887  2414 3888 4308  182 2414 3888  730 2381 3889  222 2381 3889  2288 3712 3890  303 2288 3890  2263 2827 3891  74 2263 3891  79 2214 3892  706 2214 3892  685 2191 3893  229 2191 3893  1257 2175 3894  1 1257 3894  658 2143 3895  198 2143 3895  870 2083 3896  75 2083 3896  314 2062 3897  839 2062 3897  66 2036 3898  974 2036 3898  2017 3850 3899  1044 2017 3899  547 2015 3900  1032 3900 3902  2016 3900 3901  1032 3900 3901  2015 3900 3902  180 2015 3902  2004 3875 3903  38 2004 3903  2002 3875 3904  1033 3875 3904  2001 3217 3905  859 2001 3905  264 1995 3906  779 1995 3906  63 1992 3907  1992 3907 4023  310 1988 3908  1034 1988 3908  1986 3762 3909  1038 3762 3909  1980 3910 4150  1047 1980 3910  744 1971 3911  1971 3911 4223  1968 3664 3912  1078 1968 3912  298 1962 3913  1040 1962 3913  1959 2898 3914  861 1959 3914  568 1957 3915  300 1957 3915  1954 3774 3916  25 1954 3916  305 1952 3917  1041 1952 3917  1029 1950 3918  4 1950 3918  188 1945 3919  1079 1945 3919  885 1921 3920  305 1921 3920  1049 1899 3921  103 1899 3921  1890 2636 3922  197 1890 3922  1039 1885 3923  306 1885 3923  1080 1881 3924  65 1881 3924  559 1875 3925  298 1875 3925  1869 3753 3926  26 3753 3926  1866 3149 3927  308 3149 3927  286 1863 3928  1043 1863 3928  1861 3862 3929  948 3862 3929  1042 1859 3930  228 1859 3930  1044 1853 3931  301 1853 3931  1845 3029 3932  73 3029 3932  1094 1841 4007  559 1841 3933  1840 3762 3934  64 1840 3934  497 1838 4068  225 1838 3935  1833 3561 3936  203 1833 3936  30 1832 3937  1046 1832 3937  37 1829 3938  875 1829 3938  1817 3144 3939  106 1817 3939  1816 3144 3940  1048 3144 3940  313 1807 3941  744 1807 3941  1781 3325 3942  226 3325 3942  226 1780 3943  1067 1780 3943  64 1757 3944  824 1757 3944  1001 1751 3945  72 1751 3945  1735 3616 3946  264 3616 3946  1052 1720 3947  210 1720 3947  311 1708 3948  660 1708 3948  1689 2775 3949  1065 1689 3949  859 1672 3950  95 1672 3950  1610 3821 3951  79 1610 3951  1574 3747 3952  299 3747 3952  972 1557 3953  39 1557 3953  1549 3552 3954  1055 3552 3954  1548 3552 3955  260 1548 3955  65 1541 3956  1053 1541 3956  1886 3656 3957  1039 1886 3957  297 1539 3958  1030 1539 3958  1536 3712 3959  848 3712 3959  1526 3576 3960  568 1526 3960  1525 3664 3961  193 3664 3961  1692 3962 4229  1026 1692 3962  1509 3268 3963  1058 3268 3963  900 1508 3964  302 1508 3964  1481 3721 3965  1061 3721 3965  1190 3598 3966  282 3598 3966  1469 3485 3967  247 3485 3967  190 1463 3968  1057 1463 3968  29 1434 3969  1052 1434 3969  1431 3268 3970  29 1431 3970  706 2341 3971  190 2341 3971  1412 3721 3972  188 1412 3972  1054 1533 3973  283 1533 3973  962 1405 3974  304 1405 3974  3078 3792 3975  949 3792 3975  1395 2895 3976  855 1395 3976  1386 3441 3977  314 3441 3977  1341 3753 3978  1073 1341 3978  1060 1319 3979  41 1319 3979  1295 2827 3980  698 2827 3980  1064 1293 3981  23 3962 4229  1277 3782 3982  76 3782 3982  1430 3754 3983  885 3754 3983  1265 2557 3984  630 2557 3984  1071 1255 3985  37 1255 3985  282 1248 3986  822 1248 3986  1069 1505 3987  102 1505 3987  1070 1225 3988  58 1225 3988  1218 2970 3989  649 2970 3989  2653 3990 4266  903 3990 4266  732 3991 4117  732 2175 4117  2427 3992 4026  1069 2427 3992  2277 3993 4132  1056 2277 3993  2109 3620 3994  28 2109 3994  1036 2207 3995  2207 3995 4007  1513 2259 3996  3 1513 3996  106 2493 3997  981 2493 3997  1640 3489 3998  1050 3489 3998  1575 3711 3999  1060 1575 3999  496 2911 4000  496 1809 4000  1121 3189 4001  279 3189 4001  466 1922 4002  894 1922 4002  2515 3763 4003  1118 3763 4003  1227 3041 4004  825 3041 4004  1101 2025 4005  581 2025 4005  472 3764 4006  1496 3764 4006  1841 3933 4007  62 3933 4007  852 3157 4008  1762 3157 4008  787 2537 4009  2537 4009 4010  153 2104 4010  1093 2104 4010  537 1986 4011  1986 4011 4050  347 2345 4012  1113 2345 4012  978 2413 4013  978 1895 4013  694 2533 4014  694 2532 4014  98 1633 4015  1633 1634 4015  511 2325 4016  511 1483 4016  1084 1589 4017  248 1589 4017  1084 2364 4018  541 2364 4018  255 1909 4019  1095 1909 4019  523 1929 4020  1095 1929 4020  886 1891 4153  1095 1891 4021  1400 3099 4022  387 3099 4022  1574 3952 4023  1074 3952 4023  1623 3104 4024  1167 1623 4024  679 1501 4025  1501 2071 4025  306 1885 4026  1364 1885 4026  558 1894 4027  1210 1894 4027  1352 2031 4028  557 2031 4028  1273 2805 4029  323 2805 4029  1537 3521 4030  554 3521 4030  148 2894 4031  1259 2894 4031  500 1985 4032  1205 1985 4032  702 1588 4033  379 1588 4033  727 1570 4034  432 1570 4034  600 2172 4035  600 2019 4035  817 1590 4036  684 1590 4036  56 2106 4037  1090 2106 4037  353 3810 4038  1151 3810 4038  1232 3579 4039  379 1232 4039  1024 2014 4040  547 2014 4040  54 2040 4041  1117 2040 4041  278 1373 4042  1373 1611 4042  538 2760 4043  1091 2760 4043  1091 2338 4044  92 2338 4044  1149 1325 4045  502 1325 4045  725 2591 4046  1149 2591 4046  523 1909 4047  887 1909 4047  533 3197 4048  1371 3197 4048  97 2857 4049  1727 2857 4049  1957 4009 4050  1093 4009 4050  1098 1961 4051  533 1961 4051  774 3186 4052  1098 3186 4052  1341 2485 4053  340 2485 4053  1865 3501 4302  464 3501 4302  2295 3243 4055  1097 2295 4055  1467 3575 4056  673 1467 4056  1981 4057 4209  153 4057 4213  409 2887 4058  1318 2887 4058  422 1582 4059  637 1582 4059  1378 2509 4060  343 2509 4060  847 2818 4061  847 1741 4061  1321 2274 4062  553 2274 4062  541 1942 4063  541 2504 4063  579 2108 4064  579 1931 4064  14 2185 4065  1637 2185 4065  555 1973 4066  1099 1973 4066  567 2258 4067  1099 2258 4067  1838 3935 4068  1045 3935 4068  1661 3046 4069  117 3046 4069  221 1946 4070  221 2311 4070  680 2603 4071  1920 2603 4071  458 3364 4072  1755 3364 4072  1326 1327 4092  1327 4073 4092  1411 2580 4074  122 2580 4074  407 2173 4075  931 2173 4075  1606 2884 4076  624 2884 4076  224 2477 4077  224 1397 4077  316 2037 4078  1090 2037 4078  1068 1698 4079  1698 2357 4079  583 1982 4080  846 1982 4080  1236 2230 4081  507 2230 4081  1216 2334 4082  348 1216 4082  257 2458 4083  1565 2458 4083  71 1973 4084  841 1973 4084  722 2337 4085  2036 2337 4085  1726 3448 4247  1726 4086 4247  1274 2716 4089  337 2716 4089  625 2185 4088  1102 2185 4088  1102 3306 4089  1274 3306 4089  1102 2185 4090  16 2185 4090  1283 3259 4091  878 3259 4091  502 1325 4092  1325 1326 4092  1596 3705 4093  808 3705 4093  1535 2551 4094  1130 2551 4094  1189 2761 4095  259 2761 4095  298 1875 4096  1098 1875 4096  531 1713 4097  814 1713 4097  1167 2842 4098  344 2842 4098  191 1462 4099  592 1462 4099  1817 3144 4100  491 3144 4100  1012 1893 4101  597 1893 4101  584 1918 4102  968 1918 4102  1322 2432 4103  218 2432 4103  1142 1523 4104  416 1523 4104  1161 3129 4105  114 3129 4105  1384 2074 4106  36 2074 4106  343 2509 4107  1198 4107 4108  2509 4107 4108  691 2509 4108  1198 2489 4109  128 2489 4109  47 1107 4110  1129 2503 4111  1129 4110 4111  47 4110 4111  452 1350 4112  452 1673 4112  1215 3000 4113  259 3000 4113  656 2217 4114  1181 2217 4114  2487 4114 4115  1181 4114 4115  1548 3673 4116  1160 3673 4116  3991 4116 4117  1160 4116 4117  357 1496 4118  1160 1496 4118  154 3584 4119  1744 3584 4119  1448 2317 4120  629 2317 4120  1425 3277 4121  1092 3277 4121  152 3257 4122  1229 3257 4122  1479 3644 4123  986 3644 4123  1387 2186 4124  762 2186 4124  1263 2142 4125  584 2142 4125  1264 1883 4126  369 1883 4126  1103 3011 4127  456 3011 4127  1940 4043 4128  1142 1940 4128  1142 2035 4129  296 2035 4129  873 1734 4130  714 1734 4130  2420 3839 4131  867 2420 4131  1225 3839 4132  1120 3839 4132  1378 3569 4133  54 3569 4133  589 1757 4134  1757 1840 4134  521 3519 4135  521 1776 4135  1893 2749 4136  186 1893 4136  2116 3004 4137  553 3004 4137  759 2178 4138  759 2494 4138  1131 1719 4139  450 1719 4139  696 2777 4140  1131 2777 4140  504 1416 4141  610 1416 4141  423 1335 4142  1335 1336 4142  375 2349 4143  961 2349 4143  425 3045 4144  1600 3045 4144  561 1722 4220  1722 4145 4220  216 3807 4146  216 1914 4146  207 1924 4147  207 2254 4147  1494 3293 4148  143 3293 4148  1417 3054 4149  812 3054 4149  2115 2496 4150  2496 4150 4151  461 2451 4151  1106 2453 4191  233 1989 4275  576 1989 4152  1891 4021 4153  522 4021 4153  674 2536 4154  1110 2536 4154  971 2181 4155  971 1686 4155  325 2159 4156  1114 2159 4156  116 2257 4157  1114 2257 4157  570 1502 4158  570 2251 4158  6 1555 4159  6 2070 4159  1824 3381 4160  910 3381 4160  119 1932 4161  1241 1932 4161  597 1410 4162  1410 1608 4162  1810 3486 4163  1081 3486 4163  1412 2591 4164  725 2591 4164  1837 3508 4165  1087 3508 4165  223 2195 4166  1115 2195 4166  345 2572 4167  345 1991 4167  95 1534 4168  1534 2473 4168  1301 3143 4169  583 3143 4169  1230 2796 4170  909 2796 4170  395 2815 4171  1328 2815 4171  519 3125 4172  1842 3125 4172  1132 2649 4173  2281 2649 4173  1089 2163 4174  1089 2006 4174  563 1836 4175  563 1948 4175  619 2197 4176  1159 2197 4176  1437 4176 4177  1159 4176 4177  1159 2080 4178  2080 4178 4324  369 4126 4179  369 1615 4179  528 2318 4180  528 1632 4180  1251 2267 4181  505 2267 4181  2204 4091 4182  878 4091 4182  707 2214 4183  1610 2214 4183  889 3848 4184  889 1872 4184  1669 3156 4185  1140 1669 4185  1124 2216 4186  329 2216 4186  1124 2291 4187  115 2291 4187  1650 3272 4188  1117 1650 4188  275 2008 4189  915 2008 4189  596 2165 4190  596 1608 4190  1106 4151 4191  2451 4151 4191  431 1657 4192  925 1657 4192  2186 2434 4193  741 2434 4193  34 2376 4194  1402 2376 4194  111 2313 4195  1164 2313 4195  525 1784 4196  1164 1784 4196  406 3169 4197  406 1894 4197  520 1860 4198  1217 1860 4198  344 2412 4199  1201 2412 4199  829 1983 4200  829 2372 4200  708 2443 4201  1267 2443 4201  1712 3626 4202  1682 1712 4202  88 1531 4203  1530 1531 4203  571 1408 4204  1408 4204 4205  636 2232 4205  1136 2232 4205  1136 2232 4206  421 2232 4206  683 2978 4207  683 1381 4207  462 1437 4208  462 2023 4208  1282 2307 4209  536 2307 4209  544 1994 4227  328 1994 4210  1165 1527 4211  174 1527 4211  346 2897 4212  1165 2897 4212  1981 4057 4213  1239 3515 4260  1609 2310 4214  494 2310 4214  99 2069 4215  99 1210 4215  1305 1651 4216  828 1651 4216  455 1402 4217  1402 1403 4217  929 2042 4218  929 1605 4218  237 1721 4219  1152 1721 4219  1152 1721 4220  561 1721 4220  161 2472 4221  1702 2472 4221  1174 3553 4222  1133 3553 4222  1549 3954 4223  61 3954 4223  603 2374 4224  1739 2374 4224  2025 3160 4225  898 3160 4225  273 3136 4226  273 2116 4226  1994 4210 4227  1094 4210 4227  772 1709 4228  1709 3817 4285  23 3981 4229  1293 3981 4229  1147 2109 4230  1147 2177 4230  394 1287 4231  1287 1887 4231  1782 2349 4232  375 2349 4232  134 2151 4233  134 1467 4233  1351 3792 4234  1141 3792 4234  780 4234 4235  1141 4234 4235  1426 2852 4236  734 2852 4236  711 2404 4237  1135 2404 4237  1135 2404 4238  214 2404 4238  1199 2241 4240  612 2241 4240  1135 1643 4240  1199 1643 4240  443 3575 4241  1127 3575 4241  195 3100 4242  195 1827 4242  838 2077 4243  838 2239 4243  1013 2398 4244  1013 2114 4244  235 1205 4245  235 2157 4245  326 3527 4246  2267 3527 4246  623 2183 4247  1188 2183 4247  1238 3315 4248  1238 1854 4248  205 2005 4249  1892 2005 4249  638 1998 4250  1177 1998 4250  1227 3582 4251  82 3582 4251  1334 2803 4252  540 2803 4252  1199 1643 4253  488 1643 4253  1659 4253 4254  194 1659 4254  1354 3112 4255  378 3112 4255  1355 2622 4256  490 2622 4256  55 1473 4257  1473 2113 4257  392 1459 4258  392 2050 4258  1458 1963 4259  220 1963 4259  1239 4213 4260  1981 4213 4260  1182 2226 4261  249 2226 4261  719 2620 4262  1182 2620 4262  1182 1806 4263  473 1806 4263  1622 3435 4264  941 3435 4264  548 1977 4265  1166 1977 4265  1390 2642 4266  903 1390 4266  745 2719 4267  1390 2719 4267  433 2473 4268  1534 2473 4268  129 3819 4269  1139 3819 4269  628 1914 4270  933 1914 4270  46 1568 4271  684 1568 4271  414 3769 4272  1396 3769 4272  1150 1708 4273  708 1708 4273  1209 2988 4274  245 2988 4274  1989 4152 4275  975 4152 4275  249 2960 4276  1226 2960 4276  1226 2965 4277  530 2965 4277  636 2952 4278  1233 2952 4278  2233 4278 4279  1233 4278 4279  1550 2280 4280  646 2280 4280  1428 2669 4281  941 2669 4281  214 2727 4283  710 2727 4282  2727 4282 4283  1134 4282 4283  1134 2565 4284  488 2565 4284  1143 2708 4285  231 2708 4285  1471 2440 4286  142 2440 4286  1865 3501 4287  208 1865 4287  1980 4150 4288  1106 4150 4288  1023 1939 4289  538 1939 4289  75 2083 4290  1592 2083 4290  72 1751 4291  1751 1752 4291  565 3467 4292  1154 3467 4292  1322 2595 4293  370 2595 4293  424 1615 4294  1213 1615 4294  1466 3809 4295  1365 3809 4295  270 1760 4296  1006 1760 4296  1145 3578 4298  1145 4297 4298  542 1232 4298  1232 3578 4298  1823 4297 4299  1145 4297 4299  1200 2571 4300  145 2571 4300  136 2706 4301  881 2706 4301  1303 2050 4302  1303 1865 4302  1763 3262 4303  1000 3262 4303  783 1269 4304  783 2699 4304  506 3340 4305  1706 3340 4305  1799 4306 4307  52 1755 4306  920 4072 4307  1755 4072 4307  609 2250 4308  1723 2250 4308  2021 2432 4309  1110 2021 4309  1424 1756 4310  663 1756 4310  170 1287 4311  1287 1982 4311  750 2783 4313  750 4312 4313  331 2110 4313  1148 2110 4313  1404 4312 4314  1148 4312 4314  1158 2971 4315  808 2971 4315  1090 2106 4316  579 2106 4316  664 2386 4317  1413 2386 4317  1151 2231 4318  113 2231 4318  1236 3020 4319  789 3020 4319  600 2018 4320  1220 2018 4320  1245 3222 4321  388 3222 4321  1007 2156 4322  617 2156 4322  564 1423 4323  1423 1492 4323  2078 3645 4324  578 2078 4324  1144 2107 4325  579 2107 4325  2080 4324 4326  316 2080 4326  328 2415 4327  328 2290 4327  1220 3163 4328  125 3163 4328  4 2686 4333  2686 3349 4333  4330 4331 4334  7 4331 4334  7 8 4331  4 4332 4333  4329 4332 4333  10 3349 4333  10 4329 4333  1922 3273 4334  7 1922 4334  </DataArray>
<DataArray  type="UInt32"  Name="offsets"  format="ascii">3 6 9 12 15 18 21 24 27 30 33 36 39 42 45 48 51 54 57 60 63 66 69 72 75 78 81 84 87 90 93 96 99 102 105 108 111 114 117 120 123 126 129 132 135 138 141 144 147 150 153 156 159 162 165 168 171 174 177 180 183 186 189 192 195 198 201 204 207 210 213 216 219 222 225 228 231 234 237 240 243 246 249 252 255 258 261 264 267 270 273 276 279 282 285 288 291 294 297 300 303 306 309 312 315 318 321 324 327 330 333 336 339 342 345 348 351 354 357 360 363 366 369 372 375 378 381 384 387 390 393 396 399 402 405 408 411 414 417 420 423 426 429 432 435 438 441 444 447 450 453 456 459 462 465 468 471 474 477 480 483 486 489 492 495 498 501 504 507 510 513 516 519 522 525 528 531 534 537 540 543 546 549 552 555 558 561 564 567 570 573 576 579 582 585 588 591 594 597 600 603 606 609 612 615 618 621 624 627 630 633 636 639 642 645 648 651 654 657 660 663 666 669 672 675 678 681 684 687 690 693 696 699 702 705 708 711 714 717 720 723 726 729 732 735 738 741 744 747 750 753 756 759 762 765 768 771 774 777 780 783 786 789 792 795 798 801 804 807 810 813 816 819 822 825 828 831 834 837 840 843 846 849 852 855 858 861 864 867 870 873 876 879 882 885 888 891 894 897 900 903 906 909 912 915 918 921 924 927 930 933 936 939 942 945 948 951 954 957 960 963 966 969 972 975 978 981 984 987 990 993 996 999 1002 1005 1008 1011 1014 1017 1020 1023 1026 1029 1032 1035 1038 1041 1044 1047 1050 1053 1056 1059 1062 1065 1068 1071 1074 1077 1080 1083 1086 1089 1092 1095 1098 1101 1104 1107 1110 1113 1116 1119 1122 1125 1128 1131 1134 1137 1140 1143 1146 1149 1152 1155 1158 1161 1164 1167 1170 1173 1176 1179 1182 1185 1188 1191 1194 1197 1200 1203 1206 1209 1212 1215 1218 1221 1224 1227 1230 1233 1236 1239 1242 1245 1248 1251 1254 1257 1260 1263 1266 1269 1272 1275 1278 1281 1284 1287 1290 1293 1296 1299 1302 1305 1308 1311 1314 1317 1320 1323 1326 1329 1332 1335 1338 1341 1344 1347 1350 1353 1356 1359 1362 1365 1368 1371 1374 1377 1380 1383 1386 1389 1392 1395 1398 1401 1404 1407 1410 1413 1416 1419 1422 1425 1428 1431 1434 1437 1440 1443 1446 1449 1452 1455 1458 1461 1464 1467 1470 1473 1476 1479 1482 1485 1488 1491 1494 1497 1500 1503 1506 1509 1512 1515 1518 1521 1524 1527 1530 1533 1536 1539 1542 1545 1548 1551 1554 1557 1560 1563 1566 1569 1572 1575 1578 1581 1584 1587 1590 1593 1596 1599 1602 1605 1608 1611 1614 1617 1620 1623 1626 1629 1632 1635 1638 1641 1644 1647 1650 1653 1656 1659 1662 1665 1668 1671 1674 1677 1680 1683 1686 1689 1692 1695 1698 1701 1704 1707 1710 1713 1716 1719 1722 1725 1728 1731 1734 1737 1740 1743 1746 1749 1752 1755 1758 1761 1764 1767 1770 1773 1776 1779 1782 1785 1788 1791 1794 1797 1800 1803 1806 1809 1812 1815 1818 1821 1824 1827 1830 1833 1836 1839 1842 1845 1848 1851 1854 1857 1860 1863 1866 1869 1872 1875 1878 1881 1884 1887 1890 1893 1896 1899 1902 1905 1908 1911 1914 1917 1920 1923 1926 1929 1932 1935 1938 1941 1944 1947 1950 1953 1956 1959 1962 1965 1968 1971 1974 1977 1980 1983 1986 1989 1992 1995 1998 2001 2004 2007 2010 2013 2016 2019 2022 2025 2028 2031 2034 2037 2040 2043 2046 2049 2052 2055 2058 2061 2064 2067 2070 2073 2076 2079 2082 2085 2088 2091 2094 2097 2100 2103 2106 2109 2112 2115 2118 2121 2124 2127 2130 2133 2136 2139 2142 2145 2148 2151 2154 2157 2160 2163 2166 2169 2172 2175 2178 2181 2184 2187 2190 2193 2196 2199 2202 2205 2208 2211 2214 2217 2220 2223 2226 2229 2232 2235 2238 2241 2244 2247 2250 2253 2256 2259 2262 2265 2268 2271 2274 2277 2280 2283 2286 2289 2292 2295 2298 2301 2304 2307 2310 2313 2316 2319 2322 2325 2328 2331 2334 2337 2340 2343 2346 2349 2352 2355 2358 2361 2364 2367 2370 2373 2376 2379 2382 2385 2388 2391 2394 2397 2400 2403 2406 2409 2412 2415 2418 2421 2424 2427 2430 2433 2436 2439 2442 2445 2448 2451 2454 2457 2460 2463 2466 2469 2472 2475 2478 2481 2484 2487 2490 2493 2496 2499 2502 2505 2508 2511 2514 2517 2520 2523 2526 2529 2532 2535 2538 2541 2544 2547 2550 2553 2556 2559 2562 2565 2568 2571 2574 2577 2580 2583 2586 2589 2592 2595 2598 2601 2604 2607 2610 2613 2616 2619 2622 2625 2628 2631 2634 2637 2640 2643 2646 2649 2652 2655 2658 2661 2664 2667 2670 2673 2676 2679 2682 2685 2688 2691 2694 2697 2700 2703 2706 2709 2712 2715 2718 2721 2724 2727 2730 2733 2736 2739 2742 2745 2748 2751 2754 2757 2760 2763 2766 2769 2772 2775 2778 2781 2784 2787 2790 2793 2796 2799 2802 2805 2808 2811 2814 2817 2820 2823 2826 2829 2832 2835 2838 2841 2844 2847 2850 2853 2856 2859 2862 2865 2868 2871 2874 2877 2880 2883 2886 2889 2892 2895 2898 2901 2904 2907 2910 2913 2916 2919 2922 2925 2928 2931 2934 2937 2940 2943 2946 2949 2952 2955 2958 2961 2964 2967 2970 2973 2976 2979 2982 2985 2988 2991 2994 2997 3000 3003 3006 3009 3012 3015 3018 3021 3024 3027 3030 3033 3036 3039 3042 3045 3048 3051 3054 3057 3060 3063 3066 3069 3072 3075 3078 3081 3084 3087 3090 3093 3096 3099 3102 3105 3108 3111 3114 3117 3120 3123 3126 3129 3132 3135 3138 3141 3144 3147 3150 3153 3156 3159 3162 3165 3168 3171 3174 3177 3180 3183 3186 3189 3192 3195 3198 3201 3204 3207 3210 3213 3216 3219 3222 3225 3228 3231 3234 3237 3240 3243 3246 3249 3252 3255 3258 3261 3264 3267 3270 3273 3276 3279 3282 3285 3288 3291 3294 3297 3300 3303 3306 3309 3312 3315 3318 3321 3324 3327 3330 3333 3336 3339 3342 3345 3348 3351 3354 3357 3360 3363 3366 3369 3372 3375 3378 3381 3384 3387 3390 3393 3396 3399 3402 3405 3408 3411 3414 3417 3420 3423 3426 3429 3432 3435 3438 3441 3444 3447 3450 3453 3456 3459 3462 3465 3468 3471 3474 3477 3480 3483 3486 3489 3492 3495 3498 3501 3504 3507 3510 3513 3516 3519 3522 3525 3528 3531 3534 3537 3540 3543 3546 3549 3552 3555 3558 3561 3564 3567 3570 3573 3576 3579 3582 3585 3588 3591 3594 3597 3600 3603 3606 3609 3612 3615 3618 3621 3624 3627 3630 3633 3636 3639 3642 3645 3648 3651 3654 3657 3660 3663 3666 3669 3672 3675 3678 3681 3684 3687 3690 3693 3696 3699 3702 3705 3708 3711 3714 3717 3720 3723 3726 3729 3732 3735 3738 3741 3744 3747 3750 3753 3756 3759 3762 3765 3768 3771 3774 3777 3780 3783 3786 3789 3792 3795 3798 3801 3804 3807 3810 3813 3816 3819 3822 3825 3828 3831 3834 3837 3840 3843 3846 3849 3852 3855 3858 3861 3864 3867 3870 3873 3876 3879 3882 3885 3888 3891 3894 3897 3900 3903 3906 3909 3912 3915 3918 3921 3924 3927 3930 3933 3936 3939 3942 3945 3948 3951 3954 3957 3960 3963 3966 3969 3972 3975 3978 3981 3984 3987 3990 3993 3996 3999 4002 4005 4008 4011 4014 4017 4020 4023 4026 4029 4032 4035 4038 4041 4044 4047 4050 4053 4056 4059 4062 4065 4068 4071 4074 4077 4080 4083 4086 4089 4092 4095 4098 4101 4104 4107 4110 4113 4116 4119 4122 4125 4128 4131 4134 4137 4140 4143 4146 4149 4152 4155 4158 4161 4164 4167 4170 4173 4176 4179 4182 4185 4188 4191 4194 4197 4200 4203 4206 4209 4212 4215 4218 4221 4224 4227 4230 4233 4236 4239 4242 4245 4248 4251 4254 4257 4260 4263 4266 4269 4272 4275 4278 4281 4284 4287 4290 4293 4296 4299 4302 4305 4308 4311 4314 4317 4320 4323 4326 4329 4332 4335 4338 4341 4344 4347 4350 4353 4356 4359 4362 4365 4368 4371 4374 4377 4380 4383 4386 4389 4392 4395 4398 4401 4404 4407 4410 4413 4416 4419 4422 4425 4428 4431 4434 4437 4440 4443 4446 4449 4452 4455 4458 4461 4464 4467 4470 4473 4476 4479 4482 4485 4488 4491 4494 4497 4500 4503 4506 4509 4512 4515 4518 4521 4524 4527 4530 4533 4536 4539 4542 4545 4548 4551 4554 4557 4560 4563 4566 4569 4572 4575 4578 4581 4584 4587 4590 4593 4596 4599 4602 4605 4608 4611 4614 4617 4620 4623 4626 4629 4632 4635 4638 4641 4644 4647 4650 4653 4656 4659 4662 4665 4668 4671 4674 4677 4680 4683 4686 4689 4692 4695 4698 4701 4704 4707 4710 4713 4716 4719 4722 4725 4728 4731 4734 4737 4740 4743 4746 4749 4752 4755 4758 4761 4764 4767 4770 4773 4776 4779 4782 4785 4788 4791 4794 4797 4800 4803 4806 4809 4812 4815 4818 4821 4824 4827 4830 4833 4836 4839 4842 4845 4848 4851 4854 4857 4860 4863 4866 4869 4872 4875 4878 4881 4884 4887 4890 4893 4896 4899 4902 4905 4908 4911 4914 4917 4920 4923 4926 4929 4932 4935 4938 4941 4944 4947 4950 4953 4956 4959 4962 4965 4968 4971 4974 4977 4980 4983 4986 4989 4992 4995 4998 5001 5004 5007 5010 5013 5016 5019 5022 5025 5028 5031 5034 5037 5040 5043 5046 5049 5052 5055 5058 5061 5064 5067 5070 5073 5076 5079 5082 5085 5088 5091 5094 5097 5100 5103 5106 5109 5112 5115 5118 5121 5124 5127 5130 5133 5136 5139 5142 5145 5148 5151 5154 5157 5160 5163 5166 5169 5172 5175 5178 5181 5184 5187 5190 5193 5196 5199 5202 5205 5208 5211 5214 5217 5220 5223 5226 5229 5232 5235 5238 5241 5244 5247 5250 5253 5256 5259 5262 5265 5268 5271 5274 5277 5280 5283 5286 5289 5292 5295 5298 5301 5304 5307 5310 5313 5316 5319 5322 5325 5328 5331 5334 5337 5340 5343 5346 5349 5352 5355 5358 5361 5364 5367 5370 5373 5376 5379 5382 5385 5388 5391 5394 5397 5400 5403 5406 5409 5412 5415 5418 5421 5424 5427 5430 5433 5436 5439 5442 5445 5448 5451 5454 5457 5460 5463 5466 5469 5472 5475 5478 5481 5484 5487 5490 5493 5496 5499 5502 5505 5508 5511 5514 5517 5520 5523 5526 5529 5532 5535 5538 5541 5544 5547 5550 5553 5556 5559 5562 5565 5568 5571 5574 5577 5580 5583 5586 5589 5592 5595 5598 5601 5604 5607 5610 5613 5616 5619 5622 5625 5628 5631 5634 5637 5640 5643 5646 5649 5652 5655 5658 5661 5664 5667 5670 5673 5676 5679 5682 5685 5688 5691 5694 5697 5700 5703 5706 5709 5712 5715 5718 5721 5724 5727 5730 5733 5736 5739 5742 5745 5748 5751 5754 5757 5760 5763 5766 5769 5772 5775 5778 5781 5784 5787 5790 5793 5796 5799 5802 5805 5808 5811 5814 5817 5820 5823 5826 5829 5832 5835 5838 5841 5844 5847 5850 5853 5856 5859 5862 5865 5868 5871 5874 5877 5880 5883 5886 5889 5892 5895 5898 5901 5904 5907 5910 5913 5916 5919 5922 5925 5928 5931 5934 5937 5940 5943 5946 5949 5952 5955 5958 5961 5964 5967 5970 5973 5976 5979 5982 5985 5988 5991 5994 5997 6000 6003 6006 6009 6012 6015 6018 6021 6024 6027 6030 6033 6036 6039 6042 6045 6048 6051 6054 6057 6060 6063 6066 6069 6072 6075 6078 6081 6084 6087 6090 6093 6096 6099 6102 6105 6108 6111 6114 6117 6120 6123 6126 6129 6132 6135 6138 6141 6144 6147 6150 6153 6156 6159 6162 6165 6168 6171 6174 6177 6180 6183 6186 6189 6192 6195 6198 6201 6204 6207 6210 6213 6216 6219 6222 6225 6228 6231 6234 6237 6240 6243 6246 6249 6252 6255 6258 6261 6264 6267 6270 6273 6276 6279 6282 6285 6288 6291 6294 6297 6300 6303 6306 6309 6312 6315 6318 6321 6324 6327 6330 6333 6336 6339 6342 6345 6348 6351 6354 6357 6360 6363 6366 6369 6372 6375 6378 6381 6384 6387 6390 6393 6396 6399 6402 6405 6408 6411 6414 6417 6420 6423 6426 6429 6432 6435 6438 6441 6444 6447 6450 6453 6456 6459 6462 6465 6468 6471 6474 6477 6480 6483 6486 6489 6492 6495 6498 6501 6504 6507 6510 6513 6516 6519 6522 6525 6528 6531 6534 6537 6540 6543 6546 6549 6552 6555 6558 6561 6564 6567 6570 6573 6576 6579 6582 6585 6588 6591 6594 6597 6600 6603 6606 6609 6612 6615 6618 6621 6624 6627 6630 6633 6636 6639 6642 6645 6648 6651 6654 6657 6660 6663 6666 6669 6672 6675 6678 6681 6684 6687 6690 6693 6696 6699 6702 6705 6708 6711 6714 6717 6720 6723 6726 6729 6732 6735 6738 6741 6744 6747 6750 6753 6756 6759 6762 6765 6768 6771 6774 6777 6780 6783 6786 6789 6792 6795 6798 6801 6804 6807 6810 6813 6816 6819 6822 6825 6828 6831 6834 6837 6840 6843 6846 6849 6852 6855 6858 6861 6864 6867 6870 6873 6876 6879 6882 6885 6888 6891 6894 6897 6900 6903 6906 6909 6912 6915 6918 6921 6924 6927 6930 6933 6936 6939 6942 6945 6948 6951 6954 6957 6960 6963 6966 6969 6972 6975 6978 6981 6984 6987 6990 6993 6996 6999 7002 7005 7008 7011 7014 7017 7020 7023 7026 7029 7032 7035 7038 7041 7044 7047 7050 7053 7056 7059 7062 7065 7068 7071 7074 7077 7080 7083 7086 7089 7092 7095 7098 7101 7104 7107 7110 7113 7116 7119 7122 7125 7128 7131 7134 7137 7140 7143 7146 7149 7152 7155 7158 7161 7164 7167 7170 7173 7176 7179 7182 7185 7188 7191 7194 7197 7200 7203 7206 7209 7212 7215 7218 7221 7224 7227 7230 7233 7236 7239 7242 7245 7248 7251 7254 7257 7260 7263 7266 7269 7272 7275 7278 7281 7284 7287 7290 7293 7296 7299 7302 7305 7308 7311 7314 7317 7320 7323 7326 7329 7332 7335 7338 7341 7344 7347 7350 7353 7356 7359 7362 7365 7368 7371 7374 7377 7380 7383 7386 7389 7392 7395 7398 7401 7404 7407 7410 7413 7416 7419 7422 7425 7428 7431 7434 7437 7440 7443 7446 7449 7452 7455 7458 7461 7464 7467 7470 7473 7476 7479 7482 7485 7488 7491 7494 7497 7500 7503 7506 7509 7512 7515 7518 7521 7524 7527 7530 7533 7536 7539 7542 7545 7548 7551 7554 7557 7560 7563 7566 7569 7572 7575 7578 7581 7584 7587 7590 7593 7596 7599 7602 7605 7608 7611 7614 7617 7620 7623 7626 7629 7632 7635 7638 7641 7644 7647 7650 7653 7656 7659 7662 7665 7668 7671 7674 7677 7680 7683 7686 7689 7692 7695 7698 7701 7704 7707 7710 7713 7716 7719 7722 7725 7728 7731 7734 7737 7740 7743 7746 7749 7752 7755 7758 7761 7764 7767 7770 7773 7776 7779 7782 7785 7788 7791 7794 7797 7800 7803 7806 7809 7812 7815 7818 7821 7824 7827 7830 7833 7836 7839 7842 7845 7848 7851 7854 7857 7860 7863 7866 7869 7872 7875 7878 7881 7884 7887 7890 7893 7896 7899 7902 7905 7908 7911 7914 7917 7920 7923 7926 7929 7932 7935 7938 7941 7944 7947 7950 7953 7956 7959 7962 7965 7968 7971 7974 7977 7980 7983 7986 7989 7992 7995 7998 8001 8004 8007 8010 8013 8016 8019 8022 8025 8028 8031 8034 8037 8040 8043 8046 8049 8052 8055 8058 8061 8064 8067 8070 8073 8076 8079 8082 8085 8088 8091 8094 8097 8100 8103 8106 8109 8112 8115 8118 8121 8124 8127 8130 8133 8136 8139 8142 8145 8148 8151 8154 8157 8160 8163 8166 8169 8172 8175 8178 8181 8184 8187 8190 8193 8196 8199 8202 8205 8208 8211 8214 8217 8220 8223 8226 8229 8232 8235 8238 8241 8244 8247 8250 8253 8256 8259 8262 8265 8268 8271 8274 8277 8280 8283 8286 8289 8292 8295 8298 8301 8304 8307 8310 8313 8316 8319 8322 8325 8328 8331 8334 8337 8340 8343 8346 8349 8352 8355 8358 8361 8364 8367 8370 8373 8376 8379 8382 8385 8388 8391 8394 8397 8400 8403 8406 8409 8412 8415 8418 8421 8424 8427 8430 8433 8436 8439 8442 8445 8448 8451 8454 8457 8460 8463 8466 8469 8472 8475 8478 8481 8484 8487 8490 8493 8496 8499 8502 8505 8508 8511 8514 8517 8520 8523 8526 8529 8532 8535 8538 8541 8544 8547 8550 8553 8556 8559 8562 8565 8568 8571 8574 8577 8580 8583 8586 8589 8592 8595 8598 8601 8604 8607 8610 8613 8616 8619 8622 8625 8628 8631 8634 8637 8640 8643 8646 8649 8652 8655 8658 8661 8664 8667 8670 8673 8676 8679 8682 8685 8688 8691 8694 8697 8700 8703 8706 8709 8712 8715 8718 8721 8724 8727 8730 8733 8736 8739 8742 8745 8748 8751 8754 8757 8760 8763 8766 8769 8772 8775 8778 8781 8784 8787 8790 8793 8796 8799 8802 8805 8808 8811 8814 8817 8820 8823 8826 8829 8832 8835 8838 8841 8844 8847 8850 8853 8856 8859 8862 8865 8868 8871 8874 8877 8880 8883 8886 8889 8892 8895 8898 8901 8904 8907 8910 8913 8916 8919 8922 8925 8928 8931 8934 8937 8940 8943 8946 8949 8952 8955 8958 8961 8964 8967 8970 8973 8976 8979 8982 8985 8988 8991 8994 8997 9000 9003 9006 9009 9012 9015 9018 9021 9024 9027 9030 9033 9036 9039 9042 9045 9048 9051 9054 9057 9060 9063 9066 9069 9072 9075 9078 9081 9084 9087 9090 9093 9096 9099 9102 9105 9108 9111 9114 9117 9120 9123 9126 9129 9132 9135 9138 9141 9144 9147 9150 9153 9156 9159 9162 9165 9168 9171 9174 9177 9180 9183 9186 9189 9192 9195 9198 9201 9204 9207 9210 9213 9216 9219 9222 9225 9228 9231 9234 9237 9240 9243 9246 9249 9252 9255 9258 9261 9264 9267 9270 9273 9276 9279 9282 9285 9288 9291 9294 9297 9300 9303 9306 9309 9312 9315 9318 9321 9324 9327 9330 9333 9336 9339 9342 9345 9348 9351 9354 9357 9360 9363 9366 9369 9372 9375 9378 9381 9384 9387 9390 9393 9396 9399 9402 9405 9408 9411 9414 9417 9420 9423 9426 9429 9432 9435 9438 9441 9444 9447 9450 9453 9456 9459 9462 9465 9468 9471 9474 9477 9480 9483 9486 9489 9492 9495 9498 9501 9504 9507 9510 9513 9516 9519 9522 9525 9528 9531 9534 9537 9540 9543 9546 9549 9552 9555 9558 9561 9564 9567 9570 9573 9576 9579 9582 9585 9588 9591 9594 9597 9600 9603 9606 9609 9612 9615 9618 9621 9624 9627 9630 9633 9636 9639 9642 9645 9648 9651 9654 9657 9660 9663 9666 9669 9672 9675 9678 9681 9684 9687 9690 9693 9696 9699 9702 9705 9708 9711 9714 9717 9720 9723 9726 9729 9732 9735 9738 9741 9744 9747 9750 9753 9756 9759 9762 9765 9768 9771 9774 9777 9780 9783 9786 9789 9792 9795 9798 9801 9804 9807 9810 9813 9816 9819 9822 9825 9828 9831 9834 9837 9840 9843 9846 9849 9852 9855 9858 9861 9864 9867 9870 9873 9876 9879 9882 9885 9888 9891 9894 9897 9900 9903 9906 9909 9912 9915 9918 9921 9924 9927 9930 9933 9936 9939 9942 9945 9948 9951 9954 9957 9960 9963 9966 9969 9972 9975 9978 9981 9984 9987 9990 9993 9996 9999 10002 10005 10008 10011 10014 10017 10020 10023 10026 10029 10032 10035 10038 10041 10044 10047 10050 10053 10056 10059 10062 10065 10068 10071 10074 10077 10080 10083 10086 10089 10092 10095 10098 10101 10104 10107 10110 10113 10116 10119 10122 10125 10128 10131 10134 10137 10140 10143 10146 10149 10152 10155 10158 10161 10164 10167 10170 10173 10176 10179 10182 10185 10188 10191 10194 10197 10200 10203 10206 10209 10212 10215 10218 10221 10224 10227 10230 10233 10236 10239 10242 10245 10248 10251 10254 10257 10260 10263 10266 10269 10272 10275 10278 10281 10284 10287 10290 10293 10296 10299 10302 10305 10308 10311 10314 10317 10320 10323 10326 10329 10332 10335 10338 10341 10344 10347 10350 10353 10356 10359 10362 10365 10368 10371 10374 10377 10380 10383 10386 10389 10392 10395 10398 10401 10404 10407 10410 10413 10416 10419 10422 10425 10428 10431 10434 10437 10440 10443 10446 10449 10452 10455 10458 10461 10464 10467 10470 10473 10476 10479 10482 10485 10488 10491 10494 10497 10500 10503 10506 10509 10512 10515 10518 10521 10524 10527 10530 10533 10536 10539 10542 10545 10548 10551 10554 10557 10560 10563 10566 10569 10572 10575 10578 10581 10584 10587 10590 10593 10596 10599 10602 10605 10608 10611 10614 10617 10620 10623 10626 10629 10632 10635 10638 10641 10644 10647 10650 10653 10656 10659 10662 10665 10668 10671 10674 10677 10680 10683 10686 10689 10692 10695 10698 10701 10704 10707 10710 10713 10716 10719 10722 10725 10728 10731 10734 10737 10740 10743 10746 10749 10752 10755 10758 10761 10764 10767 10770 10773 10776 10779 10782 10785 10788 10791 10794 10797 10800 10803 10806 10809 10812 10815 10818 10821 10824 10827 10830 10833 10836 10839 10842 10845 10848 10851 10854 10857 10860 10863 10866 10869 10872 10875 10878 10881 10884 10887 10890 10893 10896 10899 10902 10905 10908 10911 10914 10917 10920 10923 10926 10929 10932 10935 10938 10941 10944 10947 10950 10953 10956 10959 10962 10965 10968 10971 10974 10977 10980 10983 10986 10989 10992 10995 10998 11001 11004 11007 11010 11013 11016 11019 11022 11025 11028 11031 11034 11037 11040 11043 11046 11049 11052 11055 11058 11061 11064 11067 11070 11073 11076 11079 11082 11085 11088 11091 11094 11097 11100 11103 11106 11109 11112 11115 11118 11121 11124 11127 11130 11133 11136 11139 11142 11145 11148 11151 11154 11157 11160 11163 11166 11169 11172 11175 11178 11181 11184 11187 11190 11193 11196 11199 11202 11205 11208 11211 11214 11217 11220 11223 11226 11229 11232 11235 11238 11241 11244 11247 11250 11253 11256 11259 11262 11265 11268 11271 11274 11277 11280 11283 11286 11289 11292 11295 11298 11301 11304 11307 11310 11313 11316 11319 11322 11325 11328 11331 11334 11337 11340 11343 11346 11349 11352 11355 11358 11361 11364 11367 11370 11373 11376 11379 11382 11385 11388 11391 11394 11397 11400 11403 11406 11409 11412 11415 11418 11421 11424 11427 11430 11433 11436 11439 11442 11445 11448 11451 11454 11457 11460 11463 11466 11469 11472 11475 11478 11481 11484 11487 11490 11493 11496 11499 11502 11505 11508 11511 11514 11517 11520 11523 11526 11529 11532 11535 11538 11541 11544 11547 11550 11553 11556 11559 11562 11565 11568 11571 11574 11577 11580 11583 11586 11589 11592 11595 11598 11601 11604 11607 11610 11613 11616 11619 11622 11625 11628 11631 11634 11637 11640 11643 11646 11649 11652 11655 11658 11661 11664 11667 11670 11673 11676 11679 11682 11685 11688 11691 11694 11697 11700 11703 11706 11709 11712 11715 11718 11721 11724 11727 11730 11733 11736 11739 11742 11745 11748 11751 11754 11757 11760 11763 11766 11769 11772 11775 11778 11781 11784 11787 11790 11793 11796 11799 11802 11805 11808 11811 11814 11817 11820 11823 11826 11829 11832 11835 11838 11841 11844 11847 11850 11853 11856 11859 11862 11865 11868 11871 11874 11877 11880 11883 11886 11889 11892 11895 11898 11901 11904 11907 11910 11913 11916 11919 11922 11925 11928 11931 11934 11937 11940 11943 11946 11949 11952 11955 11958 11961 11964 11967 11970 11973 11976 11979 11982 11985 11988 11991 11994 11997 12000 12003 12006 12009 12012 12015 12018 12021 12024 12027 12030 12033 12036 12039 12042 12045 12048 12051 12054 12057 12060 12063 12066 12069 12072 12075 12078 12081 12084 12087 12090 12093 12096 12099 12102 12105 12108 12111 12114 12117 12120 12123 12126 12129 12132 12135 12138 12141 12144 12147 12150 12153 12156 12159 12162 12165 12168 12171 12174 12177 12180 12183 12186 12189 12192 12195 12198 12201 12204 12207 12210 12213 12216 12219 12222 12225 12228 12231 12234 12237 12240 12243 12246 12249 12252 12255 12258 12261 12264 12267 12270 12273 12276 12279 12282 12285 12288 12291 12294 12297 12300 12303 12306 12309 12312 12315 12318 12321 12324 12327 12330 12333 12336 12339 12342 12345 12348 12351 12354 12357 12360 12363 12366 12369 12372 12375 12378 12381 12384 12387 12390 12393 12396 12399 12402 12405 12408 12411 12414 12417 12420 12423 12426 12429 12432 12435 12438 12441 12444 12447 12450 12453 12456 12459 12462 12465 12468 12471 12474 12477 12480 12483 12486 12489 12492 12495 12498 12501 12504 12507 12510 12513 12516 12519 12522 12525 12528 12531 12534 12537 12540 12543 12546 12549 12552 12555 12558 12561 12564 12567 12570 12573 12576 12579 12582 12585 12588 12591 12594 12597 12600 12603 12606 12609 12612 12615 12618 12621 12624 12627 12630 12633 12636 12639 12642 12645 12648 12651 12654 12657 12660 12663 12666 12669 12672 12675 12678 12681 12684 12687 12690 12693 12696 12699 12702 12705 12708 12711 12714 12717 12720 12723 12726 12729 12732 12735 12738 12741 12744 12747 12750 12753 12756 12759 12762 12765 12768 12771 12774 12777 12780 12783 12786 12789 12792 12795 12798 12801 12804 12807 12810 12813 12816 12819 12822 12825 12828 12831 12834 12837 12840 12843 12846 12849 12852 12855 12858 12861 12864 12867 12870 12873 12876 12879 12882 12885 12888 12891 12894 12897 12900 12903 12906 12909 12912 12915 12918 12921 12924 12927 12930 12933 12936 12939 12942 12945 12948 12951 12954 12957 12960 12963 12966 12969 12972 12975 12978 12981 12984 12987 12990 12993 12996 12999 13002 13005 13008 13011 13014 13017 13020 13023 13026 13029 13032 13035 13038 13041 13044 13047 13050 13053 13056 13059 13062 13065 13068 13071 13074 13077 13080 13083 13086 13089 13092 13095 13098 13101 13104 13107 13110 13113 13116 13119 13122 13125 13128 13131 13134 13137 13140 13143 13146 13149 13152 13155 13158 13161 13164 13167 13170 13173 13176 13179 13182 13185 13188 13191 13194 13197 13200 13203 13206 13209 13212 13215 13218 13221 13224 13227 13230 13233 13236 13239 13242 13245 13248 13251 13254 13257 13260 13263 13266 13269 13272 13275 13278 13281 13284 13287 13290 13293 13296 13299 13302 13305 13308 13311 13314 13317 13320 13323 13326 13329 13332 13335 13338 13341 13344 13347 13350 13353 13356 13359 13362 13365 13368 13371 13374 13377 13380 13383 13386 13389 13392 13395 13398 13401 13404 13407 13410 13413 13416 13419 13422 13425 13428 13431 13434 13437 13440 13443 13446 13449 13452 13455 13458 13461 13464 13467 13470 13473 13476 13479 13482 13485 13488 13491 13494 13497 13500 13503 13506 13509 13512 13515 13518 13521 13524 13527 13530 13533 13536 13539 13542 13545 13548 13551 13554 13557 13560 13563 13566 13569 13572 13575 13578 13581 13584 13587 13590 13593 13596 13599 13602 13605 13608 13611 13614 13617 13620 13623 13626 13629 13632 13635 13638 13641 13644 13647 13650 13653 13656 13659 13662 13665 13668 13671 13674 13677 13680 13683 13686 13689 13692 13695 13698 13701 13704 13707 13710 13713 13716 13719 13722 13725 13728 13731 13734 13737 13740 13743 13746 13749 13752 13755 13758 13761 13764 13767 13770 13773 13776 13779 13782 13785 13788 13791 13794 13797 13800 13803 13806 13809 13812 13815 13818 13821 13824 13827 13830 13833 13836 13839 13842 13845 13848 13851 13854 13857 13860 13863 13866 13869 13872 13875 13878 13881 13884 13887 13890 13893 13896 13899 13902 13905 13908 13911 13914 13917 13920 13923 13926 13929 13932 13935 13938 13941 13944 13947 13950 13953 13956 13959 13962 13965 13968 13971 13974 13977 13980 13983 13986 13989 13992 13995 13998 14001 14004 14007 14010 14013 14016 14019 14022 14025 14028 14031 14034 14037 14040 14043 14046 14049 14052 14055 14058 14061 14064 14067 14070 14073 14076 14079 14082 14085 14088 14091 14094 14097 14100 14103 14106 14109 14112 14115 14118 14121 14124 14127 14130 14133 14136 14139 14142 14145 14148 14151 14154 14157 14160 14163 14166 14169 14172 14175 14178 14181 14184 14187 14190 14193 14196 14199 14202 14205 14208 14211 14214 14217 14220 14223 14226 14229 14232 14235 14238 14241 14244 14247 14250 14253 14256 14259 14262 14265 14268 14271 14274 14277 14280 14283 14286 14289 14292 14295 14298 14301 14304 14307 14310 14313 14316 14319 14322 14325 14328 14331 14334 14337 14340 14343 14346 14349 14352 14355 14358 14361 14364 14367 14370 14373 14376 14379 14382 14385 14388 14391 14394 14397 14400 14403 14406 14409 14412 14415 14418 14421 14424 14427 14430 14433 14436 14439 14442 14445 14448 14451 14454 14457 14460 14463 14466 14469 14472 14475 14478 14481 14484 14487 14490 14493 14496 14499 14502 14505 14508 14511 14514 14517 14520 14523 14526 14529 14532 14535 14538 14541 14544 14547 14550 14553 14556 14559 14562 14565 14568 14571 14574 14577 14580 14583 14586 14589 14592 14595 14598 14601 14604 14607 14610 14613 14616 14619 14622 14625 14628 14631 14634 14637 14640 14643 14646 14649 14652 14655 14658 14661 14664 14667 14670 14673 14676 14679 14682 14685 14688 14691 14694 14697 14700 14703 14706 14709 14712 14715 14718 14721 14724 14727 14730 14733 14736 14739 14742 14745 14748 14751 14754 14757 14760 14763 14766 14769 14772 14775 14778 14781 14784 14787 14790 14793 14796 14799 14802 14805 14808 14811 14814 14817 14820 14823 14826 14829 14832 14835 14838 14841 14844 14847 14850 14853 14856 14859 14862 14865 14868 14871 14874 14877 14880 14883 14886 14889 14892 14895 14898 14901 14904 14907 14910 14913 14916 14919 14922 14925 14928 14931 14934 14937 14940 14943 14946 14949 14952 14955 14958 14961 14964 14967 14970 14973 14976 14979 14982 14985 14988 14991 14994 14997 15000 15003 15006 15009 15012 15015 15018 15021 15024 15027 15030 15033 15036 15039 15042 15045 15048 15051 15054 15057 15060 15063 15066 15069 15072 15075 15078 15081 15084 15087 15090 15093 15096 15099 15102 15105 15108 15111 15114 15117 15120 15123 15126 15129 15132 15135 15138 15141 15144 15147 15150 15153 15156 15159 15162 15165 15168 15171 15174 15177 15180 15183 15186 15189 15192 15195 15198 15201 15204 15207 15210 15213 15216 15219 15222 15225 15228 15231 15234 15237 15240 15243 15246 15249 15252 15255 15258 15261 15264 15267 15270 15273 15276 15279 15282 15285 15288 15291 15294 15297 15300 15303 15306 15309 15312 15315 15318 15321 15324 15327 15330 15333 15336 15339 15342 15345 15348 15351 15354 15357 15360 15363 15366 15369 15372 15375 15378 15381 15384 15387 15390 15393 15396 15399 15402 15405 15408 15411 15414 15417 15420 15423 15426 15429 15432 15435 15438 15441 15444 15447 15450 15453 15456 15459 15462 15465 15468 15471 15474 15477 15480 15483 15486 15489 15492 15495 15498 15501 15504 15507 15510 15513 15516 15519 15522 15525 15528 15531 15534 15537 15540 15543 15546 15549 15552 15555 15558 15561 15564 15567 15570 15573 15576 15579 15582 15585 15588 15591 15594 15597 15600 15603 15606 15609 15612 15615 15618 15621 15624 15627 15630 15633 15636 15639 15642 15645 15648 15651 15654 15657 15660 15663 15666 15669 15672 15675 15678 15681 15684 15687 15690 15693 15696 15699 15702 15705 15708 15711 15714 15717 15720 15723 15726 15729 15732 15735 15738 15741 15744 15747 15750 15753 15756 15759 15762 15765 15768 15771 15774 15777 15780 15783 15786 15789 15792 15795 15798 15801 15804 15807 15810 15813 15816 15819 15822 15825 15828 15831 15834 15837 15840 15843 15846 15849 15852 15855 15858 15861 15864 15867 15870 15873 15876 15879 15882 15885 15888 15891 15894 15897 15900 15903 15906 15909 15912 15915 15918 15921 15924 15927 15930 15933 15936 15939 15942 15945 15948 15951 15954 15957 15960 15963 15966 15969 15972 15975 15978 15981 15984 15987 15990 15993 15996 15999 16002 16005 16008 16011 16014 16017 16020 16023 16026 16029 16032 16035 16038 16041 16044 16047 16050 16053 16056 16059 16062 16065 16068 16071 16074 16077 16080 16083 16086 16089 16092 16095 16098 16101 16104 16107 16110 16113 16116 16119 16122 16125 16128 16131 16134 16137 16140 16143 16146 16149 16152 16155 16158 16161 16164 16167 16170 16173 16176 16179 16182 16185 16188 16191 16194 16197 16200 16203 16206 16209 16212 16215 16218 16221 16224 16227 16230 16233 16236 16239 16242 16245 16248 16251 16254 16257 16260 16263 16266 16269 16272 16275 16278 16281 16284 16287 16290 16293 16296 16299 16302 16305 16308 16311 16314 16317 16320 16323 16326 16329 16332 16335 16338 16341 16344 16347 16350 16353 16356 16359 16362 16365 16368 16371 16374 16377 16380 16383 16386 16389 16392 16395 16398 16401 16404 16407 16410 16413 16416 16419 16422 16425 16428 16431 16434 16437 16440 16443 16446 16449 16452 16455 16458 16461 16464 16467 16470 16473 16476 16479 16482 16485 16488 16491 16494 16497 16500 16503 16506 16509 16512 16515 16518 16521 16524 16527 16530 16533 16536 16539 16542 16545 16548 16551 16554 16557 16560 16563 16566 16569 16572 16575 16578 16581 16584 16587 16590 16593 16596 16599 16602 16605 16608 16611 16614 16617 16620 16623 16626 16629 16632 16635 16638 16641 16644 16647 16650 16653 16656 16659 16662 16665 16668 16671 16674 16677 16680 16683 16686 16689 16692 16695 16698 16701 16704 16707 16710 16713 16716 16719 16722 16725 16728 16731 16734 16737 16740 16743 16746 16749 16752 16755 16758 16761 16764 16767 16770 16773 16776 16779 16782 16785 16788 16791 16794 16797 16800 16803 16806 16809 16812 16815 16818 16821 16824 16827 16830 16833 16836 16839 16842 16845 16848 16851 16854 16857 16860 16863 16866 16869 16872 16875 16878 16881 16884 16887 16890 16893 16896 16899 16902 16905 16908 16911 16914 16917 16920 16923 16926 16929 16932 16935 16938 16941 16944 16947 16950 16953 16956 16959 16962 16965 16968 16971 16974 16977 16980 16983 16986 16989 16992 16995 16998 17001 17004 17007 17010 17013 17016 17019 17022 17025 17028 17031 17034 17037 17040 17043 17046 17049 17052 17055 17058 17061 17064 17067 17070 17073 17076 17079 17082 17085 17088 17091 17094 17097 17100 17103 17106 17109 17112 17115 17118 17121 17124 17127 17130 17133 17136 17139 17142 17145 17148 17151 17154 17157 17160 17163 17166 17169 17172 17175 17178 17181 17184 17187 17190 17193 17196 17199 17202 17205 17208 17211 17214 17217 17220 17223 17226 17229 17232 17235 17238 17241 17244 17247 17250 17253 17256 17259 17262 17265 17268 17271 17274 17277 17280 17283 17286 17289 17292 17295 17298 17301 17304 17307 17310 17313 17316 17319 17322 17325 17328 17331 17334 17337 17340 17343 17346 17349 17352 17355 17358 17361 17364 17367 17370 17373 17376 17379 17382 17385 17388 17391 17394 17397 17400 17403 17406 17409 17412 17415 17418 17421 17424 17427 17430 17433 17436 17439 17442 17445 17448 17451 17454 17457 17460 17463 17466 17469 17472 17475 17478 17481 17484 17487 17490 17493 17496 17499 17502 17505 17508 17511 17514 17517 17520 17523 17526 17529 17532 17535 17538 17541 17544 17547 17550 17553 17556 17559 17562 17565 17568 17571 17574 17577 17580 17583 17586 17589 17592 17595 17598 17601 17604 17607 17610 17613 17616 17619 17622 17625 17628 17631 17634 17637 17640 17643 17646 17649 17652 17655 17658 17661 17664 17667 17670 17673 17676 17679 17682 17685 17688 17691 17694 17697 17700 17703 17706 17709 17712 17715 17718 17721 17724 17727 17730 17733 17736 17739 17742 17745 17748 17751 17754 17757 17760 17763 17766 17769 17772 17775 17778 17781 17784 17787 17790 17793 17796 17799 17802 17805 17808 17811 17814 17817 17820 17823 17826 17829 17832 17835 17838 17841 17844 17847 17850 17853 17856 17859 17862 17865 17868 17871 17874 17877 17880 17883 17886 17889 17892 17895 17898 17901 17904 17907 17910 17913 17916 17919 17922 17925 17928 17931 17934 17937 17940 17943 17946 17949 17952 17955 17958 17961 17964 17967 17970 17973 17976 17979 17982 17985 17988 17991 17994 17997 18000 18003 18006 18009 18012 18015 18018 18021 18024 18027 18030 18033 18036 18039 18042 18045 18048 18051 18054 18057 18060 18063 18066 18069 18072 18075 18078 18081 18084 18087 18090 18093 18096 18099 18102 18105 18108 18111 18114 18117 18120 18123 18126 18129 18132 18135 18138 18141 18144 18147 18150 18153 18156 18159 18162 18165 18168 18171 18174 18177 18180 18183 18186 18189 18192 18195 18198 18201 18204 18207 18210 18213 18216 18219 18222 18225 18228 18231 18234 18237 18240 18243 18246 18249 18252 18255 18258 18261 18264 18267 18270 18273 18276 18279 18282 18285 18288 18291 18294 18297 18300 18303 18306 18309 18312 18315 18318 18321 18324 18327 18330 18333 18336 18339 18342 18345 18348 18351 18354 18357 18360 18363 18366 18369 18372 18375 18378 18381 18384 18387 18390 18393 18396 18399 18402 18405 18408 18411 18414 18417 18420 18423 18426 18429 18432 18435 18438 18441 18444 18447 18450 18453 18456 18459 18462 18465 18468 18471 18474 18477 18480 18483 18486 18489 18492 18495 18498 18501 18504 18507 18510 18513 18516 18519 18522 18525 18528 18531 18534 18537 18540 18543 18546 18549 18552 18555 18558 18561 18564 18567 18570 18573 18576 18579 18582 18585 18588 18591 18594 18597 18600 18603 18606 18609 18612 18615 18618 18621 18624 18627 18630 18633 18636 18639 18642 18645 18648 18651 18654 18657 18660 18663 18666 18669 18672 18675 18678 18681 18684 18687 18690 18693 18696 18699 18702 18705 18708 18711 18714 18717 18720 18723 18726 18729 18732 18735 18738 18741 18744 18747 18750 18753 18756 18759 18762 18765 18768 18771 18774 18777 18780 18783 18786 18789 18792 18795 18798 18801 18804 18807 18810 18813 18816 18819 18822 18825 18828 18831 18834 18837 18840 18843 18846 18849 18852 18855 18858 18861 18864 18867 18870 18873 18876 18879 18882 18885 18888 18891 18894 18897 18900 18903 18906 18909 18912 18915 18918 18921 18924 18927 18930 18933 18936 18939 18942 18945 18948 18951 18954 18957 18960 18963 18966 18969 18972 18975 18978 18981 18984 18987 18990 18993 18996 18999 19002 19005 19008 19011 19014 19017 19020 19023 19026 19029 19032 19035 19038 19041 19044 19047 19050 19053 19056 19059 19062 19065 19068 19071 19074 19077 19080 19083 19086 19089 19092 19095 19098 19101 19104 19107 19110 19113 19116 19119 19122 19125 19128 19131 19134 19137 19140 19143 19146 19149 19152 19155 19158 19161 19164 19167 19170 19173 19176 19179 19182 19185 19188 19191 19194 19197 19200 19203 19206 19209 19212 19215 19218 19221 19224 19227 19230 19233 19236 19239 19242 19245 19248 19251 19254 19257 19260 19263 19266 19269 19272 19275 19278 19281 19284 19287 19290 19293 19296 19299 19302 19305 19308 19311 19314 19317 19320 19323 19326 19329 19332 19335 19338 19341 19344 19347 19350 19353 19356 19359 19362 19365 19368 19371 19374 19377 19380 19383 19386 19389 19392 19395 19398 19401 19404 19407 19410 19413 19416 19419 19422 19425 19428 19431 19434 19437 19440 19443 19446 19449 19452 19455 19458 19461 19464 19467 19470 19473 19476 19479 19482 19485 19488 19491 19494 19497 19500 19503 19506 19509 19512 19515 19518 19521 19524 19527 19530 19533 19536 19539 19542 19545 19548 19551 19554 19557 19560 19563 19566 19569 19572 19575 19578 19581 19584 19587 19590 19593 19596 19599 19602 19605 19608 19611 19614 19617 19620 19623 19626 19629 19632 19635 19638 19641 19644 19647 19650 19653 19656 19659 19662 19665 19668 19671 19674 19677 19680 19683 19686 19689 19692 19695 19698 19701 19704 19707 19710 19713 19716 19719 19722 19725 19728 19731 19734 19737 19740 19743 19746 19749 19752 19755 19758 19761 19764 19767 19770 19773 19776 19779 19782 19785 19788 19791 19794 19797 19800 19803 19806 19809 19812 19815 19818 19821 19824 19827 19830 19833 19836 19839 19842 19845 19848 19851 19854 19857 19860 19863 19866 19869 19872 19875 19878 19881 19884 19887 19890 19893 19896 19899 19902 19905 19908 19911 19914 19917 19920 19923 19926 19929 19932 19935 19938 19941 19944 19947 19950 19953 19956 19959 19962 19965 19968 19971 19974 19977 19980 19983 19986 19989 19992 19995 19998 20001 20004 20007 20010 20013 20016 20019 20022 20025 20028 20031 20034 20037 20040 20043 20046 20049 20052 20055 20058 20061 20064 20067 20070 20073 20076 20079 20082 20085 20088 20091 20094 20097 20100 20103 20106 20109 20112 20115 20118 20121 20124 20127 20130 20133 20136 20139 20142 20145 20148 20151 20154 20157 20160 20163 20166 20169 20172 20175 20178 20181 20184 20187 20190 20193 20196 20199 20202 20205 20208 20211 20214 20217 20220 20223 20226 20229 20232 20235 20238 20241 20244 20247 20250 20253 20256 20259 20262 20265 20268 20271 20274 20277 20280 20283 20286 20289 20292 20295 20298 20301 20304 20307 20310 20313 20316 20319 20322 20325 20328 20331 20334 20337 20340 20343 20346 20349 20352 20355 20358 20361 20364 20367 20370 20373 20376 20379 20382 20385 20388 20391 20394 20397 20400 20403 20406 20409 20412 20415 20418 20421 20424 20427 20430 20433 20436 20439 20442 20445 20448 20451 20454 20457 20460 20463 20466 20469 20472 20475 20478 20481 20484 20487 20490 20493 20496 20499 20502 20505 20508 20511 20514 20517 20520 20523 20526 20529 20532 20535 20538 20541 20544 20547 20550 20553 20556 20559 20562 20565 20568 20571 20574 20577 20580 20583 20586 20589 20592 20595 20598 20601 20604 20607 20610 20613 20616 20619 20622 20625 20628 20631 20634 20637 20640 20643 20646 20649 20652 20655 20658 20661 20664 20667 20670 20673 20676 20679 20682 20685 20688 20691 20694 20697 20700 20703 20706 20709 20712 20715 20718 20721 20724 20727 20730 20733 20736 20739 20742 20745 20748 20751 20754 20757 20760 20763 20766 20769 20772 20775 20778 20781 20784 20787 20790 20793 20796 20799 20802 20805 20808 20811 20814 20817 20820 20823 20826 20829 20832 20835 20838 20841 20844 20847 20850 20853 20856 20859 20862 20865 20868 20871 20874 20877 20880 20883 20886 20889 20892 20895 20898 20901 20904 20907 20910 20913 20916 20919 20922 20925 20928 20931 20934 20937 20940 20943 20946 20949 20952 20955 20958 20961 20964 20967 20970 20973 20976 20979 20982 20985 20988 20991 20994 20997 21000 21003 21006 21009 21012 21015 21018 21021 21024 21027 21030 21033 21036 21039 21042 21045 21048 21051 21054 21057 21060 21063 21066 21069 21072 21075 21078 21081 21084 21087 21090 21093 21096 21099 21102 21105 21108 21111 21114 21117 21120 21123 21126 21129 21132 21135 21138 21141 21144 21147 21150 21153 21156 21159 21162 21165 21168 21171 21174 21177 21180 21183 21186 21189 21192 21195 21198 21201 21204 21207 21210 21213 21216 21219 21222 21225 21228 21231 21234 21237 21240 21243 21246 21249 21252 21255 21258 21261 21264 21267 21270 21273 21276 21279 21282 21285 21288 21291 21294 21297 21300 21303 21306 21309 21312 21315 21318 21321 21324 21327 21330 21333 21336 21339 21342 21345 21348 21351 21354 21357 21360 21363 21366 21369 21372 21375 21378 21381 21384 21387 21390 21393 21396 21399 21402 21405 21408 21411 21414 21417 21420 21423 21426 21429 21432 21435 21438 21441 21444 21447 21450 21453 21456 21459 21462 21465 21468 21471 21474 21477 21480 21483 21486 21489 21492 21495 21498 21501 21504 21507 21510 21513 21516 21519 21522 21525 21528 21531 21534 21537 21540 21543 21546 21549 21552 21555 21558 21561 21564 21567 21570 21573 21576 21579 21582 21585 21588 21591 21594 21597 21600 21603 21606 21609 21612 21615 21618 21621 21624 21627 21630 21633 21636 21639 21642 21645 21648 21651 21654 21657 21660 21663 21666 21669 21672 21675 21678 21681 21684 21687 21690 21693 21696 21699 21702 21705 21708 21711 21714 21717 21720 21723 21726 21729 21732 21735 21738 21741 21744 21747 21750 21753 21756 21759 21762 21765 21768 21771 21774 21777 21780 21783 21786 21789 21792 21795 21798 21801 21804 21807 21810 21813 21816 21819 21822 21825 21828 21831 21834 21837 21840 21843 21846 21849 21852 21855 21858 21861 21864 21867 21870 21873 21876 21879 21882 21885 21888 21891 21894 21897 21900 21903 21906 21909 21912 21915 21918 21921 21924 21927 21930 21933 21936 21939 21942 21945 21948 21951 21954 21957 21960 21963 21966 21969 21972 21975 21978 21981 21984 21987 21990 21993 21996 21999 22002 22005 22008 22011 22014 22017 22020 22023 22026 22029 22032 22035 22038 22041 22044 22047 22050 22053 22056 22059 22062 22065 22068 22071 22074 22077 22080 22083 22086 22089 22092 22095 22098 22101 22104 22107 22110 22113 22116 22119 22122 22125 22128 22131 22134 22137 22140 22143 22146 22149 22152 22155 22158 22161 22164 22167 22170 22173 22176 22179 22182 22185 22188 22191 22194 22197 22200 22203 22206 22209 22212 22215 22218 22221 22224 22227 22230 22233 22236 22239 22242 22245 22248 22251 22254 22257 22260 22263 22266 22269 22272 22275 22278 22281 22284 22287 22290 22293 22296 22299 22302 22305 22308 22311 22314 22317 22320 22323 22326 22329 22332 22335 22338 22341 22344 22347 22350 22353 22356 22359 22362 22365 22368 22371 22374 22377 22380 22383 22386 22389 22392 22395 22398 22401 22404 22407 22410 22413 22416 22419 22422 22425 22428 22431 22434 22437 22440 22443 22446 22449 22452 22455 22458 22461 22464 22467 22470 22473 22476 22479 22482 22485 22488 22491 22494 22497 22500 22503 22506 22509 22512 22515 22518 22521 22524 22527 22530 22533 22536 22539 22542 22545 22548 22551 22554 22557 22560 22563 22566 22569 22572 22575 22578 22581 22584 22587 22590 22593 22596 22599 22602 22605 22608 22611 22614 22617 22620 22623 22626 22629 22632 22635 22638 22641 22644 22647 22650 22653 22656 22659 22662 22665 22668 22671 22674 22677 22680 22683 22686 22689 22692 22695 22698 22701 22704 22707 22710 22713 22716 22719 22722 22725 22728 22731 22734 22737 22740 22743 22746 22749 22752 22755 22758 22761 22764 22767 22770 22773 22776 22779 22782 22785 22788 22791 22794 22797 22800 22803 22806 22809 22812 22815 22818 22821 22824 22827 22830 22833 22836 22839 22842 22845 22848 22851 22854 22857 22860 22863 22866 22869 22872 22875 22878 22881 22884 22887 22890 22893 22896 22899 22902 22905 22908 22911 22914 22917 22920 22923 22926 22929 22932 22935 22938 22941 22944 22947 22950 22953 22956 22959 22962 22965 22968 22971 22974 22977 22980 22983 22986 22989 22992 22995 22998 23001 23004 23007 23010 23013 23016 23019 23022 23025 23028 23031 23034 23037 23040 23043 23046 23049 23052 23055 23058 23061 23064 23067 23070 23073 23076 23079 23082 23085 23088 23091 23094 23097 23100 23103 23106 23109 23112 23115 23118 23121 23124 23127 23130 23133 23136 23139 23142 23145 23148 23151 23154 23157 23160 23163 23166 23169 23172 23175 23178 23181 23184 23187 23190 23193 23196 23199 23202 23205 23208 23211 23214 23217 23220 23223 23226 23229 23232 23235 23238 23241 23244 23247 23250 23253 23256 23259 23262 23265 23268 23271 23274 23277 23280 23283 23286 23289 23292 23295 23298 23301 23304 23307 23310 23313 23316 23319 23322 23325 23328 23331 23334 23337 23340 23343 23346 23349 23352 23355 23358 23361 23364 23367 23370 23373 23376 23379 23382 23385 23388 23391 23394 23397 23400 23403 23406 23409 23412 23415 23418 23421 23424 23427 23430 23433 23436 23439 23442 23445 23448 23451 23454 23457 23460 23463 23466 23469 23472 23475 23478 23481 23484 23487 23490 23493 23496 23499 23502 23505 23508 23511 23514 23517 23520 23523 23526 23529 23532 23535 23538 23541 23544 23547 23550 23553 23556 23559 23562 23565 23568 23571 23574 23577 23580 23583 23586 23589 23592 23595 23598 23601 23604 23607 23610 23613 23616 23619 23622 23625 23628 23631 23634 23637 23640 23643 23646 23649 23652 23655 23658 23661 23664 23667 23670 23673 23676 23679 23682 23685 23688 23691 23694 23697 23700 23703 23706 23709 23712 23715 23718 23721 23724 23727 23730 23733 23736 23739 23742 23745 23748 23751 23754 23757 23760 23763 23766 23769 23772 23775 23778 23781 23784 23787 23790 23793 23796 23799 23802 23805 23808 23811 23814 23817 23820 23823 23826 23829 23832 23835 23838 23841 23844 23847 23850 23853 23856 23859 23862 23865 23868 23871 23874 23877 23880 23883 23886 23889 23892 23895 23898 23901 23904 23907 23910 23913 23916 23919 23922 23925 23928 23931 23934 23937 23940 23943 23946 23949 23952 23955 23958 23961 23964 23967 23970 23973 23976 23979 23982 23985 23988 23991 23994 23997 24000 24003 24006 24009 24012 24015 24018 24021 24024 24027 24030 24033 24036 24039 24042 24045 24048 24051 24054 24057 24060 24063 24066 24069 24072 24075 24078 24081 24084 24087 24090 24093 24096 24099 24102 24105 24108 24111 24114 24117 24120 24123 24126 24129 24132 24135 24138 24141 24144 24147 24150 24153 24156 24159 24162 24165 24168 24171 24174 24177 24180 24183 24186 24189 24192 24195 24198 24201 24204 24207 24210 24213 24216 24219 24222 24225 24228 24231 24234 24237 24240 24243 24246 24249 24252 24255 24258 24261 24264 24267 24270 24273 24276 24279 24282 24285 24288 24291 24294 24297 24300 24303 24306 24309 24312 24315 24318 24321 24324 24327 24330 24333 24336 24339 24342 24345 24348 24351 24354 24357 24360 24363 24366 24369 24372 24375 24378 24381 24384 24387 24390 24393 24396 24399 24402 24405 24408 24411 24414 24417 24420 24423 24426 24429 24432 24435 24438 24441 24444 24447 24450 24453 24456 24459 24462 24465 24468 24471 24474 24477 24480 24483 24486 24489 24492 24495 24498 24501 24504 24507 24510 24513 24516 24519 24522 24525 24528 24531 24534 24537 24540 24543 24546 24549 24552 24555 24558 24561 24564 24567 24570 24573 24576 24579 24582 24585 24588 24591 24594 24597 </DataArray>
<DataArray  type="UInt8"  Name="types"  format="ascii">5 5 5 5 5 5 5 5 5 5 5 5 5 5 5 5 5 5 5 5 5 5 5 5 5 5 5 5 5 5 5 5 5 5 5 5 5 5 5 5 5 5 5 5 5 5 5 5 5 5 5 5 5 5 5 5 5 5 5 5 5 5 5 5 5 5 5 5 5 5 5 5 5 5 5 5 5 5 5 5 5 5 5 5 5 5 5 5 5 5 5 5 5 5 5 5 5 5 5 5 5 5 5 5 5 5 5 5 5 5 5 5 5 5 5 5 5 5 5 5 5 5 5 5 5 5 5 5 5 5 5 5 5 5 5 5 5 5 5 5 5 5 5 5 5 5 5 5 5 5 5 5 5 5 5 5 5 5 5 5 5 5 5 5 5 5 5 5 5 5 5 5 5 5 5 5 5 5 5 5 5 5 5 5 5 5 5 5 5 5 5 5 5 5 5 5 5 5 5 5 5 5 5 5 5 5 5 5 5 5 5 5 5 5 5 5 5 5 5 5 5 5 5 5 5 5 5 5 5 5 5 5 5 5 5 5 5 5 5 5 5 5 5 5 5 5 5 5 5 5 5 5 5 5 5 5 5 5 5 5 5 5 5 5 5 5 5 5 5 5 5 5 5 5 5 5 5 5 5 5 5 5 5 5 5 5 5 5 5 5 5 5 5 5 5 5 5 5 5 5 5 5 5 5 5 5 5 5 5 5 5 5 5 5 5 5 5 5 5 5 5 5 5 5 5 5 5 5 5 5 5 5 5 5 5 5 5 5 5 5 5 5 5 5 5 5 5 5 5 5 5 5 5 5 5 5 5 5 5 5 5 5 5 5 5 5 5 5 5 5 5 5 5 5 5 5 5 5 5 5 5 5 5 5 5 5 5 5 5 5 5 5 5 5 5 5 5 5 5 5 5 5 5 5 5 5 5 5 5 5 5 5 5 5 5 5 5 5 5 5 5 5 5 5 5 5 5 5 5 5 5 5 5 5 5 5 5 5 5 5 5 5 5 5 5 5 5 5 5 5 5 5 5 5 5 5 5 5 5 5 5 5 5 5 5 5 5 5 5 5 5 5 5 5 5 5 5 5 5 5 5 5 5 5 5 5 5 5 5 5 5 5 5 5 5 5 5 5 5 5 5 5 5 5 5 5 5 5 5 5 5 5 5 5 5 5 5 5 5 5 5 5 5 5 5 5 5 5 5 5 5 5 5 5 5 5 5 5 5 5 5 5 5 5 5 5 5 5 5 5 5 5 5 5 5 5 5 5 5 5 5 5 5 5 5 5 5 5 5 5 5 5 5 5 5 5 5 5 5 5 5 5 5 5 5 5 5 5 5 5 5 5 5 5 5 5 5 5 5 5 5 5 5 5 5 5 5 5 5 5 5 5 5 5 5 5 5 5 5 5 5 5 5 5 5 5 5 5 5 5 5 5 5 5 5 5 5 5 5 5 5 5 5 5 5 5 5 5 5 5 5 5 5 5 5 5 5 5 5 5 5 5 5 5 5 5 5 5 5 5 5 5 5 5 5 5 5 5 5 5 5 5 5 5 5 5 5 5 5 5 5 5 5 5 5 5 5 5 5 5 5 5 5 5 5 5 5 5 5 5 5 5 5 5 5 5 5 5 5 5 5 5 5 5 5 5 5 5 5 5 5 5 5 5 5 5 5 5 5 5 5 5 5 5 5 5 5 5 5 5 5 5 5 5 5 5 5 5 5 5 5 5 5 5 5 5 5 5 5 5 5 5 5 5 5 5 5 5 5 5 5 5 5 5 5 5 5 5 5 5 5 5 5 5 5 5 5 5 5 5 5 5 5 5 5 5 5 5 5 5 5 5 5 5 5 5 5 5 5 5 5 5 5 5 5 5 5 5 5 5 5 5 5 5 5 5 5 5 5 5 5 5 5 5 5 5 5 5 5 5 5 5 5 5 5 5 5 5 5 5 5 5 5 5 5 5 5 5 5 5 5 5 5 5 5 5 5 5 5 5 5 5 5 5 5 5 5 5 5 5 5 5 5 5 5 5 5 5 5 5 5 5 5 5 5 5 5 5 5 5 5 5 5 5 5 5 5 5 5 5 5 5 5 5 5 5 5 5 5 5 5 5 5 5 5 5 5 5 5 5 5 5 5 5 5 5 5 5 5 5 5 5 5 5 5 5 5 5 5 5 5 5 5 5 5 5 5 5 5 5 5 5 5 5 5 5 5 5 5 5 5 5 5 5 5 5 5 5 5 5 5 5 5 5 5 5 5 5 5 5 5 5 5 5 5 5 5 5 5 5 5 5 5 5 5 5 5 5 5 5 5 5 5 5 5 5 5 5 5 5 5 5 5 5 5 5 5 5 5 5 5 5 5 5 5 5 5 5 5 5 5 5 5 5 5 5 5 5 5 5 5 5 5 5 5 5 5 5 5 5 5 5 5 5 5 5 5 5 5 5 5 5 5 5 5 5 5 5 5 5 5 5 5 5 5 5 5 5 5 5 5 5 5 5 5 5 5 5 5 5 5 5 5 5 5 5 5 5 5 5 5 5 5 5 5 5 5 5 5 5 5 5 5 5 5 5 5 5 5 5 5 5 5 5 5 5 5 5 5 5 5 5 5 5 5 5 5 5 5 5 5 5 5 5 5 5 5 5 5 5 5 5 5 5 5 5 5 5 5 5 5 5 5 5 5 5 5 5 5 5 5 5 5 5 5 5 5 5 5 5 5 5 5 5 5 5 5 5 5 5 5 5 5 5 5 5 5 5 5 5 5 5 5 5 5 5 5 5 5 5 5 5 5 5 5 5 5 5 5 5 5 5 5 5 5 5 5 5 5 5 5 5 5 5 5 5 5 5 5 5 5 5 5 5 5 5 5 5 5 5 5 5 5 5 5 5 5 5 5 5 5 5 5 5 5 5 5 5 5 5 5 5 5 5 5 5 5 5 5 5 5 5 5 5 5 5 5 5 5 5 5 5 5 5 5 5 5 5 5 5 5 5 5 5 5 5 5 5 5 5 5 5 5 5 5 5 5 5 5 5 5 5 5 5 5 5 5 5 5 5 5 5 5 5 5 5 5 5 5 5 5 5 5 5 5 5 5 5 5 5 5 5 5 5 5 5 5 5 5 5 5 5 5 5 5 5 5 5 5 5 5 5 5 5 5 5 5 5 5 5 5 5 5 5 5 5 5 5 5 5 5 5 5 5 5 5 5 5 5 5 5 5 5 5 5 5 5 5 5 5 5 5 5 5 5 5 5 5 5 5 5 5 5 5 5 5 5 5 5 5 5 5 5 5 5 5 5 5 5 5 5 5 5 5 5 5 5 5 5 5 5 5 5 5 5 5 5 5 5 5 5 5 5 5 5 5 5 5 5 5 5 5 5 5 5 5 5 5 5 5 5 5 5 5 5 5 5 5 5 5 5 5 5 5 5 5 5 5 5 5 5 5 5 5 5 5 5 5 5 5 5 5 5 5 5 5 5 5 5 5 5 5 5 5 5 5 5 5 5 5 5 5 5 5 5 5 5 5 5 5 5 5 5 5 5 5 5 5 5 5 5 5 5 5 5 5 5 5 5 5 5 5 5 5 5 5 5 5 5 5 5 5 5 5 5 5 5 5 5 5 5 5 5 5 5 5 5 5 5 5 5 5 5 5 5 5 5 5 5 5 5 5 5 5 5 5 5 5 5 5 5 5 5 5 5 5 5 5 5 5 5 5 5 5 5 5 5 5 5 5 5 5 5 5 5 5 5 5 5 5 5 5 5 5 5 5 5 5 5 5 5 5 5 5 5 5 5 5 5 5 5 5 5 5 5 5 5 5 5 5 5 5 5 5 5 5 5 5 5 5 5 5 5 5 5 5 5 5 5 5 5 5 5 5 5 5 5 5 5 5 5 5 5 5 5 5 5 5 5 5 5 5 5 5 5 5 5 5 5 5 5 5 5 5 5 5 5 5 5 5 5 5 5 5 5 5 5 5 5 5 5 5 5 5 5 5 5 5 5 5 5 5 5 5 5 5 5 5 5 5 5 5 5 5 5 5 5 5 5 5 5 5 5 5 5 5 5 5 5 5 5 5 5 5 5 5 5 5 5 5 5 5 5 5 5 5 5 5 5 5 5 5 5 5 5 5 5 5 5 5 5 5 5 5 5 5 5 5 5 5 5 5 5 5 5 5 5 5 5 5 5 5 5 5 5 5 5 5 5 5 5 5 5 5 5 5 5 5 5 5 5 5 5 5 5 5 5 5 5 5 5 5 5 5 5 5 5 5 5 5 5 5 5 5 5 5 5 5 5 5 5 5 5 5 5 5 5 5 5 5 5 5 5 5 5 5 5 5 5 5 5 5 5 5 5 5 5 5 5 5 5 5 5 5 5 5 5 5 5 5 5 5 5 5 5 5 5 5 5 5 5 5 5 5 5 5 5 5 5 5 5 5 5 5 5 5 5 5 5 5 5 5 5 5 5 5 5 5 5 5 5 5 5 5 5 5 5 5 5 5 5 5 5 5 5 5 5 5 5 5 5 5 5 5 5 5 5 5 5 5 5 5 5 5 5 5 5 5 5 5 5 5 5 5 5 5 5 5 5 5 5 5 5 5 5 5 5 5 5 5 5 5 5 5 5 5 5 5 5 5 5 5 5 5 5 5 5 5 5 5 5 5 5 5 5 5 5 5 5 5 5 5 5 5 5 5 5 5 5 5 5 5 5 5 5 5 5 5 5 5 5 5 5 5 5 5 5 5 5 5 5 5 5 5 5 5 5 5 5 5 5 5 5 5 5 5 5 5 5 5 5 5 5 5 5 5 5 5 5 5 5 5 5 5 5 5 5 5 5 5 5 5 5 5 5 5 5 5 5 5 5 5 5 5 5 5 5 5 5 5 5 5 5 5 5 5 5 5 5 5 5 5 5 5 5 5 5 5 5 5 5 5 5 5 5 5 5 5 5 5 5 5 5 5 5 5 5 5 5 5 5 5 5 5 5 5 5 5 5 5 5 5 5 5 5 5 5 5 5 5 5 5 5 5 5 5 5 5 5 5 5 5 5 5 5 5 5 5 5 5 5 5 5 5 5 5 5 5 5 5 5 5 5 5 5 5 5 5 5 5 5 5 5 5 5 5 5 5 5 5 5 5 5 5 5 5 5 5 5 5 5 5 5 5 5 5 5 5 5 5 5 5 5 5 5 5 5 5 5 5 5 5 5 5 5 5 5 5 5 5 5 5 5 5 5 5 5 5 5 5 5 5 5 5 5 5 5 5 5 5 5 5 5 5 5 5 5 5 5 5 5 5 5 5 5 5 5 5 5 5 5 5 5 5 5 5 5 5 5 5 5 5 5 5 5 5 5 5 5 5 5 5 5 5 5 5 5 5 5 5 5 5 5 5 5 5 5 5 5 5 5 5 5 5 5 5 5 5 5 5 5 5 5 5 5 5 5 5 5 5 5 5 5 5 5 5 5 5 5 5 5 5 5 5 5 5 5 5 5 5 5 5 5 5 5 5 5 5 5 5 5 5 5 5 5 5 5 5 5 5 5 5 5 5 5 5 5 5 5 5 5 5 5 5 5 5 5 5 5 5 5 5 5 5 5 5 5 5 5 5 5 5 5 5 5 5 5 5 5 5 5 5 5 5 5 5 5 5 5 5 5 5 5 5 5 5 5 5 5 5 5 5 5 5 5 5 5 5 5 5 5 5 5 5 5 5 5 5 5 5 5 5 5 5 5 5 5 5 5 5 5 5 5 5 5 5 5 5 5 5 5 5 5 5 5 5 5 5 5 5 5 5 5 5 5 5 5 5 5 5 5 5 5 5 5 5 5 5 5 5 5 5 5 5 5 5 5 5 5 5 5 5 5 5 5 5 5 5 5 5 5 5 5 5 5 5 5 5 5 5 5 5 5 5 5 5 5 5 5 5 5 5 5 5 5 5 5 5 5 5 5 5 5 5 5 5 5 5 5 5 5 5 5 5 5 5 5 5 5 5 5 5 5 5 5 5 5 5 5 5 5 5 5 5 5 5 5 5 5 5 5 5 5 5 5 5 5 5 5 5 5 5 5 5 5 5 5 5 5 5 5 5 5 5 5 5 5 5 5 5 5 5 5 5 5 5 5 5 5 5 5 5 5 5 5 5 5 5 5 5 5 5 5 5 5 5 5 5 5 5 5 5 5 5 5 5 5 5 5 5 5 5 5 5 5 5 5 5 5 5 5 5 5 5 5 5 5 5 5 5 5 5 5 5 5 5 5 5 5 5 5 5 5 5 5 5 5 5 5 5 5 5 5 5 5 5 5 5 5 5 5 5 5 5 5 5 5 5 5 5 5 5 5 5 5 5 5 5 5 5 5 5 5 5 5 5 5 5 5 5 5 5 5 5 5 5 5 5 5 5 5 5 5 5 5 5 5 5 5 5 5 5 5 5 5 5 5 5 5 5 5 5 5 5 5 5 5 5 5 5 5 5 5 5 5 5 5 5 5 5 5 5 5 5 5 5 5 5 5 5 5 5 5 5 5 5 5 5 5 5 5 5 5 5 5 5 5 5 5 5 5 5 5 5 5 5 5 5 5 5 5 5 5 5 5 5 5 5 5 5 5 5 5 5 5 5 5 5 5 5 5 5 5 5 5 5 5 5 5 5 5 5 5 5 5 5 5 5 5 5 5 5 5 5 5 5 5 5 5 5 5 5 5 5 5 5 5 5 5 5 5 5 5 5 5 5 5 5 5 5 5 5 5 5 5 5 5 5 5 5 5 5 5 5 5 5 5 5 5 5 5 5 5 5 5 5 5 5 5 5 5 5 5 5 5 5 5 5 5 5 5 5 5 5 5 5 5 5 5 5 5 5 5 5 5 5 5 5 5 5 5 5 5 5 5 5 5 5 5 5 5 5 5 5 5 5 5 5 5 5 5 5 5 5 5 5 5 5 5 5 5 5 5 5 5 5 5 5 5 5 5 5 5 5 5 5 5 5 5 5 5 5 5 5 5 5 5 5 5 5 5 5 5 5 5 5 5 5 5 5 5 5 5 5 5 5 5 5 5 5 5 5 5 5 5 5 5 5 5 5 5 5 5 5 5 5 5 5 5 5 5 5 5 5 5 5 5 5 5 5 5 5 5 5 5 5 5 5 5 5 5 5 5 5 5 5 5 5 5 5 5 5 5 5 5 5 5 5 5 5 5 5 5 5 5 5 5 5 5 5 5 5 5 5 5 5 5 5 5 5 5 5 5 5 5 5 5 5 5 5 5 5 5 5 5 5 5 5 5 5 5 5 5 5 5 5 5 5 5 5 5 5 5 5 5 5 5 5 5 5 5 5 5 5 5 5 5 5 5 5 5 5 5 5 5 5 5 5 5 5 5 5 5 5 5 5 5 5 5 5 5 5 5 5 5 5 5 5 5 5 5 5 5 5 5 5 5 5 5 5 5 5 5 5 5 5 5 5 5 5 5 5 5 5 5 5 5 5 5 5 5 5 5 5 5 5 5 5 5 5 5 5 5 5 5 5 5 5 5 5 5 5 5 5 5 5 5 5 5 5 5 5 5 5 5 5 5 5 5 5 5 5 5 5 5 5 5 5 5 5 5 5 5 5 5 5 5 5 5 5 5 5 5 5 5 5 5 5 5 5 5 5 5 5 5 5 5 5 5 5 5 5 5 5 5 5 5 5 5 5 5 5 5 5 5 5 5 5 5 5 5 5 5 5 5 5 5 5 5 5 5 5 5 5 5 5 5 5 5 5 5 5 5 5 5 5 5 5 5 5 5 5 5 5 5 5 5 5 5 5 5 5 5 5 5 5 5 5 5 5 5 5 5 5 5 5 5 5 5 5 5 5 5 5 5 5 5 5 5 5 5 5 5 5 5 5 5 5 5 5 5 5 5 5 5 5 5 5 5 5 5 5 5 5 5 5 5 5 5 5 5 5 5 5 5 5 5 5 5 5 5 5 5 5 5 5 5 5 5 5 5 5 5 5 5 5 5 5 5 5 5 5 5 5 5 5 5 5 5 5 5 5 5 5 5 5 5 5 5 5 5 5 5 5 5 5 5 5 5 5 5 5 5 5 5 5 5 5 5 5 5 5 5 5 5 5 5 5 5 5 5 5 5 5 5 5 5 5 5 5 5 5 5 5 5 5 5 5 5 5 5 5 5 5 5 5 5 5 5 5 5 5 5 5 5 5 5 5 5 5 5 5 5 5 5 5 5 5 5 5 5 5 5 5 5 5 5 5 5 5 5 5 5 5 5 5 5 5 5 5 5 5 5 5 5 5 5 5 5 5 5 5 5 5 5 5 5 5 5 5 5 5 5 5 5 5 5 5 5 5 5 5 5 5 5 5 5 5 5 5 5 5 5 5 5 5 5 5 5 5 5 5 5 5 5 5 5 5 5 5 5 5 5 5 5 5 5 5 5 5 5 5 5 5 5 5 5 5 5 5 5 5 5 5 5 5 5 5 5 5 5 5 5 5 5 5 5 5 5 5 5 5 5 5 5 5 5 5 5 5 5 5 5 5 5 5 5 5 5 5 5 5 5 5 5 5 5 5 5 5 5 5 5 5 5 5 5 5 5 5 5 5 5 5 5 5 5 5 5 5 5 5 5 5 5 5 5 5 5 5 5 5 5 5 5 5 5 5 5 5 5 5 5 5 5 5 5 5 5 5 5 5 5 5 5 5 5 5 5 5 5 5 5 5 5 5 5 5 5 5 5 5 5 5 5 5 5 5 5 5 5 5 5 5 5 5 5 5 5 5 5 5 5 5 5 5 5 5 5 5 5 5 5 5 5 5 5 5 5 5 5 5 5 5 5 5 5 5 5 5 5 5 5 5 5 5 5 5 5 5 5 5 5 5 5 5 5 5 5 5 5 5 5 5 5 5 5 5 5 5 5 5 5 5 5 5 5 5 5 5 5 5 5 5 5 5 5 5 5 5 5 5 5 5 5 5 5 5 5 5 5 5 5 5 5 5 5 5 5 5 5 5 5 5 5 5 5 5 5 5 5 5 5 5 5 5 5 5 5 5 5 5 5 5 5 5 5 5 5 5 5 5 5 5 5 5 5 5 5 5 5 5 5 5 5 5 5 5 5 5 5 5 5 5 5 5 5 5 5 5 5 5 5 5 5 5 5 5 5 5 5 5 5 5 5 5 5 5 5 5 5 5 5 5 5 5 5 5 5 5 5 5 5 5 5 5 5 5 5 5 5 5 5 5 5 5 5 5 5 5 5 5 5 5 5 5 5 5 5 5 5 5 5 5 5 5 5 5 5 5 5 5 5 5 5 5 5 5 5 5 5 5 5 5 5 5 5 5 5 5 5 5 5 5 5 5 5 5 5 5 5 5 5 5 5 5 5 5 5 5 5 5 5 5 5 5 5 5 5 5 5 5 5 5 5 5 5 5 5 5 5 5 5 5 5 5 5 5 5 5 5 5 5 5 5 5 5 5 5 5 5 5 5 5 5 5 5 5 5 5 5 5 5 5 5 5 5 5 5 5 5 5 5 5 5 5 5 5 5 5 5 5 5 5 5 5 5 5 5 5 5 5 5 5 5 5 5 5 5 5 5 5 5 5 5 5 5 5 5 5 5 5 5 5 5 5 5 5 5 5 5 5 5 5 5 5 5 5 5 5 5 5 5 5 5 5 5 5 5 5 5 5 5 5 5 5 5 5 5 5 5 5 5 5 5 5 5 5 5 5 5 5 5 5 5 5 5 5 5 5 5 5 5 5 5 5 5 5 5 5 5 5 5 5 5 5 5 5 5 5 5 5 5 5 5 5 5 5 5 5 5 5 5 5 5 5 5 5 5 5 5 5 5 5 5 5 5 5 5 5 5 5 5 5 5 5 5 5 5 5 5 5 5 5 5 5 5 5 5 5 5 5 5 5 5 5 5 5 5 5 5 5 5 5 5 5 5 5 5 5 5 5 5 5 5 5 5 5 5 5 5 5 5 5 5 5 5 5 5 5 5 5 5 5 5 5 5 5 5 5 5 5 5 5 5 5 5 5 5 5 5 5 5 5 5 5 5 5 5 5 5 5 5 5 5 5 5 5 5 5 5 5 5 5 5 5 5 5 5 5 5 5 5 5 5 5 5 5 5 5 5 5 5 5 5 5 5 5 5 5 5 5 5 5 5 5 5 5 5 5 5 5 5 5 5 5 5 5 5 5 5 5 5 5 5 5 5 5 5 5 5 5 5 5 5 5 5 5 5 5 5 5 5 5 5 5 5 5 5 5 5 5 5 5 5 5 5 5 5 5 5 5 5 5 5 5 5 5 5 5 5 5 5 5 5 5 5 5 5 5 5 5 5 5 5 5 5 5 5 5 5 5 5 5 5 5 5 5 5 5 5 5 5 5 5 5 5 5 5 5 5 5 5 5 5 5 5 5 5 5 5 5 5 5 5 5 5 5 5 5 5 5 5 5 5 5 5 5 5 5 5 5 5 5 5 5 5 5 5 5 5 5 5 5 5 5 5 5 5 5 5 5 5 5 5 5 5 5 5 5 5 5 5 5 5 5 5 5 5 5 5 5 5 5 5 5 5 5 5 5 5 5 5 5 5 5 5 5 5 5 5 5 5 5 5 5 5 5 5 5 5 5 5 5 5 5 5 5 5 5 5 5 5 5 5 5 5 5 5 5 5 5 5 5 5 5 5 5 5 5 5 5 5 5 5 5 5 5 5 5 5 5 5 5 5 5 5 5 5 5 5 5 5 5 5 5 5 5 5 5 5 5 5 5 5 5 5 5 5 5 5 5 5 5 5 5 5 5 5 5 5 5 5 5 5 5 5 5 5 5 5 5 5 5 5 5 5 5 5 5 5 5 5 5 5 5 5 5 5 5 5 5 5 5 5 5 5 5 5 5 5 5 5 5 5 5 5 5 5 5 5 5 5 5 5 5 5 5 5 5 5 5 5 5 5 5 5 5 5 5 5 5 5 5 5 5 5 5 5 5 5 5 5 5 5 5 5 5 5 5 5 5 5 5 5 5 5 5 5 5 5 5 5 5 5 5 5 5 5 5 5 5 5 5 5 5 5 5 5 5 5 5 5 5 5 5 5 5 5 5 5 5 5 5 5 5 5 5 5 5 5 5 5 5 5 5 5 5 5 5 5 5 5 5 5 5 5 5 5 5 5 5 5 5 5 5 5 5 5 5 5 5 5 5 5 5 5 5 5 5 5 5 5 5 5 5 5 5 5 5 5 5 5 5 5 5 5 5 5 5 5 5 5 5 5 5 5 5 5 5 5 5 5 5 5 5 5 5 5 5 5 5 5 5 5 5 5 5 5 5 5 5 5 5 5 5 5 5 5 5 5 5 5 5 5 5 5 5 5 5 5 5 5 5 5 5 5 5 5 5 5 5 5 5 5 5 5 5 5 5 5 5 5 5 5 5 5 5 5 5 5 5 5 5 5 5 5 5 5 5 5 5 5 5 5 5 5 5 5 5 5 5 5 5 5 5 5 5 5 5 5 5 5 5 5 5 5 5 5 5 5 5 5 5 5 5 5 5 5 5 5 5 5 5 5 5 5 5 5 5 5 5 5 5 5 5 5 5 5 5 5 5 5 5 5 5 5 5 5 5 5 5 5 5 5 5 5 5 5 5 5 5 5 5 5 5 5 5 5 5 5 5 5 5 5 5 5 5 5 5 5 5 5 5 5 5 5 5 5 5 5 5 5 5 5 5 5 5 5 5 5 5 5 5 5 5 5 5 5 5 5 5 5 5 5 5 5 5 5 5 5 5 5 5 5 5 5 5 5 5 5 5 5 5 5 5 5 5 5 5 5 5 5 5 5 5 5 5 5 5 5 5 5 5 5 5 5 5 5 5 5 5 5 5 5 5 5 5 5 5 5 5 5 5 5 5 5 5 5 5 5 5 5 5 5 5 5 5 5 5 5 5 5 5 5 5 5 5 5 5 5 5 5 5 5 5 5 5 5 5 5 5 5 5 5 5 5 5 5 5 5 5 5 5 5 5 5 5 5 5 5 5 5 5 5 5 5 5 5 5 5 5 5 5 5 5 5 5 5 5 5 5 5 5 5 5 5 5 5 5 5 5 5 5 5 5 5 5 5 5 5 5 5 5 5 5 5 5 5 5 5 5 5 5 5 5 5 5 5 5 5 5 5 5 5 5 5 5 5 5 5 5 5 5 5 5 5 5 5 5 5 5 5 5 5 5 5 5 5 5 5 5 5 5 5 5 5 5 5 5 5 5 5 5 5 5 5 5 5 5 5 5 5 5 5 5 5 5 5 5 5 5 5 5 5 5 5 5 5 5 5 5 5 5 5 5 5 5 5 5 5 5 5 5 5 5 5 5 5 5 5 5 5 5 5 5 5 5 5 5 5 5 5 5 5 5 5 5 5 5 5 5 5 5 5 5 5 5 5 5 5 5 5 5 5 5 5 5 5 5 5 5 5 5 5 5 5 5 5 5 5 5 5 5 5 5 5 5 5 5 5 5 5 5 5 5 5 5 5 5 5 5 5 5 5 5 5 5 5 5 5 5 5 5 5 5 5 5 5 5 5 5 5 5 5 5 5 5 5 5 5 5 5 5 5 5 5 5 5 5 5 5 5 5 5 5 5 5 5 5 5 5 5 5 5 5 5 5 5 5 5 5 5 5 5 5 5 5 5 5 5 5 5 5 5 5 5 5 5 5 5 5 5 5 5 5 5 5 5 5 5 5 5 5 5 5 5 5 5 5 5 5 5 5 5 5 5 5 5 5 5 5 5 5 5 5 5 5 5 5 5 5 5 5 5 5 5 5 5 5 5 5 5 5 5 5 5 5 5 5 5 5 5 5 5 5 5 5 5 5 5 5 5 5 5 5 5 5 5 5 5 5 5 5 5 5 5 5 5 5 5 5 5 5 5 5 5 5 5 5 5 5 5 5 5 5 5 5 5 5 5 5 5 5 5 5 5 5 5 5 5 5 5 5 5 5 5 5 5 5 5 5 5 5 5 5 5 5 5 5 5 5 5 5 5 5 5 5 5 5 5 5 5 5 5 5 5 5 5 5 5 5 5 5 5 5 5 5 5 5 5 5 5 5 5 5 5 5 5 5 5 5 5 5 5 5 5 5 5 5 5 5 5 5 5 5 5 5 5 5 5 5 5 5 5 5 5 5 5 5 5 5 5 5 5 5 5 5 5 5 5 5 5 5 5 5 5 5 5 5 5 5 5 5 5 5 5 5 5 5 5 5 5 5 5 5 5 5 5 5 5 5 5 5 5 5 5 5 5 5 5 5 5 5 5 5 5 5 5 5 5 5 5 5 5 5 5 5 5 5 5 5 5 5 5 5 5 5 5 5 5 5 5 5 5 5 5 5 5 5 5 5 5 5 5 5 5 5 5 5 5 5 5 5 5 5 5 5 5 5 5 5 5 5 5 5 5 5 5 5 5 5 5 5 5 5 5 5 5 5 5 5 5 5 5 5 5 5 5 5 5 5 5 5 5 5 5 5 5 5 5 5 5 5 5 5 5 5 5 5 5 5 5 5 5 5 5 5 5 5 5 5 5 5 5 5 5 5 5 5 5 5 5 5 5 5 5 5 5 5 5 5 5 5 5 5 5 5 5 5 5 5 5 5 5 5 5 5 5 5 5 5 5 5 5 5 5 5 5 5 5 5 5 5 5 5 5 5 5 5 5 5 5 5 5 5 5 5 5 5 5 5 5 5 5 5 5 5 5 5 5 5 5 5 5 5 5 5 5 5 5 5 5 5 5 5 5 5 5 5 5 5 5 5 5 5 5 5 5 5 5 5 5 5 5 5 5 5 5 5 5 5 5 5 5 5 5 5 5 5 5 5 5 5 5 5 5 5 5 5 5 5 5 5 5 5 5 5 5 5 5 5 5 5 5 5 5 5 5 5 5 5 5 5 5 5 5 5 5 5 5 5 5 5 5 5 5 5 5 5 5 5 5 5 5 5 5 5 5 5 5 5 5 5 5 5 5 5 5 5 5 5 5 5 5 5 5 5 5 5 5 5 5 5 5 5 5 5 5 5 5 5 5 5 5 5 5 5 5 5 5 5 5 5 5 5 5 5 5 5 5 5 5 5 5 5 5 5 5 5 5 5 5 5 5 5 5 5 5 5 5 5 5 5 5 5 5 5 5 5 5 5 5 5 5 5 5 5 5 5 5 5 5 5 5 5 5 5 5 5 5 5 5 5 5 5 5 5 5 5 5 5 5 5 5 5 5 5 5 5 5 5 5 5 5 5 5 5 5 5 5 5 5 5 5 5 5 5 5 5 5 5 5 5 5 5 5 5 5 5 5 5 5 5 5 5 5 5 5 5 5 5 5 5 5 5 5 5 5 5 5 5 5 5 5 5 5 5 5 5 5 5 5 5 5 5 5 5 5 5 5 5 5 5 5 5 5 5 5 5 5 5 5 5 5 5 5 5 5 5 5 5 5 5 5 5 5 5 5 5 5 5 5 5 5 5 5 5 5 5 5 5 5 5 5 5 5 5 5 5 5 5 5 5 5 5 5 5 5 5 5 5 5 5 5 5 5 5 5 5 5 5 5 5 5 5 5 5 5 5 5 5 5 5 5 5 5 5 5 5 5 5 5 5 5 5 5 5 5 5 5 5 5 5 5 5 5 5 5 5 5 5 5 5 5 5 5 5 5 5 5 5 5 5 5 5 5 5 5 5 5 5 5 5 5 5 5 5 5 5 5 5 5 5 5 5 5 5 5 5 5 5 5 5 5 5 5 5 5 5 5 5 5 5 5 5 5 5 5 5 5 5 5 5 5 5 5 5 5 5 5 5 5 5 5 5 5 5 5 5 5 5 5 5 5 5 5 5 5 5 5 5 5 5 5 5 5 5 5 5 5 5 5 5 5 5 5 5 5 5 5 5 5 5 5 5 5 5 5 5 5 5 5 5 5 5 5 5 5 5 5 5 5 5 5 5 5 5 5 5 5 5 5 5 5 5 5 5 5 5 5 5 5 5 5 5 5 5 5 5 5 5 5 5 5 5 5 5 5 5 5 5 5 5 5 5 5 5 5 5 5 5 5 5 5 5 5 5 5 5 5 5 5 5 5 5 5 5 5 5 5 5 5 5 5 5 5 5 5 5 5 5 5 5 5 5 5 5 5 5 5 5 5 5 5 5 5 5 5 5 5 5 5 5 5 5 5 5 5 5 5 5 5 5 5 5 5 5 5 5 5 5 5 5 5 5 5 5 5 5 5 5 5 5 5 5 5 5 5 5 5 5 5 5 5 5 5 5 5 5 5 5 5 5 5 5 5 5 5 5 5 5 5 5 5 5 5 5 5 5 5 5 5 5 5 5 5 5 5 5 5 5 5 5 5 5 5 5 5 5 5 5 5 5 5 5 5 5 5 5 5 5 5 5 5 5 5 5 5 5 5 5 5 5 5 5 5 5 5 5 5 5 5 5 5 5 5 5 5 5 5 5 5 5 5 5 5 5 5 5 5 5 5 5 5 5 5 5 5 5 5 5 5 5 5 5 5 5 5 5 5 5 5 5 5 5 5 5 5 5 5 5 5 5 5 5 5 5 5 5 5 5 5 5 5 5 5 5 5 5 5 5 5 5 5 5 5 5 5 5 5 5 5 5 5 5 5 5 5 5 5 5 5 5 5 5 5 5 5 5 5 5 5 5 5 5 5 5 5 5 5 5 5 5 5 5 5 5 5 5 5 5 5 5 5 5 5 5 5 5 5 5 5 5 5 5 5 5 5 5 5 5 5 5 5 5 5 5 5 5 5 5 5 5 5 5 5 5 5 5 5 5 5 5 5 5 5 5 5 5 5 5 5 5 5 5 5 5 5 5 5 5 5 5 5 5 5 5 5 5 5 5 5 5 5 5 5 5 5 5 5 5 5 5 5 5 5 5 5 5 5 5 5 5 5 5 5 5 5 5 5 5 5 5 5 5 5 5 5 5 5 5 5 5 5 5 5 5 5 5 5 5 5 5 5 5 5 5 5 5 5 5 5 5 5 5 5 5 5 5 5 5 5 5 5 5 5 5 5 5 5 5 5 5 5 5 5 5 5 5 5 5 5 5 5 5 5 5 5 5 5 5 5 5 5 5 5 5 5 5 5 5 5 5 5 5 5 5 5 5 5 5 5 5 5 5 5 5 5 5 5 5 5 5 5 5 5 5 5 5 5 5 5 5 5 5 5 5 5 5 5 5 5 5 5 5 5 5 5 5 5 5 5 5 5 5 5 5 5 5 5 5 5 5 5 5 5 5 5 5 5 5 5 5 5 5 5 5 5 5 5 5 5 5 5 5 5 5 5 5 5 5 5 5 5 5 5 5 5 5 5 5 5 5 5 5 5 5 5 5 5 5 5 5 5 5 5 5 5 5 5 5 5 5 5 5 5 5 5 5 5 5 5 5 5 5 5 5 5 5 5 5 5 5 5 5 5 5 5 5 5 5 5 5 5 5 5 5 5 5 5 5 5 5 5 5 5 5 5 5 5 5 5 5 5 5 5 5 5 5 5 5 5 5 5 5 5 5 5 5 5 5 5 5 5 5 5 5 5 5 5 5 5 5 5 5 5 5 5 5 5 5 5 5 5 5 5 5 5 5 5 5 5 5 5 5 5 5 5 5 5 5 5 5 5 5 5 5 5 5 5 5 5 5 5 5 5 5 5 5 5 5 5 5 5 5 5 5 5 5 5 5 5 5 5 5 5 5 5 5 5 5 5 5 5 5 5 5 5 5 5 5 5 5 5 5 5 5 5 5 5 5 5 5 5 5 5 5 5 5 5 5 5 5 5 5 5 5 5 5 5 5 5 5 5 5 5 5 5 5 5 5 5 5 5 5 5 5 5 5 5 5 5 5 5 5 5 5 5 5 5 5 5 5 5 5 5 5 5 5 5 5 5 5 5 5 5 5 5 5 5 5 5 5 5 5 5 5 5 5 5 5 5 5 5 5 5 5 5 5 5 5 5 5 5 5 5 5 5 5 5 5 5 5 5 5 5 5 5 5 5 5 5 5 5 5 5 5 5 5 5 5 5 5 5 5 5 5 5 5 5 5 5 5 5 5 5 5 5 5 5 5 5 5 5 5 5 5 5 5 5 5 5 5 5 5 5 5 5 5 5 5 5 5 5 5 5 5 5 5 5 5 5 5 5 5 5 5 5 5 5 5 5 5 5 5 5 5 5 5 5 5 5 5 5 5 5 5 5 5 5 5 5 5 5 5 5 5 5 5 5 5 5 5 5 5 5 5 5 5 5 5 5 5 5 5 5 5 5 5 5 5 5 5 5 5 5 5 5 5 5 5 5 5 5 5 5 5 5 5 5 5 5 5 5 5 5 5 5 5 5 5 5 5 5 5 5 5 5 5 5 5 5 5 5 5 5 5 5 5 5 5 5 5 5 5 5 5 5 5 5 5 5 5 5 5 5 5 5 5 5 5 5 5 5 5 5 5 5 5 5 5 5 5 5 5 5 5 5 5 5 5 5 5 5 5 5 5 5 5 5 5 5 5 5 5 5 5 5 5 5 5 5 5 5 5 5 5 5 5 5 5 5 5 5 5 5 5 5 5 5 5 5 5 5 5 5 5 5 5 5 5 5 5 5 5 5 5 5 5 5 5 5 5 5 5 5 5 5 5 5 5 5 5 5 5 5 5 5 5 5 5 5 5 5 5 5 5 5 5 5 5 5 5 5 5 5 5 5 5 5 5 5 5 5 5 5 5 5 5 5 5 5 5 5 5 5 5 5 5 5 5 5 5 5 5 5 5 5 5 5 5 5 5 5 5 5 5 5 5 5 5 5 5 5 5 5 5 5 5 5 5 5 5 5 5 5 5 5 5 5 5 5 5 5 5 5 5 5 5 5 5 5 5 5 5 5 5 5 5 5 5 5 5 5 5 5 5 5 5 5 5 5 5 5 5 5 5 5 5 5 5 5 5 5 5 5 5 5 5 5 5 5 5 5 5 5 5 5 5 5 5 5 5 5 5 5 5 5 5 5 5 5 5 5 5 5 5 5 5 5 5 5 5 5 5 5 5 5 5 5 5 5 5 5 5 5 5 5 5 5 5 5 5 5 5 5 5 5 5 5 5 5 5 5 5 5 5 5 5 5 5 5 5 5 5 5 5 5 5 5 5 5 5 5 5 5 5 5 5 5 5 5 5 5 5 5 5 5 5 5 5 5 5 5 5 5 5 5 5 5 5 5 5 5 5 5 5 5 5 5 5 5 5 5 5 5 5 5 5 5 5 5 5 5 5 5 5 5 5 5 5 5 5 5 5 5 5 5 5 5 5 5 5 5 5 5 5 5 5 5 5 5 5 5 5 5 5 5 5 5 5 5 5 5 5 5 5 5 5 5 5 5 5 5 5 5 5 5 5 5 5 5 5 5 5 5 5 5 5 5 5 5 5 5 5 5 5 5 5 5 5 5 5 5 5 5 5 5 5 5 5 5 5 5 5 5 5 5 5 5 5 5 5 5 5 5 5 5 </DataArray>
</Cells>
<PointData  Vectors="f_486976"> 
<DataArray  type="Float64"  Name="f_486976"  NumberOfComponents="3" format="ascii">1.4380522805048263e-04 -1.1622119346212699e-04 0.0000000000000000e+00  1.0338755888730024e-04 7.6313580015388379e-05 0.0000000000000000e+00  -1.2895507304961295e-04 1.2892540139991678e-04 0.0000000000000000e+00  -7.7076282984307149e-05 -6.1451890582647699e-05 0.0000000000000000e+00  -9.9999999913726309e-02 0.0000000000000000e+00 0.0000000000000000e+00  -9.9999999913726309e-02 0.0000000000000000e+00 0.0000000000000000e+00  -9.9999999913726309e-02 0.0000000000000000e+00 0.0000000000000000e+00  -9.9999999913726309e-02 0.0000000000000000e+00 0.0000000000000000e+00  -9.9999999913726309e-02 0.0000000000000000e+00 0.0000000000000000e+00  -9.9999999913726309e-02 0.0000000000000000e+00 0.0000000000000000e+00  -9.9999999913726309e-02 0.0000000000000000e+00 0.0000000000000000e+00  -9.9999999913726309e-02 0.0000000000000000e+00 0.0000000000000000e+00  9.9999999913726309e-02 0.0000000000000000e+00 0.0000000000000000e+00  9.9999999913726309e-02 0.0000000000000000e+00 0.0000000000000000e+00  9.9999999913726309e-02 0.0000000000000000e+00 0.0000000000000000e+00  9.9999999913726309e-02 0.0000000000000000e+00 0.0000000000000000e+00  9.9999999913726309e-02 0.0000000000000000e+00 0.0000000000000000e+00  9.9999999913726309e-02 0.0000000000000000e+00 0.0000000000000000e+00  9.9999999913726309e-02 0.0000000000000000e+00 0.0000000000000000e+00  9.9999999913726309e-02 0.0000000000000000e+00 0.0000000000000000e+00  9.9999999913726309e-02 0.0000000000000000e+00 0.0000000000000000e+00  6.6943963567640179e-04 5.0987790527392048e-03 0.0000000000000000e+00  -8.2000594241209287e-04 -5.5000155351909051e-03 0.0000000000000000e+00  9.9999999913726309e-02 0.0000000000000000e+00 0.0000000000000000e+00  -9.9999999913726309e-02 0.0000000000000000e+00 0.0000000000000000e+00  -5.1630172048138434e-04 -7.4424536702765868e-03 0.0000000000000000e+00  9.9544380070752791e-05 2.5580329583675338e-03 0.0000000000000000e+00  5.5598955148567614e-04 7.6944692992180564e-03 0.0000000000000000e+00  -1.3150688144824505e-04 -2.6810744946919691e-03 0.0000000000000000e+00  9.9999999913726309e-02 0.0000000000000000e+00 0.0000000000000000e+00  -9.9999999913726309e-02 0.0000000000000000e+00 0.0000000000000000e+00  -7.1106129764403857e-04 -4.6239311945563804e-05 0.0000000000000000e+00  7.6394269620184215e-04 1.2517679686545630e-05 0.0000000000000000e+00  -3.8624061989169204e-05 -2.0387737730661664e-03 0.0000000000000000e+00  3.4939541624022004e-04 2.6690085550760815e-03 0.0000000000000000e+00  4.6533460114689408e-05 2.1988122087981199e-03 0.0000000000000000e+00  -1.7709944244356502e-03 4.2998821379736308e-04 0.0000000000000000e+00  -3.8367106074251657e-04 -4.7419225152547954e-03 0.0000000000000000e+00  5.0939144829792549e-05 3.1533709803146988e-04 0.0000000000000000e+00  3.3558261426876770e-04 4.8178148707547826e-03 0.0000000000000000e+00  -5.8528865422701577e-04 -8.3529123639119341e-03 0.0000000000000000e+00  5.9042710482331250e-04 8.2424170286075574e-03 0.0000000000000000e+00  -1.9161031967005172e-05 3.1848700400207610e-05 0.0000000000000000e+00  -1.7037594444591646e-03 6.0663618192953423e-06 0.0000000000000000e+00  1.9177239853617190e-03 3.5744969094846473e-05 0.0000000000000000e+00  -7.2945079150477429e-03 4.8257047739609597e-03 0.0000000000000000e+00  6.1592244129543110e-03 -6.2943962531869131e-03 0.0000000000000000e+00  3.0720249160071892e-04 -5.4153131507068149e-05 0.0000000000000000e+00  -4.3817032654802098e-04 3.8631887087817770e-05 0.0000000000000000e+00  -7.7454751125227992e-03 3.0955674519448002e-03 0.0000000000000000e+00  3.6215923011618961e-03 3.5558925082554843e-03 0.0000000000000000e+00  -9.0122960345891438e-04 2.7657820546626152e-05 0.0000000000000000e+00  9.6946525642708690e-04 -1.8676502342032665e-05 0.0000000000000000e+00  7.4273762475650894e-03 -3.6293022566237054e-03 0.0000000000000000e+00  1.9596732567282338e-02 7.9202204824692923e-03 0.0000000000000000e+00  -2.9923448685910598e-03 -2.7184854524309604e-03 0.0000000000000000e+00  7.5014045413634588e-04 -8.1953136403696092e-04 0.0000000000000000e+00  -1.6322995720451099e-03 2.4760833835465670e-04 0.0000000000000000e+00  -3.8496727914036087e-05 -7.4440952324307259e-04 0.0000000000000000e+00  -9.4619597639443356e-04 4.6098206899401506e-04 0.0000000000000000e+00  1.9909664855976253e-03 2.8236960846777812e-05 0.0000000000000000e+00  2.4250046735600656e-05 -8.1692687387676798e-04 0.0000000000000000e+00  4.1176805732076884e-05 2.9143856878676106e-04 0.0000000000000000e+00  -5.4594977231917843e-05 -1.8799956576003314e-04 0.0000000000000000e+00  -1.3978335343327875e-05 8.8553470151215056e-04 0.0000000000000000e+00  8.1276132929051159e-04 8.3676922167954422e-03 0.0000000000000000e+00  9.9999999913726309e-02 0.0000000000000000e+00 0.0000000000000000e+00  9.9999999913726309e-02 0.0000000000000000e+00 0.0000000000000000e+00  -3.3770599400639818e-04 -7.5006562357956056e-04 0.0000000000000000e+00  1.6560542262588358e-03 -1.2141702553464303e-02 0.0000000000000000e+00  2.5311110092787032e-04 4.4430098542192105e-04 0.0000000000000000e+00  6.1570508664886489e-03 3.4428048016829690e-03 0.0000000000000000e+00  9.9999999913726309e-02 0.0000000000000000e+00 0.0000000000000000e+00  9.9999999913726309e-02 0.0000000000000000e+00 0.0000000000000000e+00  -9.9999999913726309e-02 0.0000000000000000e+00 0.0000000000000000e+00  -9.9999999913726309e-02 0.0000000000000000e+00 0.0000000000000000e+00  -9.9999999913726309e-02 0.0000000000000000e+00 0.0000000000000000e+00  -9.9999999913726309e-02 0.0000000000000000e+00 0.0000000000000000e+00  -6.8131181665598121e-04 -8.1674908750734281e-03 0.0000000000000000e+00  7.5097363234539875e-04 8.1346859781428540e-03 0.0000000000000000e+00  -1.2544027662272905e-03 1.2336143894192993e-02 0.0000000000000000e+00  1.1786698700169064e-04 4.1415546135139609e-04 0.0000000000000000e+00  -4.2291300108141926e-04 -2.1425164871790103e-04 0.0000000000000000e+00  -1.5184846302732083e-02 -1.5085644344426300e-02 0.0000000000000000e+00  -5.3816737533026390e-03 -8.9779760116352660e-03 0.0000000000000000e+00  -3.9434908214151408e-03 -8.7278867481997615e-03 0.0000000000000000e+00  -3.4422373099650288e-03 9.8329591917998733e-03 0.0000000000000000e+00  3.3919344209829149e-03 -9.7228656339966128e-03 0.0000000000000000e+00  4.0223411259252854e-03 9.7971705550029889e-03 0.0000000000000000e+00  4.1051842567686866e-03 8.2703193698551898e-03 0.0000000000000000e+00  -6.1710460110557417e-03 -3.7388825805932434e-03 0.0000000000000000e+00  -8.0102001891001015e-02 1.5745587045648983e-02 0.0000000000000000e+00  8.1952621940858728e-02 -8.7694145279613826e-03 0.0000000000000000e+00  -1.0727404683090582e-03 -9.9938490314089115e-04 0.0000000000000000e+00  1.0074129264667775e-03 6.3356238087204869e-04 0.0000000000000000e+00  2.5532121066099063e-05 1.1321243283513591e-03 0.0000000000000000e+00  5.0175076265512788e-03 -3.1669609628723616e-03 0.0000000000000000e+00  -9.5459919682221379e-04 -3.8623203883965809e-06 0.0000000000000000e+00  -9.2975563174470385e-04 5.4316604380351348e-05 0.0000000000000000e+00  -8.6649042631310453e-04 2.6931471165850358e-03 0.0000000000000000e+00  1.7139037182788022e-03 -2.8658298380082052e-03 0.0000000000000000e+00  1.0560125873348837e-03 -9.8262188312235775e-05 0.0000000000000000e+00  -1.9202107194565528e-04 -4.3892834253207993e-03 0.0000000000000000e+00  2.0677678652346559e-04 4.6002425307081042e-03 0.0000000000000000e+00  -3.4599459589513572e-04 -5.6955264512123056e-03 0.0000000000000000e+00  3.2891646310755421e-04 5.4061956959629487e-03 0.0000000000000000e+00  -8.0403434330034466e-04 -8.3484509100187187e-03 0.0000000000000000e+00  -9.2240559621438786e-03 4.7933225541791098e-03 0.0000000000000000e+00  1.6686683435913131e-03 1.6636022998862293e-03 0.0000000000000000e+00  -7.1648221948916789e-04 4.0168680087571742e-04 0.0000000000000000e+00  -2.5931177798638608e-03 3.0733014544009080e-03 0.0000000000000000e+00  3.9574078575938046e-02 7.0445965339991983e-03 0.0000000000000000e+00  2.9254464674379906e-03 -3.0198081626750589e-03 0.0000000000000000e+00  -4.3212655792593320e-02 -6.2912726599109632e-03 0.0000000000000000e+00  -5.4824227350626755e-04 5.2162884748395769e-05 0.0000000000000000e+00  -2.5171312843100794e-04 3.1383682302489304e-04 0.0000000000000000e+00  1.3204333413425809e-04 -2.7196215083532605e-04 0.0000000000000000e+00  -1.0729811600993574e-03 -3.0220355454679360e-04 0.0000000000000000e+00  2.3462612228980174e-03 -7.7105299310654416e-03 0.0000000000000000e+00  -2.5470092134200757e-03 7.5779008004719329e-03 0.0000000000000000e+00  3.9736027802158772e-04 2.1942772606945175e-05 0.0000000000000000e+00  8.7794872763341456e-03 3.9498250922001465e-03 0.0000000000000000e+00  4.1907305771479346e-03 -7.0638831690286095e-05 0.0000000000000000e+00  -4.5772420034983470e-03 1.0395645056657563e-02 0.0000000000000000e+00  -2.2924118159458988e-03 -5.8090146512717687e-03 0.0000000000000000e+00  1.1933628594291890e-03 1.9258200331493506e-04 0.0000000000000000e+00  -1.2209374669720642e-03 -9.0473620754763021e-03 0.0000000000000000e+00  -4.6288605255391290e-03 -7.1648320051221643e-03 0.0000000000000000e+00  7.0087915998701704e-03 4.3617165765794047e-03 0.0000000000000000e+00  -3.7012099650830109e-03 -2.4215324549040479e-05 0.0000000000000000e+00  -1.5654017569059854e-02 1.1311704390584839e-02 0.0000000000000000e+00  6.0987840338819497e-03 -1.7127590476074368e-03 0.0000000000000000e+00  2.4679425646441486e-03 6.4269293757681966e-03 0.0000000000000000e+00  5.9164459161997122e-04 -4.7251870055066430e-05 0.0000000000000000e+00  -1.3823343541731672e-02 -4.4026455509543448e-03 0.0000000000000000e+00  -6.0329505034873777e-04 -5.2926606254555090e-04 0.0000000000000000e+00  1.0262840188953433e-03 7.9613356021135250e-06 0.0000000000000000e+00  -4.7192027888473244e-04 1.8950017306703454e-05 0.0000000000000000e+00  4.2289542086420027e-04 -2.9728591009233744e-05 0.0000000000000000e+00  -2.9810260158917389e-04 -4.3683965234956533e-05 0.0000000000000000e+00  2.5331924389536837e-04 4.7467712454027385e-05 0.0000000000000000e+00  -7.8585746577661297e-04 1.0919033366002138e-03 0.0000000000000000e+00  -1.1103746188500707e-03 -3.5456914851847779e-04 0.0000000000000000e+00  -3.2000853601776413e-04 -9.4195029256080448e-03 0.0000000000000000e+00  1.2611454948998615e-03 9.5848825618803923e-03 0.0000000000000000e+00  1.3566458550243165e-02 -1.1571600895647342e-02 0.0000000000000000e+00  1.2592578716285469e-03 -4.6913580780742677e-04 0.0000000000000000e+00  -3.1713129532805638e-03 2.4932698313810133e-03 0.0000000000000000e+00  -2.5900931176070741e-04 5.9332747183328386e-04 0.0000000000000000e+00  1.8965645471843012e-02 1.1244416440913096e-02 0.0000000000000000e+00  5.5387239312764997e-04 9.8719924856977021e-03 0.0000000000000000e+00  -2.1094388465239017e-03 -1.0703971239253770e-03 0.0000000000000000e+00  -6.3125020179739212e-03 -2.5193838723348377e-03 0.0000000000000000e+00  6.6690584374259421e-04 1.3327096487291403e-03 0.0000000000000000e+00  2.1684777425353563e-05 -7.4442305345394710e-05 0.0000000000000000e+00  -1.9386844557252460e-02 3.5034148395819286e-03 0.0000000000000000e+00  1.5463230359511410e-02 -2.4683830727385473e-04 0.0000000000000000e+00  -1.2082031394581359e-04 2.2302350779070993e-04 0.0000000000000000e+00  -4.3205015788293428e-04 -1.6153279957965064e-02 0.0000000000000000e+00  -3.1274893702597115e-04 5.4608023449278567e-05 0.0000000000000000e+00  -4.5144819694945149e-03 4.8699478515856895e-04 0.0000000000000000e+00  1.4519399745770033e-03 3.2135658249055447e-03 0.0000000000000000e+00  1.3240849358951597e-03 -1.5943370622876873e-03 0.0000000000000000e+00  -1.2915775243329097e-03 -2.1641475688635500e-03 0.0000000000000000e+00  2.9442994740443065e-04 -4.1932109395589548e-04 0.0000000000000000e+00  7.7419869491441055e-04 -1.7777245839522602e-04 0.0000000000000000e+00  -4.2226828517983412e-04 -1.1852568803412660e-03 0.0000000000000000e+00  8.6443180984695552e-03 -7.0158009803794850e-03 0.0000000000000000e+00  -9.0308237286169425e-04 3.4676630399611857e-04 0.0000000000000000e+00  -5.0968171300001645e-04 3.3133179071546346e-04 0.0000000000000000e+00  -7.3477799974823465e-04 9.0269914952484286e-05 0.0000000000000000e+00  -2.8683107075426506e-04 6.4703846815488341e-04 0.0000000000000000e+00  2.1357606747932794e-04 8.5719149934952244e-04 0.0000000000000000e+00  1.3662098201888368e-02 1.3609145995386398e-02 0.0000000000000000e+00  -1.3050220585133969e-03 1.6212876179367605e-02 0.0000000000000000e+00  -6.0050007856266192e-03 -6.2082326004893624e-03 0.0000000000000000e+00  9.7916338480345221e-03 -1.3003103535002827e-03 0.0000000000000000e+00  6.7051210138868132e-03 5.6103154548155431e-03 0.0000000000000000e+00  -1.0034967830630196e-03 4.5418782183763781e-04 0.0000000000000000e+00  -9.9999999913726309e-02 0.0000000000000000e+00 0.0000000000000000e+00  -9.9999999913726309e-02 0.0000000000000000e+00 0.0000000000000000e+00  9.9999999913726309e-02 0.0000000000000000e+00 0.0000000000000000e+00  9.9999999913726309e-02 0.0000000000000000e+00 0.0000000000000000e+00  5.1125413684109276e-03 1.4074764714605325e-02 0.0000000000000000e+00  -5.2618891925002038e-03 1.0010895928604950e-02 0.0000000000000000e+00  -7.1446769899852756e-04 9.2658891724521821e-03 0.0000000000000000e+00  4.6192836938313579e-03 -1.9991304348570209e-02 0.0000000000000000e+00  6.6585929014612525e-03 -9.6774074496523265e-03 0.0000000000000000e+00  -5.8908947291337989e-04 -3.3170755408092030e-03 0.0000000000000000e+00  -3.2489326540494760e-03 -5.7251857962201200e-03 0.0000000000000000e+00  7.6500771585901080e-04 6.8524759705867718e-03 0.0000000000000000e+00  3.1794621228878983e-03 5.5528769690796403e-03 0.0000000000000000e+00  4.8666115857832294e-04 2.9682752865033504e-03 0.0000000000000000e+00  -6.2956658820047576e-04 -6.8695012099275476e-03 0.0000000000000000e+00  2.5452565583940732e-03 -6.0111695548171074e-03 0.0000000000000000e+00  6.3412508600992415e-04 6.9584420250784502e-03 0.0000000000000000e+00  -2.6114907805371746e-03 6.4576823885524274e-03 0.0000000000000000e+00  -8.4454621410352891e-05 -1.7819258564374352e-04 0.0000000000000000e+00  9.4586332919958588e-05 2.1887407047536155e-04 0.0000000000000000e+00  4.9793007571858347e-04 5.0988274282631708e-04 0.0000000000000000e+00  -8.5700401454603123e-04 -7.2042264327758614e-03 0.0000000000000000e+00  -3.3172933348517647e-02 -2.3671981810756268e-03 0.0000000000000000e+00  -1.5502556343785480e-02 -8.4564175172538933e-03 0.0000000000000000e+00  -9.9999999913726309e-02 0.0000000000000000e+00 0.0000000000000000e+00  -9.9999999913726309e-02 0.0000000000000000e+00 0.0000000000000000e+00  -6.8345869842741085e-03 -1.0962319213851497e-02 0.0000000000000000e+00  3.0061192713891575e-03 1.6473587069027779e-03 0.0000000000000000e+00  6.1695895516244784e-03 -2.1251317145822103e-02 0.0000000000000000e+00  -7.0424057688866244e-03 -2.9834181197910367e-03 0.0000000000000000e+00  -2.6163077991194630e-02 9.7453268645908333e-03 0.0000000000000000e+00  9.9999999913726309e-02 0.0000000000000000e+00 0.0000000000000000e+00  9.9999999913726309e-02 0.0000000000000000e+00 0.0000000000000000e+00  -1.2025357654671671e-03 1.9277991597088406e-03 0.0000000000000000e+00  -1.3331320448943799e-02 1.5445293325976396e-02 0.0000000000000000e+00  8.3745870273542098e-04 -8.3501128852921033e-03 0.0000000000000000e+00  3.4616363577768009e-03 -5.4516257870338772e-03 0.0000000000000000e+00  -5.4454554006486610e-03 -1.9155418610872419e-03 0.0000000000000000e+00  -3.0605358955405905e-03 -2.0814596461388962e-03 0.0000000000000000e+00  3.0415065085696493e-03 1.5563187882116753e-03 0.0000000000000000e+00  5.9268080831085992e-02 -3.1694022364834652e-03 0.0000000000000000e+00  1.3374034353477490e-03 -8.1726886174284625e-04 0.0000000000000000e+00  1.6530624129910214e-03 8.4316918615221937e-03 0.0000000000000000e+00  -2.2971176803923129e-04 -4.0812479083527997e-03 0.0000000000000000e+00  -1.7070710364792323e-05 -7.0564490294999099e-04 0.0000000000000000e+00  -1.8542449584444346e-03 -1.0654430497188038e-02 0.0000000000000000e+00  9.9999999913726309e-02 0.0000000000000000e+00 0.0000000000000000e+00  9.9999999913726309e-02 0.0000000000000000e+00 0.0000000000000000e+00  -5.2485425856723675e-03 1.5036473403603768e-02 0.0000000000000000e+00  -9.9999999913726309e-02 0.0000000000000000e+00 0.0000000000000000e+00  -9.9999999913726309e-02 0.0000000000000000e+00 0.0000000000000000e+00  -5.8087643423424280e-03 2.0127058765037939e-02 0.0000000000000000e+00  -1.6782284580048987e-03 -3.9238741808878212e-03 0.0000000000000000e+00  -1.7379114738639604e-03 -8.2385990158962506e-03 0.0000000000000000e+00  9.0599094565008674e-04 -4.9474928767779158e-04 0.0000000000000000e+00  2.0030325758156387e-03 -2.6529855489382630e-03 0.0000000000000000e+00  -9.8955173253864148e-04 4.0770797586946395e-04 0.0000000000000000e+00  3.7519657098629183e-03 -4.6700015881642196e-03 0.0000000000000000e+00  -8.4533373884779716e-04 8.1429144660651089e-05 0.0000000000000000e+00  1.4518774210618361e-03 4.8242235201203615e-04 0.0000000000000000e+00  8.4134450224390017e-04 2.9104718010595392e-04 0.0000000000000000e+00  5.1778726604403838e-03 5.7005213023848733e-03 0.0000000000000000e+00  1.9084741288265658e-03 7.8127797776967271e-03 0.0000000000000000e+00  9.6442458292999612e-04 5.6606353265515615e-05 0.0000000000000000e+00  -9.9617180585644702e-04 -1.1424315864648237e-04 0.0000000000000000e+00  -1.2021889941140178e-03 -7.0182496476403297e-05 0.0000000000000000e+00  2.8918239756473840e-05 1.0799933393046074e-04 0.0000000000000000e+00  2.4061922991912461e-03 -1.2622453912906040e-03 0.0000000000000000e+00  -2.9825359254846551e-05 -2.6588640011764974e-04 0.0000000000000000e+00  -9.5019357966672588e-02 1.6517337512631809e-02 0.0000000000000000e+00  -7.7217721360308767e-04 -2.3787001335355359e-04 0.0000000000000000e+00  -9.3670889699748339e-05 2.2142915745597622e-04 0.0000000000000000e+00  4.1872433877983495e-04 4.7998770013006490e-03 0.0000000000000000e+00  8.8507301134942429e-03 -1.6599269862637742e-02 0.0000000000000000e+00  2.3200811692396257e-03 6.9461359546621349e-03 0.0000000000000000e+00  -1.0296299213728090e-03 8.4126646275528051e-03 0.0000000000000000e+00  -1.4781327195766067e-03 -5.8755018757974356e-04 0.0000000000000000e+00  -6.6948001444592457e-04 -1.5381548147382650e-03 0.0000000000000000e+00  -4.1457998440643804e-03 -4.5247878814629466e-03 0.0000000000000000e+00  -3.9146038482187626e-03 5.2052322014091747e-03 0.0000000000000000e+00  1.2313407738667377e-03 -9.3451856384123497e-03 0.0000000000000000e+00  5.3977050963297400e-05 -4.0437123322753076e-04 0.0000000000000000e+00  1.4754436611394695e-02 -1.9753374501548792e-04 0.0000000000000000e+00  -5.9321536437663396e-03 1.1962288936173344e-04 0.0000000000000000e+00  -9.9999999913726309e-02 0.0000000000000000e+00 0.0000000000000000e+00  -9.9999999913726309e-02 0.0000000000000000e+00 0.0000000000000000e+00  7.0397755585221164e-03 -8.9701816084760758e-03 0.0000000000000000e+00  -5.3692743831568375e-04 -5.9333220846740226e-03 0.0000000000000000e+00  2.5844082165598210e-04 -1.0679860914337041e-02 0.0000000000000000e+00  2.1272449291652763e-03 8.5693937815142904e-04 0.0000000000000000e+00  -8.3716001424116076e-04 -5.1414383477159409e-05 0.0000000000000000e+00  1.3056969921551578e-03 -1.0857103962436084e-04 0.0000000000000000e+00  8.0735615041490072e-03 1.9875631949224206e-03 0.0000000000000000e+00  1.6571420080477484e-03 -4.4240115837060490e-03 0.0000000000000000e+00  2.0846633497911180e-03 4.6167857477898144e-03 0.0000000000000000e+00  5.2068382836679083e-04 -3.6412685731237988e-04 0.0000000000000000e+00  1.0088896252144094e-01 -1.7347394948822894e-02 0.0000000000000000e+00  2.7184046367729743e-04 2.4916099534137926e-04 0.0000000000000000e+00  -1.6381258574709530e-03 4.7564499832455929e-03 0.0000000000000000e+00  -1.2673370959696686e-02 -1.8143751981546528e-02 0.0000000000000000e+00  -3.7732229536990036e-03 2.5237126922653592e-03 0.0000000000000000e+00  -2.0992023593274494e-03 1.0150101811343716e-03 0.0000000000000000e+00  2.5691270541894739e-05 4.4161154896220868e-03 0.0000000000000000e+00  -1.0623901251893993e-04 -3.0401817504101679e-03 0.0000000000000000e+00  7.1545530048019399e-05 1.7057263071768695e-03 0.0000000000000000e+00  2.5948595755511113e-03 -7.8892378999243483e-04 0.0000000000000000e+00  9.9999999913726309e-02 0.0000000000000000e+00 0.0000000000000000e+00  9.9999999913726309e-02 0.0000000000000000e+00 0.0000000000000000e+00  6.7185445748572849e-03 4.3360080961610136e-05 0.0000000000000000e+00  7.3508822755724405e-04 8.7021461419896154e-03 0.0000000000000000e+00  -6.0227138790880704e-03 8.0834015854786955e-03 0.0000000000000000e+00  7.4057178270666045e-03 5.2107965470023412e-03 0.0000000000000000e+00  1.5948104145742972e-04 -1.7612437442882670e-04 0.0000000000000000e+00  1.0493881565981243e-03 1.5576268542091126e-04 0.0000000000000000e+00  -5.4905117162926760e-04 -9.5494674848164616e-04 0.0000000000000000e+00  -3.5309749072547761e-02 -4.5351518563708755e-04 0.0000000000000000e+00  -1.7251337600354636e-03 -7.5258332269478511e-03 0.0000000000000000e+00  1.3979219085495723e-02 8.0706344936208162e-03 0.0000000000000000e+00  -6.5044803749791125e-05 -1.5289952341710049e-03 0.0000000000000000e+00  -4.2509686875258559e-06 2.0913626929524096e-04 0.0000000000000000e+00  9.1240344544797705e-06 -1.1017915135767156e-05 0.0000000000000000e+00  -2.3361540584575949e-06 1.4385120254304679e-03 0.0000000000000000e+00  4.8618052026548984e-05 7.2493828256115574e-04 0.0000000000000000e+00  7.1001955744406033e-06 2.0627057306628702e-03 0.0000000000000000e+00  -6.8883168054673267e-04 -8.7391088317438723e-03 0.0000000000000000e+00  3.5004010121081401e-04 6.1939396022761160e-03 0.0000000000000000e+00  -6.5209481768598184e-04 -8.3282830804023555e-03 0.0000000000000000e+00  -3.3841630240285685e-04 -5.9647435992568878e-03 0.0000000000000000e+00  4.9784192495857681e-04 7.0103451089497488e-03 0.0000000000000000e+00  -8.9013888523467444e-05 -2.1354600507350954e-03 0.0000000000000000e+00  -4.5219890888036719e-04 -7.2051251770598387e-03 0.0000000000000000e+00  1.1324098889336526e-04 3.2400626866455249e-03 0.0000000000000000e+00  -3.1311778553471826e-05 4.2752413841230834e-04 0.0000000000000000e+00  7.2729813496807516e-04 8.6003810938824615e-03 0.0000000000000000e+00  -6.1268792071732896e-06 -1.3275881496302422e-03 0.0000000000000000e+00  1.9467501141841388e-04 3.8527769013353757e-03 0.0000000000000000e+00  5.4614099668223804e-03 -1.3117797698632131e-05 0.0000000000000000e+00  1.0757657857951241e-03 -2.7292856347631517e-04 0.0000000000000000e+00  -2.0606233261460512e-04 2.1970504682341461e-04 0.0000000000000000e+00  8.7946190101525828e-04 2.0356228145112011e-03 0.0000000000000000e+00  1.3264272076768510e-03 1.0032309863086148e-03 0.0000000000000000e+00  4.7403472067461131e-03 -2.1652778513382843e-03 0.0000000000000000e+00  -5.0037046815202548e-04 2.6839796337086179e-04 0.0000000000000000e+00  4.9242433900901468e-03 -3.7419988114747249e-03 0.0000000000000000e+00  3.9494899453137644e-03 -3.4793495278391366e-04 0.0000000000000000e+00  1.4490551952408367e-02 -2.9792671624350297e-03 0.0000000000000000e+00  -5.1964807486218914e-05 -3.2381003471313640e-04 0.0000000000000000e+00  2.4015774964390350e-04 -2.7353772624839667e-04 0.0000000000000000e+00  -8.7371514653820873e-03 1.2102087311672617e-02 0.0000000000000000e+00  -1.7301463140903121e-04 2.6792209561854902e-04 0.0000000000000000e+00  -1.3629229613000996e-04 4.2364624469578606e-04 0.0000000000000000e+00  -3.9011152912408814e-04 3.0243104476674465e-04 0.0000000000000000e+00  1.3087181486046418e-03 -2.9053352858342701e-03 0.0000000000000000e+00  -9.6957777421888616e-04 -1.7474289715470675e-04 0.0000000000000000e+00  -2.3881263724145033e-03 -1.0743155750522218e-02 0.0000000000000000e+00  4.4746560463118385e-03 -7.9186337977230157e-03 0.0000000000000000e+00  -9.6999302583075414e-04 5.0353662498573359e-04 0.0000000000000000e+00  4.8571415979280471e-03 2.0304897550956085e-02 0.0000000000000000e+00  -1.3552877579093001e-02 -1.7969526535347516e-02 0.0000000000000000e+00  4.7345328790517928e-03 1.7708465385018301e-03 0.0000000000000000e+00  -2.7023680468132487e-03 1.3009500301968335e-03 0.0000000000000000e+00  -1.0532969545972964e-03 3.0665205573984808e-03 0.0000000000000000e+00  -1.8640139714903941e-03 -9.0309711484467519e-03 0.0000000000000000e+00  3.3699977357856903e-04 -6.7596918913263483e-05 0.0000000000000000e+00  9.4476435317926918e-03 9.5379200702810987e-03 0.0000000000000000e+00  2.0661730317076041e-03 -1.4980417371440262e-03 0.0000000000000000e+00  1.1526780759509702e-04 -1.8566033379525409e-04 0.0000000000000000e+00  -4.3060606009686147e-03 1.3516896717666078e-02 0.0000000000000000e+00  -2.9669109455786108e-03 5.7602512932515169e-03 0.0000000000000000e+00  7.5537871580713255e-04 -8.0328119941074048e-03 0.0000000000000000e+00  1.0585611465271272e-03 3.4399663849787356e-04 0.0000000000000000e+00  2.7861396791807136e-04 -4.1487911329646753e-04 0.0000000000000000e+00  -3.0771247357584820e-03 -4.3823150037480708e-03 0.0000000000000000e+00  -8.9656771148922715e-04 -4.5508273674115939e-04 0.0000000000000000e+00  -2.7626508749934598e-02 3.4869308135193084e-03 0.0000000000000000e+00  -1.1282284553137307e-03 6.4007798070122319e-03 0.0000000000000000e+00  1.4765895281720518e-03 -6.1284163959658706e-03 0.0000000000000000e+00  1.8730409215928778e-04 2.2616872627283729e-04 0.0000000000000000e+00  -3.5589157939258604e-04 -2.7838944468911738e-04 0.0000000000000000e+00  1.7307447644383453e-03 -3.7962730393906359e-03 0.0000000000000000e+00  -2.5053031692065949e-03 9.8147736328876856e-03 0.0000000000000000e+00  2.1649817034137815e-03 3.7647911366279949e-03 0.0000000000000000e+00  -1.1454345991390915e-03 -3.0985253473676689e-03 0.0000000000000000e+00  2.4920453869913886e-02 -2.0167766669231389e-04 0.0000000000000000e+00  -6.6022446823506015e-03 -5.3928501644835746e-03 0.0000000000000000e+00  -1.9467955068465188e-03 -1.3784751442241828e-02 0.0000000000000000e+00  -1.8690550391226115e-03 -6.7429285684245934e-03 0.0000000000000000e+00  -1.2668255517341099e-02 1.5049777385174157e-02 0.0000000000000000e+00  -4.7076364711058638e-03 4.7499809098670420e-03 0.0000000000000000e+00  -7.4053356909588490e-03 7.7503832648362315e-03 0.0000000000000000e+00  1.8175747362080788e-03 1.1515142402125570e-02 0.0000000000000000e+00  2.2454176377663705e-03 2.4175093910796240e-03 0.0000000000000000e+00  -2.0079608851934098e-02 -6.1124937069931377e-03 0.0000000000000000e+00  7.2642503189695104e-03 1.8260568107935160e-04 0.0000000000000000e+00  6.9466106644214083e-03 -1.6477693360863327e-04 0.0000000000000000e+00  6.5578600132908463e-03 1.2504621589952826e-04 0.0000000000000000e+00  6.4972111063044185e-03 -7.7317827823790628e-05 0.0000000000000000e+00  5.0389597080680512e-03 -6.8716906676954924e-03 0.0000000000000000e+00  7.6559602980315567e-03 7.9169766962988043e-03 0.0000000000000000e+00  8.6941184280620639e-04 2.5970244325258557e-04 0.0000000000000000e+00  1.4060290296051560e-03 8.7719304992347341e-03 0.0000000000000000e+00  -8.2112708996216841e-04 7.9037325276357564e-03 0.0000000000000000e+00  2.7264758040264406e-02 -1.0719670493671677e-03 0.0000000000000000e+00  3.1151310562791356e-04 -5.1097156959788742e-05 0.0000000000000000e+00  1.0801728356031155e-03 1.0867676765512015e-04 0.0000000000000000e+00  6.8125541480583180e-04 8.4523452100255603e-04 0.0000000000000000e+00  -1.9116318327408043e-03 -4.4865191988669052e-03 0.0000000000000000e+00  2.9423077402642526e-03 4.6805581413040132e-04 0.0000000000000000e+00  -4.4684245355879181e-03 3.0245807912458495e-03 0.0000000000000000e+00  -1.3811530168131764e-02 1.7581239074397327e-02 0.0000000000000000e+00  -1.2734495517482303e-03 -1.0815562834117783e-02 0.0000000000000000e+00  3.3190583320747674e-02 -1.5958539744028272e-05 0.0000000000000000e+00  -5.2791032642759842e-04 5.3161864119055874e-04 0.0000000000000000e+00  -1.6302426351759668e-02 -8.6746064273038118e-03 0.0000000000000000e+00  4.4911587698224309e-03 -1.4146817311623627e-02 0.0000000000000000e+00  -5.8144467726551675e-04 1.8203138747299830e-04 0.0000000000000000e+00  -2.1569429744115558e-02 2.0111629724030737e-02 0.0000000000000000e+00  -1.3113207166555426e-02 3.5733550935572868e-03 0.0000000000000000e+00  9.8453300644264826e-03 -7.9993593657961097e-03 0.0000000000000000e+00  -7.4040924410226708e-04 9.6461877247682696e-04 0.0000000000000000e+00  -5.7895711929853661e-04 -2.4576245168583660e-05 0.0000000000000000e+00  1.6058459194632120e-03 6.0477695567197239e-03 0.0000000000000000e+00  3.7342111867447142e-03 -1.0283622471302004e-02 0.0000000000000000e+00  -7.1943136657612219e-02 6.8759950717671089e-03 0.0000000000000000e+00  -5.5072029930164461e-03 8.6820784952289969e-04 0.0000000000000000e+00  -2.4662073299116863e-03 1.4154464716208761e-05 0.0000000000000000e+00  -4.1941174542846817e-03 -1.6345296246263736e-03 0.0000000000000000e+00  -4.6240211789093740e-04 1.3316725169188574e-04 0.0000000000000000e+00  -2.9453963383351299e-04 2.2050284088377596e-04 0.0000000000000000e+00  4.9297725151246363e-03 5.5380872871235607e-03 0.0000000000000000e+00  7.0710371113833440e-03 -1.2897598174819425e-04 0.0000000000000000e+00  2.5794305236620540e-03 -1.5422102361995150e-03 0.0000000000000000e+00  -4.0303334671003173e-02 -6.4069232005495422e-04 0.0000000000000000e+00  5.5679577664997481e-04 -1.1276163133857708e-03 0.0000000000000000e+00  -7.1052917833872966e-03 -1.9400332841139406e-03 0.0000000000000000e+00  -3.3273927034908105e-03 -7.1737854157655472e-03 0.0000000000000000e+00  1.3436233769851123e-04 -4.1589902978715214e-04 0.0000000000000000e+00  5.2675595211182272e-02 2.8813269401411412e-03 0.0000000000000000e+00  -1.0954935314602193e-03 -5.0800119096382967e-03 0.0000000000000000e+00  9.6528323603515046e-05 7.6191272021188872e-04 0.0000000000000000e+00  -2.5743033825028554e-04 -8.6513370467146220e-03 0.0000000000000000e+00  -5.0182853106725258e-03 -5.6659377103581571e-03 0.0000000000000000e+00  -2.1292099621821763e-02 -1.5581659004115320e-02 0.0000000000000000e+00  -5.2909906678385108e-03 6.9308340555478591e-03 0.0000000000000000e+00  -1.1126161853701902e-03 -6.1493467199588790e-04 0.0000000000000000e+00  5.7746869229653891e-05 1.0443225879327373e-02 0.0000000000000000e+00  1.4230493685316770e-03 7.3367721492567954e-03 0.0000000000000000e+00  4.0187404085934792e-03 7.7345447050238972e-03 0.0000000000000000e+00  -1.2281266010302023e-03 -1.4862254943655670e-03 0.0000000000000000e+00  -2.7344688489873100e-04 -5.8059004918419239e-04 0.0000000000000000e+00  1.5169851126545200e-03 -4.2265028973270105e-03 0.0000000000000000e+00  6.2327171278345325e-04 2.7203575522482910e-03 0.0000000000000000e+00  1.0583366922605194e-02 -5.8399184615841445e-03 0.0000000000000000e+00  6.7295643403130602e-03 -1.4119825514959192e-02 0.0000000000000000e+00  -3.3721923587822129e-04 1.3479823492801861e-03 0.0000000000000000e+00  -2.4997007033461202e-04 9.3867090561436958e-04 0.0000000000000000e+00  5.3272342880370058e-03 3.5201415786194385e-03 0.0000000000000000e+00  1.4271336811099082e-03 1.4769414740879020e-03 0.0000000000000000e+00  6.6206722368179771e-04 8.8186483482155017e-03 0.0000000000000000e+00  -1.1421928780443868e-03 1.1515343504438565e-02 0.0000000000000000e+00  1.5880537919914187e-03 1.1551909708498802e-02 0.0000000000000000e+00  6.4127126447757008e-03 1.4869975245941533e-02 0.0000000000000000e+00  1.2488655962697647e-02 1.8408409553831894e-02 0.0000000000000000e+00  -9.5476669595663168e-03 -8.2335902821714787e-04 0.0000000000000000e+00  -9.3780534575862440e-03 -9.5833523524479856e-03 0.0000000000000000e+00  -1.3249401943333432e-03 1.1710446006069548e-03 0.0000000000000000e+00  5.6193252665807816e-04 -1.4830904408874866e-04 0.0000000000000000e+00  3.3911368191048161e-02 -5.2153955680547242e-03 0.0000000000000000e+00  2.0340571280375605e-04 -8.8187599104002402e-03 0.0000000000000000e+00  -1.3511975097497075e-03 1.3152844377624109e-05 0.0000000000000000e+00  -2.3372491737055369e-03 -5.7202279529083954e-05 0.0000000000000000e+00  3.4600343200947334e-02 -3.3709503890579293e-03 0.0000000000000000e+00  -2.3686338987413236e-02 4.4113942555964675e-03 0.0000000000000000e+00  -1.5710531635017864e-02 4.0478715458034525e-03 0.0000000000000000e+00  -4.2432583757001374e-03 -6.9490073909814556e-03 0.0000000000000000e+00  1.9242249900711446e-02 -2.4857868644783683e-02 0.0000000000000000e+00  -9.5945781756354696e-04 2.5680578118714192e-04 0.0000000000000000e+00  9.6818802667328289e-03 1.4701799295479227e-04 0.0000000000000000e+00  7.7114243664344649e-03 -4.2197086856845699e-03 0.0000000000000000e+00  9.8342610781833729e-04 1.9679049201735456e-04 0.0000000000000000e+00  -2.2385420383423549e-03 1.4909444621646575e-04 0.0000000000000000e+00  -1.6407490836849658e-03 4.3180567852928748e-03 0.0000000000000000e+00  1.6607365508412332e-04 8.7898953913297505e-03 0.0000000000000000e+00  1.1123902289909573e-03 -2.7887509129307368e-04 0.0000000000000000e+00  1.0432473244339718e-03 5.2950888812365489e-03 0.0000000000000000e+00  -7.5596544162181934e-03 -2.4195754295282448e-03 0.0000000000000000e+00  -3.0131197135326755e-03 -1.0456450499317072e-03 0.0000000000000000e+00  7.9913038288628325e-03 -2.5513182429493568e-02 0.0000000000000000e+00  2.4599783129090761e-03 -1.2438647231960004e-02 0.0000000000000000e+00  -1.3012815297790304e-03 -9.3398032588101181e-03 0.0000000000000000e+00  1.6253638503175026e-04 9.8810970830582359e-05 0.0000000000000000e+00  -8.6537647800789450e-04 -4.3602214723071443e-05 0.0000000000000000e+00  -9.1542743372962580e-04 -9.4259787381453949e-05 0.0000000000000000e+00  -2.9556546601248665e-04 4.3699977500905512e-05 0.0000000000000000e+00  -7.5985891567908255e-04 4.0140023818113889e-05 0.0000000000000000e+00  5.8573696550969867e-04 1.9751642573006560e-07 0.0000000000000000e+00  9.1882315171218831e-04 2.5204020619167413e-05 0.0000000000000000e+00  1.0426925699562361e-03 -6.4835755241513078e-06 0.0000000000000000e+00  8.2049024439441009e-04 -3.3351146718042805e-05 0.0000000000000000e+00  -4.5410450373327291e-04 6.1180807674133853e-05 0.0000000000000000e+00  -3.8265154953740719e-04 1.3887348842653626e-06 0.0000000000000000e+00  -1.8549400899147312e-04 -8.4176264998399325e-05 0.0000000000000000e+00  2.8072651701507097e-04 -1.0601799527825354e-05 0.0000000000000000e+00  -9.6112825820224594e-04 1.9358074613750464e-05 0.0000000000000000e+00  5.3568340725021523e-04 -7.9159306396554298e-04 0.0000000000000000e+00  9.8128672710934674e-04 -1.9606101481140737e-03 0.0000000000000000e+00  8.2451238364428144e-03 1.8168076305469585e-04 0.0000000000000000e+00  6.8471265140013522e-03 -9.9250369977519244e-03 0.0000000000000000e+00  -6.0958553584074910e-04 6.7903285629279176e-04 0.0000000000000000e+00  8.6328069016485042e-04 -6.8514465362882731e-03 0.0000000000000000e+00  1.3715647389639168e-04 -1.2415299208140394e-04 0.0000000000000000e+00  3.6491349464568500e-04 3.7206167293490130e-04 0.0000000000000000e+00  -6.8979742834764666e-04 -8.8204935372899612e-03 0.0000000000000000e+00  3.4971544073813724e-04 -1.0403273666436333e-02 0.0000000000000000e+00  2.5386903948545064e-03 8.9743451669204929e-03 0.0000000000000000e+00  7.9042857390109031e-04 8.7144206673796538e-03 0.0000000000000000e+00  -4.0895621559960828e-02 1.7745057083594354e-03 0.0000000000000000e+00  -5.7965322414840342e-03 -8.0420274990691265e-03 0.0000000000000000e+00  2.8589971123662426e-02 -4.0487063027625425e-03 0.0000000000000000e+00  3.4795194594494068e-03 5.0191133059862246e-03 0.0000000000000000e+00  -4.2917918136073802e-06 4.7645520827827465e-04 0.0000000000000000e+00  -9.4498725283190179e-04 -3.7029065896510021e-04 0.0000000000000000e+00  1.9921629551766473e-04 -1.3284206662993157e-03 0.0000000000000000e+00  -3.9802176902070550e-03 -4.0200097264133884e-03 0.0000000000000000e+00  -1.2969494650401070e-03 -2.9818515004793167e-04 0.0000000000000000e+00  2.9007861112240279e-02 -1.4333886817009200e-03 0.0000000000000000e+00  2.1327977866776127e-04 -1.9376224851570678e-04 0.0000000000000000e+00  -3.8385026442860147e-02 -1.5450739662089806e-03 0.0000000000000000e+00  -8.2014882758266888e-04 -7.2807312317813575e-04 0.0000000000000000e+00  3.6140476696399899e-04 -2.8229406046216630e-04 0.0000000000000000e+00  -2.8591797804433883e-04 4.2417013384002850e-04 0.0000000000000000e+00  -2.1520648459777301e-03 -1.9565669800590815e-03 0.0000000000000000e+00  -1.8523728126801932e-03 -2.8545521509288209e-03 0.0000000000000000e+00  -9.0123400041837258e-04 -2.8960883058561722e-03 0.0000000000000000e+00  4.2889554820861060e-03 -2.1635851492632155e-03 0.0000000000000000e+00  5.7050551190149833e-03 -6.0506078251072676e-03 0.0000000000000000e+00  -8.3413840592573118e-04 6.8980034869735741e-03 0.0000000000000000e+00  3.9769974224725894e-03 3.9830879474381121e-03 0.0000000000000000e+00  -2.5086805505637566e-03 -8.6766119339062118e-03 0.0000000000000000e+00  4.1162295522497334e-04 -5.9224645470781691e-04 0.0000000000000000e+00  -2.3061383296182213e-03 -1.6695029172837646e-03 0.0000000000000000e+00  2.0604097931477054e-02 -4.1206100922743238e-03 0.0000000000000000e+00  -4.3432981118328830e-03 1.3328426894517124e-02 0.0000000000000000e+00  -1.9448862791890582e-03 -4.6673069287404254e-04 0.0000000000000000e+00  -1.5241851619367832e-03 -1.0487615045189681e-03 0.0000000000000000e+00  3.2819335568430264e-03 1.2985350933546963e-03 0.0000000000000000e+00  3.8706677560718258e-02 8.9370094460177862e-03 0.0000000000000000e+00  -9.1716746265619372e-04 -8.0349087748593524e-03 0.0000000000000000e+00  2.0854687448907988e-03 9.4046810059443056e-03 0.0000000000000000e+00  -1.0851645163747954e-03 1.3254750345805406e-04 0.0000000000000000e+00  -9.0272378171161755e-04 1.7634370696804541e-04 0.0000000000000000e+00  -9.3009267267381529e-04 -2.8276645246490197e-04 0.0000000000000000e+00  1.5002830850738705e-03 1.4571492859092702e-04 0.0000000000000000e+00  1.7538955251884444e-05 2.6327979747679039e-04 0.0000000000000000e+00  -1.1201181566581929e-04 1.5120860092176640e-04 0.0000000000000000e+00  -1.2030167942194906e-03 -6.4960033564832979e-03 0.0000000000000000e+00  -7.7568690126206393e-03 1.4270374499010325e-02 0.0000000000000000e+00  1.1123750846194548e-03 1.5141604266976447e-03 0.0000000000000000e+00  2.9738558752644346e-04 1.1147527726186120e-03 0.0000000000000000e+00  6.0187255348135578e-02 -2.8019481366391716e-03 0.0000000000000000e+00  9.7374224932213622e-05 -1.1016342900808478e-04 0.0000000000000000e+00  -1.7580884990677187e-04 -2.7751758381281767e-05 0.0000000000000000e+00  -7.6618104593968395e-02 1.4443064531937287e-03 0.0000000000000000e+00  8.3275578991833677e-03 9.3430347495227044e-03 0.0000000000000000e+00  -5.8288604820210220e-03 -1.3675163639970891e-02 0.0000000000000000e+00  -1.1193686461844790e-04 2.5993714822958460e-04 0.0000000000000000e+00  -2.8653056251707717e-02 2.2204923052189431e-03 0.0000000000000000e+00  7.1235408233227251e-04 2.7336922578285695e-03 0.0000000000000000e+00  -2.1832447676722797e-02 3.6648663518829667e-04 0.0000000000000000e+00  -6.2888226086365000e-04 -2.0834377680808477e-03 0.0000000000000000e+00  6.4598302540839827e-05 1.4469208585164304e-04 0.0000000000000000e+00  4.2753020338902803e-03 6.7639237132161040e-03 0.0000000000000000e+00  -2.0743371921137571e-03 9.1426870146537007e-05 0.0000000000000000e+00  7.3338682275636807e-04 3.8088789686275852e-03 0.0000000000000000e+00  2.4325666945330870e-03 3.4077416666359103e-03 0.0000000000000000e+00  1.5163373274552792e-03 -6.2705480044189456e-04 0.0000000000000000e+00  9.0587108897513761e-03 2.0045300411142982e-03 0.0000000000000000e+00  -2.6811671318274888e-02 -4.0838980211813108e-04 0.0000000000000000e+00  6.8409280073170684e-03 -2.2027509985709645e-03 0.0000000000000000e+00  2.1977522124816667e-04 1.4441931252761467e-03 0.0000000000000000e+00  2.0894204471413271e-05 2.4788023052743098e-04 0.0000000000000000e+00  -6.2012771104033573e-03 2.4203438367263949e-03 0.0000000000000000e+00  -8.5877430531531174e-04 6.9268249235073363e-05 0.0000000000000000e+00  -8.7316384532350601e-04 2.8068789132250057e-04 0.0000000000000000e+00  1.9548126146316812e-02 -1.3088058477594094e-02 0.0000000000000000e+00  -4.1581067170057577e-04 4.1488887377763426e-04 0.0000000000000000e+00  -6.0846843306262626e-04 5.2938733274790115e-04 0.0000000000000000e+00  6.2726973650639901e-03 6.9785023204797817e-03 0.0000000000000000e+00  6.6046332374940491e-03 5.7032547313155459e-03 0.0000000000000000e+00  3.0874332776706049e-05 1.7928760882880226e-03 0.0000000000000000e+00  -8.4881108673563353e-04 1.1923778852327144e-02 0.0000000000000000e+00  8.1623518728587583e-04 -1.2970310560594229e-05 0.0000000000000000e+00  -2.6901499156776797e-03 -1.5395597964687065e-02 0.0000000000000000e+00  -2.7716869133575391e-03 -7.6256617068206417e-03 0.0000000000000000e+00  -7.4251745245005631e-04 2.3164681492655545e-04 0.0000000000000000e+00  3.9337788255264248e-03 1.0669295690547819e-02 0.0000000000000000e+00  -2.7629255073598844e-03 1.3239954315300343e-02 0.0000000000000000e+00  1.5851277679069103e-03 -7.6382708850452176e-04 0.0000000000000000e+00  6.4303513712490466e-04 -2.1973650816019151e-03 0.0000000000000000e+00  9.6203317445406312e-04 -1.3763495128556375e-04 0.0000000000000000e+00  8.0263335624534342e-04 -4.0516429393623105e-04 0.0000000000000000e+00  -2.4605837366259223e-03 5.8846669064864434e-03 0.0000000000000000e+00  -2.7000732119132368e-03 -4.5452649184212490e-03 0.0000000000000000e+00  8.5526515397089950e-05 -1.8989644628952549e-04 0.0000000000000000e+00  -6.8141476262762065e-04 3.0288846230227540e-06 0.0000000000000000e+00  1.5401718300888381e-03 1.4986112141429895e-02 0.0000000000000000e+00  -5.1505869230173600e-04 1.7979855284099414e-03 0.0000000000000000e+00  -6.0323329982656876e-03 2.7814934113402712e-03 0.0000000000000000e+00  1.2168072096979642e-02 7.0713615888323032e-03 0.0000000000000000e+00  -5.3810064859638957e-03 5.1040483526735457e-03 0.0000000000000000e+00  3.6100959381791555e-04 7.7125923003297167e-04 0.0000000000000000e+00  1.4499155575762835e-03 2.3809764097837529e-03 0.0000000000000000e+00  -4.4337475522360264e-04 2.3485482373418692e-04 0.0000000000000000e+00  2.7763831395411697e-03 6.8351941995465340e-03 0.0000000000000000e+00  4.1369140371840084e-05 -2.0752813860913441e-04 0.0000000000000000e+00  4.6229813069855147e-04 2.1995918579539162e-04 0.0000000000000000e+00  -2.5839929007111392e-03 -9.0614861547942249e-03 0.0000000000000000e+00  7.1177689977236199e-03 -5.6075324861952942e-03 0.0000000000000000e+00  -1.1154294852403499e-03 -1.5824746052880888e-02 0.0000000000000000e+00  5.7917597266927745e-02 -2.0765713713254426e-02 0.0000000000000000e+00  7.5296219712670670e-04 5.6856914764677284e-04 0.0000000000000000e+00  1.1492687503939908e-03 3.4814078910073452e-06 0.0000000000000000e+00  -5.9104501901874448e-04 -2.9781071251010210e-04 0.0000000000000000e+00  -7.8193002774552371e-03 8.9127325558893238e-03 0.0000000000000000e+00  -1.5307299999990753e-03 4.4565851035372286e-04 0.0000000000000000e+00  -1.0993100059035598e-03 1.1971446108946901e-03 0.0000000000000000e+00  3.6309763033106606e-03 -1.2380902132519897e-03 0.0000000000000000e+00  3.6946856342007652e-02 1.9774205602996513e-02 0.0000000000000000e+00  -8.8165472169300120e-04 1.6258845771720869e-04 0.0000000000000000e+00  1.0224617346772962e-04 8.4438648799272827e-03 0.0000000000000000e+00  9.9999999913726309e-02 0.0000000000000000e+00 0.0000000000000000e+00  1.3413390476517540e-02 -4.7742953755773761e-03 0.0000000000000000e+00  -1.1378919988523854e-02 8.0409481953824281e-03 0.0000000000000000e+00  2.9532234079179764e-03 -7.6949010886848794e-03 0.0000000000000000e+00  1.0376649722660253e-03 -5.2910900694696436e-03 0.0000000000000000e+00  4.1175409299115786e-03 -5.0609683720434307e-03 0.0000000000000000e+00  6.4813846119867275e-03 -3.3049597054696017e-03 0.0000000000000000e+00  -1.3475521580018947e-03 1.1465141548971559e-04 0.0000000000000000e+00  -7.2740973915422604e-04 3.4364315645049560e-04 0.0000000000000000e+00  -3.6617852033899966e-03 7.9684877431291535e-03 0.0000000000000000e+00  1.0231625782377910e-03 -1.9078991222199493e-04 0.0000000000000000e+00  3.6988755852244128e-02 1.6697757891949102e-03 0.0000000000000000e+00  -8.8836216983079211e-02 1.1254891490018435e-02 0.0000000000000000e+00  -1.8049888824480328e-04 3.1499471171329743e-04 0.0000000000000000e+00  -9.6447840121133266e-04 -1.0083522737873591e-04 0.0000000000000000e+00  -8.5412108591616394e-04 -2.4399117006615296e-03 0.0000000000000000e+00  -4.5767877259723748e-03 -2.5781443452160342e-02 0.0000000000000000e+00  -1.1150744158852633e-02 7.4481672553531426e-03 0.0000000000000000e+00  -4.6571491101158359e-03 -3.0624311250906830e-03 0.0000000000000000e+00  -9.0915998074345764e-03 1.2276910437844101e-03 0.0000000000000000e+00  -8.0462468903165201e-03 -1.8225417163839778e-03 0.0000000000000000e+00  -2.8017119023925676e-04 -4.8893627200327708e-03 0.0000000000000000e+00  2.3598024603022513e-02 8.7012474813133369e-03 0.0000000000000000e+00  -1.2568616939878592e-04 -3.6678967571750526e-03 0.0000000000000000e+00  -1.0277827621317178e-03 -2.8619663044159560e-05 0.0000000000000000e+00  7.5169309658734251e-04 -7.0569966632525825e-03 0.0000000000000000e+00  -1.0217702482770499e-02 -1.8790909284697027e-03 0.0000000000000000e+00  -4.3013577255120748e-02 -5.4641330912741631e-03 0.0000000000000000e+00  -3.8379528985382672e-03 8.4656547824545261e-03 0.0000000000000000e+00  -9.9081932918247445e-04 8.4214203418419198e-04 0.0000000000000000e+00  -1.6595322803691958e-03 8.6590959636223541e-03 0.0000000000000000e+00  9.8358659853762273e-04 9.2036901585650880e-04 0.0000000000000000e+00  -1.0400490576411635e-03 -1.8664851109051269e-04 0.0000000000000000e+00  4.4659105052566599e-04 9.2348775207625623e-03 0.0000000000000000e+00  6.5144526468417503e-04 8.3069024436612290e-03 0.0000000000000000e+00  1.0088348009590626e-03 8.6171546753887954e-03 0.0000000000000000e+00  3.0333031040255757e-03 -8.8155284535503982e-03 0.0000000000000000e+00  -5.2292109141364208e-03 -9.6477707358256296e-03 0.0000000000000000e+00  8.0618312589596786e-02 -4.9102355626753609e-03 0.0000000000000000e+00  -4.5142342864826629e-03 2.5137688059180055e-02 0.0000000000000000e+00  -9.9999999913726309e-02 0.0000000000000000e+00 0.0000000000000000e+00  -8.2825415639263940e-05 3.1389207713452991e-04 0.0000000000000000e+00  2.2821336302506174e-02 -8.2605570774464034e-03 0.0000000000000000e+00  -2.1522278776299494e-04 -7.6299247962635236e-03 0.0000000000000000e+00  -2.0943726278473358e-02 -9.9610090192182900e-03 0.0000000000000000e+00  -9.2592085405294913e-04 -3.6953062804565060e-05 0.0000000000000000e+00  -6.5106995943292481e-04 2.3820183623601584e-03 0.0000000000000000e+00  -1.7209400456984734e-03 2.4671852417605966e-03 0.0000000000000000e+00  -1.2984970117122803e-03 6.3358706933221262e-04 0.0000000000000000e+00  1.1016834199594047e-04 1.1113933849106097e-04 0.0000000000000000e+00  -1.1324549349891516e-04 -7.2862244425681133e-05 0.0000000000000000e+00  -3.9337788557078318e-05 2.0386790005221309e-04 0.0000000000000000e+00  1.0393641287261516e-03 1.0617208393863333e-04 0.0000000000000000e+00  2.9341589300149973e-04 -2.9602890797014736e-04 0.0000000000000000e+00  -7.1585961020816328e-03 -5.8835892255522850e-03 0.0000000000000000e+00  6.8630111463797508e-03 2.3245026232384313e-03 0.0000000000000000e+00  -7.3790481706258290e-04 -8.4876506212958804e-03 0.0000000000000000e+00  -3.4259511633950984e-05 -3.4337795756998713e-05 0.0000000000000000e+00  -8.4153060451272084e-03 1.1602652221296061e-02 0.0000000000000000e+00  -5.9119769407708370e-02 6.1230787949646866e-03 0.0000000000000000e+00  1.4052037219278079e-03 6.2521666472193822e-03 0.0000000000000000e+00  -1.4585855936657475e-03 6.6780217302228658e-03 0.0000000000000000e+00  2.7667294016843662e-03 -1.9071256794797688e-02 0.0000000000000000e+00  1.3743227001575573e-02 -1.9588981575636818e-02 0.0000000000000000e+00  -9.3904583674273776e-03 -4.0260924127191507e-03 0.0000000000000000e+00  3.7263599290088835e-03 9.4898697212961658e-04 0.0000000000000000e+00  2.2921602013601895e-03 1.6809621742381851e-03 0.0000000000000000e+00  3.1290125527957216e-03 2.5237650399429728e-03 0.0000000000000000e+00  4.3856497243922122e-03 2.5500970624529511e-03 0.0000000000000000e+00  1.6088753360004708e-03 2.4163263730686028e-03 0.0000000000000000e+00  1.7492899453148889e-03 3.9969686074397935e-04 0.0000000000000000e+00  -1.0622000456708049e-03 -7.2333109189232818e-04 0.0000000000000000e+00  -4.9218162199964912e-04 1.6377076596153133e-04 0.0000000000000000e+00  -2.1583918732353560e-02 -9.4378470709056313e-03 0.0000000000000000e+00  6.3869956931230211e-03 1.0704541198993382e-02 0.0000000000000000e+00  4.5360260608535022e-03 -6.5296400766765347e-03 0.0000000000000000e+00  -9.9999999913726309e-02 0.0000000000000000e+00 0.0000000000000000e+00  -6.3596381705521832e-04 4.8207118567022785e-05 0.0000000000000000e+00  -4.3350141783558599e-04 -6.2729358608166498e-04 0.0000000000000000e+00  -8.2596748570098045e-04 5.1808302041012391e-04 0.0000000000000000e+00  -8.2709184978018335e-04 6.5634187938750071e-04 0.0000000000000000e+00  3.2797826304894031e-04 4.2564170952213206e-04 0.0000000000000000e+00  1.9395823369096205e-02 5.0620871056915179e-03 0.0000000000000000e+00  3.2924181045286059e-03 -3.1195377740308263e-03 0.0000000000000000e+00  2.6239166852482666e-03 -6.4664881495001183e-03 0.0000000000000000e+00  3.5745194276747927e-03 -4.0968653839540846e-03 0.0000000000000000e+00  1.1897466525823365e-03 4.8448074623558837e-04 0.0000000000000000e+00  -8.2308973943914822e-03 -4.1663790279811994e-03 0.0000000000000000e+00  1.9487691936944307e-04 -5.6608677454917365e-04 0.0000000000000000e+00  -9.9999999913726309e-02 0.0000000000000000e+00 0.0000000000000000e+00  -3.2081873089108433e-02 -7.2341503457434017e-04 0.0000000000000000e+00  -3.3707344941353939e-02 5.8558493017635629e-04 0.0000000000000000e+00  -3.2388690890461175e-02 1.7329877701480451e-05 0.0000000000000000e+00  4.6637870663643307e-03 5.9797639905041725e-03 0.0000000000000000e+00  -4.5011017862945957e-04 -1.1824838865132898e-02 0.0000000000000000e+00  -7.1051252664118590e-03 3.0299914048022409e-03 0.0000000000000000e+00  5.9599052676905630e-03 -7.6163823415889243e-03 0.0000000000000000e+00  7.6033439577670317e-04 7.5704752970949104e-03 0.0000000000000000e+00  1.0958490532681766e-03 8.1547859555071364e-03 0.0000000000000000e+00  2.6003187645813922e-04 3.9169004390657367e-04 0.0000000000000000e+00  2.4223625354678332e-03 7.6175233844691225e-03 0.0000000000000000e+00  -7.2188042115084377e-05 -8.0961831027820900e-03 0.0000000000000000e+00  1.5172316553225408e-03 -9.4190962321893806e-03 0.0000000000000000e+00  -1.9395961854073735e-03 9.7919802919943250e-03 0.0000000000000000e+00  8.3367978453535957e-04 -8.2935845259268662e-04 0.0000000000000000e+00  1.9116809275104543e-03 -4.9941191351056272e-04 0.0000000000000000e+00  1.2031881207072222e-03 -1.6830613158631369e-03 0.0000000000000000e+00  3.2758826165086878e-03 -2.9497200621709583e-03 0.0000000000000000e+00  4.2626964197005450e-03 -1.3672331688047649e-03 0.0000000000000000e+00  -4.5597515811979248e-03 -6.1596007099212324e-03 0.0000000000000000e+00  -9.0191250729109405e-04 -1.5555777717300348e-04 0.0000000000000000e+00  -7.9859937014777527e-04 -3.9401855992809865e-03 0.0000000000000000e+00  -1.1262835223759208e-02 6.9765583468568747e-03 0.0000000000000000e+00  2.7899354412485079e-02 4.6225913377134159e-03 0.0000000000000000e+00  1.1487409290323025e-02 9.7846769463731144e-03 0.0000000000000000e+00  -4.8485912618450285e-03 -2.5880465005190122e-03 0.0000000000000000e+00  -1.7799078838206881e-03 -3.0427059678424357e-03 0.0000000000000000e+00  -1.5839633915528401e-03 -1.4042143549467363e-03 0.0000000000000000e+00  7.5143916719155217e-04 -1.0628357234411015e-02 0.0000000000000000e+00  -9.3469524205790154e-04 1.4524009848080825e-03 0.0000000000000000e+00  -4.4992299604071770e-03 1.0078780427476687e-02 0.0000000000000000e+00  -1.7206549224776314e-04 -3.3298310586007476e-03 0.0000000000000000e+00  7.9399436029094401e-04 -3.7430313892587580e-03 0.0000000000000000e+00  6.4291055342011327e-05 -1.7685239602195516e-04 0.0000000000000000e+00  -1.0257406840599227e-01 1.7452540169415871e-03 0.0000000000000000e+00  -2.6762967424252804e-03 1.5213274748094717e-04 0.0000000000000000e+00  -4.6264814128988016e-02 1.4584553954261574e-02 0.0000000000000000e+00  6.5461926705360292e-04 3.4212400340086918e-04 0.0000000000000000e+00  9.3038426328431940e-04 4.3602381118027671e-04 0.0000000000000000e+00  -3.2023683047220662e-02 1.9165492883903512e-02 0.0000000000000000e+00  1.0218900470827248e-02 -5.8399424285361552e-03 0.0000000000000000e+00  1.0276389766317677e-04 -9.8253954790480398e-05 0.0000000000000000e+00  1.6492588664592997e-03 7.7559754280001494e-04 0.0000000000000000e+00  -5.7491445251137813e-04 4.4302750106120893e-04 0.0000000000000000e+00  4.7806361202153529e-02 -1.9723385196432623e-02 0.0000000000000000e+00  6.2147593951089602e-06 -1.0710624705787390e-03 0.0000000000000000e+00  -3.8600781363072237e-04 -1.2462063969850207e-03 0.0000000000000000e+00  -2.9126772362272398e-03 6.7177434589797409e-04 0.0000000000000000e+00  8.3969490255701479e-04 -5.1986576783814862e-03 0.0000000000000000e+00  -8.7360898498903110e-04 -1.0178634882162394e-02 0.0000000000000000e+00  -2.8913102699408963e-03 -1.2502948431394762e-02 0.0000000000000000e+00  2.1081657478403486e-03 -2.4158172389245028e-03 0.0000000000000000e+00  9.8153621281859031e-04 -2.8489568375364444e-05 0.0000000000000000e+00  5.2879426323365532e-03 -3.7456529677599598e-03 0.0000000000000000e+00  2.2017482289761708e-03 -6.2374195906119770e-03 0.0000000000000000e+00  2.1402369458799191e-02 1.0480023983325371e-02 0.0000000000000000e+00  -1.4081280817599212e-02 1.6126352150161262e-02 0.0000000000000000e+00  -1.7731261899067540e-03 -2.4055850889516037e-04 0.0000000000000000e+00  -7.3963589137467092e-05 6.0327767691519473e-04 0.0000000000000000e+00  2.5622455122990733e-03 -1.7733548008987043e-03 0.0000000000000000e+00  -1.7921233078272099e-02 2.9029010928096108e-04 0.0000000000000000e+00  1.8961702110040016e-03 4.5332000101515118e-04 0.0000000000000000e+00  -1.7967685417977007e-03 1.5151299792796722e-03 0.0000000000000000e+00  1.6799846804722532e-03 1.1858671639664988e-03 0.0000000000000000e+00  -1.7368094658298870e-03 -1.4866036650378498e-03 0.0000000000000000e+00  1.1523308018354607e-03 -1.3158191884981229e-03 0.0000000000000000e+00  -1.2965808475946407e-04 1.2636956944334364e-04 0.0000000000000000e+00  9.4904569357608017e-04 -1.4830192414789625e-02 0.0000000000000000e+00  2.1111215305230423e-03 -1.4757269047895529e-03 0.0000000000000000e+00  6.7222660035049217e-02 -7.4310166300006475e-03 0.0000000000000000e+00  -1.3854420844858887e-02 1.1387295124544573e-03 0.0000000000000000e+00  1.3410874634991780e-03 7.0692495466056424e-03 0.0000000000000000e+00  -8.8603681892976210e-04 3.9792941294422577e-03 0.0000000000000000e+00  -2.5060253220236146e-03 -3.5305986849645948e-03 0.0000000000000000e+00  -3.5475640467120661e-03 -1.0021650508649988e-02 0.0000000000000000e+00  -1.4371782066284003e-04 2.4206838480896766e-04 0.0000000000000000e+00  1.0526677387903608e-02 -8.7857315422127906e-05 0.0000000000000000e+00  5.5046343559427722e-03 -2.5864510201304260e-04 0.0000000000000000e+00  3.9046970208137716e-02 -3.3822704675527918e-03 0.0000000000000000e+00  1.2395482400789195e-03 7.1698874183495479e-04 0.0000000000000000e+00  -9.9999999913726309e-02 0.0000000000000000e+00 0.0000000000000000e+00  2.1096409140246813e-03 5.0125589577286094e-03 0.0000000000000000e+00  -1.4092687274344909e-03 2.6746729953562929e-03 0.0000000000000000e+00  -1.0251703005789172e-03 -8.4307255969489122e-03 0.0000000000000000e+00  -1.2914701285880500e-03 -7.5071107530255204e-03 0.0000000000000000e+00  -4.8153833127200577e-03 -4.7034344369365562e-04 0.0000000000000000e+00  -2.9467765048557439e-04 1.4595702344853754e-04 0.0000000000000000e+00  -2.9701699344106399e-04 3.7721194863479010e-04 0.0000000000000000e+00  4.8068644058548631e-04 1.7227008973591958e-03 0.0000000000000000e+00  -2.8494960757847272e-04 -8.3449891392021113e-04 0.0000000000000000e+00  -7.3822241863624066e-04 -3.9890150528112614e-04 0.0000000000000000e+00  -2.5342038603134592e-02 2.3369517492344646e-04 0.0000000000000000e+00  3.3868006643578471e-03 8.4397181722000822e-05 0.0000000000000000e+00  -1.6107337057302007e-03 -5.6821383736786156e-03 0.0000000000000000e+00  5.3880743811571151e-03 6.4475397952384354e-03 0.0000000000000000e+00  2.2826374132563277e-03 6.3961694587304739e-03 0.0000000000000000e+00  -8.2119553891522325e-04 3.0113873004160988e-05 0.0000000000000000e+00  1.0662396912797343e-03 8.0646759047705522e-03 0.0000000000000000e+00  -2.7740295699913778e-03 4.2823960659813774e-03 0.0000000000000000e+00  -5.6217798087011160e-03 5.0384975906731548e-03 0.0000000000000000e+00  -3.5574491980237691e-03 6.6332253203226152e-03 0.0000000000000000e+00  6.7404054005631259e-04 -1.2627317914797400e-04 0.0000000000000000e+00  1.3032590565508840e-03 -1.3831609381355285e-04 0.0000000000000000e+00  6.2662425747744572e-03 -6.0007146292698366e-03 0.0000000000000000e+00  2.1881413918204019e-03 -1.0275280587423431e-02 0.0000000000000000e+00  -1.1586283582470781e-03 -1.9642824823374433e-04 0.0000000000000000e+00  -6.1202885100182481e-04 3.1548102212910388e-04 0.0000000000000000e+00  1.7580018916409901e-04 6.8892304125212051e-05 0.0000000000000000e+00  1.2342121693996891e-03 9.0957152401918082e-03 0.0000000000000000e+00  -1.0559692394596148e-02 -6.4975871393951464e-03 0.0000000000000000e+00  6.8799376744696765e-04 -7.1092678604615266e-05 0.0000000000000000e+00  2.6190138880115971e-04 -9.1060357684895447e-03 0.0000000000000000e+00  7.3053752180317572e-04 1.4470706711012661e-04 0.0000000000000000e+00  -7.0327692809472625e-02 6.2878735565898292e-03 0.0000000000000000e+00  -3.7265193208562536e-04 8.5578342255149212e-03 0.0000000000000000e+00  1.3356016532484606e-03 2.8661626501590983e-04 0.0000000000000000e+00  -3.6328462942775308e-02 2.2049952050541170e-02 0.0000000000000000e+00  -2.4634815807982394e-03 -6.0662274209899512e-04 0.0000000000000000e+00  3.5098454323510700e-03 -7.1583499553732905e-03 0.0000000000000000e+00  3.7776201788438878e-03 6.3116966872777177e-03 0.0000000000000000e+00  6.6292225390369650e-03 4.8015981675829950e-03 0.0000000000000000e+00  9.9999999913726309e-02 0.0000000000000000e+00 0.0000000000000000e+00  4.3165919456938164e-04 -1.8113226085974185e-04 0.0000000000000000e+00  -7.1691733033027008e-05 -2.5020375258448767e-03 0.0000000000000000e+00  -3.8318889058882471e-04 -8.9246141045776946e-03 0.0000000000000000e+00  -3.4932450188148631e-05 6.5048023614962367e-04 0.0000000000000000e+00  -7.1476697243740302e-05 -1.6855076864291093e-04 0.0000000000000000e+00  -3.9775255472010891e-03 8.0713244174363940e-04 0.0000000000000000e+00  -3.9785287677962473e-04 1.6787371236183973e-04 0.0000000000000000e+00  -2.8866581679063150e-03 -1.8531545428702853e-03 0.0000000000000000e+00  6.3259876131914559e-03 -1.8092689444508768e-03 0.0000000000000000e+00  5.1216782560687592e-03 -8.5174328648193547e-04 0.0000000000000000e+00  5.2080055363589268e-03 4.9250705349630265e-04 0.0000000000000000e+00  -8.1466397483236671e-04 -2.2588699250585158e-04 0.0000000000000000e+00  9.8717056872238643e-03 -2.8451278011592728e-03 0.0000000000000000e+00  -6.7212557648551133e-04 3.6261112567060206e-04 0.0000000000000000e+00  2.3574853597478581e-03 -1.6252646984579882e-02 0.0000000000000000e+00  -3.9331581028050648e-03 1.7083774433755256e-03 0.0000000000000000e+00  2.4627811701834843e-03 -5.6215575777548730e-05 0.0000000000000000e+00  -1.7328970071850535e-03 3.5636910759167572e-03 0.0000000000000000e+00  2.5420135781193163e-04 4.5928921844466952e-03 0.0000000000000000e+00  1.3080977624115798e-04 -8.5436683417872931e-04 0.0000000000000000e+00  6.1382759406332418e-03 1.8906052498737138e-03 0.0000000000000000e+00  -3.8905032055199045e-03 1.1102740795901210e-03 0.0000000000000000e+00  -2.3556631041637540e-03 3.4716125969184337e-03 0.0000000000000000e+00  -1.9527263423798811e-03 2.0218802851616115e-03 0.0000000000000000e+00  -5.5538362908893711e-03 2.7394389683887211e-03 0.0000000000000000e+00  -5.9577469900330097e-04 6.4550870042993106e-05 0.0000000000000000e+00  2.6640239527217662e-03 -5.8166804129081422e-04 0.0000000000000000e+00  -6.5725702421253114e-04 -8.6944990202425139e-03 0.0000000000000000e+00  -1.2447851969676186e-03 5.8658844590063070e-03 0.0000000000000000e+00  1.0281643432904144e-03 8.6886520683805213e-04 0.0000000000000000e+00  -5.9251022220074256e-05 1.8530564518201613e-04 0.0000000000000000e+00  2.8976634588119281e-03 7.9498267913205856e-03 0.0000000000000000e+00  -2.5534613463723901e-02 6.0493590537642988e-04 0.0000000000000000e+00  1.0605184090067910e-03 2.3544922246485623e-04 0.0000000000000000e+00  -8.6203053155197741e-04 -6.4164679280956866e-03 0.0000000000000000e+00  8.6701305010062173e-03 1.1266115444356295e-02 0.0000000000000000e+00  -7.0051968090805447e-03 -5.3116232324032552e-04 0.0000000000000000e+00  -5.9655001473620817e-05 7.0372760728205724e-04 0.0000000000000000e+00  2.7081692532128500e-05 9.4274101270293655e-04 0.0000000000000000e+00  -1.5605465817513887e-02 1.8080043718290643e-02 0.0000000000000000e+00  9.9999999913726309e-02 0.0000000000000000e+00 0.0000000000000000e+00  -6.5714789958744530e-04 -1.1345140509820126e-04 0.0000000000000000e+00  3.0553661886487234e-02 -2.5131200560707632e-03 0.0000000000000000e+00  -2.0667605842245246e-04 9.1188401487553930e-03 0.0000000000000000e+00  -2.2093222394738493e-03 7.6362549389748808e-03 0.0000000000000000e+00  -1.0633069749079140e-05 5.9168879332882503e-05 0.0000000000000000e+00  5.0801679313736093e-04 -6.8554029225500373e-04 0.0000000000000000e+00  1.5341483510412628e-03 1.3863135041257556e-03 0.0000000000000000e+00  -3.8247285701182986e-02 1.2989840483085893e-03 0.0000000000000000e+00  -9.9999999913726309e-02 0.0000000000000000e+00 0.0000000000000000e+00  1.6344860254912342e-03 8.6563655179898308e-03 0.0000000000000000e+00  -2.3108733590953760e-03 1.2768822396003543e-02 0.0000000000000000e+00  1.4584794002755227e-03 -3.7455672544847024e-04 0.0000000000000000e+00  -6.2743639287395222e-04 -1.2029513072132748e-02 0.0000000000000000e+00  -5.1628924422715496e-04 -5.8877745589965410e-03 0.0000000000000000e+00  -3.0393482853842937e-02 -1.1543311820382591e-02 0.0000000000000000e+00  1.0422470806547707e-03 4.2076105736343680e-05 0.0000000000000000e+00  -9.9278019280102763e-03 5.0619926445158820e-03 0.0000000000000000e+00  1.5869099572211397e-03 -8.4425427745983862e-03 0.0000000000000000e+00  3.9168770061415848e-04 -9.5227471857804082e-03 0.0000000000000000e+00  9.8356824454116530e-04 7.0602214765234309e-05 0.0000000000000000e+00  1.3009986173681806e-02 -1.8597855722616352e-02 0.0000000000000000e+00  -5.5699902703276712e-03 -4.0783885900040609e-03 0.0000000000000000e+00  -1.3135392152251698e-03 1.0646043001456981e-02 0.0000000000000000e+00  -7.3318818811407408e-04 -8.4280625961438600e-03 0.0000000000000000e+00  -1.6202170954904673e-03 -3.1593499308815471e-04 0.0000000000000000e+00  -1.2982951568884418e-03 -7.9880779244741889e-04 0.0000000000000000e+00  -1.9621683947670292e-03 3.5751475445952298e-04 0.0000000000000000e+00  1.9116254405183558e-04 -7.2050757118507906e-05 0.0000000000000000e+00  -4.8622090836225448e-03 7.5122009408076082e-03 0.0000000000000000e+00  -1.9734028003607608e-02 -7.5877058026222579e-03 0.0000000000000000e+00  -4.1184266950922109e-03 -1.7821712830751842e-02 0.0000000000000000e+00  -2.4796773897265485e-02 -3.4660492199734216e-02 0.0000000000000000e+00  -1.6931759317495179e-03 -2.8079757048737084e-02 0.0000000000000000e+00  -4.2858401559561473e-03 -9.1258201508915226e-04 0.0000000000000000e+00  -1.0171801858234997e-03 -7.9881337357837334e-05 0.0000000000000000e+00  -3.5366058205748129e-03 -3.5450455888345234e-03 0.0000000000000000e+00  -3.4132289919056656e-03 -5.4917678663230036e-03 0.0000000000000000e+00  -6.9413626398857325e-03 8.1982165325994831e-03 0.0000000000000000e+00  -1.6524247770261050e-04 6.1150096614312076e-04 0.0000000000000000e+00  8.7114391533540557e-04 3.4709252149789081e-05 0.0000000000000000e+00  1.1024878912929740e-03 1.6837548146664909e-04 0.0000000000000000e+00  -2.4906436669337620e-05 -1.6581068747724111e-03 0.0000000000000000e+00  -9.2255304943239665e-04 -1.2767642247683542e-03 0.0000000000000000e+00  -3.6413211823840864e-02 -4.0087162233763164e-04 0.0000000000000000e+00  -9.7643666519669509e-03 4.7273246451526495e-02 0.0000000000000000e+00  1.0086130450375722e-03 9.0548069451930427e-05 0.0000000000000000e+00  1.4075209469716079e-04 -2.1696226774397067e-04 0.0000000000000000e+00  8.5645544543509373e-03 1.3899885524003537e-02 0.0000000000000000e+00  4.0602686787433060e-03 -1.2820859847209159e-02 0.0000000000000000e+00  1.1255034273867690e-02 2.8785730070286734e-03 0.0000000000000000e+00  1.5808650065120219e-02 -5.0290345501134001e-03 0.0000000000000000e+00  2.0982399109792191e-02 4.7778393736335675e-03 0.0000000000000000e+00  8.1015343491244884e-05 -7.7057164740062257e-06 0.0000000000000000e+00  7.3633156356786661e-02 -1.1597368977384863e-02 0.0000000000000000e+00  2.3758385046531677e-04 3.0996488474527935e-04 0.0000000000000000e+00  -8.4337736011113164e-04 8.1790408569171007e-04 0.0000000000000000e+00  4.5669754177394932e-03 -4.9973021240186056e-03 0.0000000000000000e+00  -1.3801595949793906e-03 -1.2474938083189237e-04 0.0000000000000000e+00  8.9161340714133700e-04 1.3339110526586551e-04 0.0000000000000000e+00  2.8291807003708249e-03 8.7168369890664090e-03 0.0000000000000000e+00  -5.8771931764718254e-04 -9.7212476421048005e-03 0.0000000000000000e+00  2.0554822819343235e-03 -8.8430226270233610e-03 0.0000000000000000e+00  7.8089134302653952e-03 -6.0603316259020198e-03 0.0000000000000000e+00  9.6063207536852668e-03 -1.0775785584933337e-02 0.0000000000000000e+00  -3.9802740442890710e-04 -1.1290295563704139e-03 0.0000000000000000e+00  2.2744780231756904e-03 -5.4129920699098359e-03 0.0000000000000000e+00  -3.0901865910734630e-05 1.1585683504206042e-04 0.0000000000000000e+00  1.8043680697412713e-04 4.5709121427625073e-04 0.0000000000000000e+00  1.2416008976114579e-03 6.2809903683258894e-05 0.0000000000000000e+00  -2.4375312767580426e-04 2.6215877899110748e-04 0.0000000000000000e+00  -2.6222917128076599e-04 1.3791096621862484e-04 0.0000000000000000e+00  -9.4659819633789583e-03 1.3719851914667713e-03 0.0000000000000000e+00  -7.9105326500776769e-04 5.4392459209407322e-03 0.0000000000000000e+00  -1.9477375248348438e-04 2.6475672456014257e-04 0.0000000000000000e+00  -2.9911557987576326e-03 4.8504844445581546e-03 0.0000000000000000e+00  1.2363269338141164e-03 4.4411610600247646e-03 0.0000000000000000e+00  9.9999999913726309e-02 0.0000000000000000e+00 0.0000000000000000e+00  -4.0303766224164558e-05 7.7084591819459218e-03 0.0000000000000000e+00  -6.2378308062057852e-02 8.6320038973653913e-03 0.0000000000000000e+00  1.8986127501933013e-04 -8.1748217401986342e-04 0.0000000000000000e+00  -7.9425549819230837e-04 -6.2022255679605292e-05 0.0000000000000000e+00  2.5128408840208840e-03 -3.9262969686467862e-03 0.0000000000000000e+00  5.4177915526526185e-04 6.0492076862118114e-03 0.0000000000000000e+00  9.8650604945640565e-03 -1.6843773820314858e-03 0.0000000000000000e+00  2.2197019721623148e-04 -3.6205952671320048e-04 0.0000000000000000e+00  2.6380667622545569e-03 1.0486786891117806e-03 0.0000000000000000e+00  1.0372235327552031e-04 2.1108396706841495e-03 0.0000000000000000e+00  5.8580708067080081e-04 4.0607020128772256e-03 0.0000000000000000e+00  -1.8150854499529080e-03 1.4408910030688338e-02 0.0000000000000000e+00  3.2481406924692605e-02 7.7845861139315365e-04 0.0000000000000000e+00  2.0406018873672664e-03 5.5524710204770122e-03 0.0000000000000000e+00  5.8981730578025124e-03 3.0602921590339276e-03 0.0000000000000000e+00  -9.9999999913726309e-02 0.0000000000000000e+00 0.0000000000000000e+00  -4.7767218619034157e-02 5.5544491871734846e-05 0.0000000000000000e+00  -4.6849966089209614e-04 -6.8309686852594865e-04 0.0000000000000000e+00  -1.2261833072006931e-02 1.2478642748094048e-02 0.0000000000000000e+00  -4.7341653300961599e-03 1.1993797593430802e-02 0.0000000000000000e+00  6.1584171370908847e-04 1.2111160188376833e-02 0.0000000000000000e+00  -9.6187080913271372e-04 -1.7983156345484210e-03 0.0000000000000000e+00  3.0084771140141710e-02 7.9613852551540436e-04 0.0000000000000000e+00  4.6738944920266857e-04 7.0327834912470985e-03 0.0000000000000000e+00  6.4500750390442249e-04 -2.6650868848316050e-04 0.0000000000000000e+00  5.9627393230540424e-04 -5.2054744563822283e-04 0.0000000000000000e+00  4.0520449558695412e-04 -4.2090712376535342e-04 0.0000000000000000e+00  1.7808453597538991e-03 3.8554760802944608e-03 0.0000000000000000e+00  2.8996137048246601e-03 4.1488000105815792e-03 0.0000000000000000e+00  1.5794974846409324e-03 1.7812397381838069e-02 0.0000000000000000e+00  1.4446881542884329e-03 -3.3394163490154502e-03 0.0000000000000000e+00  -3.5706505505515469e-03 1.1051490529417779e-02 0.0000000000000000e+00  -1.2742071376613479e-03 5.8693236289301867e-04 0.0000000000000000e+00  2.0838264020963675e-04 3.4452843884163055e-03 0.0000000000000000e+00  3.9421663099517376e-02 1.7580855321281329e-03 0.0000000000000000e+00  9.9999999913726309e-02 0.0000000000000000e+00 0.0000000000000000e+00  1.0440346899686116e-03 -9.4289740416575853e-04 0.0000000000000000e+00  -3.1750853575493936e-04 2.9282596181938762e-04 0.0000000000000000e+00  -1.4458792812508455e-04 3.6165352828597661e-03 0.0000000000000000e+00  -2.1894117761137421e-04 1.4327375920750029e-03 0.0000000000000000e+00  -1.3851611256327710e-04 3.0370919354072269e-03 0.0000000000000000e+00  -1.0782411118349143e-03 -1.2211114914618810e-04 0.0000000000000000e+00  -8.0655643916604646e-04 -7.8741030487000045e-03 0.0000000000000000e+00  -4.6424188331865672e-03 -1.1675277947555737e-03 0.0000000000000000e+00  -2.5396524000519810e-02 2.9678163562833356e-03 0.0000000000000000e+00  -2.2741449844912946e-03 -6.8006656339470312e-03 0.0000000000000000e+00  -9.8607233110209773e-04 -7.4058614281886761e-03 0.0000000000000000e+00  -1.6579844436851198e-03 -8.3090355100222200e-03 0.0000000000000000e+00  -6.4429633622915675e-04 6.2288721682646393e-04 0.0000000000000000e+00  7.3510004686679507e-03 -4.0523002405931917e-04 0.0000000000000000e+00  4.5009804314670174e-03 4.5441494982935444e-03 0.0000000000000000e+00  3.3118942292824304e-03 -3.9073590065246522e-04 0.0000000000000000e+00  -3.7666520484720055e-04 -6.4906341215426972e-03 0.0000000000000000e+00  -5.4012047939352714e-03 -6.7520205013559265e-03 0.0000000000000000e+00  1.2632944836305584e-03 -2.2949078172502324e-03 0.0000000000000000e+00  3.1793889325862881e-03 3.0821520190041068e-03 0.0000000000000000e+00  -1.1582121454578778e-03 -4.2091450236437350e-04 0.0000000000000000e+00  -8.0998466902059774e-04 -9.6354785287354548e-04 0.0000000000000000e+00  8.7727885248640108e-05 -1.7498227563712344e-04 0.0000000000000000e+00  -1.8469438909248764e-03 8.9222816644301422e-04 0.0000000000000000e+00  -2.0922884533461729e-02 7.9059718702247442e-03 0.0000000000000000e+00  9.7506962587349637e-03 -2.8812528227110477e-03 0.0000000000000000e+00  9.9999999913726309e-02 0.0000000000000000e+00 0.0000000000000000e+00  -1.2886334443870084e-02 -5.8920870657205989e-03 0.0000000000000000e+00  -1.1323339221973070e-02 1.1746357211418729e-02 0.0000000000000000e+00  -6.7298550176290118e-03 5.4393843840832420e-03 0.0000000000000000e+00  2.7915976393079723e-03 -4.6230293053768417e-03 0.0000000000000000e+00  1.1469034804582896e-03 -1.1739934308168525e-04 0.0000000000000000e+00  -7.1862798172172334e-04 4.6027616071736777e-04 0.0000000000000000e+00  -3.2276006909031292e-03 -6.7368906518417062e-03 0.0000000000000000e+00  2.3008789360127002e-03 4.3198782494398725e-04 0.0000000000000000e+00  3.3704691337267423e-04 1.7352237070503024e-03 0.0000000000000000e+00  3.2082800206597798e-04 -1.8448690805860423e-04 0.0000000000000000e+00  -3.6970819248172354e-04 -1.7304059848567841e-02 0.0000000000000000e+00  -1.4650127563587220e-04 2.7503277402660819e-04 0.0000000000000000e+00  5.1218655748306030e-02 4.9922188140472624e-03 0.0000000000000000e+00  1.9196705355469974e-03 -1.1305288029131908e-03 0.0000000000000000e+00  9.9999999913726309e-02 0.0000000000000000e+00 0.0000000000000000e+00  2.0735785311976713e-03 1.0156045976918868e-02 0.0000000000000000e+00  -4.8525309760131590e-03 6.6313556182406117e-03 0.0000000000000000e+00  9.8395359048763273e-02 -1.8076959176777092e-03 0.0000000000000000e+00  4.4241889954649369e-03 2.8381708479397528e-03 0.0000000000000000e+00  6.9615099788999945e-04 -1.6134827593973086e-03 0.0000000000000000e+00  4.2230954849152004e-05 3.0621620382851927e-04 0.0000000000000000e+00  1.0250913794758228e-02 6.4955896066770467e-03 0.0000000000000000e+00  -2.6027943425127206e-02 1.1000468113617210e-03 0.0000000000000000e+00  1.7891400743712531e-02 7.8968245470074343e-03 0.0000000000000000e+00  9.9999999913726309e-02 0.0000000000000000e+00 0.0000000000000000e+00  -9.9999999913726309e-02 0.0000000000000000e+00 0.0000000000000000e+00  -9.9999999913726309e-02 0.0000000000000000e+00 0.0000000000000000e+00  -9.9999999913726309e-02 0.0000000000000000e+00 0.0000000000000000e+00  -9.2089875399341265e-05 -2.0664211762298178e-03 0.0000000000000000e+00  1.6436581070728828e-04 3.8769246549373421e-03 0.0000000000000000e+00  -9.9999999913726309e-02 0.0000000000000000e+00 0.0000000000000000e+00  1.4784199874409108e-05 1.3364378219959437e-04 0.0000000000000000e+00  8.2946100548341085e-05 2.6729488564912968e-03 0.0000000000000000e+00  -9.9999999913726309e-02 0.0000000000000000e+00 0.0000000000000000e+00  7.9777560444905998e-05 2.7903456660905801e-04 0.0000000000000000e+00  -6.1643936564047066e-05 -1.9547503546236318e-04 0.0000000000000000e+00  -8.8455061911430304e-06 1.1443446127585763e-03 0.0000000000000000e+00  -4.0279819606141016e-04 -6.7505232403337430e-03 0.0000000000000000e+00  -1.2572684547865413e-05 1.5535694070466661e-04 0.0000000000000000e+00  -5.7694724121024434e-04 -8.0127573230813973e-03 0.0000000000000000e+00  -9.9999999913726309e-02 0.0000000000000000e+00 0.0000000000000000e+00  9.9999999913726309e-02 0.0000000000000000e+00 0.0000000000000000e+00  4.5061407573796633e-05 5.0699400954757354e-04 0.0000000000000000e+00  9.9999999913726309e-02 0.0000000000000000e+00 0.0000000000000000e+00  -9.9999999913726309e-02 0.0000000000000000e+00 0.0000000000000000e+00  7.5160705881569922e-04 8.5296914628789980e-03 0.0000000000000000e+00  -7.6819888939904876e-04 -8.6714506619435059e-03 0.0000000000000000e+00  2.8338104415592634e-04 5.4138263222586590e-03 0.0000000000000000e+00  6.7047393085002530e-04 8.5850725218768204e-03 0.0000000000000000e+00  -9.9999999913726309e-02 0.0000000000000000e+00 0.0000000000000000e+00  9.9999999913726309e-02 0.0000000000000000e+00 0.0000000000000000e+00  7.2126087036545597e-04 8.6571738858406393e-03 0.0000000000000000e+00  4.9640471579122248e-05 1.3948419314926846e-03 0.0000000000000000e+00  4.8460147733143888e-05 -6.1629877097476920e-04 0.0000000000000000e+00  -5.4558239389845032e-05 -1.0962255807707324e-03 0.0000000000000000e+00  7.2604198551943621e-04 6.0140514400381173e-03 0.0000000000000000e+00  9.9999999913726309e-02 0.0000000000000000e+00 0.0000000000000000e+00  -9.9999999913726309e-02 0.0000000000000000e+00 0.0000000000000000e+00  5.5578789710481206e-04 7.7473496388336723e-03 0.0000000000000000e+00  -7.3956946111421813e-04 -4.4976974917185185e-03 0.0000000000000000e+00  9.9999999913726309e-02 0.0000000000000000e+00 0.0000000000000000e+00  2.5757671596950537e-02 -3.5320245147431659e-04 0.0000000000000000e+00  9.9999999913726309e-02 0.0000000000000000e+00 0.0000000000000000e+00  9.9999999913726309e-02 0.0000000000000000e+00 0.0000000000000000e+00  2.5444315832913351e-02 1.6570773414689038e-04 0.0000000000000000e+00  9.9999999913726309e-02 0.0000000000000000e+00 0.0000000000000000e+00  4.3482492911847009e-04 6.2514504721343303e-03 0.0000000000000000e+00  -2.5678526148268174e-04 -5.1551805739480719e-03 0.0000000000000000e+00  -4.6330925824487216e-05 -4.9948179487084208e-04 0.0000000000000000e+00  -2.6098028600862635e-04 -3.5226937859033783e-03 0.0000000000000000e+00  -5.4250345757288492e-04 -7.8512978509375168e-03 0.0000000000000000e+00  1.3879469394967585e-04 3.1311666336420619e-03 0.0000000000000000e+00  -3.5165469456937069e-05 -1.2179779667579031e-04 0.0000000000000000e+00  9.9999999913726309e-02 0.0000000000000000e+00 0.0000000000000000e+00  -2.8849607936907840e-05 -1.2380649792254324e-04 0.0000000000000000e+00  -9.9999999913726309e-02 0.0000000000000000e+00 0.0000000000000000e+00  -6.7352840331074651e-04 -7.6228890994088864e-03 0.0000000000000000e+00  -4.9205595377387339e-04 -2.1029945143023459e-03 0.0000000000000000e+00  7.4318524266067188e-04 7.8233312118485641e-03 0.0000000000000000e+00  6.1963535614980146e-05 -3.1220539491937359e-04 0.0000000000000000e+00  4.7608483533582357e-03 -9.3257592134934689e-03 0.0000000000000000e+00  5.9121927933431838e-03 -4.6595833185993198e-03 0.0000000000000000e+00  -8.8815160933141818e-02 1.0876649017189455e-02 0.0000000000000000e+00  5.6847617214265600e-03 7.4440747736993027e-03 0.0000000000000000e+00  -4.8595629483327244e-03 -1.0461339986922582e-02 0.0000000000000000e+00  -1.5504031802698575e-03 -7.0881150042565585e-03 0.0000000000000000e+00  2.8143800665781343e-02 -5.3889712973041277e-03 0.0000000000000000e+00  4.6387261600151894e-04 -6.1362120613566457e-03 0.0000000000000000e+00  1.0353737147840276e-03 -5.3706382438559316e-04 0.0000000000000000e+00  9.1949872154005755e-02 -1.5631044146573264e-02 0.0000000000000000e+00  -5.4493036064843798e-04 9.0791193885069376e-04 0.0000000000000000e+00  3.4754369513883887e-04 1.4005959302452380e-03 0.0000000000000000e+00  -1.1373447109581190e-04 2.6644533905050152e-04 0.0000000000000000e+00  -1.7295648700619904e-03 -7.7416570980624151e-04 0.0000000000000000e+00  4.6782806056797663e-04 2.2754291911979562e-03 0.0000000000000000e+00  1.3113842032918448e-03 1.9201362911855111e-03 0.0000000000000000e+00  -1.2344009266028379e-04 2.0141627130701540e-04 0.0000000000000000e+00  7.5102017955875943e-03 4.2160885780517694e-03 0.0000000000000000e+00  8.7909163031717735e-03 -4.0647582776622768e-03 0.0000000000000000e+00  -1.9171809251162255e-03 -4.9820768514811818e-03 0.0000000000000000e+00  -1.5186399114477236e-02 -2.1685328719130936e-02 0.0000000000000000e+00  7.8220790367753597e-03 -1.1534886507600429e-03 0.0000000000000000e+00  -9.3543696927137908e-04 2.0573068428741454e-05 0.0000000000000000e+00  5.4001831668520931e-03 -2.5488273389146863e-03 0.0000000000000000e+00  4.7351752959973626e-04 8.8344454254352892e-03 0.0000000000000000e+00  2.8871223422239923e-04 -3.9910080792811178e-05 0.0000000000000000e+00  1.9280620986503665e-04 -2.7052953904486255e-04 0.0000000000000000e+00  -5.0872218288752985e-04 7.6456770428944411e-04 0.0000000000000000e+00  3.7751028506318954e-03 1.7337662708172101e-03 0.0000000000000000e+00  -2.2482528041916822e-04 -3.7639469252111131e-04 0.0000000000000000e+00  1.0834592233858675e-03 1.1844364996727269e-03 0.0000000000000000e+00  -1.3235676857520314e-03 4.5406351955202939e-03 0.0000000000000000e+00  6.3366042214861235e-05 -2.9257313040616749e-04 0.0000000000000000e+00  -6.5569500674478448e-05 -4.7775826764619069e-04 0.0000000000000000e+00  2.2500519267591501e-02 9.5014599275057294e-05 0.0000000000000000e+00  2.3821697465348044e-02 3.5078552461928780e-03 0.0000000000000000e+00  1.6780350133071067e-03 -3.5940148089928258e-03 0.0000000000000000e+00  5.7196033615323333e-04 -5.6382620145433359e-03 0.0000000000000000e+00  1.8975366960871488e-04 -8.9370040775950854e-04 0.0000000000000000e+00  -2.9574446781444864e-03 1.6045664696001643e-03 0.0000000000000000e+00  -2.3919037354943593e-03 9.0976320217132471e-03 0.0000000000000000e+00  6.3916559384603255e-03 5.5209611071347711e-03 0.0000000000000000e+00  -2.2444512990224148e-04 3.6620515050634505e-04 0.0000000000000000e+00  -1.6456947833926109e-05 4.1239132239645493e-04 0.0000000000000000e+00  -1.7303959420352502e-03 -5.2507176835273289e-04 0.0000000000000000e+00  -8.2977256713125894e-03 -6.8565799452257265e-03 0.0000000000000000e+00  8.7863008358568648e-05 -8.3319804068097952e-03 0.0000000000000000e+00  2.7623548964763868e-04 -1.9126614895487875e-04 0.0000000000000000e+00  1.1825713125765375e-03 3.0839457104628483e-04 0.0000000000000000e+00  1.0108034562156670e-04 -3.8696753603229992e-03 0.0000000000000000e+00  -7.1877229688934272e-02 1.8764843254954512e-02 0.0000000000000000e+00  -2.7173229917055778e-03 -1.2968789175465597e-02 0.0000000000000000e+00  3.5865598704452434e-04 -7.5474759437956992e-03 0.0000000000000000e+00  1.8255666055587594e-03 -8.3316211115332557e-03 0.0000000000000000e+00  -1.5112954580736256e-02 -1.8078095834983692e-02 0.0000000000000000e+00  1.1217758459870970e-03 9.9511124679946914e-03 0.0000000000000000e+00  1.8166745141021837e-03 -6.9791062351143600e-03 0.0000000000000000e+00  -2.9760502522661997e-03 -3.2445988220858904e-04 0.0000000000000000e+00  4.0545235035777567e-02 -7.2053560262789909e-04 0.0000000000000000e+00  1.3295992949158208e-03 4.3692344289985663e-03 0.0000000000000000e+00  4.4778868008750583e-02 8.4080370854213334e-03 0.0000000000000000e+00  -1.2123014901697772e-03 -3.4081737586565213e-03 0.0000000000000000e+00  9.1040364470518513e-04 -2.5631650547620487e-04 0.0000000000000000e+00  2.3505578753162206e-03 1.1256711239966412e-02 0.0000000000000000e+00  -2.5282272652294678e-02 5.7272031376254902e-03 0.0000000000000000e+00  5.2634034835101896e-04 -2.7993050327338419e-03 0.0000000000000000e+00  1.4031517802856857e-03 -2.2244564394769896e-03 0.0000000000000000e+00  -2.8110546617230625e-03 -3.7260233776701813e-03 0.0000000000000000e+00  2.7099419621632453e-04 1.7622313966716061e-04 0.0000000000000000e+00  -5.2564295687471091e-02 1.3432055839810563e-03 0.0000000000000000e+00  -8.5546565288550675e-04 9.9262271664326749e-05 0.0000000000000000e+00  -7.0587422322900750e-03 9.9003996725016020e-03 0.0000000000000000e+00  -7.3993988619403016e-04 4.1401766297465697e-04 0.0000000000000000e+00  -7.2067996255187981e-03 1.6576163017773076e-02 0.0000000000000000e+00  1.2483640829261200e-03 -2.4753705714703112e-04 0.0000000000000000e+00  4.2236513720455750e-03 1.1943973798388616e-03 0.0000000000000000e+00  -3.3364981317105628e-02 -5.8454497013180721e-03 0.0000000000000000e+00  1.0348064446687448e-03 -1.3231650120523760e-04 0.0000000000000000e+00  -1.4638466853937281e-04 -2.8669988394835967e-04 0.0000000000000000e+00  -4.9235005593377108e-04 -1.4448359500628176e-04 0.0000000000000000e+00  -4.3057570009270038e-04 -4.5392424471564686e-04 0.0000000000000000e+00  4.0345984989313549e-03 -3.2091299066576923e-03 0.0000000000000000e+00  5.4245535182416697e-02 1.8251596891147828e-03 0.0000000000000000e+00  -4.6683772498051232e-03 1.6964941443290974e-02 0.0000000000000000e+00  -3.2949250245849801e-04 -1.8200717558704681e-03 0.0000000000000000e+00  7.8340155219411083e-04 -1.6409175543862784e-03 0.0000000000000000e+00  3.4286276293461152e-03 -1.1618040105271829e-02 0.0000000000000000e+00  1.5459539415426152e-03 -7.2356519194789656e-05 0.0000000000000000e+00  2.9414138253455437e-02 4.0156815370196546e-02 0.0000000000000000e+00  1.7116365342550878e-02 1.9353019441894957e-02 0.0000000000000000e+00  -9.9813089070185262e-04 -2.4569296284446534e-04 0.0000000000000000e+00  -3.5224930649181371e-03 -9.4098280057753596e-03 0.0000000000000000e+00  -4.5958028104329720e-03 -1.1161108771221654e-02 0.0000000000000000e+00  -1.8372115189562580e-03 -9.5424547676918776e-03 0.0000000000000000e+00  -1.1090716208770927e-03 3.9272764383815612e-04 0.0000000000000000e+00  -1.3071465518591891e-03 7.2743787538714867e-04 0.0000000000000000e+00  -7.5657011308593778e-04 2.9520620033461885e-04 0.0000000000000000e+00  -3.8610750854267895e-04 7.7263275652356069e-04 0.0000000000000000e+00  3.0291019159162324e-03 4.5074549526408327e-03 0.0000000000000000e+00  -2.5078931586158442e-03 2.1895718180943110e-03 0.0000000000000000e+00  -8.2455854260769389e-04 -9.6855082511496218e-05 0.0000000000000000e+00  -1.5499648123602095e-02 -1.4966133633494779e-02 0.0000000000000000e+00  1.1768603694699462e-03 -7.4139195243000031e-04 0.0000000000000000e+00  8.8578056615068457e-04 -6.6496874467112527e-05 0.0000000000000000e+00  1.4728517587498976e-03 -5.2193488740287629e-03 0.0000000000000000e+00  -6.6132423565103491e-03 -4.9094483149012347e-03 0.0000000000000000e+00  -9.9152174836807756e-04 -1.5554342037817236e-04 0.0000000000000000e+00  2.1759164825279017e-03 -9.2648342126513961e-03 0.0000000000000000e+00  -5.5929483880657086e-04 -3.3400685824683386e-03 0.0000000000000000e+00  1.9963283047364591e-03 -8.5702056765624298e-04 0.0000000000000000e+00  1.4123150822627356e-03 -7.6636470734470956e-03 0.0000000000000000e+00  -1.2474850685565179e-03 3.0665029228652137e-04 0.0000000000000000e+00  9.5617419672364850e-04 3.1353930009328707e-04 0.0000000000000000e+00  -4.4487242602068929e-04 3.3821606145989622e-04 0.0000000000000000e+00  8.2693526522860836e-05 -1.4817596654100314e-04 0.0000000000000000e+00  5.7538415198758056e-03 9.6682910983643087e-03 0.0000000000000000e+00  1.4264794836259354e-02 5.8726519884534324e-03 0.0000000000000000e+00  1.9385536578355362e-03 -7.0429957056273333e-03 0.0000000000000000e+00  1.9006292161394465e-02 -1.9563106928833590e-02 0.0000000000000000e+00  2.0622293570604750e-03 -1.6909928923194131e-03 0.0000000000000000e+00  -1.0031573255377747e-02 5.6545634295680734e-03 0.0000000000000000e+00  -3.5678789684643686e-04 1.0389198417053989e-02 0.0000000000000000e+00  -7.6960988291305960e-04 8.0188750903556244e-04 0.0000000000000000e+00  -8.8823089973486902e-04 1.5049732038864493e-04 0.0000000000000000e+00  2.7668104030102985e-04 2.9115258639949687e-04 0.0000000000000000e+00  -2.5078146749544319e-03 -1.3623332131791346e-03 0.0000000000000000e+00  1.3415005337604155e-04 2.9480789048663572e-04 0.0000000000000000e+00  1.0496939163048164e-04 1.9540208252332393e-04 0.0000000000000000e+00  -4.0390451709311547e-04 1.5421416605662477e-03 0.0000000000000000e+00  1.0233370689530764e-03 9.4095838947684353e-05 0.0000000000000000e+00  1.6355286216956694e-04 -3.2860461164042085e-04 0.0000000000000000e+00  1.0335959649502824e-03 1.0341315995661727e-02 0.0000000000000000e+00  2.4651680705934584e-03 2.1789904394854862e-03 0.0000000000000000e+00  8.5026640924277294e-04 -8.7072917500177916e-03 0.0000000000000000e+00  2.0936184975621348e-04 -7.5337526977654881e-03 0.0000000000000000e+00  -2.2957513642505182e-03 -6.0867451776412942e-03 0.0000000000000000e+00  -3.5454160712216432e-03 -1.1425622762438976e-02 0.0000000000000000e+00  8.8109930111236680e-04 6.2232657341487465e-03 0.0000000000000000e+00  1.1527391540783526e-03 1.0914420542221094e-04 0.0000000000000000e+00  -1.2802444091325388e-02 -5.9943197728857200e-04 0.0000000000000000e+00  -1.4306822462319298e-02 7.1994037531394675e-03 0.0000000000000000e+00  -1.0090190660541341e-02 2.0341968687847731e-03 0.0000000000000000e+00  4.1121591101662166e-04 -2.2686730523716698e-04 0.0000000000000000e+00  1.0747692760301922e-04 -5.9558721010211156e-04 0.0000000000000000e+00  -8.4395787863583639e-04 -3.4134688543159861e-04 0.0000000000000000e+00  -2.2813294391144657e-04 -1.8561204291400184e-04 0.0000000000000000e+00  -2.6682451901746626e-03 8.6816216676620633e-03 0.0000000000000000e+00  -7.1620173330323002e-03 -3.8107245834545804e-03 0.0000000000000000e+00  2.1563001531310924e-02 1.2413910608520942e-02 0.0000000000000000e+00  5.5714278468226471e-03 -4.4933046956874357e-03 0.0000000000000000e+00  1.1838285184763066e-03 1.0695374231085899e-02 0.0000000000000000e+00  -3.8750848044772669e-02 -5.9370152864495844e-05 0.0000000000000000e+00  -1.1475900555870749e-02 3.6865306182853083e-03 0.0000000000000000e+00  -3.1161642644374363e-02 8.0124108763015289e-03 0.0000000000000000e+00  -7.6723604049578177e-04 -5.4569981436979097e-04 0.0000000000000000e+00  -9.8114624939617517e-04 -3.6719885554029508e-04 0.0000000000000000e+00  -3.3455831083215260e-04 3.5307810065621773e-04 0.0000000000000000e+00  8.2159062933840103e-04 1.1081407975621414e-03 0.0000000000000000e+00  5.6236148902734102e-04 1.0597659903536733e-03 0.0000000000000000e+00  -1.5107563910755446e-03 7.2816038223580326e-03 0.0000000000000000e+00  -4.9310515226905921e-04 7.1153303341564217e-03 0.0000000000000000e+00  -8.1723148665740293e-04 1.2569915920316931e-04 0.0000000000000000e+00  -2.6471061560081137e-03 8.9144677295772481e-03 0.0000000000000000e+00  -7.5218662557247212e-02 1.7176988957011058e-02 0.0000000000000000e+00  -3.7405922677928530e-03 4.3452195530243806e-03 0.0000000000000000e+00  -9.4375867071020796e-03 9.9271035782357055e-03 0.0000000000000000e+00  -4.2334648059554259e-04 -2.7314638211606342e-03 0.0000000000000000e+00  6.5949887004805993e-03 -7.7215142348769066e-03 0.0000000000000000e+00  5.0947485737046121e-03 -9.4028838606619140e-03 0.0000000000000000e+00  2.4776926766317418e-04 -1.6868288611920982e-04 0.0000000000000000e+00  2.7662653294723450e-04 1.8148453656970535e-04 0.0000000000000000e+00  -3.5296143008031961e-03 3.5388183107174349e-03 0.0000000000000000e+00  -2.1066765605559402e-03 1.4885402154173669e-03 0.0000000000000000e+00  5.5377613702950023e-04 -4.1885236054107211e-03 0.0000000000000000e+00  -2.3945126320912584e-03 -6.0476629586765744e-03 0.0000000000000000e+00  -1.1306628651207214e-04 4.8703676871998641e-05 0.0000000000000000e+00  4.8980816379547631e-04 -1.4308784300367842e-03 0.0000000000000000e+00  -4.1538805575886035e-04 4.9443957748546835e-04 0.0000000000000000e+00  4.6654077516621373e-02 -1.5433487772115690e-02 0.0000000000000000e+00  4.8483585714562318e-03 -1.1230604994556135e-03 0.0000000000000000e+00  -1.0544781622017286e-02 1.7456346331634960e-02 0.0000000000000000e+00  4.8825307789592557e-04 1.2677258691285515e-02 0.0000000000000000e+00  3.1460497373446378e-03 1.3529070745283167e-02 0.0000000000000000e+00  4.9404719949407594e-04 -4.4570756812253951e-03 0.0000000000000000e+00  1.7135581459192975e-03 -1.0649415610687598e-02 0.0000000000000000e+00  2.1109015114520907e-04 5.9675648252855752e-04 0.0000000000000000e+00  -1.4891790941793726e-03 9.5152393732299712e-03 0.0000000000000000e+00  -1.9921371352307877e-03 -7.5365451011846383e-03 0.0000000000000000e+00  -6.5767571414305083e-04 -1.1706734829604365e-03 0.0000000000000000e+00  6.0247431850586868e-04 6.5973806030815896e-04 0.0000000000000000e+00  8.6110839654327843e-04 7.4795465165632309e-04 0.0000000000000000e+00  3.1367849625806902e-03 1.8117933308156890e-04 0.0000000000000000e+00  1.8359456479504075e-02 -4.8001822321266626e-03 0.0000000000000000e+00  8.0493157385817648e-03 1.1529709502746221e-03 0.0000000000000000e+00  4.9274065036906123e-03 -1.0850513447347067e-02 0.0000000000000000e+00  -5.1040313886500203e-02 -4.0125316899690408e-03 0.0000000000000000e+00  9.7846224169408236e-03 -8.4933674086098507e-03 0.0000000000000000e+00  7.7417895060532781e-03 -1.2545643977691591e-02 0.0000000000000000e+00  -2.1124682685573837e-04 2.8995553329384306e-04 0.0000000000000000e+00  -2.1320360306912469e-04 5.2227508419967652e-04 0.0000000000000000e+00  8.1997657067684230e-04 1.6772796020656747e-03 0.0000000000000000e+00  -7.4380961603510163e-03 5.3362252286651996e-03 0.0000000000000000e+00  1.6087721398478831e-03 2.9575724117536697e-03 0.0000000000000000e+00  4.0980181186314095e-04 1.7617490441586173e-03 0.0000000000000000e+00  4.6755149118640404e-03 1.1135977559378354e-03 0.0000000000000000e+00  -6.5940638941462291e-04 1.3055287096736196e-04 0.0000000000000000e+00  -5.2257944153089693e-04 9.6978561673923875e-05 0.0000000000000000e+00  -5.7853999803809241e-03 -7.1750623098168938e-03 0.0000000000000000e+00  -7.0824809856033415e-03 1.2857452924119866e-03 0.0000000000000000e+00  3.6865231192519288e-03 -2.1890184072773989e-03 0.0000000000000000e+00  -5.9153100263571355e-04 4.6829134643235886e-03 0.0000000000000000e+00  4.8311000407050747e-02 -2.1105617405626752e-04 0.0000000000000000e+00  -4.2539241896289007e-02 2.6144979066417044e-04 0.0000000000000000e+00  -4.3660322105603687e-02 3.3953430979528503e-04 0.0000000000000000e+00  -4.3935711821925003e-02 1.5939577951174126e-04 0.0000000000000000e+00  -4.2795346883592829e-02 -4.4696159518037309e-04 0.0000000000000000e+00  -5.3141685789947178e-03 -1.5626556053053677e-03 0.0000000000000000e+00  5.5283253434669048e-02 1.6396167475491172e-03 0.0000000000000000e+00  7.9320079372983900e-04 4.1851640436998917e-04 0.0000000000000000e+00  -7.6758795769451367e-04 -9.6710090542504213e-06 0.0000000000000000e+00  -1.1557687997726196e-02 -1.2804625524036254e-02 0.0000000000000000e+00  -1.5626383980615915e-02 -5.7139697802981587e-03 0.0000000000000000e+00  3.7310123083750327e-03 -6.4234188136525552e-03 0.0000000000000000e+00  -3.5468158990303268e-03 -2.1788070516809504e-03 0.0000000000000000e+00  -3.8833076074151671e-03 -8.0718704818302160e-04 0.0000000000000000e+00  7.3137910944456126e-04 -5.8572474968255301e-06 0.0000000000000000e+00  2.2021159797185417e-03 -3.6584689139478517e-03 0.0000000000000000e+00  3.5576964026151903e-03 -1.3911902185270257e-03 0.0000000000000000e+00  2.8898139403168758e-03 -4.6968449717881373e-03 0.0000000000000000e+00  -7.6389864748435893e-05 2.2110673245603747e-04 0.0000000000000000e+00  -2.2850062935274486e-04 8.7536272682277815e-04 0.0000000000000000e+00  -1.0599769509571676e-03 7.8407180880248842e-04 0.0000000000000000e+00  -4.4390022304148938e-03 3.3075498173434372e-03 0.0000000000000000e+00  -9.5061305937464236e-04 -8.6051588990300739e-05 0.0000000000000000e+00  1.0426400444592753e-03 8.0544169765369697e-05 0.0000000000000000e+00  2.9422619186846650e-02 -3.3529669556358697e-03 0.0000000000000000e+00  -4.3529691071386184e-02 1.4294334586465509e-04 0.0000000000000000e+00  5.3937138181451377e-05 8.1092517714262714e-03 0.0000000000000000e+00  1.4235739349294728e-03 1.4068441592607883e-03 0.0000000000000000e+00  1.9938171762037813e-03 2.9335412608047697e-03 0.0000000000000000e+00  2.7094486268832399e-03 2.0515740742688138e-03 0.0000000000000000e+00  1.9433108245554146e-03 1.9996212585760326e-03 0.0000000000000000e+00  -1.4672158833671522e-04 4.5837365331576529e-04 0.0000000000000000e+00  -3.2217356418578402e-03 -4.6949199830373560e-03 0.0000000000000000e+00  -4.2112749875575627e-03 -5.1312959553597307e-03 0.0000000000000000e+00  -5.1260267921151605e-03 -4.6188518086006545e-03 0.0000000000000000e+00  -1.9723171883085165e-02 1.6938108548184734e-02 0.0000000000000000e+00  -2.3842173167389527e-02 1.8085446276276142e-02 0.0000000000000000e+00  6.9422390183761220e-03 -5.8724282520382486e-03 0.0000000000000000e+00  1.9884141608551779e-02 -3.4237916399334936e-03 0.0000000000000000e+00  4.3874037143227171e-02 -2.4367342895636298e-02 0.0000000000000000e+00  2.1187689024764955e-03 -1.0147420460629706e-03 0.0000000000000000e+00  -3.4601089254263773e-04 -3.5020506046806103e-05 0.0000000000000000e+00  -1.0223120743050656e-03 -4.8319892442629067e-04 0.0000000000000000e+00  -9.2269219568792801e-04 -5.9674429278874330e-04 0.0000000000000000e+00  1.0487674150881838e-04 -2.1555219432499789e-04 0.0000000000000000e+00  -5.8243720738075343e-03 3.5084931114067784e-03 0.0000000000000000e+00  2.6219444476404563e-02 5.7113523124678305e-03 0.0000000000000000e+00  8.4753035429531755e-03 -4.3032454222823703e-03 0.0000000000000000e+00  -3.6002974415826430e-04 2.8327086519304664e-03 0.0000000000000000e+00  -1.1829347412507359e-02 1.9025163183903876e-02 0.0000000000000000e+00  -8.8283290872523379e-04 1.3729399180652070e-05 0.0000000000000000e+00  5.6896380711528977e-04 3.2417341798552926e-03 0.0000000000000000e+00  -2.8989977222410975e-02 -6.3571735061517046e-03 0.0000000000000000e+00  -1.2117865127250353e-02 -4.8348502443597849e-03 0.0000000000000000e+00  -6.7509800520441591e-03 -1.1091882912019705e-02 0.0000000000000000e+00  2.7091176803148984e-04 2.0976360807743760e-05 0.0000000000000000e+00  4.8286190250945472e-03 5.8619128712845527e-03 0.0000000000000000e+00  8.2759903188938690e-04 5.0356087118170727e-03 0.0000000000000000e+00  1.2530558875664761e-03 3.4117943154162132e-03 0.0000000000000000e+00  5.3980248237862722e-03 -1.9634385989288931e-03 0.0000000000000000e+00  -5.6353399671807962e-02 2.6823315083507639e-03 0.0000000000000000e+00  5.4494146448110664e-04 5.1577343869987316e-04 0.0000000000000000e+00  5.4107301367422114e-04 2.1444269317278514e-04 0.0000000000000000e+00  -3.8536269803351841e-02 1.7577542550173246e-03 0.0000000000000000e+00  -5.3887918177299111e-03 -1.4043927727469024e-02 0.0000000000000000e+00  5.4760530144105958e-03 6.0339212830680649e-03 0.0000000000000000e+00  5.6889558810537619e-03 4.8940989919549161e-03 0.0000000000000000e+00  4.1804162302105262e-03 5.7520418153222215e-03 0.0000000000000000e+00  4.8658228900861581e-03 7.6595064987807441e-03 0.0000000000000000e+00  6.4511380815723534e-03 -1.2275361367859569e-02 0.0000000000000000e+00  -9.8788844596668971e-04 8.3440109617843937e-05 0.0000000000000000e+00  -8.8624340251591631e-04 -5.7979700110004657e-03 0.0000000000000000e+00  -3.8836542687610675e-05 9.5769769113631560e-03 0.0000000000000000e+00  -4.7422012680228804e-04 -2.5420279082002094e-04 0.0000000000000000e+00  1.8561565675371532e-03 1.5112264523754129e-02 0.0000000000000000e+00  1.2405367629503726e-02 -1.1295079475608779e-03 0.0000000000000000e+00  6.7489998655848238e-03 1.0020717659813827e-02 0.0000000000000000e+00  8.3685995284727577e-03 5.9333021622338857e-03 0.0000000000000000e+00  -6.9420458213106533e-05 1.1057317384900802e-04 0.0000000000000000e+00  -1.7324865404496237e-02 1.3032197184197876e-02 0.0000000000000000e+00  -1.3667838966844816e-02 -1.2507709989690892e-02 0.0000000000000000e+00  -5.2806271789769272e-04 2.5731478183203029e-04 0.0000000000000000e+00  6.4471784440450763e-03 -9.3771519356976047e-03 0.0000000000000000e+00  7.2495207255145544e-03 -7.6153773231267515e-03 0.0000000000000000e+00  3.0758558404386259e-02 -8.9289090535605367e-03 0.0000000000000000e+00  1.4357151689452010e-02 9.9504340397391783e-03 0.0000000000000000e+00  3.3399058071799598e-03 -2.3674090906846039e-03 0.0000000000000000e+00  -7.8133621818508355e-03 -1.9751160018622749e-03 0.0000000000000000e+00  7.2052754499642340e-03 8.5842424381998295e-03 0.0000000000000000e+00  2.4804042251059463e-03 -4.5667140296067055e-03 0.0000000000000000e+00  1.7078345128068106e-03 6.5819319626733838e-04 0.0000000000000000e+00  -5.6814281454253379e-04 9.3518862052073681e-05 0.0000000000000000e+00  -7.2189511309546405e-04 5.2025377573873240e-04 0.0000000000000000e+00  -4.2979428894002707e-04 3.4228274124771200e-03 0.0000000000000000e+00  2.0736753405157030e-03 1.2695880058594755e-03 0.0000000000000000e+00  -5.8238526537805818e-03 -6.1933588348348475e-03 0.0000000000000000e+00  -6.0906861622702299e-03 1.1025009173056806e-02 0.0000000000000000e+00  -2.7828950629026208e-04 -1.5089609048667084e-03 0.0000000000000000e+00  -1.2807783924234889e-03 -1.0522702357248207e-02 0.0000000000000000e+00  -1.2799455328558185e-03 -5.4005895504345995e-04 0.0000000000000000e+00  -1.8793585086663447e-03 1.1361989203439156e-02 0.0000000000000000e+00  2.9643274096051626e-04 1.2481632195159294e-02 0.0000000000000000e+00  -1.1877984596507902e-03 -6.8192408965163038e-03 0.0000000000000000e+00  -3.4862368716290447e-03 -8.3415966473646859e-03 0.0000000000000000e+00  -1.6208123797026794e-03 -1.1803550686615807e-02 0.0000000000000000e+00  1.7509359371415428e-04 -2.1064559908226749e-04 0.0000000000000000e+00  -4.2953319220577196e-03 4.1016575397879529e-03 0.0000000000000000e+00  -5.0781240879328050e-03 1.8604772034520095e-03 0.0000000000000000e+00  -1.6700848925606956e-03 -1.9176997107764840e-03 0.0000000000000000e+00  -4.2441138860855693e-04 1.4570166587823418e-03 0.0000000000000000e+00  -5.2023533437326060e-04 1.1443189531791474e-03 0.0000000000000000e+00  1.8798484182191496e-03 -1.7684881289371799e-03 0.0000000000000000e+00  7.9118240723029601e-04 6.5727460850562693e-03 0.0000000000000000e+00  -5.7389121113008770e-03 -8.6889943742879776e-03 0.0000000000000000e+00  1.2716754453101849e-03 5.3179954154517336e-03 0.0000000000000000e+00  -2.8493290364752257e-02 -1.3337385941971891e-02 0.0000000000000000e+00  -4.1241216395130464e-03 -6.1434678198431887e-03 0.0000000000000000e+00  4.8035759908145452e-02 -1.5727772826330678e-02 0.0000000000000000e+00  3.5227561426211616e-03 2.7088156183745888e-04 0.0000000000000000e+00  -1.2235386054494926e-03 -3.8483965429894499e-03 0.0000000000000000e+00  5.8174298347695233e-03 1.4446075756578687e-03 0.0000000000000000e+00  -4.5327306134351026e-04 2.9051343785282984e-04 0.0000000000000000e+00  -1.8649403621902379e-02 -7.5512156579728680e-03 0.0000000000000000e+00  6.5839266817845977e-04 -4.6401242271639671e-03 0.0000000000000000e+00  -8.0354724662890148e-02 8.6774833414058547e-03 0.0000000000000000e+00  -4.8661828649724244e-02 3.7834875995382692e-03 0.0000000000000000e+00  -3.4599735148297582e-04 1.4854760392809830e-04 0.0000000000000000e+00  -3.2366708348826535e-03 2.4722385023811192e-03 0.0000000000000000e+00  -2.6907672149006197e-02 1.4756301716631327e-02 0.0000000000000000e+00  -2.4074286234217939e-03 6.3763989203027421e-03 0.0000000000000000e+00  -4.0760094093785637e-04 5.6463835530289909e-04 0.0000000000000000e+00  -7.2714810801529813e-03 -5.2940172721338422e-03 0.0000000000000000e+00  -5.2493697071358172e-04 1.1413954426448003e-03 0.0000000000000000e+00  -3.3941400669724509e-03 5.3509747841563805e-04 0.0000000000000000e+00  4.7614335616813890e-05 1.1529048742223603e-04 0.0000000000000000e+00  4.4953809328582663e-04 -8.2674291787352696e-04 0.0000000000000000e+00  -6.6620769100117060e-04 -8.8519761696110588e-03 0.0000000000000000e+00  -4.9582948781516840e-04 -8.3616838842937250e-03 0.0000000000000000e+00  6.6214240766027208e-02 -9.6198179480751862e-04 0.0000000000000000e+00  -6.3868968850669644e-04 -7.7207868693106264e-04 0.0000000000000000e+00  -1.1814233908997672e-03 2.4388759286869798e-03 0.0000000000000000e+00  6.7162592219431355e-02 -1.5216355590668164e-04 0.0000000000000000e+00  -7.4807169258466258e-04 6.2772373632042440e-04 0.0000000000000000e+00  -7.7753363441269573e-04 -2.4528173031212242e-03 0.0000000000000000e+00  1.0497922076182838e-03 -1.6699415927091745e-04 0.0000000000000000e+00  1.1314647574490525e-04 -8.5106698532262451e-03 0.0000000000000000e+00  -3.4201312455145406e-04 -1.0268705005049893e-03 0.0000000000000000e+00  -1.9607604771785339e-03 6.6310460237209521e-03 0.0000000000000000e+00  4.3584016299516347e-03 -1.6645026164548847e-02 0.0000000000000000e+00  2.6587932114414788e-02 7.7090404230206536e-03 0.0000000000000000e+00  1.6371650576949843e-03 3.4016292031893654e-04 0.0000000000000000e+00  1.0581063264733635e-04 -1.6799602047005605e-04 0.0000000000000000e+00  5.8219668935270252e-04 -4.0466567228133576e-04 0.0000000000000000e+00  1.3202168691902534e-04 -1.9597966594327921e-04 0.0000000000000000e+00  -2.0358700059013627e-03 -1.1800803925602788e-04 0.0000000000000000e+00  -5.9031351920400326e-03 -1.5835605645060358e-03 0.0000000000000000e+00  -4.7889901421521741e-04 2.4685428306830709e-04 0.0000000000000000e+00  -1.0264452753263346e-03 1.1610772671542954e-03 0.0000000000000000e+00  -1.3365475581682792e-03 1.5644315015430688e-03 0.0000000000000000e+00  -6.5881524151550838e-03 3.9553364587859730e-03 0.0000000000000000e+00  3.4201512110568527e-03 7.3405570225310371e-03 0.0000000000000000e+00  -5.5824231080615627e-02 9.9231901352437590e-03 0.0000000000000000e+00  -4.8063221265073564e-02 -1.3208560006937060e-03 0.0000000000000000e+00  -7.6833976574468998e-02 1.0992450332082170e-02 0.0000000000000000e+00  -3.8095331344267055e-02 1.6496326486962563e-02 0.0000000000000000e+00  1.0952009733985778e-03 -5.5480808440991228e-04 0.0000000000000000e+00  -6.2157042819417736e-03 -9.7979949974094874e-03 0.0000000000000000e+00  -2.4688231292077103e-03 -7.6753147920465108e-03 0.0000000000000000e+00  2.2421550474377560e-02 -9.6099421342855863e-04 0.0000000000000000e+00  2.4499311006770945e-03 6.1383447654345027e-03 0.0000000000000000e+00  1.0958311110014520e-03 6.4919446637477507e-03 0.0000000000000000e+00  -7.5240798197952533e-04 9.0176523290810991e-05 0.0000000000000000e+00  -7.9787941757744878e-04 3.1466020344987964e-04 0.0000000000000000e+00  6.0797956297577345e-04 9.8240652980372233e-03 0.0000000000000000e+00  -1.0915394200644040e-02 -6.3488386951991429e-03 0.0000000000000000e+00  -2.0458427011657170e-03 -2.8957340511472613e-05 0.0000000000000000e+00  -1.3681964814508067e-05 -1.8579244770471895e-04 0.0000000000000000e+00  -5.3611630184752193e-05 -9.5546037542990848e-05 0.0000000000000000e+00  -4.1705950542167040e-04 -9.4775625094001327e-05 0.0000000000000000e+00  -9.4063009596123963e-04 -9.1519780413385258e-05 0.0000000000000000e+00  -2.3594740980656483e-03 -2.5160163202975917e-03 0.0000000000000000e+00  -7.2603312586532456e-03 8.4632070538964693e-03 0.0000000000000000e+00  -1.7593321548752400e-03 6.0035086574427340e-04 0.0000000000000000e+00  -2.2236522794142040e-03 -4.1900074284160430e-04 0.0000000000000000e+00  -1.8363983076965635e-03 -3.6134405823473722e-04 0.0000000000000000e+00  -2.1790945623219988e-03 -3.2591684032474836e-04 0.0000000000000000e+00  -1.0938444401289119e-03 -8.5469588523112271e-03 0.0000000000000000e+00  -1.6577093621046707e-03 5.5447756184016910e-03 0.0000000000000000e+00  -1.1974680742432994e-03 -4.9543112438257559e-03 0.0000000000000000e+00  2.9679569264754089e-03 5.7990632914914969e-03 0.0000000000000000e+00  -1.6874877752335810e-03 -2.3511745461675319e-03 0.0000000000000000e+00  -1.2936872454650829e-03 -2.6128457707161705e-03 0.0000000000000000e+00  9.1327360411931245e-04 -3.7839219262114524e-04 0.0000000000000000e+00  -5.0379859279832007e-03 -1.0446243624671058e-04 0.0000000000000000e+00  2.1224971598683551e-04 -4.4188756828126500e-04 0.0000000000000000e+00  -2.5998589029786778e-04 -6.6377587672308553e-05 0.0000000000000000e+00  -4.0634670711338821e-03 1.1216838602713870e-02 0.0000000000000000e+00  -2.6915562705090530e-03 -9.5502516394913744e-04 0.0000000000000000e+00  -1.1791154513744934e-03 -3.5112050030796201e-04 0.0000000000000000e+00  -3.1584576958913242e-04 4.9729411072776128e-04 0.0000000000000000e+00  3.8763364096667409e-05 -3.7569152293004030e-04 0.0000000000000000e+00  -2.8961242197520329e-05 -9.1298619340542189e-03 0.0000000000000000e+00  2.7167690760356239e-04 -1.4183908842300432e-03 0.0000000000000000e+00  -2.5645986934549355e-04 -1.3905567463065583e-04 0.0000000000000000e+00  1.4393533918635170e-02 4.6621742638869876e-03 0.0000000000000000e+00  -1.5452354823048198e-03 -5.8908838883157894e-03 0.0000000000000000e+00  7.9397284610019985e-05 -5.4003369047033432e-04 0.0000000000000000e+00  1.0555633709076100e-03 4.5493367958869557e-04 0.0000000000000000e+00  1.2018415849943626e-03 1.3955335658000906e-03 0.0000000000000000e+00  9.0796850814664541e-04 6.7280580240957276e-06 0.0000000000000000e+00  1.3404690002371071e-02 1.9157540096805318e-02 0.0000000000000000e+00  9.2591136906064117e-03 1.5711935255640855e-02 0.0000000000000000e+00  -5.8113007679275717e-04 -4.7121644859721519e-03 0.0000000000000000e+00  -9.9954553557079582e-03 -1.3420165216531207e-02 0.0000000000000000e+00  -2.9153606676908025e-03 -6.3428858882097578e-03 0.0000000000000000e+00  -9.0018069248512457e-04 1.5664160031609649e-03 0.0000000000000000e+00  7.0603816700896688e-02 5.5869906138622993e-04 0.0000000000000000e+00  1.0917512282681103e-03 -1.7929017422123419e-03 0.0000000000000000e+00  1.0180945939197053e-01 -3.8776080029799009e-03 0.0000000000000000e+00  2.8168380766606660e-03 -2.4547075289418794e-03 0.0000000000000000e+00  1.2533007433756342e-04 -4.8451248597437578e-05 0.0000000000000000e+00  -7.5738128672740296e-03 -2.7425429381358608e-03 0.0000000000000000e+00  1.5485604097079868e-04 6.4119457165477364e-04 0.0000000000000000e+00  6.0538719750388118e-04 1.9173377657323809e-04 0.0000000000000000e+00  -3.3342490721648810e-04 -2.7178421736658752e-05 0.0000000000000000e+00  -4.4373290817566859e-03 -7.2896950387012225e-03 0.0000000000000000e+00  -1.2167931065750492e-03 1.0584242899225123e-03 0.0000000000000000e+00  -5.9291778455903708e-04 1.4886710584572644e-03 0.0000000000000000e+00  2.2027942410697697e-03 9.9988430072390946e-04 0.0000000000000000e+00  1.9840603648911513e-03 6.7595351370557145e-03 0.0000000000000000e+00  7.6823058585135384e-02 -2.2782700634668865e-03 0.0000000000000000e+00  -1.4242474928063294e-03 -4.5123804981059131e-03 0.0000000000000000e+00  8.2572595980862529e-05 -6.4605326616029709e-03 0.0000000000000000e+00  2.6658565348552059e-04 1.9534185513078689e-03 0.0000000000000000e+00  1.1758652971485535e-03 2.2785983530931829e-02 0.0000000000000000e+00  -1.5886517393791495e-02 5.8482898098985318e-02 0.0000000000000000e+00  3.9627993768691838e-03 -3.7441639784419989e-03 0.0000000000000000e+00  3.7830755460237092e-03 1.1648800355925909e-02 0.0000000000000000e+00  3.2889161790765689e-03 1.1262698378718660e-02 0.0000000000000000e+00  1.2386107607212037e-03 -1.3203453475265792e-03 0.0000000000000000e+00  -1.2093141560143892e-04 1.5500372620708091e-03 0.0000000000000000e+00  -1.5320584985641626e-04 1.1520560862697611e-03 0.0000000000000000e+00  1.1352393142319468e-03 2.2818469416569089e-04 0.0000000000000000e+00  -2.3292228044647658e-04 -8.6099503805374383e-03 0.0000000000000000e+00  1.1517461963688198e-03 -8.8076344786661121e-04 0.0000000000000000e+00  3.7067251046361176e-04 9.2017764621569274e-03 0.0000000000000000e+00  2.6343709242686140e-04 -1.8393963303250029e-03 0.0000000000000000e+00  1.0702456539076637e-03 1.3781927909992643e-04 0.0000000000000000e+00  5.5570652367791906e-04 8.6869478236388971e-03 0.0000000000000000e+00  7.0182587217366358e-04 8.8200007640976703e-03 0.0000000000000000e+00  -1.2380410442200564e-02 -1.6067179066190963e-02 0.0000000000000000e+00  -3.4368248943429727e-03 -1.8743484456692897e-02 0.0000000000000000e+00  -3.6966692972227433e-02 -9.4779496142734475e-03 0.0000000000000000e+00  4.5940572468353641e-03 8.7020215491610438e-03 0.0000000000000000e+00  -3.6076962554876931e-03 -7.4800544944492002e-03 0.0000000000000000e+00  -1.0452821580235316e-04 -5.0292291586789817e-04 0.0000000000000000e+00  -1.3427393504807244e-04 -7.1136575427835531e-04 0.0000000000000000e+00  -4.1173265669162433e-03 -1.0569904220658453e-02 0.0000000000000000e+00  -5.2865733428130715e-03 1.3716706439603785e-03 0.0000000000000000e+00  3.5384320192270296e-04 1.1050676281387067e-02 0.0000000000000000e+00  5.0081038819504237e-02 6.9005743062812094e-04 0.0000000000000000e+00  1.1016394130148697e-03 1.6796219330644950e-02 0.0000000000000000e+00  -9.9999999913726309e-02 0.0000000000000000e+00 0.0000000000000000e+00  1.2695879473540509e-03 2.7555346325157349e-04 0.0000000000000000e+00  -4.6378836038746203e-04 4.3177252232488366e-03 0.0000000000000000e+00  -2.6524978940062607e-03 3.7309379096618373e-03 0.0000000000000000e+00  -6.2797740607889313e-03 1.2002753350451570e-02 0.0000000000000000e+00  1.0527084294582828e-04 5.7259080341186383e-04 0.0000000000000000e+00  5.2713755876510227e-02 -1.3769903689033487e-03 0.0000000000000000e+00  -1.0845968506434588e-03 -8.0017897087877421e-04 0.0000000000000000e+00  -6.8419013290306214e-03 -8.1015063931847622e-03 0.0000000000000000e+00  -1.9348975709629200e-03 1.6971536039327113e-04 0.0000000000000000e+00  -5.3584731373665893e-03 -5.0809272123142832e-03 0.0000000000000000e+00  2.6651343320586258e-03 -8.9762582809004478e-03 0.0000000000000000e+00  -4.4529924997516856e-03 3.8725307491235724e-04 0.0000000000000000e+00  5.5189954698131437e-03 -7.1313032351899217e-03 0.0000000000000000e+00  6.4436115569799380e-03 6.0825019723946281e-03 0.0000000000000000e+00  6.8609736517907778e-03 -1.1214835679606195e-02 0.0000000000000000e+00  2.2107763512134150e-04 -1.5682121561186393e-02 0.0000000000000000e+00  1.1141339168452852e-02 -1.5032658626989534e-02 0.0000000000000000e+00  2.2804098393744920e-02 -6.7381137243131611e-03 0.0000000000000000e+00  6.7033595978646540e-05 -5.4664406680611533e-05 0.0000000000000000e+00  -8.8202034961174858e-05 7.6338907009502795e-03 0.0000000000000000e+00  -4.8338588331944723e-04 1.2242542042134480e-04 0.0000000000000000e+00  -8.6217395675997749e-04 -8.0443905407545855e-05 0.0000000000000000e+00  3.0099006554669037e-03 7.1491297559863115e-03 0.0000000000000000e+00  -3.7563649473605731e-03 -2.8993657653237619e-03 0.0000000000000000e+00  4.0370101769461294e-03 -9.1112194565765546e-03 0.0000000000000000e+00  4.2510888143246521e-04 -1.3009335584320839e-02 0.0000000000000000e+00  -5.3149446065163461e-03 8.5758954635937745e-03 0.0000000000000000e+00  -6.4200404265901314e-03 6.3566284390702277e-03 0.0000000000000000e+00  -4.7045113407985515e-03 6.0490948838070047e-03 0.0000000000000000e+00  1.7001190200934804e-03 1.4747164166364563e-02 0.0000000000000000e+00  4.5021746578018024e-02 2.9016213316937754e-03 0.0000000000000000e+00  3.3745824517696539e-02 4.5265769534063999e-03 0.0000000000000000e+00  3.0828775328555777e-03 6.6600980493481251e-03 0.0000000000000000e+00  -1.0207155210194611e-01 8.5446801664738579e-03 0.0000000000000000e+00  3.7238710334409307e-03 -6.3781621627817019e-03 0.0000000000000000e+00  -6.5541958998892346e-04 1.0039520957477155e-02 0.0000000000000000e+00  -4.0932505660370745e-02 2.1025838188633065e-03 0.0000000000000000e+00  -2.1169776097736199e-04 1.3617106748367873e-04 0.0000000000000000e+00  -9.5334448756994174e-04 8.6877630158708353e-03 0.0000000000000000e+00  1.0705729376372353e-03 7.6335941623826391e-03 0.0000000000000000e+00  1.0415806212814016e-02 -1.6664957588382299e-02 0.0000000000000000e+00  1.0423192856419067e-03 -3.0414047811653386e-05 0.0000000000000000e+00  1.6277448114229681e-03 7.9305702986183432e-03 0.0000000000000000e+00  8.8826257944500068e-04 7.6148150774425077e-03 0.0000000000000000e+00  2.0681202938701614e-03 7.0924773051798569e-03 0.0000000000000000e+00  3.2982941643065269e-03 1.4732755179087504e-02 0.0000000000000000e+00  -2.4459076382593774e-03 -5.1849234550378027e-03 0.0000000000000000e+00  3.5913173455739771e-04 -5.2636614789578711e-05 0.0000000000000000e+00  3.6223798976161913e-04 -1.6415888457209984e-04 0.0000000000000000e+00  -1.3015792480887013e-04 1.5993061562188672e-04 0.0000000000000000e+00  -7.3703892916677035e-05 -4.0880073406496407e-03 0.0000000000000000e+00  1.2982295624300211e-03 -3.5264348905315337e-03 0.0000000000000000e+00  2.1158252892384117e-02 -7.5990070555800879e-03 0.0000000000000000e+00  1.0888466419125369e-03 8.9541215816698327e-03 0.0000000000000000e+00  7.9437882203086828e-04 8.4460616809796264e-03 0.0000000000000000e+00  -9.2706224831539188e-03 -1.2658344446666291e-02 0.0000000000000000e+00  5.4906982868102444e-03 2.4995264466055930e-03 0.0000000000000000e+00  -3.6274766221564144e-04 -2.3319448478763129e-03 0.0000000000000000e+00  4.2002313910506351e-04 -1.1001670251779505e-02 0.0000000000000000e+00  4.7384208743310040e-04 1.1413007099443815e-02 0.0000000000000000e+00  8.8128837889992514e-04 5.9484267964678619e-03 0.0000000000000000e+00  -9.6728902080530314e-03 9.0594140384035061e-03 0.0000000000000000e+00  -4.8778508333536304e-03 1.8732339824972147e-02 0.0000000000000000e+00  4.8165647480210017e-03 4.5250987584448893e-03 0.0000000000000000e+00  -2.5700342239112852e-02 -1.1567995003775018e-02 0.0000000000000000e+00  6.5872653707267810e-04 -1.1458168885132133e-03 0.0000000000000000e+00  -6.5254372211037581e-05 -1.0036707470001457e-03 0.0000000000000000e+00  -1.3749684001674087e-05 -1.4733367721592059e-03 0.0000000000000000e+00  -1.4265878168495624e-03 -8.7091103815585651e-03 0.0000000000000000e+00  -7.7426651535525708e-04 -9.2208577840054273e-03 0.0000000000000000e+00  -1.5603155821337059e-03 -1.0003997876341202e-02 0.0000000000000000e+00  4.3307256862162901e-03 -3.1834858901574050e-03 0.0000000000000000e+00  -2.3956928680834116e-03 1.0964527248594506e-02 0.0000000000000000e+00  -2.7512656761447132e-04 -4.1511441942549359e-04 0.0000000000000000e+00  -8.8835599529394453e-03 -2.7530679489955355e-03 0.0000000000000000e+00  3.8598162463349094e-03 4.9943733904527273e-03 0.0000000000000000e+00  -1.1067992049569992e-03 1.6511438226416755e-05 0.0000000000000000e+00  -1.0117974756401673e-03 5.5582488814667038e-05 0.0000000000000000e+00  -9.8325241763592974e-04 1.2102729461876685e-04 0.0000000000000000e+00  -1.0118363560822094e-03 2.6339739067888151e-04 0.0000000000000000e+00  -3.5750194660713044e-04 2.4605738769166988e-04 0.0000000000000000e+00  9.9231914063426952e-03 -5.4284506449092190e-02 0.0000000000000000e+00  1.2975878352344197e-02 -2.5238426785151775e-02 0.0000000000000000e+00  3.7121595315010802e-03 9.2116527271520268e-03 0.0000000000000000e+00  1.7085102180583098e-04 8.5057877148074900e-03 0.0000000000000000e+00  6.3969579018031460e-03 -2.6721285378828279e-03 0.0000000000000000e+00  3.1576952383075433e-03 1.0436328348405602e-03 0.0000000000000000e+00  1.1726645713202326e-03 -7.5714832356189657e-03 0.0000000000000000e+00  -6.2405336954642478e-04 -3.6401956967863970e-04 0.0000000000000000e+00  -7.9932788566599699e-04 -8.4704113050871038e-04 0.0000000000000000e+00  6.3031596723701108e-04 4.3810324165225439e-03 0.0000000000000000e+00  -1.1616397416843341e-03 -1.2186910900557092e-03 0.0000000000000000e+00  -1.2888738474077714e-03 -1.8059190329254172e-03 0.0000000000000000e+00  -2.8937831125889690e-03 -1.5742965540772342e-03 0.0000000000000000e+00  1.4372888733697345e-02 1.6533135995619379e-03 0.0000000000000000e+00  -3.4759002374631595e-03 -1.4726761727093557e-03 0.0000000000000000e+00  -9.8964861563346530e-04 -6.7150060808067070e-05 0.0000000000000000e+00  -1.4886233688517748e-03 1.9499398078302502e-04 0.0000000000000000e+00  6.2729850485773118e-05 3.4560872136476454e-04 0.0000000000000000e+00  -5.6815122168797062e-05 2.4366640038800812e-04 0.0000000000000000e+00  6.3003208001562486e-04 -3.1500930515901701e-03 0.0000000000000000e+00  1.2574504359931469e-02 -8.8914580663728218e-03 0.0000000000000000e+00  9.0986507662004484e-03 -7.9185791165950915e-03 0.0000000000000000e+00  1.5256113089993735e-03 -6.1670542633640623e-03 0.0000000000000000e+00  -2.4253566685486345e-03 5.0531266370902892e-03 0.0000000000000000e+00  -1.1755908844278081e-03 -3.0401136451083078e-04 0.0000000000000000e+00  -1.2612728719570560e-03 -1.7977789788766200e-04 0.0000000000000000e+00  -1.4231812204402756e-03 -4.0446578369694708e-04 0.0000000000000000e+00  -1.7561849385634156e-03 -1.8526803584747606e-02 0.0000000000000000e+00  -1.1239817217239297e-02 -3.1438839530924596e-03 0.0000000000000000e+00  5.1494973990907716e-04 -2.4836353887609986e-04 0.0000000000000000e+00  4.8011342600384581e-04 -1.0545430248046020e-04 0.0000000000000000e+00  -2.3927547410588718e-03 -8.3266874146761850e-03 0.0000000000000000e+00  2.2387940742236850e-02 -4.0647619715042565e-03 0.0000000000000000e+00  1.7576850526470067e-02 -8.0276262314921652e-03 0.0000000000000000e+00  -7.0682891092306126e-03 -2.3113705868435731e-02 0.0000000000000000e+00  -7.3374962233588686e-05 9.9612742201604654e-04 0.0000000000000000e+00  -4.8616038997476151e-02 2.3721704093900096e-03 0.0000000000000000e+00  3.6464359778208702e-03 -7.0011917564534532e-03 0.0000000000000000e+00  -5.5601166214463756e-03 8.9667288520090573e-03 0.0000000000000000e+00  5.4372519584229128e-03 -5.6716611163970341e-03 0.0000000000000000e+00  4.4191070342459971e-04 -2.9648975840192642e-04 0.0000000000000000e+00  2.1851705793872606e-03 -3.1127358125962071e-03 0.0000000000000000e+00  -1.9724213302378682e-04 9.0542192903607008e-04 0.0000000000000000e+00  -4.5909443280801113e-03 -7.6794630986647050e-03 0.0000000000000000e+00  -4.6180550498862256e-03 1.8151686034387031e-03 0.0000000000000000e+00  -3.2990826164894563e-04 6.1844485877188436e-03 0.0000000000000000e+00  -7.2214095789595648e-04 -3.9702306142069561e-05 0.0000000000000000e+00  -1.0432622811092562e-03 -7.9826109654046861e-03 0.0000000000000000e+00  -7.6880589500414173e-03 3.0682237826428990e-03 0.0000000000000000e+00  -1.2422282836387214e-03 3.6546102243824243e-04 0.0000000000000000e+00  -8.0845308029016833e-05 5.0342146975424290e-05 0.0000000000000000e+00  -4.1335999327822302e-02 -2.1458996553586776e-03 0.0000000000000000e+00  4.8842226020364511e-02 6.1118028200830011e-05 0.0000000000000000e+00  -1.0017051146933263e-02 -4.8122606482209175e-03 0.0000000000000000e+00  3.2617817407909732e-04 -3.5191856617569411e-04 0.0000000000000000e+00  5.5274293724718322e-02 1.2565165483008318e-04 0.0000000000000000e+00  5.4396889966451933e-03 -1.6415251422011306e-04 0.0000000000000000e+00  -2.4458374808788846e-02 3.0467490521271924e-03 0.0000000000000000e+00  2.3580362067918189e-02 1.6165711371411057e-02 0.0000000000000000e+00  5.9254315164097480e-04 -5.8359124203795396e-05 0.0000000000000000e+00  -8.5392826739678473e-03 4.7779982951673752e-04 0.0000000000000000e+00  -3.4570021958451724e-04 6.0526297715378843e-03 0.0000000000000000e+00  9.8692363749646838e-04 -1.0051333616014649e-04 0.0000000000000000e+00  1.1890797909788180e-03 -1.0933926518223789e-02 0.0000000000000000e+00  -4.7461205026500045e-03 -8.7821939794827664e-03 0.0000000000000000e+00  1.1850771663211644e-03 2.7683254511337387e-03 0.0000000000000000e+00  1.0465077188579518e-03 2.3604664232721880e-03 0.0000000000000000e+00  -2.4056793521095416e-03 4.7189712653194186e-04 0.0000000000000000e+00  -3.5370047507811862e-03 7.5856241235794236e-03 0.0000000000000000e+00  4.3401488624808461e-04 -3.2733427482297029e-03 0.0000000000000000e+00  -5.2327516054724913e-04 -4.2498689011248072e-06 0.0000000000000000e+00  9.9263766928977005e-05 3.1681206044477790e-04 0.0000000000000000e+00  -1.9071364607221655e-03 -3.3923442583374663e-03 0.0000000000000000e+00  2.6535273658205303e-03 5.0541150155358318e-03 0.0000000000000000e+00  1.6420225190240520e-03 5.0661913280111090e-03 0.0000000000000000e+00  -3.8182385999180579e-04 5.2759686823734796e-03 0.0000000000000000e+00  1.3377327967876366e-03 1.4762013553353668e-04 0.0000000000000000e+00  6.9263159293370959e-04 9.3094453634805386e-03 0.0000000000000000e+00  2.8293747040732575e-03 -9.6926784373322864e-03 0.0000000000000000e+00  4.4588933583138259e-03 1.0343540202355224e-03 0.0000000000000000e+00  -2.7990298734007431e-02 2.2840659266137350e-03 0.0000000000000000e+00  2.2823480864670365e-04 -9.7210314243899795e-05 0.0000000000000000e+00  1.2117214798539732e-02 -4.2748931517023444e-03 0.0000000000000000e+00  6.8831413500683086e-02 -1.3231897457446247e-04 0.0000000000000000e+00  -8.7638793589921019e-04 9.5697133077563958e-05 0.0000000000000000e+00  -8.7589873941483617e-04 6.8475215172315876e-05 0.0000000000000000e+00  3.0580314676993146e-02 -1.7367386963726816e-03 0.0000000000000000e+00  6.9340839492457881e-02 3.9070807355460926e-04 0.0000000000000000e+00  -1.8176566062659753e-04 9.1000296693340126e-03 0.0000000000000000e+00  -9.5671817782453847e-04 -1.1456702537963731e-04 0.0000000000000000e+00  -9.4353792194829368e-04 -7.7717487433788917e-05 0.0000000000000000e+00  -9.2243733650751068e-04 -2.5829756587037083e-05 0.0000000000000000e+00  -8.8695671514367100e-04 -7.0327277748911564e-05 0.0000000000000000e+00  7.8511950710899133e-04 -8.1089189655487789e-05 0.0000000000000000e+00  6.0471566137708264e-03 -7.0899297454478860e-04 0.0000000000000000e+00  -4.5891501763390492e-04 5.2853087293572859e-05 0.0000000000000000e+00  -4.5623570453346898e-04 1.5495386938594243e-04 0.0000000000000000e+00  1.7077731116156311e-03 -2.3960974187530991e-04 0.0000000000000000e+00  -5.1967887125558214e-02 5.6833753968477888e-04 0.0000000000000000e+00  -3.7457193142170844e-03 9.7084692410478839e-03 0.0000000000000000e+00  -2.3330612676059119e-02 3.6714985364734359e-02 0.0000000000000000e+00  -2.4269177545351594e-03 -1.0085848167279195e-02 0.0000000000000000e+00  -1.5465477460481051e-03 8.7612453914030959e-04 0.0000000000000000e+00  -5.6103574637469192e-03 -1.3213128473781024e-03 0.0000000000000000e+00  2.0314731122474269e-03 -4.8852894160695453e-04 0.0000000000000000e+00  9.8199757237113893e-03 2.0925065321381929e-03 0.0000000000000000e+00  -1.1850943178625965e-04 8.4149416908437593e-05 0.0000000000000000e+00  -6.7535836473129677e-05 -5.8989180464301225e-05 0.0000000000000000e+00  1.2676290115262157e-03 -1.0768075686557756e-03 0.0000000000000000e+00  1.8016715771473285e-03 -2.4464026948725396e-03 0.0000000000000000e+00  1.1810374831711409e-03 -2.7451949518538872e-03 0.0000000000000000e+00  -2.0924760136830159e-03 -1.4545848985220221e-03 0.0000000000000000e+00  5.4228358479254755e-03 9.2466548654565137e-03 0.0000000000000000e+00  1.4407521709036634e-03 6.8071844461523978e-04 0.0000000000000000e+00  5.9587825022685462e-02 -2.7079980460180945e-04 0.0000000000000000e+00  3.9584673563006899e-02 -3.0706357344000260e-03 0.0000000000000000e+00  -5.6059249942771159e-04 4.0603130856430372e-04 0.0000000000000000e+00  1.0274495116127135e-03 1.7863833857362325e-04 0.0000000000000000e+00  9.5365137484065799e-04 9.5432882251203778e-05 0.0000000000000000e+00  -5.7460282476066273e-03 -5.1487034392433033e-03 0.0000000000000000e+00  1.4698083534928216e-04 7.6312755421024719e-04 0.0000000000000000e+00  1.1518025629772880e-03 1.2014621158959788e-02 0.0000000000000000e+00  4.8841340621534760e-03 3.4846550895517238e-03 0.0000000000000000e+00  1.2137126355132449e-03 -2.0984034305897081e-04 0.0000000000000000e+00  1.9500713429968996e-03 9.2866060788171084e-03 0.0000000000000000e+00  2.1785838158742748e-03 8.4009128213571628e-03 0.0000000000000000e+00  8.7030270837363099e-03 -4.7214483244416763e-03 0.0000000000000000e+00  -1.0792810187133777e-02 3.7847115434202073e-03 0.0000000000000000e+00  -3.1061650458129406e-04 1.0936359873384579e-04 0.0000000000000000e+00  6.7170482795161543e-04 -1.6083057801191444e-04 0.0000000000000000e+00  9.1211617397030965e-03 -3.9231027509363126e-03 0.0000000000000000e+00  -8.9730771758748690e-04 -6.3042547838241430e-05 0.0000000000000000e+00  -1.1762224467604838e-03 6.7890462541900568e-04 0.0000000000000000e+00  -1.5893128275577342e-03 -3.0275072479144373e-04 0.0000000000000000e+00  -2.8451237990932098e-02 -1.0466869878773843e-03 0.0000000000000000e+00  2.4520222521984274e-03 -1.1141621268621078e-02 0.0000000000000000e+00  4.1304579112386581e-04 -1.4073010280119386e-02 0.0000000000000000e+00  2.3439623989228984e-03 -8.4578507943314056e-03 0.0000000000000000e+00  1.6101023274661902e-03 -5.1197977982119962e-03 0.0000000000000000e+00  -7.6359298912180313e-03 1.4224085021627090e-02 0.0000000000000000e+00  -2.6097712430485525e-03 1.2454766456864131e-02 0.0000000000000000e+00  -3.7100826609720154e-03 -9.5119702669010479e-03 0.0000000000000000e+00  5.4618816025285817e-03 4.7166428720594985e-03 0.0000000000000000e+00  6.0059739502053844e-02 -4.9873164576291012e-05 0.0000000000000000e+00  5.5702221173718008e-02 -3.5166057381965027e-04 0.0000000000000000e+00  4.9139028770990939e-02 -5.2400952284126223e-04 0.0000000000000000e+00  4.8569831538215737e-02 1.3551875685779433e-05 0.0000000000000000e+00  5.8594089413947933e-02 2.0076416246245779e-03 0.0000000000000000e+00  2.4717341560816005e-02 8.1841038110970887e-03 0.0000000000000000e+00  -6.1376529858805255e-02 -2.1201011999152754e-04 0.0000000000000000e+00  1.2375956592428114e-02 -7.4317967901621083e-04 0.0000000000000000e+00  3.2187088999350037e-04 -6.6102461977826123e-05 0.0000000000000000e+00  2.2155094097916239e-04 7.5031027334171433e-05 0.0000000000000000e+00  4.9716765629626003e-04 -1.6139177253743746e-05 0.0000000000000000e+00  6.8336957020297584e-04 1.0878132488091036e-05 0.0000000000000000e+00  8.4617823519086868e-04 2.3140629568199102e-05 0.0000000000000000e+00  9.8349755966856611e-04 2.4093002583288890e-05 0.0000000000000000e+00  -4.2329033945735133e-04 5.2065851753200885e-05 0.0000000000000000e+00  -6.6016454675315390e-04 4.5007863731616155e-05 0.0000000000000000e+00  -4.1457722090208049e-04 2.3883364696008190e-05 0.0000000000000000e+00  1.0383523478282809e-03 2.0486825589007107e-06 0.0000000000000000e+00  1.0097489439790225e-03 -1.5247557910779844e-05 0.0000000000000000e+00  9.0346548612273321e-04 -2.7752940012148830e-05 0.0000000000000000e+00  7.1106641829483562e-04 -4.4882644125827581e-05 0.0000000000000000e+00  -4.5416380939371383e-04 4.5042253249909650e-05 0.0000000000000000e+00  -9.6475746892413412e-04 7.4892485368650461e-06 0.0000000000000000e+00  4.5659852956972440e-04 -4.6303969965570022e-05 0.0000000000000000e+00  -7.8407808155713313e-04 -4.8572579193647919e-05 0.0000000000000000e+00  -6.4333251621498790e-04 -3.6142163620644716e-05 0.0000000000000000e+00  -8.4079452087056582e-04 3.5068833875682985e-05 0.0000000000000000e+00  -1.6788587503068617e-04 -1.1642900524037381e-03 0.0000000000000000e+00  -1.1346034334982654e-02 5.5085908149829915e-03 0.0000000000000000e+00  -6.3847832886417015e-03 -7.1481053614511200e-03 0.0000000000000000e+00  2.2920144509351879e-04 -2.4249771932284583e-04 0.0000000000000000e+00  8.2020536263874226e-05 1.5944510459829583e-05 0.0000000000000000e+00  2.3401487315510058e-04 -5.1277831453559726e-05 0.0000000000000000e+00  -3.3536576658557894e-02 7.0608480022264764e-04 0.0000000000000000e+00  -1.3991300083150170e-04 -9.9961378754132805e-03 0.0000000000000000e+00  1.0479130902278475e-03 -1.0061853895584002e-02 0.0000000000000000e+00  -6.0033561920035876e-04 -8.8260302234383792e-03 0.0000000000000000e+00  -8.1629284512245513e-04 -8.5652563739974635e-03 0.0000000000000000e+00  4.3144334929921977e-03 -8.3955881374906251e-05 0.0000000000000000e+00  1.2800531205583599e-03 1.3761669768400847e-02 0.0000000000000000e+00  1.3268498445341226e-02 1.0530449392842513e-02 0.0000000000000000e+00  1.2404414285880779e-03 3.8798581389388373e-03 0.0000000000000000e+00  -8.6095515151984588e-04 -2.3440906514437867e-04 0.0000000000000000e+00  1.2267604156246791e-02 9.0323934987385085e-03 0.0000000000000000e+00  2.1987980858787842e-03 -1.1304215271554971e-02 0.0000000000000000e+00  -1.7295832946185822e-03 7.0050803549188169e-03 0.0000000000000000e+00  -1.2685063234662620e-03 7.7953367947125171e-03 0.0000000000000000e+00  -3.9867376565761676e-05 7.1343520670007999e-03 0.0000000000000000e+00  -2.6993667288677135e-03 2.4818793551470084e-03 0.0000000000000000e+00  1.2289016265058767e-04 -5.3542540179977761e-03 0.0000000000000000e+00  1.3139747032976833e-02 1.0244467850181195e-02 0.0000000000000000e+00  1.0612440327212135e-02 -1.4709084889487993e-02 0.0000000000000000e+00  -7.0233678464503943e-02 7.1874560021606581e-06 0.0000000000000000e+00  -6.6527724219305390e-02 5.9574645934642773e-04 0.0000000000000000e+00  -1.4416524567720496e-02 2.9499946842400241e-03 0.0000000000000000e+00  -6.0586817944052415e-04 3.3848604606074120e-04 0.0000000000000000e+00  5.3122052469431004e-02 -1.1658215962022543e-02 0.0000000000000000e+00  8.5308910269673698e-03 -5.1077408750335260e-03 0.0000000000000000e+00  4.3447154716109625e-02 -9.1330726672892587e-04 0.0000000000000000e+00  4.1426431968942913e-03 -8.2283545510305391e-03 0.0000000000000000e+00  1.7382774848434372e-04 9.4966882361495984e-04 0.0000000000000000e+00  -7.9897867609321542e-05 2.6008043363466977e-04 0.0000000000000000e+00  -3.5719791896637403e-03 -2.9172790251949938e-04 0.0000000000000000e+00  -4.7805238498866754e-05 3.5036336097609626e-04 0.0000000000000000e+00  3.3416460683867938e-03 6.4553782398392408e-03 0.0000000000000000e+00  4.8117522127417128e-02 1.4643842522676080e-04 0.0000000000000000e+00  6.5332387693540330e-03 6.9892963404291674e-03 0.0000000000000000e+00  5.2381435470486076e-03 8.0255454903585093e-03 0.0000000000000000e+00  4.1768518356356931e-03 5.4301351900058600e-03 0.0000000000000000e+00  3.6963634281047884e-03 4.2974959382943963e-03 0.0000000000000000e+00  6.1353600191655653e-03 1.1630034413605370e-02 0.0000000000000000e+00  -1.3860801514141085e-03 -7.0441353471235113e-03 0.0000000000000000e+00  -2.9986726180296201e-04 -1.5801697065654850e-02 0.0000000000000000e+00  3.4176574652288664e-05 6.1176600570484645e-04 0.0000000000000000e+00  -2.8522741834863892e-04 3.4862252323554716e-04 0.0000000000000000e+00  -4.8549810489107668e-04 4.4674583120786075e-04 0.0000000000000000e+00  6.3086928359467409e-03 -6.9550112581935027e-03 0.0000000000000000e+00  6.1416157153857884e-03 -4.5583126632680066e-03 0.0000000000000000e+00  4.4875038447451162e-03 -5.2967215929560531e-03 0.0000000000000000e+00  -7.0421998052923776e-02 7.4855604591895307e-05 0.0000000000000000e+00  1.3082559504953885e-02 -5.1297822409316646e-03 0.0000000000000000e+00  -1.4197075487370824e-04 1.8943537880272824e-03 0.0000000000000000e+00  -9.5483464739008674e-04 -8.8768356042414967e-03 0.0000000000000000e+00  6.1595451244178957e-02 -1.5089187555079070e-04 0.0000000000000000e+00  4.4044502307673518e-02 -1.7290920378013194e-03 0.0000000000000000e+00  -7.8470405476131645e-03 -1.8926922626693766e-03 0.0000000000000000e+00  5.9646567898413087e-04 -1.5515526107364199e-03 0.0000000000000000e+00  -2.0863625780169178e-03 5.2647951777607246e-03 0.0000000000000000e+00  2.3102369832965573e-03 -2.3197473525245179e-03 0.0000000000000000e+00  -1.8617375378845674e-04 2.3239867839114649e-03 0.0000000000000000e+00  1.5356359855394012e-05 1.9427749750647148e-04 0.0000000000000000e+00  -2.2414538812436002e-03 -3.0791620961246035e-04 0.0000000000000000e+00  1.8924198653547689e-04 -1.6075978203479590e-04 0.0000000000000000e+00  6.6252643742546946e-03 3.4935676368452744e-03 0.0000000000000000e+00  -4.0264995575703824e-03 5.6253756716423044e-03 0.0000000000000000e+00  -7.8640581308811694e-05 2.2120588348137872e-04 0.0000000000000000e+00  -4.9024896832113125e-03 -3.6807525340658651e-03 0.0000000000000000e+00  -1.0269383780509799e-02 1.5391220567078284e-02 0.0000000000000000e+00  -6.8973930079562823e-03 1.2900068000370980e-03 0.0000000000000000e+00  -8.0176365925890402e-03 2.8238901496732273e-03 0.0000000000000000e+00  -7.4105915314312413e-03 -3.1598319368849806e-04 0.0000000000000000e+00  4.4483444536345745e-04 8.2478660046932540e-03 0.0000000000000000e+00  6.0682823823383185e-03 1.1848504738587428e-02 0.0000000000000000e+00  3.3821923496563772e-03 1.1829256109145292e-02 0.0000000000000000e+00  4.5104624422236689e-03 3.5844646333327230e-03 0.0000000000000000e+00  -6.5645827907861532e-04 -6.3323678045289827e-03 0.0000000000000000e+00  -7.9663930542480516e-04 -6.9319667023765141e-03 0.0000000000000000e+00  -7.2075553452776993e-04 1.6195590679185607e-04 0.0000000000000000e+00  -6.3910809218086114e-04 2.3831974621017605e-04 0.0000000000000000e+00  -8.6935757215712644e-04 2.8781048250561402e-04 0.0000000000000000e+00  2.8969565606075173e-05 -1.4777018312102846e-04 0.0000000000000000e+00  -1.6992442588100133e-03 -5.2110874019144638e-04 0.0000000000000000e+00  4.1022690807641292e-04 -1.3236862642030261e-02 0.0000000000000000e+00  -3.1168367820577463e-04 -1.9565450113454452e-02 0.0000000000000000e+00  -1.1000686138786050e-04 6.3651541793079602e-04 0.0000000000000000e+00  1.8467308692835739e-04 2.7287934842322352e-03 0.0000000000000000e+00  7.9051983454957991e-03 -5.7279643688953243e-03 0.0000000000000000e+00  1.9144190471591559e-02 -1.7455095875374194e-04 0.0000000000000000e+00  4.2691952281294424e-03 -8.3198902161574207e-04 0.0000000000000000e+00  5.5055029774013140e-04 4.9655570949420072e-03 0.0000000000000000e+00  1.1996188290881744e-02 3.8224782791074644e-03 0.0000000000000000e+00  -6.5902171757781442e-04 -1.1514250045500756e-04 0.0000000000000000e+00  3.0349382305961945e-03 3.1232758178587530e-03 0.0000000000000000e+00  2.6636874530514558e-03 2.7294677458222145e-03 0.0000000000000000e+00  -1.9940825922918866e-04 7.6980683822299670e-04 0.0000000000000000e+00  -1.8707774796779779e-04 -8.8649152428707002e-03 0.0000000000000000e+00  2.9593293219458737e-03 -1.0956252915445329e-02 0.0000000000000000e+00  7.2902122860068364e-02 -1.9189369161334614e-02 0.0000000000000000e+00  -1.6386738289314645e-03 1.3400362586766877e-03 0.0000000000000000e+00  -1.4984379726055428e-03 -8.1143046123221087e-04 0.0000000000000000e+00  -9.4090601054933390e-04 -2.1690807855596388e-04 0.0000000000000000e+00  2.2679707827756412e-02 4.0967812839255071e-03 0.0000000000000000e+00  -7.4442050966968300e-03 1.0107871083610239e-02 0.0000000000000000e+00  4.5557846282558954e-03 6.7672901849420500e-03 0.0000000000000000e+00  -1.0121226036191833e-02 1.6515839198449173e-05 0.0000000000000000e+00  5.0696022759412766e-04 -4.6871836643861661e-04 0.0000000000000000e+00  3.3029227572762740e-04 -4.8793881412416326e-04 0.0000000000000000e+00  8.2510925104366272e-04 8.4105197138139975e-03 0.0000000000000000e+00  -9.1113624088962064e-04 1.7939213842318877e-02 0.0000000000000000e+00  -8.5816776573557629e-03 1.3696724229781430e-02 0.0000000000000000e+00  -4.5800673015639658e-03 -2.2574328146006020e-03 0.0000000000000000e+00  -6.2904254231270842e-04 -8.3817574294870016e-03 0.0000000000000000e+00  1.1043632648604846e-02 -3.6422416063186996e-02 0.0000000000000000e+00  -2.0214298316099289e-03 -7.6285285139247481e-04 0.0000000000000000e+00  -2.0596748755988847e-03 -2.4529910995401517e-02 0.0000000000000000e+00  1.4102180292857815e-03 2.7154293790952420e-05 0.0000000000000000e+00  1.7019347407301617e-03 1.3550252288702731e-04 0.0000000000000000e+00  -1.4085992768738660e-03 -1.2806170437866622e-03 0.0000000000000000e+00  -1.2825433586412002e-03 -1.0202996655964385e-03 0.0000000000000000e+00  -1.7907140764242397e-03 -1.0435057952618552e-03 0.0000000000000000e+00  1.5926070447431749e-04 -2.4612045675307412e-04 0.0000000000000000e+00  6.7348405795834344e-04 -3.9377371645685455e-04 0.0000000000000000e+00  -1.8328955052394152e-03 7.9494037229900453e-03 0.0000000000000000e+00  -4.8183014488504638e-04 1.1492410966128231e-02 0.0000000000000000e+00  -4.7140673072317485e-03 -6.2883257392421987e-03 0.0000000000000000e+00  -5.7295021957604417e-03 -2.6396842633088244e-04 0.0000000000000000e+00  -1.8719941055245493e-03 9.0547963465178998e-03 0.0000000000000000e+00  -9.1887486183974939e-04 -6.7347608048932240e-05 0.0000000000000000e+00  -1.4061359110563120e-03 6.8261444100870124e-04 0.0000000000000000e+00  3.5531698700692942e-02 -1.9687886439266342e-03 0.0000000000000000e+00  7.7598985601050385e-02 -3.8686386519236424e-03 0.0000000000000000e+00  1.6365051330787732e-03 5.5723460049446783e-04 0.0000000000000000e+00  -9.7675825336259833e-02 1.7011510687988710e-03 0.0000000000000000e+00  -1.3711001408008791e-03 -5.8080706152442742e-03 0.0000000000000000e+00  -3.1957787625301002e-04 -8.9790291123066808e-03 0.0000000000000000e+00  -1.0274303779420936e-03 -2.6602239982793686e-03 0.0000000000000000e+00  2.3025605964307212e-03 9.0416177683919855e-03 0.0000000000000000e+00  -3.8268084063156089e-03 -2.8111293127802287e-03 0.0000000000000000e+00  1.2855176823374613e-02 -9.9751614651514605e-03 0.0000000000000000e+00  -2.4960710359488623e-03 -6.7358293725738325e-03 0.0000000000000000e+00  -3.4197866718800776e-02 -4.2650447368908608e-05 0.0000000000000000e+00  -1.1853658177982096e-03 -6.1797613176975026e-03 0.0000000000000000e+00  -6.8538725514336258e-04 -8.2210396964895668e-03 0.0000000000000000e+00  -1.2976720106084940e-03 -7.9345804496280918e-03 0.0000000000000000e+00  -6.9844866104361032e-04 -7.7600578690197814e-03 0.0000000000000000e+00  -7.8877924413154254e-04 4.6126157193352357e-04 0.0000000000000000e+00  7.9128146370060302e-03 -1.7801067739109992e-02 0.0000000000000000e+00  1.7806869839536303e-04 1.5859330238828582e-03 0.0000000000000000e+00  -3.1791974009281708e-03 -8.2790410870536586e-03 0.0000000000000000e+00  2.9685752101867073e-02 4.6677414900449677e-03 0.0000000000000000e+00  -3.3524284868599774e-03 -1.7314442449443043e-04 0.0000000000000000e+00  -1.2081630285440420e-04 1.9043759999992212e-04 0.0000000000000000e+00  -8.5957104405024642e-05 1.8600373394858904e-04 0.0000000000000000e+00  1.2467434066397106e-03 -4.4317297013559743e-04 0.0000000000000000e+00  3.0265143562479301e-03 -7.8437316453978025e-03 0.0000000000000000e+00  -6.9592148002401084e-04 5.3535134683696496e-04 0.0000000000000000e+00  -8.0800669134951514e-03 6.5352347547399858e-03 0.0000000000000000e+00  1.6259399717743676e-03 -1.2155483643823924e-03 0.0000000000000000e+00  -1.8913181622857422e-04 -7.3539163774257281e-03 0.0000000000000000e+00  5.8131652673061258e-02 5.7169182826995693e-02 0.0000000000000000e+00  -2.2455320456708817e-03 7.7252953756445735e-04 0.0000000000000000e+00  -1.1963184547724252e-04 -9.2420922112478173e-04 0.0000000000000000e+00  1.0124211256613820e-03 3.3916210134465529e-03 0.0000000000000000e+00  7.2035079880405735e-03 2.6729777200325527e-03 0.0000000000000000e+00  7.7233023010277726e-03 4.1101253718864869e-03 0.0000000000000000e+00  9.7834069550289393e-03 8.3782480825244938e-04 0.0000000000000000e+00  1.7521300758516105e-03 -4.6876560539586701e-03 0.0000000000000000e+00  -6.2585552633298927e-04 -1.7892402778967855e-03 0.0000000000000000e+00  -9.5052787846945359e-04 -2.1593901916683680e-03 0.0000000000000000e+00  -4.3076711111308648e-03 -1.4588977075439588e-02 0.0000000000000000e+00  6.5734271159940798e-04 8.6826140950780981e-03 0.0000000000000000e+00  9.1241723388406479e-04 1.3477346174942232e-03 0.0000000000000000e+00  -6.5525420000218145e-04 6.1889927128189098e-05 0.0000000000000000e+00  5.6227325947630549e-03 -2.6307364769643004e-03 0.0000000000000000e+00  -1.2257243788404999e-03 3.3407208918067688e-05 0.0000000000000000e+00  -1.0832374860474019e-03 2.2058881502862357e-05 0.0000000000000000e+00  1.5286221441085219e-04 1.2750886883787097e-03 0.0000000000000000e+00  -1.2455378430790127e-04 -1.3259545651524500e-02 0.0000000000000000e+00  3.4028217044413972e-04 2.8859738369217619e-03 0.0000000000000000e+00  1.2112728867876496e-03 -6.3040993363600310e-04 0.0000000000000000e+00  8.5417022612719408e-05 -8.1879633434296003e-05 0.0000000000000000e+00  1.1043924459904212e-04 -1.5116652814971642e-04 0.0000000000000000e+00  3.5154194065895856e-05 -1.4721984651810767e-04 0.0000000000000000e+00  -1.6531835885051272e-04 2.3814854981449028e-04 0.0000000000000000e+00  -1.6196317891257678e-04 2.6778523466967474e-04 0.0000000000000000e+00  -5.4895400875431273e-02 2.4015548635103890e-04 0.0000000000000000e+00  -9.1801730257112097e-04 -1.5216889881190551e-03 0.0000000000000000e+00  -4.1163547304566464e-04 3.7341133785279802e-04 0.0000000000000000e+00  -1.2278261179842656e-03 7.8714950763147061e-04 0.0000000000000000e+00  2.1127785908920738e-04 -3.0877703386550620e-04 0.0000000000000000e+00  -9.7570883982201872e-04 1.0596867380585037e-05 0.0000000000000000e+00  -2.1772335795082306e-05 8.3809988625522505e-04 0.0000000000000000e+00  7.0536218792377665e-05 7.8181679234533015e-05 0.0000000000000000e+00  1.6437949053222839e-05 1.9184219984293128e-04 0.0000000000000000e+00  7.4366771912282329e-05 2.1464531287398552e-04 0.0000000000000000e+00  -2.1928477864342631e-03 -1.5952043353621107e-02 0.0000000000000000e+00  2.2408170314670690e-04 -6.6790847965815994e-03 0.0000000000000000e+00  -4.2472731772254082e-03 2.1018161623342791e-03 0.0000000000000000e+00  1.0044230816195256e-01 -1.4400742159873655e-02 0.0000000000000000e+00  -6.1168501312542560e-04 2.0708401032368446e-04 0.0000000000000000e+00  -1.6134622514454029e-03 3.0273033026502949e-03 0.0000000000000000e+00  -8.2422650786101431e-03 3.4357523927462208e-03 0.0000000000000000e+00  -4.1936432536335017e-03 3.5793727311039625e-03 0.0000000000000000e+00  4.8756905205649811e-03 -5.3469446396629504e-03 0.0000000000000000e+00  2.9972185642588964e-03 3.7599721768774665e-03 0.0000000000000000e+00  -5.8300118729848568e-02 4.9242846628434886e-04 0.0000000000000000e+00  -5.9612692183648765e-02 1.6446638759237906e-04 0.0000000000000000e+00  5.8132569307624973e-05 4.0591244512269155e-04 0.0000000000000000e+00  1.1040775190165174e-03 6.3184490147135726e-05 0.0000000000000000e+00  1.2046974866349095e-03 -5.4445587209032583e-05 0.0000000000000000e+00  3.0447093990569204e-03 -8.0833779425249167e-03 0.0000000000000000e+00  3.7853353507767166e-03 2.3789634987289115e-03 0.0000000000000000e+00  1.7836617613757562e-03 -1.0889229437287874e-03 0.0000000000000000e+00  9.9577108585025627e-04 -3.5419088329678938e-04 0.0000000000000000e+00  -2.2339382283795266e-03 -4.0740446691041841e-03 0.0000000000000000e+00  -2.5199103868291804e-03 -5.1598717188834449e-03 0.0000000000000000e+00  -3.3660386609412093e-03 -4.7012268376128092e-03 0.0000000000000000e+00  -8.8684729913106461e-04 -1.1183450277986492e-02 0.0000000000000000e+00  3.0787316225429004e-03 1.0069436169543637e-02 0.0000000000000000e+00  -1.4075586489805025e-03 3.1147751322997490e-04 0.0000000000000000e+00  -4.6790448998977737e-04 1.7500313087837104e-04 0.0000000000000000e+00  6.0372014483282242e-03 -6.3737748768438306e-04 0.0000000000000000e+00  9.0334313769693392e-03 -8.9051026182684976e-04 0.0000000000000000e+00  4.0279294854335293e-04 9.4544878288930904e-04 0.0000000000000000e+00  -5.7121004612355553e-03 7.0838547606951136e-04 0.0000000000000000e+00  2.5822452000012732e-02 7.9359948270969500e-03 0.0000000000000000e+00  7.3882626910357532e-02 1.6419948382318658e-04 0.0000000000000000e+00  1.2169682437789611e-03 -3.8096680296535517e-04 0.0000000000000000e+00  -9.9999999913726309e-02 0.0000000000000000e+00 0.0000000000000000e+00  1.0239957545007665e-03 2.7255784128883741e-04 0.0000000000000000e+00  2.6640660791546766e-02 5.1017960228905285e-03 0.0000000000000000e+00  -7.9888397226739974e-04 8.3678256528542868e-05 0.0000000000000000e+00  -1.6881349029869869e-04 7.0651884162976583e-04 0.0000000000000000e+00  -7.1907444297237399e-03 1.0392897054886796e-02 0.0000000000000000e+00  9.9999999913726309e-02 0.0000000000000000e+00 0.0000000000000000e+00  -3.8858240067711096e-04 3.6463192155463981e-04 0.0000000000000000e+00  2.4048799352603872e-02 -2.0412380441700038e-02 0.0000000000000000e+00  -4.1567818483329130e-04 2.4104506565993231e-04 0.0000000000000000e+00  -1.9284810796191306e-03 -8.7430628091100578e-03 0.0000000000000000e+00  -4.0763420060037641e-04 8.3760304166213637e-03 0.0000000000000000e+00  -1.4537335492377901e-02 -5.8259424520384065e-03 0.0000000000000000e+00  -1.6236654643198328e-02 -1.0390782233141945e-03 0.0000000000000000e+00  1.4575687242422529e-02 8.9208950261765417e-03 0.0000000000000000e+00  4.6863661297524687e-04 6.6546997313582405e-03 0.0000000000000000e+00  5.2678959849171089e-04 3.5914250571926455e-04 0.0000000000000000e+00  -3.5689154972603642e-03 6.6124362425212671e-03 0.0000000000000000e+00  -9.0161606421459723e-04 1.7725379438434858e-03 0.0000000000000000e+00  -8.2733636162945806e-04 2.0504837327441757e-03 0.0000000000000000e+00  8.2235860887505171e-03 -3.5202579226963297e-03 0.0000000000000000e+00  -1.1086896624618846e-03 -5.3003872645254099e-05 0.0000000000000000e+00  -1.5293102550468672e-03 8.6503514878149695e-03 0.0000000000000000e+00  5.1215376059392439e-03 1.2337652803977825e-02 0.0000000000000000e+00  -2.6626054356617535e-04 4.1985328776176223e-03 0.0000000000000000e+00  7.4979698581971932e-03 -2.2075855855323664e-02 0.0000000000000000e+00  -8.5911587038653477e-03 8.2462321544061502e-04 0.0000000000000000e+00  -1.8219623223929831e-03 -2.3187009154240805e-04 0.0000000000000000e+00  2.4555685305213465e-04 -1.0937268399483822e-04 0.0000000000000000e+00  7.1495465912850015e-03 -2.6948715712393871e-03 0.0000000000000000e+00  -1.6995764107401935e-03 2.6092251151930838e-04 0.0000000000000000e+00  -1.1362130150091966e-03 1.8420439547767124e-03 0.0000000000000000e+00  -9.6736921648875956e-02 2.3343466278901853e-03 0.0000000000000000e+00  2.0675149110071741e-03 1.7138465221132112e-03 0.0000000000000000e+00  2.4822871629181756e-03 2.4431858221889411e-03 0.0000000000000000e+00  -7.4248173616472707e-04 -1.2208894843963145e-04 0.0000000000000000e+00  -1.1519685093783209e-03 -6.2045143619064616e-04 0.0000000000000000e+00  7.6579277804075521e-03 -1.1387675536996820e-02 0.0000000000000000e+00  2.7804280827604628e-02 6.9635599797520098e-03 0.0000000000000000e+00  -1.5360420014563292e-03 4.1755233648482415e-03 0.0000000000000000e+00  8.6728586930413906e-04 -1.4492420346541105e-04 0.0000000000000000e+00  1.0024978613259457e-03 -1.0530727620124674e-04 0.0000000000000000e+00  1.0044689764095681e-03 -1.8414578814246159e-04 0.0000000000000000e+00  1.0374398793316140e-02 6.7756621239524082e-03 0.0000000000000000e+00  9.1872856418945541e-04 2.2957708311713336e-04 0.0000000000000000e+00  -6.3837666297390239e-02 4.5227916009676282e-04 0.0000000000000000e+00  -1.0669988725985999e-03 8.8105820447318425e-04 0.0000000000000000e+00  6.1830470749326448e-03 -1.4957205850883643e-02 0.0000000000000000e+00  -5.1748477996649729e-03 1.0653794242463545e-02 0.0000000000000000e+00  -1.9102098901968147e-03 1.2522002252631864e-04 0.0000000000000000e+00  -1.6890305783859343e-04 3.0363218057695521e-04 0.0000000000000000e+00  7.8087594595420038e-04 -7.7843818985169036e-04 0.0000000000000000e+00  6.4726768938396092e-04 4.7651510297392870e-04 0.0000000000000000e+00  -6.2289506387052892e-04 -7.5454124400194936e-06 0.0000000000000000e+00  4.5119641914650744e-04 6.4132034336369958e-04 0.0000000000000000e+00  5.2309231074996901e-04 7.9554300156194318e-04 0.0000000000000000e+00  6.8969672119124404e-04 -6.0200994073215264e-03 0.0000000000000000e+00  2.9191564799386817e-03 -3.5968027471908027e-05 0.0000000000000000e+00  4.4101734415981945e-03 6.3607459063623898e-03 0.0000000000000000e+00  -1.0998635958814239e-02 7.5427032945559079e-03 0.0000000000000000e+00  -2.7008566135327023e-03 6.5765598999666646e-03 0.0000000000000000e+00  1.8351949520475938e-03 2.5105253296781095e-03 0.0000000000000000e+00  -6.9603474108947982e-04 1.2755103667387638e-03 0.0000000000000000e+00  3.8588090355734699e-03 1.9791872259103820e-02 0.0000000000000000e+00  9.9999999913726309e-02 0.0000000000000000e+00 0.0000000000000000e+00  1.4690582638159607e-03 3.0170650951766222e-04 0.0000000000000000e+00  4.8176504501127752e-04 1.2333594032720597e-03 0.0000000000000000e+00  9.9278525040268355e-04 -1.3270672439960930e-03 0.0000000000000000e+00  8.0629326457594668e-04 -5.8932566878363646e-04 0.0000000000000000e+00  9.5301663816877336e-04 -3.6425732631037612e-04 0.0000000000000000e+00  7.9716538071291732e-04 -2.8038752307118689e-04 0.0000000000000000e+00  2.3021157540660398e-04 -2.4203286271120067e-03 0.0000000000000000e+00  9.9895397508021721e-04 -2.5024459697708117e-03 0.0000000000000000e+00  1.0452204393026389e-03 -1.9287801589383082e-03 0.0000000000000000e+00  2.2373625228552427e-03 7.3496534730887074e-03 0.0000000000000000e+00  -2.3094526006833720e-03 -3.0054120024780098e-03 0.0000000000000000e+00  -1.3686236889578175e-04 3.1710032272679755e-04 0.0000000000000000e+00  7.1135187582189725e-04 8.6982832074384547e-03 0.0000000000000000e+00  2.2880247662159193e-03 4.0534327665810079e-03 0.0000000000000000e+00  -3.2515720519055119e-03 5.8476032421314293e-03 0.0000000000000000e+00  -1.1472123937283361e-02 1.0528594491132795e-02 0.0000000000000000e+00  -9.9290187538514564e-05 -1.9425975519088632e-04 0.0000000000000000e+00  5.7838896225335277e-03 -2.0531644904405821e-04 0.0000000000000000e+00  -5.1061649300899311e-03 -8.1666946227082742e-03 0.0000000000000000e+00  9.9999999913726309e-02 0.0000000000000000e+00 0.0000000000000000e+00  -3.4630838874843443e-03 7.5752367257390044e-03 0.0000000000000000e+00  -2.9787045114590296e-03 -3.9139351707750463e-03 0.0000000000000000e+00  1.8823928222102746e-03 -1.7007672760266631e-03 0.0000000000000000e+00  -1.3671653662928477e-02 5.4506752038862363e-03 0.0000000000000000e+00  -4.4564769959197628e-04 1.3977856187307694e-04 0.0000000000000000e+00  -5.0845344478665604e-04 -8.5310416346290711e-03 0.0000000000000000e+00  4.2234457671866996e-02 3.3187023306192491e-04 0.0000000000000000e+00  -3.7554117329012143e-03 -6.2116160707868457e-03 0.0000000000000000e+00  -4.1561413741369206e-03 5.7394002695319952e-03 0.0000000000000000e+00  -6.5082650901468657e-03 3.9786789704169163e-03 0.0000000000000000e+00  -6.1125794811128864e-03 6.5597430855397661e-03 0.0000000000000000e+00  5.5546865105534629e-04 -9.0544008157084424e-03 0.0000000000000000e+00  9.7129644423074955e-03 8.5364840170001378e-03 0.0000000000000000e+00  9.9761759569382998e-03 5.0351731276243620e-03 0.0000000000000000e+00  5.2586567066096879e-02 -5.7541340513339425e-03 0.0000000000000000e+00  -4.1039398772993478e-03 -9.5117113757041336e-03 0.0000000000000000e+00  1.3093476638624301e-03 4.1782897588145363e-04 0.0000000000000000e+00  1.3016065946182286e-03 5.6287045364679855e-04 0.0000000000000000e+00  3.2549934706727832e-03 1.5723754973385573e-02 0.0000000000000000e+00  -4.1532302240189891e-04 1.3735285353766110e-02 0.0000000000000000e+00  -5.2207440812386693e-06 1.6283470888317606e-04 0.0000000000000000e+00  -4.7913991792418609e-03 3.7566470997033759e-03 0.0000000000000000e+00  -4.8393205534253978e-03 -9.8071383243271784e-04 0.0000000000000000e+00  -4.0920915660131157e-03 9.5457450069441879e-03 0.0000000000000000e+00  -9.0923606596329776e-04 1.3206739955762858e-04 0.0000000000000000e+00  -5.1288616685968009e-04 7.5350673339956192e-04 0.0000000000000000e+00  3.2858815885581597e-03 -5.2922753454165200e-03 0.0000000000000000e+00  -1.4315820428083503e-02 1.4292878394528349e-02 0.0000000000000000e+00  -1.4138651075185218e-02 -8.3927515873938874e-03 0.0000000000000000e+00  -1.1799316879436501e-04 2.3524702587492605e-03 0.0000000000000000e+00  2.0447535961319282e-04 8.7180597454675178e-03 0.0000000000000000e+00  -6.8573339774923364e-03 -1.6499733947192091e-02 0.0000000000000000e+00  -8.1583404154438877e-03 1.1532175161302033e-02 0.0000000000000000e+00  -7.5388561625892728e-04 3.8229984653602081e-04 0.0000000000000000e+00  -8.7263251681689042e-04 3.9435596714218371e-04 0.0000000000000000e+00  -4.2477758682567528e-04 2.0698253951485193e-03 0.0000000000000000e+00  5.9665276644560798e-06 -2.5168424765943160e-04 0.0000000000000000e+00  2.9430038309386267e-05 -1.5082600271021674e-04 0.0000000000000000e+00  3.4575891810445288e-03 9.5698451456258452e-03 0.0000000000000000e+00  -2.4737888364123519e-04 2.1986914720412392e-04 0.0000000000000000e+00  3.1118930849160619e-04 -5.5936008543906440e-03 0.0000000000000000e+00  1.1624122233707861e-02 -3.9101185346430336e-03 0.0000000000000000e+00  3.6017492150888092e-02 -2.5353558178042748e-03 0.0000000000000000e+00  2.1118041689020609e-03 -2.1740711990369231e-04 0.0000000000000000e+00  -8.0508374761619817e-05 -1.9493842876983021e-04 0.0000000000000000e+00  1.2163497583879436e-03 -6.6601537211487235e-03 0.0000000000000000e+00  8.2286376225548840e-04 -7.5616353862676825e-03 0.0000000000000000e+00  9.3635258132018187e-04 6.2099549571142544e-05 0.0000000000000000e+00  2.7144453919003093e-03 -2.4607955625603481e-03 0.0000000000000000e+00  1.1005693308769565e-03 -5.9116139302104182e-05 0.0000000000000000e+00  -2.8338355287996355e-04 2.7046229819023055e-04 0.0000000000000000e+00  -2.4352678748815082e-02 2.0367338976027993e-02 0.0000000000000000e+00  -9.8452546254872131e-05 -1.0850740904826515e-04 0.0000000000000000e+00  1.1638659231542089e-03 8.7415366558474630e-04 0.0000000000000000e+00  3.9665729086912113e-04 -3.3022717748706601e-03 0.0000000000000000e+00  -1.6751987424322299e-02 3.6066103873279788e-03 0.0000000000000000e+00  8.7758010386123275e-04 6.0926836783443082e-04 0.0000000000000000e+00  -9.4042849854647135e-04 5.9112240278949948e-04 0.0000000000000000e+00  -1.6982816177652182e-03 1.6799024154271622e-04 0.0000000000000000e+00  -9.4595694585412502e-04 -8.7609796882422652e-04 0.0000000000000000e+00  -9.6718553395932843e-04 -1.3271175747295939e-04 0.0000000000000000e+00  -9.6222507903502975e-04 -5.6762454441412963e-05 0.0000000000000000e+00  -1.9271550431040438e-02 -4.2063592388992321e-02 0.0000000000000000e+00  1.9072872091361558e-03 1.0271016187189631e-03 0.0000000000000000e+00  5.2090844846308508e-04 8.5187911672465733e-05 0.0000000000000000e+00  -5.5237555065921584e-04 -4.1239874325698983e-04 0.0000000000000000e+00  -4.8199498107583946e-04 -2.8718111360483600e-04 0.0000000000000000e+00  -6.7985795523013259e-04 -2.4353505545395487e-04 0.0000000000000000e+00  -6.4925613869535034e-02 -9.6584524255802014e-05 0.0000000000000000e+00  -3.2742374457825720e-03 -9.0959179311761087e-03 0.0000000000000000e+00  -1.9208742672681806e-03 -9.4326803176871254e-03 0.0000000000000000e+00  -2.0080425992708298e-03 -2.0756398861479602e-02 0.0000000000000000e+00  -1.7407332879846950e-04 -6.1724546080562260e-04 0.0000000000000000e+00  5.6360216528795223e-04 1.9876333251289758e-03 0.0000000000000000e+00  1.0430475082986170e-03 -1.6665471177196298e-04 0.0000000000000000e+00  -8.5309363883969845e-04 -7.5844476194730850e-03 0.0000000000000000e+00  6.8059730296801513e-02 -8.5192374808178532e-03 0.0000000000000000e+00  -1.2785571891864942e-02 2.7526009072243320e-02 0.0000000000000000e+00  -6.0998423529485570e-04 3.3403184419322604e-03 0.0000000000000000e+00  2.4440345043781632e-03 7.3099933228079140e-04 0.0000000000000000e+00  -3.6909452797464657e-03 4.0262704030380623e-03 0.0000000000000000e+00  -9.2991890626471663e-03 7.1943992786878200e-03 0.0000000000000000e+00  -1.2506071173426737e-02 5.8164292578101028e-03 0.0000000000000000e+00  -1.3522347589429667e-02 9.6807440205146957e-03 0.0000000000000000e+00  -3.9020641416994472e-05 2.7968501952089429e-04 0.0000000000000000e+00  4.2640284872762458e-03 -1.5476767705603334e-03 0.0000000000000000e+00  3.1053598939638606e-03 -9.2435081376372275e-04 0.0000000000000000e+00  2.9668195335139991e-04 -6.3663734305836450e-04 0.0000000000000000e+00  1.1123232667927571e-03 9.8349074599340496e-03 0.0000000000000000e+00  3.6196025059040388e-04 5.2549415759806908e-04 0.0000000000000000e+00  -4.2937283636245863e-03 7.2481829221733799e-03 0.0000000000000000e+00  8.8083792386460492e-04 8.0001741806879061e-03 0.0000000000000000e+00  4.7350573262727670e-04 2.3270957306203589e-03 0.0000000000000000e+00  -2.0328984430808918e-04 4.3066304754055647e-04 0.0000000000000000e+00  -1.9525392884913201e-03 2.0494245531107406e-03 0.0000000000000000e+00  -7.6038222743658019e-04 9.6713770501694069e-03 0.0000000000000000e+00  -2.4869511618315501e-04 -8.8330373227227385e-04 0.0000000000000000e+00  2.8962986279012923e-02 2.0631447287243983e-02 0.0000000000000000e+00  -9.9999999913726309e-02 0.0000000000000000e+00 0.0000000000000000e+00  7.9644265309892505e-04 7.0770970368636771e-03 0.0000000000000000e+00  9.5377083701638616e-05 2.6546393129131746e-04 0.0000000000000000e+00  4.8486786219526122e-03 7.1530987421809565e-03 0.0000000000000000e+00  4.2663689152954926e-03 -7.3358694966819023e-03 0.0000000000000000e+00  -7.4832244018756722e-04 -1.3513149151040622e-04 0.0000000000000000e+00  -1.4326199670009141e-04 -2.8118805878570718e-04 0.0000000000000000e+00  -3.2032867626964638e-03 1.6523814168273965e-02 0.0000000000000000e+00  -4.8340877496439171e-04 6.2286920177507263e-04 0.0000000000000000e+00  -7.0547685589524315e-04 -6.5419128364137074e-04 0.0000000000000000e+00  -4.9371903511805953e-02 -5.9712814031462596e-03 0.0000000000000000e+00  -3.0276693148456265e-02 -1.4165962140249341e-02 0.0000000000000000e+00  -4.3252493901265232e-02 -6.4125611033779405e-03 0.0000000000000000e+00  9.5285628896201926e-03 -3.0109904342237705e-03 0.0000000000000000e+00  6.2658686111528956e-03 -2.6422505045727877e-03 0.0000000000000000e+00  5.8546112823184169e-03 -3.4838095514213127e-03 0.0000000000000000e+00  -9.6016724927159387e-04 -5.6786868935375776e-05 0.0000000000000000e+00  1.0632390664989831e-01 -6.9353106830082828e-03 0.0000000000000000e+00  -2.3923620935942845e-03 3.7230421814899708e-03 0.0000000000000000e+00  2.2130440888040990e-03 -4.7616896440754930e-03 0.0000000000000000e+00  3.0495768321825625e-03 -6.7138646255745687e-03 0.0000000000000000e+00  3.9270005320819805e-04 8.6616108800589481e-05 0.0000000000000000e+00  -3.5479691751530955e-04 4.1283352614689887e-04 0.0000000000000000e+00  5.3393994242339159e-04 -1.5194720587293944e-03 0.0000000000000000e+00  -2.8742996357259852e-03 1.6168860840773383e-04 0.0000000000000000e+00  -6.6810215252606313e-04 4.1637779841652251e-04 0.0000000000000000e+00  2.0489803999321687e-03 -4.5690705684044901e-04 0.0000000000000000e+00  8.6971457171749968e-04 9.3271017072427519e-05 0.0000000000000000e+00  2.5991633082519542e-03 7.4359820057947235e-04 0.0000000000000000e+00  4.9185390222448243e-02 -4.3397243221580121e-04 0.0000000000000000e+00  8.0423649287235887e-04 1.7939469183394192e-05 0.0000000000000000e+00  3.1864040334952888e-02 3.2141880052454128e-03 0.0000000000000000e+00  1.1137573398399187e-03 4.4064342551248777e-03 0.0000000000000000e+00  -2.4353518873604810e-04 -3.1220932396965266e-02 0.0000000000000000e+00  -1.6063898197331914e-03 -8.9417383732719024e-03 0.0000000000000000e+00  2.9536236976725205e-04 5.0015990273730212e-03 0.0000000000000000e+00  1.0872213434587913e-04 -3.4081498223260427e-04 0.0000000000000000e+00  6.8038377148730567e-03 5.5205047167756829e-03 0.0000000000000000e+00  1.0363695885740584e-04 1.1734161243042122e-04 0.0000000000000000e+00  -2.3765683571707391e-03 1.6396979148943749e-02 0.0000000000000000e+00  3.5022465877736627e-03 1.4845769875568758e-02 0.0000000000000000e+00  -1.0020725136028568e-03 2.1350325007235053e-04 0.0000000000000000e+00  -5.5446926490674391e-02 -5.2262616367495633e-05 0.0000000000000000e+00  -5.5025310219028560e-03 -3.3382678499450551e-03 0.0000000000000000e+00  -7.6805149056267702e-04 3.2839111504502505e-05 0.0000000000000000e+00  2.1300449162481739e-02 9.4527977462422457e-03 0.0000000000000000e+00  2.2361365461252275e-04 -2.3567346280304379e-04 0.0000000000000000e+00  -8.9198307187033470e-03 -5.9039774902344135e-04 0.0000000000000000e+00  2.6348152195254111e-02 4.1267315594158815e-03 0.0000000000000000e+00  2.7616340952128981e-03 -1.3237044207042263e-02 0.0000000000000000e+00  -2.5731920611947543e-03 -9.8609542436932786e-04 0.0000000000000000e+00  -1.4991227167296323e-03 -5.3045418923589130e-06 0.0000000000000000e+00  -3.8896549411317004e-02 -5.6395971908986785e-03 0.0000000000000000e+00  1.9399614597502995e-03 3.3754578679667507e-03 0.0000000000000000e+00  -2.1862309388506813e-04 7.5058697246684642e-03 0.0000000000000000e+00  -7.1099881256653378e-03 -5.3904728984351452e-03 0.0000000000000000e+00  1.6607627503724184e-04 -1.1395960417518508e-03 0.0000000000000000e+00  2.3778082977448543e-03 -4.5028825856835143e-04 0.0000000000000000e+00  -9.1091365877922839e-04 -9.6188165757119908e-03 0.0000000000000000e+00  -4.8887804485799255e-03 -1.1607072596149522e-02 0.0000000000000000e+00  -8.8540600622240437e-02 1.5085576701040722e-02 0.0000000000000000e+00  -9.8467329410996535e-02 1.3962889300197612e-02 0.0000000000000000e+00  -8.0766190881868417e-03 -5.0800897116038326e-03 0.0000000000000000e+00  -9.2442401274065306e-03 -2.4357701909954168e-03 0.0000000000000000e+00  -1.1657459179547174e-03 1.0544531507049155e-03 0.0000000000000000e+00  -9.3382476237102371e-04 6.0537206325011908e-04 0.0000000000000000e+00  -9.4385627491864457e-04 9.3689433985779010e-04 0.0000000000000000e+00  -4.7770800570327610e-04 -8.8228707354081094e-03 0.0000000000000000e+00  -7.6894698819615897e-04 8.6409077795348991e-04 0.0000000000000000e+00  -1.9032562157029158e-04 2.8477711014402704e-04 0.0000000000000000e+00  -2.2078901591839124e-04 3.2361616316445584e-04 0.0000000000000000e+00  -1.6080818490779106e-04 3.5314883872226814e-04 0.0000000000000000e+00  4.4188814058569802e-02 4.1192349888103108e-03 0.0000000000000000e+00  2.9571705608377168e-02 -1.9931674183336361e-03 0.0000000000000000e+00  1.6076522382159795e-03 1.9653592840038034e-03 0.0000000000000000e+00  -3.9549191405539455e-03 -8.4135806017572139e-03 0.0000000000000000e+00  1.4978429559158500e-03 -3.8925287076779097e-04 0.0000000000000000e+00  3.3104002917160131e-03 8.8005699482665498e-03 0.0000000000000000e+00  3.2827772006162417e-03 -3.9522049601220573e-03 0.0000000000000000e+00  -8.1473065075141017e-04 1.8222577558892547e-04 0.0000000000000000e+00  -3.1232195343611478e-03 4.8697970346917741e-03 0.0000000000000000e+00  -4.8295879459519717e-04 4.0792222874853836e-04 0.0000000000000000e+00  -1.0661362398993203e-03 -3.9549943065196087e-04 0.0000000000000000e+00  9.9999999913726309e-02 0.0000000000000000e+00 0.0000000000000000e+00  -4.7567078306874530e-04 -9.1163971268182261e-03 0.0000000000000000e+00  -3.8174013988019010e-03 -3.5460375804968714e-04 0.0000000000000000e+00  1.0695028985397439e-03 1.7650837789530455e-03 0.0000000000000000e+00  9.9999999913726309e-02 0.0000000000000000e+00 0.0000000000000000e+00  6.0709590388146030e-02 -2.0375500390866831e-03 0.0000000000000000e+00  1.0430125600129757e-03 8.5913797109931096e-03 0.0000000000000000e+00  1.2477277768771231e-03 8.9202607449122995e-03 0.0000000000000000e+00  -1.7623960560666473e-03 -6.4602796915485209e-03 0.0000000000000000e+00  3.7721962483854898e-02 5.9523312796792025e-03 0.0000000000000000e+00  -2.1084786086829469e-03 4.3368224881523455e-03 0.0000000000000000e+00  1.4301967331084983e-02 -8.5077495169700434e-03 0.0000000000000000e+00  -4.0417611129712816e-04 -3.9690825013910850e-04 0.0000000000000000e+00  -6.6157135895794604e-03 -2.7284938885132359e-03 0.0000000000000000e+00  -1.1984790474961222e-03 1.5976783040436301e-04 0.0000000000000000e+00  -1.4361548392363671e-03 2.6153069762960550e-04 0.0000000000000000e+00  -2.0090052332928043e-02 -1.2887326519501287e-02 0.0000000000000000e+00  5.3654966287826778e-03 -8.5526821559872290e-03 0.0000000000000000e+00  -4.2601702859813963e-03 -3.7199190739421462e-03 0.0000000000000000e+00  -5.2995493781909089e-03 -2.5767954085085362e-03 0.0000000000000000e+00  -4.3265049187132176e-03 -2.3388566397216167e-03 0.0000000000000000e+00  -1.4166391933018601e-03 -3.0141856265022198e-03 0.0000000000000000e+00  6.0018695973319798e-03 1.4468187501065306e-02 0.0000000000000000e+00  3.3739155914585484e-02 -1.9352708561824503e-02 0.0000000000000000e+00  8.3352113393087219e-04 -1.1519442194951655e-02 0.0000000000000000e+00  1.7347988040943244e-03 -3.4885217657663684e-03 0.0000000000000000e+00  4.1419432295949745e-03 -5.7218247640806012e-03 0.0000000000000000e+00  2.6282799893556702e-03 1.4487652531962290e-03 0.0000000000000000e+00  -5.1993613150337349e-05 7.5305438240685961e-04 0.0000000000000000e+00  -8.3636108507089291e-04 5.0384845293158743e-03 0.0000000000000000e+00  -1.3890243234156850e-05 -7.9508081563065408e-03 0.0000000000000000e+00  9.1164419576410805e-03 3.3659406102889311e-02 0.0000000000000000e+00  -5.5827141156228333e-03 3.7484846651405545e-03 0.0000000000000000e+00  3.6213671489389129e-02 3.8366235242838689e-03 0.0000000000000000e+00  7.3645796133337840e-02 -1.8936339573702429e-02 0.0000000000000000e+00  -3.0237640464822438e-03 1.9342802000622157e-03 0.0000000000000000e+00  4.4237029179971799e-02 -8.5286616572432684e-03 0.0000000000000000e+00  9.6145272144599616e-04 7.1894418802462192e-03 0.0000000000000000e+00  -2.8880147250658285e-03 -2.9261821638028418e-03 0.0000000000000000e+00  -3.1280863665766107e-05 -4.8904675100633109e-05 0.0000000000000000e+00  -3.8391551454498510e-04 5.8568028296368778e-03 0.0000000000000000e+00  -1.9024481127684562e-03 6.1283478080132276e-03 0.0000000000000000e+00  -6.6157196009323280e-02 1.9885290169588030e-04 0.0000000000000000e+00  -8.7925416708516861e-04 -3.5469693386917092e-05 0.0000000000000000e+00  2.6884104400038615e-04 -3.5564483282783996e-04 0.0000000000000000e+00  3.8234599960040583e-02 1.9231573431832764e-04 0.0000000000000000e+00  -8.4201855406034758e-05 5.7292021771165207e-04 0.0000000000000000e+00  -1.5530234307287713e-02 -3.4060464015108038e-02 0.0000000000000000e+00  2.0706778102684486e-03 2.6407096207165318e-04 0.0000000000000000e+00  -1.4796984752358010e-02 5.4531102655642309e-03 0.0000000000000000e+00  -1.3552695854430521e-02 9.0842155222486762e-03 0.0000000000000000e+00  -2.1710087164225522e-03 -8.1886329346307473e-03 0.0000000000000000e+00  -1.4584204929906258e-02 1.3259888571628821e-03 0.0000000000000000e+00  -4.8890150851237568e-04 6.5846576830409457e-03 0.0000000000000000e+00  6.7547886829040886e-03 -5.2004038400147489e-03 0.0000000000000000e+00  -2.7823785772918071e-03 -9.7927586121660231e-03 0.0000000000000000e+00  -3.3533486350524416e-02 -3.9112284883702809e-03 0.0000000000000000e+00  -8.7942396385755350e-04 8.3565386745397226e-04 0.0000000000000000e+00  1.0942887461077280e-03 5.9082143894027481e-03 0.0000000000000000e+00  -9.4069577578905442e-03 -1.5062106595386869e-02 0.0000000000000000e+00  -6.0148642371863723e-02 8.1446749134702554e-03 0.0000000000000000e+00  -3.4431513889115258e-04 1.0670688763457581e-03 0.0000000000000000e+00  -1.0354496974679234e-03 -1.4302414648848750e-04 0.0000000000000000e+00  -1.0010748926589676e-03 -2.0056359347214213e-04 0.0000000000000000e+00  -1.0559022875231980e-03 -2.4143206414587958e-04 0.0000000000000000e+00  -2.0976460962803408e-03 -3.6272393952108410e-04 0.0000000000000000e+00  -2.0244096234222574e-03 5.1426104948138686e-05 0.0000000000000000e+00  4.4742408629892460e-03 -2.0999806468329106e-03 0.0000000000000000e+00  7.4004087710976439e-03 -2.4556352947013873e-03 0.0000000000000000e+00  2.2878399009715374e-04 1.1638670834049335e-02 0.0000000000000000e+00  -1.7815643204019693e-03 5.8464545849498965e-04 0.0000000000000000e+00  4.0284460142075583e-04 3.4857924798218460e-04 0.0000000000000000e+00  1.9662856171428159e-03 3.4917361484079448e-03 0.0000000000000000e+00  7.0935852411244792e-03 1.0788868233938787e-03 0.0000000000000000e+00  -5.0947237670183820e-04 -5.2288127003670484e-05 0.0000000000000000e+00  2.1750724603811721e-03 -7.7169911035847609e-04 0.0000000000000000e+00  2.9142867154406458e-03 3.8141829826661170e-03 0.0000000000000000e+00  2.0144391444909299e-04 -3.7567584565138300e-03 0.0000000000000000e+00  -8.8476364332760789e-03 -9.6893364385062433e-03 0.0000000000000000e+00  1.1215214129777945e-02 1.0218027151092367e-02 0.0000000000000000e+00  2.4740038869857912e-04 2.4135852265870690e-04 0.0000000000000000e+00  8.0560247293374482e-03 2.4170133266055694e-03 0.0000000000000000e+00  6.8014246415631363e-03 1.1084873539550554e-03 0.0000000000000000e+00  -3.8709571277205639e-04 -1.4778474965002154e-04 0.0000000000000000e+00  2.4925164467537418e-03 8.4195364613000433e-03 0.0000000000000000e+00  1.8611705581580165e-04 1.5780119871141907e-04 0.0000000000000000e+00  4.2502494550951874e-03 7.3784466910584261e-03 0.0000000000000000e+00  1.8940202533699400e-03 -1.9063198211854645e-02 0.0000000000000000e+00  3.2702188698675340e-04 5.9630297759823505e-04 0.0000000000000000e+00  -7.9624299077878338e-02 -2.5406922901047232e-02 0.0000000000000000e+00  -9.5622836017375534e-03 1.2315035061795635e-02 0.0000000000000000e+00  -1.2637772913375483e-02 1.0817824517747951e-02 0.0000000000000000e+00  -7.7660546008795172e-06 3.0478201073601740e-04 0.0000000000000000e+00  -8.5281952150001732e-05 3.7698381604431763e-04 0.0000000000000000e+00  -9.7209461595945302e-05 2.6079752044366869e-04 0.0000000000000000e+00  -3.5115200487366828e-03 4.3158887575782141e-03 0.0000000000000000e+00  -1.8455019678629600e-02 -4.3218332798564182e-03 0.0000000000000000e+00  -2.1512188105985906e-02 -4.8664021043771542e-03 0.0000000000000000e+00  -2.3796775367206282e-02 -1.1034738113776400e-02 0.0000000000000000e+00  8.9171845234739305e-04 -9.8543872264577181e-03 0.0000000000000000e+00  1.1871053988406720e-03 -8.7467586558113274e-03 0.0000000000000000e+00  2.4640034237663139e-03 -1.0035518974128931e-02 0.0000000000000000e+00  7.2725532299907649e-04 7.0836735805909800e-04 0.0000000000000000e+00  -1.0772372965775903e-02 -3.5164832743910281e-03 0.0000000000000000e+00  9.0206702610559717e-03 -9.8431869864347762e-03 0.0000000000000000e+00  -2.0420930896945671e-02 -1.4250128827098515e-02 0.0000000000000000e+00  -1.4140456446166310e-03 -2.5678042280840425e-04 0.0000000000000000e+00  -6.9509772482136286e-04 -6.3451262392453145e-04 0.0000000000000000e+00  2.3371975356879853e-03 -1.5539360324374825e-03 0.0000000000000000e+00  -2.4353596123016054e-04 3.0363862844557370e-03 0.0000000000000000e+00  4.7082248879131462e-02 -2.6266212199775162e-03 0.0000000000000000e+00  -1.6068393597530790e-04 2.5738264973048253e-04 0.0000000000000000e+00  1.0987794403436333e-03 7.3987581333245930e-04 0.0000000000000000e+00  1.1393066298232967e-03 5.9477468780841218e-04 0.0000000000000000e+00  1.8728570364719358e-03 1.3876089443099939e-03 0.0000000000000000e+00  3.2440121663376218e-04 -2.7115086371971040e-04 0.0000000000000000e+00  2.7851711397121473e-04 -6.0839223312680337e-04 0.0000000000000000e+00  -1.2523535999559802e-02 1.7074421641071050e-02 0.0000000000000000e+00  3.2093835461288800e-02 1.0194687955371268e-03 0.0000000000000000e+00  6.0799920875091876e-03 8.3511128951102697e-03 0.0000000000000000e+00  1.0311646238191302e-03 5.7480894622445947e-05 0.0000000000000000e+00  8.2363540048869090e-04 8.9947644152929139e-04 0.0000000000000000e+00  -1.3036961101838264e-05 4.9525892750190432e-04 0.0000000000000000e+00  -6.2811925064999567e-04 -5.3139912083942460e-03 0.0000000000000000e+00  1.3951279811814858e-03 1.6586038198158526e-03 0.0000000000000000e+00  1.6087016523952939e-02 9.3825849750087606e-03 0.0000000000000000e+00  -1.4348626723619125e-04 2.3880846483462589e-04 0.0000000000000000e+00  -2.9849520940822386e-02 -1.0414332626886640e-02 0.0000000000000000e+00  3.1565434608525848e-03 2.0301920438026044e-03 0.0000000000000000e+00  1.5469514248966940e-03 9.7343992141029104e-04 0.0000000000000000e+00  1.8965010181079757e-03 7.1044374651835684e-04 0.0000000000000000e+00  1.1402666839873757e-03 3.8189127775982331e-04 0.0000000000000000e+00  2.4722996845552401e-04 -3.1929572669069166e-04 0.0000000000000000e+00  4.9912438174171446e-03 -1.0712071324698431e-02 0.0000000000000000e+00  -2.0882589327223880e-03 9.2185694192246301e-03 0.0000000000000000e+00  -1.2554065243205745e-03 8.2113228022326103e-03 0.0000000000000000e+00  -3.6041457946098384e-04 1.8529436166946425e-04 0.0000000000000000e+00  -6.1134185141664688e-03 -1.1882172246292777e-03 0.0000000000000000e+00  -3.3493657527194814e-05 5.3421009818164513e-04 0.0000000000000000e+00  1.1777141409060140e-04 4.7024401767121419e-04 0.0000000000000000e+00  3.7367536881745153e-04 3.5904175903070123e-03 0.0000000000000000e+00  -4.7177499559008233e-02 1.7178212755463546e-03 0.0000000000000000e+00  2.7919224409898861e-05 -1.9143222104715568e-04 0.0000000000000000e+00  2.7133198241829719e-04 -1.0860700627987647e-04 0.0000000000000000e+00  -3.1203866969605402e-03 1.4120359764557837e-03 0.0000000000000000e+00  2.8140944397847720e-03 -7.2169810866861139e-03 0.0000000000000000e+00  6.5840358069323118e-02 -1.4896760557166677e-04 0.0000000000000000e+00  1.6797863813874665e-04 9.0302204169607284e-03 0.0000000000000000e+00  8.1897394884456484e-04 9.2293862329656841e-03 0.0000000000000000e+00  5.9004788075559401e-04 8.9410477700505950e-03 0.0000000000000000e+00  -5.3396126319893997e-03 9.2501310381590193e-03 0.0000000000000000e+00  1.7099675430499985e-02 7.5994932860501347e-03 0.0000000000000000e+00  1.4571455184437996e-03 7.5874800161754574e-03 0.0000000000000000e+00  3.6371492137771658e-03 -8.3631703760006643e-03 0.0000000000000000e+00  -4.1577225386324095e-03 -5.3800007467283105e-03 0.0000000000000000e+00  3.0748567706265729e-03 -3.8330787033299253e-03 0.0000000000000000e+00  9.9999999913726309e-02 0.0000000000000000e+00 0.0000000000000000e+00  7.0608855621602087e-02 2.1056600805000907e-04 0.0000000000000000e+00  7.1061238292340623e-03 4.7210291583732467e-03 0.0000000000000000e+00  4.7709907866409981e-03 -2.8467857144393754e-03 0.0000000000000000e+00  -1.0950593649861609e-03 -1.7962557638218711e-04 0.0000000000000000e+00  -5.4811480817264242e-03 -5.9817067345279747e-03 0.0000000000000000e+00  -6.8930288912174833e-03 -6.4721405678951262e-03 0.0000000000000000e+00  2.0026156529863938e-03 -6.4130086971937493e-03 0.0000000000000000e+00  3.0822781637082301e-03 -6.0152539170796049e-03 0.0000000000000000e+00  -9.5984044472671281e-04 6.1076576195871442e-04 0.0000000000000000e+00  3.2658387178577399e-03 -1.8864747821730923e-03 0.0000000000000000e+00  3.1755777717529543e-03 -8.7800027879982262e-04 0.0000000000000000e+00  1.5673974440539649e-03 2.8038270085080038e-03 0.0000000000000000e+00  -1.0876860015621619e-04 1.3435357911105587e-03 0.0000000000000000e+00  -1.5769092760957927e-02 -3.6001492360845677e-03 0.0000000000000000e+00  1.0218132107454353e-04 4.1124500265876111e-06 0.0000000000000000e+00  -2.5576308916421954e-03 -3.3513723662676576e-04 0.0000000000000000e+00  -3.2277707149923310e-03 -1.0987132873467540e-02 0.0000000000000000e+00  -1.1358331597444047e-03 3.2682722904587013e-04 0.0000000000000000e+00  -4.4471378043499592e-02 -9.1000573398546669e-03 0.0000000000000000e+00  1.6876382796010890e-03 -7.8736553976624466e-04 0.0000000000000000e+00  -9.5901598100815711e-04 -7.2354285295675945e-04 0.0000000000000000e+00  -1.5838328383076202e-03 -1.5103607793343963e-04 0.0000000000000000e+00  1.6867311951180327e-03 -1.7525239752546850e-04 0.0000000000000000e+00  -3.3198734095337347e-03 -6.6615875538362525e-04 0.0000000000000000e+00  -8.7918524297024776e-04 2.6764345415828204e-03 0.0000000000000000e+00  -1.5113422333733505e-03 2.1344964905411477e-03 0.0000000000000000e+00  -2.0901617780822415e-03 2.8463881992027112e-03 0.0000000000000000e+00  2.6795251128559774e-05 -1.8305517197799017e-04 0.0000000000000000e+00  9.0342381864277500e-03 4.3579314162557493e-03 0.0000000000000000e+00  -2.3742992814614122e-03 2.4388652294248824e-04 0.0000000000000000e+00  2.9825239632579056e-05 -6.9374678519484038e-05 0.0000000000000000e+00  -2.2850214857558516e-05 4.4414911923771602e-05 0.0000000000000000e+00  -9.1137982907521303e-04 -8.2504388090863905e-03 0.0000000000000000e+00  -2.5347658067827669e-02 3.5870173434054838e-03 0.0000000000000000e+00  -7.7379313647234682e-04 -4.6291523920909845e-05 0.0000000000000000e+00  4.4817982361034122e-04 8.7166135332818022e-03 0.0000000000000000e+00  2.3447661552846604e-03 -3.1705303514726405e-03 0.0000000000000000e+00  3.0430127097709959e-02 -3.9618913921445016e-02 0.0000000000000000e+00  5.1091594817607036e-03 2.0811702603098278e-03 0.0000000000000000e+00  7.4067210877106729e-04 7.9621577581245537e-03 0.0000000000000000e+00  -5.0600896020733472e-04 -8.1629016324193668e-04 0.0000000000000000e+00  -2.0031432145757072e-03 -6.5041190561244697e-03 0.0000000000000000e+00  2.9517606703151296e-04 -2.1075078731878848e-04 0.0000000000000000e+00  -3.6233650279398212e-02 1.6967131813493120e-03 0.0000000000000000e+00  1.4956251341317966e-03 8.2622356321785488e-03 0.0000000000000000e+00  5.2498424789433062e-03 2.0284297463462799e-02 0.0000000000000000e+00  -1.0003211705312117e-02 4.8346000519494774e-03 0.0000000000000000e+00  -7.5960645210544145e-03 6.5187804310211511e-03 0.0000000000000000e+00  1.5363702091772007e-02 8.0971434241551028e-03 0.0000000000000000e+00  1.3268263942837802e-02 3.3724974675063335e-03 0.0000000000000000e+00  -3.1126114444043234e-04 -1.0586930053657477e-02 0.0000000000000000e+00  -5.7445518548360013e-04 7.5787136636110480e-03 0.0000000000000000e+00  5.1494379002903793e-03 -7.5810533093888114e-04 0.0000000000000000e+00  -1.1667638465223487e-03 -3.6622824986152775e-04 0.0000000000000000e+00  1.0921050039388841e-03 -4.2224548167664119e-03 0.0000000000000000e+00  1.2095879326013881e-03 -3.3651123213485341e-03 0.0000000000000000e+00  -6.6941307648368836e-02 6.2832380677922571e-03 0.0000000000000000e+00  -4.6330836881054986e-02 7.9165526636235696e-03 0.0000000000000000e+00  -5.9573881252198001e-02 -8.9699641141247413e-04 0.0000000000000000e+00  1.1120549102967161e-04 -1.1665216365775549e-05 0.0000000000000000e+00  -3.3872611207460441e-05 4.4423113079712584e-05 0.0000000000000000e+00  -1.1506968618651092e-04 1.5165899276651840e-05 0.0000000000000000e+00  1.4690057106935414e-03 5.6935498763413285e-03 0.0000000000000000e+00  1.2500898208145062e-03 6.8485284014316835e-03 0.0000000000000000e+00  1.9766168871555895e-03 6.5687778992814328e-03 0.0000000000000000e+00  -1.6092418066664157e-04 1.9856778969359529e-04 0.0000000000000000e+00  3.4685812145553830e-04 -1.3341576511465068e-03 0.0000000000000000e+00  -4.9934431131420020e-04 -1.1054665854366437e-03 0.0000000000000000e+00  -5.6021231452983461e-04 -1.3480305893854784e-03 0.0000000000000000e+00  9.4810364110930231e-04 -9.3522726159476991e-03 0.0000000000000000e+00  -9.9999999913726309e-02 0.0000000000000000e+00 0.0000000000000000e+00  3.0654192376428193e-03 -3.6569354923199513e-03 0.0000000000000000e+00  4.1863734666286795e-03 -3.8396552572115264e-03 0.0000000000000000e+00  3.5204555943832557e-03 -4.7488442953825425e-03 0.0000000000000000e+00  6.8893506242606230e-03 8.1419916711911386e-03 0.0000000000000000e+00  3.4527260181557791e-03 1.3743139889850842e-03 0.0000000000000000e+00  6.3609229232184717e-04 1.5393036019538458e-03 0.0000000000000000e+00  -9.9999999913726309e-02 0.0000000000000000e+00 0.0000000000000000e+00  -8.3842523444766729e-04 -8.2940553721759201e-03 0.0000000000000000e+00  1.6798329204766196e-03 1.9760695829144250e-04 0.0000000000000000e+00  8.1581309904961387e-04 1.8471844529200531e-04 0.0000000000000000e+00  -1.0489426460200434e-03 -9.4766216172707477e-03 0.0000000000000000e+00  -7.3073865742332373e-03 -3.8150706025063259e-03 0.0000000000000000e+00  -6.2079649103795168e-04 4.2463643996744848e-04 0.0000000000000000e+00  4.8711605704231040e-03 -9.9125707350225505e-03 0.0000000000000000e+00  -6.9493954270253254e-03 -6.9781988506619772e-03 0.0000000000000000e+00  -9.8160793371389289e-04 3.5060924625785746e-03 0.0000000000000000e+00  5.7390512912979938e-03 -9.8500082973980285e-03 0.0000000000000000e+00  5.1779058605066096e-03 -1.2544120271835508e-02 0.0000000000000000e+00  1.0482586457901441e-03 1.2824146630717025e-04 0.0000000000000000e+00  1.0954090479759191e-03 2.8426195686829869e-04 0.0000000000000000e+00  -1.1913887912405638e-03 -1.1892888197605844e-04 0.0000000000000000e+00  1.3935544883113466e-03 -1.1031988272225339e-02 0.0000000000000000e+00  6.5175268686462791e-04 5.9963274824681169e-05 0.0000000000000000e+00  -1.7587680259819188e-02 -9.9739111057773402e-03 0.0000000000000000e+00  1.3001251085895294e-03 -5.6074763267380742e-03 0.0000000000000000e+00  2.4479340771687641e-04 -5.0923307586998659e-03 0.0000000000000000e+00  -5.5411208300923699e-02 1.5495924854662798e-03 0.0000000000000000e+00  6.3565273646791556e-03 -3.4761796853454941e-03 0.0000000000000000e+00  2.3722858450084882e-04 5.8007253281568605e-04 0.0000000000000000e+00  -1.5017795091932991e-04 2.5854764639359607e-04 0.0000000000000000e+00  -8.9133458230358439e-03 -1.0274090977444549e-02 0.0000000000000000e+00  -2.3078015199593520e-03 9.7648024134047440e-03 0.0000000000000000e+00  -1.2399667430285568e-03 1.0514786575041365e-02 0.0000000000000000e+00  2.9618131654974975e-04 -6.9987256941923849e-03 0.0000000000000000e+00  -1.6379963583931655e-03 -1.2436642884510029e-03 0.0000000000000000e+00  9.7147438637964004e-04 2.7473990515019648e-03 0.0000000000000000e+00  1.8910571185189798e-03 3.1479013297092233e-03 0.0000000000000000e+00  -1.9907587921960238e-02 4.9268297531215082e-05 0.0000000000000000e+00  3.3903483872998907e-02 -2.1831181540989182e-02 0.0000000000000000e+00  1.5328138378462502e-02 -1.6473594083605839e-02 0.0000000000000000e+00  1.1401691720595259e-04 -1.8367385542555220e-04 0.0000000000000000e+00  -8.2807814476949421e-05 1.1244172162102367e-04 0.0000000000000000e+00  -5.3390371285659001e-04 1.8320633484064210e-04 0.0000000000000000e+00  -4.7298460896788222e-04 9.1847460692276486e-05 0.0000000000000000e+00  -4.5645148669492928e-04 1.3070982862439437e-04 0.0000000000000000e+00  3.5427195807679617e-03 2.9705720122321826e-03 0.0000000000000000e+00  -1.0149752763938132e-03 6.5849595465545781e-04 0.0000000000000000e+00  -1.1032193239716855e-02 1.3763605483166359e-02 0.0000000000000000e+00  4.0808229116157712e-03 5.0573541907346906e-04 0.0000000000000000e+00  2.3945389014332039e-04 3.8707798118116463e-04 0.0000000000000000e+00  3.3106882313342769e-04 2.4521281306114410e-04 0.0000000000000000e+00  -1.0961960238856316e-03 1.2318548898311829e-04 0.0000000000000000e+00  -1.5676253873387724e-02 -6.5340993631900993e-04 0.0000000000000000e+00  -2.7216121524224167e-03 -5.1333213356748045e-04 0.0000000000000000e+00  -1.8766747360897955e-03 -1.7963333174129655e-04 0.0000000000000000e+00  -3.0614907871541015e-03 3.4851983569816956e-04 0.0000000000000000e+00  -5.8874471879645882e-02 -3.8143012754169952e-04 0.0000000000000000e+00  -5.6730357150699059e-02 -6.5432802289052501e-04 0.0000000000000000e+00  -1.6242180294835271e-03 -2.2257250140481715e-03 0.0000000000000000e+00  -1.8828824295795130e-03 -3.7411214702814900e-03 0.0000000000000000e+00  -7.1028353956789625e-04 6.0323775070001838e-04 0.0000000000000000e+00  -2.1822758957510373e-04 2.0530485454586186e-05 0.0000000000000000e+00  1.9692085394933038e-03 1.5749453884291009e-03 0.0000000000000000e+00  2.2925568589205214e-03 2.0405515910516202e-03 0.0000000000000000e+00  3.8052363126617273e-03 1.8838523454127610e-03 0.0000000000000000e+00  5.2703719964654373e-03 2.6836148826843422e-03 0.0000000000000000e+00  3.9793371367321025e-03 3.1763073793610514e-03 0.0000000000000000e+00  3.3025786961784626e-03 7.8493935254894762e-03 0.0000000000000000e+00  7.5858954191107759e-04 3.2485158332908113e-04 0.0000000000000000e+00  1.2726299229197358e-03 8.3844487303907575e-03 0.0000000000000000e+00  1.0741472685483827e-03 -2.5260183320887356e-04 0.0000000000000000e+00  -1.6581401003636998e-03 -1.1852642285161821e-04 0.0000000000000000e+00  -1.0443202888824710e-03 -3.4879668135738134e-04 0.0000000000000000e+00  -1.2708996734854274e-03 -4.1239751332296270e-04 0.0000000000000000e+00  -2.3264943066534521e-02 -5.8624219489108152e-04 0.0000000000000000e+00  -1.7196195260189506e-02 3.1786971065418637e-03 0.0000000000000000e+00  1.3920826125034320e-02 -3.0153488390804585e-03 0.0000000000000000e+00  4.5714145076086741e-03 -4.4299642237959824e-03 0.0000000000000000e+00  -6.9099686507165997e-02 1.0073217647999220e-04 0.0000000000000000e+00  1.0416970602788803e-03 1.0516336363881708e-04 0.0000000000000000e+00  -1.9625521995365075e-02 -9.8505133938205924e-03 0.0000000000000000e+00  -1.4589384695774494e-02 -4.8952969463491071e-03 0.0000000000000000e+00  -2.2057090319463461e-02 -8.3160534185851478e-03 0.0000000000000000e+00  -6.2742760887110650e-03 6.0423186237272631e-03 0.0000000000000000e+00  -4.3881514784960005e-03 8.6985041229537517e-04 0.0000000000000000e+00  -9.9999999913726309e-02 0.0000000000000000e+00 0.0000000000000000e+00  -5.8228879215632294e-02 -2.2408544331262655e-04 0.0000000000000000e+00  -1.4689812535281083e-02 -3.8755417230380552e-04 0.0000000000000000e+00  -8.7239492766736401e-04 -6.4327064324519082e-05 0.0000000000000000e+00  -1.1516390099480375e-03 1.3484275273500182e-03 0.0000000000000000e+00  3.6545128536128309e-04 2.2301947847556107e-04 0.0000000000000000e+00  3.2068936571545014e-04 2.5500238168554147e-03 0.0000000000000000e+00  -2.0852808649402923e-03 -4.5525678228659399e-03 0.0000000000000000e+00  2.6124424171032466e-04 -2.0492173909386377e-04 0.0000000000000000e+00  7.7499949118588849e-03 -2.3380781038755509e-03 0.0000000000000000e+00  7.3497597358148951e-03 -8.1449707342428016e-03 0.0000000000000000e+00  6.9321794664744391e-03 -9.1381466690666205e-04 0.0000000000000000e+00  5.4675995160061788e-03 -1.8309611758273740e-03 0.0000000000000000e+00  2.3511323441094997e-03 1.1094251745890241e-02 0.0000000000000000e+00  5.2149642787250499e-03 9.7197439740489980e-04 0.0000000000000000e+00  1.0479228377799589e-03 1.1463264486932260e-04 0.0000000000000000e+00  3.2351319647776181e-03 -7.4949246395401490e-04 0.0000000000000000e+00  -6.0785970831112347e-03 1.5701403218520919e-02 0.0000000000000000e+00  5.2177477217960837e-02 4.7175284792187169e-04 0.0000000000000000e+00  1.4215909717389562e-05 -5.9298571816232684e-05 0.0000000000000000e+00  -2.1720028325055017e-03 1.3619905661765553e-03 0.0000000000000000e+00  1.0773566797231348e-03 1.1394065638694544e-05 0.0000000000000000e+00  -2.3308236812986842e-03 1.7775094571904706e-03 0.0000000000000000e+00  9.9999999913726309e-02 0.0000000000000000e+00 0.0000000000000000e+00  7.4120125658638715e-05 -2.4765899748170432e-04 0.0000000000000000e+00  -4.6219866254338521e-04 -1.6214563302632214e-03 0.0000000000000000e+00  1.0555960943547254e-03 -1.0778508548861751e-03 0.0000000000000000e+00  8.8265538550665328e-04 -1.4894900869517151e-03 0.0000000000000000e+00  1.5174463668721214e-03 -1.1410932018265645e-03 0.0000000000000000e+00  -9.3023034905059918e-04 7.8488081670465666e-04 0.0000000000000000e+00  1.4896209021440237e-02 1.7177134644614195e-03 0.0000000000000000e+00  1.3872993386402540e-04 -1.4542214920932337e-04 0.0000000000000000e+00  -6.5108634915920477e-02 1.8253637111779093e-02 0.0000000000000000e+00  8.1013779668182347e-03 1.7246370905630399e-03 0.0000000000000000e+00  -7.5314233983031400e-04 -1.2402409697918219e-05 0.0000000000000000e+00  8.7603732640917907e-04 3.0486112899976345e-03 0.0000000000000000e+00  -2.8450037622831757e-04 -2.0667938682129108e-03 0.0000000000000000e+00  -8.3006036310901473e-04 1.4727087719781153e-04 0.0000000000000000e+00  -1.4775994885525869e-03 -1.5867221267266596e-03 0.0000000000000000e+00  -6.8672835739663632e-04 -1.3016132548866265e-02 0.0000000000000000e+00  -9.7652358489810201e-02 8.3395903345336499e-03 0.0000000000000000e+00  -1.9209451353769554e-02 -1.6844433967527228e-03 0.0000000000000000e+00  3.3661164068747146e-03 1.0177573625751088e-03 0.0000000000000000e+00  7.0768624734275200e-03 -5.8543015284541269e-03 0.0000000000000000e+00  -6.2017327485748381e-03 8.3654175702913038e-03 0.0000000000000000e+00  1.9359356680917774e-03 -5.4243637618802904e-03 0.0000000000000000e+00  1.0820546243478088e-04 -6.4092169508698561e-04 0.0000000000000000e+00  2.5923659359791619e-04 -4.9125014870196658e-04 0.0000000000000000e+00  5.9900713322100976e-03 6.6494014054576268e-04 0.0000000000000000e+00  9.4227509956054060e-04 -8.3560786863958017e-05 0.0000000000000000e+00  9.8208605841331701e-04 2.4757810412919667e-05 0.0000000000000000e+00  7.5963084667222481e-03 7.5314541179327338e-03 0.0000000000000000e+00  3.1699854285911050e-04 -1.0103072048353308e-03 0.0000000000000000e+00  -9.4055575035180601e-04 -1.4281657023000250e-04 0.0000000000000000e+00  4.2196336490157678e-03 1.2573790352427158e-02 0.0000000000000000e+00  -1.9257562379850332e-03 -1.7170756889598924e-03 0.0000000000000000e+00  -1.1662121908453126e-02 -7.8224739516148997e-03 0.0000000000000000e+00  3.2843064232338948e-05 -4.3790774969759434e-04 0.0000000000000000e+00  5.7653537367315048e-03 1.1711275863404251e-03 0.0000000000000000e+00  4.0684456961695590e-03 4.4972692280239096e-03 0.0000000000000000e+00  9.2498515980108276e-04 -6.9328326706652758e-04 0.0000000000000000e+00  1.4286301510350022e-03 -2.2726905711916569e-03 0.0000000000000000e+00  -5.3498126644082363e-04 5.5700841526796401e-04 0.0000000000000000e+00  1.3035667495020699e-03 -7.1556221651771033e-03 0.0000000000000000e+00  -1.7798358549453067e-02 -7.0462027280558037e-03 0.0000000000000000e+00  6.4804636241989986e-04 -1.7586014898294604e-05 0.0000000000000000e+00  2.1134061142051839e-03 6.0461829936803071e-04 0.0000000000000000e+00  -5.7096497072078027e-02 8.3358968191890332e-03 0.0000000000000000e+00  -6.6488952535178119e-03 3.9493716315858940e-03 0.0000000000000000e+00  -1.8527432743015885e-02 4.2698503216337585e-02 0.0000000000000000e+00  -1.5816306919285789e-04 -2.9828243618674590e-03 0.0000000000000000e+00  -2.5801320581376363e-04 5.1105990081489455e-03 0.0000000000000000e+00  6.4626986986650705e-03 6.2226601236694138e-03 0.0000000000000000e+00  -2.9476684206284935e-03 7.8064162679786133e-03 0.0000000000000000e+00  6.0618728104099397e-04 -6.7573909497551971e-04 0.0000000000000000e+00  1.4435558341207000e-02 -2.2286735579764325e-02 0.0000000000000000e+00  6.8988721015007245e-05 -7.0892588171545309e-03 0.0000000000000000e+00  1.0189311214396962e-03 -4.7262155992913221e-03 0.0000000000000000e+00  -1.1454996439208311e-03 -1.2118176847201991e-04 0.0000000000000000e+00  5.7582080955900297e-02 -1.5870151403944886e-03 0.0000000000000000e+00  -9.1496446074634218e-03 5.5802183576218493e-03 0.0000000000000000e+00  -2.7589673981977983e-03 -2.2862701962239008e-03 0.0000000000000000e+00  -1.3739177649356683e-03 -7.9385799186752724e-03 0.0000000000000000e+00  -1.3073951527923676e-03 7.5327914567692384e-03 0.0000000000000000e+00  -1.4629494152648926e-02 -1.4929313488690503e-03 0.0000000000000000e+00  -5.7992779814810343e-04 8.6711053631743570e-03 0.0000000000000000e+00  2.8819773429684800e-03 6.7049463442898005e-04 0.0000000000000000e+00  -5.7249437271314286e-03 -3.0759532486261442e-03 0.0000000000000000e+00  -4.0291355874866241e-03 -2.1519325718014873e-03 0.0000000000000000e+00  1.0156465936129535e-03 7.5012737743346711e-05 0.0000000000000000e+00  3.6040044901854266e-03 7.9615109387266691e-03 0.0000000000000000e+00  -1.2291787037122313e-03 -4.0604444827786156e-03 0.0000000000000000e+00  -8.9554132401415830e-04 -4.3784496735734830e-03 0.0000000000000000e+00  -4.4409841654036999e-04 -3.7390337698152325e-03 0.0000000000000000e+00  -5.0231226042678678e-04 -4.2244680265969827e-03 0.0000000000000000e+00  8.6947261990876271e-04 3.6769618856192387e-04 0.0000000000000000e+00  1.0037230445873390e-03 3.8763927811091202e-04 0.0000000000000000e+00  9.7812958691477557e-04 5.2825926016971823e-04 0.0000000000000000e+00  4.9928577818227496e-03 -2.0464292113985139e-03 0.0000000000000000e+00  -1.0263650392181229e-02 -1.0477128049533707e-02 0.0000000000000000e+00  6.8337468507429083e-03 -8.3634346554252068e-04 0.0000000000000000e+00  1.9498870880323954e-02 1.9825112941020706e-04 0.0000000000000000e+00  -2.1090076095181952e-04 -1.3332773333493459e-03 0.0000000000000000e+00  -8.0897176562803718e-03 1.1994377495870503e-02 0.0000000000000000e+00  -5.9414383045998933e-03 9.6926598146362276e-03 0.0000000000000000e+00  1.2052415984669287e-02 -5.0189092532723131e-03 0.0000000000000000e+00  7.5634608818161307e-03 -5.9183861718171086e-03 0.0000000000000000e+00  -6.9409639867574008e-02 5.3318839140129365e-03 0.0000000000000000e+00  -1.9331531542912992e-04 -8.4098696830379391e-03 0.0000000000000000e+00  -3.9093818705070545e-04 -8.1541457734309684e-03 0.0000000000000000e+00  2.7052707425091657e-04 -8.1697049087739709e-03 0.0000000000000000e+00  2.6631279970045054e-03 2.2523457837847100e-04 0.0000000000000000e+00  -1.4918313151033050e-02 -2.8596083326308704e-02 0.0000000000000000e+00  -9.2714827516410577e-03 -2.1510385664943104e-02 0.0000000000000000e+00  7.3719629015465363e-04 2.4148981790869588e-03 0.0000000000000000e+00  1.3509966928413068e-03 8.2149908074425444e-04 0.0000000000000000e+00  -1.4827871371851661e-04 1.9025576523747076e-05 0.0000000000000000e+00  2.3795303554559589e-03 1.2195326734265137e-03 0.0000000000000000e+00  -1.5634936975512364e-03 1.3722438758538916e-03 0.0000000000000000e+00  -1.4753174049491862e-03 1.8412781956035301e-03 0.0000000000000000e+00  7.5905631782288946e-04 8.7861223111652450e-03 0.0000000000000000e+00  6.4646029611578554e-03 4.5062066235306833e-03 0.0000000000000000e+00  7.1146042351033815e-04 9.8978030783856388e-04 0.0000000000000000e+00  -2.8188412806267652e-03 -6.6301204338570306e-04 0.0000000000000000e+00  -1.8325610474297449e-03 5.0122470538483156e-03 0.0000000000000000e+00  -7.6764927480178690e-03 4.2270777966437406e-03 0.0000000000000000e+00  8.5898763779473084e-04 5.0309987194842797e-04 0.0000000000000000e+00  1.2941016246479030e-03 1.2057778621440349e-03 0.0000000000000000e+00  5.3921618440813677e-03 3.9874804949087718e-03 0.0000000000000000e+00  -8.7501733959293154e-04 -1.1000044167402442e-03 0.0000000000000000e+00  -2.3445973264936463e-03 -1.7332066435975845e-03 0.0000000000000000e+00  -1.0036361933410661e-03 -2.9815391026302165e-04 0.0000000000000000e+00  2.4699274483440611e-02 -1.6968447348662586e-02 0.0000000000000000e+00  8.3627840561798325e-02 -1.7740422122958125e-02 0.0000000000000000e+00  -8.1747193079703955e-04 -1.1299180006667296e-03 0.0000000000000000e+00  5.3603233807251571e-04 -8.3808614218000930e-03 0.0000000000000000e+00  5.9944664159176340e-03 -9.8434883137207179e-04 0.0000000000000000e+00  4.4842665755825250e-03 5.2625821258165239e-03 0.0000000000000000e+00  -4.9199951282959922e-04 -5.5677834839191543e-04 0.0000000000000000e+00  2.1794170473627126e-03 1.0977620398183450e-02 0.0000000000000000e+00  2.8552892325011915e-03 1.3152573894592064e-02 0.0000000000000000e+00  -6.7405862439579828e-02 -7.1207251284167278e-04 0.0000000000000000e+00  1.2820691960138310e-02 6.8451038790417237e-04 0.0000000000000000e+00  8.4289115157835368e-02 -8.3280084025699301e-03 0.0000000000000000e+00  1.6196538398953145e-03 -9.7575013868938434e-03 0.0000000000000000e+00  1.1938848931477501e-03 6.9066105157672046e-03 0.0000000000000000e+00  3.6506246882647087e-02 6.2361476317752615e-03 0.0000000000000000e+00  2.5796154009415123e-02 1.0533883962492163e-02 0.0000000000000000e+00  2.8660012769979293e-03 -4.2769704139383502e-04 0.0000000000000000e+00  -4.6073456786851374e-04 2.9126017104042987e-04 0.0000000000000000e+00  -3.2280273399497452e-04 -7.7898468454451440e-03 0.0000000000000000e+00  -6.9994728894448653e-04 2.6999433219421421e-04 0.0000000000000000e+00  -3.0197892060406786e-03 -3.2842012409175824e-03 0.0000000000000000e+00  3.1290946056957607e-03 -1.9105032172160084e-03 0.0000000000000000e+00  -1.3174527678663356e-03 -8.3465394285031098e-03 0.0000000000000000e+00  -5.2576533920453894e-03 7.4596109057186808e-03 0.0000000000000000e+00  -5.8824026628856219e-02 1.9354430736561197e-04 0.0000000000000000e+00  4.9853871126430494e-03 -7.5299051176340092e-03 0.0000000000000000e+00  5.7715365679998090e-02 9.0492444399582154e-04 0.0000000000000000e+00  1.6488552896840904e-03 9.4654800046575557e-03 0.0000000000000000e+00  -4.1791350380684031e-03 -5.1394394004412626e-03 0.0000000000000000e+00  -2.5642206751277691e-03 -4.4168394325810115e-03 0.0000000000000000e+00  -3.1196127242395716e-06 5.3856567690533893e-04 0.0000000000000000e+00  -5.9667799358742767e-03 5.1202248844807660e-03 0.0000000000000000e+00  -3.6058515356108662e-03 -8.3543864837166450e-03 0.0000000000000000e+00  2.3235435137491920e-03 -1.9895112071648389e-03 0.0000000000000000e+00  1.7968616836811723e-03 -2.7750439436031163e-03 0.0000000000000000e+00  4.6007785588851784e-03 2.9175073561871980e-03 0.0000000000000000e+00  -1.4849610591675824e-04 5.0977698960891812e-04 0.0000000000000000e+00  -1.6124267323245348e-04 6.5150194868272490e-04 0.0000000000000000e+00  9.2088019044575870e-05 -1.8910359140982463e-04 0.0000000000000000e+00  -2.8751380499867300e-02 1.4525291059763764e-02 0.0000000000000000e+00  -3.5645048973467201e-02 1.1531622199587827e-02 0.0000000000000000e+00  3.1706836554611751e-04 1.1124512622894868e-03 0.0000000000000000e+00  5.7077136100088756e-03 -1.0564241010290727e-03 0.0000000000000000e+00  5.0131177317655343e-04 -8.7753831028455371e-03 0.0000000000000000e+00  7.8209138804770733e-05 -9.7707286062601005e-03 0.0000000000000000e+00  -6.4924342398770318e-02 1.3683567160323297e-02 0.0000000000000000e+00  1.5008986052168435e-03 6.5969943406348546e-03 0.0000000000000000e+00  2.3056052235205203e-02 1.1786192722771561e-02 0.0000000000000000e+00  -8.1071830514786152e-03 -4.6866921007151060e-04 0.0000000000000000e+00  2.1247213942869156e-03 -2.2272322586799273e-03 0.0000000000000000e+00  2.7076438871810756e-03 -1.2378091768834238e-03 0.0000000000000000e+00  -4.8621395353934090e-03 4.5476273958978416e-04 0.0000000000000000e+00  -3.9417432830791125e-04 1.9126910567731208e-04 0.0000000000000000e+00  -1.8874249440096016e-04 1.5628108253264777e-04 0.0000000000000000e+00  -2.6260487918080367e-04 5.5080569009055830e-05 0.0000000000000000e+00  -2.3175590851858678e-03 7.4870565730422514e-03 0.0000000000000000e+00  3.7618183687942197e-03 6.6897702202889278e-04 0.0000000000000000e+00  -1.6340953724057283e-03 -6.2572577358727156e-03 0.0000000000000000e+00  -1.7446983786746177e-03 -5.1087771363721064e-03 0.0000000000000000e+00  -1.1137327422759942e-03 -5.6190066569591444e-03 0.0000000000000000e+00  5.7262738307238999e-02 3.9516748984394910e-05 0.0000000000000000e+00  -2.5412715184952735e-03 1.0748202898924475e-03 0.0000000000000000e+00  1.5151562466874855e-04 -4.8741667683571297e-04 0.0000000000000000e+00  -4.1772033939489915e-03 -1.1593862805594655e-02 0.0000000000000000e+00  -2.9222650543182702e-03 -1.2894010734764432e-02 0.0000000000000000e+00  7.2334716379886463e-03 1.7691866938006448e-03 0.0000000000000000e+00  -1.4408823254934332e-02 1.8771321442264215e-02 0.0000000000000000e+00  -1.1253509977104722e-02 1.7387147660922985e-02 0.0000000000000000e+00  -3.6786073579935133e-03 -4.1648446295834488e-03 0.0000000000000000e+00  2.5207791140260433e-03 1.5244658915103610e-04 0.0000000000000000e+00  4.7517238002728460e-02 -1.1128962790511419e-03 0.0000000000000000e+00  -4.7220457369471808e-04 3.8125652645594927e-04 0.0000000000000000e+00  1.9417858273269349e-04 -2.3210647322181367e-04 0.0000000000000000e+00  1.1054115036544878e-03 -3.3631017028551397e-04 0.0000000000000000e+00  -8.6813942296362536e-04 2.9542639112138682e-05 0.0000000000000000e+00  -2.9566645916045595e-03 1.4110874413650063e-02 0.0000000000000000e+00  -1.8752039112114758e-03 1.3013650011230695e-02 0.0000000000000000e+00  3.2988368945769918e-03 6.5925928188782833e-04 0.0000000000000000e+00  -5.7493553824937343e-02 1.7720694873811401e-04 0.0000000000000000e+00  -1.4701727615866094e-02 1.5995202942833167e-04 0.0000000000000000e+00  -3.5390597589848161e-04 -5.2123369162110314e-05 0.0000000000000000e+00  -2.9138268857898606e-04 -7.0279209046751276e-04 0.0000000000000000e+00  -5.8674447566832270e-04 -6.5777291072534457e-04 0.0000000000000000e+00  -3.8560841264618020e-03 2.5090430954418561e-03 0.0000000000000000e+00  -4.9126564003937829e-03 -4.2128054235717367e-03 0.0000000000000000e+00  7.4362483677853745e-03 3.9826815441219559e-03 0.0000000000000000e+00  -5.9031808406931504e-04 1.5736692011094289e-02 0.0000000000000000e+00  9.5220832705013567e-02 -1.2479763425318849e-02 0.0000000000000000e+00  -3.2208025372253727e-03 3.3689346200267809e-03 0.0000000000000000e+00  -1.6599587244149636e-03 2.7902877684636090e-03 0.0000000000000000e+00  -2.6967096849497222e-03 4.5727768087407356e-03 0.0000000000000000e+00  -2.5540253812785700e-04 4.3414471106551300e-05 0.0000000000000000e+00  -4.3393649525462980e-03 -8.1271776882090047e-03 0.0000000000000000e+00  1.4813476891551228e-03 -1.4724363346620584e-03 0.0000000000000000e+00  -4.6903077274055771e-03 9.3878579854996778e-03 0.0000000000000000e+00  -8.2926381909437079e-04 9.9237582483765362e-05 0.0000000000000000e+00  -9.1333159118469676e-04 -6.8486923966938162e-04 0.0000000000000000e+00  -3.4782830057516413e-03 5.9545908761337641e-04 0.0000000000000000e+00  -2.5047925126157456e-05 2.5700875900179298e-04 0.0000000000000000e+00  -2.2658383281291914e-03 -1.6661366694512299e-04 0.0000000000000000e+00  -1.4737254954185260e-03 3.5063242884969654e-03 0.0000000000000000e+00  -5.8851508111018461e-04 2.4727387086282970e-03 0.0000000000000000e+00  -2.2844853097076082e-03 2.8418652298541139e-03 0.0000000000000000e+00  -2.7861889638876583e-03 8.4750868154102074e-04 0.0000000000000000e+00  -5.6555919265255557e-04 -8.0948352601616820e-03 0.0000000000000000e+00  5.8683315440803694e-03 6.6543462250398429e-03 0.0000000000000000e+00  1.7222102704212421e-03 -6.1920884406615288e-05 0.0000000000000000e+00  -5.6566500462139398e-03 -6.0665378938646285e-03 0.0000000000000000e+00  -9.5770556270334756e-04 -5.5841733198724603e-05 0.0000000000000000e+00  3.7247971687880631e-03 8.4731886338030374e-03 0.0000000000000000e+00  -8.3608227857271777e-04 -1.1263138472397272e-05 0.0000000000000000e+00  9.5484559771354567e-03 -1.1685326475647058e-02 0.0000000000000000e+00  -9.3940679866219012e-03 1.9813739122038461e-03 0.0000000000000000e+00  3.7984832608452001e-03 -5.3278545814875269e-04 0.0000000000000000e+00  3.1324189801902762e-02 -5.6647207759936737e-03 0.0000000000000000e+00  3.1334535389306451e-04 -6.8719776420975293e-03 0.0000000000000000e+00  3.0789980220480625e-03 -5.4989221731312531e-03 0.0000000000000000e+00  -1.0346084624233323e-03 -7.7554715767413421e-05 0.0000000000000000e+00  9.9999999913726309e-02 0.0000000000000000e+00 0.0000000000000000e+00  6.4525128534589893e-04 8.7540989215554813e-03 0.0000000000000000e+00  -2.0105865072169637e-03 -1.2917396394179290e-04 0.0000000000000000e+00  7.1617448406922045e-04 8.6241416743159383e-03 0.0000000000000000e+00  3.7559006068811928e-03 -7.4110897233107412e-03 0.0000000000000000e+00  3.9651118623627835e-04 -1.2210742419679896e-04 0.0000000000000000e+00  -3.3337049887319512e-03 -6.4610205733051851e-03 0.0000000000000000e+00  1.3060235540458835e-03 -4.7803453847531400e-03 0.0000000000000000e+00  2.3018026162889443e-03 -2.0796253937529663e-03 0.0000000000000000e+00  1.6867681242767410e-03 -9.1422912139728460e-04 0.0000000000000000e+00  -3.2673289860428167e-03 1.1111340561386468e-03 0.0000000000000000e+00  3.9059095165167572e-04 -2.3267178773348076e-04 0.0000000000000000e+00  1.6831109120635229e-04 -9.5502435779836395e-06 0.0000000000000000e+00  2.0637950556422354e-03 -1.0956178541412943e-02 0.0000000000000000e+00  7.9873848537801787e-03 9.1370414312595492e-03 0.0000000000000000e+00  -1.3321536964629791e-03 -2.3518288761042361e-05 0.0000000000000000e+00  -4.2452312022021876e-04 1.5492900173023693e-04 0.0000000000000000e+00  -2.1024705030471599e-03 -2.7701012429601204e-03 0.0000000000000000e+00  2.3087007227494435e-03 -1.5373837759642316e-02 0.0000000000000000e+00  -6.3115021999018053e-03 9.0090533666254604e-03 0.0000000000000000e+00  -1.4061314248620090e-02 -5.8060320147164553e-04 0.0000000000000000e+00  1.5661955550254694e-03 8.0654751159583201e-05 0.0000000000000000e+00  4.3702956822273341e-02 -2.0624598097559576e-03 0.0000000000000000e+00  1.7355104820434151e-02 -1.1059557089540394e-03 0.0000000000000000e+00  -1.1077328405328747e-02 -3.0232171726856404e-03 0.0000000000000000e+00  -2.6746480182521958e-04 2.6452085656983619e-04 0.0000000000000000e+00  -3.9326465416034926e-04 3.1169056527773401e-04 0.0000000000000000e+00  -2.6673023127250355e-04 4.6877644479920649e-04 0.0000000000000000e+00  -1.0410455360421872e-03 -7.2369405371969595e-03 0.0000000000000000e+00  -1.5271229887270196e-03 -7.1019247836695710e-03 0.0000000000000000e+00  -8.2571836793246169e-03 1.5313401906330156e-02 0.0000000000000000e+00  2.2808699500013796e-02 7.2936817390422456e-03 0.0000000000000000e+00  -3.7857327555369997e-03 3.0278881662275596e-02 0.0000000000000000e+00  -5.6160058916555275e-03 -4.6366807217339875e-03 0.0000000000000000e+00  1.5345596646334574e-03 -1.6777642009733102e-02 0.0000000000000000e+00  1.8694220403919975e-02 -3.7633022268731678e-02 0.0000000000000000e+00  1.8408628885933084e-02 2.3678942785770084e-03 0.0000000000000000e+00  -7.4729035617635833e-04 -1.3223814707389319e-03 0.0000000000000000e+00  6.1092101423301901e-04 5.5076275674000950e-03 0.0000000000000000e+00  -1.0832940333993456e-03 4.9523304338772852e-03 0.0000000000000000e+00  1.6596449502730361e-03 1.4119562125984389e-03 0.0000000000000000e+00  8.0653124726313419e-03 1.2943488341229301e-02 0.0000000000000000e+00  -5.3966466748145434e-03 -1.0099525058741956e-02 0.0000000000000000e+00  -4.7211983218519571e-04 2.1857861965135852e-03 0.0000000000000000e+00  -5.1636732381375823e-03 -7.2425483698128398e-03 0.0000000000000000e+00  -1.6896175091876433e-02 1.2162422383179092e-04 0.0000000000000000e+00  -2.3252736852897816e-03 1.5334941486465415e-03 0.0000000000000000e+00  1.6276683196379028e-03 1.0819615049050673e-02 0.0000000000000000e+00  1.9084874615006235e-03 -5.8470070701041599e-03 0.0000000000000000e+00  2.8427494989526373e-03 -5.5210013710576458e-03 0.0000000000000000e+00  2.4651257586951968e-03 -5.9568987001916663e-03 0.0000000000000000e+00  8.4508445688070408e-02 -1.8381095001003232e-02 0.0000000000000000e+00  -2.3260915597965522e-03 -1.2046873133515393e-02 0.0000000000000000e+00  -1.8094979219310557e-05 -1.1833820630979569e-02 0.0000000000000000e+00  -1.0254814576306965e-03 -1.2667587591373774e-02 0.0000000000000000e+00  4.8456242571977464e-03 -1.0203206568583657e-04 0.0000000000000000e+00  5.1021931398307040e-03 1.2071724135114413e-03 0.0000000000000000e+00  5.7989375301884048e-02 7.5835375573371621e-03 0.0000000000000000e+00  2.6550065143886054e-04 -2.6402386950270899e-04 0.0000000000000000e+00  -6.5839664862852726e-02 1.7249854901893614e-02 0.0000000000000000e+00  -6.7530766108809939e-02 1.9820056155781557e-02 0.0000000000000000e+00  -6.3278755036999508e-03 5.0546512788874590e-04 0.0000000000000000e+00  -2.3318828053024883e-03 -1.6672294807736977e-03 0.0000000000000000e+00  -1.8678682197754287e-05 1.4267776980724414e-04 0.0000000000000000e+00  -4.4064593186327388e-03 -1.9366046660028998e-02 0.0000000000000000e+00  -2.3873775385171590e-04 2.8627166256524149e-04 0.0000000000000000e+00  2.0485289813125503e-03 5.6293371368306535e-03 0.0000000000000000e+00  2.6664961240652546e-03 5.1030846157598606e-03 0.0000000000000000e+00  2.3327410086573289e-03 4.4189120017877666e-03 0.0000000000000000e+00  2.1974617809914871e-03 4.7028696471440563e-04 0.0000000000000000e+00  -4.4594810243359859e-03 1.1948015519608907e-02 0.0000000000000000e+00  5.8135625031186943e-04 1.0219155696350405e-03 0.0000000000000000e+00  5.5618048164833662e-03 5.4533433918118731e-03 0.0000000000000000e+00  -1.4781417427827590e-03 3.6683576871333746e-03 0.0000000000000000e+00  6.4062619657888325e-03 -7.0827998935289026e-03 0.0000000000000000e+00  9.7050361149777034e-04 -2.5032583533586240e-03 0.0000000000000000e+00  4.7377989972632482e-03 1.7969900221684661e-03 0.0000000000000000e+00  1.3448683660182705e-04 -1.8387042372607380e-04 0.0000000000000000e+00  2.5760407360454580e-03 -1.0722711141243732e-03 0.0000000000000000e+00  2.2960030338772415e-04 3.5172326656221080e-04 0.0000000000000000e+00  -6.3949813215156770e-03 7.4404502794710118e-03 0.0000000000000000e+00  -3.9120348118634074e-02 -2.3628841518679193e-03 0.0000000000000000e+00  7.9192995661422926e-04 7.5169857867270031e-05 0.0000000000000000e+00  -1.8485164697920472e-03 -5.4910592456895802e-03 0.0000000000000000e+00  -4.6471505161330742e-04 -1.0050579140988071e-02 0.0000000000000000e+00  -4.8774469105036460e-02 -7.0586641313526632e-04 0.0000000000000000e+00  -9.0620232768066770e-04 5.0052768504236535e-04 0.0000000000000000e+00  -3.7123537245199999e-04 1.5874464555402973e-03 0.0000000000000000e+00  -2.5747676741649668e-03 -2.9637345162524144e-04 0.0000000000000000e+00  3.6704094684568811e-02 -2.2445661042436197e-03 0.0000000000000000e+00  6.8565287007886333e-02 -4.0033310830801095e-04 0.0000000000000000e+00  4.7776129063060420e-03 1.7024707745485901e-04 0.0000000000000000e+00  2.7104004126950253e-03 7.6497172019391186e-05 0.0000000000000000e+00  -7.7077402574565290e-04 -3.2068086711527780e-04 0.0000000000000000e+00  -3.0349884270626636e-03 -1.4675596701235179e-03 0.0000000000000000e+00  -2.5178388191036071e-03 -1.9872694832928296e-03 0.0000000000000000e+00  -3.7746861308742317e-04 9.2675923166039031e-05 0.0000000000000000e+00  9.0201890898714194e-04 4.1236203034187007e-05 0.0000000000000000e+00  -9.0557966092747019e-04 -3.7338358872980744e-04 0.0000000000000000e+00  -5.7446636734462904e-04 1.2377814333414247e-04 0.0000000000000000e+00  -5.5696245434081067e-04 1.8819461189599819e-05 0.0000000000000000e+00  -4.3906696285228699e-03 -1.0622930918035437e-03 0.0000000000000000e+00  -4.2010590246738472e-03 -2.2725036015196567e-04 0.0000000000000000e+00  -4.3084804209985075e-02 -1.1697713364483750e-03 0.0000000000000000e+00  -4.8912859272274165e-02 -1.1019462526117040e-03 0.0000000000000000e+00  6.3464960105995725e-03 -3.7172376876556728e-04 0.0000000000000000e+00  1.5048207631214896e-03 -5.6247877800262146e-04 0.0000000000000000e+00  6.7718987942174172e-04 6.5368072675214021e-03 0.0000000000000000e+00  4.8519875419181192e-03 -1.0732802301565916e-02 0.0000000000000000e+00  1.9679536729708989e-02 9.7746904749503941e-03 0.0000000000000000e+00  8.6203153294359930e-02 4.6209417646707145e-04 0.0000000000000000e+00  6.1727811295269833e-03 1.0127572863777539e-02 0.0000000000000000e+00  4.2816661390293912e-03 2.0518776227642964e-03 0.0000000000000000e+00  7.1562018391926495e-04 3.8814533660666091e-05 0.0000000000000000e+00  5.5260397282156585e-04 2.9019367161330017e-05 0.0000000000000000e+00  7.4281354203406590e-04 -3.1929172105618457e-04 0.0000000000000000e+00  -1.7166783637615084e-02 1.8821527170756669e-03 0.0000000000000000e+00  -1.1543411365992815e-03 4.5094478274288734e-03 0.0000000000000000e+00  -1.1300935031127175e-03 5.0237525310153951e-03 0.0000000000000000e+00  1.0898701980330938e-03 2.0199604125422288e-04 0.0000000000000000e+00  1.6197284096224130e-04 3.2425154233658846e-04 0.0000000000000000e+00  1.1739512870852230e-04 1.4732090618640978e-04 0.0000000000000000e+00  1.4503642860467343e-03 -4.6951397547761401e-04 0.0000000000000000e+00  3.0240478945734958e-03 -1.7848708531264883e-03 0.0000000000000000e+00  2.2102350368993472e-04 3.8606028278337010e-04 0.0000000000000000e+00  1.3702919950853614e-03 -1.6205544938277601e-03 0.0000000000000000e+00  -6.4827133579797901e-04 -4.3739647550413850e-04 0.0000000000000000e+00  -1.6324373257260399e-03 6.1182609033689278e-03 0.0000000000000000e+00  -1.2728445184641045e-03 5.1649039193163925e-04 0.0000000000000000e+00  1.2170322589813555e-04 -2.0032116067751870e-04 0.0000000000000000e+00  1.2724006957650226e-04 -2.4190427971869675e-04 0.0000000000000000e+00  1.5414001494305044e-04 -2.0288388888546984e-04 0.0000000000000000e+00  6.3362744539891156e-03 -4.2892988902331680e-03 0.0000000000000000e+00  1.2739639818125776e-03 -8.8422074694708853e-03 0.0000000000000000e+00  1.8347473739457282e-03 -7.9690787557583961e-03 0.0000000000000000e+00  1.0954212263554921e-03 -8.3532411742587021e-03 0.0000000000000000e+00  -6.0136120606341638e-02 9.0999606519444386e-04 0.0000000000000000e+00  2.8431413123442876e-03 3.6306903418858697e-03 0.0000000000000000e+00  6.9282602425370645e-03 -1.7286979551499559e-02 0.0000000000000000e+00  -6.0631972258599019e-04 3.9765068936657537e-04 0.0000000000000000e+00  -4.0383912272344627e-03 1.0670044053805539e-03 0.0000000000000000e+00  -1.2506391423661243e-03 -5.5189218631043159e-03 0.0000000000000000e+00  -2.5139067922143130e-03 -6.4123215952164346e-03 0.0000000000000000e+00  6.6061533374077016e-03 -4.2687921568842118e-03 0.0000000000000000e+00  7.9532823056408554e-03 -1.2441768926999247e-04 0.0000000000000000e+00  -1.5698811308086610e-03 1.1277116187501997e-03 0.0000000000000000e+00  1.8146763995894129e-03 7.2328752976324748e-03 0.0000000000000000e+00  -9.2335090356641632e-04 1.7699292589209850e-05 0.0000000000000000e+00  4.3029257531653992e-05 -1.6803833843715804e-04 0.0000000000000000e+00  -9.3129854963089971e-04 9.3693130217692775e-05 0.0000000000000000e+00  -1.7952454974789659e-04 -1.4178316729735475e-02 0.0000000000000000e+00  3.5971692163768636e-04 -9.2215981119033374e-04 0.0000000000000000e+00  1.4002389942472670e-03 9.2106663752658940e-03 0.0000000000000000e+00  -8.0329685598752349e-04 -4.5577809570910264e-04 0.0000000000000000e+00  -6.6744136353169027e-04 -3.5041698357125812e-04 0.0000000000000000e+00  5.3957364851768309e-03 -5.9862503998910242e-03 0.0000000000000000e+00  2.6203709569427706e-04 6.2684324159645129e-05 0.0000000000000000e+00  -1.9645866196594457e-03 -6.4904213797259609e-04 0.0000000000000000e+00  1.0692733394342881e-03 8.9470662747413495e-03 0.0000000000000000e+00  1.3659737460478523e-03 -2.1300304237565162e-04 0.0000000000000000e+00  -1.8442042979488142e-03 -4.3405577386456699e-03 0.0000000000000000e+00  6.0318865434979734e-03 5.6804153898424407e-03 0.0000000000000000e+00  6.4599150567647728e-02 1.9474020527810414e-04 0.0000000000000000e+00  -1.3425983637624177e-04 8.9377146239847174e-04 0.0000000000000000e+00  -2.0619600815078086e-03 6.0425087744092750e-04 0.0000000000000000e+00  -6.2864966530961019e-02 1.5869271097952723e-02 0.0000000000000000e+00  5.1598728113930337e-03 5.9999212246276438e-03 0.0000000000000000e+00  5.7998003406735856e-03 6.3697176886346359e-03 0.0000000000000000e+00  3.4025805706955035e-02 1.9761329588491433e-04 0.0000000000000000e+00  -8.4428234933376176e-03 2.1619092258481532e-03 0.0000000000000000e+00  5.0745573491623088e-03 -1.0617146982209447e-02 0.0000000000000000e+00  -4.5859086717315659e-03 1.5236589953309653e-02 0.0000000000000000e+00  -6.3966711611487467e-03 4.9933273895527430e-03 0.0000000000000000e+00  -4.6292245683769925e-03 5.1026261918538842e-03 0.0000000000000000e+00  -1.2936312285339316e-04 -1.1573900930457618e-04 0.0000000000000000e+00  2.0756667298401209e-04 2.5678759828866082e-04 0.0000000000000000e+00  8.9763702463372174e-06 6.9008709957817278e-03 0.0000000000000000e+00  1.2804635096474554e-03 -1.1643989359778778e-03 0.0000000000000000e+00  1.8118667769838172e-03 7.5582765517888716e-03 0.0000000000000000e+00  -1.1154768305897886e-03 -2.5338889235677886e-04 0.0000000000000000e+00  -4.1920421803252412e-04 3.0928687935808432e-04 0.0000000000000000e+00  -5.7737113214784336e-02 4.5502839779968751e-04 0.0000000000000000e+00  6.9773973886327228e-04 -5.6621229497151929e-04 0.0000000000000000e+00  -2.3366688036751057e-02 1.9900747871836558e-02 0.0000000000000000e+00  9.7667807161287072e-04 4.8298217300144601e-03 0.0000000000000000e+00  8.2109323682906770e-04 -3.0845741188208751e-03 0.0000000000000000e+00  -4.9325721540968801e-04 7.0912622337709951e-04 0.0000000000000000e+00  -7.8810137235692371e-02 1.2337854396562800e-02 0.0000000000000000e+00  -7.0425920018205121e-02 7.6469607227780626e-03 0.0000000000000000e+00  7.2005408678673971e-02 -3.8438714697110465e-03 0.0000000000000000e+00  6.6562752776793419e-04 7.4756905198231018e-04 0.0000000000000000e+00  2.4539903400190915e-03 3.7352731169336614e-03 0.0000000000000000e+00  7.3636260234905063e-03 7.3902064669752708e-04 0.0000000000000000e+00  -6.9216758495961042e-04 2.9534608735573765e-04 0.0000000000000000e+00  -5.8293679741830222e-04 2.5093764976107157e-04 0.0000000000000000e+00  -5.6679334697428134e-04 3.2815162468387727e-04 0.0000000000000000e+00  -9.9999999913726309e-02 0.0000000000000000e+00 0.0000000000000000e+00  -7.2946564320433311e-04 2.0340697187954551e-04 0.0000000000000000e+00  7.5604189081063386e-04 -3.7190959399802185e-05 0.0000000000000000e+00  1.0679568532307045e-03 1.2331886999417067e-02 0.0000000000000000e+00  1.8848286244684926e-03 1.2032784897552315e-02 0.0000000000000000e+00  -6.0228993399013223e-03 1.2528259262393310e-02 0.0000000000000000e+00  -5.4222057762249726e-03 1.1156874353904419e-02 0.0000000000000000e+00  -3.6741058106933781e-05 1.6069404484368222e-04 0.0000000000000000e+00  -6.8846978289958721e-04 8.3063214019464850e-03 0.0000000000000000e+00  -4.3648045753238600e-04 8.9034156246046332e-03 0.0000000000000000e+00  -7.4310158738165867e-05 8.6948614701294925e-03 0.0000000000000000e+00  -9.2666312267484065e-04 5.9081940400616678e-03 0.0000000000000000e+00  7.1483542047890139e-03 -2.5367054823712274e-03 0.0000000000000000e+00  6.0250010477051495e-02 7.3549136110208618e-05 0.0000000000000000e+00  -3.8271641862718314e-03 9.1410433392546033e-03 0.0000000000000000e+00  9.7889456138153274e-04 4.8163413928035389e-03 0.0000000000000000e+00  -4.7285035879693392e-03 1.0410355841018453e-03 0.0000000000000000e+00  3.1757713313656831e-03 3.1524141961070530e-03 0.0000000000000000e+00  4.5916601669744221e-03 4.2165520725092323e-03 0.0000000000000000e+00  1.7791206910655417e-03 2.1288590897506239e-03 0.0000000000000000e+00  9.9999999913726309e-02 0.0000000000000000e+00 0.0000000000000000e+00  9.7706405506453012e-04 7.6731814420222540e-05 0.0000000000000000e+00  9.4411527924748672e-04 4.5816091378483274e-05 0.0000000000000000e+00  -5.2738037668596865e-03 5.4341114562333915e-03 0.0000000000000000e+00  2.3932431775755074e-03 -3.0941412729071950e-03 0.0000000000000000e+00  -2.2821965029284764e-03 -8.6278351868729157e-04 0.0000000000000000e+00  -7.0821812720374487e-04 -3.3499694093825247e-05 0.0000000000000000e+00  1.2472768338946255e-03 2.5984812999504578e-04 0.0000000000000000e+00  -1.8853918862816827e-03 -1.2669878655391664e-03 0.0000000000000000e+00  -6.0369012904872782e-03 1.7274352646740152e-03 0.0000000000000000e+00  6.9852553630928688e-04 2.4436540220379937e-04 0.0000000000000000e+00  -9.2192996847198754e-04 -7.3535064153249641e-05 0.0000000000000000e+00  3.5275049589314658e-03 5.5649303431332059e-03 0.0000000000000000e+00  -1.5024675926341782e-03 8.3898206612883913e-03 0.0000000000000000e+00  -3.3384847278451740e-03 1.3076199798760315e-03 0.0000000000000000e+00  -4.5232858770517361e-03 4.6759296121794509e-03 0.0000000000000000e+00  -5.4890579298514271e-03 2.6761819542967750e-03 0.0000000000000000e+00  7.7598251889700320e-04 7.4759679584496131e-03 0.0000000000000000e+00  3.7402238853515456e-05 8.0951709978814602e-03 0.0000000000000000e+00  -9.9999999913726309e-02 0.0000000000000000e+00 0.0000000000000000e+00  6.5356620427175121e-03 4.4750487941998783e-04 0.0000000000000000e+00  -5.2632204532541624e-04 -1.2272148359328148e-03 0.0000000000000000e+00  -4.8048601112902193e-04 -8.5783009757396959e-04 0.0000000000000000e+00  -1.0448009037682038e-04 -1.2995654222009391e-03 0.0000000000000000e+00  3.7921584656130193e-02 -4.8052239394675914e-03 0.0000000000000000e+00  5.9718171619889043e-02 -7.5706298557916315e-05 0.0000000000000000e+00  4.0944581743693580e-03 1.9528801205622517e-03 0.0000000000000000e+00  3.7106204056985717e-04 -3.5129039691695951e-04 0.0000000000000000e+00  -2.2263565970139819e-04 2.5218641562193298e-04 0.0000000000000000e+00  9.5650116337069372e-04 4.1080131460211842e-04 0.0000000000000000e+00  1.3778163907912282e-03 1.0573056400059633e-03 0.0000000000000000e+00  -2.5944881103279964e-04 -8.5808367608492558e-05 0.0000000000000000e+00  -5.5839130254076840e-03 6.2970375466539124e-03 0.0000000000000000e+00  5.5226356132811235e-04 -8.8007569626112928e-04 0.0000000000000000e+00  3.1494369132949391e-03 -6.6996850821492591e-03 0.0000000000000000e+00  -1.1910668665561189e-02 1.9871295967225196e-02 0.0000000000000000e+00  3.6811070883701748e-03 6.8801685378622954e-03 0.0000000000000000e+00  3.2105084280987942e-03 6.4851896937145872e-03 0.0000000000000000e+00  -1.1562446613238380e-03 9.1453269574298373e-03 0.0000000000000000e+00  8.1198559027217650e-04 2.0718792040402135e-03 0.0000000000000000e+00  4.1660159893034234e-03 1.9033693874319201e-02 0.0000000000000000e+00  1.8857259453386853e-04 -3.9481096951700460e-04 0.0000000000000000e+00  -3.6507094687485454e-03 -1.4385182392045478e-03 0.0000000000000000e+00  -3.5461688331946134e-04 7.9498640853233223e-03 0.0000000000000000e+00  5.6941100165689080e-05 6.5914127974885930e-05 0.0000000000000000e+00  4.3093342119701732e-05 -5.3661817014349878e-06 0.0000000000000000e+00  -5.7102120910095889e-04 -7.5949690111700981e-05 0.0000000000000000e+00  -5.7663871022183054e-04 -2.0021842441319193e-04 0.0000000000000000e+00  -1.9536315638263306e-03 9.0568660650163189e-03 0.0000000000000000e+00  2.2485487764984074e-04 -1.3433828200534740e-05 0.0000000000000000e+00  -3.8321802068168186e-03 -2.7550945882912096e-03 0.0000000000000000e+00  1.7888685424904600e-03 3.0170843525592324e-04 0.0000000000000000e+00  3.9737284582942733e-03 -2.8845150051071684e-03 0.0000000000000000e+00  1.6407794009236983e-03 4.5932933842162439e-03 0.0000000000000000e+00  8.8519267004320704e-04 2.0759366289071837e-03 0.0000000000000000e+00  4.1156670216338032e-03 -1.1138526798154782e-03 0.0000000000000000e+00  5.3206188432575732e-03 -8.1360961062493624e-03 0.0000000000000000e+00  -7.5351794511544965e-04 -4.9336970963297472e-05 0.0000000000000000e+00  -8.3925129570699335e-04 -6.3887583387842327e-05 0.0000000000000000e+00  6.2936329788735495e-04 -1.0848382162061476e-04 0.0000000000000000e+00  -7.1959160964399544e-04 2.2817375442944202e-05 0.0000000000000000e+00  -7.0325032316660902e-04 -8.7040913789438925e-03 0.0000000000000000e+00  2.6850355374411248e-04 3.2644261896208420e-04 0.0000000000000000e+00  -6.7724811004184421e-04 -8.9379003279833392e-04 0.0000000000000000e+00  -2.9016707413509908e-04 9.6994890942476049e-03 0.0000000000000000e+00  7.5041447746938540e-05 9.0398221246346232e-03 0.0000000000000000e+00  4.9466303667390979e-04 -2.3045859932267904e-03 0.0000000000000000e+00  1.3572481386779703e-03 -3.0555021201892625e-03 0.0000000000000000e+00  -5.9201582817828516e-04 -1.7226153148302387e-04 0.0000000000000000e+00  -6.6661953404955317e-03 2.8329497543021056e-03 0.0000000000000000e+00  -4.6527175935348712e-03 2.7048601465649146e-03 0.0000000000000000e+00  2.2760811483850805e-04 4.3156066890177193e-05 0.0000000000000000e+00  1.1024277460316163e-03 1.0197284005781417e-03 0.0000000000000000e+00  2.0322654567099706e-02 -4.8905514305002708e-03 0.0000000000000000e+00  2.4538929550492142e-03 7.9303040805777294e-03 0.0000000000000000e+00  2.9364144860205498e-03 7.3715016227980648e-03 0.0000000000000000e+00  2.0063908568387153e-03 8.1903060171426168e-03 0.0000000000000000e+00  -2.8101454777092285e-03 -5.7137642295331543e-03 0.0000000000000000e+00  2.2776659499932827e-03 1.6094449406825451e-04 0.0000000000000000e+00  8.7806638174180874e-03 6.8145842877819192e-03 0.0000000000000000e+00  1.1463758820296648e-03 1.8428660414794522e-04 0.0000000000000000e+00  1.0806316336439928e-03 1.6568068532629197e-04 0.0000000000000000e+00  1.0948113337125199e-03 1.3675748485010285e-04 0.0000000000000000e+00  -2.1982505796302692e-04 5.5771209788668293e-03 0.0000000000000000e+00  -5.5290441555597559e-04 -1.2071720243466797e-03 0.0000000000000000e+00  -1.0859913532030464e-03 -1.9112398798323290e-04 0.0000000000000000e+00  -5.1611595862412305e-04 -1.4325397920464251e-04 0.0000000000000000e+00  -6.5910830646005042e-04 -9.2681565598181394e-03 0.0000000000000000e+00  -4.4028861519546714e-05 -6.3614385403643194e-05 0.0000000000000000e+00  -1.3412745305596437e-03 -6.6145645048813187e-04 0.0000000000000000e+00  -6.6625027136425102e-04 -2.3764040972497196e-05 0.0000000000000000e+00  -1.2864176681167165e-03 7.7627737976358373e-03 0.0000000000000000e+00  -8.6275317463306545e-04 7.4701031304386838e-03 0.0000000000000000e+00  2.7321729902706836e-02 2.2737297569692576e-03 0.0000000000000000e+00  1.1388931160496662e-03 -1.4172491742480071e-02 0.0000000000000000e+00  2.8816771409747146e-03 -1.2831232157667566e-02 0.0000000000000000e+00  -3.3119920105901476e-05 1.4354045714963385e-04 0.0000000000000000e+00  3.0726000170892695e-04 -1.2650205473028735e-04 0.0000000000000000e+00  -8.4157971886925902e-03 7.5695026170818558e-03 0.0000000000000000e+00  -8.0254729478894166e-04 4.5015971005810948e-04 0.0000000000000000e+00  -5.2016183685513898e-03 -1.8508916693326539e-02 0.0000000000000000e+00  3.1551522178372314e-03 2.3739150278879505e-03 0.0000000000000000e+00  -1.1948475598887673e-03 -7.1638926080259382e-04 0.0000000000000000e+00  -1.3638670198611207e-04 2.2116796977273101e-04 0.0000000000000000e+00  -5.0340093347471873e-03 2.4865172538834873e-03 0.0000000000000000e+00  -2.0671671431546499e-02 -2.1616919330756787e-03 0.0000000000000000e+00  -3.8463433694646289e-03 1.8055612809881141e-03 0.0000000000000000e+00  -1.7269326413863682e-04 3.6382556156702825e-04 0.0000000000000000e+00  1.1268993632168711e-02 1.2827135246037492e-02 0.0000000000000000e+00  -2.3658511679020368e-02 -1.4481913196320572e-02 0.0000000000000000e+00  -2.8678360171526574e-02 -8.9447164375235973e-03 0.0000000000000000e+00  -2.7599285634669790e-02 -1.3201442769509781e-02 0.0000000000000000e+00  3.8281295142796425e-04 8.6540302826668518e-03 0.0000000000000000e+00  -2.1170069580909321e-05 2.3088747044756162e-04 0.0000000000000000e+00  -9.8599902007735752e-05 1.7071797779942088e-04 0.0000000000000000e+00  -7.0126569680081866e-03 -1.5044589485574014e-02 0.0000000000000000e+00  -1.1040090385464130e-03 -2.3716388703222489e-03 0.0000000000000000e+00  -1.9697552649586944e-03 1.0439062964869720e-02 0.0000000000000000e+00  -1.3989723367738419e-03 1.1492758042674009e-02 0.0000000000000000e+00  -7.2616680668555862e-04 1.0656406445646811e-02 0.0000000000000000e+00  -5.7992122420296908e-04 -3.0010914328165899e-03 0.0000000000000000e+00  -1.8836530569547498e-03 5.8893940358053232e-03 0.0000000000000000e+00  -1.2451341533851784e-03 6.5143864249220286e-03 0.0000000000000000e+00  4.8606214809642093e-03 -3.9681014274665950e-03 0.0000000000000000e+00  2.8714342735613692e-02 2.8653145919704881e-03 0.0000000000000000e+00  3.7564057388451830e-04 4.7732264521835460e-03 0.0000000000000000e+00  2.1238590148855863e-03 3.3573462014059633e-03 0.0000000000000000e+00  6.4657530122068656e-04 2.2717399228020358e-03 0.0000000000000000e+00  9.9999999913726309e-02 0.0000000000000000e+00 0.0000000000000000e+00  5.2575321399820740e-02 -8.9385076675818967e-04 0.0000000000000000e+00  1.2797516882647986e-02 -5.6905690169525049e-03 0.0000000000000000e+00  1.4911701492161866e-02 -9.6094760739455620e-03 0.0000000000000000e+00  1.7037859071502285e-04 4.2240657521401799e-03 0.0000000000000000e+00  4.2866071749799454e-04 4.0320555490110386e-03 0.0000000000000000e+00  -6.4903666908218018e-07 7.2250631406625720e-04 0.0000000000000000e+00  -1.7629015120035644e-04 6.7627425388586961e-04 0.0000000000000000e+00  9.0900183953963598e-03 -6.2406499173610413e-03 0.0000000000000000e+00  -4.1781575783242413e-04 -9.1202817998994195e-04 0.0000000000000000e+00  7.4245631820539795e-02 -8.2124139789897799e-03 0.0000000000000000e+00  -4.9953433362205306e-02 1.2838872720063709e-02 0.0000000000000000e+00  1.0594526013377485e-03 1.8867340749193469e-04 0.0000000000000000e+00  3.6712622554542038e-02 -8.0104421666805285e-04 0.0000000000000000e+00  3.2199965143676415e-02 -2.4704553561695742e-03 0.0000000000000000e+00  1.4813356121542590e-03 1.2107214985100907e-03 0.0000000000000000e+00  -3.7781792548531507e-03 1.0328725156384742e-02 0.0000000000000000e+00  -5.2993044469948946e-03 -8.5609325871910662e-04 0.0000000000000000e+00  1.0150205226748122e-03 -6.3397626316671638e-05 0.0000000000000000e+00  7.8134871636156549e-03 -1.3188838236059802e-03 0.0000000000000000e+00  9.4715954109431187e-04 4.1290069758402048e-03 0.0000000000000000e+00  1.1221423148800441e-03 2.1083002714999241e-03 0.0000000000000000e+00  -1.1070710000120698e-03 -1.9610229883115730e-03 0.0000000000000000e+00  1.2298694685033134e-03 7.7008026095355597e-03 0.0000000000000000e+00  5.2884270983954351e-03 -2.3277275171870518e-03 0.0000000000000000e+00  2.2185814583171146e-03 6.0997734660446900e-03 0.0000000000000000e+00  2.1169706951279735e-03 5.0826014709727660e-03 0.0000000000000000e+00  -2.5594142684186284e-02 1.3153364813376846e-02 0.0000000000000000e+00  5.3342493855459885e-03 -5.0618035401076879e-03 0.0000000000000000e+00  4.5900905484808699e-03 -4.3514882209668461e-03 0.0000000000000000e+00  2.9727322675559878e-03 -4.1609115144375618e-03 0.0000000000000000e+00  -3.6658165995427261e-02 2.4304650765219599e-03 0.0000000000000000e+00  1.7350201288294979e-03 2.2246725694879755e-03 0.0000000000000000e+00  -2.1670818051511879e-03 -5.5794770653400431e-04 0.0000000000000000e+00  9.9970698845528536e-03 -7.2076336193337065e-03 0.0000000000000000e+00  -6.8147237684990656e-04 -1.0391021230051652e-03 0.0000000000000000e+00  -2.2702791417985074e-03 -2.5068781148618997e-03 0.0000000000000000e+00  7.3720166045282128e-04 9.4356128625796305e-03 0.0000000000000000e+00  -3.6219244281045933e-03 -1.4734123920973809e-03 0.0000000000000000e+00  -4.8886067577466746e-03 -1.7003976397130418e-03 0.0000000000000000e+00  8.5128479148344621e-03 -2.4470464978935120e-03 0.0000000000000000e+00  5.2096063882002839e-03 -4.8220218935710879e-03 0.0000000000000000e+00  -9.0449754075320283e-04 1.5658394507148490e-04 0.0000000000000000e+00  -1.1497550172755008e-03 2.8381094034403350e-04 0.0000000000000000e+00  -1.0710350895085494e-03 -2.8608206288574674e-04 0.0000000000000000e+00  -2.0731375622352788e-03 -1.5790990125821538e-02 0.0000000000000000e+00  -5.8598635492396389e-03 -3.1641027197449362e-03 0.0000000000000000e+00  -1.1407758867070336e-02 4.1697866802806252e-03 0.0000000000000000e+00  -8.5083276417382385e-03 4.2547194478330637e-03 0.0000000000000000e+00  -9.9999999913726309e-02 0.0000000000000000e+00 0.0000000000000000e+00  -1.1638600332821573e-03 -5.2741598752763144e-04 0.0000000000000000e+00  8.4711593827188590e-03 -3.3285260073577841e-03 0.0000000000000000e+00  1.0070424913552286e-02 -1.4595053582468211e-03 0.0000000000000000e+00  3.5036690058012671e-03 -2.8748928142424473e-03 0.0000000000000000e+00  -6.5556456357945825e-04 8.3933726250114452e-04 0.0000000000000000e+00  -7.1718103636124030e-04 9.6185132954717471e-04 0.0000000000000000e+00  -2.0331338498870265e-03 -2.2833297158371948e-03 0.0000000000000000e+00  7.5480091331428745e-02 -3.1985477145255408e-05 0.0000000000000000e+00  8.8837344693384803e-04 3.4628452190275758e-05 0.0000000000000000e+00  6.1997282947450133e-02 3.0977520792742361e-03 0.0000000000000000e+00  8.5837422559291356e-04 3.8798505270943822e-05 0.0000000000000000e+00  8.3784629248900098e-03 5.6631248128245532e-04 0.0000000000000000e+00  -3.4696398026106891e-02 -4.0381011761351573e-02 0.0000000000000000e+00  -3.7635015556840294e-03 6.7108017564087904e-03 0.0000000000000000e+00  -9.1248497927224183e-04 -8.6684654366256698e-03 0.0000000000000000e+00  -6.4716320895778744e-03 -1.2330782813531609e-03 0.0000000000000000e+00  -4.1065475871442634e-04 9.5634859931260105e-04 0.0000000000000000e+00  -1.3138251294323008e-03 2.7168630320633996e-03 0.0000000000000000e+00  1.0448330646753159e-03 7.5644563884976686e-05 0.0000000000000000e+00  1.0008030999408208e-03 6.1934772649424550e-05 0.0000000000000000e+00  -8.9755277926882582e-06 -1.9452768180773801e-04 0.0000000000000000e+00  -2.3172662527859707e-03 7.0557084705976016e-03 0.0000000000000000e+00  -1.7454024267958550e-02 7.3114165412322425e-03 0.0000000000000000e+00  -9.3385127583650671e-03 4.8963751759758993e-03 0.0000000000000000e+00  -6.9558757060791634e-02 -4.7820849490922974e-04 0.0000000000000000e+00  -9.9999999913726309e-02 0.0000000000000000e+00 0.0000000000000000e+00  -2.0521899408892817e-03 6.2211935477484218e-04 0.0000000000000000e+00  4.9305845679923418e-04 -1.7022984163542594e-04 0.0000000000000000e+00  3.5433428615039071e-02 -1.9176215445400366e-02 0.0000000000000000e+00  7.2461765759994088e-03 -1.8741279481732969e-02 0.0000000000000000e+00  7.0385698714075058e-03 -1.5924360772296538e-02 0.0000000000000000e+00  4.0373159916021520e-04 -9.9365928805366967e-03 0.0000000000000000e+00  -1.8998548329942548e-05 -9.5468983345260352e-03 0.0000000000000000e+00  7.6927434223073899e-04 -9.3998423581880281e-03 0.0000000000000000e+00  1.0221069344802745e-03 2.2392102491322892e-04 0.0000000000000000e+00  -2.8781066898480987e-04 5.9948762371616936e-05 0.0000000000000000e+00  -2.7250845865966279e-04 1.9767396601142137e-04 0.0000000000000000e+00  -1.5562615319305087e-03 -4.6295155032180079e-04 0.0000000000000000e+00  -3.2812833615573922e-04 2.2999318571692690e-04 0.0000000000000000e+00  -1.1855115557539736e-03 -9.0065348864429057e-04 0.0000000000000000e+00  2.5752884726874853e-03 -3.4195166746378474e-03 0.0000000000000000e+00  2.1261706322703872e-03 -4.2657940047038890e-03 0.0000000000000000e+00  2.8671364141120070e-03 9.5734260847657529e-03 0.0000000000000000e+00  -6.1523308795094975e-03 -4.9033888890758666e-03 0.0000000000000000e+00  -5.0753408620185280e-03 -3.4753550597066800e-03 0.0000000000000000e+00  4.1982597109842576e-02 2.4515715061001152e-04 0.0000000000000000e+00  -1.0038404295329136e-03 -1.9382394319969597e-03 0.0000000000000000e+00  6.1635381259970590e-02 2.6775630155492265e-04 0.0000000000000000e+00  -8.2375180093065606e-04 -6.2087175947180616e-05 0.0000000000000000e+00  1.2796953634331384e-03 2.8052438638113525e-03 0.0000000000000000e+00  4.8325713857405115e-03 -7.6682833057907665e-03 0.0000000000000000e+00  -5.0667904236160240e-03 1.0536603700767345e-04 0.0000000000000000e+00  -3.1217476489482799e-03 5.7984195891320348e-03 0.0000000000000000e+00  -2.4286388931889897e-03 4.6259138536244174e-03 0.0000000000000000e+00  -3.5075083145039311e-04 2.9468305000615380e-04 0.0000000000000000e+00  -2.7756682646976034e-04 3.0266794916934550e-04 0.0000000000000000e+00  3.4917323169410845e-03 -8.6969832042059752e-03 0.0000000000000000e+00  1.2257896115454026e-02 -4.4651757372351046e-03 0.0000000000000000e+00  3.8107061729143604e-03 2.0785990335213914e-03 0.0000000000000000e+00  -7.3328324878171008e-02 -1.3764524821526141e-03 0.0000000000000000e+00  1.0963315641521738e-02 9.8919587264986058e-04 0.0000000000000000e+00  3.0178246147709665e-03 4.6596466081612201e-03 0.0000000000000000e+00  2.7417777512038382e-03 7.2689492417662028e-04 0.0000000000000000e+00  7.3883572517572972e-03 -2.8415288011531589e-03 0.0000000000000000e+00  6.1513144254593172e-02 6.9394087664044542e-05 0.0000000000000000e+00  -1.7677401908434882e-02 7.7668828049480580e-03 0.0000000000000000e+00  -6.6828715062052096e-05 -2.4803074888103129e-04 0.0000000000000000e+00  -6.2767771954671048e-05 -1.3010801328556744e-03 0.0000000000000000e+00  -2.1963037022715241e-03 1.7299627157910490e-04 0.0000000000000000e+00  -1.8660669051377575e-03 1.2303553290103373e-04 0.0000000000000000e+00  4.1609998424164971e-03 -2.4747093349116894e-03 0.0000000000000000e+00  -8.2742732608758265e-04 5.1239610085092920e-04 0.0000000000000000e+00  -5.1788900522217252e-04 4.0286466175659338e-04 0.0000000000000000e+00  -8.9865027198229963e-05 2.1105043204743139e-04 0.0000000000000000e+00  -7.1407444401131055e-04 -7.9350679884594415e-03 0.0000000000000000e+00  6.4020948300318913e-05 -4.6138381629616830e-04 0.0000000000000000e+00  -1.0434346250706984e-02 1.2360975446377143e-02 0.0000000000000000e+00  -1.3458737197265758e-02 1.1739217536188229e-02 0.0000000000000000e+00  -3.9297592146222589e-03 5.9648808474900179e-03 0.0000000000000000e+00  -1.5377231110297420e-02 -2.9577916724573511e-03 0.0000000000000000e+00  4.2437301933028557e-03 1.5343876857337076e-03 0.0000000000000000e+00  1.3172337533481184e-03 -6.9048587656465453e-06 0.0000000000000000e+00  1.1950943584388809e-03 1.8388592057511643e-05 0.0000000000000000e+00  1.2615588740282299e-03 1.4373834085206302e-04 0.0000000000000000e+00  -1.0769379377012524e-03 -1.3738617453246129e-03 0.0000000000000000e+00  -9.8463403664454273e-04 -1.1243405427581407e-03 0.0000000000000000e+00  -1.5734460667159909e-02 3.0815169461916470e-02 0.0000000000000000e+00  -3.7447566814088327e-03 2.9325302508648007e-02 0.0000000000000000e+00  -2.3960262025228083e-02 5.5406670944589252e-02 0.0000000000000000e+00  4.5967516012256418e-03 6.7698977229447392e-03 0.0000000000000000e+00  -5.9982235374979639e-02 1.0393989829798154e-04 0.0000000000000000e+00  -9.9999999913726309e-02 0.0000000000000000e+00 0.0000000000000000e+00  -5.8679256483257454e-02 2.5388664888133130e-04 0.0000000000000000e+00  -9.9999999913726309e-02 0.0000000000000000e+00 0.0000000000000000e+00  -2.4758075322284071e-05 -3.8965045382573850e-04 0.0000000000000000e+00  -2.8522087846354605e-03 -6.3485141592020790e-03 0.0000000000000000e+00  1.2515787995828948e-03 3.4379301077799423e-04 0.0000000000000000e+00  -8.7058032499646120e-04 6.8274031644830640e-04 0.0000000000000000e+00  9.9999999913726309e-02 0.0000000000000000e+00 0.0000000000000000e+00  1.7036809109113827e-04 4.9790869111937628e-04 0.0000000000000000e+00  -3.4655379805132987e-04 5.7307178102717279e-05 0.0000000000000000e+00  4.3789343024971021e-03 1.1449225933529626e-02 0.0000000000000000e+00  3.6149090416401467e-05 -1.1180829301521119e-02 0.0000000000000000e+00  9.9264180829262863e-04 1.3998015022631796e-04 0.0000000000000000e+00  1.0234257251249125e-03 3.9210053773405032e-05 0.0000000000000000e+00  9.9139806418927921e-04 4.1675796562065599e-05 0.0000000000000000e+00  -4.6953319189862612e-02 9.5126495363617013e-03 0.0000000000000000e+00  4.3513939980278611e-04 -1.0181873726979035e-02 0.0000000000000000e+00  1.2008508684617641e-03 1.8057089173263510e-02 0.0000000000000000e+00  -9.9999999913726309e-02 0.0000000000000000e+00 0.0000000000000000e+00  -5.5190183748810011e-02 6.2128180450362236e-04 0.0000000000000000e+00  -5.1214765675726415e-03 4.5177508473720459e-03 0.0000000000000000e+00  1.5149591223936772e-03 4.1403938906694384e-03 0.0000000000000000e+00  -1.1027771646617351e-03 2.2800854551668768e-04 0.0000000000000000e+00  1.7228882111924521e-03 1.0140591410651038e-02 0.0000000000000000e+00  1.2108239279834821e-03 -2.0732340259398407e-02 0.0000000000000000e+00  -1.2235937142720849e-03 -2.4187839796171564e-04 0.0000000000000000e+00  7.0903459865222359e-04 5.5513729619608406e-03 0.0000000000000000e+00  8.3250097104469213e-03 1.2981477541345118e-02 0.0000000000000000e+00  6.1202350973598718e-03 -1.1491720738353046e-02 0.0000000000000000e+00  2.2022779103160256e-03 -1.1235853195700338e-02 0.0000000000000000e+00  -9.9386728296655420e-03 -8.0011297281506605e-03 0.0000000000000000e+00  1.1541395436017227e-02 4.7808313257527157e-03 0.0000000000000000e+00  1.0432255878760547e-02 3.3248561670247922e-03 0.0000000000000000e+00  5.4444546600804634e-04 9.2327196347016013e-04 0.0000000000000000e+00  5.9107947509398525e-05 2.3116781038730775e-04 0.0000000000000000e+00  -2.1796343495615955e-04 2.7843950297823194e-04 0.0000000000000000e+00  -6.2953815350955513e-03 1.3329698023109977e-02 0.0000000000000000e+00  -9.9999999913726309e-02 0.0000000000000000e+00 0.0000000000000000e+00  -4.4336919207988192e-03 -5.7174399823730505e-03 0.0000000000000000e+00  2.6494077093373695e-04 2.5032534268966709e-04 0.0000000000000000e+00  -1.8375873497906707e-03 -6.9679743475762092e-03 0.0000000000000000e+00  6.4836525509921836e-03 7.5906589817060196e-03 0.0000000000000000e+00  4.2266410550931652e-02 1.0650360975246202e-03 0.0000000000000000e+00  8.3868083814325235e-03 -9.7636493648967232e-03 0.0000000000000000e+00  9.6865997209219321e-03 -1.3411059926723359e-02 0.0000000000000000e+00  1.2316573909331330e-02 -1.1668465093860785e-02 0.0000000000000000e+00  4.0255054947486183e-03 -3.8584790324754374e-03 0.0000000000000000e+00  -6.7788632038305475e-03 -1.5954965690193705e-03 0.0000000000000000e+00  -1.0428247049772158e-03 -7.6267027952433720e-03 0.0000000000000000e+00  -1.2786967688333041e-02 1.2707356977245145e-02 0.0000000000000000e+00  -8.2927244804522453e-03 5.1699145340780772e-03 0.0000000000000000e+00  -8.3998619152828944e-03 7.8337253479671895e-03 0.0000000000000000e+00  4.7665847022610626e-03 -5.8330333766521917e-03 0.0000000000000000e+00  4.3268341273574890e-03 9.3475918406595911e-03 0.0000000000000000e+00  1.9094756827621646e-04 3.3377748518073006e-04 0.0000000000000000e+00  -9.6929392892155717e-04 6.8858305608687533e-03 0.0000000000000000e+00  -1.1062772285660640e-03 3.5307311001778473e-04 0.0000000000000000e+00  -2.1000983732899756e-03 3.2465130357368492e-03 0.0000000000000000e+00  3.8416126082715279e-05 1.2396971648093369e-03 0.0000000000000000e+00  -3.2647740886881271e-02 -4.7761801854731591e-03 0.0000000000000000e+00  -7.7121013933173323e-05 2.1362509066853257e-05 0.0000000000000000e+00  -3.2515044191604166e-03 1.0408454585678316e-02 0.0000000000000000e+00  -4.5289896923336364e-03 1.0708707779178005e-02 0.0000000000000000e+00  1.1104847638787278e-03 -1.8949645744375021e-04 0.0000000000000000e+00  1.6824788826928754e-03 -2.0694098669587642e-03 0.0000000000000000e+00  -1.3582008404976637e-02 1.0737999034830249e-05 0.0000000000000000e+00  -1.9627169674164160e-04 2.7561531710337551e-04 0.0000000000000000e+00  -5.9441979725599770e-03 -1.5122421780717360e-03 0.0000000000000000e+00  -1.5910336622945165e-03 9.3276078181377077e-04 0.0000000000000000e+00  -1.5808372576980036e-03 7.8223847881305516e-04 0.0000000000000000e+00  -1.4667093828850306e-03 4.9900241711969221e-04 0.0000000000000000e+00  -1.6064661581330892e-04 2.6211464768764129e-04 0.0000000000000000e+00  -5.6557463122615208e-04 9.2197138749820860e-04 0.0000000000000000e+00  -5.3702809726815029e-04 -9.7365992721452702e-03 0.0000000000000000e+00  -1.0447698503957790e-03 8.1968412380129235e-04 0.0000000000000000e+00  1.9886650825469451e-03 -1.4050439191540260e-03 0.0000000000000000e+00  7.7371101372371515e-03 -7.4128279550442827e-03 0.0000000000000000e+00  6.7793996031392766e-03 -5.5571913644823232e-03 0.0000000000000000e+00  7.7180596214059356e-03 -4.8490972586316345e-03 0.0000000000000000e+00  4.3096653985048427e-03 9.7964999422525262e-03 0.0000000000000000e+00  3.2657193200136009e-03 -1.3319852104352752e-02 0.0000000000000000e+00  2.0031242064125789e-02 -1.6214688750593554e-02 0.0000000000000000e+00  4.4126716449087195e-04 -5.0873899195214879e-04 0.0000000000000000e+00  7.8001218090975943e-05 -8.1266653723924265e-04 0.0000000000000000e+00  2.5330061099590476e-02 -6.7408628466775048e-04 0.0000000000000000e+00  1.2806638490924170e-02 -6.5003767031534653e-04 0.0000000000000000e+00  -2.4243745874054307e-03 -6.2726942151250424e-03 0.0000000000000000e+00  -2.7737319373708977e-03 -7.1426482993971890e-03 0.0000000000000000e+00  3.1887257444065193e-05 -1.6965822835359048e-04 0.0000000000000000e+00  -4.2044331732321355e-04 3.8084588151033895e-03 0.0000000000000000e+00  -5.0202373996582464e-02 5.6542389332765296e-03 0.0000000000000000e+00  -1.0069803583871256e-01 1.7758872482096068e-03 0.0000000000000000e+00  -1.8786430806491381e-03 -5.9315035401836943e-05 0.0000000000000000e+00  1.3729824302284624e-02 -1.6107845252682320e-03 0.0000000000000000e+00  2.2346063055260781e-03 -7.1403267074729116e-03 0.0000000000000000e+00  1.8428916060411894e-03 -7.4457999115335955e-03 0.0000000000000000e+00  -9.7739308925691069e-04 -1.3351437079970626e-04 0.0000000000000000e+00  -8.8071754601195401e-04 6.0205399029030339e-04 0.0000000000000000e+00  -8.6144867125439676e-03 1.3543761892008576e-02 0.0000000000000000e+00  4.0076061876086942e-02 -3.5491741658596849e-03 0.0000000000000000e+00  4.8534894242137187e-04 7.4061997446402735e-03 0.0000000000000000e+00  4.9112010358665749e-03 6.2010411205684979e-03 0.0000000000000000e+00  5.6643633605728142e-03 -1.7813116591057106e-03 0.0000000000000000e+00  -2.0839263865089436e-03 -7.2452038595032442e-03 0.0000000000000000e+00  -5.1647822994890899e-04 1.3127207661739421e-03 0.0000000000000000e+00  2.1277988375600155e-03 8.9281389079493914e-03 0.0000000000000000e+00  2.6376381346802620e-04 -9.1046219464452210e-03 0.0000000000000000e+00  -5.5313726576626211e-03 -9.0221896987000942e-03 0.0000000000000000e+00  -7.1870502013835600e-05 4.6103273028074647e-04 0.0000000000000000e+00  -1.2410992683098266e-02 1.3283025935569624e-03 0.0000000000000000e+00  -9.4669155058039380e-03 -6.8350417245629114e-03 0.0000000000000000e+00  4.7651327336770653e-02 -4.6221923328590760e-03 0.0000000000000000e+00  9.8125887247725303e-04 -5.9873376043057293e-03 0.0000000000000000e+00  -8.7079575041286189e-02 2.3401652449046871e-02 0.0000000000000000e+00  -3.9107981275893005e-04 2.4052708900323987e-04 0.0000000000000000e+00  -6.2291837903106226e-04 3.8300625063771661e-04 0.0000000000000000e+00  3.6469909108720610e-04 9.9966064446153930e-03 0.0000000000000000e+00  -2.8696815347579339e-03 3.6831644690347694e-03 0.0000000000000000e+00  8.2785734687763066e-04 2.6212744699225435e-05 0.0000000000000000e+00  4.2500224566312120e-03 -6.0045729645260802e-03 0.0000000000000000e+00  -9.8724955074986614e-03 1.1425870095732244e-02 0.0000000000000000e+00  -7.9997120935163257e-02 9.4702228184598124e-03 0.0000000000000000e+00  9.6588142362212190e-04 7.3999873547731302e-04 0.0000000000000000e+00  -9.8813190244231917e-04 -1.7008853988937457e-04 0.0000000000000000e+00  -1.1971111951419991e-02 1.4215268564972401e-03 0.0000000000000000e+00  -1.0735254899024922e-02 2.6269735093594485e-04 0.0000000000000000e+00  -1.0598639276890601e-02 -1.4127687314864031e-03 0.0000000000000000e+00  9.0379182262388379e-05 -5.6733525010002880e-05 0.0000000000000000e+00  1.0080158552758102e-02 -5.8408201497173653e-03 0.0000000000000000e+00  5.7941888121263177e-02 -1.4473818334783477e-03 0.0000000000000000e+00  2.5976666067765595e-04 3.0807825577105260e-05 0.0000000000000000e+00  -1.8988902185886690e-02 -3.7804434394285852e-03 0.0000000000000000e+00  -2.1012958996549889e-03 -7.9969553565728876e-03 0.0000000000000000e+00  5.3231781601295551e-06 -2.9163810050212468e-04 0.0000000000000000e+00  1.4370299887953218e-04 -4.1424689417122941e-04 0.0000000000000000e+00  5.2223147128283324e-04 -7.8501278955146921e-03 0.0000000000000000e+00  -8.3979212064926225e-03 -3.2211535356557273e-03 0.0000000000000000e+00  3.9860046523395334e-04 8.5932715446347657e-03 0.0000000000000000e+00  -3.1909754257274765e-04 7.9379934355536643e-04 0.0000000000000000e+00  -4.0051613706311087e-04 6.4407650031233674e-04 0.0000000000000000e+00  -5.9902042532798466e-04 6.5743166972696745e-04 0.0000000000000000e+00  -5.0674037388779192e-04 9.0660248654396034e-04 0.0000000000000000e+00  3.5453684985249049e-04 -1.0192858527675070e-03 0.0000000000000000e+00  -2.1293654749725993e-03 -1.5792052886325274e-02 0.0000000000000000e+00  2.3127333687408817e-02 7.8220509923645001e-04 0.0000000000000000e+00  -3.7868427537202372e-03 -6.5791015980019157e-03 0.0000000000000000e+00  -5.9536389569979045e-02 -8.3133211463537688e-04 0.0000000000000000e+00  -1.5349403666742813e-02 1.4938884057145167e-02 0.0000000000000000e+00  -3.9105406436285841e-03 4.8657378616996840e-03 0.0000000000000000e+00  -4.3919992310484492e-03 -1.2609396418979768e-03 0.0000000000000000e+00  -8.2872520411639337e-04 -1.1208806755418127e-04 0.0000000000000000e+00  -1.1264236275741536e-02 4.7324757622449311e-03 0.0000000000000000e+00  -1.8936483506335585e-02 4.3829185704012215e-03 0.0000000000000000e+00  1.1070738742077148e-03 2.6330913802725184e-05 0.0000000000000000e+00  -3.8637374800889013e-03 1.5598001017225775e-02 0.0000000000000000e+00  -1.8736515575301929e-05 1.2062487240528398e-02 0.0000000000000000e+00  9.5058773009909746e-03 -5.4981688144891891e-03 0.0000000000000000e+00  -1.9154111858796577e-02 -2.7696900355974566e-04 0.0000000000000000e+00  7.1764220979352478e-04 -4.6704301546634250e-04 0.0000000000000000e+00  -7.4858224015858499e-04 -1.5186195485568716e-04 0.0000000000000000e+00  2.4725497700224786e-03 9.8651880258741661e-03 0.0000000000000000e+00  1.5608635684700577e-03 9.8239759533507321e-03 0.0000000000000000e+00  2.6217729909243713e-03 7.1138205893007929e-03 0.0000000000000000e+00  9.6261296313739292e-04 1.0584795800030764e-03 0.0000000000000000e+00  -3.3312675998105365e-03 1.9139437705200848e-02 0.0000000000000000e+00  4.0775350140417870e-03 1.4805059429085953e-02 0.0000000000000000e+00  -1.3188477581424266e-03 1.3424143144768131e-02 0.0000000000000000e+00  -2.6841178880077287e-03 1.3553335743586092e-02 0.0000000000000000e+00  -8.1967869007370259e-03 -3.5510461309263804e-03 0.0000000000000000e+00  1.2493179793441615e-03 -6.0557855463547465e-04 0.0000000000000000e+00  1.4815933988247109e-03 -1.8029545552450379e-03 0.0000000000000000e+00  -8.9692996524499426e-04 -8.6246600024075511e-05 0.0000000000000000e+00  -2.3864500084019918e-03 -7.2581352391220492e-03 0.0000000000000000e+00  1.5643195878655000e-04 -1.9984713279847140e-04 0.0000000000000000e+00  1.6556796428533730e-04 -2.7717586649127511e-04 0.0000000000000000e+00  2.2236666456704304e-04 -2.7299990582344355e-04 0.0000000000000000e+00  4.1445138261555822e-03 -4.6665242679224768e-03 0.0000000000000000e+00  1.3291198611258730e-03 3.5245568659589702e-03 0.0000000000000000e+00  -5.0007811782578446e-02 3.7092719679424615e-03 0.0000000000000000e+00  2.3888128101866619e-04 -3.9221964703622638e-04 0.0000000000000000e+00  -3.7589961648183418e-03 -7.9898397608674128e-03 0.0000000000000000e+00  2.5111818572998174e-03 3.2535422845172235e-03 0.0000000000000000e+00  2.4300597541753313e-02 -2.3847592163932812e-04 0.0000000000000000e+00  -2.2190703304223926e-02 -1.0102371005609947e-02 0.0000000000000000e+00  -1.6612679973371225e-03 -9.1238000899945739e-03 0.0000000000000000e+00  8.7561024096555055e-04 -1.2318115468857324e-03 0.0000000000000000e+00  6.2124830796695873e-03 4.0722497209777558e-03 0.0000000000000000e+00  -6.0935297134961861e-02 2.3052024445100797e-04 0.0000000000000000e+00  -9.9999999913726309e-02 0.0000000000000000e+00 0.0000000000000000e+00  6.1077741024648355e-04 -2.0058309583592806e-04 0.0000000000000000e+00  7.2496448193203804e-04 -2.3227148915603917e-04 0.0000000000000000e+00  5.9372302364773535e-04 -3.2766402249686914e-04 0.0000000000000000e+00  3.8523065363241883e-04 5.8344389680309887e-03 0.0000000000000000e+00  -6.4096540611205581e-03 -1.6833597251513614e-02 0.0000000000000000e+00  -5.0135114975779754e-03 -7.8311060343912945e-03 0.0000000000000000e+00  2.6546933798331342e-03 -5.3766805022856367e-03 0.0000000000000000e+00  3.5185921625148094e-03 -4.6129205684016118e-03 0.0000000000000000e+00  2.3640080499841335e-03 -3.9199901554958366e-03 0.0000000000000000e+00  -3.9453843697440192e-04 -7.6562091369564611e-04 0.0000000000000000e+00  -3.7352942906221430e-04 -6.2780158368276238e-04 0.0000000000000000e+00  -8.7246697293599812e-05 -6.0361259596412669e-04 0.0000000000000000e+00  -3.1816048493621221e-03 -1.1527813277683228e-02 0.0000000000000000e+00  -3.6173330655342481e-03 -1.0406420417771603e-02 0.0000000000000000e+00  4.4226330289374565e-04 -4.8376152926944355e-03 0.0000000000000000e+00  1.6253445965535959e-03 -3.7513585537334547e-03 0.0000000000000000e+00  1.7003499884268344e-03 -3.1436235321403191e-03 0.0000000000000000e+00  1.3318105157837400e-03 -2.7418372137249570e-03 0.0000000000000000e+00  -1.3947000061293141e-03 3.3536810214392001e-03 0.0000000000000000e+00  6.0012088434374129e-03 -8.4028278430865484e-03 0.0000000000000000e+00  -6.7888198874452757e-02 4.1020750468726957e-04 0.0000000000000000e+00  -8.1748965030969132e-04 -1.9671857777873716e-03 0.0000000000000000e+00  -1.0885360272651812e-03 -1.6272497571356822e-03 0.0000000000000000e+00  -7.9512235673570607e-04 -1.6601542212907390e-03 0.0000000000000000e+00  4.6321549003912610e-03 -8.9185686611330788e-03 0.0000000000000000e+00  4.3625906533007906e-03 -9.8499096069746481e-03 0.0000000000000000e+00  5.1918161860328377e-03 -1.0115811351684425e-02 0.0000000000000000e+00  -5.0270446337115195e-03 1.3017949662487472e-02 0.0000000000000000e+00  1.0453097303008353e-02 1.0430199214675136e-02 0.0000000000000000e+00  4.6808318167084932e-03 7.3773140603091520e-03 0.0000000000000000e+00  5.3365729410475475e-03 6.4045091696901171e-03 0.0000000000000000e+00  8.5501132424450326e-03 -2.1190728221736426e-03 0.0000000000000000e+00  4.6296158800635681e-03 5.2304332692603133e-04 0.0000000000000000e+00  -4.9016034519467179e-04 -7.5164466820997070e-03 0.0000000000000000e+00  -1.0285160972787644e-02 -7.8748899906923558e-03 0.0000000000000000e+00  2.5923574285359376e-04 2.1799007894247368e-03 0.0000000000000000e+00  6.8376407155700133e-04 2.1810239752590604e-03 0.0000000000000000e+00  -1.4102256236603985e-03 1.0961629009777329e-02 0.0000000000000000e+00  -2.3732984915392154e-03 1.0346497700625523e-02 0.0000000000000000e+00  -1.1174628460747830e-04 -3.9470941674688589e-04 0.0000000000000000e+00  -2.8832708115145210e-04 -5.2373547233562732e-04 0.0000000000000000e+00  -3.3096666524398130e-04 -2.8740397153697060e-04 0.0000000000000000e+00  1.4984504806757966e-03 8.2631320471045655e-04 0.0000000000000000e+00  -1.7925671112388015e-05 -1.1104910898416352e-04 0.0000000000000000e+00  7.8522398008796048e-04 -1.0022238047660292e-03 0.0000000000000000e+00  4.4818192144975273e-04 -3.9977776481123358e-04 0.0000000000000000e+00  5.0673788416518448e-04 -5.7990649374108614e-04 0.0000000000000000e+00  3.3788409770966338e-04 -4.1679266705313059e-04 0.0000000000000000e+00  5.6904197660643120e-04 -4.3197918188417480e-04 0.0000000000000000e+00  4.0462050684937753e-04 -4.8552370314664385e-04 0.0000000000000000e+00  -1.8462197553751867e-02 1.1451589821532855e-02 0.0000000000000000e+00  3.3202166469702742e-03 3.8869778841645378e-03 0.0000000000000000e+00  2.5718228256591926e-03 4.4735955032207085e-03 0.0000000000000000e+00  4.0559256675391271e-04 7.8310499105994965e-03 0.0000000000000000e+00  -7.4377128633818304e-04 4.7664015950350152e-04 0.0000000000000000e+00  1.7125816437393252e-04 1.3922644316506287e-03 0.0000000000000000e+00  -6.8397967394887807e-04 3.5401777668630976e-03 0.0000000000000000e+00  -3.3874086217513020e-04 -3.1426645037984755e-03 0.0000000000000000e+00  -9.9999999913726309e-02 0.0000000000000000e+00 0.0000000000000000e+00  -8.2951235039201415e-04 -5.9944401567844198e-03 0.0000000000000000e+00  -2.6037695119177939e-03 8.8749059773867421e-04 0.0000000000000000e+00  5.6611806300313769e-03 -3.6211885659512416e-03 0.0000000000000000e+00  -1.9769485478933547e-04 4.4960079217366651e-03 0.0000000000000000e+00  -1.3786605872727407e-03 7.8469835502152138e-03 0.0000000000000000e+00  -2.3306404576687806e-03 8.1982245330191102e-03 0.0000000000000000e+00  -9.9340588379860234e-03 3.5357121392391986e-03 0.0000000000000000e+00  8.1254436618057365e-03 2.9577168185680089e-03 0.0000000000000000e+00  2.8862347903333412e-02 5.3225742113649456e-03 0.0000000000000000e+00  1.8871019997250587e-02 1.1736061011066208e-02 0.0000000000000000e+00  -6.7313736972398469e-04 1.0591551941193838e-03 0.0000000000000000e+00  -9.7998488292348166e-04 -2.6285141923037894e-03 0.0000000000000000e+00  -2.0032515867495731e-03 -2.6653384261644716e-04 0.0000000000000000e+00  -1.6032140000935766e-02 3.5358604587983236e-03 0.0000000000000000e+00  1.1459316943703632e-02 1.4195856353056575e-02 0.0000000000000000e+00  7.4033453445910787e-04 -6.6607243477690000e-03 0.0000000000000000e+00  -5.3152743802959902e-02 1.4951511508796208e-03 0.0000000000000000e+00  3.9007339001493010e-03 2.9817011119694157e-04 0.0000000000000000e+00  -3.2307663086678372e-04 6.4610915378964461e-04 0.0000000000000000e+00  -3.0389167913224963e-03 1.1623104468178052e-02 0.0000000000000000e+00  2.9046972853720746e-04 -2.1329174353626945e-03 0.0000000000000000e+00  -2.6256141558500274e-03 -8.1490922868222900e-03 0.0000000000000000e+00  -1.1185900158812326e-03 1.6780567654210365e-03 0.0000000000000000e+00  -3.2427824673491373e-03 1.4313666443722468e-02 0.0000000000000000e+00  -5.2759666356512361e-04 -8.9552779992454357e-03 0.0000000000000000e+00  -4.7599717021670832e-03 3.7829158902512208e-03 0.0000000000000000e+00  5.2507027281775915e-04 5.4535998267879063e-03 0.0000000000000000e+00  7.1488947343550555e-04 8.4697935135526412e-03 0.0000000000000000e+00  9.7075082944535415e-03 -7.6347706462052342e-03 0.0000000000000000e+00  -6.4723695558169822e-04 2.0948760936482361e-04 0.0000000000000000e+00  5.2892145545160689e-04 -5.6876961680610473e-05 0.0000000000000000e+00  6.5744289976972063e-03 -5.1435136050574960e-03 0.0000000000000000e+00  2.1522482868322674e-03 -3.6254331173688034e-03 0.0000000000000000e+00  4.9802515429588721e-05 2.4798343805283781e-03 0.0000000000000000e+00  -4.1855651170865293e-03 -5.7440711356419762e-06 0.0000000000000000e+00  9.5529905349149444e-02 -5.2889214453750088e-03 0.0000000000000000e+00  9.9704051533529112e-02 -1.8321742260799551e-03 0.0000000000000000e+00  7.3828998560722461e-02 -1.1881731191523481e-02 0.0000000000000000e+00  4.7763740634317094e-03 1.2990670564351808e-02 0.0000000000000000e+00  -8.8494552261186811e-04 8.0414685438322253e-03 0.0000000000000000e+00  9.9525146969181785e-03 -7.1932956636415659e-03 0.0000000000000000e+00  9.9999999913726309e-02 0.0000000000000000e+00 0.0000000000000000e+00  8.7302765605665395e-04 1.5291930784325498e-03 0.0000000000000000e+00  -1.6341485964056380e-03 -7.9674048210085068e-03 0.0000000000000000e+00  -1.3369651181285502e-03 -8.6611563137220394e-03 0.0000000000000000e+00  8.3800771009421757e-04 -2.2410738087203611e-04 0.0000000000000000e+00  1.3165734824775034e-03 7.9257061154147622e-03 0.0000000000000000e+00  4.9328633343553828e-03 4.1542538087804299e-03 0.0000000000000000e+00  4.8624849836607833e-03 5.0800087326343772e-03 0.0000000000000000e+00  3.9486761113359786e-03 4.8390610025338720e-03 0.0000000000000000e+00  3.2828346308183976e-04 6.5775180800621081e-04 0.0000000000000000e+00  1.8794802154093460e-02 -8.5556246597397294e-03 0.0000000000000000e+00  -5.1078929052766313e-05 1.5941684294433274e-03 0.0000000000000000e+00  -1.0062757500905175e-03 -1.0813899691262324e-02 0.0000000000000000e+00  2.6057411909066286e-04 -8.2772054820030080e-05 0.0000000000000000e+00  -1.3232069003228130e-03 -7.5885257063109442e-03 0.0000000000000000e+00  -6.8968857482197110e-04 -7.3016897409896855e-03 0.0000000000000000e+00  -1.0470752996296709e-03 -7.7674557767480092e-03 0.0000000000000000e+00  -9.8986742436080102e-03 1.4466861517131616e-02 0.0000000000000000e+00  1.0055891617001722e-03 8.9339288273659941e-05 0.0000000000000000e+00  7.7897436734300149e-04 8.3765427663798960e-04 0.0000000000000000e+00  -2.1864056550208811e-03 1.1817686628846854e-02 0.0000000000000000e+00  1.7186216703870095e-02 -2.3745046479766575e-03 0.0000000000000000e+00  -4.7468449326112661e-03 -1.8706559577333359e-03 0.0000000000000000e+00  -1.8380605659501869e-04 -6.9335013535875697e-03 0.0000000000000000e+00  -7.8291324802642914e-04 -8.4672987538380662e-04 0.0000000000000000e+00  6.7587921981811612e-03 -6.3052374051241790e-04 0.0000000000000000e+00  -3.1177302313467894e-03 -7.2266560758665272e-03 0.0000000000000000e+00  -3.3867616144010169e-03 -6.2034728897438079e-03 0.0000000000000000e+00  -2.7963782017067945e-03 -8.6923491483102445e-03 0.0000000000000000e+00  -5.8597710740566659e-03 -5.9922699775693932e-03 0.0000000000000000e+00  1.2527863491556527e-02 2.2303219101946912e-02 0.0000000000000000e+00  -3.5631359456764938e-04 4.2125056068238672e-04 0.0000000000000000e+00  -1.5092872209472466e-04 -3.9639981681540803e-04 0.0000000000000000e+00  -9.3881935082259105e-04 9.1889805550273412e-03 0.0000000000000000e+00  5.1968181378674375e-04 -8.7694643898639322e-03 0.0000000000000000e+00  2.1112570094522162e-04 2.7880684252433734e-04 0.0000000000000000e+00  -1.2864659279511886e-03 -9.3884557677909343e-05 0.0000000000000000e+00  -3.0692601704395985e-03 7.1055341157750191e-03 0.0000000000000000e+00  -8.6089471189853654e-03 7.5804157566464392e-03 0.0000000000000000e+00  7.3553961449676392e-04 -1.2829733217605295e-04 0.0000000000000000e+00  -4.8559125174015890e-03 -7.0261557374821449e-03 0.0000000000000000e+00  -6.4355743207385151e-03 -7.0535179395023271e-03 0.0000000000000000e+00  -1.3187058638878554e-03 3.7353578613109895e-03 0.0000000000000000e+00  -3.4055303046680291e-04 -7.6485885256624556e-04 0.0000000000000000e+00  -1.7431453472783692e-03 7.3606137001758047e-04 0.0000000000000000e+00  -7.7786011825128299e-03 9.9231269300106926e-03 0.0000000000000000e+00  -1.6515655963445406e-04 -4.0225360897003255e-03 0.0000000000000000e+00  5.0317999580073606e-05 4.3877294252689749e-04 0.0000000000000000e+00  1.0017289068310149e-03 -2.0312644693525599e-03 0.0000000000000000e+00  -4.6985288705525515e-03 7.6985039229226322e-03 0.0000000000000000e+00  -5.3835225375165520e-05 -2.2643880839354025e-03 0.0000000000000000e+00  -2.7852813557582394e-03 5.4133824749537825e-03 0.0000000000000000e+00  -2.4952688435324398e-03 7.1025875172203122e-03 0.0000000000000000e+00  -6.1779603338593990e-03 -2.2292955002310374e-04 0.0000000000000000e+00  5.1018585077362748e-03 -1.6929757585530426e-02 0.0000000000000000e+00  4.5168249945253926e-03 -5.7598073737684368e-03 0.0000000000000000e+00  -2.9389779455171938e-03 8.1003777847401121e-03 0.0000000000000000e+00  2.7325957870236580e-03 -1.2246086573681906e-02 0.0000000000000000e+00  3.9281823450554466e-03 -1.1011110246365891e-02 0.0000000000000000e+00  2.9967563194736539e-03 -1.3382509842838966e-03 0.0000000000000000e+00  3.1409127585689338e-03 -1.4018676609253574e-03 0.0000000000000000e+00  6.3176046658451543e-02 1.9096609918247979e-03 0.0000000000000000e+00  4.2418114690119017e-02 5.7402579781084860e-03 0.0000000000000000e+00  5.5258817297802625e-02 3.6440416138992827e-03 0.0000000000000000e+00  1.1759589155710308e-02 -1.6951327027819402e-02 0.0000000000000000e+00  -4.8071613053128945e-02 1.9280728472072173e-02 0.0000000000000000e+00  -8.8872171130858558e-04 -3.2438440722828356e-03 0.0000000000000000e+00  -8.1342849544949246e-04 -3.5765854512601332e-03 0.0000000000000000e+00  8.7820931995961983e-05 -1.2153213436321336e-04 0.0000000000000000e+00  -3.3974059198547783e-03 -3.0040734857684627e-03 0.0000000000000000e+00  1.3623962027532665e-04 7.2875854269090099e-03 0.0000000000000000e+00  -3.9878135242716944e-04 -8.7172218123179705e-03 0.0000000000000000e+00  -8.7308824793401602e-03 2.1148709042028550e-03 0.0000000000000000e+00  5.5960432734113502e-03 -4.0696127280352695e-03 0.0000000000000000e+00  4.9769659438331504e-03 7.4932985041082428e-03 0.0000000000000000e+00  -9.7588224223925282e-04 -2.1562189614692258e-04 0.0000000000000000e+00  5.9213194357478514e-03 -5.3581691883156108e-03 0.0000000000000000e+00  5.9091218470265303e-03 2.9675917938367801e-03 0.0000000000000000e+00  -6.5022244300086526e-04 4.7327518144649802e-04 0.0000000000000000e+00  5.6797271991897624e-05 9.3659922993082449e-03 0.0000000000000000e+00  -1.0880953538258584e-03 -4.4175622597921486e-03 0.0000000000000000e+00  -6.6002981106923469e-04 -8.3636421711159609e-03 0.0000000000000000e+00  7.6235671239086454e-05 -1.4626358745871787e-04 0.0000000000000000e+00  -7.7176792367660381e-03 -9.6133282571813656e-03 0.0000000000000000e+00  9.4649995410246723e-04 -4.7341521919504545e-04 0.0000000000000000e+00  -2.6721648793581235e-03 -3.0614433646146552e-04 0.0000000000000000e+00  -2.9463089413215185e-03 -9.1735539070453773e-03 0.0000000000000000e+00  -4.3981480930895597e-03 -9.1735706255502980e-03 0.0000000000000000e+00  -4.8677143803411479e-03 1.9888036373821798e-02 0.0000000000000000e+00  -2.7178813353822993e-05 -3.9356329344260869e-04 0.0000000000000000e+00  2.8631867930766198e-03 1.2640567493212311e-03 0.0000000000000000e+00  2.5754431364465803e-03 4.9998483185946258e-04 0.0000000000000000e+00  4.8113839807010853e-03 5.8149017327822992e-04 0.0000000000000000e+00  -1.5862469388395190e-04 2.9243321508528453e-04 0.0000000000000000e+00  8.2994748689180480e-03 -7.3562727312642814e-03 0.0000000000000000e+00  5.6200882522455860e-03 -7.6684802383513596e-03 0.0000000000000000e+00  7.1470554624112259e-03 -9.7243699540372625e-03 0.0000000000000000e+00  6.4353529244700978e-03 -9.1578687787957601e-03 0.0000000000000000e+00  -3.5109354061260283e-05 3.4871876261874683e-04 0.0000000000000000e+00  -3.4805644920002474e-02 -1.3446256307282265e-03 0.0000000000000000e+00  -9.6050400228564221e-04 -3.2824608386093880e-05 0.0000000000000000e+00  2.0311678815270511e-02 4.8953384401245910e-04 0.0000000000000000e+00  -1.4482421144364568e-03 6.7412339643625127e-03 0.0000000000000000e+00  -9.9999999913726309e-02 0.0000000000000000e+00 0.0000000000000000e+00  -6.3632676571057672e-02 -1.3935590954449720e-04 0.0000000000000000e+00  -7.4775747143211072e-02 3.0038911652507000e-04 0.0000000000000000e+00  5.7642668693848301e-05 1.1240929542426073e-05 0.0000000000000000e+00  8.2214519306898179e-05 5.7804628856793639e-04 0.0000000000000000e+00  3.1080438572199373e-02 2.8889022415060068e-04 0.0000000000000000e+00  4.9239067185639493e-03 3.2092383545515488e-03 0.0000000000000000e+00  4.7231725008133781e-03 2.3986112670630394e-03 0.0000000000000000e+00  4.0828414685160084e-03 3.2643249738723806e-03 0.0000000000000000e+00  -1.8539317379429431e-04 2.5833568929904522e-03 0.0000000000000000e+00  -5.7698651428468042e-04 -8.4305679053261647e-03 0.0000000000000000e+00  9.9999999913726309e-02 0.0000000000000000e+00 0.0000000000000000e+00  -9.7466092411903644e-03 1.5248257048417774e-02 0.0000000000000000e+00  -2.1320780687013173e-02 1.2570952481873924e-02 0.0000000000000000e+00  -3.5495189104735965e-04 -6.0746721543456523e-03 0.0000000000000000e+00  1.6043009220777773e-03 -1.6084908615071825e-02 0.0000000000000000e+00  6.7709943081943407e-04 1.1658181241733484e-03 0.0000000000000000e+00  4.9761501096600505e-02 -1.3836846964456672e-03 0.0000000000000000e+00  1.3816555247379535e-04 1.1354467293674128e-03 0.0000000000000000e+00  1.3008723132488641e-03 -3.8243171658227195e-03 0.0000000000000000e+00  -1.9297370886581263e-04 -3.6072494249980410e-05 0.0000000000000000e+00  2.3202330797936219e-03 -1.3852738144731955e-03 0.0000000000000000e+00  4.8200025354343127e-03 -1.5148505061251560e-03 0.0000000000000000e+00  -2.3863481650821813e-04 1.7996914182544598e-04 0.0000000000000000e+00  -1.2830301511526595e-03 -1.0292859126691147e-02 0.0000000000000000e+00  -3.0419136070896457e-03 -7.6632890744610200e-03 0.0000000000000000e+00  -5.2962817140866118e-03 -8.8930800643391829e-04 0.0000000000000000e+00  -3.3528603344278535e-03 9.0710064781052910e-03 0.0000000000000000e+00  -8.5518824963687053e-04 1.2713838955347228e-03 0.0000000000000000e+00  -2.5384853010238168e-04 3.9043996942677856e-04 0.0000000000000000e+00  -6.9243636689285154e-04 -7.9912680493369487e-03 0.0000000000000000e+00  1.0931823516508580e-03 -1.0427178355753435e-04 0.0000000000000000e+00  -2.1335306636118347e-05 -8.9048333360868068e-03 0.0000000000000000e+00  -1.5229353767076362e-03 -5.1709173820451175e-03 0.0000000000000000e+00  5.8935650269039911e-03 5.6983523943933889e-03 0.0000000000000000e+00  5.2839678377767636e-05 2.4116940026066118e-03 0.0000000000000000e+00  -8.6333349638871883e-03 3.5132349297090719e-03 0.0000000000000000e+00  1.4723137216161383e-02 2.4604690806546976e-03 0.0000000000000000e+00  -6.8519330248795404e-02 -2.9745608389480384e-04 0.0000000000000000e+00  6.0731624531624225e-04 -6.2562344193752700e-04 0.0000000000000000e+00  2.3729479091665635e-03 1.6266165217282752e-04 0.0000000000000000e+00  -1.5432143356822966e-03 1.2407022529756231e-04 0.0000000000000000e+00  -7.5245622737142061e-03 -5.9880370234394647e-03 0.0000000000000000e+00  5.1141040961382011e-03 -3.2594345196830556e-03 0.0000000000000000e+00  1.0111043557350010e-03 -1.6161857599176468e-03 0.0000000000000000e+00  5.4873908151133568e-04 -1.3671994474817189e-03 0.0000000000000000e+00  7.0330692360758929e-04 -1.8991087056212540e-03 0.0000000000000000e+00  4.3331713910694644e-03 6.0361902283462918e-03 0.0000000000000000e+00  9.7760366993588895e-04 3.9573572409230713e-03 0.0000000000000000e+00  5.1437223679423616e-04 3.5032789040478681e-03 0.0000000000000000e+00  -2.1190253820735141e-04 9.6422828878220998e-04 0.0000000000000000e+00  1.1189374548996932e-03 -4.6383556938801836e-03 0.0000000000000000e+00  3.4293461283513250e-04 -2.2547773863971314e-04 0.0000000000000000e+00  3.2794231514167048e-04 -6.3969200814392930e-05 0.0000000000000000e+00  3.3409277564738435e-04 -1.4359443238258480e-04 0.0000000000000000e+00  2.1530909343149554e-04 -8.5816218508534652e-03 0.0000000000000000e+00  -2.7532876761798218e-04 -8.2924565852178795e-03 0.0000000000000000e+00  6.5644872121501923e-03 -4.6855209592557958e-03 0.0000000000000000e+00  8.7049407966180888e-03 -4.0176346660815102e-03 0.0000000000000000e+00  1.1359959651192615e-02 -7.1982560866309378e-03 0.0000000000000000e+00  2.8332542378305050e-04 1.7497462865711537e-03 0.0000000000000000e+00  -7.6067828340845576e-04 1.5651004144226883e-03 0.0000000000000000e+00  -4.0686393835562945e-06 -1.5000017115207620e-03 0.0000000000000000e+00  -6.4959680001420864e-03 -3.3618182554782305e-03 0.0000000000000000e+00  -1.4672482263719195e-02 2.2043742181233110e-02 0.0000000000000000e+00  2.7989749875300838e-04 9.5449296300234646e-03 0.0000000000000000e+00  -3.7725368581067592e-02 1.3498512641789934e-03 0.0000000000000000e+00  1.3612929007867816e-03 -1.2999685772076496e-03 0.0000000000000000e+00  -5.3164195629682072e-04 3.9761049917758384e-05 0.0000000000000000e+00  -1.4412742870120265e-04 -2.8803551054406048e-03 0.0000000000000000e+00  9.7204579172204951e-04 2.5627667961176145e-04 0.0000000000000000e+00  -8.3627535540673672e-03 -3.9195501439940718e-03 0.0000000000000000e+00  -4.3630779682050300e-03 -4.9130666048328563e-03 0.0000000000000000e+00  -1.5516549269722288e-03 -3.3261574532367929e-03 0.0000000000000000e+00  -3.4812963987798777e-03 -1.0753903695868933e-03 0.0000000000000000e+00  -3.2671120860091390e-03 1.7744610325702185e-04 0.0000000000000000e+00  1.1774852958521498e-04 -6.0136104361951676e-03 0.0000000000000000e+00  6.9481997850392118e-04 8.5848202291090095e-03 0.0000000000000000e+00  -4.2861104483249483e-04 -6.8385326773510880e-03 0.0000000000000000e+00  -7.5011350878788601e-04 3.1383061889668897e-04 0.0000000000000000e+00  -8.5487427990490941e-04 3.5349215141088265e-04 0.0000000000000000e+00  -8.0606156035678577e-04 5.1564705479892889e-04 0.0000000000000000e+00  8.4858090051972423e-03 -5.5725691961033786e-03 0.0000000000000000e+00  -8.9645154194556674e-03 -2.9126329876686895e-03 0.0000000000000000e+00  -9.0206053693539642e-04 -2.3350701811661434e-04 0.0000000000000000e+00  9.9999999913726309e-02 0.0000000000000000e+00 0.0000000000000000e+00  -6.3090342752489476e-03 -9.0089106044841261e-03 0.0000000000000000e+00  6.0553905965431941e-02 -2.1003323391645778e-03 0.0000000000000000e+00  -3.3863746101734965e-04 -5.0006280513943701e-04 0.0000000000000000e+00  -4.2709913370658726e-04 -3.6307470103426955e-04 0.0000000000000000e+00  -1.7235596416577514e-02 1.4525578853248890e-04 0.0000000000000000e+00  5.6405425338167028e-03 9.3156835263046699e-03 0.0000000000000000e+00  1.7777578450821588e-03 -3.1702999176740623e-03 0.0000000000000000e+00  2.1065382204882074e-02 4.7928913844352367e-04 0.0000000000000000e+00  -3.3078741698942715e-03 3.1961462158256685e-03 0.0000000000000000e+00  1.7144343135557395e-04 -7.1053850592623443e-04 0.0000000000000000e+00  -1.3647855689121998e-04 1.1608643351744402e-03 0.0000000000000000e+00  7.0754255243703715e-03 6.6154310154672357e-03 0.0000000000000000e+00  6.8474773435880393e-03 8.3364522519201161e-03 0.0000000000000000e+00  1.3488663825887834e-04 2.6306719001456644e-04 0.0000000000000000e+00  7.1562461061647334e-05 2.8471783357127492e-04 0.0000000000000000e+00  1.3339923913057648e-04 3.4876851811882985e-04 0.0000000000000000e+00  -6.1935059369797475e-03 -9.6379149854078239e-03 0.0000000000000000e+00  -2.6735619797152747e-03 -8.3588735224826224e-03 0.0000000000000000e+00  1.5685836921296145e-04 -8.8503287670634685e-05 0.0000000000000000e+00  4.7674601723587845e-05 2.2849109653055657e-04 0.0000000000000000e+00  6.0594230624129511e-05 3.0510392088836815e-04 0.0000000000000000e+00  2.1981169679825354e-05 3.8792019025767570e-04 0.0000000000000000e+00  1.0121631828094628e-03 1.5838608567725713e-05 0.0000000000000000e+00  6.7274770907299467e-04 1.0701144313248118e-02 0.0000000000000000e+00  -6.8768264085551894e-04 7.3346667429663784e-04 0.0000000000000000e+00  -1.7531185329815746e-04 1.7051084391591304e-03 0.0000000000000000e+00  8.7340344567598694e-03 -7.1869258215933153e-04 0.0000000000000000e+00  1.9216172955420457e-03 -8.8330845360711247e-03 0.0000000000000000e+00  9.9999999913726309e-02 0.0000000000000000e+00 0.0000000000000000e+00  1.9754597897565222e-02 7.1751622062386292e-03 0.0000000000000000e+00  8.2809079126522200e-03 1.1780540811722770e-03 0.0000000000000000e+00  1.6153404810515744e-02 6.6567156461418558e-03 0.0000000000000000e+00  -1.5212660220575603e-04 2.0981473476906947e-03 0.0000000000000000e+00  1.1585424458175353e-03 1.3322997551888428e-03 0.0000000000000000e+00  6.6703364419850079e-04 1.7961659584564819e-03 0.0000000000000000e+00  -6.1238460325319898e-03 -1.0683847151315835e-02 0.0000000000000000e+00  -2.6527116366011926e-02 1.9288652046164764e-03 0.0000000000000000e+00  -5.9933305055705509e-02 -2.1106720954362931e-04 0.0000000000000000e+00  1.1064184889148962e-02 1.5966394038673794e-03 0.0000000000000000e+00  -7.1155297339582308e-03 4.8740547672401048e-03 0.0000000000000000e+00  1.1760477204458252e-02 6.9525660921487299e-03 0.0000000000000000e+00  8.1976104549531792e-04 8.6499494139671007e-03 0.0000000000000000e+00  1.6448191816299549e-04 -3.6161321558596070e-05 0.0000000000000000e+00  3.9791100061620172e-03 -7.8136327945737515e-03 0.0000000000000000e+00  -1.0933872540590615e-03 4.6620445469299282e-03 0.0000000000000000e+00  5.5954922935718932e-05 1.3665378202183163e-04 0.0000000000000000e+00  3.0129156007362319e-04 5.8113983996876204e-03 0.0000000000000000e+00  1.0426549930086035e-04 2.7614839492431241e-03 0.0000000000000000e+00  -4.3506149249769582e-04 -1.4181918482256493e-03 0.0000000000000000e+00  -9.9999999913726309e-02 0.0000000000000000e+00 0.0000000000000000e+00  -9.9999999913726309e-02 0.0000000000000000e+00 0.0000000000000000e+00  -2.3142474350611900e-05 8.9042462463734604e-05 0.0000000000000000e+00  -9.9999999913726309e-02 0.0000000000000000e+00 0.0000000000000000e+00  -2.8405339051135691e-04 -5.2784541898316098e-03 0.0000000000000000e+00  6.2026922497882637e-04 8.0768135598903064e-03 0.0000000000000000e+00  9.9999999913726309e-02 0.0000000000000000e+00 0.0000000000000000e+00  9.9999999913726309e-02 0.0000000000000000e+00 0.0000000000000000e+00  1.1960860581891005e-04 3.5369816567439880e-03 0.0000000000000000e+00  9.9999999913726309e-02 0.0000000000000000e+00 0.0000000000000000e+00  -2.1249455045993537e-04 -3.6858510301380392e-03 0.0000000000000000e+00  -6.6774524542128353e-04 -8.7314164717442692e-03 0.0000000000000000e+00  -9.9999999913726309e-02 0.0000000000000000e+00 0.0000000000000000e+00  7.7862383641174454e-04 7.9060890891690262e-03 0.0000000000000000e+00  -9.9999999913726309e-02 0.0000000000000000e+00 0.0000000000000000e+00  4.5608034234586108e-05 -5.0317559130850099e-05 0.0000000000000000e+00  1.1588937604404759e-04 1.6512784444635352e-04 0.0000000000000000e+00  -9.9999999913726309e-02 0.0000000000000000e+00 0.0000000000000000e+00  2.3984573784039941e-04 4.2343784316110052e-03 0.0000000000000000e+00  9.9999999913726309e-02 0.0000000000000000e+00 0.0000000000000000e+00  5.1807285435881447e-05 4.0984663043214752e-04 0.0000000000000000e+00  -5.9545150113629979e-02 1.0143615401493349e-04 0.0000000000000000e+00  -9.9999999913726309e-02 0.0000000000000000e+00 0.0000000000000000e+00  -9.9999999913726309e-02 0.0000000000000000e+00 0.0000000000000000e+00  3.6683396334935954e-05 2.2716315862506082e-04 0.0000000000000000e+00  2.8947280695938843e-05 7.2455892052590375e-05 0.0000000000000000e+00  3.0906262033483682e-05 8.3563175337762231e-04 0.0000000000000000e+00  -9.9999999913726309e-02 0.0000000000000000e+00 0.0000000000000000e+00  -2.7310096386758544e-05 -1.5541258910031528e-04 0.0000000000000000e+00  8.2879915844229993e-05 2.9460920760246774e-03 0.0000000000000000e+00  1.4761813863915522e-05 1.2782307386693379e-03 0.0000000000000000e+00  7.2178801378056947e-04 8.6678822665881994e-03 0.0000000000000000e+00  2.9283899777109066e-05 -9.3996404035057038e-04 0.0000000000000000e+00  -6.6881450924314808e-04 -7.1984608686677665e-03 0.0000000000000000e+00  -1.2786513150489294e-05 1.8757915817629628e-04 0.0000000000000000e+00  9.9999999913726309e-02 0.0000000000000000e+00 0.0000000000000000e+00  1.7312141642721165e-05 1.6023749048619024e-03 0.0000000000000000e+00  -5.8179634700020373e-04 -7.7706813787554200e-03 0.0000000000000000e+00  -6.5332316301449842e-04 -8.1901313023604993e-03 0.0000000000000000e+00  -9.9999999913726309e-02 0.0000000000000000e+00 0.0000000000000000e+00  -5.5014328171069298e-04 -2.7463798671420276e-03 0.0000000000000000e+00  -7.1569540090220729e-04 -8.4319409783076889e-03 0.0000000000000000e+00  2.3444226745583142e-04 4.9897319105724099e-03 0.0000000000000000e+00  -1.0717487134495023e-04 -1.3955644666356282e-04 0.0000000000000000e+00  -3.8549515041401389e-04 -6.3841642838316859e-03 0.0000000000000000e+00  8.2496471222308116e-04 8.2190777185197610e-03 0.0000000000000000e+00  1.1510989683283212e-05 2.3592745579802945e-04 0.0000000000000000e+00  8.9537147351225900e-05 2.3304872374502869e-03 0.0000000000000000e+00  -3.5922852258445778e-06 -1.5220340790940948e-03 0.0000000000000000e+00  9.9999999913726309e-02 0.0000000000000000e+00 0.0000000000000000e+00  8.2185771875440287e-05 1.9063402184443753e-03 0.0000000000000000e+00  -9.9999999913726309e-02 0.0000000000000000e+00 0.0000000000000000e+00  3.0290802038715491e-05 6.1904674027417968e-04 0.0000000000000000e+00  9.9999999913726309e-02 0.0000000000000000e+00 0.0000000000000000e+00  1.6203014256446237e-05 2.8008369052177592e-04 0.0000000000000000e+00  -6.7226669938883563e-06 1.0087821746591590e-03 0.0000000000000000e+00  9.9999999913726309e-02 0.0000000000000000e+00 0.0000000000000000e+00  -9.9999999913726309e-02 0.0000000000000000e+00 0.0000000000000000e+00  -9.9999999913726309e-02 0.0000000000000000e+00 0.0000000000000000e+00  -4.7095888914116857e-04 -5.3125278346848014e-03 0.0000000000000000e+00  -7.7520665492957473e-04 -8.4975190477838778e-03 0.0000000000000000e+00  -7.3292575334350536e-04 -8.7336862688087470e-03 0.0000000000000000e+00  -1.3564824858298459e-07 -1.1889632792089239e-03 0.0000000000000000e+00  9.9999999913726309e-02 0.0000000000000000e+00 0.0000000000000000e+00  9.9999999913726309e-02 0.0000000000000000e+00 0.0000000000000000e+00  -4.0472850470326218e-05 7.6740575169085494e-04 0.0000000000000000e+00  9.9999999913726309e-02 0.0000000000000000e+00 0.0000000000000000e+00  -9.9999999913726309e-02 0.0000000000000000e+00 0.0000000000000000e+00  9.9999999913726309e-02 0.0000000000000000e+00 0.0000000000000000e+00  -5.2327837300552001e-05 3.1670246938471261e-04 0.0000000000000000e+00  9.9999999913726309e-02 0.0000000000000000e+00 0.0000000000000000e+00  1.8328872262653052e-05 1.0314335163959299e-03 0.0000000000000000e+00  7.4813756111475650e-04 8.3919624976214729e-03 0.0000000000000000e+00  3.7631127173884335e-06 -6.5190759288746709e-05 0.0000000000000000e+00  2.9551101261512274e-04 4.1151927836490139e-03 0.0000000000000000e+00  3.6278691535455338e-05 -7.1317747131391504e-04 0.0000000000000000e+00  5.5621036367108165e-05 -4.9923496933497013e-04 0.0000000000000000e+00  8.2865856609509422e-04 8.5230720532150032e-03 0.0000000000000000e+00  -4.5549707265655007e-04 -7.1039862406271108e-03 0.0000000000000000e+00  -8.1160655691476336e-05 -1.7800705322301965e-03 0.0000000000000000e+00  -5.9807230901123831e-04 -8.5658501096794581e-03 0.0000000000000000e+00  2.6110486514024480e-05 1.9767121773128587e-03 0.0000000000000000e+00  -5.7356652501459925e-04 -6.3834073131600064e-03 0.0000000000000000e+00  9.9999999913726309e-02 0.0000000000000000e+00 0.0000000000000000e+00  9.9999999913726309e-02 0.0000000000000000e+00 0.0000000000000000e+00  -9.4260655248489686e-05 1.3447563671669849e-03 0.0000000000000000e+00  -7.6447997875754147e-04 -5.0054586774848225e-03 0.0000000000000000e+00  -1.0839109003166120e-04 -3.3428430014968225e-03 0.0000000000000000e+00  -2.0433580324336768e-05 -1.9432346707703074e-04 0.0000000000000000e+00  7.4289576916608850e-04 6.4529843492657120e-03 0.0000000000000000e+00  9.9999999913726309e-02 0.0000000000000000e+00 0.0000000000000000e+00  9.9999999913726309e-02 0.0000000000000000e+00 0.0000000000000000e+00  7.6683201708361648e-04 7.2745704606975315e-03 0.0000000000000000e+00  -6.9222555299838545e-04 -3.9279634069663448e-03 0.0000000000000000e+00  5.7199742131806799e-05 1.5284373323272572e-03 0.0000000000000000e+00  4.0524502425796742e-04 6.6171367749422129e-03 0.0000000000000000e+00  6.5138040177662295e-04 4.5801025978310051e-03 0.0000000000000000e+00  -8.4600393212372847e-04 -6.8172018672412668e-03 0.0000000000000000e+00  1.6283359293600236e-04 3.5090539074555029e-03 0.0000000000000000e+00  1.0835118830570928e-04 2.8412703770552186e-03 0.0000000000000000e+00  6.1247472340242174e-04 8.0737972808900028e-03 0.0000000000000000e+00  -9.9999999913726309e-02 0.0000000000000000e+00 0.0000000000000000e+00  9.9999999913726309e-02 0.0000000000000000e+00 0.0000000000000000e+00  -9.9999999913726309e-02 0.0000000000000000e+00 0.0000000000000000e+00  -7.2378188950454668e-04 -8.3342837311224851e-03 0.0000000000000000e+00  -2.5532366332975707e-04 -4.4968531044497521e-03 0.0000000000000000e+00  -3.3230149148357960e-04 -4.0938459766052399e-03 0.0000000000000000e+00  -7.2670267554209833e-05 -2.7563499857010793e-03 0.0000000000000000e+00  -2.2043885282598886e-04 -4.7618301293081127e-03 0.0000000000000000e+00  -4.5086599116921752e-05 -6.0208370902303278e-04 0.0000000000000000e+00  -9.9999999913726309e-02 0.0000000000000000e+00 0.0000000000000000e+00  -2.4462448336849119e-05 -1.8476220243868401e-03 0.0000000000000000e+00  5.9482814502027067e-05 -2.9046510616989233e-04 0.0000000000000000e+00  -2.7913719825929353e-04 -5.5581686692449369e-03 0.0000000000000000e+00  -5.9923006721334341e-05 -9.2488782471938967e-04 0.0000000000000000e+00  -1.0592670339706077e-04 -2.3451051763074536e-03 0.0000000000000000e+00  6.0896965476275304e-05 3.0950821981619737e-04 0.0000000000000000e+00  -5.2982378052588389e-05 7.3563851094574320e-05 0.0000000000000000e+00  -8.0422396322488447e-04 -8.1768759876178175e-03 0.0000000000000000e+00  6.5654873886485077e-04 8.4818473758885571e-03 0.0000000000000000e+00  5.1950067706992779e-04 7.4390050057844695e-03 0.0000000000000000e+00  -5.7944777594226022e-03 -7.2455177571677937e-03 0.0000000000000000e+00  -3.2453587272141238e-03 2.0674274977028929e-03 0.0000000000000000e+00  1.9228465561315436e-03 -2.8037841598212505e-02 0.0000000000000000e+00  1.6958778824683975e-03 -4.0135599480373577e-03 0.0000000000000000e+00  -1.4198664811591703e-04 -1.7928068933325758e-04 0.0000000000000000e+00  -2.2360516523238323e-03 -4.6177572526429969e-03 0.0000000000000000e+00  -3.2840879833997852e-04 -4.6390483823419826e-05 0.0000000000000000e+00  -3.4369440996889121e-05 2.8436280643981654e-04 0.0000000000000000e+00  2.6299509186574581e-03 8.4048892185702231e-03 0.0000000000000000e+00  3.7289564153930078e-04 1.5714554241502258e-03 0.0000000000000000e+00  5.1708610732508842e-04 1.4127482938915189e-03 0.0000000000000000e+00  3.2246163681491928e-04 1.2611466889620034e-03 0.0000000000000000e+00  -2.1161964697424028e-03 5.1228532392457648e-03 0.0000000000000000e+00  -3.1407573001203539e-05 2.9384321288665051e-03 0.0000000000000000e+00  3.5091885570682673e-03 -3.3259740920865044e-03 0.0000000000000000e+00  -9.4745684822016300e-04 1.0178324793507457e-04 0.0000000000000000e+00  -1.5527352042620402e-03 -2.7353130719298189e-03 0.0000000000000000e+00  -9.5980525813312137e-02 1.6030490303314236e-02 0.0000000000000000e+00  -8.5491790773000051e-02 9.5927108955757012e-03 0.0000000000000000e+00  -1.6090649680469940e-03 -6.4899620192985770e-04 0.0000000000000000e+00  -1.6306661426611585e-03 -9.0476339221331071e-04 0.0000000000000000e+00  -1.8670462904106209e-03 -6.3151156512132069e-04 0.0000000000000000e+00  -4.6321544882231619e-03 2.4511146747358994e-03 0.0000000000000000e+00  3.8325803631194790e-05 -1.0670535863779439e-04 0.0000000000000000e+00  3.7942420743315253e-05 -1.3832605962981147e-03 0.0000000000000000e+00  1.9805085810223246e-03 9.9881984587448435e-04 0.0000000000000000e+00  -5.3714513138827336e-04 -5.7341024463382828e-03 0.0000000000000000e+00  -4.1960469026288821e-05 1.4852022186791012e-03 0.0000000000000000e+00  6.2601681118853924e-03 -2.3163427868874284e-03 0.0000000000000000e+00  3.3902321929596677e-03 -2.9973601376525379e-04 0.0000000000000000e+00  1.4408161812377702e-03 -9.2287120450977752e-04 0.0000000000000000e+00  -3.6203847768704814e-04 5.8200755164422786e-04 0.0000000000000000e+00  -8.9506317177050578e-04 2.1322791598809306e-05 0.0000000000000000e+00  3.9463210840044649e-03 7.9715093641268449e-03 0.0000000000000000e+00  4.0687035398947469e-03 -1.3017818561665383e-02 0.0000000000000000e+00  1.1403713823708928e-03 -5.5430922184476402e-05 0.0000000000000000e+00  4.0593644666569641e-03 -6.7446114883801343e-03 0.0000000000000000e+00  9.1427997988466055e-04 -6.7129161167006060e-04 0.0000000000000000e+00  -3.9868461254933527e-02 4.4523192673969472e-03 0.0000000000000000e+00  -7.9317210907743716e-04 9.0754691625774663e-03 0.0000000000000000e+00  -2.3701020672580290e-02 8.7084027377275306e-04 0.0000000000000000e+00  2.4204943901895822e-02 4.5635569913565358e-03 0.0000000000000000e+00  -1.1385639093208385e-02 -1.4867098943084852e-02 0.0000000000000000e+00  8.2512663785384757e-02 -1.0092536875827550e-02 0.0000000000000000e+00  8.6393613641213340e-02 -1.3692318137088582e-02 0.0000000000000000e+00  -3.4066400292539181e-03 -3.5909002085921346e-03 0.0000000000000000e+00  -2.3009217754422439e-03 -3.3032318188918244e-03 0.0000000000000000e+00  -1.3784292526193411e-03 -9.0765669142541059e-04 0.0000000000000000e+00  -9.6195561425763717e-05 1.1457322209090220e-04 0.0000000000000000e+00  -9.3806841888085916e-04 -4.2345852945806353e-05 0.0000000000000000e+00  1.7922169590322615e-04 1.4241539083978164e-03 0.0000000000000000e+00  -1.2141437300585861e-04 1.8256548992583494e-04 0.0000000000000000e+00  -1.2962764348890476e-04 2.2019919814436400e-04 0.0000000000000000e+00  -6.8736588286731376e-04 2.9551329781408765e-03 0.0000000000000000e+00  -1.2095611312704178e-02 -4.2986335849647360e-03 0.0000000000000000e+00  1.3648745651703553e-03 2.1409525760333805e-03 0.0000000000000000e+00  -8.7742908757750711e-03 -5.4550479817180256e-03 0.0000000000000000e+00  7.7971149941325293e-04 1.4475414225312243e-03 0.0000000000000000e+00  -2.7923548278809784e-02 1.6223089529850373e-04 0.0000000000000000e+00  -4.5501217712644853e-03 8.0852597143631199e-03 0.0000000000000000e+00  9.8430558866325849e-03 1.0330418106154229e-02 0.0000000000000000e+00  2.3001315918268713e-03 -1.5446989855538902e-04 0.0000000000000000e+00  2.3496888040257613e-03 3.0067704497257659e-03 0.0000000000000000e+00  -6.7588015326091405e-02 2.1905194505189561e-03 0.0000000000000000e+00  7.1060302734703303e-04 -3.2028716470165720e-04 0.0000000000000000e+00  5.1445471207875848e-02 -6.0428560380142569e-02 0.0000000000000000e+00  8.4685120542066141e-03 3.4615357544336119e-03 0.0000000000000000e+00  6.8068300094167849e-03 5.0997845217274690e-03 0.0000000000000000e+00  6.2362400269101191e-02 2.9209949719028665e-04 0.0000000000000000e+00  -1.1196695619556381e-03 -3.4524300399658839e-04 0.0000000000000000e+00  1.8508772239273115e-03 8.8561474289269963e-03 0.0000000000000000e+00  -1.4523906816055212e-03 -9.0685581113928977e-04 0.0000000000000000e+00  9.4190695539839023e-04 1.7126299921129464e-04 0.0000000000000000e+00  -4.7027071181970793e-03 -4.0549374418579675e-03 0.0000000000000000e+00  3.7275492019890528e-03 -6.2682854381701842e-05 0.0000000000000000e+00  -2.6641190672867422e-04 2.4137633663168866e-04 0.0000000000000000e+00  3.0815827013611573e-04 -3.5228190241472297e-03 0.0000000000000000e+00  -2.2475610793089105e-03 -1.1773772939795691e-02 0.0000000000000000e+00  1.0883891674979128e-03 -3.7376397525298909e-04 0.0000000000000000e+00  1.9233260929090485e-05 6.5053552349628270e-03 0.0000000000000000e+00  -6.2984798027455066e-04 2.8380871806044202e-05 0.0000000000000000e+00  -7.9900871741516290e-04 -6.3400671525928485e-04 0.0000000000000000e+00  3.4519967790012766e-04 -8.1091172226621516e-03 0.0000000000000000e+00  -4.7565159405637868e-03 -4.8618690388002768e-03 0.0000000000000000e+00  6.2353526462352619e-03 2.4590278812698673e-03 0.0000000000000000e+00  5.3309573068110856e-02 2.7400346660013263e-03 0.0000000000000000e+00  -9.5338073326943203e-04 -1.0511424979232445e-04 0.0000000000000000e+00  -1.4772088577098191e-02 -2.6200273375593816e-02 0.0000000000000000e+00  -1.0532072773645679e-02 -2.8307513325157348e-02 0.0000000000000000e+00  -7.3075594123971407e-03 -1.4897723579729218e-02 0.0000000000000000e+00  4.6860468716058777e-02 -3.8063164154787687e-03 0.0000000000000000e+00  -8.7129086491884600e-03 5.7948417988953355e-03 0.0000000000000000e+00  -4.1142804624534294e-03 -4.5292775007771584e-03 0.0000000000000000e+00  1.4224758210260825e-03 -2.0063323878456416e-02 0.0000000000000000e+00  1.1827603812148960e-03 2.4555698245416345e-04 0.0000000000000000e+00  1.6129839790219799e-03 -9.1718760369163110e-03 0.0000000000000000e+00  -7.8094832275112409e-05 2.0562738280244930e-04 0.0000000000000000e+00  1.3937340599708805e-03 2.2889890562131048e-04 0.0000000000000000e+00  1.4553896548297944e-03 -1.5226472124416966e-03 0.0000000000000000e+00  2.9267734949382767e-03 6.3378186580272840e-03 0.0000000000000000e+00  -8.4160586458883048e-04 -8.7239369096286327e-03 0.0000000000000000e+00  -3.9413906858094187e-04 -1.7323998540862067e-02 0.0000000000000000e+00  1.7691886138329767e-03 1.6242022558479969e-02 0.0000000000000000e+00  2.7423595143886413e-03 1.7482067410014336e-03 0.0000000000000000e+00  4.1143132920527029e-02 2.9024080267570041e-03 0.0000000000000000e+00  -4.9268407758476431e-04 -3.5092496156064234e-05 0.0000000000000000e+00  -9.6849258564281847e-04 5.7339091008482294e-04 0.0000000000000000e+00  1.4186476884032385e-02 8.2806541654839010e-03 0.0000000000000000e+00  1.6602677968398032e-02 6.4473724208808560e-03 0.0000000000000000e+00  1.1396425548328265e-02 5.4325475622066868e-03 0.0000000000000000e+00  2.7895990907051701e-04 -1.1141466258838169e-04 0.0000000000000000e+00  2.9633818845904524e-04 -1.2419650117128430e-04 0.0000000000000000e+00  -2.2224396292406964e-02 3.3108227277195814e-03 0.0000000000000000e+00  9.3881174939154199e-04 -9.0757510606250032e-03 0.0000000000000000e+00  -2.0987032680159262e-03 2.4472578364929196e-03 0.0000000000000000e+00  -2.7135797893195913e-03 2.5800784493938424e-03 0.0000000000000000e+00  -4.6474348316594063e-05 -3.4350119450692686e-04 0.0000000000000000e+00  -5.1743323163143288e-05 -2.2319106191566018e-04 0.0000000000000000e+00  -2.6424656426217083e-04 -3.1829143118127342e-04 0.0000000000000000e+00  -7.2956557887164361e-06 -2.0424233699884192e-05 0.0000000000000000e+00  -6.9205651114291142e-03 -1.1804650320219384e-03 0.0000000000000000e+00  -5.8478774152369501e-04 1.0160588593450990e-03 0.0000000000000000e+00  -7.2555831494407136e-03 -2.7955918537394390e-03 0.0000000000000000e+00  -1.2733278221982527e-03 -8.2645888021745904e-03 0.0000000000000000e+00  1.8428632059044937e-03 1.3101364967019111e-03 0.0000000000000000e+00  1.3260748171928420e-03 1.3747109682335378e-02 0.0000000000000000e+00  1.8693547287853948e-03 1.2841167851676428e-02 0.0000000000000000e+00  9.1913824141775444e-03 -9.6583604554356271e-04 0.0000000000000000e+00  5.1437176640224160e-02 2.4238428197774857e-03 0.0000000000000000e+00  2.6345195270490906e-02 9.0220719075023367e-03 0.0000000000000000e+00  1.6804005764393917e-03 -4.6510436335649847e-04 0.0000000000000000e+00  3.7374931592039579e-04 -8.2088728164959228e-04 0.0000000000000000e+00  4.6939376078265161e-05 -8.2259522411427051e-04 0.0000000000000000e+00  1.9700734098454117e-02 7.4878344787199002e-03 0.0000000000000000e+00  2.8635407929149308e-04 8.7547386480597887e-04 0.0000000000000000e+00  -5.5437757923893216e-03 1.5006798307054189e-02 0.0000000000000000e+00  1.4382248806054859e-02 -2.2404392834702969e-02 0.0000000000000000e+00  2.1855988454218445e-03 3.6597257936379626e-03 0.0000000000000000e+00  -1.9632389049487334e-02 3.7273075944443770e-03 0.0000000000000000e+00  1.2244874672593985e-02 -3.8834693040445656e-03 0.0000000000000000e+00  -7.3232496947578628e-03 -3.9731941959971874e-03 0.0000000000000000e+00  1.7951760869066403e-02 -2.8550232011910455e-03 0.0000000000000000e+00  -1.0168626475938740e-03 -6.2816821251978944e-04 0.0000000000000000e+00  1.2672901605200720e-02 3.2974494457029051e-04 0.0000000000000000e+00  1.6477219011486917e-03 6.8078991163480337e-03 0.0000000000000000e+00  -8.8398530661856582e-04 8.7255816368559197e-05 0.0000000000000000e+00  -9.8423183071406975e-03 -1.2369178364845215e-03 0.0000000000000000e+00  3.0743888709338411e-03 -2.6124202959955014e-02 0.0000000000000000e+00  -2.5549865082247138e-04 -9.2441323767546470e-03 0.0000000000000000e+00  -6.7303580620319117e-02 4.8673110512657478e-03 0.0000000000000000e+00  5.8488135858549906e-04 8.7163008927687840e-03 0.0000000000000000e+00  3.5739110472390114e-04 8.8602905430679221e-03 0.0000000000000000e+00  1.2889130349235480e-03 -8.8811653810778293e-04 0.0000000000000000e+00  -1.7816097053342883e-03 -3.8746728914939796e-04 0.0000000000000000e+00  3.8796614666312488e-03 1.2762112249300646e-03 0.0000000000000000e+00  -1.4441880561462111e-03 3.2547708101388420e-04 0.0000000000000000e+00  1.3645047648660571e-05 -3.1045428630573698e-04 0.0000000000000000e+00  9.6681440036602579e-05 -2.7267043561985001e-04 0.0000000000000000e+00  8.5718357367022349e-04 2.0661418087782328e-05 0.0000000000000000e+00  -1.0051647544381757e-01 -7.5358340603057088e-06 0.0000000000000000e+00  3.9251978137954755e-03 -1.5367468722935766e-02 0.0000000000000000e+00  -1.9866337946449048e-03 7.4356546382538559e-03 0.0000000000000000e+00  7.3064969442101831e-03 -9.8317894622161166e-03 0.0000000000000000e+00  1.2345145416903962e-04 -2.3572461416415715e-04 0.0000000000000000e+00  -1.2752266645102745e-03 -3.1957544436640923e-03 0.0000000000000000e+00  -1.1809609644788866e-04 -6.3464198156241106e-03 0.0000000000000000e+00  -2.3269065419655658e-05 -5.9399086177546498e-04 0.0000000000000000e+00  1.0590688055476928e-04 -1.7320774499784861e-04 0.0000000000000000e+00  -7.1473126169891034e-05 1.2161601356056339e-03 0.0000000000000000e+00  -7.3832426069668044e-04 -2.3128158726463227e-05 0.0000000000000000e+00  1.1856078906592833e-02 1.5869127415380352e-02 0.0000000000000000e+00  -2.2577583402341690e-02 1.6287374439074995e-02 0.0000000000000000e+00  -2.7273291450735531e-03 -4.8187519725516277e-04 0.0000000000000000e+00  -9.2141697078488891e-02 1.5866083788156356e-02 0.0000000000000000e+00  2.7867879475886173e-05 -6.3394565906677199e-03 0.0000000000000000e+00  2.4928561773836230e-02 -1.0115964691037050e-02 0.0000000000000000e+00  1.0180800716362475e-03 -1.6976252877025158e-04 0.0000000000000000e+00  1.0356230275304656e-03 -1.1795540118649592e-04 0.0000000000000000e+00  9.8254159406031957e-04 -1.4911051267607576e-04 0.0000000000000000e+00  1.0293052894755374e-03 1.1895280859863702e-02 0.0000000000000000e+00  -1.1571308670715703e-03 9.4619950039874186e-05 0.0000000000000000e+00  2.3602184626680096e-04 -1.7850554497255986e-04 0.0000000000000000e+00  -1.0480621629060960e-02 6.2578849937925049e-03 0.0000000000000000e+00  9.2242528616900878e-04 8.3785111481846190e-03 0.0000000000000000e+00  1.7193737348081167e-04 -1.4817180252771575e-04 0.0000000000000000e+00  3.5233098416453092e-02 -2.3596782391831460e-03 0.0000000000000000e+00  -1.8389926249883520e-04 4.0533294157537122e-04 0.0000000000000000e+00  -2.3818714040010403e-04 3.4287558895756043e-04 0.0000000000000000e+00  1.6821768216370814e-02 1.4591978830354494e-03 0.0000000000000000e+00  9.3320640359433743e-02 -1.6717574467602688e-02 0.0000000000000000e+00  4.6628269056286330e-02 2.5203106498361885e-04 0.0000000000000000e+00  4.1811987551687628e-04 8.9704678130663705e-03 0.0000000000000000e+00  1.0737614585022294e-02 -9.2812441400042054e-03 0.0000000000000000e+00  1.7211212017975632e-03 9.4141964280020736e-04 0.0000000000000000e+00  -6.4569482831907418e-04 1.3909633445522240e-03 0.0000000000000000e+00  4.9898435225537746e-02 3.4529424034308691e-03 0.0000000000000000e+00  4.4841645730896273e-02 5.4617831732749903e-03 0.0000000000000000e+00  -1.7752052400019238e-04 2.0117092288430264e-04 0.0000000000000000e+00  5.2424642610566421e-03 -5.5910118578963103e-03 0.0000000000000000e+00  2.0956062357847046e-03 -1.5949699818976570e-03 0.0000000000000000e+00  6.5163256437398773e-03 -2.5737384218988682e-03 0.0000000000000000e+00  2.4086781496105499e-04 4.9632155485567289e-04 0.0000000000000000e+00  7.7102266449167073e-05 5.8448131042498821e-03 0.0000000000000000e+00  4.8062634951032976e-03 1.1647288675797340e-02 0.0000000000000000e+00  -1.0326196841978384e-02 -1.9325468387915122e-02 0.0000000000000000e+00  -2.8090278799756254e-02 -1.1703130661154143e-02 0.0000000000000000e+00  -1.6584756759421556e-02 -1.6724408603683214e-02 0.0000000000000000e+00  6.0193802069229410e-03 8.5326263947911613e-03 0.0000000000000000e+00  1.0278908903301289e-03 -2.4422900451415429e-04 0.0000000000000000e+00  9.3583690797537729e-04 1.5131367879087148e-03 0.0000000000000000e+00  -1.5634556904926998e-04 2.6416896247071501e-04 0.0000000000000000e+00  -6.8298352091781048e-04 1.4715446055471870e-02 0.0000000000000000e+00  -5.0237750869364869e-03 1.7407425625853588e-02 0.0000000000000000e+00  7.8990299377625387e-04 1.2528540264382694e-03 0.0000000000000000e+00  8.2420260309877243e-04 8.9854249822779834e-03 0.0000000000000000e+00  -8.7881625323716099e-04 1.4188681669656516e-03 0.0000000000000000e+00  -3.1387726299415453e-03 -2.1683063582789873e-03 0.0000000000000000e+00  -7.3346937288294148e-04 6.6552832593323654e-04 0.0000000000000000e+00  -3.8039926865837139e-04 3.3691564589809024e-04 0.0000000000000000e+00  -8.5229888901487715e-04 7.7801364471540279e-05 0.0000000000000000e+00  -8.7492763140236546e-04 9.3300759849809488e-05 0.0000000000000000e+00  1.1498930682708605e-03 3.1240939356511517e-03 0.0000000000000000e+00  -3.6813348239216693e-03 -1.3228221743628577e-02 0.0000000000000000e+00  -9.8574747212057428e-05 -8.2024528665706586e-04 0.0000000000000000e+00  -1.3879686880992959e-03 6.7416471221940844e-04 0.0000000000000000e+00  -3.0461758668614311e-03 -5.1424767539714304e-03 0.0000000000000000e+00  1.9319674495659681e-03 4.2080292177008195e-03 0.0000000000000000e+00  -1.1546889168118855e-04 2.7636706211540653e-04 0.0000000000000000e+00  -2.0033428448514102e-03 -3.7406537765482151e-03 0.0000000000000000e+00  6.5183102525684947e-02 6.1642167373401939e-05 0.0000000000000000e+00  2.0389779157674559e-04 -2.9910323617642360e-03 0.0000000000000000e+00  -6.7976705440223582e-04 1.8388049214762588e-04 0.0000000000000000e+00  2.0986393721454347e-02 -3.0671840311168140e-05 0.0000000000000000e+00  -1.3125362313006872e-02 -5.8469604772342304e-03 0.0000000000000000e+00  1.7977278522914703e-03 4.2033500678109693e-03 0.0000000000000000e+00  1.5664832143621717e-03 4.8700213436673589e-03 0.0000000000000000e+00  -3.0800694017021546e-03 8.9120484501877031e-06 0.0000000000000000e+00  1.9165643402450660e-03 -8.8108876010352926e-03 0.0000000000000000e+00  1.1976586396536433e-03 -8.1820634519435224e-03 0.0000000000000000e+00  2.4793606331562309e-03 -8.2429019508622522e-03 0.0000000000000000e+00  1.9241891116814087e-03 -7.7953390999730629e-03 0.0000000000000000e+00  -8.4338672327214561e-03 -8.0795852125977990e-03 0.0000000000000000e+00  3.1696062206947045e-04 7.3704709854092816e-03 0.0000000000000000e+00  -1.9942565141429212e-03 3.9095619492314345e-03 0.0000000000000000e+00  -1.0936453160488124e-04 2.8714218418161711e-04 0.0000000000000000e+00  -8.0313764569066716e-04 2.7161141993854178e-04 0.0000000000000000e+00  2.3997845390701358e-04 -2.2953604393429090e-04 0.0000000000000000e+00  -9.7769529951264775e-04 -1.2780849381447551e-04 0.0000000000000000e+00  -3.0510391652163510e-04 3.2662233199020778e-04 0.0000000000000000e+00  -5.7732503483214574e-03 -1.1810692113555954e-02 0.0000000000000000e+00  -1.1677210296953441e-03 8.0257639062718061e-04 0.0000000000000000e+00  -3.4386584544747603e-04 -1.3945520625086299e-04 0.0000000000000000e+00  -2.5398659148667072e-04 -6.8603020981080771e-05 0.0000000000000000e+00  1.4485027064125623e-03 -6.7159479071727578e-03 0.0000000000000000e+00  2.2597241010774492e-03 -6.7250266425166036e-03 0.0000000000000000e+00  6.5859986111914013e-04 3.6030666852493519e-04 0.0000000000000000e+00  5.3134163062037694e-04 3.5840039533426227e-04 0.0000000000000000e+00  -2.6968682066230596e-03 -2.9838459743114568e-03 0.0000000000000000e+00  -1.4580110238007109e-02 -7.2571181036165449e-03 0.0000000000000000e+00  1.0891452265093156e-03 -8.0962172066736319e-04 0.0000000000000000e+00  9.3707878720116085e-04 1.1992565012607921e-03 0.0000000000000000e+00  -8.1256707197820350e-04 -1.8606309036009987e-04 0.0000000000000000e+00  -8.6135718262163612e-04 -1.7121936865555879e-04 0.0000000000000000e+00  -7.7386596415028857e-04 -4.3335583354876988e-05 0.0000000000000000e+00  1.5370672099080049e-04 -1.0208556447143888e-03 0.0000000000000000e+00  -4.7154990521683013e-04 -1.9685965329968216e-03 0.0000000000000000e+00  -1.7576528897323137e-04 -1.7389156752055329e-03 0.0000000000000000e+00  -4.4597813206702017e-04 -1.4504341949683121e-03 0.0000000000000000e+00  -2.9452811369350308e-04 1.2154030811843762e-03 0.0000000000000000e+00  -3.3124234039288171e-03 -2.3277887261083979e-04 0.0000000000000000e+00  -1.0726128028565336e-02 1.6925539280493213e-03 0.0000000000000000e+00  5.1913947374158560e-03 -6.3808121589264298e-03 0.0000000000000000e+00  -3.8956041155257868e-03 -7.8641985810321384e-03 0.0000000000000000e+00  3.0877147482374765e-04 2.9070409816027307e-04 0.0000000000000000e+00  5.0087415014276414e-05 1.6480628289792189e-04 0.0000000000000000e+00  9.7935621400280031e-04 -7.4039494057313621e-04 0.0000000000000000e+00  -8.2218071285226088e-04 -2.8280304798511863e-04 0.0000000000000000e+00  -8.7540054904377109e-04 -2.8414633761897042e-04 0.0000000000000000e+00  -4.5545562233290281e-02 -2.4803659413632014e-03 0.0000000000000000e+00  -3.5715515027175272e-02 -1.3970811882977763e-03 0.0000000000000000e+00  -4.5319788517296580e-03 -1.0048689565748638e-02 0.0000000000000000e+00  3.3021420733326385e-04 -7.5222910008240415e-04 0.0000000000000000e+00  1.2216360580831785e-04 -7.8528820952721377e-03 0.0000000000000000e+00  6.6681084213643643e-04 -7.8885650930096245e-03 0.0000000000000000e+00  7.4211580656124044e-04 -7.2884189555354421e-03 0.0000000000000000e+00  -1.4356098686693585e-03 -3.6535591411913414e-03 0.0000000000000000e+00  -8.1560100434414538e-04 -3.5509076845017672e-04 0.0000000000000000e+00  -4.4633930276389202e-03 -1.4246299869468163e-03 0.0000000000000000e+00  5.9860115422381420e-04 8.7781858959465400e-03 0.0000000000000000e+00  3.3340843930926664e-02 3.1867404014015188e-03 0.0000000000000000e+00  -6.9588840580106087e-02 2.8466410762705832e-04 0.0000000000000000e+00  6.9280755349001105e-02 -7.6045062455904627e-04 0.0000000000000000e+00  -6.8759449706299366e-04 4.8940191437143110e-04 0.0000000000000000e+00  2.5828988416321304e-03 2.3813397075709728e-03 0.0000000000000000e+00  5.0686423574178459e-04 1.0313962595571250e-02 0.0000000000000000e+00  1.8458682371929138e-04 9.9409927106167677e-03 0.0000000000000000e+00  1.2228858990593603e-03 -1.2621080788045042e-04 0.0000000000000000e+00  7.0643470868067436e-03 1.0489051216683204e-02 0.0000000000000000e+00  3.2481588122363742e-03 1.0879068012412355e-02 0.0000000000000000e+00  4.9909017472281230e-03 1.0938215263233660e-02 0.0000000000000000e+00  1.7415609839391243e-02 -9.8860798941423130e-03 0.0000000000000000e+00  9.8890399788413097e-04 4.8068856136722613e-05 0.0000000000000000e+00  -1.0572289880211222e-02 -3.6224565859809509e-03 0.0000000000000000e+00  1.0078418124659075e-02 -4.3385605068957884e-03 0.0000000000000000e+00  -1.7120812113681724e-03 -7.8211413663954472e-03 0.0000000000000000e+00  -1.6624762568259441e-02 -2.2969472577781718e-03 0.0000000000000000e+00  9.4032861847413523e-04 -2.3848790959741323e-05 0.0000000000000000e+00  9.1209038046943434e-04 5.8584749901850381e-05 0.0000000000000000e+00  6.6766161362891083e-02 -3.0426552251813029e-04 0.0000000000000000e+00  3.4239700770031284e-03 1.7427392752903386e-03 0.0000000000000000e+00  -7.2484297288575852e-03 -5.7856544875886304e-03 0.0000000000000000e+00  -7.1192703570063679e-04 6.2727893577748495e-05 0.0000000000000000e+00  1.7997783510766169e-03 -2.1485257600449806e-03 0.0000000000000000e+00  1.4852468662217113e-03 -2.5722960351583757e-03 0.0000000000000000e+00  1.3766185379483406e-03 -1.9069484344389847e-03 0.0000000000000000e+00  -1.9435694749485002e-02 -6.8885149089755286e-03 0.0000000000000000e+00  9.0348476847593618e-04 -4.6898437253020431e-04 0.0000000000000000e+00  6.0360775808225948e-03 2.3069766304765556e-03 0.0000000000000000e+00  -5.7031373097709018e-02 -8.7237835762159991e-04 0.0000000000000000e+00  -7.2317858709459982e-04 -4.7895523205580164e-04 0.0000000000000000e+00  1.1579047198094041e-03 6.1065965933946055e-05 0.0000000000000000e+00  -4.1242658902498890e-02 1.9641000880573065e-02 0.0000000000000000e+00  -7.0469573232069700e-04 3.2546671895676777e-04 0.0000000000000000e+00  -3.9327832382230838e-04 4.6556729454337424e-04 0.0000000000000000e+00  9.3932909404195134e-04 -1.9276294739773507e-04 0.0000000000000000e+00  8.5479241896372748e-04 -3.3170323694088551e-04 0.0000000000000000e+00  9.8643756560683584e-04 -2.5400980675360253e-04 0.0000000000000000e+00  -1.7016890690691063e-04 2.7385559576737368e-04 0.0000000000000000e+00  1.1927806359455905e-03 1.3315251258901360e-04 0.0000000000000000e+00  -9.9999999913726309e-02 0.0000000000000000e+00 0.0000000000000000e+00  -9.9999999913726309e-02 0.0000000000000000e+00 0.0000000000000000e+00  -9.9999999913726309e-02 0.0000000000000000e+00 0.0000000000000000e+00  -9.9999999913726309e-02 0.0000000000000000e+00 0.0000000000000000e+00  -5.9775354648102123e-02 1.8865031423081324e-02 0.0000000000000000e+00  -7.4161476846242830e-02 -1.3316075250758064e-02 0.0000000000000000e+00  </DataArray> 
</PointData> 
</Piece>
</UnstructuredGrid>
</VTKFile>