<?xml version="1.0"?>
<VTKFile type="UnstructuredGrid"  version="0.1"  >
<UnstructuredGrid>
<Piece  NumberOfPoints="4322" NumberOfCells="8174">
<Points>
<DataArray  type="Float64"  NumberOfComponents="3"  format="ascii">0 3 0  0 0 0  8 0 0  8 3 0  2.197541569165954 1.3 0  4.197541569165954 1.3 0  4.197541569165954 1.1 0  2.197541569165954 1.1 0  2.197541569165954 1.114934919164796 0  2.116639869728459 1.141221474770753 0  2.116639869728459 1.258778525229248 0  2.197541569165954 1.285065080835204 0  5.833360130271541 1.895105651629515 0  5.902458430834046 1.8 0  5.833360130271541 1.704894348370484 0  5.802458430834046 1.714934919164796 0  5.802458430834046 1.7 0  3.802458430834046 1.7 0  3.802458430834046 1.9 0  5.802458430834046 1.9 0  5.802458430834046 1.885065080835204 0  4 0 0  4 3 0  4.802458430834046 1.7 0  3.197541569165954 1.3 0  2 0 0  6 0 0  6 3 0  2 3 0  4.802458430834046 1.9 0  4.302458430834046 1.7 0  3.197541569165954 1.1 0  3.697541569165954 1.3 0  4.302458430834046 1.9 0  3.697541569165954 1.1 0  0 1.5 0  8 1.5 0  1 3 0  7 0 0  7 3 0  1 0 0  1.020406496477158 1.096937664318105 0  6.88148255871493 1.162344960856713 0  3 3 0  5 0 0  1.43931248966274 2.053070161321663 0  3 0 0  5 3 0  2.5 2.19662320518159 0  5.5 0.8033767948184097 0  7.219765685025314 2.063177123350209 0  0 2.25 0  8 0.75 0  0.709490336295468 1.802990890696808 0  6.5 2.388518485131613 0  0 0.75 0  8 2.25 0  1.588740535685878 0.618604646681846 0  6.259378490420897 0.7187118001924739 0  5.5 3 0  2.697541569165954 1.1 0  2.697541569165954 1.3 0  3.211126738337469 2.311318785950069 0  4.5 0 0  4.788873261662531 0.6886812140499314 0  4.5 3 0  3.5 0 0  5.302458430834046 1.9 0  5.302458430834046 1.7 0  2.5 0 0  6.556405327131168 1.733637619820227 0  0.635331964308894 0.5554426190785255 0  7.5 0 0  7.329769700747264 0.6551535328351571 0  0.6259898703012524 2.457013506264997 0  7.5 3 0  7.470820815280622 1.231530888698596 0  4.75 2.477158233197468 0  3.75 0.5228417668025321 0  4.052458430834046 2.422841766802532 0  5.75 2.477158233197468 0  2.75 0.5228417668025321 0  5.052458430834046 1.190891080770679 0  2.947541569165954 1.809108919229321 0  2.144160054910102 0.5418488475602565 0  1.529256745612265 1.44383035285165 0  1.932335140551084 2.400605581270675 0  1.967753781433166 1.826884797783765 0  1.5 3 0  0.5079465336819262 1.292755655832599 0  5.924054364858934 1.158964568272098 0  6.791245798149173 0.6308804727111158 0  4.273737413243578 0.5788199639888336 0  3.5 3 0  1.25 2.540612565691246 0  6.5 0 0  5.25 2.402773508026428 0  0.5 3 0  1.5 0 0  5.5 0 0  2.5 3 0  6.5 3 0  0.5 0 0  3.25 0.4407294351516997 0  7.25 2.564458108167314 0  7.1308735191876 1.582625553896714 0  8 1.875 0  6.402389932497567 1.267865570637203 0  1.109457867386213 0.6259434107128538 0  2.805607597578787 2.563702937057111 0  5.194392402421213 0.4362970629428888 0  5.846306459474983 0.4616269344046327 0  2.447541569165954 1.714993195990818 0  7.557571800445877 1.752192536558241 0  0.9946016183071003 2.160915314261651 0  8 0.375 0  8 2.625 0  1.086037435731332 1.547322587596417 0  5.492498728073715 1.29074372445734 0  4.632008963133434 1.30036388077316 0  3.367991036866566 1.69963611922684 0  3.60755075901842 2.549961113831284 0  0 0.375 0  6.256922105777872 2.037712476511098 0  0.3982840876341218 2.095600172714008 0  0 2.625 0  1.443549023338584 1.022895678537923 0  2.25 2.668261315332541 0  7.577178594136827 2.293172353156435 0  3.447541569165954 0.788170251224129 0  6.908542955285408 2.333500514647958 0  6.145829397510583 2.609080377827893 0  2.455069284726429 0.7869983624452035 0  6.75 2.694780384991395 0  0.3564415904949422 1.647523064334401 0  6.25 0.3159365184326057 0  3.25 2.702384002170201 0  0 1.125 0  8 1.125 0  0 1.875 0  0.6670167737729189 0.9405774939476768 0  4.587976042317246 0.3680234867473802 0  6.567721959931141 0.9316110465274106 0  1.901106713951686 0.8310071651084533 0  1.832514560356652 0.3346613331543406 0  6.857360188668653 1.960257187267121 0  1.624771390067863 2.634379953883395 0  1.25 0.2788249212951606 0  7.072632715068094 0.3740116210406672 0  3.045056472531063 0.7561443460353933 0  3.984942146882555 0.8027583559942215 0  5.538855191775951 2.178788648496733 0  4.25 2.731759611241453 0  4.41486113942675 2.274936445692967 0  6.159508232785957 1.540588134266045 0  7.684707568686122 0.5625 0  4.47983133696192 0.8751105125572199 0  3.469141946469006 2.051531022665545 0  5.136497708845249 0.7952512993125326 0  2.86350229115475 2.204748700687468 0  7.686941084781279 0.9375 0  7.599689654730727 2.653257731838814 0  5.918127993704724 0.8066223436121518 0  6.600392418443883 0.3363208754017309 0  0.3543248291330961 0.7724316857271732 0  1.767476758197055 1.15383371607672 0  3.756057277967343 2.240290026020384 0  7.435198514996623 0.3328549203683434 0  7.050717785835659 0.8602178577121891 0  0.9092452759262719 0.3428701203434045 0  5.052458430834046 1.9 0  5.052458430834046 1.7 0  5.962907358954953 2.210654691681882 0  0.35629155192342 0.3292220692312267 0  0.2852185487240292 2.4375 0  0.75 3 0  0.9168019462585449 2.65700428643015 0  6.689545143102066 1.431262770712418 0  5.51927659390385 0.476573569902198 0  4.967790609108695 2.223460460279094 0  2.25 0 0  2.375 0.3056777322153916 0  2.256285469601527 1.979496380590902 0  5.033172895466033 2.662947775766235 0  5.466827104533967 2.662947775766235 0  4.25 0 0  4.034642716878443 0.3377550283638745 0  3.75 0 0  0.8254937162431123 1.355315115419841 0  4.772168503533933 1.010352363159706 0  4.75 3 0  5.75 3 0  0.25 3 0  7.75 0 0  1.016906935754113 1.85063007414267 0  1.36249501358721 1.730470021444799 0  1.868986806856743 1.497437756550271 0  1.270036405848425 1.277418018029129 0  1.671915117919638 1.736047605098012 0  4.891285977541662 0.4012564698194334 0  6.441508177139449 2.697095278737142 0  1.495456650848247 2.355397091273604 0  6.567836381523635 2.08189493450528 0  2.238200153241455 2.359929117333373 0  1.921349870144538 2.705362202744341 0  1.773237880247295 2.102830038866423 0  2.507904542315754 2.500797118212089 0  0.4411184018224881 2.700227580806948 0  0.6926864683425509 2.162552976608143 0  3.75 3 0  3.890779772885415 2.699109761764501 0  7.722307239712748 2.017067225030883 0  7.166727284811397 1.27721668849371 0  7.390182273367376 0.9458170612118946 0  7.685956729123358 1.463243538391912 0  5.312880722295379 1.039462887965574 0  2.664990752972177 1.9349808034257 0  1.542869146777596 0.28992729447039 0  4.550044269559151 2.702738574010081 0  5.884245089941632 2.73415852009677 0  4.052458430834046 1.9 0  4.052458430834046 1.7 0  2.971378828962269 0.3075050120429386 0  2.660969701416008 0.2442217498871329 0  3.528621171037731 0.3075050120429386 0  2.744383640331197 0.8132944043966606 0  5.75 0 0  5.25 3 0  3.170116217625833 2.01256682840786 0  2.167931392978085 1.600636785401813 0  7.406034535306132 1.511865668688649 0  6.290138285352226 1.003899800124282 0  5.177458430834046 1.445445540385339 0  4.889393689628191 1.426753694805676 0  2.727846077769728 1.601055064799291 0  3.110606310371809 1.573246305194324 0  7.731850867230234 0.2829327551798442 0  6.220136310908424 2.333761477272763 0  2.179154562143141 0.8224281659029338 0  4.687001135036729 2.202744252055638 0  6.854240932242655 1.670131189392529 0  5.76394596904982 1.407162591857528 0  4.31534050062034 0.2791969151058686 0  5.707656078357919 0.9863834191565315 0  0.6343632570050592 0.2714306846341928 0  4.75 0 0  0.6237954563569744 1.541917823677893 0  0.2197507566277427 1.3125 0  0.2649780785882722 1.036969009385037 0  7.25 0 0  5.552458430834046 1.7 0  5.552458430834046 1.9 0  2.10101135115478 0.2687740378081107 0  0.8514524794804272 0.7315332994517025 0  6.513270752844635 0.6018788456586305 0  3.716401117049465 0.7895974762519876 0  7.805529996093991 2.4375 0  1.23974392623608 2.271767365914048 0  6.25 3 0  3.947541569165954 1.3 0  3.947541569165954 1.1 0  5.25 0 0  2.75 3 0  5.383244990421449 0.2433991801740504 0  2.610304593341082 2.752082576690368 0  0.1897427673096292 0.5625 0  2.056057659012902 2.160624035950043 0  7.75 3 0  5.673093267574347 0.256903977266555 0  7.736630911669646 1.200465725539044 0  1.25 3 0  1.394270709094469 2.759819105979616 0  4.157149463765469 2.161420883401266 0  6.75 0 0  1.351231415738797 0.7615254487135146 0  4.538184817621738 0.6224800210877808 0  3.585355919329339 1.543184850590485 0  4.414644080670661 1.456815149409515 0  8 1.6875 0  3.477334096630058 2.317688532335808 0  6.988063821976671 2.58382439740157 0  1.75 3 0  3.785438569534617 0.2589528790661437 0  3.25 0 0  6.160389533046082 1.798521965671782 0  5.287227943428004 2.152534340358587 0  7.466657811771199 1.992400232501834 0  7.278979515936651 1.803726384598452 0  7.167963248448022 2.317853811318157 0  7.25 3 0  7.381812187373253 2.778318874890223 0  0.8812395889927136 2.397282188983842 0  1.838832302061264 0.5867006949328464 0  4.234263080077024 0.8261002699073273 0  4.552458430834046 1.9 0  4.552458430834046 1.7 0  4.25 3 0  2.947541569165954 1.1 0  2.947541569165954 1.3 0  1.25 0 0  1.75 0 0  6.25 0 0  6.75 3 0  2.447541569165954 1.1 0  2.447541569165954 1.3 0  3.447541569165954 1.1 0  3.447541569165954 1.3 0  2.25 3 0  3.25 3 0  0.25 0 0  2.75 0 0  0.75 0 0  1.671529177171724 0.9250469439596863 0  6.875 0.2183332997571432 0  1.331279663987335 0.5137443743595407 0  7.134416912695592 2.782229054083657 0  6.146949799921386 1.284889555551048 0  6.636506140326141 1.190451092456114 0  6.413719036253759 1.522469331456038 0  5.49431673729527 2.419600040213397 0  6.948928053824361 1.406456915869367 0  1.141917489507354 2.771657148955588 0  6.80619100785389 0.8754232933585931 0  2.389355990477658 0.5506097763194201 0  3.470998198448674 0.5449560070777294 0  7.087809279886731 0.6182926868448604 0  6.095877908955872 0.521022029224729 0  5.914804305717182 0.2280337860428738 0  5.691090399626291 0.6506781933148325 0  4.290526281284151 2.488225352433444 0  4.794505728639255 2.718019504316092 0  1.0544129182728 0.8594516494502704 0  4.448983738582228 1.126004569634824 0  3.585140828170776 1.8 0  2.990897810614795 2.409441908883542 0  2.875 2.794239466757674 0  5.064340472986673 0.2327874197088954 0  5.335355163497917 0.6296950353735513 0  0.6860692715310652 2.756853391933641 0  3.66817359510049 2.778336302804468 0  1.238353072032004 1.930476624323546 0  3.981351541081975 0.5672168677307354 0  5.022726392946914 0.5927554996173272 0  3.827156311688656 2.476432674007752 0  2.692863106214119 2.361372750929625 0  0.8543990824669039 1.588867682050382 0  7.783925710294388 1.795079503481354 0  0 2.0625 0  0.2558544073811491 1.882908362443983 0  0.4822342357814364 1.840462632765351 0  7.533593770842835 0.7643999407710189 0  1.310661188266053 1.508484745506079 0  2.978848458082663 0.5366478248158535 0  1.048555939137174 1.32087994508748 0  3.927458430834046 2.090353297344701 0  5.427458430834046 1.509293163398538 0  0.2039769218688522 2.759848718754098 0  7.808975947101573 2.768483964734382 0  0 0.1875 0  0.8380380609251368 1.989172174583278 0  7.072268546360159 1.893031712910362 0  4.517621818108791 2.477724262516188 0  6.034937191291787 1.996716136459766 0  3.384520062928396 2.522359264560937 0  0.4123211060252089 0.5453170907020672 0  5.028928174542903 2.438972159419509 0  0.794750005264464 1.12941579061082 0  3.184207118968359 0.2203647175758499 0  5.660296271126001 2.78788485725928 0  1.719600159654658 2.322877393364843 0  5.981116381799615 2.443498409926203 0  3.167540455038247 1.791911862469292 0  3.312646049530836 1.487073999095837 0  4.687353950469165 1.512926000904162 0  5.25 2.76173099660349 0  7.081939522533078 1.076168334510143 0  4.832087606178353 1.218185220767306 0  1.233001267370301 1.065765913980743 0  1.480584161816708 1.234547782586309 0  7.780710071325015 2.223959820650026 0  5.259446909593069 1.247216656962439 0  0.5119797331516447 2.276405911046329 0  0.1927261950437173 2.15625 0  6.372475315164786 1.852002903541164 0  6.390687622579373 2.20464353695244 0  3.822541569165954 1.480972915556573 0  4.072541569165954 1.480972915556573 0  4.757350968163466 0.2229139191907017 0  5.756457181301279 2.120521212180704 0  7.390067348586951 2.191235795224865 0  7.457206496702019 2.481418855410753 0  3.450471167059989 2.787795571112988 0  5.690914374033156 1.20277773380019 0  6.692040826385714 2.27018923942452 0  6.748567345564116 2.478724494894427 0  4.99517482380506 0.9719778281199141 0  0 1.6875 0  6.118505437546926 0.8781589241012212 0  6.797904215886299 0.4174568852304836 0  5.979470239976201 1.421272869378815 0  6.330691091013079 2.511286491222784 0  6.125 2.823970188506879 0  2.10019535646862 2.815437749152868 0  2.406908741312217 2.81008406407695 0  2.071154513675918 2.558185768924013 0  2.526507416513784 1.507496597995409 0  7.125 0.1697835281845397 0  0.4856310927987444 1.070663173959159 0  7.004928440120566 2.130152192724577 0  5.518730468707703 1.08215624494064 0  2.464347879294227 1.991298619559263 0  2.322541569165954 1.464088009366044 0  2.548807963465286 0.4183772157734246 0  2.960345962124968 2.018574181025452 0  3.23801111687339 0.8763154110287066 0  3.239824774131207 0.6584073529612461 0  6.375 0.1579682592163028 0  6.125 0.1579682592163028 0  6.302972767463663 0.5161998933224314 0  3.01472295677842 2.626470349149418 0  4.146413416540334 0.1714866670916663 0  7.299437343525838 1.125664925454064 0  3.572541569165954 0.9440851256120646 0  4.427458430834046 2.066842982986679 0  8 1.3125 0  3.338161913654875 1.898695574339055 0  6.110429343812144 1.089300925561883 0  2.611968834734963 0.6654533359868593 0  2.572541569165954 0.9464149205823356 0  0.8672843538104815 0.9313856101633946 0  1.087681678878555 2.412186558456962 0  6.625 2.847390192495697 0  6.875 2.847390192495697 0  1.625916734825226 1.946140848630443 0  3.182446022556952 2.51163442800886 0  0.9252639432286967 0.5438804162396711 0  0.171042425546308 0.8578855310121755 0  8 0.1875 0  1.59178917812446 2.17516186442271 0  2.166189595480879 1.80077534262404 0  3.08338082426129 2.816231535214486 0  3.843820320522283 0.9359754271436832 0  1.625 2.838557716352402 0  0.6587366122497578 0.7473879154118195 0  1.447495354162398 2.547089770092593 0  1.802112144869584 2.548487856019402 0  2.322541569165954 0.9523247916460051 0  7.829854577514032 1.59375 0  0.2025814580011508 1.514901899494781 0  0.4426771401537378 1.474616203526971 0  3.058770035101822 2.188047279628759 0  3.375 0.1573244868039544 0  0.6218057135876648 1.979066715876199 0  2.921374430235111 1.616719043515064 0  0.2025132018121101 0.1971009357494801 0  0.875 2.848732129684238 0  7.26552973160055 0.4557466582020848 0  7.375 0.1483998781088929 0  7.565963991277847 0.1824075677557843 0  2.246276481922315 2.169666810815882 0  2.875 0.1434500376393003 0  3.631487151113832 0.1481202636864803 0  4.427734768227947 0.4687677562760802 0  4.493183563968616 0.1961565527040816 0  4.698852434681202 0.5218191769609077 0  0.875 0.1503596438270836 0  1.071964267867556 0.1869653586149588 0  7.629864986466279 2.846127311988738 0  2.007581652264466 0.6737762042998104 0  1.731588471832867 0.7444170235299883 0  1.938006373291759 1.035351799060154 0  6.594942451322373 2.587775867887711 0  6.729772689603546 1.816549162544098 0  1.717296381495707 1.35545481951182 0  7.72448071138724 0.7497697609138553 0  0 0.5625 0  8 2.4375 0  0 0.9375 0  0 1.3125 0  8 2.0625 0  0 2.4375 0  8 0.9375 0  8 0.5625 0  0 2.8125 0  8 2.8125 0  6.397753598755016 0.8480397880374122 0  6.460106646528351 1.08747105861428 0  6.638254688257556 0.7506013630306401 0  6.296418186802491 1.669088765913198 0  1.375 0.1394124606475803 0  1.156122358002907 0.4428262813267172 0  1.696121485458921 0.4641790912542456 0  1.9970517084424 0.4251471395348167 0  1.936239282627131 0.1773309090119577 0  2.822541569165954 1.439470146745519 0  6.625 0.1458313644430451 0  7.486114228105489 0.5279032267032978 0  7.826870789505239 0.4427144208723355 0  4.375 2.865879805620726 0  4.062048440042999 2.807208961673298 0  4.063701322377114 2.614864488658665 0  3.072541569165954 0.9618814848936916 0  3.347245696511715 2.188487737010925 0  3.635863644766359 1.975905093107747 0  1.176930888119176 1.753822453505916 0  5.650179895796462 2.323902756959389 0  5.426755622138133 2.034222882963635 0  4.097178639309141 0.9471329483827795 0  6.009831391497706 1.649334724919469 0  7.834792253757311 1.045739683336024 0  7.589250237876742 1.092137137749203 0  1.91476396047432 1.297117485866954 0  5.317102187114542 0.8506113732874696 0  2.682246191609462 2.178539566075965 0  4.956118369823927 0.7633877453222581 0  4.836739222996865 2.086461681205802 0  2.876210893899874 0.6873406064186167 0  1.791912543910053 1.872402293149974 0  4.123236071943241 0.6815857145978504 0  5.61522261125341 1.522541383839254 0  4.631444800387536 0.7770761323334674 0  4.382519317227132 0.7229761244439747 0  4.33651808964675 0.9848334447235424 0  2.891947070678072 0.9240628752787611 0  1.505985018421887 0.8538541982607276 0  0.3540408787196533 1.1930657539318 0  0.181826103476652 0.3807551777619792 0  0.4710104650308223 0.1833218639284588 0  5.200852221266156 2.582252252314959 0  0.18131846625076 1.695130927222346 0  6.309295619319125 2.825497173339625 0  4.664051809013656 2.841932092959494 0  6.068420700581055 0.7020469332911948 0  6.743930609326294 1.045100658063611 0  6.282957679499391 1.400733883676891 0  1.625 0.1296502857160938 0  0.375 2.868883624150576 0  4.003428304180924 2.251533494300802 0  0.4929781506279848 0.889406685053826 0  4.242360946964202 2.317263402694659 0  0.7808027132110589 2.543330203420345 0  1.085351750673418 2.604392975175234 0  6.952404212954097 0.5040930875097668 0  0.5300280369074876 0.4137941702362634 0  5.867419582763649 0.6372052292255912 0  5.887080181503175 0.9833655185053214 0  6.745639887140085 2.099722127877249 0  7.631450772976391 2.460113951743106 0  6.425196209221942 0.3261286969171681 0  7.209224908918783 0.9475334091935056 0  1.606057890008569 1.08701642317038 0  4.875 3 0  4.944740751450451 2.824402788507096 0  6.579918653804716 1.907182089536786 0  7.826779597285737 1.35412495713506 0  7.598099341849451 0.3945007468995159 0  0.776506658031339 0.4545915823577536 0  6.066475073620534 0.3327191958557241 0  3.582557556046639 0.6784535232888098 0  7.190341488916506 0.7578187077021346 0  6.943576782429277 0.719985225514765 0  3.84172669134756 0.6698888953407951 0  2.075385283634896 1.439745209296742 0  5.415724573866273 2.838135880426837 0  5.125 3 0  1.938894761671438 2.013072345383021 0  5.177458430834046 1.9 0  5.104986905563329 2.086561059678376 0  5.145501579437452 2.259338561263227 0  1.686949054643053 1.547777120144395 0  1.986453565712357 1.641750170341471 0  2.26235067068037 0.6695797956654262 0  3.589493838990261 2.181031501183205 0  3.643897535607139 2.376947057172987 0  4.629160937118125 1.120112879004676 0  4.243338192505851 1.465288136669598 0  0.1426092743620146 2.34375 0  0.1754821925872257 2.581255152152098 0  0.4516470814325303 2.516361492547192 0  1.169145530572538 2.101406869057211 0  0.335438509419251 2.261269560594703 0  6.122289243152252 2.145221181262475 0  5.847568724240004 2.336808349058946 0  6.928958179915345 0.9965472920415361 0  1.875 3 0  1.800176627431911 2.832036667897642 0  1.462427168421955 1.877120148578833 0  4.671576442876774 2.028330929423666 0  2.627100407599159 1.754970105242706 0  4.131192291829469 0.4810973071246545 0  3.970171622054263 0.1737135486782694 0  3.876171523588416 0.4054617566231339 0  6.648865639915873 0.4992934943052766 0  5.636372332950052 2.612666645541836 0  4.902515140843151 2.553395933104915 0  5.361963846279397 2.52990185593474 0  5.380211584415599 2.294256239693612 0  1.869413455893727 2.242834268277162 0  4.391600997960852 2.630184187760817 0  5.74439953150543 0.8163089430091507 0  7.332730608224749 1.347271342514552 0  4.876818439864365 2.365695727593749 0  7.843470542390639 0.8711820973240963 0  7.842353784343061 0.6268769054121829 0  4.373318040919152 1.285337719622603 0  7.337057928242685 2.356358956127246 0  3.818629018802004 2.84873101053008 0  1.501959808867971 0.4631764120461953 0  1.454223944917444 1.592006939314705 0  7.833861419544532 2.602714955629398 0  0.5387964277917007 2.835808651753895 0  0.5225109234052624 1.676726159870044 0  6.771675302948529 1.286926739637003 0  6.580337307717719 1.563676127833069 0  6.522926871638107 1.390055974335388 0  2.496968886138606 0.1771573230441917 0  2.252819204078404 0.1772439787605955 0  2.270743888543606 0.4346751453740897 0  0.6271576721876178 1.168610193615152 0  4.875 0 0  1.836235286446242 1.712418012976916 0  5.68357601959268 0.4862648246578736 0  5.499096474631499 0.6393533695617016 0  5.362361938644996 0.4118490757654746 0  2.367513469511326 1.858524749321623 0  1.313345761035329 0.9218955944965351 0  7.270803196304055 0.2844560924245625 0  1.625713889945507 2.464481529345099 0  2.416275760933448 2.642009548172774 0  2.310469315183174 2.511555271268509 0  2.792208185923356 1.753112774809377 0  5.163393550652261 0.9616281871989742 0  0.6566547510527684 1.375126477965484 0  0.9505446759198697 1.458403329561011 0  4.625 0 0  4.633523528872781 2.359459931507259 0  1.181460092943142 1.412095548306311 0  4.816502961579717 0.851385379953509 0  4.618720352761268 0.9584668638633503 0  2.042729190558663 0.9109375047732556 0  7.044432154513856 2.428125047077304 0  2.792413154773627 2.048343922770715 0  7.541756221329225 2.135496676668433 0  3.752507145876139 2.618189303464693 0  2.098670312614799 2.006495372135156 0  5.226015288117324 0.1713010572433291 0  5.863412290131064 1.540930287739188 0  0.5185277033471622 0.6670845825963416 0  3.035721262205137 0.1573134088799849 0  7.400736953507685 1.68314512027684 0  2.987412799834464 1.461485201498118 0  4.927458430834046 1.7 0  5.027352327819252 1.529703437931014 0  0.9199390011250491 1.227419917312955 0  3.927458430834046 1.7 0  2.813283007641817 0.2900452151847359 0  7.529528537423204 1.392751984409587 0  7.562276786267918 1.581286744288265 0  7.13019797407805 1.743233426667289 0  6.255773127346215 1.163366103487758 0  1.780470919821586 0.1544613894232609 0  5.175634479458116 0.640053648064159 0  6.413919125775021 2.048967474181635 0  3.772805798336176 2.055690856846924 0  0.1251516490768416 1.96875 0  1.188764936232168 0.7678804821358629 0  0.125 3 0  7.875 0 0  7.838958575091977 0.1594442832720151 0  4.375 0 0  1.380136458506491 0.3653197548137065 0  7.855207738933731 1.934411452053103 0  7.651025211073406 1.877735276459134 0  3.389826100286376 0.9440851256120645 0  6.929703071285862 1.814399633951751 0  5.099680940464027 2.804321098546029 0  5.32470123284812 1.390276046909088 0  0.9912295968912037 1.68524570939808 0  0.9932899386864408 2.004876676642875 0  0.8690739577742896 1.788896914169583 0  7.197648299250412 1.435655666775408 0  5.625 0 0  5.532131194702353 0.1651152830590837 0  5.530951313512957 0.3210609995564411 0  3.364338307301132 0.3218910233395422 0  2.625 0 0  3.11727059211484 0.3603535654307272 0  3.603968559026609 0.4515070680218403 0  2.125 0 0  2.363914429664995 2.269962919192535 0  2.088309092572384 2.403137376100711 0  6.291414301510909 2.660661586899742 0  6.470754088569724 2.848547639368571 0  6.542112843577139 2.233974533816972 0  1.39734620162859 1.364207476047282 0  1.142726610068259 1.190628560010976 0  7.692304217246823 1.668274510396593 0  7.008457269200501 1.258636428757307 0  1.338481235193686 2.4026189011149 0  1.439200565461248 2.20946758712366 0  5.39299033847728 1.170815319233782 0  4.912946566955563 0.1625305948856589 0  5.439240833559391 0.9478145210145782 0  2.25371099034066 2.821866685065484 0  5.983558034174004 2.605784866803257 0  7.44517429368625 2.636386181339608 0  0.5885817894546433 2.620448069795797 0  5.040413773646415 0.4397569841406949 0  4.849426666367989 0.5482993013469615 0  1.95120133090263 2.855209969715205 0  5.901088864189932 2.070746404180065 0  4.740753237286902 0.374842571080206 0  2.66111024283633 2.511643816698692 0  2.537628860760166 2.347835010948673 0  2.375 0 0  2.671280167035959 1.459364875482249 0  0.625 0 0  4.177458430834046 1.7 0  4.281727680096873 0.4272295754994582 0  2.289757941978717 1.701773894771624 0  0.659210053721342 2.309754222692621 0  0.843533727609147 2.141396628416284 0  0.5492484381365237 2.112529346730708 0  2.837360460956575 2.413431871288044 0  3.062128411605419 1.907228335567965 0  4.634050470523327 2.57579102720648 0  5.180443967883861 1.111349440092341 0  5.619091092242833 2.042977483333369 0  7.875 3 0  1.359125843563782 1.146734426027211 0  4.271158511515758 2.053697086576185 0  6.738898184448263 0.2801245983189119 0  5.795039009830466 2.855927478309039 0  3.305030296720784 2.851192001085101 0  2.878365459823745 0.4252302291099753 0  7.385957810369947 0.7950851396785612 0  7.538854988400157 0.9521240213234211 0  0.1460266091359277 0.7080171149073838 0  5.632544683674922 1.338875015608537 0  5.824300923805403 1.270355927627966 0  4.930064419123003 1.105966841531968 0  2.826762576728923 1.900704430014236 0  0.7235885043688947 0.1490955127931332 0  6.732451680637625 1.577891137645616 0  1.686837419584042 0.3178266308507215 0  4.561875468062824 2.12592134069027 0  2.692455415241998 0.3876951868836787 0  7.441525562140525 1.084540373411846 0  1.254777474529872 0.6378712291549002 0  0.3259219172408036 2.601396617449369 0  1.309055343556422 2.143235860971499 0  0.9658947783401689 2.517986537202061 0  1.641593004769218 1.229558307155868 0  2.717514957972413 0.9560839243337956 0  6.972781576744488 1.563861381712874 0  4.518758987787792 2.84464917106933 0  5.977542699853712 2.851656321369983 0  5.837207562077301 2.595166890585098 0  3.314345249274409 2.044480578828488 0  6.443491032641298 0.4722259042738766 0  0.3667321751554929 1.344716902243259 0  0.1590936869100452 1.161065943712283 0  5.037579688013927 1.37208701342431 0  3.203056317835531 2.156534061203417 0  1.81653014935444 0.951783537292317 0  3.134128235498579 0.5443898542384683 0  7.256121741330879 1.658882476902951 0  2.59255928327916 2.06250299542518 0  7.883953520293995 1.217308403525869 0  0.375 0 0  2.537892047756776 1.867740627416671 0  0.7908030325395466 0.5993344629146466 0  6.897864502827469 2.701164731028848 0  4.751251490833861 1.382802770038233 0  4.825496149263495 1.556876925671605 0  3.050132659796406 1.705736658567959 0  3.174503850736505 1.443123074328395 0  3.24874850916614 1.617197229961767 0  4.17570106732623 0.3118767549755817 0  4.3125 0.1326173962565591 0  0.1098753783138714 1.405108684661653 0  3.920382435632095 2.367972636061106 0  1.517524493422923 1.732860283299289 0  6.068888209308226 2.31950055312628 0  6.358137577298722 2.371007188082228 0  6.192689824622782 2.474040780413319 0  4.927458430834046 1.9 0  3.555109843124038 2.686115548052662 0  6.866581149865073 2.189093816130704 0  2.730813451542798 2.847494966198025 0  2.749117501102507 2.700566934381945 0  0.7703867065736201 0.3126048370206345 0  2.602289574295757 0.8073422491273312 0  5.125 0 0  5.283576202600524 1.551304086430212 0  1.778604209947233 2.690108401662648 0  7.873527975888626 0.306823702184905 0  7.428433997074003 1.832875500109352 0  0.2943149375870934 0.4669000841800938 0  0.1301277671787254 0.9935247588333194 0  7.655883010293382 1.321169188336432 0  0.125 0 0  6.713680663874797 1.959640744765052 0  2.380742247745529 2.111573293820536 0  4.06707751265041 2.045818719818558 0  4.825932321964139 2.232939454773035 0  7.852615077250277 2.091972620708956 0  5.875 0 0  5.782881125954141 0.1498066704882516 0  4.806127010267582 2.860880849707141 0  6.258551091168002 0.8670079505778551 0  0.2670408961962645 2.029452425056414 0  0.3849936331619955 1.946749470967336 0  3.875 0 0  4.447012899878164 0.3292339601980488 0  2.404508518646141 1.579842243239323 0  1.272038313911366 2.849817502556114 0  4.53811581087577 1.547485505801086 0  4.427458430834046 1.7 0  3.46188418912423 1.452514494198913 0  3.572541569165954 1.3 0  6.40522068987791 0.7013587843163481 0  1.213330101159851 1.614547025095308 0  0.3034561004658682 0.9026078840554931 0  1.234756663264748 0.1394124606475803 0  0.978110908415402 0.6730102213326745 0  3.563245530599382 2.873356131509397 0  2.183677070585736 0.9615235005817288 0  2.318182332380736 0.8130492287730652 0  0.414606733630393 2.379485754227174 0  6.928601121173656 0.3535729375538147 0  0.7632894011837256 0.8390706297453244 0  1.448220493747548 0.5951212430958462 0  1.021405609152058 2.855030778226965 0  5.375 0 0  3.508762286892798 1.917289598208282 0  5.618586203753162 0.8781341416961949 0  5.799196255783731 1.093562553547283 0  2.625 3 0  2.134071353361571 0.4034965886376362 0  6.824264381355674 1.471432954331708 0  5.229415290859952 2.027539843615092 0  6.45970122186179 2.560294610741394 0  6.25140983392277 2.197871330648485 0  5.177458430834046 1.7 0  0.7209277806468817 1.654635833440521 0  0.754667640264731 1.481068290841679 0  2.572541569165954 1.3 0  3.95766962756678 2.524732127511685 0  3.839153515691808 0.1325664322166513 0  7.700494268526189 0.147541450679991 0  3.385163041134493 2.663110866513078 0  3.288387328740322 2.424591812243612 0  1.125 0 0  1.375 3 0  1.172553165298523 0.9376392408389541 0  0.7286662939802852 1.259476242838553 0  2.403699601621599 2.405471950047091 0  3.707754673341924 0.9257710038161571 0  2.5625 2.879310463286288 0  2.576497876600325 2.619351989218093 0  2.822541569165954 1.1 0  1.125 3 0  7.70486923871449 2.34395318873274 0  7.902764998046996 2.34375 0  1.998447205953436 2.282806312312534 0  2.146622655321516 2.260739233106904 0  5.257798778093917 0.309478727288298 0  2.124077932750298 0.1353752411721395 0  1.119619244634777 0.3130617776419611 0  4.194720250568302 2.865879805620726 0  1.937250630022115 2.536211472462122 0  6.502886930674816 0.2113658187604079 0  1.094334705214386 2.266846282338224 0  7.009552300825264 0.2432466002168819 0  0.3370615128554181 0.1960509156571732 0  3.072541569165954 1.3 0  4.970862015642369 2.08934190942381 0  5.803475256095811 0.3222277167371038 0  5.957165054623476 1.28897732055377 0  6.828757156349443 2.586225455750456 0  6.420613538722827 1.724717010773859 0  6.610444614268982 1.058817304521333 0  4.334241001239451 1.567192806623599 0  3.685551270895701 1.441937732987868 0  3.454998377565432 1.591296279247788 0  3.657747854110802 1.671653146001407 0  4.499598225424535 1.345622710668264 0  6.375 3 0  0.625 3 0  6.998946595884161 2.791870735337669 0  4.177458430834046 1.9 0  2.558789160737777 1.638555984813066 0  0.3076433057937849 0.63954873184489 0  5.527990800972049 1.421664285763802 0  0.09495556973902573 1.593573245789159 0  1.015392767223875 0.435554561944129 0  3.5266990157713 2.442650895273984 0  3.741682716856102 0.3874007803922138 0  7.208331262950657 1.924084986191792 0  7.342925500556976 1.937706022640541 0  3.851602183239575 0.8028626952070588 0  5.549950313924297 2.87112181270252 0  3.125 0 0  3.578426217911742 0.8113023798849617 0  4.631619967366895 0.1468169331909932 0  0.09718283968879816 0.278228594991867 0  2.745713298639428 0.6567974679433375 0  4.302699554210808 2.19049968374497 0  1.499665134026437 0.7194504611745809 0  6.880843826431944 2.463712584396964 0  6.616418194839271 2.455295223048906 0  1.978389496514606 1.170852154072259 0  3.947541569165954 1.555738089572086 0  7.123677181446403 2.636970242631318 0  1.34576940732158 2.634661092130953 0  1.495996655935286 2.672247783941256 0  1.4375 2.884151102710311 0  0.7489898433093494 2.407384330086301 0  0.7958128420187933 2.274230904743054 0  0.9626168335924625 2.29094311325757 0  5.615156554206627 2.479482384884635 0  5.75753191842116 2.699585742357135 0  3.65579462398874 0.2766950875928006 0  6.620668219568527 2.716344556869557 0  6.760315326671538 0.1465131896115213 0  6.875 0 0  6.062621487579642 2.709469393793858 0  2.740167530995891 0.1347543409049345 0  7.248894333822213 2.201708801212918 0  7.230442831976696 2.434016555478871 0  7.036390021798348 2.294787539313849 0  4.155671400210959 2.513139163753773 0  6.522175494373602 0.8096164565298172 0  3.711313825564898 0.6491065699636134 0  4.664561494835024 0.6516709510769645 0  4.571355351228392 0.496870963519753 0  3.454187285613882 1.798237057240951 0  2.05385361300194 2.690404026864244 0  4.411461944819257 0.5969987146561979 0  2.244872360928492 0.3071369323777535 0  5.677458430834046 1.7 0  6.031748522889361 1.855896477131819 0  6.167245049528711 1.669530120654684 0  6.246910735324806 1.902678291512898 0  7.25930358124011 2.85550343280014 0  7.375 3 0  7.360339283230261 2.06561578047371 0  3.383674887314703 0.6592724220849057 0  3.317560582569642 0.7723022773432102 0  5.311420782725159 2.648443169554299 0  1.875 0 0  7.518828502553332 2.764704155225243 0  0.09487138365481461 0.4755876910714102 0  7.593279456909266 2.017202369136433 0  4.928255710618306 1.303919080813617 0  3.504180987861547 0.1788445376879542 0  6.171345112847735 0.6250633816113274 0  6.197524005429615 0.4369549791403893 0  5.960225062458063 0.5369868944581068 0  3.312387987151032 0.5527225011813963 0  1.108507874193293 1.943586595250941 0  6.155488007953908 1.412627896328012 0  0.2928603816785632 1.759537516827385 0  0.1296154437251909 1.824335585193614 0  7.125 3 0  3.939163455260681 1.427869044786043 0  4.318241812880958 1.161549565904388 0  1.95670258430592 0.3036789473979389 0  5.935110881288622 0.360827979106482 0  1.200983258500391 2.658485321688679 0  2.617276208560265 0.5324855253129094 0  0.5949663025001042 0.1489906512085918 0  6.286373577653206 1.528160682025152 0  2.134921138562774 0.6689446049547322 0  7.656490897846886 2.192537860447664 0  4.506848832730137 0.7506391295125585 0  5.136909569509531 1.289034554588471 0  5.150201005190626 1.57272277019267 0  7.130318841140595 2.154313084975654 0  7.089984306730813 2.0261850665897 0  6.025321988149469 0.9803201502633605 0  6.983087160151503 1.694606030771699 0  5.261978346666671 0.7348445895745528 0  3.971035486927992 0.9293828611236359 0  7.078498691225512 1.376672184063934 0  5.412404164688157 2.171770508630197 0  0.122634702917731 2.866160198054846 0  4.541968846938643 1.211638543908957 0  4.496623459848498 1.00451851106566 0  1.022491250499435 2.727816632760917 0  7.569925465204284 0.6340915188196746 0  1.715789427503505 0.6183540475604936 0  1.854631346390626 0.7127636709023411 0  1.870845482250133 0.4597993742388759 0  3.725038104147601 1.563257277885901 0  6.044655277022664 1.197473385987522 0  6.962179393726042 0.1232960759404076 0  6.637121086363672 0.624675552014076 0  4.599731581375271 1.422254142958904 0  0.7871529637040963 2.67392430789022 0  0.6875 2.886455191710801 0  7.323058322777468 2.666980245100474 0  7.4375 2.890975373566082 0  5.655789577079895 0.1293439198215429 0  1.21355752049866 2.419881908430626 0  1.580124232524269 1.620076948886435 0  7.250137806562948 0.1607028238214067 0  1.610280269043507 0.7815996101204767 0  5.875 3 0  2.477195721826852 0.6535194075820707 0  4.110355403900867 0.8063885665500513 0  4.258786556077845 0.7032241744490795 0  4.355054545215032 0.8605897297658626 0  1.499644454470481 0.1254261908834629 0  3.908943119242498 0.2838164061358375 0  2.448095221005237 0.9727904956390729 0  7.625 0 0  3.375 3 0  3.322541569165954 1.1 0  4.677458430834046 1.9 0  5.375 3 0  0.375 3 0  1.625 0 0  4.625 3 0  4.072541569165954 1.1 0  5.427458430834046 1.9 0  3.072541569165954 1.1 0  4.375 3 0  6.625 0 0  2.822541569165954 1.3 0  1.375 0 0  7.625 3 0  0.875 0 0  3.625 0 0  2.875 0 0  7.375 0 0  0.875 3 0  3.375 0 0  1.625 3 0  3.125 3 0  6.75 2.822277935715332 0  6.875 3 0  6.625 3 0  2.572541569165954 1.1 0  4.427458430834046 1.9 0  3.572541569165954 1.1 0  4.125 0 0  6.25 0.1874962509980413 0  6.125 0 0  6.375 0 0  2.322541569165954 1.3 0  7.125 0 0  2.375 3 0  2.125 3 0  6.125 3 0  3.822541569165954 1.1 0  4.072541569165954 1.3 0  3.822541569165954 1.3 0  4.677458430834046 1.7 0  3.322541569165954 1.3 0  5.427458430834046 1.7 0  3.927458430834046 1.9 0  2.875 3 0  2.322541569165954 1.1 0  3.875 3 0  5.677458430834046 1.9 0  3.625 3 0  4.125 3 0  5.625 3 0  7.713612934921144 1.077361858686984 0  0.6590971563978198 0.3989719347870384 0  4.431545002524254 2.751430052675968 0  5.739505318787696 1.529200234834585 0  1.964051967256914 0.5510822599191815 0  2.196477728558013 1.477154291271601 0  7.46478338273327 2.353894520614239 0  1.55713182757064 0.9730223966852418 0  1.720455239609652 1.039040970444824 0  0.4038287559756751 0.9765702473184404 0  4.123875920666584 2.280831374757726 0  5.388036358646533 0.7446348608172787 0  3.879512017359845 2.250989084087954 0  7.704544230206132 2.571316984728959 0  6.446695363242201 0.9631289729327961 0  3.455300636231537 0.4154293601190486 0  3.122578189281269 2.694748247597528 0  2.182464024840361 2.492027881898415 0  3.937968035610921 2.814071998612083 0  4.269833109212126 2.609920920756981 0  4.349067048526659 2.379466769027542 0  2.613410319507755 0.1264666993420199 0  5.202561453807401 2.880865498301745 0  2.500443571593792 0.3025907541881067 0  3.76891072564759 2.365194798362989 0  6.530364264762354 1.26217109666834 0  6.650633439201899 1.313586326056345 0  3.534507032536178 1.686645317486017 0  2.3937559873761 0.4274651434082956 0  6.928832225285523 0.8738966376354498 0  6.822811477464323 0.7516794372303757 0  6.693253877258136 0.9302442290546638 0  4.755199271170588 2.60073998801099 0  4.917021609371503 2.70427492470013 0  4.671712921162746 2.719371056645739 0  5.483892602917389 2.541649026864729 0  5.503369534352112 2.296749944320961 0  7.208771920286554 0.6368384422976999 0  7.074670784985513 0.4964969746081035 0  7.064628151027651 0.7385445846014759 0  5.615357676697414 0.7518212648551034 0  0.250573838272008 2.875404409875515 0  0.3284030835968441 2.753327933029159 0  0.1078072180965252 2.683622702335045 0  7.84669066180226 0.7490122292483681 0  4.571369762573858 2.25076842106715 0  2.374877522743203 0.1306494203225989 0  4.213403617502884 1.583487608278692 0  5.413664319310991 0.1205295080487766 0  0.3277459545967342 1.525253420981999 0  5.9375 0.1065812504355982 0  6.759808178626091 1.165783639779627 0  4.755853948109236 2.33593141581433 0  3.333915396982292 2.310553064339514 0  7.073916525736135 2.888701956634524 0  3.468015596949351 2.173252845330907 0  4.219716723004203 0.9477735860790578 0  1.596394914622991 1.342445585089888 0  2.081122042792324 1.02561811360159 0  6.968016185466127 2.013178336265593 0  4.947636405978007 0.2860237630074838 0  5.025500530601358 0.1182371601246922 0  5.115280043352814 0.3435440887815126 0  7.876534944618147 1.710302670546503 0  2.968410483289937 2.281447045667889 0  3.088441951877078 2.307162391185412 0  2.916656123096184 2.508677639481341 0  7.452203746455107 0.6714882491693959 0  2.869526215058576 2.670175139642965 0  2.971684893263992 2.876352331629511 0  7.8125 2.892651402143885 0  1.744841954023786 2.44153945984384 0  6.402621468441938 1.388185294180523 0  4.915855321253875 0.6493539763877865 0  1.93424841709208 2.137053995975978 0  2.057579239061335 1.74244603210991 0  0.9900622780755027 0.9714148191215584 0  0.8998737746491628 1.059646389687597 0  0.9557726915750916 0.79098642692726 0  0.1674246564213668 2.461342855344318 0  2.059425973960595 0.7872779248980305 0  5.596274485527829 0.5687599275681847 0  7.807141109011827 1.474209218591359 0  5.406301896832105 0.5278934156601237 0  5.249609123514699 0.5441220631241389 0  1.592772035864224 1.828801931592921 0  3.686407174439823 1.866065106119976 0  3.260041569165954 0.9958044307257716 0  0.5040615835513669 1.958057793639016 0  6.266420061165683 1.282387308992756 0  7.905612210074927 2.698238708622667 0  7.714593326857499 2.692234576162818 0  6.73784248097803 1.697295699208558 0  7.617496233889935 1.20812830224307 0  6.891109574184401 1.281513613020608 0  5.149741218845643 2.694439834079744 0  0.4755594332454277 0.3049495348318784 0  5.777806961521384 0.5589224979396636 0  2.285100076724566 1.577498778142902 0  5.263995578744399 2.269141280117313 0  2.864459975356819 0.8070059196350094 0  1.265540332068088 0.3965899118187449 0  3.481279430156192 2.592294520257122 0  0.2734322739157946 1.418982848837173 0  5.367872135160956 2.411830042268747 0  3.707789578890712 2.889647015287575 0  3.777701504729608 2.733735235701305 0  0.5577580541754683 1.442275450061496 0  3.863979024750479 0.5538753760979966 0  3.960643620992646 0.6853306520784249 0  3.98797532276331 0.447836000161366 0  1.320897591405277 2.021173353975823 0  1.338567515393823 1.85414856498172 0  1.599385781509375 0.3968449473828287 0  2.261367743114849 0.5519424040334319 0  5.83893402517403 2.213111678747111 0  8 2.53125 0  5.739958430834046 2.002020942438308 0  7.706988270161296 0.4446896009581643 0  3.185369791479212 2.889730573719866 0  5.868537776808994 2.480786869696285 0  6.07945045241753 2.510395679243377 0  7.275055702953775 0.845183743423399 0  4.512351462620342 2.356633884979879 0  6.187889335436157 2.721611680997025 0  5.059369913817506 0.7053763493013729 0  5.119389033093641 0.5264085442909041 0  7.389878055642094 0.4488551551530625 0  6.153262352693192 1.97750954982892 0  5.084186299135314 1.046479880518999 0  7.340585063540927 2.473215344807348 0  2.795791827743819 2.302245566358653 0  3.715706029859451 2.508276330455578 0  1.653962229846585 2.067373312934808 0  1.741756456321088 1.983203097504497 0  0.6906532005149446 1.062208982867825 0  7.604162884346527 0.8563579139034324 0  1.075517380035344 0.7380324661938181 0  7.240392989272299 1.543730709034899 0  0.9733203416809078 1.571388116174279 0  7.895307734696119 1.825996483690956 0  0.5889646996497166 1.779894743812206 0  0.4258233824364344 1.739764455454643 0  5.687527664106777 2.901394145530744 0  5.57316929024508 2.710538629200205 0  4.8125 0.1002871401226904 0  5.979415646770202 1.537332006874783 0  3.1875 0.1013438138126599 0  3.245573455910684 0.3220470019000513 0  5.368938009540817 1.283686057888133 0  3.120318705137008 0.6631917386689754 0  3.184319714606448 0.7669069587918766 0  5.697633394608783 0.3707023671558242 0  1.068770517120547 1.433857313428508 0  5.723606031915572 2.232813240092303 0  7.137434779200139 2.514648184306723 0  2.988447899111602 0.653485904661085 0  2.86384505490792 0.5393451543811093 0  3.012839342919075 0.4208466308598448 0  6.857507669291564 2.074855338072994 0  4.424027541431344 0.1041419423412222 0  1.160661834006457 2.887843999856327 0  2.501928791939615 0.5241016638940688 0  5.516298125439515 1.587382062585231 0  1.419892771368165 1.47593374292006 0  1.327473330571616 1.621603358156307 0  3.583763217723584 0.5640840441659288 0  4.520789765991013 2.592110832242669 0  4.403895494221901 2.479113384358737 0  2.972188345753508 0.843465057219135 0  5.591397504838412 0.9912745580272589 0  5.653827929513798 1.091063697480398 0  6.397657206363786 0.5847244942500966 0  7.537898370436845 1.864391847279642 0  6.01997660452585 0.4364267629221409 0  0 2.53125 0  6.477624157483245 1.621532198473083 0  1.758705842904675 2.215848694983086 0  1.609352089542916 2.351707069910815 0  1.830307772643711 2.349862966658919 0  8 1.40625 0  4.885444947633518 1.001470198521246 0  5.074597053594878 0.890620301567443 0  0.7327116144910384 1.924426037353618 0  0.7302692079803446 2.046442757405889 0  0.9103861556052875 1.89784129641094 0  4.559555538294319 2.012861107240485 0  6.346917353868 0.4101251355821089 0  1.426125286421269 0.2512620649848724 0  6.008484703949621 2.106904937285668 0  5.942999704352181 1.928352003809174 0  0.9371570943242737 1.338954319668061 0  1.031385587765564 1.209297923988589 0  2.369579030114855 0.7104497477282812 0  1.105288790494211 1.662102735040472 0  6.805145955450323 2.28524569593929 0  6.60393198084881 2.342193832494869 0  6.649485062256469 2.163148669909958 0  4.057365940509142 0.09926800556755934 0  4.591760637282251 0.2538614477841727 0  3.862783020836853 2.588352411762098 0  4.711383213766666 1.208961740344153 0  1.00808369737888 0.2831606276572622 0  0 0.09375 0  0.1154921854387914 0.1175312472517218 0  8 0.09375 0  8 2.90625 0  3.409714442231319 2.892823307229817 0  0.5302282627266337 2.391175115669489 0  3.146564337230189 2.404285934635457 0  4.720510060754207 0.9102795574536306 0  1.160256399731943 1.30168332795488 0  3.126380389407653 0.8632188199873787 0  3.417054518274761 2.413732972642784 0  3.291551246003218 2.593161232150988 0  1.646738968777731 1.442876740229923 0  7.352788078877974 1.230953855864506 0  1.788528737555017 0.8421732993544004 0  5.082070523532408 2.549993051567213 0  5.040952408180093 2.31913328449714 0  5.140852999815459 2.372508479202896 0  3.572935915180288 1.430693052295104 0  0.4714184283832996 0.774299867423634 0  0.4021343757355328 0.4326470879548553 0  0.5235957260460039 0.5554633367858385 0  7.531135758913302 2.565109754905029 0  0.5146794805158951 1.179911793812172 0  0.5862023578105272 1.019394369336911 0  2.494225410913808 2.73065206364985 0  7.198941624103482 1.064650474260975 0  4.830112555400713 0.3077338465082576 0  2.622297512869698 2.273745565996068 0  3.825765030845032 2.153555175317693 0  2.015482400395885 1.929613064823027 0  1.74296691694374 1.64698580057483 0  0.3752958854853146 1.083981148647267 0  3.69724071466694 2.141894277075099 0  6.343438193715172 1.960955110808616 0  6.461691379889006 1.934125578026819 0  2.438015993335129 1.422399196063126 0  5.957725197195185 2.321719006366292 0  4.291297388747805 1.363011476026424 0  2.730526312753819 1.84539462392369 0  6.482921793076358 1.821538964040736 0  6.030012560586084 0.2233321179344618 0  1.28900594100264 1.386360850853717 0  7.240688678624625 2.744166369993304 0  0.5497869047690997 2.724914558878074 0  7.894689960165842 2.200474582447976 0  2.062075022442563 1.554463792721557 0  3.25985518817269 1.728589887487724 0  3.172406742701575 1.902197573773884 0  1.120702829699759 1.04042395196142 0  2.154037813052597 2.104758066239396 0  4.151387229244617 1.401776586489255 0  3.833081897034127 1.592373663126976 0  4.052644107446606 1.589582746467709 0  4.132802854497768 2.711637640336021 0  1.514215981721178 2.791303055981809 0  0.7693455414079915 0.9838044864798101 0  2.173566384833188 2.899524853172745 0  0.1098753783138714 1.268645543245675 0  5.835261462568853 0.8831641040992924 0  4.952347991285072 0.5070977784987966 0  5.032441613430944 2.89329738417937 0  3.867579683935665 1.995176648672351 0  7.467944529660969 0.8682125114676262 0  3.081012940963822 0.2570192674701802 0  6.276696509591602 1.78455883656218 0  1.188947671565122 0.5486957075309762 0  2.985621322198156 2.744300880704686 0  3.059350402864862 2.511749227196942 0  0.600084335245551 0.8466740033960727 0  1.287006843159789 2.729409425416284 0  6.99344988999828 1.146562591348738 0  7.038859002476253 0.972164609605915 0  7.1498441473215 1.165933911268603 0  5.170516272797846 2.477476578401729 0  0.2522040101554321 0.7336654897491107 0  6.370077504428624 1.158096894907039 0  1.396168991255014 2.309864499046884 0  7.151965841448034 0.2855259355750115 0  1.879313399373236 1.608995898565005 0  3.158325768328888 1.681398610466929 0  5.317138431130677 2.899387030064013 0  0.5125928057010926 1.563821613976061 0  5.827362243715504 0.7414921831573236 0  4.163860376923787 2.399642236703837 0  7.306756643907417 1.45499277946463 0  5.588440598560752 1.239394063117646 0  5.647199684535519 2.151190636126536 0  2.163942378233978 1.913978036638765 0  5.35741652773868 2.746674525072969 0  5.878023553267512 1.370348785570659 0  4.641948129150784 2.467605600388429 0  4.820314359509054 1.109025602470929 0  6.976248906869096 0.6131945906381243 0  6.736292448252162 2.370122988627235 0  6.715599467178291 2.586975798012695 0  6.070539792712202 1.479345289290172 0  6.064414910339258 1.354560825378811 0  6.1875 2.911985094253439 0  7.891472773431659 2.507798988960556 0  4.92973301655537 0.8762796558073267 0  6.480721198343434 2.145375123755429 0  2.3125 2.912196728731554 0  4.048876382453013 2.152891279942931 0  1.545541930290248 2.076661026613928 0  1.512777591250924 1.973228021858559 0  7.061637050242826 1.490596428855098 0  7.749141703909956 2.121181679551606 0  7.380731009034417 0.5580959732859511 0  1.3376825355611 1.04142032327349 0  1.248593097845743 1.172103915275408 0  1.464992331341266 1.128209781291644 0  1.374717674039224 1.253072427321877 0  2.026223938895546 1.333352301473379 0  1.960869378873453 1.428105444212155 0  5.289072732047959 1.144087939291517 0  7.618446564217065 0.2829367450900385 0  0.3125 0.08960167139744102 0  0.2974266245078179 2.13243748793375 0  0.110709896623037 2.079881623980515 0  0.1119161604394336 2.235098148132051 0  6.324988611772104 2.120229443844874 0  6.438860897555397 2.300435058153531 0  1.674818961103126 2.736412926773966 0  0.5959338642594157 2.209322611777981 0  0.4652943070287526 2.179612645999057 0  6.690372087885952 0.3982531157936476 0  6.758900796376157 0.5230557101574749 0  7.678934067325786 1.774437484742425 0  5.225479195240742 1.349534818024454 0  7.48031889585194 2.248268921744876 0  6.194992182370951 0.9537641182240431 0  6.182146241040729 0.7924312761901785 0  6.030601554072074 0.8079802034301156 0  7.033519813790878 1.788872211246118 0  0.4133014395027509 0.651662911036593 0  2.574224062934149 1.409228021514352 0  6.151777485593802 2.249577694454762 0  1.03558340689855 0.5440107241207215 0  6.0795428510176 1.729547118047793 0  7.750744430422848 1.91461893130635 0  1.875730073938119 1.127679844210755 0  2.622169088246113 1.55343921583366 0  2.459083043042543 2.902283020823077 0  2.324720595950782 2.743303634102192 0  6.524641740832913 0.1053660567617267 0  5.975976377570817 0.6446527644042597 0  2.258366908806844 1.859228831426979 0  7.060842651915301 0.0861119561380036 0  7.894657408845107 0.5297475214696409 0  3.578354255105765 2.070709082717943 0  5.497413843736012 1.185418666474121 0  5.417801088360354 1.051188123491993 0  0.7718186119118797 2.820715566197203 0  2.0625 2.914451860572477 0  2.146961231759291 2.635346208846257 0  2.179962167160042 2.746800888995725 0  7.341085417528493 1.595578478704769 0  2.8125 2.91467748019523 0  3.065133667418673 2.012168617905588 0  2.932825686810317 1.915132476258173 0  2.888040235382849 2.099237594077741 0  0.2228753516442481 2.264756457382811 0  7.161064083426356 0.433799818232138 0  3.291533498325105 0.2249508691581718 0  4.460863347601979 2.173293236967866 0  6.730234628097016 0.8022332219108477 0  6.06519762821853 2.911985094253439 0  6.241708181769794 2.566701138125633 0  6.419674000256363 2.455871844319935 0  3.660675889716248 2.672109443857139 0  0.3547742270922816 1.845344548140605 0  3.760041569165954 1.016249840080153 0  0.6145163144789403 1.275780482276129 0  7.194760275865409 0.5330064983461718 0  4.364958430834046 1.98342149149334 0  2.683382353199747 2.616228707233824 0  2.483412005573643 2.093745937258116 0  2.359073393861468 2.00731537137271 0  7.026188331062143 2.686137932678015 0  3.73707651493184 0.1637909360508722 0  1.072373484600688 1.761652430184402 0  6.541883036668756 0.7047120284149402 0  3.349576887270952 1.585959225410896 0  1.742403557918139 1.254648495862789 0  1.760901294440352 1.460890883154313 0  1.829211820142014 1.370905064513914 0  1.918706006432926 0.933333068366046 0  6.552298849270174 0.439320472505505 0  5.135096572162381 0.1094807147070551 0  5.605161796636908 0.4180900558176208 0  4.864958430834046 1.984891523138501 0  6.27473928228205 0.616070309068405 0  2.60537631777042 0.3316134391079903 0  0.6971139966803803 2.612851084566334 0  0.9836855043816131 2.415470779936916 0  1.143066989314686 2.508975269838867 0  0.4375 0.08406964232268335 0  5.364958430834046 1.616516563271408 0  3.352229449692388 0.4246642079579376 0  4.614958430834046 1.617190791224542 0  3.385041569165954 1.382809208775458 0  6.635639098729452 1.658128732525166 0  2.260041569165954 1.382044004683022 0  4.989958430834046 1.985318622368779 0  0.09487138365481462 0.6133239474024327 0  4.739958430834046 1.616524062274889 0  3.267191008409013 1.390870878607696 0  2.398737465060509 0.88023390632043 0  5.43070045085091 1.377768170061598 0  1.841882183595126 1.224692490896188 0  5.957925924079302 1.060140391711248 0  2.58938949590519 2.437262520345519 0  7.725121634917308 1.564644785557987 0  6.87946020284536 0.5771918173318128 0  1.184302652202684 1.515382305625079 0  4.436140499082437 1.556947003201787 0  5.164811900709375 0.2536707529083652 0  4.804110514752208 0.4559194085745693 0  7.555943099932304 1.292068900939692 0  7.90811460570939 1.453125 0  3.338367385798998 2.754284394921098 0  1.549648832561373 2.268500224022302 0  1.420411175977593 0.9182984384803404 0  6.547939744142843 1.139589126874443 0  4.170670256323381 2.009548610486304 0  1.6875 2.919278858176201 0  1.541353893704785 2.9029060515782 0  5.954488648516636 0.9041082977342849 0  7.895810018556955 2.828153214774612 0  1.695475330811017 1.836292245686211 0  7.18173815207397 0.08489176409226987 0  4.923886922789707 1.524441925504212 0  5.726234532772431 1.298491417350662 0  1.845581442952774 1.963448993973846 0  6.831954870585116 0.3214843453036916 0  6.317382033939369 2.276666990522826 0  3.651949040237821 2.269199792537598 0  5.3125 0.08651546061109097 0  6.857768058054146 0.1046534098471218 0  6.968107505814661 2.89862502841014 0  0.2580482971007158 1.606112994412926 0  3.257320789666457 1.960326635993118 0  7.323242288792301 0.3717969761013284 0  0 2.15625 0  2.829220732392644 1.551924624424114 0  2.8254424265939 1.655228201036563 0  4.0625 2.913734739295515 0  0.2703888658475402 0.2736525028085711 0  5.500679225417754 2.782027402143098 0  0.9278153596840903 2.083451895734308 0  3.802458430834046 1.8 0  3.995184020517093 2.723420953245827 0  6.947435000017002 1.914063571612896 0  2.562308918958449 1.965940503824179 0  0.09172794046788973 0.7941025788781586 0  7.422871065118531 1.405746805865118 0  1.4012619304138 1.958578129899533 0  3.989958430834046 1.979908127909501 0  0.6332369826974883 1.874888313768177 0  3.066991027238374 1.80583592067857 0  3.181362388589124 2.780780632957383 0  2.742437383156194 2.450338274295043 0  1.13115208797335 1.844533720267288 0  0.8827649385246987 0.4461237770855836 0  5.734680391137407 2.579706529735428 0  7.587329977402884 0.5341856637546852 0  7.492455591342571 0.4220781557661983 0  7.351363153667267 1.039047581680759 0  7.241634884720243 1.208930077420504 0  6.041245701438986 0.09580261791274743 0  6.3125 0.07898412960815142 0  6.331157941839658 0.2517163847153235 0  6.1875 0.07898412960815142 0  6.168842058160342 0.2517163847153235 0  7.541849612533472 2.903582239061913 0  6.853214935488426 1.374899275854791 0  1.960528491436871 1.542888809200684 0  2.016273815452204 2.473640570641224 0  3.254077884128152 1.843343669419596 0  3.353550112281863 1.79923682144252 0  3.394714746195215 1.982772468210292 0  0.8845566628379167 0.63591889153589 0  6.868169944836421 1.56641947369361 0  3.291365197411578 0.09545460915013176 0  3.452501586941187 0.09058154729257346 0  4.088249412476268 0.5797952255814699 0  1.087137913072063 2.042356582661864 0  0.8221723360602652 1.691784871206788 0  0.8632925790053712 0.8311485910246296 0  2.693999048810236 2.076776897744071 0  4.229571999198697 0.227388420711524 0  4.216528559543301 0.09681065445321088 0  4.092542484667867 0.2559750013557239 0  0.9698075645776257 0.1884342463476255 0  1.0625 0.0832757680860501 0  1.169116804324502 0.2171290949575378 0  1.49489808915338 1.335285018865933 0  2.150043359619445 1.700557964601775 0  5.114958430834046 1.983077921936075 0  3.427056193127194 0.2433256614740945 0  8 0.65625 0  6.950891724829872 2.242894782315911 0  4.197541569165954 1.2 0  0.2620937023910049 2.678424903518882 0  6.829303212920306 1.775045420300226 0  6.547399735664166 2.784360896455501 0  3.481183834726165 0.8892634977443986 0  3.510041569165954 1.022042562806032 0  3.650291475198223 1.009816415291134 0  4.165975342281431 2.614892810997259 0  3.480947794872419 0.6913466927814775 0  3.11729100584181 2.100405391979056 0  0.6193052145808906 1.643997045250108 0  4.737259690031483 0.7811440614037098 0  7.460293706065377 0.2226142086036813 0  7.367483228086066 0.2594635252443172 0  0.2132113446483983 0.09803105473215445 0  6.154603632907904 1.182256547586851 0  6.211598838250455 1.07041048146279 0  4.02349463605887 1.013676407444545 0  5.267088197893413 2.500591970236173 0  2.676235578479223 0.7411120339787856 0  0.6937777159669661 0.6457156565254663 0  2.072895642575971 1.844208574752842 0  2.53766889353146 0.732117274532701 0  4.769734113495696 2.013140524645041 0  4.735980080355041 2.111264059154063 0  1.350308859524626 0.6111109408348537 0  1.234917778712058 0.8579415091110312 0  1.691569615375955 0.2120230643768699 0  3.926080568910365 0.08494211783153993 0  3.5625 0.0769394712312934 0  2.635041569165954 1.023207460291168 0  2.519667340802794 0.862387062544247 0  6.110615568889824 2.412931542821798 0  4.930184651989219 1.204952322923091 0  8 0.84375 0  7.803795210670659 2.322514570094157 0  5.749000710009824 2.328422286711663 0  7.298375503220952 0.7490062372866633 0  2.409079745900287 2.504209159129173 0  2.285975403637206 2.076888755437703 0  7.557836957305976 2.391752912344762 0  1.436031250987289 2.442375192970599 0  1.556658735611101 2.549050277100365 0  1.349945338368796 2.507333478236894 0  0.2623340594788967 1.141933861827832 0  7.897574924941877 0.9613664632501319 0  5.329132536943213 1.999962616451144 0  4.989958430834046 1.622215186665001 0  7.173465227672589 2.910383329222801 0  6.6875 2.923695096247849 0  6.5625 2.923695096247849 0  6.797170493306999 2.911138967857666 0  3.77426889341226 1.390486457778287 0  0.8547757302740188 1.488485869481496 0  4.5625 0.07637583510627695 0  3.19114816933587 2.617480216452456 0  1.693281027469123 2.549808179910291 0  1.876354723101155 2.615809773006876 0  1.863200102173447 2.471003646949328 0  7.182433771336036 1.827969738092472 0  3.065523371977518 2.916872930275534 0  3.678231961729867 1.767951865617761 0  2.905855561706169 1.71680422749861 0  3.9375 2.917540148529153 0  4.405475004545858 0.2402744911245074 0  0.8125 2.924366064842119 0  0.9453639504143273 2.917867700055605 0  0.9249030107180473 2.759191450399557 0  3.017822066944698 2.09851124727505 0  2.95998013533757 2.182882078078551 0  6.370222363986076 2.601532151834881 0  0.2153024505406339 0.9452266983788248 0  1.788470192099919 1.557459405066996 0  0.9545491476922288 0.08935346190952001 0  0.8125 0.07517982191354179 0  0.8561006337051883 0.2530227591917462 0  1.66394268693895 2.241883024569769 0  7.615264523330342 2.749616296808478 0  7.6875 2.924962807892349 0  7.730491683644674 2.832845190138406 0  6.279046375761919 2.428357206874082 0  6.759250360511847 2.197661584668182 0  7.364415098885214 2.573045987180129 0  7.455252534864142 2.08964024404065 0  6.629622927648903 0.8514847172447889 0  6.724991611695492 0.7038283442025548 0  8 1.59375 0  1.59884909323179 0.500770804173289 0  3.019871783340757 1.61187802337126 0  2.010303013331011 2.777650131087464 0  3.911335772623385 1.008088353638806 0  7.30525315785945 0.08030409007608072 0  7.480303302271551 0.1102539631690612 0  1.164819682693784 2.334893011615959 0  0.8266299619999735 1.257334629061475 0  5.03937690831149 2.158005391403591 0  5.196427101544036 2.118664641354796 0  4.839817398633911 1.343504079213608 0  1.559301146648888 1.174373012185161 0  2.253191747007596 0.8847893949860614 0  2.257556482117223 1.024058888507497 0  0.7553577257331264 0.7426596086963384 0  1.993042262594124 2.615205746864285 0  7.913697305786679 2.014175810539893 0  0.4796451647796215 1.385241152541937 0  7.668211292910858 0.6638620231816624 0  8 1.03125 0  6.058732650662487 2.223370243552268 0  0.6378436253905765 2.074240047398051 0  5.524682151253379 1.999960100378545 0  2.019137152750465 0.1070092003646094 0  5.5231376409312 0.8981082106635815 0  4.053777344279221 2.519105040128456 0  3.962423494370865 2.626573694116517 0  0.7940351848079376 1.849761714559189 0  6.785797794559545 1.895300367561056 0  6.652585357011001 1.755236603292572 0  4.35747144733873 0.3665957704632135 0  4.847420625507757 2.63482993919065 0  6.596339315337953 0.2389631237882214 0  6.6875 0.07291568222152253 0  4.684543924190656 0.2918309280340542 0  7.61581560313748 0.09778473358522433 0  5.42953286242482 0.3346569785943225 0  4.724713685335482 1.114156100029893 0  7.629553188765456 0.7638166661332325 0  7.742612339663091 0.851013906578848 0  7.584138487530804 1.480377849886929 0  6.825399196716329 0.9787328431212889 0  6.863443832835926 1.067483551612422 0  0.9115382866697221 2.209430822107618 0  6.826546903996463 2.764913506390817 0  6.46329164653423 1.190003453820532 0  7.460738787567125 1.599279293422248 0  1.53195689873371 2.44412432073449 0  7.155761515412554 0.8570577955103627 0  5.992637398366101 1.768887574437623 0  3.161139076834244 1.00732197956031 0  2.241755036145741 2.264777449555514 0  2.446044233271768 2.319444715895207 0  1.649622941554349 0.6934797720458049 0  1.691938137062613 0.8315331133671717 0  6.621534384935104 1.997834224173935 0  2.9375 0.07172501881965013 0  2.811895100507725 0.07225211827377896 0  2.898846385891782 0.2397785394696934 0  1.274166518081861 1.777535369786629 0  1.579653424541748 2.720367290089491 0  0.3959689795424009 0.8637319404902561 0  7.531399709718009 0.3246984800444199 0  6.190413125568264 0.5318412125780243 0  1.966948887307257 0.7609274406084163 0  1.917740162327822 0.6408329492385682 0  2.068552762669149 0.6002364386596156 0  3.6875 0.07146490705589244 0  2.780666389136162 0.4299598508430474 0  6.52525127771332 1.016652372950554 0  5.267590841053403 0.9439775679151619 0  5.201484043628485 0.8701082433443017 0  4.746465181588837 0.6038462559972865 0  4.648415671179166 0.4413156338567986 0  4.892586282983235 2.164219534854403 0  4.85150434173833 2.464770379933699 0  5.5625 0.07352157409377982 0  6.381323257970443 1.033074174275097 0  6.355510390623984 0.9339545987819808 0  6.339618881165008 0.7715497579704491 0  1.592784756443448 1.523715092516349 0  4.511131606843904 0.4236066644466344 0  4.338170313483131 0.5062104195050884 0  3.143556629958496 2.230179930736627 0  4.801388888994714 1.464288769092993 0  3.22464124889736 1.524609073383155 0  0.5636439250364049 0.7508654824136376 0  3.777564120279722 0.8618423386670209 0  2.885041569165954 1.022997184791893 0  2.974586759764177 0.9795391837499251 0  2.049039422038099 0.5060610243562195 0  0.0948249081110674 1.498740057607789 0  7.786859248744116 1.67859428993881 0  4.9375 2.923174864406258 0  5.411080093729956 0.8367866685400467 0  0.4150077166279664 1.569275965776418 0  2.235648929163009 2.572703669949064 0  2.326091709669911 2.607019455527099 0  0.09006234785164914 0.9074488659792067 0  4.488413726715982 0.5421522671795578 0  6.522373496870879 2.484382441502671 0  4.6875 0.0707395920457755 0  0.08890087041087838 1.733095921112105 0  1.877759532507996 0.251633412228509 0  1.780295838533835 0.2523636419972045 0  2.015109140322792 0.22938829868277 0  2.008904108057218 2.077773908957718 0  1.855617596669135 2.057123026163073 0  6.535404431061404 2.666547167964367 0  4.67189138706894 1.03619277208556 0  4.507174029302337 1.439460732654514 0  5.838619815060455 1.993956263652462 0  5.666191253692564 1.434698344605231 0  5.608350422408991 1.619939439059843 0  4.592618162176483 2.908141866810592 0  2.649108305156625 0.8900748205438496 0  1.784574763187398 0.5055246223586658 0  1.752640703695105 0.3871230145277288 0  1.330835538510923 2.237935027173014 0  3.076333282874226 1.405179747738255 0  2.055608653367566 0.3513331783864193 0  6.379059068815748 1.614972282030398 0  7.287555073802128 0.5469637879413088 0  1.92625540226307 0.08153912100859961 0  1.7713208034738 1.780565644586469 0  0 0.84375 0  0 0.65625 0  8 1.78125 0  8 2.71875 0  0 2.71875 0  0 2.90625 0  0 0.46875 0  0 0.28125 0  0 1.59375 0  8 2.15625 0  8 2.34375 0  0 1.03125 0  8 0.28125 0  0 1.21875 0  0 1.40625 0  8 1.21875 0  0 1.78125 0  0 1.96875 0  0 2.34375 0  8 0.46875 0  8 1.96875 0  3.573393960632506 2.779118136298548 0  7.654541529027781 2.094178493222956 0  2.885041569165954 1.36973507337276 0  2.738920357149945 1.388664941617742 0  1.3125 0.06970623032379016 0  1.304878331632374 0.2022849507050565 0  0.8686260240730166 2.496166978835523 0  6.38131951275574 2.897999527635035 0  3.333305548174632 0.8667704275559658 0  7.138143611476814 2.408776760148952 0  1.964103510628018 1.733004384260493 0  4.762510431763481 1.288728510549856 0  2.91271979344926 2.35720412667638 0  7.786331089989624 0.5388547825919611 0  7.792554954794912 0.3549772255403612 0  7.907843810598953 0.3945608975168792 0  2.655068064842915 2.907901202611009 0  2.119322010532363 1.354888679963417 0  0.5450958551041276 0.2414499163977685 0  1.845323448704439 1.040003182439781 0  1.080242471108199 0.9487714357572331 0  4.180899340085499 0.5614156045886165 0  0.5964065644652076 2.910287166633853 0  7.075227007064226 1.662696851944376 0  7.212026093726654 0.356256655282402 0  7.341418235616817 2.908321906844277 0  5.928370210200558 1.698631882167482 0  6.094987587114314 1.609162628524373 0  0.0924031365713024 1.086321435671699 0  2.210248756684552 0.08927668481145316 0  3.59756327956544 1.8916029604377 0  6.229476511140999 1.601092982722668 0  3.153808061205817 0.4497969700540732 0  4.010041569165954 1.368304059338568 0  1.412277882566361 0.682801416848275 0  2.808183399598286 0.881976391836833 0  1.180445049962611 2.006506143627361 0  1.083025095329088 2.13453861161274 0  1.16934655572172 2.201132007456191 0  4.9375 0.07110296791940553 0  4.494210206686554 1.628546078462524 0  6.397576188756083 2.784128596833805 0  6.279647809659563 2.912748586669813 0  6.217268549502641 2.810161287223243 0  6.160494795828215 0.3490118384091304 0  0.4879827986739517 2.610676670742938 0  0.374683605793746 2.463739137879671 0  0.552246072213222 2.526132891600051 0  4.998286435360588 2.748785297424218 0  4.863475925461366 2.779892415783008 0  5.599413413901789 0.6609580409282094 0  4.446207877874387 1.222319352892651 0  2.529628345367041 1.769533647511872 0  2.454749934515477 1.825285517161108 0  2.652620897118 1.661745388506682 0  2.638208909106863 1.846624990614752 0  1.866561050812044 2.903111719898459 0  4.049603241230797 0.7370523291391137 0  4.282021687035749 1.251811166251033 0  0.9652213432854393 0.8826632393446066 0  0.2815787008353176 2.341192011506132 0  0.438083973692862 1.231964438094707 0  3.416239173149162 2.249111726707758 0  3.272091432183066 2.242040959693715 0  3.398910909260799 2.111747264359817 0  4.3125 2.932939902810363 0  4.455828091559694 2.915858124368534 0  4.337051435835931 2.775937774105728 0  2.949073361411731 0.7501117078267207 0  1.923258616639051 1.910009452474643 0  7.920871923007146 1.078125 0  7.791168148436707 1.126564460499767 0  7.757244868405563 0.9965670798250091 0  5.042319785314183 0.8018969982721884 0  4.871035391611846 0.7293039233030704 0  2.77907448508669 2.148764732486506 0  2.591129175159677 2.187642653124769 0  0.113659224068995 2.775018309738185 0  6.062433309605048 0.6085440298042767 0  3.732558101452617 1.967356119644037 0  2.75356279273903 1.499992689138826 0  6.4375 0.07018122993038757 0  5.176483662861466 1.204554841276866 0  5.47929563478157 2.109227322586653 0  5.352875589699334 2.088524281584025 0  7.643531205328311 1.018252432850665 0  7.535668746406362 1.166620016663833 0  5.58655325908412 2.257455526552827 0  5.681446791276127 2.412673368418957 0  5.566996171064454 2.363197174727522 0  4.045716558421519 0.8713259594457137 0  4.135041569165954 1.031654052634551 0  6.509997086338836 1.490633368125014 0  6.596354406241487 1.450615288637327 0  0.6622216883291973 1.724728296762938 0  5.226667046914875 1.622904274010676 0  7.775140472629225 0.09051182555354138 0  5.887347033076243 2.898921692025966 0  5.4375 2.929669674636541 0  0.09626165429382717 2.526351533171583 0  3.608085907857359 0.3576393666935683 0  2.800765885877696 0.7403416584584309 0  2.917983001590056 1.523612603489598 0  0.2169902011326874 0.6495362788102739 0  1.345939165510714 2.909538106081468 0  5.739958430834046 1.626034690192292 0  3.05405708206579 0.5892820545322851 0  6.501055196402755 2.017857415057883 0  0.2751070686123979 0.3754649559588606 0  0.09070392903865801 0.3844845030723028 0  0.1857438038575589 0.4716293587592412 0  4.63853257541071 0.8687150071979229 0  5.046302512639162 1.281594436716514 0  1.690434257521946 2.152827680157955 0  1.868953648813703 1.807614273754254 0  0.4946122899138207 0.980250070743326 0  3.571278888176264 2.317346107864362 0  1.156095922589559 0.08842964893939902 0  0.4375 2.934441812075288 0  0.4128681110069533 2.786440844440643 0  3.510041569165954 1.365535705142543 0  1.8125 0.06790672050137725 0  7.52488498098134 1.665775018535654 0  7.299576742781372 0.933301405731521 0  7.129219405843119 0.9956597280146213 0  2.4375 0.06538335817420397 0  7.919109098565531 1.36118127000835 0  3.09625033465234 0.08767445243082315 0  7.498356172937479 1.514615883718562 0  0.2399389819678798 2.516697099933569 0  4.462335307066854 0.6718446856181248 0  4.18170758753362 0.7506865707054301 0  6.683435657856617 1.11276295753531 0  2.301044092000541 0.0762159799428445 0  4.622992515440594 0.5712398954268691 0  7.467056175569243 1.32420134554524 0  4.310387249517407 0.7774078160134531 0  4.33091862378757 0.6487924828796011 0  4.424989832060308 0.8029998402463003 0  3.635041569165954 1.365158537030496 0  4.555866555368311 0.8264466847951814 0  4.582439269263488 0.7012111191949009 0  1.144605309261658 0.8515201780617969 0  4.289265650644311 1.06924966060731 0  4.410877919642469 1.040977913497721 0  4.409944551481823 0.9322836308304051 0  3.577541207264463 0.2315606724715222 0  2.79242983788835 1.011693813252671 0  4.538018642688441 1.090835063189131 0  7.913750985442102 0.8119071581556522 0  1.596059032378215 0.8724714167643813 0  1.43937966552703 0.7896356370997305 0  7.255269415206296 1.299115177336733 0  1.559964536166279 0.1975058081224698 0  1.6875 0.06482514285804687 0  5.970137881929695 2.698004981607623 0  7.233251129128472 2.653685647039756 0  4.733836641333618 2.784774280698597 0  4.59033448514209 2.786024700618507 0  4.6875 2.931583104686913 0  0.2707556375246596 1.234635094113383 0  4.992799117495149 2.578408984482686 0  1.342455634623849 0.2838262457815007 0  5.020417318214671 0.3469627721094591 0  0.1805313026218739 1.068081741744544 0  7.399671042252501 2.290362447482877 0  5.797057737336219 0.9664206099081912 0  6.84414115310041 0.4945371741861265 0  1.463897503193462 0.3327924242450334 0  4.937617926246523 2.434001587413253 0  6.912350534955781 1.488357424084474 0  7.923644164025012 0.703125 0  2.549820778085801 0.6003265627319223 0  6.158526760882992 1.888083483323528 0  4.16229365905629 0.8792023262410833 0  2.674974270663013 0.6013783542187692 0  0.6593300700430061 0.08444273115999455 0  2.374950588083502 1.026162395823003 0  6.786093542409923 2.01764807326714 0  0.835333766594788 0.5218586526639016 0  6.349679392879072 1.460161143350161 0  5.834114952541472 1.178783215951333 0  3.22419667879807 0.5284774673266452 0  4.047760308732034 2.331515825425576 0  3.961904858016479 2.172611219308174 0  1.0625 2.935163567856927 0  1.917895219961474 0.3840055724138114 0  0.3596553818715806 1.441930037362682 0  7.749303803190306 1.29630460108196 0  7.740770743170049 1.388555014044609 0  2.868967999612551 1.987503258127624 0  7.759541572728095 0.6654229034691115 0  7.261670517896977 2.296880710967721 0  1.422305172324369 0.5076502315544333 0  2.523798998895154 1.023207460291168 0  2.013384468522084 1.086654753330704 0  1.52731738570252 0.5539848568816433 0  4.219408645850444 2.228596046146231 0  4.263536659483315 2.403563357707551 0  4.327891336007545 2.29316681401465 0  6.10879237839789 0.4225488849694785 0  1.411894765930013 1.804180997292595 0  1.054852167135815 2.520780774004122 0  1.564435464916706 0.0648251428580469 0  3.524031808618637 2.242157312185737 0  2.186168409108254 0.2383558576056231 0  2.309257523007493 0.2458864422476648 0  2.680824969846993 0.06888032167777242 0  0.8441778292600209 2.605699979398625 0  0.710079635294427 2.488184980374565 0  0.3721099687151992 2.180425914711428 0  0.4219867672461389 2.288926230122481 0  2.43618306006382 0.2416060198213871 0  2.52788109206391 0.08908163023213815 0  2.567817838818499 0.237959548167345 0  7.009562934986427 0.4363206905168383 0  3.666074420015307 2.059076344135609 0  0.1875 2.937413033088692 0  5.547733123633458 2.624769262860376 0  5.661808499561674 2.698436011881665 0  5.916631929856564 0.714772781485229 0  5.866078468052275 0.5483079330689692 0  5.779518875304228 0.6473953291318841 0  1.430285233296624 0.06970623032379014 0  0.7132139438056352 1.563073214533792 0  3.637253713864181 2.465876215748096 0  0.5286016086801063 0.08653037793020089 0  3.102203422051955 2.607607515737134 0  1.103614385996484 2.691413725232187 0  1.004228615176369 2.640795882703965 0  0.6081592203228749 0.6728558374729232 0  0.2559888472216581 0.8247626588737655 0  0.587702701709466 0.3466484326463521 0  0.5794511563682153 0.48701877378061 0  6.867363879092871 0.6755139019634266 0  6.994460371508091 0.7921544055591225 0  6.417868440863087 0.2351416340246952 0  4.379930574732416 1.374462599950589 0  3.993997656227905 0.2590393704214562 0  0.4094371845047282 0.246523654766748 0  6.826993793143508 2.373334985157336 0  6.680776785627218 0.2139722503337132 0  0.3125 3 0  7.289071700736847 2.120932587720249 0  5.8125 0.06479373101093817 0  2.711293782100263 2.274304053730867 0  7.290997609337727 2.009915791127375 0  4.864958430834046 1.636644611090614 0  4.345239004757779 2.108654507989136 0  0.2065728806324661 1.780183995881582 0  7.722526169854966 2.479873919903129 0  6.511269530729384 0.3574347097816262 0  5.933072352354062 0.4485500884466863 0  7.545716100912604 2.478620744126777 0  1.844097385412516 2.752757337555698 0  1.775088313715956 2.916018333948821 0  1.711934617140147 2.817736770314272 0  6.666986119802896 1.881938851129519 0  6.588039063496161 1.817716734510576 0  2.364111480184033 1.762551730224543 0  4.116539636286694 0.3867796563652267 0  4.649361083035056 2.123739702453888 0  1.522128289856387 1.061736045848074 0  1.638119373163936 1.005759174502995 0  1.687045435601864 1.119753200988133 0  7.62334617505244 1.402276568972904 0  6.22476277814469 1.466053083505593 0  0.8241415545546786 0.3814131454664591 0  3.397016363498049 1.511902996268329 0  5.777977344912565 0.4063417695305183 0  4.320621137666659 2.68072186125217 0  4.340812969506319 2.559383247265628 0  4.46822000127912 2.672144973930013 0  4.13155950203924 1.547912613149501 0  1.039131644884323 2.337141744611235 0  7.675151107515141 0.3509160915426928 0  2.325975653187439 0.6102253703370079 0  2.198314253239295 0.7337906709857634 0  5.702737464399317 0.7383238117027601 0  5.705959387496997 0.897010533709647 0  3.918316538204345 0.8595170422665308 0  3.638957627963786 0.7466961211331161 0  1.242409424000505 1.696540944855207 0  7.925201728846978 0.140625 0  7.920996747028653 0.2304500424849298 0  5.619623970644106 0.3279795789082697 0  2.077826229078002 1.644510918325261 0  5.283425049671929 0.4587544487131029 0  4.489958430834046 1.9 0  4.472568158619617 1.98861339690699 0  6.309736611470307 1.091559275985048 0  5.82302964723759 0.2324517079162643 0  5.342925874881187 0.3271148214711024 0  7.618555905636371 2.548213297497206 0  0.4383926233146179 2.017000311743295 0  0.6907796261429013 0.4838240573318918 0  3.790240787276507 0.5998726330082402 0  3.767290335544567 0.7174171750638075 0  0.5797700802081337 0.9319593427585927 0  0.1842252437398741 0.2925715871509009 0  0.3231459614808501 0.5515131417691619 0  7.136402010729627 0.690020254898427 0  3.073642584362777 0.4824623449787123 0  6.771335441043988 1.402951517713683 0  7.896775371237108 2.91545351672575 0  3.885041569165954 1.3 0  5.21953535831604 0.08306413214238358 0  5.295089080301811 0.2281570107630012 0  0.4741091007941917 0.4829352058791245 0  3.632739631130167 0.8802312052056149 0  6.336338895240056 1.332945690623312 0  6.998435423019004 1.049833191516568 0  3.950560827608434 0.3602653872256247 0  3.835536066768303 0.3292773968309247 0  3.801504476077066 0.4517030622979039 0  6.105175187344208 2.0553446603989 0  6.209396682669451 2.116251055382361 0  5.428738451371522 2.47546868920769 0  2.198924890530648 0.6112869519914743 0  7.4033334703463 2.414230719294304 0  5.107736134158431 1.497071270554749 0  4.981250092287029 1.447571945007625 0  0.7102625893975842 1.146057261732782 0  0.5665036496838627 1.105029501142392 0  5.582226431839401 1.148077440742744 0  6.115003501715449 0.998006565225755 0  5.353774094944343 0.9298690252975217 0  1.252894898507586 2.07618158414961 0  2.328891715407838 2.353840453500092 0  2.749775598608099 0.2250884696927251 0  2.728814251728434 0.3091056981174576 0  6.65877049247958 1.517122622729443 0  6.463725997313285 1.327907623800042 0  3.424122455883309 1.901933816303382 0  3.100853993370322 1.487707201738285 0  4.329906703104461 1.479562462236858 0  3.469771294962432 2.677310727487707 0  4.239958430834046 1.9 0  7.465543768022902 1.748584073143249 0  7.363627182558788 1.767436547242944 0  1.372983993821054 0.845576704333859 0  0.6392838609073482 2.545095423115094 0  3.673049452830448 0.568323863716434 0  5.84176853450646 1.453159859148652 0  7.41211941381141 1.166815561412838 0  6.207969395005725 1.344965444331677 0  6.492335186873144 0.8902569242318896 0  5.811208210390532 2.415620127797845 0  5.904898290658465 2.401975090957386 0  0.0713046371810073 2.390625 0  4.950415430256631 2.312557531284205 0  5.119283276205129 2.911463081105878 0  5.876001441695067 1.627973776939259 0  2.755205598660554 1.961871738997111 0  5.8125 3 0  1.24833759803807 0.4832644605239442 0  2.495700830959258 2.81998193659226 0  7.914927288757016 1.627301916335741 0  7.899942951483951 1.540666315050549 0  1.50706787626123 2.154832246004468 0  0.7184149268188971 0.2390279959542226 0  4.202376489989756 0.3937616465376454 0  6.585626283372482 0.5566109413827278 0  0.5706846839625477 1.354911944968522 0  0.7388242853562434 1.346045995341838 0  0.6411589554306997 1.458706127447874 0  5.945710616922965 2.525192697305555 0  1.917772049856773 2.314980835267832 0  1.829143108927547 2.167461980987209 0  3.343516433102984 1.016575988933105 0  5.438731422382602 0.449272981621426 0  5.309196547352641 2.341424277615651 0  5.334865795164207 2.222643379713689 0  5.434555349593174 2.35939407222874 0  4.626591653213001 1.204959929689181 0  5.417306002436918 2.594130815793852 0  1.989823299009427 1.255776915961502 0  0.07300846356209423 1.171875 0  0.4382402572872465 1.141750225301351 0  0.905652961667391 1.66142117221527 0  3.862183029867211 1.385063455841805 0  7.091850476423641 1.231654445217321 0  3.40973392908472 0.4866662005922716 0  7.113032913716929 2.244394950876447 0  2.914006520414124 0.6096682295131256 0  0.8820454462792339 1.146865241172902 0  0.4404578895983473 1.656542358712061 0  3.300654692506948 2.508675965430914 0  5.222416544370575 1.030738071592472 0  3.534840302998363 1.99795386132427 0  0.7921236422311075 0.1981532104308154 0  4.282940083198108 2.847896730335344 0  2.490622278561793 2.589917029346715 0  2.407167344810912 2.72580020012381 0  2.385041569165954 1.3 0  2.358884743557667 1.383983959958925 0  2.927411306043992 2.599442054804375 0  5.609396501888735 0.200590864800089 0  5.453076942217553 0.1954873990272365 0  1.187306832134535 0.3640375374461189 0  5.232756392982531 2.679088066308764 0  5.899959805911942 2.651385316547011 0  1.994010986142077 0.8414024598459224 0  0.5072830932947291 1.760280634563595 0  2.255147489513843 2.44488735863006 0  1.791243512901714 0.6566863443883266 0  1.62297576238178 0.2619627290914391 0  4.216975240019794 0.4835487115728845 0  6.154746817742477 0.7101670306836767 0  5.071250872762477 1.601260849295303 0  0.6287295956815185 2.694794157145428 0  6.661103899006169 2.076164090560684 0  0.8788023196305959 2.286704339042733 0  7.808048197373454 2.522104818487204 0  7.920113986649792 2.59012563807349 0  7.800483935332198 2.682456706919144 0  7.028799278422962 2.210914314471871 0  4.737098821164532 0.140091409251658 0  7.608812932658363 1.652400497907758 0  2.372325014186198 1.664516201311302 0  6.972236496082497 2.490041101318593 0  6.907869501333487 2.549131185254137 0  6.945947438617199 2.409509474849288 0  0.9618980947154611 1.77448517202832 0  2.510041569165954 1.3 0  6.694165526089845 2.758529160353364 0  4.878167619511902 0.2389190298391522 0  0.6072147039071832 2.786597773343073 0  5.990221079264077 0.2973666510505483 0  3.44993833170344 1.676340137523773 0  7.053444666089183 2.511682852969023 0  3.980392003537558 1.633840170759782 0  4.990331582457862 0.1940214621315827 0  6.270410638488758 2.743381111101989 0  2.735474685611751 1.687476337261463 0  4.125824937216965 1.63261294958747 0  4.817935759103037 2.543084761359811 0  3.426797644163924 1.018741363848474 0  2.798175943716998 0.5914298794664394 0  3.889631480860358 0.2010010523477617 0  2.99436832568765 1.37410308899642 0  2.464933559764127 1.907980757987393 0  7.322727824366945 2.240240668297548 0  4.181081386103907 2.7818060262686 0  5.34088183618845 1.480173909773758 0  5.257322569393252 1.47150392020275 0  5.533211946742774 1.505304071048961 0  3.8125 2.937152941546863 0  3.744978596881659 2.81016249664051 0  3.851351926649952 2.772303749590875 0  1.5078349297238 1.526068528441786 0  1.402680388330143 1.657476199971103 0  1.382528079719053 1.550098857522593 0  6.699126071392719 1.245644739986455 0  6.828779815680669 1.226575725627398 0  6.036444805097459 0.8908034334585886 0  7.693201870251749 0.06301832845192426 0  2.653543619329302 1.374689528347302 0  2.335530195270684 0.487035640438257 0  2.328969680649022 0.3751046483441284 0  2.207779888710882 0.4886493021970779 0  1.652158893176658 0.5646945777526148 0  4.050268020117923 0.5045786915024344 0  0.2129746580123745 2.390315733201398 0  6.043109192584911 2.794341322944045 0  4.027427332160753 0.636167124877843 0  4.683398925117249 2.288997215112112 0  4.70563046637758 2.404584351935464 0  4.571615864535458 2.4147143350257 0  7.268783814737441 1.013935037989967 0  1.321362706111789 1.935511609172939 0  6.511799067027817 0.5190665828477148 0  7.042085345306246 0.1669275488758534 0  4.999702734365283 1.056992442791403 0  4.823561664644646 0.939019720455311 0  2.857410007730062 1.815688413386395 0  1.543510899602122 1.895883897912703 0  6.85668061095167 1.852947013973453 0  2.490529395665758 1.585863897413443 0  1.662637387313788 1.626924118002109 0  0.8334939776598996 2.752961830112834 0  5.218041299917725 2.199367670024711 0  3.447957417377228 0.3315725496690617 0  1.9375 3 0  4.429150304916708 2.356901829772085 0  1.311246169609209 2.321363911562834 0  6.654887268930738 2.529512225757029 0  5.901503624635935 2.816244384832935 0  1.27118474601862 0.9927201250737834 0  0.9660052286458274 1.158969922925684 0  7.927663013334651 0.609375 0  5.695608564157843 0.5680932905999944 0  6.081625146743954 1.925213020445369 0  7.916224789808226 2.427089639191575 0  3.3125 3 0  7.517939124567735 1.038728315663332 0  2.324642956708864 1.930727630957354 0  6.880318182439058 0.4204283745729739 0  0.1817604397968324 2.032610590886114 0  0.2079419046729463 1.952381671573367 0  7.640891928666603 1.545495957566528 0  2.468984631331812 0.3837254734794807 0  1.748463269676485 2.612343892363072 0  0.1933028583387175 1.392605994531497 0  7.466012423100108 1.908213092933809 0  5.415577489157274 0.6624689489390321 0  5.476871112652931 0.7214899994534615 0  5.486847068353354 0.5551940039408958 0  2.056937146313975 1.2 0  2.887698659915829 2.877265153579686 0  3.517060789172515 0.6153587750367996 0  0.1755242745880694 1.61255860986816 0  3.771459634000753 0.08182993354664328 0  7.765398737282174 0.2038363320647614 0  7.856137705821173 0.07953190712953016 0  2.982166780018265 0.2232485695988299 0  0.6809702095095185 0.8274893646605634 0  3.537377376319259 0.4015620068459341 0  4.614958430834046 1.9 0  4.511918005097709 0.2772044562914506 0  3.916284505650272 0.6166813655941831 0  3.910713363134305 0.4830070729897627 0  2.679663764428003 0.4729661489068916 0  0.1856846004699657 1.238280079978747 0  1.862098537502951 0.1354638142072926 0  3.469312565159189 2.506947705927503 0  7.353416195966279 0.8708485315388601 0  6.348292467164752 2.719130088062581 0  6.908975901658056 1.733371223743637 0  2.104192383475833 0.8562793899475796 0  1.989849936254089 0.972708767455838 0  1.178112128841878 0.6807078453230355 0  1.26850799923206 0.726606584983973 0  4.440571673439302 2.558133857003718 0  1.6750215391863 2.399753615255588 0  7.540741641058631 1.94980217498317 0  3.537036612316138 0.4975958246913873 0  3.690996669371087 0.4584892260903053 0  6.026932024231363 1.112613663790357 0  0.4058808555824686 2.624748672340194 0  6.065011710820235 2.591774510957733 0  7.673479284880082 1.148569939240411 0  0.9985332943645455 1.39255014078339 0  4.391622330600518 1.626035100236883 0  5.875995845694666 1.064668527408365 0  6.553889177490245 1.65167170085648 0  2.650755761204297 2.824800915178707 0  0.8834758637975115 1.412370502969725 0  1.020680479893129 1.499222018827054 0  1.280514820502273 2.46553628528578 0  4.539445299468997 0.9331684211634989 0  5.126339583605006 2.172018242042971 0  6.315565477483254 1.218004241770746 0  6.866838433191512 0.8205809561926213 0  4.215176897559657 0.6348826802246351 0  0.08366412946276904 0.1952965878163187 0  2.182761896504213 2.023842929989166 0  7.554356656970297 2.215482662317769 0  5.124909149286582 1.375607160871852 0  3.240446687759376 0.1623646615228145 0  0.7159065087092801 0.5673323682966184 0  7.166862024825274 1.510322409723192 0  7.160605474644944 1.360648191336971 0  7.262481598164148 1.387324949688688 0  5.919595979818165 1.480521830345602 0  3.112653055996085 0.1825067841319775 0  1.244758154190835 1.462036013416034 0  4.114958430834046 1.9 0  5.064115355421858 2.238335149322131 0  3.968132135317039 2.439429133530444 0  1.562053919571326 1.263204150715023 0  4.294382037372463 0.9150423610496621 0  2.399501756186746 1.496489588524916 0  5.901942939576577 2.26346320116819 0  0.5523690121118251 2.02777157139066 0  4.253975825210033 0.3316648323468583 0  1.047897079295903 0.3576233555776306 0  7.925418520920279 2.126149784965594 0  5.746333793023504 2.78494215205076 0  5.211090858007081 2.33114946650165 0  1.114060296080023 1.367456658687315 0  0.5155741764379624 2.913291743311087 0  0.4578811502111022 2.854999531355519 0  7.218595705125458 1.73902999287616 0  7.161178874217581 1.663058380694558 0  4.053078317574053 0.1825320588782464 0  7.468689240526946 2.16881180865816 0  2.247080005205325 1.775122007804676 0  5.868092059439877 0.156457896008837 0  3.135041569165954 1.3 0  4.80425172085737 2.39992581596029 0  0.7894796745627899 1.767456169246529 0  6.655636415009731 2.642489520808405 0  1.180011877067501 2.580636437255872 0  3.894010789957045 0.7328595498006464 0  3.681557698569765 2.580827262080317 0  3.822317182823292 2.657498309398223 0  3.792948300837196 2.548952178322746 0  2.875211186358343 2.285140901009205 0  6.528787147812516 2.313353113149265 0  5.565760233602895 2.544847052985538 0  1.037299891829906 1.619661755472011 0  5.343353627424816 0.1621989337521336 0  5.094452359838143 0.6316897622359653 0  5.14055203343748 0.7137402351295666 0  5.254830819829817 0.6246360211423748 0  5.728403845454065 0.08325202956915 0  5.580071725256135 2.796292855873609 0  3.016865186652236 0.07979907679093723 0  5.127731843843415 2.616676189324177 0  3.99849133679903 2.866080907796763 0  5.674695322703487 1.575679116030991 0  6.472498129308478 0.7459806117537054 0  7.002335459034048 1.342067931600569 0  6.94530300384264 1.210051465946697 0  2.333387529213991 2.186630910926403 0  2.416977174383072 2.186901456322193 0  1.984914349280292 2.2017522447474 0  7.052245652537028 1.569720852305236 0  6.921974658511292 1.626436947852235 0  6.345448652777087 0.3302829565706404 0  4.136858028574161 0.09226045701945088 0  4.383707988051857 2.199605428801947 0  7.017868785332914 1.95113221722517 0  2.889740174951355 0.322233903036412 0  0.9846452820601931 1.273602474138182 0  3.845343942000218 2.328557551102788 0  7.658174796389953 2.275436128917911 0  7.191206469329554 0.2153711196383418 0  3.392537325608865 0.5660804883897511 0  6.231996291448417 1.717505061382125 0  7.169441035812994 2.704476906898495 0  3.262454401121402 2.782357577157474 0  3.260988720522314 2.919484405505349 0  6.691921041169066 0.5665675850849675 0  1.349315881701105 1.438648497177645 0  1.096263322215644 1.254873610445074 0  3.850248075749832 2.072504695770837 0  2.690403345441375 2.755135985290922 0  2.987225725182572 2.546334881379818 0  1.366611907258694 2.08721416930132 0  4.495425896390556 2.277814542715989 0  2.236875978614815 1.641531077832276 0  6.037453499197278 1.27816575642678 0  7.675146668208383 0.2247386929852865 0  4.889170951784334 0.8072700205301034 0  5.507089769274941 0.9983562521913014 0  2.711248383963141 1.765753877601368 0  2.954008827968693 0.1492037842746469 0  7.445338483223074 1.004266098983885 0  5.312437492946411 2.816479202924524 0  5.488253735180853 0.3876214268254108 0  1.218666250271715 1.845202915165477 0  3.285261679982882 2.126886989071044 0  3.220727213647363 2.076738902151718 0  5.687016863549299 2.083090831620466 0  5.59705544791943 1.966231535157247 0  5.560505590221378 2.099972617975459 0  0.1003114598059616 2.605113604597266 0  7.071883100869992 1.154342242731618 0  7.831899303186152 2.012829828221187 0  5.326850401692544 0.5253375641316036 0  6.921948361798115 2.12721665878935 0  6.403407309922771 2.126970245645535 0  6.335500427624355 2.042226672380974 0  1.11324950718671 0.514142744914789 0  2.900883259699422 1.446808497512776 0  1.350474454311867 2.828341591065234 0  3.374747213218854 0.07866224340197718 0  0.2608803781966572 1.686132093156295 0  2.402630767540973 0.6282220693195736 0  3.193432020104732 0.3814262071299852 0  5.297223220278117 1.316397647406733 0  3.76470385840484 1.631087607145441 0  2.9375 3 0  2.821706589167298 2.734437884023483 0  4.238452390188846 2.13327510174309 0  4.286808471174902 1.976848543288093 0  4.682603465508418 1.429843067361779 0  7.100123551230231 0.9220530173088848 0  7.825398127140204 1.861762140448422 0  7.609495044016494 1.811095628470923 0  7.934648800528431 1.921875 0  7.657735811536743 1.962202009725231 0  7.720934818629321 1.841969619701669 0  6.45724103494924 2.929706968653377 0  1.472207561354409 2.280551493996025 0  1.432169282398382 2.131263802308903 0  0.06381842946738611 2.017283816597451 0  0.08258913378750608 1.895158214335916 0  7.130137092183647 1.953087628657203 0  1.445285008903373 0.4089735282950092 0  1.337156169546974 0.4334253555817494 0  0.0625 3 0  0.0625 0 0  7.9375 0 0  5.171324564088631 2.77061688016767 0  5.074596117623126 2.729791296966915 0  2.133122985352878 2.181930637686281 0  5.073420966403377 0.9689174383969015 0  2.947959599476035 2.675309894751427 0  7.806740674010206 1.239952339799629 0  5.482213987935958 0.07844584060808574 0  5.387538137110737 2.672686237841356 0  1.006903369314355 2.082787072379954 0  0.917600829865453 1.977877272616675 0  0.9860752644262752 1.92484070043714 0  2.010423730607988 2.395611435736311 0  2.101847105770036 2.483108413122251 0  2.17132192900861 2.40951903237056 0  5.683289958913972 2.519610913345237 0  0.06319168167350663 2.296875 0  7.934030186695784 0.8897070113353597 0  5.543067488054175 0.2431753484906434 0  6.347957558358683 0.6465097926843261 0  7.527048374309208 2.058722996210591 0  6.340952733905706 1.736114245356053 0  5.43350395879857 1.238446718648778 0  3.377311566772946 2.821869476317552 0  2.510209459068267 2.274370443959475 0  2.61552297770167 2.351427650050701 0  2.488293019002568 2.417616975923941 0  3.069526741248609 2.430886301049708 0  6.454172623322813 0.1481932696224249 0  3.178025828675613 0.6096960622964716 0  3.045473320106041 0.8830898507077242 0  7.453614195248171 2.559090710654714 0  7.522695857351381 2.642405225589922 0  7.39612023874942 2.699596809835753 0  5.899791972008547 2.15493083482521 0  3.034421522211511 1.030940742446846 0  4.857597968923853 2.922007262005462 0  0.08270329180476044 2.15771222636701 0  3.046818320304989 0.3270455217816589 0  3.151007881896103 0.2904877781059781 0  2.12207772206719 1.503294170167766 0  1.440005628192202 1.731932715152449 0  4.572630292033452 1.02115190774007 0  2.975442676144036 1.678009879362264 0  0.9341015940899383 0.2579582924079954 0  0.071188041707256 0.6872823270308216 0  0.5591163203624399 1.85161920462679 0  1.427553360005221 2.626794334921626 0  3.483692955509412 2.861109340990664 0  1.267241361883216 0.5599145623171079 0  7.626886171281996 2.354112752936441 0  4.979780977927796 2.500636835155558 0  5.472965309793707 2.223285479268826 0  3.539200272321998 0.7435938635890245 0  5.0625 0 0  6.216803241092173 2.640003896787425 0  1.506686677172691 1.6530803366879 0  1.513089478362109 1.813818036084834 0  1.59439788565933 1.750047421990243 0  2.773808524292447 2.22698916301586 0  0.1850813620114048 2.684909365687543 0  2.017853138979041 1.491201478799463 0  4.660401490357045 0.2184773952333419 0  5.278681208046798 2.57768792586809 0  2.631640413217634 2.675977696231891 0  6.620836211736732 2.236518160115598 0  6.556782486391471 2.158240527387595 0  6.464840550444194 2.227361107008454 0  5.437776280966786 1.58713456166926 0  1.226543756817013 1.34111406116242 0  1.334891023829829 1.31905290058557 0  1.205181787867021 1.235783135472688 0  1.462571571580996 1.405228136961142 0  1.099603524308292 1.120234566389672 0  1.186137920046981 1.126949339813695 0  4.992492355581252 0.6648645567294788 0  1.699480635000854 1.915775826032979 0  4.96334207034942 0.4302204535570445 0  5.042160232195226 0.5174805151646029 0  5.11764257454483 0.4486850132669961 0  7.104473642462895 1.821763709809539 0  2.297482307480822 0.738506454586449 0  2.079158893521753 2.316251186360617 0  2.06388888818449 2.238989715695601 0  3.031154886109888 1.530743623901119 0  5.359074959495556 1.101394770093495 0  5.32728837638065 1.210885829654801 0  5.451716467342077 1.12060867263228 0  4.211670248334761 1.024329797039213 0  5.968446912818067 2.775090571009794 0  0.2694674935971672 0.1555889714169932 0  5.725878745209236 1.129157447382408 0  4.21653972011967 2.46517868054598 0  4.233463942049602 2.541129567797033 0  2.808570891782454 2.836202657054035 0  2.730644212129714 2.924975697908587 0  2.330937574157351 2.43088585282457 0  2.330620067487307 2.820008619537589 0  2.666710080191507 2.434475950675999 0  2.768715176954272 2.377400589867267 0  2.72818913807613 2.552022828759591 0  2.583936144517337 2.514289140066969 0  2.811082667158497 2.48636955571582 0  4.100823488755588 1.976129091631304 0  4.824579388124316 0.1794341091823749 0  7.304478270338735 0.2152306607430988 0  7.011301202015376 0.6823119497008389 0  5.71174678594082 0.1867069134070759 0  2.825987691772626 0.3667659836882883 0  1.581037060367532 2.008511419189561 0  5.053267901029153 2.029355479653938 0  4.614990726660802 1.539947161961121 0  3.504284646999217 1.524179955848069 0  4.749788693191171 2.248568170456896 0  4.960767196307578 1.373526804367651 0  3.903047545505808 1.626213557509635 0  5.95436948974295 2.009063458180287 0  5.820743746191582 2.072302974229765 0  6.631034474875434 0.9811247264465229 0  4.664588743268683 0.3664121350018761 0  4.878031461310224 0.4769628002998237 0  4.775512430196806 0.5272526178999051 0  4.821339320857226 0.6194346315735675 0  2.177291623925542 2.823184955388962 0  4.727469682265268 0.4505165756886049 0  7.09549426646814 2.344437836400493 0  0.6541376317050843 0.1975096737363612 0  1.985937273953992 2.924121231612168 0  1.878478845675955 2.825441241624932 0  7.29633400061103 1.72656917295034 0  6.743904192750144 1.494948032081558 0  6.803554670366049 1.610532539221901 0  7.034464940085368 0.562440610262298 0  3.757112555542522 2.442240480132073 0  6.893661640505691 2.923695096247849 0  5.761518308675283 0.4826138494393691 0  0.578438687523156 2.324674184792401 0  4.138313469616334 2.083205967028486 0  7.407682010060414 0.07419993905444647 0  6.922039283276642 2.626409644460437 0  6.103722833440351 0.7743676433677837 0  0.7638279576407755 2.121442636588165 0  0.7874536422079736 2.196238818297642 0  0.8200500975119718 2.066033013332666 0  5.994795829551718 0.7354797065237102 0  7.347960890346434 1.847761371269524 0  7.279861938256897 1.889062248038117 0  4.691270304028549 2.5255871574081 0  4.584688673105705 2.634395260478 0  4.583451609241854 2.517716270634085 0  3.534437494821012 1.605878862509694 0  1.572487071813801 0.6940105418717976 0  0.3406928862260716 1.270539438470823 0  7.819380312545432 0.9469561960327666 0  7.865976793916247 2.273958127921329 0  6.93570352585418 1.095093104516383 0  4.374033470543812 1.108542381074673 0  0.7153190087048839 2.245107270275492 0  2.59788596405789 1.481436885815269 0  0.3389717909946948 2.677169419577127 0  1.801989786304442 2.278857781238211 0  0.1671565488598654 0.7815121460927426 0  7.002466343608658 1.859711794048256 0  6.036812553175948 2.389859367104792 0  6.144645773650386 2.325215001092214 0  5.751183280816138 0.263820233563934 0  0.4737588972417893 2.104130442170359 0  3.203930475737051 0.9443743447069792 0  0.2774636610768073 2.208351294463026 0  1.200307237085112 2.821842602795232 0  1.234150217986893 2.920965907594286 0  6.26714104723497 0.395255759188176 0  0.2506342345949811 2.591832445270428 0  0.3775062150924841 2.542204014654281 0  7.544453230290578 0.0648278735982675 0  4.924234620141446 2.627444551842091 0  2.918724727701624 2.432835979885645 0  3.836353668972006 1.02449655156205 0  5.254191888573287 0.3869354256782965 0  0.3231692830238939 0.9809434839371315 0  0.7367942521844473 0.07454775639656659 0  7.836104834817261 0.2378576768912897 0  5.961122408351882 2.93001385019607 0  4.800780244861456 2.15744622895258 0  3.702273777515274 2.327134810730071 0  1.230744806744827 2.151778474692903 0  4.140597000144353 2.922926273485629 0  1.209993709000524 2.735187476051942 0  3.337974394059593 2.920784900637486 0  1.301048710784271 0.819353226351333 0  6.919421710272727 0.0610597432975888 0  0.817983167845068 1.050340574266524 0  0.6305447817706056 2.380664339508682 0  5.830468153614406 2.788322342824182 0  5.78125 2.930693009450705 0  5.593308730784876 0.4929879452304378 0  3.117830610334837 1.958146321819116 0  2.994942688665917 1.869721158598122 0  3.000011409749819 1.952639653228016 0  2.15218960744817 2.336255141692804 0  7.462321948837755 0.7919928931436699 0  7.369264002069103 0.7205416835370251 0  5.100716576993962 1.125802652239303 0  3.514669685608682 2.112818434995289 0  2.086140810478548 0.06742608323481816 0  0.2898864100831999 1.343915039515435 0  0.4385774740640052 1.322101099621862 0  7.224706691783757 1.13548283186317 0  4.81568984656729 0.3815771646255297 0  0.3769452599636814 0.1307901430303706 0  1.334203085042203 0.6864198075609592 0  6.812383652655043 2.135918921607047 0  6.878066691131961 2.26405633455094 0  5.83064743992009 2.681104519280149 0  5.626874297608209 2.855924051729161 0  7.815152576724305 2.157143592547463 0  1.906860207085578 1.681152548206483 0  6.8125 0 0  6.786593791348971 0.07332288938027627 0  7.45439630967259 2.812531358213844 0  6.710363892091262 1.359107071373354 0  0.484205063787948 2.762081330274314 0  0.15858395728764 1.894594790054752 0  6.20572215653555 1.237670595140924 0  7.941385497619295 1.265625 0  2.942340607846603 0.380169256963051 0  2.946950570398956 0.4643956698271934 0  0.9049895906499212 2.561778436056697 0  4.763763349868679 2.924671090008559 0  5.797456033547492 1.577347357088749 0  1.418641128902391 1.192320063802459 0  1.292816877989658 1.111307516502291 0  1.403049298426948 1.085982062507794 0  1.314902063419867 1.207530824800329 0  1.521251276215882 0.386797098994429 0  6.472514156211525 2.767350710533202 0  0.811464242841207 2.354543967943147 0  0.7362667998298104 2.328988922338675 0  2.826131463808551 0.2139598599634622 0  4.470951607062092 2.41909566104565 0  2.107133192220536 0.9531431862945412 0  6.179626427929551 2.047569366788156 0  3.41049579236183 0.8566429470906787 0  5.760116654603567 1.231614528904429 0  5.806631208740135 1.344277305466011 0  5.892860730694557 1.2313913675353 0  4.775598322406016 1.16906308555343 0  7.121171350436979 0.789360553475987 0  6.675723877572183 0.3232044738412597 0  6.763083094784322 0.351075712778055 0  6.80765681892388 0.2507877913182862 0  0.3557784472828004 2.024376695814173 0  7.651470457529943 0.4952019846604227 0  0.142300577486038 1.336877113953664 0  6.986977490751895 1.490563858496175 0  2.090747236045653 1.931621776875051 0  5.5625 3 0  5.601079556258613 2.927638651097223 0  4.613605515045772 2.189243368391923 0  3.853277996336903 2.404589424223377 0  0.7968584826583567 2.46787774990332 0  4.986430616863789 1.155391189959837 0  5.995066549674914 0.1559945068252298 0  2.165646447595296 0.3153132962689598 0  2.21236991642215 0.3801233223359627 0  6.599133274841575 1.372451223898808 0  2.122640883863294 0.7443590985051431 0  4.986470279978705 2.377753225295534 0  7.613412075537036 0.9500172834977204 0  0.78925000837351 1.624971590881633 0  4.904601429848332 2.050610672403166 0  7.088184866609524 0.2393732487395493 0  5.018960006305702 2.820191436788715 0  4.686450641210101 0.7245266620550013 0  3.166291569165954 1.368385526113317 0  4.658166903765784 2.646194680025455 0  6.462086360582603 1.433354382011 0  3.313288111113894 0.9407209752726176 0  1.368651676140072 0.9728746025082287 0  2.01245460394157 2.003705090731037 0  4.098887194920842 2.209527250601312 0  6.256340733631326 0.7928452347965135 0  7.863027456635832 1.288918073524964 0  7.928928065015566 1.154749897529299 0  7.939764551736278 2.766142586247106 0  5.213284677783727 0.7942265342456319 0  5.700403159692852 1.368866627175818 0  5.658088555519725 1.269264826352312 0  5.564308697746256 1.309609821498682 0  2.759437497354007 2.624736438409352 0  3.292787881166108 0.3797097933091026 0  6.825288727782861 2.666555917567791 0  6.901120456758466 2.776574178826908 0  0.7876878052129996 1.549240003868571 0  7.47905594765475 2.702235849776143 0  2.560444764139092 2.69706133062303 0  0.5074916335763424 2.464159449550495 0  4.877612889698884 2.28926062786968 0  1.049469569493153 1.017113201653232 0  2.162410523877345 2.563116768432164 0  0.7644400598425344 0.6688602246646148 0  0.5315854725496906 0.8178930410061546 0  2.081460431738992 2.09132261660672 0  5.436030654808067 2.736054210149506 0  7.448251637069417 0.5947580480331287 0  6.994693589298807 0.9108845728744979 0  7.393385223216992 1.297842388019494 0  0.7595896682241309 2.747635694774919 0  4.146231570657456 1.475490192786364 0  3.725858995245784 1.707492927683166 0  3.64968698135987 1.591564861446696 0  3.657429534708689 1.514308942941889 0  3.613578235188493 1.731376642666364 0  1.749156022719872 0.9106133776233017 0  1.858315727989728 0.8910433208480363 0  5.211856856415318 1.530680489231762 0  5.671017853750015 1.974100446781539 0  0.4598379682195123 0.3808680028150478 0  6.886188223646844 0.9352658222622545 0  1.48333759624993 0.9592363197713746 0  1.706694328192217 0.1379496903392849 0  6.42114819494115 0.4008296798080107 0  6.369260191568148 0.4815213600479747 0  5.152975595098013 0.1809530786893426 0  6.11281667228419 0.0738607790724419 0  7.614108198676827 2.918132412129591 0  1.612760563474072 2.925966840699749 0  6.662341404019394 2.392985449270122 0  1.239897410955197 2.34830792353742 0  5.239958430834046 1.9 0  0.3014927379653798 1.953123539036129 0  0.226619167159495 2.090937995261642 0  4.555567345312407 0.1523108234199178 0  2.384205781557221 2.883793290355964 0  1.679455300846385 1.292500184763475 0  1.704541261840972 1.191706618255182 0  2.620717572612576 0.4034382904909217 0  6.474409338759531 0.668088766987787 0  7.540012668333901 0.4780304543145141 0  4.919628125666391 0.5745130144234539 0  4.490671511154872 2.105472715447729 0  7.761380601099367 2.619232956311545 0  1.808953074361336 1.295494224007478 0  1.918922329402956 1.220049672918077 0  5.7936847754211 2.536102707616251 0  1.26858748662087 2.617470120492585 0  5.104853094411733 2.439357177822854 0  0.07389899243232932 2.924692338378447 0  7.123909108193725 1.448932041059466 0  2.635962900042045 2.121634158909444 0  2.651443683547247 2.011617499559971 0  2.526661664485841 2.030127353137312 0  4.239958430834046 1.7 0  4.280455197986912 1.624527728963081 0  1.678284316790557 0.3918399122986061 0  4.356503505988627 0.07231917749817428 0  4.282856720981561 0.06555148177369746 0  4.336970298568329 0.2054604788406146 0  3.992933991870987 2.054498672092851 0  0.9490862919353857 2.8313456986825 0  1.098863523342228 2.838208447147873 0  5.18591173242779 0.3238853998967671 0  2.419298311588815 2.049179066389878 0  4.756938853040769 0.3033466699540019 0  7.551088602786323 0.2541376547974859 0  2.034063074592987 2.846943229489407 0  0.4732818826691318 0.6091045763312855 0  6.488720077630898 0.2854538017755501 0  5.802950624350343 2.277773225047561 0  4.516923583021024 0.3507033602220853 0  0.8064668147756205 1.922487514762431 0  7.021260078148475 1.424394506748145 0  7.005635702465152 2.36355373953045 0  1.373106578112727 2.178358726815624 0  4.739958430834046 1.9 0  3.600783879241885 2.625531024533086 0  3.50636173789146 2.740630706979566 0  0.7638952403168824 1.195557277431016 0  4.873971057244862 1.158453241997118 0  6.61371642628936 0.07291568222152253 0  5.857447436993895 0.3819241312291679 0  5.871798033569076 0.2900917072435749 0  5.472770478669661 0.2721249341645825 0  3.902023204780907 2.474613915296232 0  1.442244363002203 0.1762849838609173 0  7.803459235660624 0.8090001188831466 0  7.052924102672367 2.617915707772115 0  7.175440338775079 2.580857370420205 0  4.014941728562696 1.526548085978442 0  3.899192228479427 1.494696995278342 0  3.06237186653188 2.742387574796973 0  3.086389974268395 1.64223946277147 0  3.110097062965355 1.747106908303787 0  2.991249486743213 1.749892499825385 0  7.068760212034253 1.302652043205493 0  1.436127047176633 1.292250333974053 0  5.003881222827131 0.8661136682985667 0  1.055460007555785 2.203532070898938 0  7.000567440403553 0.3641409492344597 0  6.896735644856391 0.2879605564616175 0  3.638903540105963 2.851458756926027 0  3.642225355362507 2.926690991564042 0  4.712451960121853 1.967727357324618 0  4.507510595683067 2.767765537646742 0  4.44288648030936 2.82822659695529 0  1.839880887411149 0.7868165811073253 0  2.735477057132965 0.8855411518993748 0  2.707528263569184 1.028041962166898 0  4.083598022742464 1.372863540729343 0  0.3153420912058224 2.920900450150557 0  7.679999361897923 1.249941488866961 0  7.304100070927299 2.790789040410773 0  7.051927194437937 0.3034025102141211 0  4.224589529811409 1.394113827145743 0  2.398698218695673 1.943468749095532 0  2.246977745710415 0.7926767459046203 0  4.238247532014116 2.926391658027267 0  4.129835663133787 2.833262532714734 0  4.732612274078164 2.673536639815856 0  2.462584588967667 0.4592813086175427 0  1.717628540173048 0.5334573924719654 0  5.114958430834046 1.7 0  4.700331356723734 1.328997703336951 0  3.314171929473043 1.650024230103883 0  3.182963505364321 1.58489323698645 0  4.759711145461676 1.524572932696288 0  0.7391406785524116 0.9125747244357314 0  2.252445208873747 2.749349883519691 0  7.186598865766256 2.836355435917908 0  7.244619178336384 2.92710575487143 0  0.2685172750409754 2.800996097103711 0  3.542711372206421 2.514700108006271 0  7.094949787007872 2.717686215758577 0  7.333799314613348 1.522873510544602 0  0.5794729144682621 0.6043661334209486 0  0.9077963901559377 1.538876423954677 0  2.146893093740445 1.422967311850052 0  0.7128996439701258 2.68648652534395 0  0.0679509074491346 1.343364836973847 0  7.741071025296748 1.735720714783162 0  0.7757990688207514 1.410148086328129 0  1.708543713620248 2.672539868527428 0  5.668567067621321 0.8066998411393489 0  1.496748290831674 0.2336043988366439 0  5.527145784257192 2.48387360341398 0  0.4199680395155997 1.881121579929257 0  6.617895610808083 0.4072215914994243 0  1.744726707048862 2.75363909085798 0  1.141156067462492 1.597082413205853 0  1.249565829841399 1.55010930985594 0  4.198540448849979 2.680118556060021 0  5.717580808601409 1.05766661705434 0  2.082031594328662 0.1967984921747579 0  2.459523142746824 0.5830697501634717 0  3.311544808472352 0.692932508734181 0  3.25224664550275 0.7373398349504332 0  3.416492810006222 0.723283041435808 0  0.155651798651301 1.460492172200756 0  7.942393712035689 0.3304683007114108 0  1.944471555113339 1.106879689410069 0  3.404394469641106 2.338848643983125 0  3.349969629734666 2.386562110060125 0  7.263349801285198 0.685112855356911 0  4.011025753760655 1.441427629774276 0  1.88486384584132 1.422928989495555 0  4.805443298901237 0.7585677516974842 0  5.489958430834046 1.7 0  4.877541750711857 2.850651557470857 0  4.734392418169691 2.856632418598518 0  5.055492657004886 1.444214381268139 0  2.761350009687392 2.778377273769856 0  6.349360188009141 2.442114525597009 0  2.309962707263125 1.809494070207418 0  3.22135783933035 2.387325652157166 0  7.206278293122317 1.607040577172395 0  0.7061638901185919 1.428007813968347 0  3.975375050003118 2.319359811381474 0  6.291441104790542 2.343847051850849 0  6.174020727626719 2.543212746039095 0  6.184341481023163 2.399582690632511 0  6.430050396182743 2.371810643092373 0  6.260377278765857 2.497529172499859 0  2.551291754228989 2.124609386666026 0  6.660697605785599 1.589839110120028 0  6.81954073598677 1.124977924406646 0  3.115180375100262 1.858959812599671 0  7.67229181028277 0.8252965121103881 0  7.581229165287263 0.7074622254609527 0  7.008084500249396 1.626857205939991 0  0.8838034535630973 0.07947169113549095 0  0.3638763523166142 0.4929015789194284 0  4.609547343313253 2.064178569173419 0  3.640016783311483 0.6334241623804278 0  1.512736517476307 0.6412338881875734 0  3.754739017310877 1.459024719322231 0  7.176844119804328 2.209940324329222 0  7.944819077436041 1.734375 0  6.735804002203544 0.4545223411812565 0  4.048004270740915 0.4083519879099409 0  0.3559119094110297 2.333175913681674 0  2.672846113644562 0.8220277390046262 0  5.1875 3 0  7.691027842195052 2.766103137325574 0  0.7375255132705861 0.3851464937227336 0  0.6869146153006854 0.3274084025667682 0  5.082807262869698 0.1626662289590355 0  0.5778814686027518 1.921530638981161 0  2.502456515271039 1.377927844443703 0  5.823899747703781 2.143474570084095 0  7.190372483097505 1.99557739967883 0  7.73059682851328 2.276250127839879 0  5.816758076383461 0.8131396203626921 0  2.688466924768794 1.528193420813525 0  2.441693115453449 1.642428891192328 0  0.4747943306869752 2.338810190855926 0  5.550559256811793 0.7163612699903257 0  7.329711029414134 0.4885170949582037 0  6.101794510876642 0.2259460979092962 0  0.2420074797823706 0.514676663554113 0  0.05694283615991892 0.984375 0  1.201006077909165 1.00253817201078 0  4.373016191513456 1.211325595311468 0  7.217879077493779 2.135902051393623 0  3.514123746872628 2.927939113616087 0  1.810269603486508 1.624866412258754 0  3.705963254467851 1.370632307216963 0  0.4164869148308852 1.810177550356795 0  7.373776858187019 1.106718817081791 0  0.6140864690330595 2.140911915318286 0  2.598095867074604 1.904906771553011 0  1.133250821711919 1.465104811475658 0  1.172890465777818 1.683138807389411 0  3.018949159482465 2.338540764214122 0  6.308515766707143 1.597404509065721 0  5.0625 3 0  4.489648873367471 0.07223102046540228 0  1.033332965345325 0.6203105616812504 0  1.251591073146807 2.005032240908944 0  6.71972436631269 0.6324831282261624 0  7.926241409769809 0.06986565584871092 0  6.00402418789103 2.268226221071637 0  3.466383733538379 1.975537718868291 0  4.362440849711953 0.4384242438133053 0  0.9517416302801504 0.4742530399794412 0  0.9761050206474288 0.3734238313217454 0  1.08677079177996 0.4195813967990035 0  4.444407015532544 0.3999725697671201 0  6.102720488772034 1.842122649248251 0  5.955981896280492 1.853672760949572 0  0.3544960446868692 0.6977304969009305 0  0.2587963249821285 0.5855642393520889 0  3.580007299948895 1.014103001742066 0  2.484643255658578 2.660483747019801 0  7.556455462715283 2.829814014171448 0  1.616539075242394 1.681846807075574 0  6.765986235568769 0.9363389557484937 0  3.364741243674207 2.592826887299818 0  3.418232292861411 2.72523574867361 0  3.311973043463503 2.663445211364249 0  7.625459194347633 1.723999652478667 0  0.05676528117924466 1.826987068086433 0  1.85441294604667 2.682914305706286 0  7.265276533491635 2.369825254875505 0  6.800407265791755 1.538972475473992 0  7.857904299950541 1.151135307924075 0  0.9281279070347296 2.458630830006106 0  4.500240151719744 1.272134068861559 0  7.14244550305636 0.36604562312603 0  6.326062878330752 0.8421898065643112 0  6.284501743508507 0.9331101793784161 0  6.187772691359136 0.8630941569473372 0  3.459223701501355 0.9562004966138842 0  3.447605705630083 0.6289257340318962 0  3.248475006428333 1.458554101190812 0  4.622067253939426 1.973518722083504 0  1.242378331632374 0.06970623032379016 0  1.935951899966371 2.778267967298508 0  5.395542737633026 1.966946166707529 0  3.301153796591958 0.6227624813908644 0  5.650347962291234 0.9427688314634963 0  5.560537006248514 0.8387822856410092 0  2.345532652637848 1.541558061192272 0  1.011060988861129 0.1313659404889904 0  6.541741701452986 2.855459423840499 0  3.4375 3 0  3.351912840547208 2.45836156022296 0  3.680799947749746 0.3459652190017269 0  4.949143567002474 0.358155219010681 0  4.161403581555448 0.2433418868650354 0  3.53828097669115 1.852998549762706 0  4.575220862178252 1.350544767834207 0  4.45127084802263 1.396749132761558 0  4.439860231007835 1.308353772311444 0  0.3079429741951417 2.533655329365437 0  0.4215982577157172 0.722820235055967 0  0.3250770885415241 0.8360296384232141 0  3.596857613965728 1.637331933680388 0  5.888304241631143 1.301175677224919 0  2.219822273625813 1.710171737997991 0  3.256444150438794 0.8079866672181535 0  3.112540870638689 0.7893097261757955 0  0.1146549532269411 1.664320828414956 0  1.243063208092057 0.9280184573771644 0  4.56294713549376 1.481929263965213 0  2.915986096637489 2.737539153974788 0  0.9134889623886486 0.6994739692712519 0  0.9491706013218392 0.6094753407601691 0  2.244269390393007 2.892307197158718 0  2.814887725499521 1.36973507337276 0  5.466220590839455 1.95956011758863 0  6.320778873110254 2.206807298288306 0  6.247167707326463 2.268438745506184 0  6.182755098727188 2.181587566252763 0  2.388616406755542 0.8104835982806319 0  2.322874853150704 0.8826083579588813 0  5.700334577971732 2.640354119137959 0  0.335736319779195 0.4104635806832948 0  5.656673405902585 2.253998385564173 0  0.5870613974922825 1.708134052269282 0  3.326683520844635 1.967474389015194 0  3.288512516464365 1.552426117044856 0  2.252954523463529 0.9545873262048474 0  2.157702194138794 1.034056466722728 0  2.165667624825976 0.8924878657224484 0  4.007595484296657 2.573433372606728 0  4.995306351171468 1.232572818869949 0  5.152408591195697 1.030768950334554 0  3.676835047861298 0.2061322157414502 0  0.8170995108868453 0.8831861466728599 0  0.8091560141848008 0.7867654341249879 0  7.633248672629223 0.165049914474609 0  1.626114988470615 1.153943120036838 0  4.3436372579959 0.580048508868815 0  1.926888927637917 1.3664578347753 0  2.606859146247058 0.7380487269827771 0  3.126385864340776 2.470701722843186 0  5.599338276985909 1.404353670758297 0  6.734683551343978 0.8728655969317698 0  1.822346317319998 0.4062155344337305 0  2.115238896879258 0.4744138243462838 0  2.066472162890574 0.420084972485685 0  3.932055441490761 2.021037002634385 0  6.012408192459137 1.931011821070621 0  6.563569959496222 0.1779026226621321 0  3.629535487758683 2.12010004901363 0  5.366972979369162 1.545863660400523 0  5.29580007094027 1.619436162930024 0  7.32556401516752 1.663415518202171 0  0.5540018248190921 1.238880797697851 0  1.427432409575498 2.372710833404911 0  5.956021845698136 0.9737064321717332 0  6.05337419598889 1.046135303779381 0  5.508762455616761 2.929277224537101 0  5.484135274939041 2.849347736700556 0  2.123992769808065 2.70276001732252 0  4.065560620825722 2.735832633259037 0  3.620368073646382 2.728332481633844 0  6.718088068255097 2.035135381909486 0  6.472102388151955 2.631553910391927 0  6.531104918146424 2.555417874110519 0  6.399932666630898 2.523322049725009 0  0.06689841329557185 2.461592984187057 0  2.423043203332208 2.572568063935219 0  7.469934983138568 0.9384480889631732 0  1.81192497548957 1.100696811618133 0  3.802411044069969 1.969899203294834 0  0.119026996456061 0.5444558192369214 0  5.280374626367458 2.079837099238891 0  5.208708430834046 1.961622402913291 0  5.15889203719479 2.039533309259338 0  7.559540600496774 2.709185204744242 0  6.932285394641646 1.338308809391721 0  1.765407864962175 0.3195257131565571 0  5.922582552131208 1.57680459042291 0  1.833728189590063 0.1984289026299864 0  3.485565941354633 1.73612078061545 0  3.895367683436539 2.152133032449199 0  2.812589205544612 0.4920031056386862 0  7.73850484189959 2.408690955992527 0  1.174485206215586 1.900312193256143 0  0.8754298741437825 1.306897376240214 0  4.398119527851672 0.1699415944747736 0  3.870196002543401 2.89672879051765 0  3.859743720714179 0.06700437335009198 0  3.801231137600448 0.1910570091803976 0  1.501175588274765 2.59826420887783 0  4.470125444781529 1.497277712557776 0  5.370566969714789 0.9985613629258884 0  4.646166718488775 1.371456848714428 0  0.05009572661641729 0.328125 0  4.107407065934707 2.561941110530944 0  4.11691783273502 2.453299147527587 0  1.429592823603075 2.697980633255365 0  3.240657803397482 2.474492201392406 0  6.490683096166844 1.696089258506079 0  4.525407525474845 2.932996439505549 0  2.624476576985619 2.569954065357896 0  2.998884912844085 2.478151896075482 0  1.619129334256883 0.330793987622739 0  1.313910767054715 2.56583258045638 0  6.973034321458305 0.3013136379249476 0  6.94832971051962 0.1980957494777031 0  7.123124841396323 0.5528765817762041 0  3.360558064585584 0.2248214348991129 0  7.537698382813936 0.8811837903590241 0  1.62505314375465 2.534420081651112 0  1.861624677300806 1.877098996853138 0  6.014528460057466 2.542057670335857 0  6.03005402282555 0.5460199427980176 0  5.91908240755872 0.5919670737974203 0  1.23677787799228 0.2076977828543958 0  4.277778072744161 1.526063166447232 0  1.76719315093401 1.71164264291553 0  7.493892258495535 1.811379259541574 0  2.353856196639045 2.67761465284821 0  1.293432449145531 0.333001402321358 0  4.860718801527416 1.498273479894797 0  3.775849260413358 0.930049662028722 0  3.709425721199439 0.857515838189959 0  7.789484603123394 2.06621454791085 0  3.272713045198041 2.341720826701358 0  0.6658605763404573 1.227506130939029 0  0.6795262896560315 1.309123111802563 0  5.401619415828177 1.442853791951357 0  3.242425807689968 2.545134783603398 0  5.067179061187198 2.382287452765092 0  7.932183499099891 2.257476417014105 0  7.380340050910162 2.84913848794247 0  2.982846155889527 0.9113354051298306 0  3.745124880692475 0.3168966764548599 0  6.388645977879156 1.785372844457355 0  4.204735350601712 2.0684486457683 0  6.051570561968265 1.550128391269364 0  2.594715571959427 2.939155202816226 0  2.520396150298534 2.934034482530893 0  2.566046388814376 2.808047993213352 0  6.555545036248524 1.973249648064342 0  3.78519476688026 0.7840696641558014 0  7.892742451369063 0.4613243049439256 0  6.943234331793901 2.833608155204979 0  6.957516879242711 2.736364135276313 0  7.068692972871194 2.815308495177756 0  1.80169792371044 2.015525284219152 0  3.64330416781018 0.5070797942797143 0  1.931103357240209 2.468542266161246 0  2.004030754190183 2.548245619027599 0  1.869347374955353 2.538672853250204 0  2.429771027833911 2.253554601281281 0  5.497407583585177 1.359684116692002 0  7.14141424378185 1.884312835722758 0  2.556630409956811 1.570793059558825 0  6.772426526221587 2.624033377064926 0  4.4375 0 0  4.248088034234625 1.15 0  6.223639862768166 1.833994940801434 0  6.272945244643203 1.968636316964059 0  6.299967382148242 1.853242187273644 0  5.586699992472783 1.080227886716563 0  2.184215894052208 0.1693245683789288 0  6.69265171137438 0.1473535059361581 0  6.751137073962881 0.2135641952250463 0  6.827028918433155 0.1674589216368983 0  6.409856720256033 0.7785039728439772 0  2.470768586258242 0.721027395664548 0  7.41112303583674 1.950729925132415 0  7.533910098917734 0.5763483731483064 0  7.623345343689434 0.5919288094260534 0  4.135041569165954 1.3 0  4.384099043189323 0.3044329719263528 0  3.692067628220745 2.211763341588555 0  2.806977972951286 0.1484953991856481 0  2.69473152498281 0.1852650080534067 0  6.056363175189749 1.792993202751186 0  6.5625 0 0  7.843347609399594 2.379423644279763 0  3.394474408062595 1.637016293275131 0  2.196218237404274 2.21494989329225 0  2.072241117351484 0.6974450764190717 0  2.594395754995439 1.695911622314008 0  2.501353960353009 1.674138251426723 0  4.710565367938518 0.9787827624209425 0  4.53081337452743 2.191068080149844 0  7.152753282940712 2.052124823528694 0  5.428811717205631 0.5939493565243631 0  1.382264437374949 2.567589488830979 0  1.5625 3 0  2.218133415035524 2.081955426492004 0  6.0625 0 0  6.476849410988321 1.551888062284004 0  2.972254805534818 1.563904329447367 0  1.106958288904999 0.2457934573727779 0  1.185001034525339 0.2966722852097987 0  7.499814755484016 2.427936489610566 0  1.1875 3 0  4.568608675871817 1.274653809537352 0  0.3652079461811713 0.6043028281788593 0  4.100525602548194 2.374585210831681 0  6.105208330684262 1.230174799673544 0  0.3441601863583495 0.262999855163433 0  1.506692739714399 0.7864704658300219 0  0.3550491601756821 1.720784784187474 0  3.885041569165954 1.1 0  3.589676745211867 2.417609024495122 0  3.52450248011065 2.371286912699566 0  0.05319334851823654 2.857896647852094 0  6.004849055703906 0.3657293508275492 0  7.024744615519848 2.059588061714754 0  7.085575408859674 2.097985620750802 0  5.771811514744858 2.185964471266638 0  5.306165305903009 2.443363648951294 0  0.7285412650438747 1.738078769413936 0  1.048195750992602 2.791647699272402 0  5.905544042761985 2.58202013800137 0  1.352100852432894 2.704184159448261 0  1.556261101012703 2.639293308923674 0  6.55584542718142 2.4260276636852 0  6.682275051466708 2.468237867512222 0  6.675388850588104 1.034454015288918 0  6.617332741873528 1.125850348655597 0  5.962416064319661 1.218417462706935 0  5.992930267436837 1.350975378221869 0  4.959851160477624 2.156184197393257 0  4.389400382712954 2.932939902810363 0  6.771902307654832 2.544976972248366 0  6.81704601874196 2.491841111777818 0  3.342089399319312 0.4917363174407305 0  2.679329701383782 0.6686754460752398 0  2.810507490171777 0.6740113720399623 0  0.5272179768654822 2.209400872179511 0  7.513910949925656 0.6995375550507554 0  0.9409347162873217 2.358657605507221 0  1.026992238891026 2.270785437197058 0  0.9765837304751762 2.225430973866326 0  2.263324175756233 1.507423808784876 0  2.638825422180465 0.9562977980980014 0  0.1893397266583416 2.832923815826935 0  1.16148076417407 2.267822909061301 0  4.1875 3 0  3.652154580099714 0.814222941898325 0  0.949186680505355 1.841610473617049 0  7.0625 3 0  7.025022205786615 2.936423867976679 0  0.04756520443512143 1.640625 0  3.732910925582173 1.812792998675611 0  0.5756929571358909 1.590940268651396 0  7.103039602271897 2.572714438364223 0  7.9375 3 0  2.22060191311049 1.559120746942115 0  5.468624753652598 1.455038893047776 0  2.07295235617174 2.754430157138522 0  1.989269695341339 2.712658319946817 0  2.059232302279973 2.623866784455094 0  3.84393495882335 0.869198296461682 0  0.1472389974425203 1.55214512638444 0  0.04739069432147679 1.546875 0  6.487280975775333 0.420676175070309 0  4.150056873591699 0.6205357676648772 0  4.1875 0 0  3.548309611085134 2.582744311320845 0  1.483137923392537 2.490202807297869 0  2.584986782918457 1.806574857714065 0  6.308492716790949 2.574791266445775 0  7.660212994027185 1.609558921795643 0  7.648635256518336 2.607832057165552 0  2.596490849043202 0.4673617285766205 0  0.8786518847447264 2.915390222506654 0  2.186424309126155 1.367335306650032 0  4.099516729576861 0.32229908222156 0  7.394633566302209 0.6359866112504698 0  5.629604651797279 0.06724048997696537 0  0.1426019624963168 0.2282570005343361 0  3.50870244939478 0.8239612937715257 0  3.554298597516136 0.8767548655084086 0  6.079541359529983 0.9416077420900435 0  4.8125 3 0  7.044330178058091 1.722464746846146 0  1.123232203540733 0.7867582966339568 0  5.4375 0 0  0.4411344764755459 2.449143714030447 0  1.308689165816187 0.1359955905144233 0  4.891798269292188 0.9332887210360038 0  2.947353851035066 2.80702334926548 0  3.015766713898326 2.805727697948666 0  7.754748718532241 0.9199870061036756 0  5.6875 0 0  5.229316557314196 0.2376769192703873 0  0.4191646743694621 1.41255775830476 0  0.6834270320412706 2.422129693280337 0  7.8125 0 0  0.8808988059720291 1.723304018926476 0  2.371412883122908 0.2049782080652923 0  2.844458575392831 0.9704563854935092 0  3.13715270039293 0.9449977176794955 0  6.969943511999545 2.30699920597038 0  7.481831179707394 1.44547000630053 0  4.408478549855348 2.131265505304348 0  0.05533956025854803 1.444367808033041 0  1.191916082049914 0.6153901133723922 0  2.90625 2.941208904130962 0  3.12210214017048 2.166976921316385 0  1.77300236647792 0.5719802568192691 0  2.5853963749235 0.8715159358651097 0  2.545769612519016 0.6664086150428306 0  0.8651553616961082 1.000197226700393 0  7.587899863255689 2.086861089685538 0  1.626142608940762 0.1958394724133834 0  0.8471388670484641 0.3189648242458499 0  6.700036956735318 1.64301682479347 0  3.709105952390958 2.722069183652122 0  3.5625 3 0  3.054595426051363 0.6554567454605891 0  3.385041569165954 1.1 0  3.237184137306801 2.845572263464477 0  6.81698413679492 0.5550149945938769 0  5.128125747639653 1.635128097867512 0  1.268367367111785 2.209288708327962 0  3.989927020278152 0.1085661222060026 0  1.893340307600845 1.746012051752661 0  4.703397737955013 0.8424059786038315 0  6.145416495879743 0.4774354524410374 0  6.241683898561147 0.4879739359854012 0  0.3443670451506792 2.401466833965507 0  7.196297608061077 2.377497906387666 0  7.209520231318337 2.503840375981421 0  7.274274404331699 2.485197241709323 0  0.1875 0 0  0.1551337431836943 0.0615878970114261 0  1.3125 3 0  5.873368357839933 0.09056826069517537 0  2.5625 0 0  2.59375 0.06090058405000925 0  2.51712520375602 1.442221576283365 0  7.590412223166401 1.90539617465537 0  0.5625 3 0  6.447586662079351 0.539480565498497 0  1.939036368495594 2.251068834251005 0  1.481945460549799 2.934956655071662 0  1.403910826546556 2.940813576970759 0  1.415980099207404 2.821952162346251 0  3.699443292171062 0.7159237975905487 0  1.753614442948753 0.9790305357549628 0  2.464143817370349 0.9047934151710637 0  0.05135530269124217 0.1366771079287793 0  0.06435360281371227 0.06894406854247485 0  4.38703821338482 2.698890015572335 0  6.587718864710668 2.517249398851341 0  2.75555591787142 0.369182844672058 0  2.536655506018392 0.7983559194830727 0  5.263015733828381 1.083137186475053 0  4.381056712065192 1.520954885555196 0  5.180173281453062 0.5670661933217028 0  5.180417566746534 0.5009351356066358 0  6.779927134113023 2.420185543304914 0  5.09375 0.05808787171503077 0  5.779849387340984 2.634007606019341 0  0.6250591640848346 1.073415846721227 0  0.2383590918010376 0.4309197125060439 0  4.212375670497226 0.1631658264359734 0  6.970514339382695 1.760794836866011 0  0.1327414368818986 0.3337222444574573 0  6.613573708534683 2.782173481976692 0  2.746387865221965 0.06948439683523859 0  3.403440391173187 1.755623089403033 0  3.568590041131098 0.1666147724869646 0  3.513127744895026 0.2437965734132346 0  3.437941796098728 0.177981348260741 0  4.270039149279197 0.9917637167514117 0  3.382659972351551 0.7793442491781883 0  1.004404721113741 0.7390917448006755 0  6.9375 3 0  1.943838895944472 0.4784945272339627 0  1.848355772428871 0.521614549006468 0  3.241869098361389 0.5922566354079838 0  0.1511643273239388 0.9313704551802823 0  7.874353198908887 2.766360839808788 0  0.3733307781685936 0.06543436414414969 0  6.603882499208167 1.256572030014704 0  3.645024741846629 0.9445485034404542 0  1.366989328711943 0.2230910280855584 0  6.931129905242956 0.808524914491081 0  0.8548331934618409 2.687346278179819 0  0.7786649959684727 2.608885597184349 0  0.5939356956398439 0.083598954393846 0  3.589824757563072 2.247001729325342 0  3.708691208627157 2.395399435270067 0  2.443554848798188 0.1338689730112543 0  2.372114255441999 0.06532206232912985 0  2.309369489632001 0.142213917403959 0  0.7556194272468924 2.886882212868341 0  7.016609341184839 2.854804665980629 0  3.653016965569969 0.4052068702646179 0  6.121150391901135 0.2966305716966915 0  1.8125 3 0  1.056061121373464 1.983935975275294 0  1.051243113801588 1.908405442391732 0  4.471632241994112 1.064802202610744 0  3.400015208024617 0.3781944500248732 0  5.728810452576576 2.849167192352267 0  7.401456676231601 2.517759440985718 0  4.822218713698962 2.326906551360526 0  6.021991771513393 2.658464389563706 0  6.094538567678357 2.651245873835117 0  6.100782529525103 2.762921654865198 0  3.6875 3 0  1.040794898573936 0.7945409084197937 0  2.791332176126135 1.819282478930264 0  1.025210739142906 2.578962038597443 0  6.588898845624854 0.7971893402318211 0  6.554000440564939 0.8672343102501903 0  6.458077757527523 0.8227183483681767 0  6.943666711759286 0.4387341324209908 0  7.944858245950233 2.871266335707621 0  3.0625 0 0  2.717003539559722 2.015276672751178 0  1.903678347692459 0.5767530762648527 0  1.978113781892278 0.6151621328928968 0  0.8850290464980521 2.03431009813325 0  2.310005157180087 0.3125584947037732 0  6.897470276574774 0.1567812072667997 0  3.71839492806238 0.2569428837567761 0  1.437799093599166 0.8551322598603542 0  5.76928028112066 0.877666039712655 0  1.641198172319239 1.878870065139638 0  6.548586724378327 1.327389565999558 0  3.007125376668334 2.228492715635462 0  2.919998572464177 2.237568961881031 0  6.059910260948822 0.1650794702279225 0  0.5963898626416111 0.4222945263967649 0  4.558758474395658 0.5607287366009336 0  4.583855814065201 0.4329877296656482 0  4.635472053932951 0.5074635947965509 0  0.5340032316920013 2.659616384828797 0  5.746743660918233 2.39582101592182 0  1.922774007120382 0.7088992157135363 0  2.95302757350916 2.11610292439031 0  4.798672067804468 2.782752507569479 0  3.593407725185973 0.2944560724047806 0  4.600924605396723 0.6390174030986255 0  4.725888012329284 0.6729617948096468 0  1.541513830508673 0.9091654517409264 0  6.562928363332425 1.204289103370549 0  3.095510178546636 0.4214271023813109 0  0.5602133513953107 1.51235235459506 0  3.397031811349965 1.446799276078936 0  1.820932091040791 1.435540750217694 0  2.760041569165954 1.1 0  4.220651950117089 1.964475156341942 0  0.6655637410345008 2.821888558154017 0  0.6532577678441363 2.941580541159028 0  0.721213663184943 2.941871488505545 0  7.767419900490729 1.615427079880013 0  2.6875 3 0  1.106783805440944 0.1315104843460067 0  4.474644742742254 0.9400709316052425 0  3.307000446386304 0.16018252803696 0  5.197406836684945 1.265865194307112 0  5.095379173375598 1.239364630491425 0  1.889358499032411 0.9917201939983344 0  7.3125 3 0  5.867909280552793 1.847552825814758 0  5.040331202657041 2.093033534630002 0  6.536882049751205 1.858174624500517 0  5.709180005923608 2.169744316832268 0  7.746175167779873 0.5964745521437833 0  5.051279273055015 1.964687651382933 0  1.170776593392152 0.1519527670094113 0  7.951912816465184 2.482184635749064 0  2.244920562107089 2.50872264852407 0  4.888088050982132 0.336580073904064 0  4.475078514566911 0.6084705463265927 0  4.424202294366935 0.5334674864805241 0  4.394704626737698 0.6594622224467281 0  6.3125 3 0  2.84625742720973 2.346741935264838 0  7.595071085614968 1.343853916066739 0  6.159570814649559 1.605287485833537 0  6.169388128178712 1.734322115865545 0  3.162614045575602 1.506606216506931 0  6.350956069688004 1.54567118604081 0  0.9324960811509219 0.9396749972475313 0  1.021212316164202 0.9148439552049745 0  0.985369948048921 1.038978322818289 0  6.473719875559703 2.078878605548035 0  7.525574908186767 1.102844546173332 0  7.473857675255047 1.143716427877602 0  7.746835211142784 2.896563793469507 0  7.418327623356751 2.036020454710134 0  7.355043385255831 2.0011965249676 0  7.355591938260429 2.133066834243166 0  3.209100682440263 2.222275715371772 0  3.759341207100138 2.171550214974674 0  3.404339599883276 2.047014984616202 0  4.000458199007058 2.381126013961713 0  7.657805477277316 2.028714833254717 0  1.1875 0 0  3.916341607187002 0.7942351346532315 0  6.997139592771688 0.06657128300675377 0  2.409004448278099 2.944225807724719 0  3.101479151337425 1.038976153853352 0  5.298149011952527 2.714541706352908 0  5.341894184279691 2.591390460451801 0  4.864072950708483 1.279110152630448 0  0.2610513318016285 1.81723169022129 0  5.589978230569421 0.1334636489886824 0  0.05565322157099069 0.5280139031329426 0  0.1383275424630478 0.4281519945022645 0  0.5291793157910051 0.1524032854668974 0  3.8125 0 0  0.8449652704885579 2.229518729258437 0  5.135089748383857 0.8621107088677595 0  6.210136520624975 0.6767995706554352 0  6.122280037969791 0.5812620774132878 0  6.116066287934543 0.6584524668609935 0  2.686742596424695 0.5375163918592337 0  2.03981182424038 0.288881862245835 0  4.752008498008423 0.07701647658262969 0  6.265170332645008 0.2517163847153235 0  6.18401239080535 0.1874962509980413 0  6.31598760919465 0.1874962509980413 0  0.2020354885399737 1.845605779661742 0  4.039877779830315 2.675729021213162 0  4.870607527482843 0.06688146353027935 0  4.8125 0 0  5.004709328530772 0.2566015398220792 0  5.15744010488817 2.834100286846073 0  5.220067786328344 2.818824296881838 0  5.253467819701003 2.929607034189023 0  5.291926520710924 0.6775662552728271 0  5.278451316587711 0.7980081274938665 0  5.224882645785565 0.6819143554441005 0  3.520971598596916 1.790478709496182 0  3.946050159923824 1.364111275099924 0  7.597274680420387 2.167736170221164 0  7.724483252707325 2.184992729564859 0  7.869563839444686 1.401885939939085 0  3.578270321224926 2.937144463726337 0  5.414721391524561 2.107206213273876 0  6.465922878794942 1.254810458367752 0  2.361229566615319 2.552258894317172 0  6.161480918490596 1.476482884677051 0  6.143653747465126 1.349264391500615 0  0.7482568967713349 0.5120640547319414 0  1.978655341786354 0.3638223651483479 0  1.89575675094245 0.3237724337851807 0  1.951717623119677 0.2396551754540632 0  6.88856310701868 1.428615558410204 0  1.812474533145461 2.611658517710796 0  7.311022709696506 2.41562621524711 0  6.793897742694884 1.830233645321137 0  0.7560730090744584 1.075101379840086 0  6.058522793632683 2.449989109952864 0  3.1875 3 0  5.238756682330368 1.185453299232638 0  5.603996866176364 0.2651292932058879 0  0.8289075278877998 1.185617713334729 0  3.474601337864118 0.4779668829770433 0  2.783179429334463 0.9439036368403549 0  7.526903598118031 2.334496039098807 0  5.458077196616477 0.8839517027417165 0  4.683888676904863 0.5907246092189067 0  0.6717974268142374 2.019580440411455 0  0.2067784161441747 1.009162264456842 0  1.139927014035323 2.638366243164022 0  3.829682813456289 0.7330797336557924 0  3.187218738707355 2.68305267049268 0  3.058856329313048 2.676080782664506 0  3.772329873572458 1.520385102643502 0  2.450852553695522 1.535231787258352 0  5.357831212883236 0.8011451366588178 0  6.652226989786003 1.819446841770985 0  6.758475210896139 2.758529160353364 0  6.685084156112972 2.822808841182716 0  6.813911668782853 2.827807272391811 0  1.854524481517134 0.6490201174719069 0  6.222503313272449 1.529907261363781 0  5.777351896550122 1.47331361897387 0  2.1353735461439 0.6050938126699066 0  7.796331502452974 1.959584754157916 0  4.034679513848687 0.9341897140662532 0  3.982072531500825 0.8665191065030966 0  3.906923063104943 0.9229373556841998 0  0.1593832286980293 0.6197874648010619 0  4.443559349776099 0.7418626287453762 0  4.493630187712927 0.8129377901510593 0  4.569220562142544 0.7635100725244816 0  7.5625 3 0  7.580829497294371 1.029068976692324 0  2.856962164170961 1.493851348272837 0  0.9688126213905905 2.693655192360709 0  2.460339789019752 1.036449744476975 0  2.388126345977481 0.9453313371943933 0  2.510608031191188 0.9609692813724818 0  4.199695024916406 1.517125570269376 0  5.818982350364189 1.029640796160338 0  0.2297701805586778 0.8830102554255052 0  1.037019482983749 2.456130198242001 0  5.558533786870904 2.427320696490698 0  7.535250698468834 1.231050335728121 0  3.814566938991152 0.3893912917668281 0  1.652285978783461 0.6291245143910915 0  1.731744842545631 0.6803759178703881 0  1.791087142188951 0.7207274500479267 0  4.948472263167019 1.017093110630043 0  7.100167947134151 2.461460589765425 0  0.931326764071428 2.147946586374572 0  1.518715175466019 1.589677986022371 0  2.630928410898078 0.1878731845499077 0  2.563618426174977 0.1711738615910224 0  6.37354160424605 1.679801045334129 0  0.3282950574361831 1.131436151850211 0  3.055771385547945 0.8195825984925114 0  2.872872846449018 2.559885193217456 0  4.670647795125788 1.578592253755857 0  3.334971595169084 1.425309530146261 0  0.9858845506889349 2.779649076004449 0  3.3125 0 0  1.754867411319018 0.09578352450199083 0  1.673208296532768 0.7704270015673006 0  0.9620095805240144 2.591992804648636 0  2.053081317013687 1.263626445224309 0  6.330460236217799 0.5778966611701749 0  2.971384725904873 2.941486959386061 0  6.055395996991678 2.155737640222011 0  0.06404474459599176 2.732309941207617 0  0.691826763845682 1.500782004858497 0  4.36601111926708 2.04775628698007 0  4.828742286236064 1.406485950303688 0  0.1501264346400881 1.750668505504045 0  4.88646100662861 1.576361824556595 0  1.252363720231482 2.783792624375753 0  5.349971606939652 2.161140189539571 0  5.397298352912712 2.233273698804314 0  4.803973892547214 1.617169448655545 0  6.081137619377557 1.1455732768146 0  1.581294741506881 2.787531920342462 0  5.40625 0.05644166379497448 0  6.92224819102386 2.061013657519362 0  5.443418739146644 0.7751483762560168 0  5.357988101156447 0.6888643064754518 0  5.324445603562888 0.7469727192804955 0  4.580555458077536 1.161103465144842 0  4.510791439131346 1.15219170212758 0  7.062404335978499 2.157072867316125 0  5.2752887652061 1.960790154078462 0  3.102074651435663 0.7253654354260324 0  5.652154622647469 0.7004489846779286 0  6.666658678225216 2.329039975053677 0  0.3318505439472687 2.819110536109058 0  7.499385256044396 2.856844379155731 0  4.272961728229819 2.262037751920898 0  2.1875 3 0  3.446124979295479 1.363921280499818 0  5.267343605550755 2.860623248351978 0  6.295040755739003 0.4527699443797941 0  7.356135196816951 1.409906854446652 0  0.05049165232266363 2.102166916224069 0  1.274706773510623 2.401751746368535 0  1.14907521782119 2.441296290141584 0  1.218762019410187 2.484176332801554 0  4.636763468453682 1.474141367101242 0  5.260456640836821 1.405544341524896 0  1.379746088244358 0.5548149631209067 0  1.978418585617631 0.9094037071068479 0  2.148391211311289 0.07723570571879448 0  2.1875 0 0  3.850745386028888 0.2537281748168209 0  1.482233358440357 2.735275726246604 0  1.400408631560016 1.86611267090525 0  1.282777968439563 1.884852021579245 0  1.350053649763819 1.792216891369064 0  0.2046238496556688 2.326487262687298 0  0.1584447398110597 2.280615449549067 0  0.1741379868330764 2.218033725362929 0  4.888742484613558 2.22717631034256 0  4.27687866404891 0.1851154466774557 0  6.660172368682153 0.6874360490529585 0  6.574183013089397 0.6187801345552334 0  3.323922991009036 1.363134231109898 0  0.8506805835800026 1.87750426365295 0  7.284550376022187 2.61712927931358 0  7.338807061562164 2.72984121519958 0  7.380204404585305 2.636068879810968 0  7.309417607616683 2.53930775483359 0  5.1875 0 0  2.343226858383463 1.606458563875777 0  4.926920496522622 1.62476985236835 0  5.843180470033097 2.944467717072539 0  0.5625 0 0  6.699055090419796 1.182605738592334 0  4.874091201731981 1.068092634986441 0  3.146163126216559 2.83662400486027 0  3.131982915255018 2.932162774740201 0  1.102217876737152 2.349555343822536 0  6.475132211885305 1.758092099109115 0  7.396751836619056 2.940042722367879 0  7.484974169855851 2.936186938418585 0  1.684760828092096 2.612941086602025 0  4.417208719898396 0.8698627790930967 0  4.295976567816571 0.8387298629688108 0  2.874731686250776 0.0801229887738671 0  0.3529214464572391 1.583847080521245 0  0.3849750947009966 1.499398136118941 0  0.263488430280448 1.540334110439691 0  4.991795481049844 1.316638123439361 0  3.784868261113826 2.300438938109318 0  7.816432595959726 1.737618604295902 0  7.856554203306226 1.65068084918272 0  6.630333932867286 0.9167852054758318 0  6.725311554548994 0.9847077620068682 0  6.197920020213597 1.13388496181693 0  6.372472814236229 1.095295215979974 0  1.866479139159682 2.405077485502126 0  1.809247795457917 2.435275538701147 0  1.062241787217458 0.4774378265514184 0  2.43772655645007 0.3043281052142661 0  2.526923439285642 0.3595242398112291 0  2.504805263591674 0.239705086630558 0  2.664854687920032 0.3080715898426766 0  7.312414194891075 0.152981220573639 0  7.186554088556336 0.1512583920376228 0  4.047535212769927 0.808496720833645 0  4.172150784453776 0.8172404815622143 0  4.119257617055498 0.7442412264973277 0  6.929145191087648 0.6571766799685206 0  1.562323417165187 0.1275029255704219 0  1.50172852745837 0.06271849922954864 0  2.251311998410591 1.445005429725622 0  7.505207955079113 0.6343536467613707 0  4.151794120043856 2.337569409454908 0  7.464288133668126 1.685017710373143 0  0.717231555294449 2.551936085144815 0  1.76550655580436 2.375127935380126 0  6.324134130329764 0.7077190815269316 0  6.374227169833125 0.06360859459329218 0  5.646199092420564 0.6068061758338739 0  4.321035251547823 0.7107052022316742 0  4.248903183838098 0.7651368938011524 0  7.773094722461048 1.057305295864218 0  7.65200206983095 1.089551225341134 0  1.504185606627138 2.220721544476973 0  6.25 0.1152410490552507 0  4.618493229358533 2.295938155040276 0  3.074214897213241 2.368295181163684 0  2.612445541675703 0.5951388421963494 0  4.624541318330087 0.06338512021485083 0  3.624530109690853 0.06347324584117435 0  3.151681758647229 2.567444341391855 0  6.413685132503077 0.9092157450075152 0  6.462517415434632 1.024316738359779 0  6.508120508740491 0.9508714379747139 0  4.000445500428471 2.930271232327687 0  6.287338240549017 1.465590949015495 0  1.041252661465028 0.6838917457273448 0  3.120521602089157 2.765754253012153 0  6.961667665506112 2.178738613458242 0  6.548991969009225 1.075832934315926 0  4.927525409206364 1.965502376363127 0  3.572533166386666 1.36256229549437 0  7.4375 3 0  2.4375 3 0  0.6875 3 0  1.4375 3 0  2.5625 3 0  4.5625 3 0  5.489958430834046 1.9 0  5.364958430834046 1.9 0  4.3125 0 0  2.0625 0 0  6.9375 0 0  5.9375 3 0  7.5625 0 0  7.4375 0 0  6.4375 3 0  5.614958430834046 1.9 0  4.364958430834046 1.7 0  2.635041569165954 1.3 0  7.6875 0 0  3.8125 3 0  3.010041569165954 1.3 0  4.114958430834046 1.7 0  3.989958430834046 1.7 0  5.8125 0 0  1.4375 0 0  0.1875 3 0  2.6875 0 0  1.5625 0 0  2.510041569165954 1.1 0  1.0625 3 0  2.385041569165954 1.1 0  0.6875 0 0  4.6875 3 0  1.6875 0 0  3.635041569165954 1.3 0  2.3125 0 0  2.4375 0 0  3.510041569165954 1.3 0  0.4375 3 0  5.4375 3 0  5.239958430834046 1.7 0  4.135041569165954 1.1 0  6.4375 0 0  4.3125 3 0  4.489958430834046 1.7 0  4.9375 0 0  4.010041569165954 1.3 0  1.3125 0 0  2.760041569165954 1.3 0  2.885041569165954 1.3 0  1.9375 0 0  4.6875 0 0  4.9375 3 0  2.885041569165954 1.1 0  5.5625 0 0  3.6875 0 0  2.8125 0 0  2.9375 0 0  6.6875 0 0  2.260041569165954 1.1 0  7.3125 0 0  7.6875 3 0  0.8125 0 0  0.9375 0 0  0.9375 3 0  0.8125 3 0  3.9375 3 0  3.0625 3 0  4.5625 0 0  3.760041569165954 1.3 0  6.8125 3 0  6.5625 3 0  6.625 2.936251224638031 0  6.6875 3 0  7.1875 3 0  2.635041569165954 1.1 0  3.5625 0 0  3.9375 0 0  4.010041569165954 1.1 0  3.635041569165954 1.1 0  3.510041569165954 1.1 0  4.989958430834046 1.7 0  5.114958430834046 1.9 0  1.0625 0 0  3.4375 0 0  6.1875 0 0  6.3125 0 0  3.864958430834046 1.7 0  3.989958430834046 1.9 0  4.0625 3 0  5.3125 0 0  7.1875 0 0  1.8125 0 0  1.6875 3 0  3.135041569165954 1.1 0  3.260041569165954 1.3 0  4.739958430834046 1.7 0  4.864958430834046 1.7 0  4.989958430834046 1.9 0  2.260041569165954 1.3 0  3.385041569165954 1.3 0  4.614958430834046 1.7 0  5.364958430834046 1.7 0  0.4375 0 0  4.864958430834046 1.9 0  4.364958430834046 1.9 0  3.760041569165954 1.1 0  6.0625 3 0  2.8125 3 0  2.0625 3 0  7.0625 0 0  0.3125 0 0  2.3125 3 0  6.1875 3 0  5.3125 3 0  3.864958430834046 1.9 0  4.0625 0 0  3.1875 0 0  5.6875 3 0  5.614958430834046 1.7 0  5.739958430834046 1.9 0  3.260041569165954 1.1 0  7.8125 3 0  5.9375 0 0  4.4375 3 0  5.739958430834046 1.7 0  3.010041569165954 1.1 0  7.145483170176433 0.4944178817173995 0  0 2.671875 0  7.812025284134175 0.2955605018899643 0  6.045590133314758 1.418027362843456 0  0.2184986575980715 1.450964210958872 0  1.782928853840189 1.034394824441766 0  4.348131385206439 1.0467670641499 0  6.888864563096931 0.7574385348902171 0  6.804097990607675 0.8121540681681418 0  6.806964362633471 0.6912967505576587 0  0.786951257718891 1.305871320377233 0  2.884479076355542 1.873478600023685 0  4.408017511634445 2.416249983059176 0  1.300477042153518 1.720496249632163 0  5.626769980657494 2.382039964655761 0  0.4509558323667913 0.9355989956625875 0  0.4474852135227045 1.021221322399179 0  0.360845413239775 0.9298140571277566 0  5.764656868456029 0.7553657000854553 0  0.812895612917459 0.1384202218389684 0  0.6589321523331414 2.216186377923535 0  1.625240225188565 1.576991892551596 0  4.900050599030935 1.359489150114673 0  3.382860865532074 1.854691566496657 0  2.30173612590365 2.293251189266571 0  0.3825219794550662 2.722025567862544 0  0.255160713602797 2.937724651717713 0  0.05013616220225638 2.568208376477289 0  0.3601669306511747 1.783076265724534 0  0.8294295139393307 0.6703704120244633 0  7.389489907917907 0.381850202096802 0  7.450883549350197 0.472689563791391 0  2.738382034027293 0.7215394280545423 0  6.635610100908845 1.936494129651258 0  5.6781065565441 1.512010867854038 0  4.917978807412282 2.49308495395203 0  1.711104979838217 2.093495054321767 0  1.632724009608295 2.126948147573075 0  1.643298137613654 2.005980101197075 0  7.672879015189164 2.517600564310463 0  3.965372226473372 1.486178230204242 0  7.479586019547687 0.2849826000583084 0  6.443365653710529 1.993859557259564 0  5.668342738266011 1.638011454001894 0  7.364508095569468 0.3231703706573654 0  5.476878678617664 1.637551632447981 0  6.886417619265172 2.391596500342086 0  0.9285664334988389 1.003027440009236 0  3.999616149081712 2.803551704354708 0  3.911798017730333 2.757648197904855 0  3.879388167564287 2.835153389053124 0  7.672745682336018 2.401750383620995 0  7.131275301532595 2.864719218188781 0  0.8513484073723794 0.5825987393952429 0  7.794630818201239 2.83102482799071 0  3.473766225690824 1.860120316381625 0  2.805341450440024 2.669601130393518 0  2.842211796576865 2.614150564396857 0  0.5996549806787171 2.848254106192041 0  5.382376873067524 2.894426158491061 0  5.368205103465631 0.4759776318190642 0  5.368950024741445 0.577485073229008 0  1.910349839306936 2.195165547437619 0  1.918028929263646 2.074368264716282 0  1.872262318635369 2.119651254504883 0  1.996816139113501 2.140244160812057 0  1.663056878103845 1.062552544347643 0  1.581120385068659 1.030223053325732 0  1.749927454663222 1.09399540582581 0  1.614130815665917 0.9485585178625051 0  1.560192195575523 0.820309636811114 0  1.900125876938155 0.7678567840670958 0  5.975101772683282 2.381517514376603 0  7.936511216153487 1.014300959368619 0  4.479378019880761 0.1345371485000749 0  7.766469147387298 0.4157593398238277 0  7.77512624822001 0.4775126053089448 0  7.727878298434548 0.5178374112955949 0  0.6585468507125859 1.594584830282248 0  7.312917937913926 2.178606841086678 0  4.064789194395964 2.261507734135735 0  4.187512696407675 2.284756273235543 0  0 2.203125 0  7.402829581388098 2.352257338208018 0  5.992372542166482 1.164112176798222 0  3.819981851359329 2.2202863690133 0  3.941547285523454 2.233706488059551 0  3.903974174548646 2.308073969545926 0  0.7036586427689122 0.9965693024117499 0  0 0.421875 0  5.497033599862264 2.718712208557175 0  6.374306641951401 2.308048632087853 0  5.429875970470555 1.301963015464847 0  4.75165374606154 2.538988905605836 0  4.694815829137599 2.587338239813254 0  5.720174183849487 0.4337801284119789 0  4.742843622854115 1.444143516310136 0  4.523341147930627 0.6826267702887244 0  0.6987478802752849 1.867982905606226 0  0.6803211056470115 1.957962310506014 0  0.771076887520867 1.980058443883387 0  2.735587862739614 0.5841781052147406 0  7.242808901934136 0.06410831677356404 0  0.06128554072076076 1.954389181912273 0  2.323458356348699 0.5480647418629515 0  5.934091670534937 0.1687911666870383 0  5.985411236066939 0.06306089203234505 0  1.248538369297764 0.7856949205110202 0  4.294656321667714 2.350179465011661 0  4.317947386342261 2.432850661723432 0  3.279706648045439 0.4990804142635148 0  7.436104974922482 2.747525501583455 0  3.577622393704033 1.951513983143502 0  2.972613616798329 1.042362610496136 0  0.4984107922650208 1.502935644889295 0  4.259701412528933 2.670805244806073 0  2.247916248794326 0.2387984474951189 0  4.273972275533234 0.5141350872743052 0  5.899878522171723 1.975583020275885 0  4.856557893919185 2.718226744587122 0  4.93782271990827 2.76273711731121 0  4.97748532482382 2.690323104813138 0  2.014945533857624 1.697092549621788 0  2.00673721583173 1.778357866748615 0  2.103298004371497 1.787598761924554 0  2.406809959556636 0.4895824890857833 0  2.39013491167062 0.36568483812187 0  5.44173666780604 2.298164664741171 0  5.496188216139246 2.35797935180853 0  0.2263126770981374 1.191939427997405 0  3.043754771220674 2.571723180167711 0  5.144071223624795 2.556512911085353 0  5.042890634083304 2.500518016643921 0  5.065888059152716 2.610048881886531 0  1.625967732458353 0.06804160861095326 0  6.34375 2.946867882569224 0  0.2261826183432922 0.3378375188579403 0  4.330502794541638 2.620016899635349 0  4.62520334479057 0.3159138158590583 0  1.406753701742602 0.3097516590387274 0  2.022311220442389 0.733691394169265 0  0.3753069692191267 2.937721319715558 0  5.559333209158821 0.7772632804880097 0  1.975416724553607 2.342289795255156 0  0.3139646631080889 2.071582758101573 0  4.608881462870991 2.725664084578308 0  4.653165943433845 2.779731672685938 0  3.353507945079142 2.250932153674003 0  4.329639470839459 1.41498052808881 0  2.443378910058891 1.361246302361788 0  0.90954508302601 0.201415715607276 0  3.150326183167077 2.293247091696746 0  3.065361163377707 2.249658646293922 0  5.813882566419894 1.638105732738163 0  0.2685154571596114 2.739542275911267 0  0.6504108709575165 1.785267571981031 0  6.546364245521382 0.3069181047242135 0  5.116321011723828 1.43633898525846 0  6.919986396086749 1.971457499864319 0  1.613844903491999 2.285460541570858 0  1.382783696879205 2.027177413842041 0  1.774314612808278 0.4447846178482004 0  6.594478525899413 2.649311294879931 0  5.988183242312854 0.8525905905142642 0  3.512053910947425 2.804073674846507 0  0.9151992736901642 1.600297027156927 0  5.088231926975575 1.326405047347488 0  4.158482868216435 0.9407228564241887 0  4.238138791388183 0.8882698063743439 0  7.782749035697247 2.946325701071943 0  2.196120015482372 0.6725263520925794 0  7.013805965852195 0.5046162576966481 0  7.070868809248292 0.4353006039966537 0  5.478013398365444 2.602671728016461 0  7.072478704397213 0.6776976684874476 0  7.055341660458271 0.7991146930652009 0  4.740984413095163 2.172795284111044 0  7.09375 2.946970951593475 0  2.026863760784942 0.1685193542330279 0  7.147935256086647 0.6298832565412257 0  7.197238674929534 0.6969754406549012 0  7.274027222278164 0.6145729779508301 0  5.619142729273099 2.205616456919791 0  6.795553365229644 1.956450995984649 0  5.054417640114607 0.2945063900320192 0  6.126348814109265 2.934759505946715 0  4.573354716850353 2.340157767799221 0  6.679485538518722 2.698987107926405 0  1.484235359618864 2.096597087277103 0  6.216198328163381 1.405532529970429 0  5.047394036577618 1.095530894981583 0  7.820793721502997 0.6887871376888399 0  7.785592887346607 0.7505526673484874 0  5.183153217350622 2.642986796685778 0  5.552225713260198 0.381683389647143 0  4.580713681713378 2.847284552700784 0  3.983608991058762 2.115180995430305 0  2.390009212266928 2.345298088035704 0  1.550685437060128 2.841535960102546 0  7.788468470547378 1.539685370988704 0  7.736954679439648 1.501810336886167 0  7.027851371801318 1.198997729507173 0  0.7054619899879997 2.102550647742798 0  3.254739872737331 2.023472969465942 0  4.157577070484438 2.228989968641295 0  5.937474689404119 1.637148231787182 0  6.56899447278319 0.4979566409005125 0  4.187066411676135 1.639163241222326 0  1.641711778717575 1.790418232303607 0  5.069280527239838 0.3849847666866043 0  5.164051754188971 0.3820603166310723 0  7.853468042904264 0.3652489721458341 0  3.161878458259292 0.7091504888924171 0  3.196949534968344 0.828587525014558 0  4.81569739696319 0.2464809702109498 0  2.853948997528752 0.6284759718886113 0  8 2.203125 0  3.0322246768742 2.865069879988773 0  0.2721565687531419 1.479961357416335 0  2.21875 2.947664020842436 0  7.944357878994436 0.4941181514751873 0  3.529073544541028 2.172163100763886 0  3.406598027315205 2.172684519548882 0  6.767881877295554 1.226145542885341 0  6.761523121933251 1.104172063177464 0  0.419134081414156 0.3328518355845175 0  0.4703231033436353 0.2442464746854558 0  0.5157907182467114 0.3528678340082805 0  7.328266956863859 0.8151762491220279 0  7.212426282183498 0.8211584386802264 0  7.223981938195253 0.8846792048344301 0  7.809217284824354 1.412900792391603 0  5.628846554847386 1.190774655955674 0  4.116580896335591 2.772090525739627 0  3.915697791756263 0.1454343446551817 0  1.704551600813938 2.03226860306916 0  1.760082424954955 1.924746240321011 0  3.701891896560758 1.626760250303832 0  1.656846744183733 1.348940015456522 0  1.619003471285642 1.286005754396842 0  1.542755256961555 1.379847002660515 0  4.671596344192462 1.639433944749921 0  1.59932403038114 1.403811072570357 0  6.806888803430626 1.039197289724514 0  5.853398381072302 1.121117734404852 0  0.6384842605102501 0.6199021084354616 0  0.9537722337203065 1.09543733619198 0  3.291291569165954 1.047902215362886 0  3.228791569165954 1.047902215362886 0  7.20570090417266 2.26663730295098 0  2.053129820116717 1.136422820512347 0  4.230679445348841 2.816903155411763 0  5.1648553633962 0.05644296812738554 0  6.07030281782628 1.667178680889949 0  7.265985968116712 1.951280608137653 0  3.729817165627369 0.5908883838671755 0  7.649725596549517 2.694608197878059 0  7.750464587085106 2.744371395533737 0  7.049230072418193 2.757731488607133 0  1.782101077911966 2.490395545143323 0  1.686564498873536 2.459691121817439 0  4.555975729944274 1.637664223448669 0  6.519863036393188 1.916520449897202 0  6.402838856624437 1.948748327798954 0  6.437198247522601 1.871211905467616 0  3.32613932363594 0.2747702282353502 0  1.926754895934398 2.910742893441619 0  7.31966969948847 2.849428295149523 0  4.791113840315905 2.657438271064033 0  5.299266096331125 0.5801108761650403 0  3.932551899971617 1.960412348007573 0  5.282822335296955 0.1427447884808062 0  4.686086317313972 1.267159384787152 0  4.671022420228991 1.163842927600237 0  5.899164255668812 0.8692194451366339 0  1.440677406832401 1.532899928718094 0  5.030629919341066 0.05526242634114928 0  4.968159309313936 0.1376795406063352 0  5.709218005832189 2.736660076948289 0  1.488600154700406 2.848255331072045 0  2.088837758353064 1.086505453301531 0  4.944836147739592 0.7032463488122586 0  7.462234074944898 0.7313231608208219 0  3.747518886162526 1.872478700387025 0  3.630946695284602 1.840431975716645 0  3.680521899191698 1.929905909226623 0  7.12107369550823 0.06403078172775267 0  4.93516539766882 0.2187581067887034 0  7.397104922516555 1.888472318317 0  5.989322037262723 1.707397924132098 0  5.093276812870346 2.671957952014016 0  7.331525020135747 0.5941674637542305 0  6.154646706435501 1.045754595191535 0  7.416324339556037 2.136373004946742 0  4.511067186401544 0.485043928576376 0  3.021057845776112 0.2711044482447146 0  3.005680839403881 0.4816346441586353 0  5.575235033428832 1.460697958402244 0  0.06017090301660927 1.232173669163469 0  5.471543833722029 0.1379371036951718 0  4.847327883980495 0.6738533940038436 0  1.58793620035908 2.412388328283968 0  4.184746285434287 0.688826259016432 0  0.05705202363723871 2.648856238078451 0  3.107812179443245 1.353775849638687 0  5.094023320375288 2.290628274547299 0  5.010429887116064 2.266663980320118 0  2.293662153553787 2.232846168778456 0  4.768214354223167 1.228803924167855 0  6.342615601463881 1.39280058101076 0  6.403556951311887 1.3280234094458 0  3.865810134332534 2.525758527211443 0  0.3269448363914895 1.391375085592533 0  2.265054700315017 1.919496361341419 0  2.804988497779409 0.8209709007339629 0  2.861279925866239 0.7462840283524591 0  2.867654877175696 0.8680114107378794 0  0.3398135684797015 1.905008196486086 0  2.867905763625898 2.465639140043677 0  5.625980965812235 2.539009257454 0  0.3966898308269882 0.1876746723620112 0  0.1794516937032513 2.520761558089585 0  0.2262222862397379 2.448930762554259 0  0.1541721614608766 2.402724704934387 0  3.884526750708173 1.555981990134279 0  5.895843732166123 0.495922946120887 0  2.157090719447206 1.128078196967774 0  2.157090719447206 1.271921803032226 0  2.17731614430658 1.121506558066285 0  2.152986985531932 1.081038654644009 0  2.17731614430658 1.278493441933715 0  2.152655127606921 1.31998269902848 0  5.825438804433584 1.945092368621878 0  </DataArray>
</Points>
<Cells>
<DataArray  type="UInt32"  Name="connectivity"  format="ascii">488 1784 3712  892 1863 3282  521 1947 3686  960 2438 3329  1224 1612 2872  470 1414 1828  389 1403 1974  14 15 16  865 2426 3439  2293 2743 4001  12 19 20  835 2142 4044  817 1473 2615  885 2077 2616  1763 3319 3449  1015 2121 2122  504 1722 2461  608 2260 2261  154 3643 3678  759 2825 3359  430 1468 2083  1338 3234 3260  62 1279 2977  228 2463 4192  64 2626 4289  112 3017 3283  741 1312 2162  409 2133 3261  837 2595 2955  664 1392 2307  246 2033 3728  1530 2279 3771  582 2156 2157  1924 4004 4005  1128 3126 4269  1074 1729 1753  2362 3483 3996  593 2027 2409  655 2433 2612  120 2238 3279  1082 3180 4074  574 1957 2546  778 1566 3371  6 1576 3257  814 1693 3272  848 1688 2378  552 1857 2776  1573 3468 3469  594 1970 2555  730 2057 2485  409 1425 2591  181 3818 4115  1084 1740 1741  1216 3177 4194  896 3049 3817  1342 1749 2805  697 2190 4190  91 1487 2043  168 1711 2751  1616 3296 3661  657 1931 2227  899 1635 2650  582 1612 2872  92 1830 2363  521 1945 1947  826 2904 2905  279 1283 2964  123 1394 2125  131 1194 2559  1085 1472 3500  999 2487 3192  955 3605 4011  892 2287 3254  216 1312 2162  84 1184 2269  940 2767 2768  378 1570 2379  1414 1483 2847  2177 4051 4053  196 1387 1550  229 1319 2095  146 2945 3800  86 2516 4132  345 1561 2188  761 1331 2332  243 1240 3083  392 2595 2747  939 3136 3574  210 1270 2405  1643 2863 3718  699 1781 2877  548 2429 2825  285 1893 3171  536 2913 3751  744 2215 3202  670 1977 2500  328 2031 2087  703 2627 2931  1191 3211 3654  924 1579 1771  825 3109 3110  558 1584 2557  930 1818 3427  1526 2432 2666  533 3321 3812  797 2147 2148  142 1732 3853  614 1901 2780  1339 2164 2553  197 2573 2575  344 1301 2529  808 2053 3432  719 2068 2976  815 2228 3788  979 3311 3746  947 1659 4282  580 2019 2020  822 1235 2091  236 1823 2084  1076 3296 3661  390 2535 3502  188 2173 2944  366 2695 3653  1775 3140 4286  376 1820 3605  988 1860 3070  885 2238 2654  572 1423 2707  166 1510 2688  164 1348 2040  137 1799 1837  783 1683 3044  1338 2525 3234  611 1355 2195  845 2033 2773  1927 2390 2391  665 1602 1951  312 1717 1959  938 1678 3355  459 1615 2424  975 1810 3637  1229 2471 3740  788 1265 1657  788 2471 2715  323 2085 2479  1956 3395 3660  133 1707 3674  1547 3021 3621  1138 2509 3108  62 1872 3593  1079 4004 4006  230 1937 3398  800 1163 2914  382 1392 2835  407 1297 2132  1205 3653 4077  514 1883 2454  199 2581 2624  659 1349 2099  398 1400 3001  165 1414 1483  1287 2817 2818  108 1411 2474  1556 2635 3067  287 2649 2650  795 2063 2951  456 1436 1447  456 1447 1785  1220 3748 4201  341 2274 2329  1896 3121 4171  598 2079 3448  153 1438 2431  515 1464 2774  1338 2439 3258  1338 2439 2525  168 2488 2809  736 3167 3208  638 1772 2546  522 1953 1954  279 1925 2013  1925 2013 3487  711 1697 2623  631 1733 1734  513 1563 1884  48 2528 3251  656 1529 1944  1161 3006 4246  1465 2523 3836  399 3324 3992  626 1351 2437  265 3022 3054  173 1917 3120  511 1483 2847  570 1352 2720  663 1335 3169  573 1510 2688  1725 2868 4030  1541 1932 2278  612 1164 2263  556 2104 3007  77 1738 2399  1122 2275 2617  652 2129 2218  1187 1774 4321  1071 2104 3007  526 1918 3609  580 1435 2672  578 2800 3382  207 1317 3535  862 1231 1994  338 2219 2236  706 1854 3535  1162 1475 1692  318 1901 2780  1110 2946 3084  1195 2412 2579  319 2126 2182  183 4122 4279  617 1184 2269  1093 2023 3820  223 2138 2139  871 3248 3250  439 1361 1597  361 1238 2342  368 1214 2416  186 2047 2121  778 2069 2170  461 1955 3467  187 1730 2321  684 1472 3500  618 2132 3459  41 3585 4235  637 1373 3384  189 1365 3793  1364 2651 2653  1288 2418 4122  219 1964 2210  207 1854 3535  1855 2677 3097  1017 1698 2678  433 1378 2613  1254 2647 4089  608 2560 3709  570 1819 2720  473 1285 1458  1145 1571 2095  197 1385 2737  694 2574 2899  1377 1378 2613  45 1530 4149  342 1333 2843  1194 1852 2242  579 1846 1847  1350 1781 2294  54 1763 3319  553 2067 3565  87 1303 1597  644 1323 2365  402 1429 2627  204 2063 3065  201 1617 1710  597 1249 2664  1449 2568 3200  628 1760 3218  1317 2219 2236  207 1928 2725  359 2647 4089  751 1815 3069  848 1270 4300  339 2257 2904  500 1689 3128  954 2492 3436  278 1662 2166  747 1541 3031  549 1933 2488  510 2304 3587  510 1163 2350  395 1252 2508  1733 2135 3191  413 1433 1999  48 1885 2528  493 1786 2333  531 1968 2972  809 2540 2971  219 2210 2717  593 2028 3119  354 1993 3180  781 2980 3596  2138 2742 3274  971 1232 1981  1453 3131 3523  224 1909 2326  446 1675 3125  352 1227 2193  623 1699 2179  1739 3373 3607  374 2209 2505  228 1321 2700  758 2462 2463  562 1386 1826  680 1208 2370  1529 1944 2810  879 2452 3323  58 1405 2217  1219 2526 2590  2056 3732 3789  453 1664 2547  83 1433 2701  1539 2842 3269  393 1265 1657  691 2242 2559  132 1607 3451  840 1556 3067  105 1832 2427  534 2075 3855  13 14 1835  1230 3039 3256  1269 1697 4127  1110 2087 2946  243 1240 1241  791 1651 2199  529 2320 2478  1177 1680 2172  1119 1996 3805  761 2332 4118  436 2040 2665  248 1305 2683  457 1588 1589  355 1233 2255  739 1990 2747  1224 3312 3566  968 3618 3646  1768 2956 4167  556 1537 1988  435 1555 4042  933 1455 2421  2421 3266 3513  129 1584 2960  687 2326 2345  1186 2223 3570  430 1469 3761  1469 2011 3699  1055 3969 4174  530 1816 1850  913 2893 4029  293 3802 4157  263 2101 2116  1131 3457 4265  723 1821 3577  793 2558 3457  335 3108 3385  866 2507 2587  86 3248 3815  268 2611 2669  178 2179 2316  160 1881 1894  269 2350 2914  1231 2673 2864  970 1343 2691  916 3189 3318  587 1599 1600  539 1357 2007  731 1508 2754  108 1411 3040  832 1601 1843  1744 2873 3050  1143 2579 2843  30 2856 2857  346 2943 3809  214 1703 2309  1135 1746 4140  62 3593 4140  130 1265 2716  408 3310 3311  442 2830 4187  849 1453 3188  1015 2047 2121  1185 2538 3012  13 3052 3563  841 3172 3747  766 2393 2978  649 2147 2148  1526 2432 4147  360 2432 2499  1200 3502 3786  605 2001 3066  1002 1316 3784  1316 2915 3784  1124 3245 4041  1684 3032 4191  721 2645 2646  292 2214 3677  1008 1717 3721  293 3802 3840  518 1866 2274  515 1464 1599  1271 1700 4262  500 1327 3624  149 3104 3714  1911 2475 3691  465 1651 2199  302 1625 1627  446 3118 3694  1309 2381 3671  229 1571 2095  415 2959 4201  120 2238 3466  1678 3249 3355  838 1825 3237  1086 1534 3857  1274 1590 3430  928 2138 3274  928 2016 3275  1650 2684 4008  607 2002 2005  57 2655 2997  1976 2306 3514  1508 2754 2903  314 2002 3765  607 1663 2005  315 2440 2936  914 1965 2440  426 1591 3813  659 1349 2361  317 2262 3480  614 2769 3527  613 2140 2987  70 1475 1692  596 2182 4116  596 1174 2182  985 2852 2875  766 2633 3151  833 1994 2864  833 2863 3718  2988 4213 4232  592 1400 2443  1010 1981 3406  323 2957 4114  1085 1472 2191  949 2958 3471  325 1366 2610  1540 2842 4020  162 1356 3015  162 1406 2648  959 2061 4314  969 2237 2885  1153 2179 2316  328 1859 3749  329 2007 2596  848 1689 3128  552 1756 2971  855 1322 3024  1147 3585 4235  5 1576 1867  1860 3070 3096  1156 1637 3347  1156 1839 4273  1086 1631 2036  2205 3715 4046  440 3386 4206  1340 2894 3669  1972 4173 4198  867 2116 3389  1118 2207 4288  337 2414 3631  176 1643 3692  1000 2289 3484  851 1172 2145  363 2196 3060  679 2232 3343  579 1560 1845  1179 2403 3599  1179 2329 2403  110 2096 3455  342 2412 2579  210 1270 1689  343 2406 2637  1134 1821 2407  109 2604 2606  53 4087 4144  345 1561 2773  346 2489 2493  657 1709 1931  348 2726 3623  1392 2307 2835  124 2103 2670  349 2949 3030  53 1690 2400  611 1212 2212  350 1701 2991  555 1540 2842  1264 2410 2952  351 2375 2444  225 1910 4021  2247 3331 4204  636 1488 2375  846 2033 2797  572 1423 3148  232 2254 3764  762 2367 4155  1112 2934 4143  1161 2224 2845  1655 3006 4246  953 1918 3609  1586 1903 3122  679 1690 3782  980 3310 3311  980 2432 3310  1122 2275 2276  361 2277 2653  1982 2301 3051  944 1307 3259  391 1277 2552  851 2145 3061  1293 2821 4214  893 2109 3299  365 2555 4121  596 1169 2180  1329 2695 3653  429 1329 3407  1218 1437 4254  1337 2324 4284  922 2387 4267  184 2027 4162  204 3080 3354  369 1248 2343  704 1964 2210  757 2210 3316  777 1320 1353  885 1456 2077  235 2928 3581  1474 3755 3962  373 2487 4085  1479 3716 4230  1105 2409 4162  528 1347 4120  583 1345 2809  583 2120 2659  574 1700 4262  740 1609 2765  855 1602 1951  625 2297 3106  1078 3994 4057  198 1787 3216  211 1810 3597  1318 2658 3230  726 3452 3656  1425 2589 2591  452 1684 3664  381 2640 3018  174 1869 2272  802 2066 4022  1307 2473 3259  785 2982 2985  581 1410 1683  886 2814 3100  966 2189 3635  1117 2082 2244  1131 1848 4266  1491 2625 2628  727 1360 2464  50 2052 2055  389 1403 2395  1076 1403 1974  605 3066 3651  391 2880 3061  241 2152 2748  1359 2133 4221  133 1368 2401  394 2295 3320  394 1368 2295  1041 3674 3676  631 1252 2508  726 2197 3130  396 1765 1804  964 2058 3731  58 2217 3614  397 1405 2644  1400 2443 3042  592 1400 3001  646 2161 3177  1370 3324 3992  237 2668 2983  400 2975 3164  927 1964 3504  131 1441 2982  127 1429 2931  703 1375 2601  203 2213 2518  1087 2213 3571  234 1518 1889  892 1415 1863  830 1508 2903  313 2754 2903  1205 2131 3459  618 2131 3459  2192 2999 4238  408 3310 3740  1734 2789 3632  49 1757 3662  216 2854 3517  803 1451 1615  562 1386 1387  223 1466 2023  971 2331 3368  641 1434 1884  1885 2853 2986  673 1817 2746  907 2247 3331  415 2958 2959  163 1461 2060  416 1545 2045  557 1853 3495  326 1887 3212  1257 2675 3757  1341 3139 3850  1340 3385 3386  76 1895 3701  600 1286 1961  901 3241 3667  1750 3221 3356  1438 2431 3399  1045 2097 2098  554 1935 3638  937 1553 4012  425 1554 3123  1406 2264 4152  1404 1592 4281  1232 2957 4114  971 2331 3617  225 2910 3004  1044 1606 2003  140 2930 4077  108 1207 3856  698 1350 2294  2294 2832 3760  924 2401 4176  692 1850 2739  890 3244 4247  315 1316 2440  195 1235 4002  782 2561 2562  434 3197 3228  136 1284 1631  435 1537 1988  169 1272 3048  164 1292 3098  164 3053 3098  45 1377 1378  438 1652 1922  182 1451 1615  565 1769 2783  561 2105 2106  441 3221 3356  917 1913 2476  1632 3209 4249  647 2039 2938  443 1342 2325  915 1343 3317  444 1617 1619  1141 4248 4249  201 1248 4290  238 2338 2770  792 1778 3405  1493 1935 3638  448 2961 3357  1173 3993 4207  1177 3546 4103  450 1645 3528  450 1644 1645  956 1955 3467  208 3032 4191  1684 3664 4191  775 2547 2897  234 1415 1863  454 1590 2594  543 2042 3531  833 2864 3315  325 2610 4163  148 2024 2902  555 1389 1725  458 1588 1668  1389 1725 2868  48 2425 3251  459 1323 3280  686 2480 2543  655 1721 2742  956 1558 1605  936 1943 3532  976 1950 4086  1215 2226 3619  701 1215 2608  1950 3541 4086  464 2625 2628  869 1272 2385  1272 2385 3048  853 1568 1926  1568 1926 3556  952 2723 3752  467 1655 3006  828 2585 2919  1287 2818 2909  469 3704 3705  469 1717 3721  1128 2744 3126  1128 2004 4269  842 1763 3163  1763 3163 3449  202 1267 2220  472 1162 1692  473 1458 1459  165 3168 4057  1539 2756 3270  737 1478 2549  1083 2059 2222  799 1837 1973  671 1679 2469  1908 2467 4016  602 1702 2889  497 1422 1822  0 1793 2851  1502 2113 3515  1660 3511 3512  1455 2421 2841  882 1732 3859  1095 1708 3641  1100 1439 3997  1101 1660 3811  488 2439 2525  318 1989 2780  217 1962 2215  670 1977 4128  314 2164 2501  108 2340 3401  492 1753 3474  57 1716 2655  994 1779 3475  144 1780 3142  744 1603 2215  1518 1911 3691  715 2662 3016  872 2871 4145  1545 2045 2429  496 2842 4020  496 1381 2808  603 1422 1822  1574 1980 2299  1327 1583 2954  870 2690 2921  500 1327 1583  1089 1583 2954  1170 1239 1877  1170 4303 4305  758 1873 3595  758 2463 4192  835 3093 4044  503 1888 2025  194 2232 3343  117 1209 2410  2027 2409 4162  151 1896 2556  986 3640 3734  507 1983 4156  942 2301 3146  508 4194 4278  1881 2657 3387  1610 1958 2521  213 2458 3167  510 2350 3842  2185 2317 3723  511 1459 3137  1154 2096 3455  337 4050 4258  344 2054 2603  713 1301 2529  64 1883 2969  514 1882 2900  1672 2290 2360  516 3331 4304  523 1751 1752  1155 3526 4197  620 1923 3421  341 1559 2271  1945 3802 3840  14 1835 2161  740 2882 3793  989 1957 2546  1126 2592 3470  1946 3575 3839  989 1953 3499  1751 1956 3395  428 1778 3405  524 3543 4059  625 1602 3106  89 1680 2172  1173 1996 4301  454 1274 3374  526 1919 3460  527 1470 2713  96 1290 2388  96 1290 1347  134 1514 2478  348 3606 3623  755 1777 3199  531 1967 4184  111 1167 2639  1419 1887 3212  42 1344 2423  1096 2262 3480  534 1159 2119  659 1592 3813  1258 2888 2947  1023 2012 4123  1928 2391 2725  804 1531 2862  1357 3300 3832  443 1342 1749  140 1342 2107  908 2008 3753  908 2006 2485  338 2219 2941  1000 2941 3485  751 2011 3699  541 2037 3666  398 1400 1976  542 1366 1487  1166 1827 4216  71 2042 2104  959 1419 3213  532 1419 1887  1484 2347 3155  981 1501 3154  472 1691 2066  1718 2220 3161  256 3182 3278  1083 2845 3367  1257 2825 2826  1257 2429 2675  736 2304 2458  1192 1932 2335  752 2838 2839  550 1674 2071  330 1966 3539  1756 2540 2971  552 1334 2776  675 1334 2160  383 3234 3260  553 2066 2067  554 1997 1998  1163 2350 2914  1588 2868 4030  555 1188 2084  1071 3007 3008  791 2076 3410  557 1853 2009  958 2009 3423  673 1580 2746  558 1584 2319  1366 1487 3827  559 2751 4218  583 1704 2822  1100 2362 3996  255 2106 3443  934 2105 2106  1459 2968 3548  10 2317 3723  1214 1522 2416  563 1907 4048  47 1334 3038  1503 3526 4197  517 2580 4225  567 1572 3173  841 3172 3173  1477 2774 3860  567 1572 2614  568 1290 4294  179 2377 4295  473 1457 2838  569 1304 1648  569 1458 1648  1352 1648 3028  238 2086 2770  571 1263 2085  1423 2025 3148  503 1423 2025  1202 2034 3488  1202 2637 3488  1271 1700 2750  119 2926 4261  5 1324 2917  604 1311 2046  1435 1869 3774  1435 3775 3776  1149 1908 3165  577 2564 2676  578 1854 1856  578 1856 2800  699 1350 1781  873 1847 2901  381 1398 3332  1869 3003 3425  581 1410 3116  123 2473 3259  370 3211 3654  80 1190 2848  1705 2988 4232  322 1704 2822  585 2065 2951  584 2292 4255  709 2632 3080  340 2461 3183  1182 2279 3771  423 2057 3399  587 1600 2070  1864 3033 3364  770 1861 1862  589 1830 2216  589 1559 1830  1015 2047 2248  778 2069 3371  341 1180 2330  78 2123 2346  998 2443 3042  254 1455 3780  921 2409 4308  368 2028 4267  809 2972 3539  77 1364 2651  528 1347 1594  595 1594 2567  568 1169 2388  596 3735 4116  1249 2664 3835  597 3439 4051  755 2907 2908  498 1876 2908  599 2087 2946  1332 1975 3525  1286 1542 1961  76 1286 2810  239 2617 4165  601 2159 2771  1070 1881 1894  474 1702 2889  603 2000 3567  155 2756 3270  575 2812 3696  604 1860 3025  605 2001 2251  605 2128 4072  1065 2256 3186  217 1962 2947  832 2002 2005  351 2375 2953  85 1234 2576  1372 2223 3570  889 1831 3552  1355 1758 2195  611 1586 3122  697 1164 2423  177 2112 2634  613 1475 2987  743 2140 2987  614 1901 1902  614 1902 2769  714 3490 3897  1116 1934 3489  940 2268 3521  617 2267 2268  856 3225 3226  632 1177 2172  701 1215 3625  701 1848 3625  517 1787 1923  198 1503 4197  1004 2206 2611  1244 2061 3309  328 2300 3838  49 3084 4131  661 2412 3454  2096 2470 4049  1361 1597 2759  439 1361 1420  274 1960 2149  126 1496 2782  148 2916 3071  626 1589 2609  1617 1710 3363  201 1617 3153  713 1715 2530  857 1614 2530  629 2213 3571  1087 2517 2518  453 1518 1911  453 1518 1519  512 1734 3632  631 2197 3130  1446 3225 3226  632 1446 3226  353 1261 2351  117 2410 2952  905 1764 3848  805 2801 3503  601 2159 2801  353 1281 2445  694 1315 2444  638 1280 1920  64 1587 2969  520 1920 3422  574 1772 2546  1150 1727 2211  639 2211 2338  914 2440 2936  394 3327 3328  83 1433 4000  741 1999 2162  1380 1810 3637  642 1659 2395  643 2404 2406  787 2879 3160  182 2365 3290  1769 2783 2806  2116 2411 4260  1776 2420 4032  646 2152 2373  364 1408 3299  1408 3053 3098  1217 1936 2374  766 1208 1430  657 1703 1937  776 1782 2778  1456 2927 3124  233 1747 3220  652 1505 1623  233 2130 2618  653 1262 2434  188 2356 2944  221 1326 2240  913 1326 2240  1228 2729 2730  655 2138 2742  800 1163 1492  656 1703 3398  696 1401 3063  113 1931 2227  320 1979 3649  287 1635 2650  231 1740 2099  107 1349 2361  493 1768 3648  660 1603 1767  512 1733 1734  661 2412 2413  384 1395 2571  662 1307 2473  1531 2862 3145  354 2446 3145  664 1392 2497  832 2002 3765  665 2340 2341  192 2051 4015  850 2453 3134  850 1905 2322  437 1275 2092  668 1905 2322  779 2861 3185  779 2859 3185  1258 1971 3482  1258 1977 4128  806 1679 2469  479 1797 2386  286 1659 3590  113 2147 3217  305 1581 2246  1578 2286 3652  674 2666 3462  675 2505 2506  1165 2209 2505  519 1233 2255  794 1904 3150  677 2232 3393  677 1264 1454  961 1560 3497  961 1560 1845  1253 1690 2874  53 3314 4144  680 2370 2852  1379 2758 2875  878 2884 2885  268 2206 2611  683 2522 3657  1118 2511 4288  2078 2639 4084  621 2639 4084  1472 2191 3329  948 2958 3082  1091 2022 3434  765 1220 1915  686 1337 2542  923 1909 3090  898 2346 3494  25 1686 2708  868 1686 2708  203 2137 2600  689 2137 4186  690 2517 2518  266 2507 2587  691 2242 2336  200 1850 2739  258 1851 3576  692 1579 2739  384 1509 3114  693 2569 2570  1385 2574 2899  1127 4227 4228  377 1322 3024  695 2445 2575  696 1755 2943  1133 2166 3810  212 1542 1961  2190 2468 4190  698 1617 1619  698 2294 3760  438 1922 4026  201 1248 1495  1219 2481 2590  700 2526 2590  387 2608 4203  1130 3091 3572  836 1240 3083  702 1687 2455  1375 2837 3601  402 1330 1427  219 1964 2593  927 1964 2593  161 1295 2102  1834 3231 3798  706 1854 1856  706 1467 2150  336 2827 3009  707 2582 2583  708 1491 2625  711 1491 2628  938 3158 3353  362 1198 2301  172 1683 3044  1697 2623 4127  199 2581 3091  264 2799 3239  860 2568 3200  857 1715 2530  857 2137 4186  688 2708 3767  180 1838 1942  715 1409 2266  244 2041 3008  527 2048 4215  883 2857 3215  462 1762 3574  1830 2216 4106  815 2381 3671  815 2381 3085  918 2740 2741  720 2640 2696  721 2646 3612  919 2740 2741  722 1398 3332  722 1398 2670  1135 3036 4141  419 2205 2509  724 2701 2702  741 2284 4000  218 2081 2907  725 1237 2652  380 2481 2590  977 1891 3560  506 1685 1892  727 2464 2820  1276 2113 3515  377 1322 2578  625 1496 2782  495 1418 3147  495 1695 2050  1139 3385 3386  765 1841 2111  734 1227 3181  735 2704 4271  1192 1613 4217  1336 2704 3208  736 2772 3690  475 1478 1789  737 1348 1912  738 1775 3140  738 2791 2792  1363 2748 3101  739 2749 3101  740 2282 2765  977 2367 4155  741 2284 3509  83 2284 4000  742 2169 2630  716 3486 3791  840 1556 1979  743 2635 3067  493 1766 3178  144 1766 1767  1115 2450 3285  1438 2844 3285  655 2138 2139  746 2331 2840  421 1286 1542  747 2304 2458  490 1339 2164  108 1339 3401  356 2934 4143  749 1577 2676  579 1845 2136  750 2136 2449  540 1815 2017  291 1815 3069  85 2576 4229  1127 1570 2379  861 1751 1956  982 2337 2428  982 1832 2992  1072 2081 2907  1072 2907 2908  732 2698 3790  922 3119 3458  757 1190 2848  502 1872 2462  758 1554 3123  1461 2060 3359  418 1726 3424  525 1620 1969  89 1446 3152  761 1331 2186  1891 3559 3656  977 1402 2367  763 1872 3593  228 1432 1585  312 1717 2817  764 2817 2818  1228 2111 3545  765 1220 2533  766 2392 2393  105 2393 2978  48 1450 2986  216 1864 3033  1879 2787 3068  138 1682 1879  102 1470 3965  1470 2713 3479  770 3033 3364  770 1862 2250  443 1596 1677  771 2369 3645  133 2795 3255  280 2229 2230  1365 2882 3793  762 2130 2618  1505 3732 3789  23 2056 3736  453 1519 1638  1353 2895 2896  777 1353 2928  777 1748 2928  420 1566 3092  778 2170 2384  778 1566 3092  779 2859 2860  247 2312 2757  448 1514 3806  79 1992 3300  848 2378 2887  586 1530 3771  1155 2561 2562  783 1410 1683  783 1410 2668  384 1374 2472  384 1395 4080  785 1191 1608  783 1608 2667  566 1572 3944  121 2404 2879  787 1809 2880  408 2471 3740  931 2192 2225  859 1825 2355  264 2355 2447  712 2604 3200  791 2169 2199  169 1537 2076  971 1984 3847  792 1778 3004  701 1848 4266  978 2129 2218  794 2253 2254  1632 2311 3800  445 1634 4248  497 1824 4200  2322 2685 3991  797 2147 3217  113 1243 3217  364 1294 2117  364 2109 3299  436 1761 3477  823 2040 3099  800 2074 3578  800 1997 1998  802 1987 4172  546 1987 3161  803 1451 2866  48 1885 2986  730 2486 3729  515 1599 1600  2159 2801 3777  806 2719 3223  211 1380 1810  808 2397 3432  1120 2397 3432  681 3373 3916  1004 2415 2611  551 1756 2540  531 1777 1968  231 1740 1741  397 2264 3377  348 2834 4306  812 2755 2834  1158 2103 2383  812 1158 2103  849 1453 2321  462 1744 3050  242 1693 3272  411 2204 2381  112 1861 1862  854 1913 3441  277 2144 3453  817 1489 1849  883 1489 2352  995 2815 3670  276 2814 2815  819 2077 2616  1242 2523 3724  821 2421 2841  1488 2375 2953  822 1488 2953  407 1924 4005  1079 1305 2683  1031 1813 2032  147 1814 3214  331 1868 3508  1555 3109 3110  826 2552 3027  1481 3118 3694  827 2744 3126  571 1184 2127  132 1598 3267  580 1435 1869  1278 2800 3382  148 2024 4161  830 2902 3514  831 3132 3133  1148 1562 1868  274 1843 1960  748 1601 2714  1231 1994 2864  1118 2511 3739  503 1888 4274  157 1423 2707  836 1240 1687  836 2946 3084  545 1332 1975  90 3323 4073  859 1825 3237  789 1825 2355  1074 1753 3474  839 2767 2768  840 1979 3649  320 2758 2875  841 1622 3171  1622 1893 3171  200 1771 3162  842 1442 3164  1509 2981 3115  843 3114 3115  844 2925 3418  794 2254 2819  845 1586 1903  845 1561 2773  2173 2944 2979  188 2173 3999  847 1409 3011  343 2763 2887  79 1688 2378  813 1604 3187  1015 2248 3769  1017 1698 2265  851 3060 3062  1284 2196 3060  852 2977 3224  1283 2964 2965  466 1569 3569  917 3440 4268  88 3289 3440  1146 1829 2802  1148 3472 3508  366 2881 3658  856 2173 3999  206 1614 2530  857 2137 2600  858 2118 3222  255 3222 3342  859 2165 3239  264 2447 2568  1298 2799 3239  860 2201 2605  1844 3395 3660  862 1231 3297  547 2062 2102  128 2554 3661  379 1611 2658  2426 3439 4051  1144 2426 4051  803 1615 2424  866 1714 2703  623 2096 4049  1154 3454 3455  868 2956 3262  940 2014 2767  869 3294 3295  824 1814 3214  1072 1876 2908  1634 3248 3815  871 1678 3249  1418 1890 2532  872 1418 3147  1846 1847 2901  257 1847 3340  997 2281 3205  997 1421 2281  543 2117 2821  454 1521 2108  876 1782 2249  179 1671 2377  515 1600 2687  111 2078 2639  878 2100 2669  996 2347 4073  879 2452 3324  394 1368 3327  910 2229 2230  881 1246 3198  383 3234 4253  486 1497 1708  1732 3852 3853  1489 1849 2352  818 1849 2352  1628 2998 3029  884 2998 3029  886 2814 4226  937 1553 3466  654 2240 2619  17 1325 2482  817 3107 3190  999 1773 3094  888 1816 2494  1001 3551 4047  1001 1831 3552  1513 3345 3493  891 2376 2607  2287 3017 3283  405 2287 3254  893 2109 3054  893 1348 1912  676 1482 3227  1482 3252 3352  1754 2961 3357  895 1754 3357  896 2385 3048  169 2076 3410  573 1510 1925  121 1202 2034  591 2121 2122  898 2123 2346  286 2313 3268  947 3590 3591  2313 3268 4277  1243 2313 2344  561 2329 2403  984 2089 3684  903 1217 1936  648 1936 2374  904 2118 3342  904 3375 3376  1269 1697 2566  905 1630 2836  1274 2364 3446  427 1981 3406  427 1984 3847  153 2293 2450  908 2006 3753  1008 1716 2655  909 2655 3303  910 2229 2231  880 3327 3328  1367 2049 3456  911 2831 3320  912 2317 4239  912 2004 4239  386 2082 2812  913 1326 2892  1225 2239 3349  104 2891 3427  970 1343 2849  915 1343 2849  916 2551 3196  271 3196 3770  1500 2830 4187  1500 3440 4268  540 2018 3834  918 2741 3391  208 2646 2661  721 2645 2647  920 1706 2221  920 1706 3336  505 1896 1898  921 2519 4308  922 2387 2697  368 2387 4267  898 3090 3494  3090 3233 3523  471 2295 2401  1043 3933 3934  1512 2694 3522  997 2694 3522  925 2722 3265  131 1191 2349  401 1194 1852  1091 2016 3275  685 3433 3434  929 2999 4238  929 2999 3026  1225 1818 3427  930 1818 3426  640 1818 3707  130 2231 4035  1357 2596 3195  1357 2007 2596  142 3512 3811  1084 1741 3851  78 2151 3247  558 1236 2996  1280 1920 3422  275 3541 4086  462 1745 3046  1736 3533 3534  1097 2238 3179  1097 2816 3634  709 1665 3080  938 3353 3354  275 3532 3541  1762 3573 3574  252 2014 2767  940 2015 4105  646 2161 2733  1914 2420 4032  13 1712 1835  942 2301 3051  1712 1835 4278  943 1836 3579  1198 1982 2301  944 1198 1982  946 1834 3798  290 2915 3784  1003 3231 3798  389 3592 4068  947 2052 2055  324 2319 3076  1584 2319 3076  129 2746 3471  949 2959 3103  563 1362 2807  950 2512 3603  493 1686 1786  705 1658 3785  161 1295 2536  953 3170 3608  672 1401 2490  954 3408 3597  376 1609 2882  1673 1820 3605  224 2291 3468  956 3468 3469  326 1887 3615  957 2217 3614  557 1244 3309  958 1726 3424  959 1419 3212  959 1244 2061  415 2958 3082  960 3329 4099  504 1264 1454  504 1454 1536  962 1370 3992  962 1370 3644  812 2834 4306  963 2058 3606  664 2307 2308  139 2498 3064  1124 3345 4166  945 1624 2932  385 2189 2893  332 1953 3499  967 1952 2660  492 1753 3144  994 3474 3475  969 2884 2885  327 2237 2885  990 2037 2038  541 1469 2402  2331 2840 3368  971 1984 3617  102 1470 2035  154 1836 3579  973 2075 3678  468 1727 4129  84 1729 1753  975 2436 3014  128 2366 2436  976 1950 3688  156 2359 3557  82 2706 3560  977 1891 3559  652 1623 2218  232 2254 2819  980 2499 3286  2499 3013 3286  674 1526 2666  360 2432 2666  397 1406 2644  981 1501 2264  658 1832 3379  982 3379 3462  512 1733 2135  983 2789 3632  441 3356 3684  984 3682 3683  985 2371 2898  212 1346 2190  506 1622 1893  986 2556 3735  356 2564 4143  604 1860 3096  988 3744 3745  989 2359 3557  156 1954 3557  541 2037 2038  321 2864 3315  350 1206 1701  991 1681 2991  491 1183 1663  292 3404 3475  468 1728 3537  143 1727 2211  144 1780 3176  994 3142 4150  995 2814 2815  385 1628 2998  996 3323 4073  1591 2727 3301  997 3205 3522  997 1421 3600  487 1439 1661  254 1455 2841  773 2487 2926  999 3107 3763  455 1643 2863  338 2236 3551  1641 3492 3553  1002 1965 3783  1002 1316 1965  1548 3057 3752  1003 3752 3799  1004 3373 3607  682 1739 3607  698 1619 2358  430 1469 3699  782 2562 3058  1127 1570 4229  1007 1667 3822  1008 1717 1959  1959 3543 4059  1009 1906 3873  132 1263 3267  1263 2085 2479  507 1593 1900  1011 1899 3824  1012 1946 2363  1559 1830 3360  1013 1945 1947  1013 1954 3801  489 1814 3383  282 3188 3769  590 2047 2248  1016 3445 3695  458 1698 2678  1018 1277 3088  1277 2552 3027  3983 4236 4237  673 1817 2781  29 1464 1599  1021 1354 4048  2051 2913 4015  97 1927 2390  1023 2012 3889  1024 1777 1968  1025 1593 1900  506 1893 3640  841 1622 3747  297 3988 4102  31 3983 4237  1028 3326 3986  65 1875 3199  95 1418 1890  1030 3112 3910  61 1812 2266  489 1813 2032  467 1548 3057  465 1567 1649  461 1730 3849  66 1558 1605  457 1588 1668  249 3922 4091  451 3207 3469  283 1217 1557  442 1396 3738  1189 3794 3795  431 3464 3675  1707 3674 3676  432 1707 3676  39 1513 3345  431 1626 3934  428 1606 2003  294 2097 2098  34 1445 1582  420 2430 3461  416 1890 2532  135 1545 2429  417 1546 2828  26 3291 4095  1309 2204 4138  1075 3337 3830  406 1504 4275  406 1421 4275  1416 2837 3601  100 1416 3238  401 1440 4174  1056 2681 3305  260 1593 1666  1057 1842 3908  884 1291 1948  774 2056 3736  24 2398 2778  1061 2970 4034  663 1888 3169  1139 2318 3402  1139 3402 3725  303 3693 3890  1065 1639 3186  606 2256 3186  1187 2464 2820  3027 3413 3639  1175 2904 2905  1068 1520 2690  870 2252 2921  368 2387 3501  1070 1881 3841  269 1997 2510  1294 2042 2117  1071 2041 3008  1089 2080 4126  1072 1876 3448  1073 1914 2420  241 2748 2790  1074 3518 3519  993 2214 3677  1075 2544 3351  1168 3337 3351  390 1295 2062  1616 2062 3296  1077 2071 4056  126 1384 2071  1078 2072 4055  312 1959 4058  823 1724 4006  407 1297 1924  1080 2784 4069  272 2641 3235  1081 3672 3741  1081 2314 2315  1993 3180 4075  1082 3180 4075  1083 2102 3367  161 2102 3367  485 1741 3851  1084 3852 3853  1909 3090 3494  687 1909 2326  1086 1631 3668  1284 2196 3228  127 1428 1759  404 3249 3355  210 1176 2258  1525 3159 4037  598 2080 4126  1089 2954 4104  1193 2277 2743  1090 4097 4098  2023 3710 3711  615 3711 3820  1354 2459 3756  412 2840 3368  412 2310 2923  343 2637 2763  1094 2637 2763  486 1732 3852  1096 3480 3527  612 2112 2724  840 2112 2634  120 1553 3466  1097 2238 2654  1098 2267 2268  1098 2310 4115  560 3483 3996  1099 2362 2822  1100 1661 3998  1100 1439 1661  487 1439 1660  322 3141 3997  1978 2555 4024  330 3539 4108  1103 4109 4110  2418 4122 4279  1104 2779 2922  330 1966 2922  595 2126 2184  1105 2409 2948  1106 1896 1898  1106 4116 4117  325 3206 4168  1197 1381 3020  1108 3206 3989  1447 3206 3989  1109 2044 4164  1711 2751 4218  622 2314 2315  622 1151 1859  1111 2026 3339  356 2934 3339  1112 2663 4014  207 1854 2348  483 1886 3727  603 2000 4180  602 1621 2521  635 2275 3845  1115 3845 4175  2310 3818 4115  616 2015 4105  386 1326 2892  386 1326 2082  682 1739 2511  263 2116 2411  449 1996 3805  448 1514 2320  1543 2766 3530  327 1314 2237  533 4213 4232  1704 1705 4232  601 1738 2399  635 2275 2276  763 1872 2462  279 1871 2013  1124 3245 3493  315 2932 4041  1125 1873 4211  157 1873 3595  293 1983 3825  1126 2380 4157  569 1285 1743  85 4229 4231  1128 2339 2744  639 2211 3766  1229 2471 2715  1129 3310 3740  336 2241 3627  707 1972 4198  336 3627 4173  793 3787 4241  1132 1490 2865  110 2096 2682  106 1210 1790  1133 1755 3809  1201 2407 3577  1134 3528 3529  1341 2531 3139  334 2680 3201  723 1535 2606  334 3036 3846  735 1336 2704  1137 2808 3372  1138 2205 4046  109 2604 2793  1063 2483 3402  467 1654 2829  1140 3589 4043  865 2586 4132  1634 3815 3816  1142 2119 4298  534 2119 4298  708 2624 2843  514 1195 2579  565 1507 1770  266 1769 2806  1145 4112 4113  1303 1597 2759  855 1322 1829  1322 1829 2802  41 2298 4235  1147 2695 3407  429 1562 1868  253 1148 1562  1806 2158 2520  1869 2272 3774  1150 2338 2770  974 2086 2770  621 1463 2699  328 2031 2300  36 1250 1493  657 1703 2309  622 2316 3287  337 3631 3742  1154 2096 2470  1153 2470 4049  517 1503 2580  1503 2580 3526  1524 2813 3347  1282 2671 3396  1157 1713 2671  349 2212 3030  1158 2550 3010  534 1159 2154  1159 2361 2727  609 2224 2845  116 1186 2223  467 1654 1655  1161 3006 4245  240 1556 2635  802 1691 2066  1163 1895 3701  510 1163 1895  320 2422 3175  612 1164 1549  1165 2505 2506  1165 2418 4279  173 1293 4214  1166 2048 4215  1222 2078 4084  544 1419 3213  229 2544 3351  411 3085 3337  568 1290 2388  285 1672 2290  1844 2910 4303  1910 3331 4304  147 2208 3295  1171 2501 3219  787 1172 3362  1172 2334 2935  780 2312 2961  1173 2312 2709  1105 2126 2184  96 1347 1594  1176 2257 2258  606 2257 2258  643 1176 3412  246 2174 3728  1355 3546 4103  591 2123 3702  591 1180 2330  1830 2363 3360  150 1179 1866  589 2069 2170  589 1559 2271  1181 1530 2279  1181 1530 4149  1722 2461 3772  1182 1722 3773  491 1183 2858  607 1183 1663  84 1729 3680  84 1184 2127  710 2538 3012  172 2382 2538  256 1372 2302  1372 2302 3570  388 1187 2621  1187 1774 2621  796 2962 4200  603 1822 3567  1534 3416 3794  1534 2441 3416  1190 2156 2157  370 1190 2157  704 2349 3211  370 1190 2175  1192 4218 4219  549 1711 4219  1193 2293 2743  1193 2293 2450  927 3505 3506  131 2349 3505  1195 2412 2413  158 1195 2413  1196 2582 2583  1196 3454 3455  167 1725 4030  1197 1516 4019  581 2125 2745  362 1198 2124  2282 2765 4179  1199 2706 3130  104 1965 3783  104 3427 3428  513 1301 1885  159 1434 1884  643 2405 2406  121 1202 2404  433 2580 4027  1922 4025 4026  205 1770 3246  1507 1770 3246  1329 2695 3407  1329 3653 4077  160 1702 2990  602 1702 3387  748 2340 2341  331 1829 1951  680 1208 1358  1208 1430 2937  633 1629 2356  117 1223 2357  671 1679 2491  346 1210 2489  1532 2550 3010  1211 1532 2550  1444 2949 3030  134 2195 3304  732 2387 2697  191 2163 2698  563 1522 2807  1522 2807 4079  905 1764 2226  905 1269 2566  2075 3643 3678  508 1836 4242  1437 2368 3558  367 1218 1437  1841 2111 3545  367 1218 2543  1219 1482 4081  676 2254 3764  414 1282 4202  1282 3104 4202  1221 2959 4201  949 2958 2959  1222 1463 2094  268 1222 2094  633 2351 2357  653 1261 3184  388 3312 3566  1224 2872 3312  1225 1818 3707  640 2229 2231  1226 1915 3414  1220 1915 3414  734 2433 2612  352 1915 4285  734 2729 2730  222 2542 2729  546 1229 2715  145 1987 4172  1230 3039 4063  1630 3039 4063  321 2673 2864  1231 2673 2674  412 1232 2923  1098 2310 2923  1061 1471 2572  1006 2560 3709  351 1234 2261  608 2259 4264  195 1235 2260  1236 2151 2996  558 1236 2319  725 2651 2653  218 1237 2652  598 2080 2342  329 2080 2597  149 1239 1877  1713 2671 3396  1241 2133 4221  1240 1241 3261  1241 2595 2955  392 1241 2595  759 2825 2826  254 2171 2280  672 2492 3436  286 2313 2344  557 1244 2009  958 1853 2009  577 1908 2467  1245 1908 4016  613 1246 3292  613 1901 1902  1247 1652 1922  1203 4025 4026  369 1247 1652  369 1652 4148  1249 3816 3835  369 2664 3835  1250 1493 1935  424 1250 1935  637 2283 3384  1251 2283 3384  1883 2454 2969  631 1252 3613  1690 2874 3782  1255 2874 3782  1254 2645 2647  1254 3664 4191  678 2514 2515  359 1255 2514  1020 2878 2906  418 3424 3757  135 2429 2675  1014 1962 2947  1014 2888 2947  710 1774 2621  362 2301 3146  710 2620 4107  12 4107 4321  653 2194 2298  353 1262 2434  695 2577 2578  1281 2445 2575  1481 3117 3118  571 1263 2585  822 2091 3035  504 1722 2091  1265 1367 2049  393 1265 1367  1266 2831 3750  393 1267 2569  1267 2569 2570  202 1267 2570  1565 2430 3461  141 2623 4127  463 1269 2328  848 1270 1689  1270 2405 2406  955 2618 4011  773 1673 1820  1651 2548 4139  466 1272 1567  1274 2364 3374  358 2364 3446  454 1274 1590  1390 1590 2594  2 1275 3043  1140 1502 2113  1140 2113 4158  733 2441 3416  733 2527 2692  74 1278 2696  1278 2640 2696  2196 3197 3228  434 1279 3197  520 1587 3422  189 1251 2283  636 1281 2389  353 1281 2389  1282 2534 3714  1282 3104 3714  897 3306 3307  363 1172 2334  1284 3060 3062  136 1284 3062  473 2838 4227  569 1285 1458  421 1286 2153  76 1286 2153  469 1287 2909  143 2818 2909  1738 1978 4024  365 1978 2555  601 1738 1978  1289 2377 4295  1288 1347 2850  1290 1347 2850  1291 1948 3861  1292 1749 2805  164 2040 3099  1919 3022 3460  798 1917 3120  543 2042 2117  71 1294 2042  705 2535 2536  390 1295 2535  525 1870 2187  248 1305 3713  140 1297 2107  538 1342 2107  1298 2165 3239  403 1298 2165  212 1346 1542  375 1299 1346  199 3091 3572  387 1697 2566  1201 2054 2603  344 1301 2054  166 3594 4074  663 1306 3594  644 2783 2806  87 1878 3210  198 1304 2288  569 1304 2288  1296 1870 2187  248 1973 3665  166 3273 3594  1510 1925 3487  662 1307 4252  662 3586 4031  202 1718 2220  1308 1916 4031  847 2233 3011  582 1310 2382  783 1310 3044  575 2144 4137  575 1324 2917  588 1864 3364  1863 2243 2456  881 2525 3234  70 2354 3198  1314 2766 3530  1543 2766 4095  636 1315 2573  694 1315 2574  945 1316 2915  315 3245 4041  610 1317 2236  610 2391 2725  379 1318 2658  864 1611 2658  1075 3337 3351  229 1319 2544  425 1552 1553  371 1320 1552  371 1321 2989  371 1353 2896  1322 2577 2578  1322 2577 2802  1323 2507 3280  644 1323 2806  386 1324 2912  1057 1842 2912  995 1325 2482  385 2998 3670  1326 2082 2244  717 2244 4196  1327 3159 3624  1327 3159 4222  1396 1723 3738  442 1396 2065  429 1562 3132  429 1329 3132  1054 1330 1427  402 1330 2627  780 1754 2961  780 2312 2757  1356 2031 4007  545 1501 3154  707 1333 2581  342 1196 2582  552 1334 1756  1335 2446 3145  663 1335 2446  735 1613 4217  350 2704 3208  648 2417 2457  367 1217 2374  944 3258 3260  284 2439 3258  748 2340 3401  108 1339 2474  1340 2509 3669  1138 2205 2509  1136 2205 3715  1136 2205 2448  1329 2930 4077  140 1342 2325  271 1343 3317  816 1913 2476  583 1704 1705  375 1344 2120  1711 4218 4219  375 1345 1933  1346 2190 2468  375 1346 2468  528 1594 2567  1288 1347 4120  1348 2040 2665  737 1348 2665  486 1349 1708  1095 3480 3544  201 1495 2495  698 1617 3153  1351 2775 2916  406 2437 2775  196 1458 1648  570 1319 1550  371 1320 1353  775 2895 2896  1214 1522 4079  1021 1907 4048  449 1680 4103  246 3348 3546  544 1356 2031  162 2029 2648  1080 1992 3300  539 1357 3832  600 1961 2372  1703 1937 3398  1359 2791 2792  118 1359 2792  1106 1896 2556  727 1685 2466  182 1451 2305  182 2305 4302  563 1362 2459  1362 2459 3603  1363 2152 2373  1363 2152 2748  635 3845 4175  77 2276 2399  1365 1700 2750  189 1365 1700  542 1366 2636  325 1366 2636  393 1367 3750  1367 2831 3750  880 3255 3327  880 2795 3255  508 1836 3236  399 1216 1369  316 2727 3301  316 1370 2452  530 1852 2242  609 1372 2223  256 2059 2222  514 1373 2900  1252 1882 2900  202 1374 3586  202 1916 3240  1330 3111 4208  703 1375 3111  537 1376 4069  1376 2784 4069  45 2449 2496  1377 2168 4177  433 2580 3526  433 1378 2285  105 2370 2978  1379 2852 2875  806 2469 3223  1380 2719 3637  1381 1785 4280  1381 2808 3372  729 2734 2736  377 1383 2735  197 1383 2737  729 2734 2737  1385 2734 2737  126 1384 2736  694 1234 2576  197 1385 2574  912 2185 2317  1386 2185 3723  1319 2544 2565  562 2544 2565  726 2706 3130  726 2197 3452  1389 2453 3134  236 1389 2453  309 1390 1590  811 2307 2835  124 2103 2755  51 1806 2520  1517 2541 3759  1392 2541 3759  1509 3114 3115  843 1394 2125  693 2408 2571  54 1266 2408  146 1618 3318  146 1396 1723  720 2696 2741  1278 2640 3018  580 1869 3003  124 1398 2019  1399 2752 2753  592 1399 3001  1400 1976 3417  91 1661 3998  696 1401 2943  672 1413 2493  676 1219 2481  676 2253 2254  947 2052 3592  128 1403 2366  810 2785 3074  231 1741 3073  1405 2785 3074  397 1405 3074  981 2264 3377  981 2134 3377  982 1832 3379  658 1407 2584  364 1408 2870  647 1408 2870  715 1812 2266  715 1409 2662  843 3115 3116  237 2981 3115  435 1555 3110  435 1411 3110  943 1836 4242  284 2439 3580  671 1210 2489  211 2469 3223  764 1828 3561  470 1828 3561  715 1889 3016  1415 2662 3016  1053 1375 3601  403 1416 2837  127 1759 1760  403 1417 2202  1029 2883 3277  495 1418 2883  1419 2029 2648  544 1419 2029  719 2396 2976  1420 2396 2976  1052 3953 4275  1807 1824 4209  835 2198 4101  503 2198 4101  1359 1424 2133  118 1359 1424  700 2589 2591  702 1425 3191  455 1426 2289  455 1643 2289  402 1427 2869  402 1665 3353  1087 1759 2803  1428 1759 2803  1428 1429 3158  127 1428 1429  230 1430 2937  649 2147 3833  789 1825 2599  335 2318 2598  1432 1585 1644  413 1432 1644  1433 2701 2702  413 1433 2702  450 1585 1644  159 1434 1645  576 2272 3774  1393 2520 3775  626 1516 1833  456 1785 3020  1557 2368 3558  1217 1557 2368  908 2057 2431  2057 2431 3399  1101 3059 3812  1101 3059 3141  756 1906 2686  401 1194 3506  1441 2982 2985  691 1441 3365  1509 2981 4080  54 1395 2984  643 1443 3412  339 3160 3412  1212 2212 3030  348 1444 4306  858 1445 1582  618 1296 3152  618 1446 3152  1107 1447 4170  1447 1785 4170  908 2057 2485  33 1448 2486  1449 2604 2793  790 1449 2793  803 2424 2425  410 1451 2866  624 2305 2918  624 1862 2250  772 2643 3244  280 2230 2643  923 3131 3523  461 1453 3131  194 2515 3498  194 1454 1536  998 3779 3780  487 1661 3779  777 1748 3124  777 2927 3124  1457 2838 2839  165 1457 2839  1459 2968 3137  196 2968 3548  511 1459 2846  511 1483 2846  1150 2211 2338  764 1460 3561  592 1399 2950  1461 2280 4195  261 2115 3787  645 1462 2115  178 1463 2699  683 1699 2460  29 2878 2906  821 2523 3836  58 1465 3836  1093 1466 3819  1093 1466 2023  706 1856 2150  540 1815 2764  920 2083 3334  1468 2083 3334  1469 3761 3762  94 2402 3762  527 1470 3610  1470 2035 3610  68 1471 3150  794 2253 3149  684 3207 4254  684 1472 2794  817 1849 4250  1473 3716 4230  819 1291 1929  372 1456 2077  613 1246 2354  613 1475 2354  1051 2203 2204  1477 3568 3960  1478 3170 3608  737 1478 3685  373 2929 3716  774 1747 2929  372 3077 3717  776 1782 2143  828 3117 3118  132 1481 3117  676 1219 1482  118 3252 4081  1457 1483 2846  165 1457 1483  90 1484 2353  545 1484 2353  1449 2604 3200  206 2201 2605  214 1998 4189  447 3554 4188  1487 1976 3417  542 1487 1976  117 1488 3034  636 1488 3034  883 2144 3453  1773 3107 3190  336 1490 2827  1490 2865 3389  199 1491 2712  1333 2624 2843  656 2074 3578  76 1944 2810  36 1493 2167  447 2166 2167  733 1494 2527  136 1534 2441  438 1495 3843  438 1377 2168  524 1496 2823  126 1496 2823  882 2622 3321  317 3480 3544  272 2006 2485  804 1498 2641  585 2063 2951  1500 3289 3440  545 1501 4263  162 4152 4263  1502 2788 3478  484 1502 2788  198 1503 1787  517 1503 1787  1007 1667 4091  406 1504 3823  774 1747 3220  652 2130 2973  738 1506 2790  392 1241 4221  565 1303 1878  565 1507 1878  398 1976 2306  731 2752 2753  384 1509 4080  784 2981 4080  572 2013 3487  166 1510 3273  645 2116 3389  926 1512 2721  1042 2638 3473  1513 2638 3243  1119 3804 3806  134 1758 3804  228 1321 1515  425 1515 1552  456 1436 1833  456 1516 1833  1517 2541 4071  234 1863 2243  234 1518 1519  630 2284 3509  630 1519 1638  1639 2419 3854  1088 1639 2419  875 1390 2594  173 1521 3302  902 1522 2416  563 1522 3157  1255 2514 2515  114 1846 2513  17 1524 2813  1637 2813 3347  210 1525 4038  210 2258 4038  145 1526 4147  145 1691 2286  767 1563 2854  410 1450 2855  477 1799 3023  230 1529 3758  600 1529 3758  586 1378 1530  45 1378 1530  220 2376 2607  354 2862 3145  452 1532 4088  452 3664 4088  371 1533 2989  724 1533 2989  1086 2894 3669  136 1631 3668  712 1535 2602  344 1535 2602  504 1536 2461  961 1536 3183  896 3047 3048  435 1537 3047  593 1538 2519  80 1538 2519  991 3269 3270  496 2842 3269  1197 1540 4020  167 4019 4033  213 1541 1932  213 1932 2335  1346 1542 2711  421 1542 2711  1543 2828 3530  1049 1546 2828  1048 3620 3622  301 1546 3844  1545 3620 3622  416 1545 3622  1048 3621 3844  417 3021 3621  1048 1547 3621  135 1545 3620  467 1548 2829  840 1549 2112  612 1549 2112  570 1352 1550  196 1352 1550  690 2586 2703  404 1428 2803  1321 1515 1552  371 1321 1552  1320 1552 1553  120 1320 1553  937 3634 4044  157 1423 2198  1677 2804 4018  435 1988 4042  754 1556 1979  240 2337 2428  451 1557 2477  1038 2477 3719  518 1559 2274  1179 1866 2274  114 1846 2901  678 1560 2513  677 2188 3393  1561 2188 3393  1562 3132 3133  253 1562 3133  641 1999 2162  641 1563 1884  779 1565 3461  242 1640 2861  185 1565 3361  420 1268 2394  420 1566 2394  40 1568 1649  466 3556 3569  1568 1649 3086  1567 1649 3086  869 2208 3295  466 1569 3294  694 1570 2899  378 1570 2899  719 2228 3788  439 1420 2396  1572 2614 3568  684 1573 3207  1573 3207 3469  482 1422 2299  482 1574 2299  931 1575 3397  788 1265 2716  967 1867 3257  1576 1867 3257  1113 2467 2564  577 2467 2564  472 1162 1578  240 1162 1578  431 1579 3464  692 1816 2494  422 1580 3376  1580 3375 3376  673 2178 2246  673 1580 3075  1046 3055 3941  422 2118 3481  932 1688 3194  1089 2080 2597  129 2746 3375  129 1584 2557  763 2462 2463  450 3528 4141  611 1586 3348  845 1586 4067  64 1587 3542  1587 2777 3542  457 1667 3822  457 1589 2609  167 1589 4033  1516 4019 4033  801 3429 3430  1591 3301 3737  426 1591 3737  1404 2134 4281  231 1404 1592  984 1593 1666  507 1899 3682  595 1174 3313  595 1594 3313  225 1595 4021  907 3331 4021  647 1292 1749  647 1749 2039  1145 4111 4112  439 1597 4113  132 1598 3451  792 3405 3451  745 2070 2995  587 2070 2995  805 2617 4165  239 2275 2617  748 2341 2714  314 2164 2553  274 2341 2714  625 1496 2149  2012 3828 4123  660 1930 3720  21 1604 3420  1604 3187 4223  187 1730 3917  753 1956 3660  60 2911 3549  132 1481 3445  132 1607 3445  237 1410 2668  785 1608 2983  740 1609 2882  955 1609 3129  52 1574 1980  52 1610 1958  863 3182 4040  379 2719 3637  80 1190 2156  921 1897 4003  559 1613 2966  73 1613 2966  628 2201 3056  629 1759 1760  182 1615 3290  1323 2365 3290  863 2554 4040  547 1616 2554  627 1618 1710  1618 1710 3363  1618 3189 3318  444 1618 3189  1619 2358 3203  94 2402 2849  248 1620 3713  525 1620 3713  509 1879 4062  1026 3081 3869  506 1622 3081  171 1623 2218  965 1624 3936  1041 2234 3675  1041 1625 1627  431 1579 3087  431 1626 3087  966 1842 3635  884 1948 3029  633 1629 2939  345 1629 2939  1630 2836 4063  63 1630 3039  1341 2036 3850  1631 2036 3850  795 2311 2945  2311 2945 3800  204 1633 3065  445 1632 2311  1634 3248 3250  445 1634 3250  658 1635 2584  287 2392 2633  1189 3416 3794  43 1636 3929  333 1839 4273  886 2816 3100  453 1638 2547  775 1664 2547  1065 1639 3928  1640 2861 3185  1230 2859 3185  1426 1641 3492  455 1426 1641  1037 3369 3926  455 1642 3369  176 1643 3484  1643 2289 3484  1644 1645 3538  1434 1645 3538  1645 3528 3529  159 1645 3529  691 1646 3365  400 1646 3365  799 1973 3665  799 1761 3477  196 1352 1648  1304 1648 3028  465 1649 2993  742 2169 2199  311 2684 3893  169 1272 2548  791 1651 3410  438 1495 4148  438 1652 4148  952 3057 3752  1653 3174 4245  1654 1655 3589  1655 3589 4043  357 4043 4246  1655 4043 4246  784 1656 2975  400 1656 2975  393 1267 1657  546 1267 1657  1295 2535 2536  1002 3783 3785  286 1659 2524  642 1659 2524  933 3511 3512  487 1660 3511  998 3042 3779  1661 3042 3779  36 1662 2167  1662 2166 2167  491 1663 2270  57 1663 2270  650 2249 2475  650 1782 2143  402 1665 2869  709 1665 2869  441 2681 3221  441 1666 2681  457 1668 2642  72 1668 3875  873 2901 3335  873 1847 3340  653 1670 3184  856 1670 3999  877 1737 3325  567 2614 3564  567 1671 2360  567 1672 2360  1673 3605 4011  773 1820 2926  378 1384 1674  1384 1674 2071  827 1675 3125  238 2338 3127  1064 1676 1986  771 2804 4018  253 1677 4018  204 1633 1678  871 1633 1678  479 1679 1808  1173 2709 4301  89 1680 2710  1681 2000 3567  474 1681 2000  1682 1879 4062  509 1621 4062  172 1683 3726  581 1683 3726  722 1684 3032  452 1532 3010  1026 3081 3113  25 1686 1786  1240 1687 2455  702 2135 3662  932 2596 3195  500 1688 3194  1525 3159 3624  210 1525 1689  679 2232 3393  679 1690 2400  674 1526 2286  145 1526 2286  553 2066 4022  70 1692 2067  718 1745 3046  718 2170 2384  1102 2922 4083  594 1738 2245  163 1461 2950  163 1695 2752  273 2721 2722  495 2050 3263  387 1697 2867  711 1697 2867  850 1698 2265  458 1389 3134  867 2101 2116  263 1699 2101  574 1700 1772  189 1700 1772  1681 1701 2991  474 1681 1701  474 1701 2990  474 1702 2990  656 1703 2074  214 1703 2074  1704 3059 3812  322 1704 3059  583 1705 2659  1344 2120 2659  721 1706 3708  114 3336 3708  772 2643 2795  432 2638 3243  107 1708 3641  107 1349 1708  649 1430 1709  230 1430 1709  201 1710 4290  627 1710 4290  1345 1933 2488  549 1711 2488  942 3051 3276  501 1713 3602  501 1752 2539  689 2425 3251  1087 2213 2518  689 2424 2425  713 1715 2528  469 1716 3704  2214 3704 3705  469 1287 1717  1287 1717 2817  553 3240 4251  202 1718 3240  46 1719 2417  1719 2417 2457  1035 1720 3803  460 1720 3803  1721 2324 2457  222 1721 2324  1235 2091 4002  1722 2091 4002  1328 1723 3738  916 3196 3770  164 1292 1724  538 1292 1724  555 1540 1725  167 1540 1725  418 1465 1726  957 1465 1726  993 2214 3705  1728 3518 3677  1728 3518 3519  468 1728 3519  974 1729 3680  468 3281 4129  1453 1730 2321  461 1453 1730  734 1731 3181  81 1731 3181  486 1497 3859  486 1732 3859  702 2135 3191  215 1733 3191  631 1734 3613  158 1734 3613  935 2777 3542  464 1736 3534  936 3533 3534  141 1736 3533  877 1477 2774  179 1737 3325  77 2651 4082  77 1738 2245  99 1739 2511  1740 2099 3814  1349 2099 3814  810 3072 3073  485 1742 3072  810 2785 3072  58 1405 2785  608 2259 3709  85 1743 2259  814 2873 3050  141 1744 2873  939 3573 3574  718 1745 4106  763 1585 3403  763 1746 3403  773 2487 4085  233 1747 3730  776 1748 3077  372 1748 3077  443 1596 2039  443 1749 2039  858 1750 3221  2118 3222 3342  1752 2539 4102  501 1752 3232  501 1713 3396  1753 3143 3144  84 1753 3143  35 1796 3358  780 2757 2942  696 1755 3554  447 1755 3554  47 1334 1756  1757 3672 3741  49 1757 3741  134 1758 2195  449 1758 3805  127 1417 3218  127 1760 3218  628 1760 3166  628 2201 3166  55 1528 1788  436 1528 1761  462 1762 4283  936 3532 4283  842 1442 1763  54 1442 1763  245 1764 3913  1765 3105 3346  964 1765 3731  968 1768 3648  144 1995 3647  144 1767 3176  744 1603 1767  868 1686 4167  252 1768 2956  1144 1769 4054  565 1770 4052  1144 4052 4053  1770 4052 4053  471 3163 3449  471 1771 3163  638 1772 3284  189 1772 3284  277 1773 3190  887 3095 3096  710 1774 4107  1260 2620 4107  1073 2733 3679  519 1775 4023  250 1233 1776  519 1233 1776  755 1875 3199  755 1967 4184  753 1778 3338  428 1778 3338  992 2270 2924  1779 2924 3404  1780 3142 4150  994 1779 4150  257 1781 2294  750 2689 3419  235 2143 2588  650 2143 2588  1783 3618 3646  252 1783 3618  318 1784 3582  1784 3037 3582  1381 1785 3020  1785 4170 4280  660 1930 2333  951 1786 1930  620 1787 3216  620 1787 1923  1528 1761 1788  477 1761 1788  1478 1789 2549  55 1789 2549  1210 1790 3000  278 1790 3000  1160 2788 3478  116 1160 1791  483 1792 3727  1113 1886 3727  0 2502 2851  122 1918 4078  475 1478 3608  906 2364 3374  122 1918 3193  895 3346 3358  396 1765 3346  806 1679 2386  479 1679 2386  864 1611 3278  864 2658 3230  799 1837 3023  1799 1837 3023  796 2093 2962  437 2092 2093  1801 2186 4287  1331 2186 4287  35 1754 3400  35 1802 3400  768 2728 2786  138 1879 2787  139 1804 3064  964 2498 3064  664 2498 2726  347 1517 3759  576 2158 2520  480 1806 2158  115 1807 1824  115 1800 2962  1679 1808 2491  106 1808 2491  787 1809 3160  339 1809 3160  1810 3408 3597  954 2344 2524  650 1782 2249  1811 2249 2475  494 1812 3112  489 1813 3383  299 1813 3079  1814 1971 3482  147 1814 1971  918 2740 2764  291 2740 2764  530 1816 1851  692 1816 1850  1157 2671 2781  414 2671 2781  640 1818 2629  288 1818 2629  1819 4111 4112  87 1819 4112  376 1820 4297  1820 2926 4261  723 2606 4307  723 2680 4307  497 1822 4065  497 1823 4064  1188 2084 4064  1823 2084 4064  1824 3242 4209  497 1824 3242  838 1825 3555  1826 2940 3370  562 1826 2940  972 2035 3610  244 2169 2630  764 1828 3994  764 2817 3444  331 1868 3584  855 1829 1951  718 2216 4106  92 1830 4106  97 2390 3437  105 1379 2427  658 2392 2393  1351 2916 3071  626 1351 1833  945 1624 2933  1835 2161 4194  2161 3177 4194  154 1369 3236  154 1836 3236  761 1837 1973  137 1801 2186  616 1838 3491  1838 1942 3491  503 1423 2198  1097 3179 3634  488 1784 3037  943 2439 3580  103 1472 2794  103 1841 2480  1842 2912 2967  966 1842 2967  909 1843 2997  909 1843 1960  1844 4303 4305  523 1844 4305  1181 2136 3041  1845 2136 3041  1560 1846 2513  579 1560 1846  1181 2136 2449  750 2136 2689  619 1848 3625  295 3906 4250  1194 2242 2559  200 1850 2336  258 1371 1851  530 1851 1852  1371 1851 1852  401 1371 1852  1547 1853 3495  135 1547 1853  578 1855 2677  578 1854 2348  174 1938 3097  174 1855 3097  74 1278 2800  74 1856 2800  1857 4109 4110  183 1857 4110  1103 1858 4108  552 1857 4109  1110 1859 3749  622 2315 3019  967 2660 3025  332 1953 2660  892 2287 3283  588 1863 3282  624 2250 2918  1451 2305 2918  630 2243 2456  588 1863 2456  741 1312 3509  216 1312 1864  281 2064 3496  585 1865 2064  1011 3825 3826  150 3683 3824  604 1311 1867  5 1311 1867  1146 3583 3584  429 1868 3583  829 3003 3425  174 1869 3425  760 2709 4301  525 1969 2656  1123 2964 2965  502 1871 4136  1123 2964 4136  62 2977 3224  1125 2707 4210  502 1873 4211  870 2200 2920  498 1876 2200  498 1875 3326  152 2954 4104  152 1876 4240  516 1226 1877  149 1226 1877  1819 2720 3421  87 1303 1878  509 1880 3068  509 1879 3068  1070 2350 3842  509 1881 3841  509 1621 2657  509 1881 2657  514 1195 1882  158 1195 1882  64 1883 4289  514 2579 4270  513 1884 2563  513 1301 2054  767 2853 2986  513 1885 2853  987 2026 3339  483 1793 3308  1887 3615 3616  532 1887 3616  1156 4272 4274  18 1524 4272  715 1812 1889  494 1812 1889  416 1890 3837  95 1890 3904  726 1891 3656  380 3559 3656  1685 1892 2466  151 1892 2466  1893 3640 3734  285 1893 3734  736 2458 3167  160 1894 2772  747 2153 3031  747 2304 3587  1360 3566 4171  505 1896 3121  505 1612 1897  80 2156 3536  319 1898 3700  921 2409 2948  1899 3682 3683  1899 3683 3824  1126 1983 4156  6 1952 2592  613 1901 3292  318 1901 3292  1096 2724 2769  177 2724 2769  53 2400 3314  1211 1903 4144  844 1904 3902  667 2323 3392  668 1905 2323  732 1906 2296  756 1906 2296  902 3156 3157  59 1907 3156  1149 3165 4312  577 1938 4310  1085 2291 2326  224 2291 2326  1170 1910 4304  225 2910 4303  235 1664 2588  1664 2588 3293  737 1912 3685  265 1912 3685  816 2673 2674  2161 2733 4142  352 1226 1915  765 1915 2111  202 1916 3586  1916 3586 4031  1521 2108 4125  173 1521 1917  526 1918 3463  526 2108 4125  798 3022 3460  265 1919 3022  156 1949 2359  520 1920 1949  955 2618 3807  82 1921 3129  205 1922 4025  205 1247 1922  87 1923 3210  517 1923 3210  1079 4004 4005  538 1924 4004  897 2935 3306  279 1925 3307  824 1814 3383  2051 2913 4130  1112 2934 3751  207 2348 4014  819 1929 3755  1929 3861 3899  1786 1930 2333  1963 2824 3720  696 2227 3063  113 2227 3063  549 1299 2278  549 1932 2278  549 1299 1933  375 1299 1933  2023 3711 3820  1935 2728 2786  424 1935 2728  903 1936 3516  657 1709 1937  230 1709 1937  174 1938 4311  174 2272 4311  939 3136 3575  275 1762 3573  1011 1983 3825  1012 1940 4291  1121 2988 4213  317 2262 3792  1116 1942 3490  464 1943 3663  935 1943 3663  76 1492 1944  656 1492 1944  1012 3839 3840  521 3575 3839  1012 1946 3839  92 1946 2363  156 1947 3687  156 1949 3687  32 1948 3896  976 1949 3687  520 1950 3688  935 1950 3541  520 1587 2777  331 1951 3380  665 1951 3380  1952 2660 3995  1952 2592 3470  1953 2660 3995  522 1953 3995  1013 1945 3802  156 1954 3801  224 1909 3540  224 1955 3540  753 1956 2911  1957 3744 3745  332 1957 3745  602 1958 2521  1114 2889 4181  1077 3543 4058  524 3303 4059  1496 2149 3524  1960 2149 3524  680 2371 2372  212 2371 2898  1603 2215 3409  1962 2215 3409  535 3409 3828  535 1963 2824  704 2175 3316  704 2210 3316  1316 1965 2440  1225 2891 3427  1104 4134 4135  1104 1966 2922  1967 4134 4135  531 1967 4135  1968 2732 2972  190 1968 2732  247 2312 2709  247 1969 2709  1103 2679 4110  594 1970 2679  670 1971 3219  147 1971 3219  1333 2581 2624  1130 1972 3091  248 1620 1973  761 1620 1973  389 1974 2251  605 1974 2251  837 2353 4233  243 1241 2955  830 2306 3514  542 1976 3514  217 1977 2738  607 2500 2738  1289 2159 2771  601 1978 2771  320 1979 2758  754 1979 2758  52 1958 1980  1114 1958 1980  1598 3267 3406  1010 3267 3406  284 1982 3051  1338 3258 3260  507 1899 1983  1011 1899 1983  1910 3331 4021  427 1595 3330  742 1985 2684  446 1676 1986  1016 3445 3694  145 1229 1987  546 1229 1987  771 1988 4042  771 1988 3645  973 3037 3582  973 2075 3855  90 2353 4233  739 2748 3101  765 1841 1991  103 1841 1991  781 2435 2763  537 1992 2980  804 2862 4185  537 1376 1993  37 1642 1994  833 1642 1994  968 1995 3647  492 1783 3646  449 1680 3390  449 1996 3390  554 1935 2786  554 1997 2786  1152 1998 4220  1152 4188 4189  413 1434 1999  641 1434 1999  474 2889 4181  474 2000 4181  288 1818 3426  288 2001 3426  670 2501 3219  1977 2500 2738  2003 3693 3695  428 2003 3695  912 2004 2963  470 2004 2963  57 1663 2005  832 1843 2997  272 2006 4193  272 1376 2784  2007 4097 4098  329 2007 4098  1090 2293 4001  539 2007 4097  326 2009 3423  326 1244 2009  586 2010 2561  586 2285 2561  541 1469 2011  176 2017 2731  535 3828 4123  2012 3828 3829  1125 1871 2013  572 2707 4210  868 2956 4167  616 2014 3262  181 2015 3394  181 2021 3394  928 1720 3465  928 2016 3465  751 2731 3722  2038 3510 3722  1467 2150 3834  74 1856 2150  382 1391 2672  124 1391 2019  1398 2019 2020  381 1398 2020  615 2022 3489  615 2021 3489  1934 2022 3489  69 1934 2022  1091 3710 3711  223 2023 3710  1108 2024 4161  542 2636 4160  663 1888 2025  663 1306 2025  666 2502 2851  593 1214 2027  184 2807 4079  368 1214 2028  593 1214 2028  162 1356 2029  544 1356 2029  544 1167 2030  111 1167 2030  1167 2031 2300  544 1167 2031  1014 3828 3829  489 1814 3482  845 2033 4067  246 2033 4067  897 2334 2935  573 2034 3306  972 1985 3486  972 2035 3486  419 2509 3669  1341 2036 4119  970 2037 3666  321 2673 2691  541 2011 3510  541 2038 3510  1596 2039 4234  2039 2938 4234  823 2040 3698  436 2040 3698  1827 2041 4216  244 1827 2041  1071 2104 3531  2042 2104 3531  1487 2043 3827  560 2043 3827  1109 2610 4163  168 2044 4164  872 1418 2532  548 2060 2871  887 3070 3096  277 2046 3095  1566 2047 2394  186 1566 2047  875 1521 3302  875 2048 4309  130 1265 2049  130 2049 4035  731 2050 3264  731 2754 3264  536 2913 4130  1022 2051 4130  929 2001 2251  50 3013 3286  513 2054 2563  1201 2054 2563  899 2499 3013  900 2649 2650  1505 1623 3789  730 2057 3729  423 2057 3729  529 2058 3731  963 3606 4017  2059 3182 4040  256 2059 3182  163 2060 4145  2060 2871 4145  111 2061 4314  969 2061 2884  547 1616 2062  1295 2062 2102  2063 2632 3080  585 2063 2632  281 1499 2064  585 2064 2065  1499 2064 2065  442 1499 2065  2066 2067 3673  1692 2067 3673  1313 2067 3565  70 1313 2067  112 1862 2068  624 1862 2068  341 1180 2271  186 2069 3002  745 2844 3285  745 2070 2762  1959 3543 4058  550 2071 4056  312 2817 3444  550 2072 4055  550 1674 3135  550 2073 3135  800 1998 2074  214 1998 2074  962 2075 3643  534 2154 4178  556 1537 2076  791 3007 3008  372 2077 3547  819 2077 3547  878 1222 2078  111 2061 2884  1876 2079 3448  152 1876 2079  329 1238 2080  1238 2080 2342  361 1237 2342  218 1237 2081  1117 2082 3696  2082 2812 3696  873 2083 3796  430 2083 3796  555 1389 2084  236 1389 2084  571 1184 2085  323 2267 4093  828 1263 2585  238 2086 2919  2031 2087 4007  599 2087 4007  1975 2088 3525  243 1975 2088  901 1750 3356  901 2089 3599  934 2151 2996  934 2106 3443  1264 2952 3035  822 2952 3035  668 2322 2685  668 2092 2093  437 1800 2093  1800 2093 2962  683 2460 4183  2206 2522 3657  570 1819 4111  570 1319 2095  867 2101 2682  623 1699 2101  423 1448 2098  1045 1448 2098  294 1256 2098  423 2098 2844  659 1592 2099  231 1592 2099  808 2415 2611  327 1314 4094  623 2096 2682  623 2101 2682  547 2102 4028  1083 2102 4028  124 1398 2670  812 2103 2755  2104 2369 3645  71 2104 2369  78 1178 2105  561 1178 2105  901 2403 3599  255 2106 3241  1297 1924 2107  538 1924 2107  526 2108 3463  906 2108 3463  798 2109 2994  364 2109 2994  2110 4168 4169  559 2110 4169  1915 2111 4285  1228 2111 4285  1096 2262 2724  612 2262 2724  728 2113 3350  1058 1628 2189  1058 2114 2189  261 1511 2115  645 2116 4260  1118 2207 2411  263 2207 2411  173 1293 3120  1293 2117 2821  1582 3055 3481  422 3055 3481  107 2119 2361  1142 2141 4299  583 1345 2120  375 1345 2120  1180 2271 3002  591 1180 2121  591 2122 3702  282 3233 3523  341 1178 2330  78 1178 2123  172 1259 3726  362 1259 2124  123 1198 2745  123 2125 2745  595 1174 2126  1174 2126 2182  571 2127 4159  974 2127 4159  1076 2128 4072  390 2062 3296  652 2129 2973  232 1402 2367  652 1505 2130  233 1505 2130  856 1670 2881  618 1446 3225  618 1296 2132  407 1296 2132  409 1424 2133  1241 2133 3261  426 2134 4281  981 1484 3155  512 1757 2135  1757 2135 3662  579 1847 2689  579 2136 2689  203 2137 4013  689 2137 4013  746 2139 3821  223 2139 3821  734 1731 2612  1731 2612 3450  613 1902 2140  177 1902 2140  1142 1989 2780  107 2141 4299  758 1554 3595  425 1554 2142  235 2143 3581  1748 2928 3581  277 2046 4137  277 2144 4137  787 1172 2145  391 2880 4153  730 2486 3550  1498 3235 3550  1931 2147 3833  113 1931 2147  287 2148 2633  766 2392 2633  625 2149 2693  274 2149 2693  74 2018 2150  2018 2150 3834  78 2151 4244  934 2151 4244  646 2152 3679  241 2152 3679  510 1895 3587  1895 3587 3588  962 2154 4178  316 1370 3644  933 2421 3513  1660 3512 3811  1612 2156 3536  582 1612 2156  582 1310 2157  370 2667 4061  2158 3165 4312  480 2158 3165  805 2801 3777  179 2159 3777  1092 3628 3629  564 2160 3005  1914 2733 4142  16 1914 4142  216 2162 3517  1563 2854 3517  2163 2698 3790  732 1906 3790  490 1171 2164  1171 2164 2501  859 1416 2165  403 1416 2165  1133 1210 3000  447 2166 3810  1152 1998 4189  1152 1493 2167  438 2168 3843  699 2168 3843  972 1985 2630  742 1985 2630  242 1693 2384  718 1693 2384  2171 2280 4195  592 2171 4195  89 1446 2172  632 1446 2172  846 2944 2979  632 2173 2979  1177 1680 4103  632 1177 2174  704 2175 3211  1191 2349 3211  1249 3815 3816  597 1249 2176  369 1247 2664  205 1247 2177  1019 2178 3415  1699 2179 2460  178 2179 2460  596 1174 2180  96 1594 3313  596 1169 2181  285 1169 2181  2182 4116 4117  319 2182 4117  988 3070 3298  574 1957 3744  1362 2512 3603  595 2184 3604  511 1386 2185  912 1414 2847  137 1837 2186  761 1837 2186  407 1305 2187  407 1296 2187  633 1209 2939  1209 2939 4154  966 2189 2893  385 1628 2189  212 2190 2898  697 2190 2898  2326 2345 3659  2191 2438 3329  288 2192 4238  931 2876 3397  352 1226 2193  516 1226 2193  366 2194 3658  1670 2881 3658  611 1212 2195  1212 2195 3304  852 2196 3197  1283 2965 3089  631 1733 2197  215 1733 2197  157 2198 3045  835 2198 3045  742 2199 4008  465 2199 4008  498 1874 2200  1874 2200 2920  206 1614 3166  206 2201 3166  1298 2799 3056  403 1298 2202  411 1476 2204  1051 1476 2204  1309 3011 4138  1309 2204 2381  419 2036 4119  419 2205 2448  683 2094 3657  682 2206 2522  683 2522 2886  683 1699 2886  490 1171 2208  869 2208 3049  950 2512 3604  374 2459 3603  757 2848 3458  757 2210 2717  143 1460 3766  143 2211 3766  1211 1903 3122  349 1158 2550  203 2213 2600  629 2213 2600  992 2214 3704  1779 3404 3475  1183 2738 3202  217 2738 3202  589 2170 2216  718 2170 2216  532 1406 2644  957 3615 3616  171 2925 3418  706 1467 2219  1467 2219 2941  546 2220 3161  546 1267 2220  291 3069 3334  919 2221 2740  256 1372 2222  609 1372 2222  116 1160 2223  609 1160 2223  609 1160 2224  357 3478 4043  931 1575 2225  408 2471 3858  1764 2226 3619  2235 2608 4203  1486 4188 4189  1486 2309 3366  112 2068 2228  719 2068 2228  640 2229 2239  280 2229 2239  880 2643 2795  880 2230 2643  130 2231 2876  640 2231 2876  677 1454 2232  194 1454 2232  304 2233 4138  2233 3011 4138  924 1579 3464  924 2234 4176  701 2235 2608  2241 3627 4276  2236 3551 4047  610 2236 4047  557 1314 2237  969 2061 3309  885 1456 3279  885 2238 3279  280 2239 2890  280 1452 2890  913 2893 4313  913 2240 2619  701 2235 4276  701 2241 4276  530 1850 2336  530 2242 2336  234 1519 2243  630 1519 2243  221 1326 2244  594 1694 2245  1102 1694 2245  673 2246 3075  1581 2246 3075  907 2247 4090  81 2247 4090  849 2248 4223  590 2248 4223  650 1911 2475  298 1811 2249  770 1527 2250  410 1527 2250  389 2251 4068  2052 3592 4068  152 2252 4240  870 2252 4240  676 2253 3227  355 2253 3227  978 2129 2819  232 2129 2819  894 3252 3352  894 2255 4286  209 1175 2256  606 1175 2256  606 1175 2257  1175 2257 2904  606 2258 4039  606 3186 4039  1234 2259 4264  85 1234 2259  782 2560 3058  195 2010 2545  1235 2260 2261  351 1235 2261  612 2262 4212  612 2263 4212  1121 2263 4212  42 1705 2988  1501 2264 4152  397 1406 2264  193 1905 2265  850 1905 2265  847 1409 2266  1184 2267 4093  617 1184 2267  940 2268 2768  181 2268 3521  839 3143 3144  617 2268 2768  992 2924 3404  57 1716 3703  589 2069 3002  589 2271 3002  1149 2272 4311  576 2158 4312  401 1440 2273  756 1440 2273  1179 2274 2329  341 1559 2274  1115 2762 3845  239 2070 2762  77 1364 2276  635 1364 2276  635 1364 2277  1364 2277 2653  421 1541 2278  421 1299 2278  340 1845 3041  1182 1722 3772  254 2280 3438  759 2280 3438  406 1421 2281  874 2775 2916  740 2282 3706  395 2282 3706  189 1280 2283  637 1280 2283  630 1638 2284  83 1638 2284  586 1378 2285  1155 2285 2561  1691 2286 3652  674 1578 2286  815 2287 3017  815 2287 3671  569 1743 4010  569 2288 4010  1426 2289 2811  1000 2289 2811  285 1169 2290  568 1169 2290  684 1573 2291  1573 2291 3468  28 2292 2631  28 1427 2631  1090 2008 2293  153 2008 2293  257 1669 2832  257 2294 2832  1368 2295 2401  471 2295 3449  219 2296 2593  756 2296 2593  126 1382 2782  377 1382 2297  41 1262 2298  653 1262 2298  603 1980 2299  603 1422 2299  1151 2300 3838  621 1151 2300  1260 3052 3146  942 3052 3146  864 1798 2302  476 1798 2302  733 2442 2692  1277 2527 2692  736 2304 3690  510 2304 3690  1420 2305 4302  624 1420 2305  398 1508 2306  830 1508 2306  811 2755 2834  811 2307 2308  664 2308 2726  964 2498 2726  657 2227 3366  657 2309 3366  1093 2310 3818  412 1466 3819  1633 3065 3650  795 2063 3065  1331 2332 2757  247 2332 2757  900 3268 4277  797 2313 4277  622 2314 3287  1153 2316 3287  1110 3084 4131  49 2315 4131  178 1151 2316  622 1151 2316  9 2317 4239  9 10 2317  1431 2318 2598  1139 3386 4206  324 2191 2438  324 1236 2319  1514 2320 2478  895 3105 3346  849 2321 3187  849 3187 4223  796 2685 3991  236 2322 3991  2 2504 3043  668 2092 2323  648 1337 2324  222 2324 4284  443 1677 2325  831 1677 2325  324 2345 3659  1085 2326 3659  294 1256 3078  294 2327 3078  814 1640 2328  463 1640 2328  561 1178 2329  341 1178 2329  1178 2123 2330  591 2123 2330  746 1731 2331  81 1731 2331  1969 2332 4118  247 1969 2332  493 2333 3178  660 2333 3178  363 1283 2334  897 1283 2334  735 1336 2335  213 1336 2335  691 1646 2336  200 1646 2336  674 1578 2337  240 1578 2337  827 2744 3127  639 2339 2744  1128 2004 2339  470 2004 2339  1207 3472 3508  108 1207 2340  625 1602 2693  1602 2693 4096  1237 2081 2342  598 2081 2342  1141 3816 3835  627 3209 4249  954 2344 3436  286 2344 2524  1236 2151 3247  324 1236 2345  78 2346 3247  687 2346 3247  426 2347 3155  996 3301 3737  2348 2663 4014  749 2348 2663  927 3504 3505  704 1964 3504  1070 1880 2350  269 1880 2350  353 1223 2351  1223 2351 2357  1117 2857 3215  545 1975 3697  545 2353 3697  70 1475 2354  1246 2354 3198  789 1431 2598  789 2355 2447  1261 2351 2356  633 2351 2356  117 1209 2357  633 1209 2357  94 2358 3203  1005 3761 3762  1920 1949 2359  638 1920 2359  568 2290 2360  1671 2360 2377  1159 2119 2361  659 2361 2727  1099 2362 3483  322 2362 2822  1012 2363 4291  518 3360 4291  906 1795 2364  358 1795 2364  644 1361 2365  182 1361 2365  975 2366 3636  975 2366 2436  2367 2973 4146  762 2130 2973  367 1437 2368  367 1217 2368  771 1596 2369  71 2938 4234  105 1379 2370  1379 2370 2852  212 1961 2371  1961 2371 2372  230 1358 3758  680 1358 2372  399 1363 2373  399 1216 2373  367 1337 2374  648 1337 2374  636 1315 2375  1315 2375 2444  804 1531 2607  220 1531 2607  568 2360 2377  1289 3229 4294  1992 2980 3596  781 2378 3596  378 1674 2379  752 1674 2379  1013 1954 2380  522 1954 2380  1168 3085 3337  411 2381 3085  1185 2872 3312  1185 2382 2538  452 1684 2383  722 1684 2383  778 1564 2384  242 1564 2384  869 2385 3049  896 2385 3049  1318 1797 2386  806 2386 2719  1213 2718 3501  368 2718 3501  1169 2180 2388  96 2180 2388  117 1223 3034  353 1223 2389  610 2390 2391  610 1831 2390  536 1927 2391  536 1928 2391  287 1635 2392  658 1635 2392  658 1832 2393  105 1832 2393  590 2047 2394  21 1268 3420  642 2366 2395  1403 2366 2395  439 2396 3102  719 2396 3102  327 2100 2397  808 2100 2397  2398 2778 4293  1782 2778 4293  1122 2276 2399  601 2801 3503  845 1561 3314  1561 2400 3314  924 2401 4151  471 2401 4151  1469 2402 3762  970 2402 2849  901 2403 3667  2106 3241 3667  643 1443 2404  1443 2404 2879  210 1176 2405  643 1176 2405  1202 2404 2406  1202 2406 2637  1821 2407 3577  159 1884 2563  54 1395 2408  1395 2408 2571  319 2948 3700  921 2948 3700  677 1264 2410  677 1209 2410  1511 2411 4260  1118 1511 2411  342 1196 2412  1196 2412 3454  983 3631 3633  158 1734 2789  2414 3631 3633  661 2414 3633  226 2053 2415  808 2053 2415  368 2416 2718  902 2416 2718  648 1936 2417  648 2324 2457  1165 2209 4182  1165 2418 4182  499 3159 4037  499 1520 2419  519 1776 2420  1073 3679 4023  821 1742 3266  821 2421 3266  697 1164 3175  697 2422 3175  1164 2263 2423  42 2263 2423  203 1714 4013  1714 4013 4296  803 1450 2425  48 1450 2425  266 1769 4054  865 2586 2587  1832 2427 2992  754 2427 2992  240 1556 2428  754 1556 2428  548 2045 2429  1257 2429 2825  420 1268 2430  1047 2430 3978  153 2008 2431  908 2008 2431  980 2432 2499  1129 2432 3310  655 1721 2433  222 1721 2433  353 1261 2434  653 1261 2434  1082 2435 3808  781 2980 4076  863 2436 3014  1616 2554 3661  1351 2437 2775  1007 1504 3823  324 2438 3076  948 2438 3076  943 1840 2439  488 1840 2439  1452 2890 2936  914 2890 2936  136 1494 2441  733 1494 2441  2303 2442 2692  308 2303 2442  998 2171 2443  592 2171 2443  694 1234 2444  351 1234 2444  353 1262 2445  695 1262 2445  1302 3180 4074  663 1302 2446  790 1449 2568  790 2447 2568  1136 2448 3201  1341 2448 3201  750 1781 2877  750 2449 2877  153 1438 2450  1438 2450 3285  439 1571 3102  229 1571 2451  1370 2452 3324  996 2452 3323  850 2322 2453  236 2322 2453  514 1373 2454  637 1373 2454  409 1425 2455  702 1425 2455  1312 1864 2456  588 1864 2456  460 1721 2457  460 1719 2457  747 1541 2458  213 1541 2458  374 2459 3629  374 2505 3629  178 1463 4183  178 2460 4183  340 2461 3772  1536 2461 3183  758 1873 2462  502 1873 2462  763 1585 2463  228 1585 2463  727 2465 2820  388 1187 2464  727 1685 2465  251 1685 2465  727 1360 2466  151 1360 2466  1577 2564 2676  1113 3727 4292  1344 2468 4190  375 1344 2468  211 2469 3681  671 2469 3681  2470 4050 4258  1154 2470 4258  788 1575 3858  788 2471 3858  384 1394 2472  662 2472 2473  1394 2472 2473  123 1394 2473  490 2208 3049  490 1339 2474  494 2475 3691  494 1811 2475  1343 2691 3733  271 1343 2476  66 1558 3946  451 1558 2477  963 2058 2478  529 2058 2478  323 2479 2957  1010 2479 2957  686 1841 2480  1218 2480 2543  232 1402 3764  380 1402 2481  886 1637 2813  995 2814 4226  43 2483 3725  2483 3402 3725  789 2598 2974  789 2447 2974  730 2485 3235  272 2485 3235  2146 2486 3550  33 2146 2486  1747 2929 4085  373 2929 4085  1345 2488 2809  168 1711 2488  211 1413 3681  1413 2489 2493  1243 2344 3436  113 1243 2490  671 1210 2491  106 1210 2491  672 1413 2492  211 1413 2492  672 1401 2493  346 1401 2493  1626 2494 3087  101 1626 2494  698 1350 3153  699 1350 2495  2168 2496 4177  699 2168 2496  347 1805 2497  664 2498 4092  139 1805 4092  139 2498 4092  899 1635 3253  899 2499 3253  607 2002 2500  670 2500 2501  2002 2500 2501  314 2002 2501  987 2026 2851  666 2026 2851  358 1273 3446  1 1273 3447  667 2323 3043  667 2504 3043  2505 3628 3629  675 2505 3628  1857 2506 2776  183 1857 2506  866 2507 3280  866 2586 2587  1199 2282 2508  395 2282 2508  335 2484 3108  1138 2484 3108  269 1880 2510  768 2787 3068  99 2511 3381  2184 2512 3604  184 2184 2512  721 1523 3708  678 1523 2513  678 1523 2514  359 2514 3520  961 3497 3498  678 1560 3497  690 1551 2516  86 2516 3248  404 1551 2517  690 1551 2517  690 2518 2703  866 2586 2703  921 1897 2519  80 1897 2519  51 1393 2520  576 2520 3775  481 1610 2521  481 1621 2521  2207 2522 2886  682 2207 2522  1465 2523 3724  821 1242 2523  954 2524 3408  642 2524 3408  488 2525 3712  881 2525 3712  700 1424 2526  118 1424 2526  391 2527 3061  391 1277 2527  1301 1885 2528  713 1301 2528  712 1485 2602  713 1485 2529  713 1485 2530  206 1485 2530  334 2531 3846  1135 3036 3846  872 2045 2532  416 2045 2532  765 1991 2533  415 3082 3476  501 2534 3232  1239 2534 3232  705 1658 2535  1658 2535 3502  952 1653 3174  705 2537 2798  952 2798 4100  290 3231 4256  710 1259 2538  172 1259 2538  501 2539 3602  1027 2539 3602  809 2732 2972  382 1392 2541  1393 3775 3776  1228 2542 3545  1228 2542 2729  686 1337 2543  367 1337 2543  1319 1550 2565  1075 2940 3830  195 2260 2545  782 2545 2560  989 2359 2546  638 2359 2546  83 1638 2897  1638 2547 2897  1567 2548 4139  1272 1567 2548  737 1528 2549  55 1528 2549  349 2212 2550  1211 2212 2550  915 2551 3196  1619 3203 3288  391 2552 4153  1809 2880 4153  314 1601 2553  748 1601 2553  128 2436 2554  863 2436 2554  1288 1970 4121  1970 2555 4121  986 1892 2556  151 1892 2556  558 2090 2557  904 2090 2557  44 2558 4265  2558 3457 4265  131 1441 2559  691 1441 2559  2260 2545 2560  608 2260 2560  2010 2545 2561  782 2545 2561  198 2288 3058  198 2562 3058  159 2407 2563  1201 2407 2563  356 1886 2564  1113 1886 2564  1387 1550 2565  562 1387 2565  905 2226 2566  387 2226 2566  950 2209 2567  528 2209 2567  264 2568 2799  860 2568 2799  1266 2408 2569  693 2408 2569  693 1374 2570  202 1374 2570  384 1374 2571  693 1374 2571  355 2253 3149  355 1233 2572  636 1281 2573  1281 2573 2575  1315 2573 2574  197 2573 2574  695 1383 2575  197 1383 2575  694 1570 2576  1570 2576 4229  695 1262 2577  41 1262 2577  377 1383 2578  695 1383 2578  1143 2579 4270  342 2579 2843  1204 2580 4225  1204 2580 4027  1972 2581 3091  707 1972 2581  342 1333 2582  707 1333 2582  1132 4173 4198  110 2682 4199  360 2499 3253  1407 2666 3462  2086 2585 2919  571 2086 2585  690 2516 2586  2516 2586 4132  865 2426 2587  266 2426 2587  650 1911 3293  650 2588 3293  700 1388 2589  215 2197 3452  1388 3452 3656  700 1388 2590  409 1424 2591  700 1424 2591  6 1900 2592  1126 2592 4156  927 2273 2593  756 2273 2593  875 1521 2594  454 1521 2594  837 1990 2595  1990 2595 2747  329 2596 2597  932 2596 2597  1089 1583 2597  932 1583 2597  2484 2598 2974  335 2484 2598  789 1431 2599  262 1431 2599  857 1614 2600  629 1614 2600  127 1417 2931  403 1417 2601  1485 2529 2602  344 2529 2602  723 1535 2603  344 1535 2603  712 1535 2604  1535 2604 2606  206 1485 2605  712 1485 2605  723 1821 2680  109 3715 4046  891 1498 2607  804 1498 2607  387 2226 2608  1215 2226 2608  626 2437 2609  1007 2437 2609  1109 2044 2610  560 2044 2610  808 2100 2669  808 2611 2669  655 2139 3450  655 2612 3450  1203 4025 4224  1203 1377 2613  877 2614 3564  877 1477 2614  999 1773 3107  373 2615 3763  819 1291 2616  276 1291 2616  1600 2687 4165  805 2687 4165  762 1921 3807  762 2618 3807  17 1325 3949  362 1259 2620  710 1259 2620  710 2621 3012  388 2621 3012  882 1732 2622  142 1732 2622  464 1736 2628  141 1736 2623  708 1491 2624  199 1491 2624  64 1735 2626  464 1735 2625  1735 2625 2626  708 2625 2626  1429 2627 2931  1054 1330 3754  1736 2623 2628  711 2623 2628  931 2192 2629  288 2192 2629  244 1827 2630  972 1827 2630  2292 2631 4255  709 2631 4255  584 1865 4255  585 1865 2632  649 2148 3151  2148 2633 3151  743 2140 2634  177 2140 2634  240 1162 2635  743 2987 3411  1108 2636 4160  325 2110 4168  1094 2637 3488  1094 2435 2763  302 1627 3932  432 1627 2638  1167 2300 2639  621 2300 2639  381 1397 2640  720 1397 2640  272 1376 2641  804 1376 2641  457 1667 2642  1036 1667 2642  280 1452 2643  1452 2643 3244  532 2217 2644  1405 2217 2644  919 2646 2661  208 2645 2646  919 2221 3612  919 2646 3612  1523 2514 3520  721 1523 2647  532 1419 2648  532 1406 2648  287 2148 2649  797 2148 2649  900 2650 4243  899 2650 4243  2651 4082 4083  725 2651 4083  218 1967 4134  218 2652 4134  725 1237 2653  361 1237 2653  885 2616 2654  276 2616 2654  1008 2655 3303  909 2655 2997  525 1870 2656  760 2656 2710  602 2657 3387  602 1621 2657  56 1798 3230  864 1798 3230  42 1344 2659  42 1705 2659  332 1860 3025  332 2660 3025  720 2661 4009  208 2661 4009  405 2662 3254  1409 3011 3435  1577 2564 4143  749 1577 2663  1247 2177 2664  597 2177 2664  436 1528 2665  737 1528 2665  1407 2584 2666  360 2584 2666  1310 2667 4061  783 1310 2667  1608 2668 2983  783 1608 2668  878 1222 2669  268 1222 2669  2103 2383 2670  722 2383 2670  414 1282 2671  414 1817 2781  1391 2019 2672  580 2019 2672  2673 2691 3733  816 2673 3733  816 1913 2674  270 2674 3431  958 1853 2675  135 1853 2675  577 1938 2676  749 2677 3097  578 2348 2677  749 2348 2677  458 1668 2678  72 1668 2678  1103 1694 2679  594 1694 2679  334 1821 2680  1136 2680 3201  1056 1445 2681  867 2682 2865  867 2865 3389  248 1647 2683  823 1647 2683  311 1650 2684  742 2684 4008  668 2093 2685  796 2093 2685  756 1440 2686  27 1440 2686  515 1737 2687  805 1737 2687  1094 2435 3808  573 2034 3488  257 1847 3419  1847 2689 3419  296 1874 2920  321 2037 2691  970 2037 2691  1018 1277 2692  1018 2303 2692  2341 2693 4096  274 2341 2693  926 1512 2694  1147 2194 2695  366 2194 2695  2696 2741 3391  74 2696 3391  219 2296 2697  732 2296 2697  191 1213 2698  732 2387 3501  621 1151 2699  178 1151 2699  228 1432 2700  724 1432 2700  83 1533 2701  724 1533 2701  724 1432 2702  413 1432 2702  203 1714 2703  203 2518 2703  350 2704 4271  350 2991 3333  735 1613 2705  73 1613 2705  726 1891 2706  1891 2706 3560  1125 1873 2707  157 1873 2707  1838 3262 3767  868 3262 3767  1969 2656 2709  760 2656 2709  1870 2656 2710  89 1870 2710  1299 1346 2711  421 1299 2711  711 1491 2712  1300 2235 4203  875 2713 4309  875 1390 2713  1601 1843 2714  274 1843 2714  788 1657 2715  546 1657 2715  788 1575 2716  130 1575 2716  219 2697 2717  922 2697 2717  1213 2718 2761  902 2718 2761  1318 2386 2719  379 1318 2719  620 2720 3421  620 1352 2720  925 1696 2722  273 1696 2722  1512 2721 2722  1512 2722 3265  2537 2798 4100  290 2537 4100  177 2112 2724  177 1902 2769  207 1317 2725  610 1317 2725  2058 3606 3623  348 2308 2726  1159 2154 2727  316 2154 2727  138 1803 2787  424 1803 2728  734 2433 2729  222 2433 2729  352 1227 2730  734 1227 2730  1815 2017 2731  751 1815 2731  809 2540 2732  190 2732 3378  1073 1914 2733  646 2733 3679  1384 2734 2736  378 1384 2734  377 1382 2735  729 1382 2735  729 1382 2736  126 1382 2736  1383 2735 2737  729 2735 2737  217 2215 3202  607 1183 2738  200 1771 2739  1579 1771 2739  291 2221 2740  291 1815 2764  720 2661 2741  919 2661 2741  460 2742 3274  460 1721 2742  361 2277 2743  361 1238 2743  639 2338 2744  2338 2744 3127  581 2124 2745  1198 2124 2745  129 2960 3471  1580 2746 3375  739 1506 2747  392 1506 2747  1506 2748 2790  739 1506 2748  739 1990 2749  90 1990 2749  376 2750 4297  1271 2750 4297  1109 2110 2751  559 2110 2751  1695 2050 2752  731 2050 2752  731 1508 2753  398 1508 2753  313 2754 3265  313 3205 3522  124 2755 4133  811 2755 4133  555 1188 2756  155 3567 4066  1331 2942 4287  1331 2757 2942  1379 2427 2758  754 2427 2758  644 1361 2759  565 1303 2783  902 1522 3157  1069 1213 2761  1069 2760 2761  902 2761 3156  239 2275 3845  239 2762 3845  781 2378 2887  781 2763 2887  540 2018 2764  918 2018 2764  82 2706 4179  82 2765 4179  1314 2766 4094  1120 2766 4094  839 1783 2767  252 1783 2767  617 2269 2768  839 2269 2768  1095 3480 3527  1096 2769 3527  1150 2770 3281  974 2770 3281  365 2850 3229  365 1978 2771  350 1206 3208  160 1206 2772  2033 2773 2797  345 2773 2797  877 1737 2774  515 1737 2774  874 2281 2775  406 2281 2775  675 2506 2776  675 1334 2776  520 1950 2777  935 1950 2777  24 1480 2778  776 1480 2778  725 2652 2779  1102 4082 4083  1142 2141 2780  614 2141 2780  673 2178 2781  1157 2178 2781  1382 2297 2782  625 2297 2782  1303 2759 2783  644 2759 2783  272 2784 4193  1080 2784 4193  58 1742 2785  1742 2785 3072  1997 2510 2786  768 2510 2786  1803 2728 2787  768 2728 2787  1160 1791 2788  484 1791 2788  158 2413 2789  983 2789 3633  241 1775 2790  738 1775 2790  392 1506 2791  738 1506 2791  894 3140 4286  1482 3252 4081  1138 4045 4046  790 2793 4045  103 2480 2794  1218 2480 2794  772 1707 2795  133 1707 2795  432 1707 2796  772 1707 2796  846 1629 2797  345 1629 2797  705 2536 2798  952 2798 3174  860 2201 3056  860 2799 3056  829 3018 3382  1278 3018 3382  1122 2617 3503  805 2617 3503  41 2577 2802  1146 3585 4036  404 2517 2803  1087 2517 2803  1596 1677 2804  771 1596 2804  538 1342 2805  538 1292 2805  1323 2507 2806  266 2507 2806  1362 2512 2807  184 2512 2807  1539 3269 3270  1137 2808 3831  1099 2044 2809  168 2044 2809  600 1529 2810  600 1286 2810  338 1426 2811  1467 2941 3485  386 1324 2812  575 1324 2812  995 2482 4226  17 2482 2813  276 2654 3100  276 2814 3100  276 1291 2815  884 1291 2815  886 1637 2816  333 1637 2816  1078 2072 3444  312 2072 3444  143 1460 2818  764 1460 2818  794 1904 2819  978 1904 2819  1066 2820 3877  1187 3982 4321  1166 2821 4214  543 2041 4216  1099 2809 2822  583 2809 2822  1077 2071 2823  126 2071 2823  660 2824 3720  660 1603 2824  548 2060 2825  2060 2825 3359  254 1242 3438  418 1465 3724  1462 2827 3009  645 1462 2827  1049 2828 3291  1032 1654 2829  1548 3689 3799  442 1499 2830  1039 1499 2830  911 2295 3320  54 1266 3319  1005 2832 3760  1005 1669 2832  2833 3172 3747  566 2833 3172  811 2308 2834  348 2308 2834  124 1391 4133  382 1391 2835  905 1269 2836  463 1269 2836  1375 2601 2837  403 2601 2837  2838 4227 4228  752 2838 4228  2073 2839 3135  165 2073 2839  412 1466 2840  746 1466 2840  821 1242 2841  254 1242 2841  555 2756 2842  1539 2756 2842  1143 2626 2843  708 2626 2843  1256 2098 2844  745 1256 2844  1083 2222 2845  609 2222 2845  473 1459 2846  473 1457 2846  912 2185 2847  511 2185 2847  1538 2848 3458  80 1538 2848  94 2849 3203  915 2849 3203  1290 3229 4294  1290 2850 3229  1793 2851 3308  987 2851 3308  985 2371 2852  680 2371 2852  767 1563 2853  513 1563 2853  767 1527 2854  216 1527 2854  410 1527 2855  767 1527 2855  1117 2244 4196  1117 2857 4196  883 2352 2857  30 2857 3878  744 1780 2858  491 1780 2858  669 2859 3870  779 1565 2860  185 1565 2860  242 2861 3778  779 2861 3778  354 1993 4185  354 2862 4185  833 1642 2863  455 1642 2863  990 2037 3315  321 2037 3315  2682 2865 4199  1132 2865 4199  410 1450 2866  803 1450 2866  1300 2712 2867  711 2712 2867  458 1588 2868  458 1389 2868  1427 2631 2869  709 2631 2869  364 1294 2870  647 2870 2938  548 2045 2871  872 2045 2871  1185 2382 2872  582 2382 2872  814 2328 2873  141 2873 4127  359 1255 2874  1253 4088 4089  320 2422 2875  985 2422 2875  931 2629 2876  640 2629 2876  2449 2496 2877  699 2496 2877  1020 2327 3078  1020 2906 3078  787 2879 3362  121 2879 3362  2145 2880 3061  787 2145 2880  618 2131 3225  366 2131 2881  376 2750 2882  1365 2750 2882  1029 1696 2883  495 1696 2883  111 2078 2884  878 2078 2884  878 2100 2885  327 2100 2885  263 1699 2886  263 2207 2886  848 2887 4300  343 2887 4300  489 2032 2888  1014 2032 2888  1114 1958 2889  602 1958 2889  2239 2890 3349  914 2890 3349  104 1965 2891  914 1965 2891  913 2892 4029  386 2912 2967  385 1325 4313  385 2893 4313  1086 2894 3857  440 2894 3857  775 1664 2895  235 1664 2895  371 1533 2896  775 1533 2896  775 1533 2897  83 1533 2897  985 2422 2898  697 2422 2898  1385 2734 2899  378 2734 2899  395 1252 2900  395 1373 2900  1706 3336 3708  114 2901 3336  874 2916 3204  1351 1833 3071  874 2281 3205  830 2902 3204  826 1809 2904  339 1809 2904  1067 2905 3507  29 1599 2906  587 1599 2906  218 1967 2907  755 1967 2907  755 1875 2908  498 1875 2908  468 1727 3537  1727 3537 4060  753 1778 2910  1778 2910 3004  60 1606 2911  753 2911 3338  5 1324 3271  1111 2913 4015  1111 2934 3751  269 1997 2914  800 1997 2914  1834 3231 4256  290 2915 4256  148 2902 2916  2902 2916 3204  5 1311 2917  575 2917 4137  410 2250 2918  410 1451 2918  828 1675 2919  238 1675 2919  1068 2690 3341  870 2690 2920  1520 2690 2921  499 1520 2921  1102 2922 4257  330 2922 4257  1232 2923 4114  1098 2923 4114  491 2270 2924  491 1779 2924  978 1904 3418  844 1904 3418  2487 2926 3192  119 2926 3192  120 1320 2927  777 1320 2927  1353 2895 2928  235 2895 2928  23 1479 3736  1479 2929 3716  140 2325 2930  831 2325 2930  1417 2601 2931  703 2601 2931  315 1316 2932  945 1316 2932  945 1834 2933  289 2933 3562  1111 2913 3751  1111 2934 3339  2034 2935 3306  121 2034 2935  890 3245 3493  890 3245 4247  1208 1358 2937  230 1358 2937  1294 2870 2938  71 1294 2938  345 2188 4154  345 2939 4154  1075 2544 2940  562 2544 2940  1000 2811 2941  338 2811 2941  1802 2942 3400  478 1802 2942  1755 2943 3809  346 1401 2943  1629 2356 2944  846 1629 2944  1396 2065 2951  146 1396 2945  599 2088 2946  836 2088 2946  217 1977 2947  1258 1977 2947  1105 2126 2948  319 2126 2948  349 1158 2949  812 1158 2949  163 2752 2950  1399 2752 2950  1396 2945 2951  795 2945 2951  117 1488 2952  822 1488 2952  351 1235 2953  822 1235 2953  152 2252 2954  1327 2252 2954  837 2955 3697  837 2353 3697  2014 2956 3262  252 2014 2956  1232 1981 2957  1010 1981 2957  960 2438 3082  948 2438 3082  1221 3104 4202  1221 2959 3103  2958 2960 3471  948 2958 2960  2312 2961 3993  448 2961 3993  115 1824 2962  1824 2962 4200  912 1414 2963  470 1414 2963  1871 2964 4136  279 1871 2964  852 2196 3089  852 2965 3089  1107 4168 4169  73 4170 4280  386 2892 2967  966 2893 4029  1387 2968 3137  196 1387 2968  637 2454 2969  637 1587 2969  250 1233 4034  250 2970 4034  809 1858 2971  552 1858 2971  531 1966 2972  1966 2972 3539  762 2367 2973  2129 2973 4146  790 2447 2974  790 2484 2974  784 1442 2975  1442 2975 3164  624 2068 2976  624 1420 2976  1123 2965 3224  852 2965 3224  1208 2370 2978  766 1208 2978  2174 2979 3728  632 2174 2979  1082 4075 4076  537 1993 4075  784 1656 2981  237 1656 2981  131 1191 2982  785 1191 2982  237 1656 2983  785 1656 2983  54 1442 2984  784 1442 2984  785 1656 2985  400 1656 2985  1450 2855 2986  767 2855 2986  1162 1475 3411  1475 2987 3411  42 2263 2988  1121 2263 2988  1321 2700 2989  724 2700 2989  160 1206 2990  1206 1701 2990  991 3269 3831  991 2991 3333  982 2428 2992  754 2428 2992  1033 1650 2993  40 1649 3925  1293 2117 2994  364 2117 2994  745 1256 2995  587 2906 3078  255 2090 3443  558 2090 2996  832 2005 2997  57 2005 2997  2815 2998 3670  884 2815 2998  979 2192 2999  979 2999 3026  1133 2166 3000  278 2166 3000  1399 2753 3001  398 2753 3001  1180 2121 3002  186 2121 3002  580 2020 3003  829 2020 3003  792 1595 3004  225 1595 3004  1092 2160 3005  227 3630 3976  467 1653 3006  1653 3006 4245  791 2076 3007  556 2076 3007  244 2169 3008  791 2169 3008  336 2241 3009  1131 2241 3009  452 2383 3010  1158 2383 3010  1309 3435 3671  1309 3011 3435  1185 3012 3312  388 3012 3312  900 2055 4243  50 2055 3013  379 1611 3014  863 1611 3014  545 1332 4263  599 2088 3525  234 1889 3016  234 1415 3016  112 2228 3017  815 2228 3017  829 2020 3018  381 2020 3018  622 1859 3019  1110 1859 3019  456 1516 3020  1197 1516 3020  557 1314 3021  417 2828 3530  798 2109 3022  2109 3022 3054  477 1761 3023  799 1761 3023  2297 3024 3106  377 2297 3024  604 1867 3025  967 1867 3025  50 2052 3026  929 2052 3026  93 3027 3413  620 1352 3028  198 1304 3216  32 1948 3029  1058 1628 3931  1444 3606 4017  1212 3304 4017  421 2153 3031  421 1541 3031  720 1397 4009  722 1397 3032  216 1527 3033  770 1527 3033  1223 2389 3034  636 2389 3034  504 2091 3035  504 1264 3035  334 1821 3036  1134 1821 3036  488 1840 3037  973 1840 3037  1334 2160 3038  564 2160 3038  63 3039 3256  108 3040 3856  825 3040 3856  340 2279 3041  1181 2279 3041  91 1400 3042  91 1661 3042  1275 2092 3043  2092 2323 3043  1310 2382 3044  172 2382 3044  1554 2142 3045  835 2142 3045  718 1693 3046  462 3046 3050  1411 2474 3817  435 1411 3047  1537 3047 3048  169 1537 3048  490 2474 3817  490 3049 3817  1693 3046 3050  814 1693 3050  284 1412 3276  284 3051 3276  13 1712 3052  942 1712 3052  164 1348 3053  893 1348 3053  893 1912 3054  265 1912 3054  1046 1581 3055  422 1581 3055  1298 2202 3056  628 2202 3056  952 1653 3057  467 1653 3057  1006 2560 3058  1006 2288 3058  1439 3141 3997  322 3059 3141  363 1172 3060  851 1172 3060  1494 2527 3061  851 1494 3061  851 1494 3062  136 1494 3062  1401 2490 3063  113 2490 3063  1765 1804 3064  964 1765 3064  795 2311 3650  795 3065 3650  1200 3428 3651  930 3427 3428  743 2634 3067  840 2634 3067  768 2510 3068  1880 2510 3068  1468 3069 3334  751 1468 3069  119 3094 3298  887 1773 3094  1436 1833 3071  148 3071 4161  485 1741 3072  1741 3072 3073  231 1404 3073  810 1404 3073  810 1404 3074  397 1404 3074  422 1580 3075  422 1581 3075  1584 2960 3076  948 2960 3076  776 1480 3077  1480 3077 3717  587 2995 3078  1256 2995 3078  824 1926 3079  299 3079 3598  204 2063 3080  1665 3080 3354  506 1685 3113  506 3081 3113  960 1991 3476  960 3082 3476  836 2088 3083  243 2088 3083  836 1687 3084  49 1687 3084  815 3085 3788  1168 3085 3788  1926 3556 3569  466 1567 3086  692 2494 3087  692 1579 3087  1277 3027 3088  93 3027 3088  363 1283 3089  363 2196 3089  923 3090 3523  898 3090 3233  1300 2235 3572  1130 2235 3572  242 1564 3778  778 1564 3092  333 1839 3093  835 1839 3093  887 3070 3298  887 3094 3298  887 1773 3095  277 1773 3095  2046 3095 3096  604 2046 3096  749 2676 3097  1938 2676 3097  647 1408 3098  647 1292 3098  164 1724 3099  823 1724 3099  1097 2816 3100  1097 2654 3100  879 2749 3101  879 1363 3101  1571 2451 3102  719 2451 3102  949 1817 3103  414 1817 3103  1221 3748 4201  1221 3104 3748  895 2320 3105  529 2320 3105  855 3024 3106  855 1602 3106  2615 3107 3763  817 2615 3107  1340 2509 3108  1340 3108 3385  1148 1868 3508  253 1148 3109  1411 3040 3110  825 3040 3110  1330 2627 3111  703 2627 3111  1030 1811 3112  494 1811 3112  251 1685 3868  843 1394 3114  384 1394 3114  237 1410 3115  1410 3115 3116  581 2125 3116  843 2125 3116  828 1263 3117  132 1263 3117  446 1675 3118  828 1675 3118  593 1538 3119  1538 3119 3458  1293 2994 3120  798 2994 3120  1224 1612 3121  505 1612 3121  1211 2212 3122  611 2212 3122  228 1515 4192  425 1515 3123  372 1748 3124  372 1456 3124  446 1676 3125  827 1676 3125  827 1676 3126  7 1676 3126  238 1675 3127  827 1675 3127  848 1688 3128  500 1688 3128  1609 2765 3129  82 2765 3129  1199 2508 3130  631 2508 3130  923 1955 3131  461 1955 3131  1329 2930 3132  831 2930 3132  831 1677 3133  253 1677 3133  458 1698 3134  850 1698 3134  752 2839 3135  752 1674 3135  1946 3136 3575  92 1946 3136  511 1386 3137  1386 1387 3137  427 1595 3138  792 1595 3138  1279 2531 3139  434 1279 3139  118 2792 3252  738 2792 3140  1101 1660 3141  1439 1660 3141  144 1995 3142  994 1995 3142  839 2269 3143  84 2269 3143  492 1783 3144  839 1783 3144  1335 3145 4259  1531 3145 4259  362 2620 3146  1260 2620 3146  495 1695 3147  872 1695 3147  1306 2025 3148  572 3148 3273  355 2572 3149  1471 2572 3149  794 3149 3150  1471 3149 3150  766 1430 3151  649 1430 3151  89 1870 3152  1296 1870 3152  1350 2495 3153  201 2495 3153  981 1484 3154  545 1484 3154  981 2134 3155  426 2134 3155  2760 2761 3156  59 2760 3156  1907 3156 3157  563 1907 3157  1665 3353 3354  404 1428 3355  499 2921 4222  499 3159 4222  1443 2879 3160  1443 3160 3412  802 1718 3161  802 1987 3161  200 1646 3162  842 1646 3162  1771 3162 3163  842 3162 3163  842 1646 3164  400 1646 3164  1245 1908 3165  480 1245 3165  629 1614 3642  1614 3166 3642  213 1336 3167  1336 3167 3208  1414 1828 3168  165 1414 3168  18 1888 3169  1335 3977 4259  953 1919 3170  265 1919 3170  285 1672 3171  841 1672 3171  1572 3172 3173  566 1572 3172  841 1672 3173  567 1672 3173  2536 2798 3174  161 2536 3174  840 1549 3649  1164 1549 3175  744 1780 3176  744 1767 3176  646 2373 3177  1216 2373 3177  1766 1767 3178  660 1767 3178  3093 3634 4044  937 3179 3634  1302 2446 3180  354 2446 3180  1227 2247 3181  81 2247 3181  863 1611 3182  1611 3182 3278  340 1845 3183  961 1845 3183  1261 2356 3184  188 2356 3184  463 2836 4063  463 1640 3185  1088 1639 4039  1639 3186 4039  813 3187 3611  849 2248 3188  2248 3188 3769  916 2551 3189  444 2551 3189  817 1489 3190  277 3190 3453  1425 2589 3191  215 2589 3191  999 3094 3192  119 3094 3192  122 1795 3193  906 1795 3193  932 1583 3194  500 1583 3194  932 1688 3195  79 1688 3195  1328 3442 3770  271 3442 3770  1279 2977 3197  852 2977 3197  70 3198 3797  881 3198 3797  65 3199 3867  860 2605 3200  712 2605 3200  334 2531 3201  1341 2531 3201  744 2858 3202  1183 2858 3202  915 2551 3288  915 3203 3288  830 2903 3204  874 3204 3205  2903 3204 3205  313 2903 3205  325 2636 3206  1108 2636 3206  1437 3207 4254  451 1557 3558  1206 2772 3208  736 2772 3208  146 1618 3209  627 1618 3209  1507 1878 3210  517 1507 3210  370 2175 3211  370 2667 3654  959 1244 3212  326 1244 3212  544 2030 3213  959 2030 3213  147 1569 3214  824 1926 3569  575 2144 3215  883 2144 3215  1304 3028 3216  620 3028 3216  1243 2313 3217  797 2313 3217  628 2202 3218  1417 2202 3218  1171 2208 3219  147 2208 3219  233 1505 3220  774 2056 3732  1445 2681 3221  858 1445 3221  255 1750 3222  858 1750 3222  1380 2719 3223  211 1380 3223  62 1872 3224  1123 1872 3224  2131 2881 3225  856 2881 3225  856 2173 3226  632 2173 3226  1482 3227 3352  355 3227 3352  1284 1631 3228  434 3139 3850  365 2771 3229  1289 2771 3229  56 3230 4205  290 2723 3231  1003 2723 3231  523 1752 3232  523 1239 3232  282 2122 3233  898 2123 3702  70 1313 3797  1313 3234 4253  1498 2641 3235  730 3235 3550  508 1216 3236  1216 1369 3236  859 1416 3238  859 3237 3238  100 3238 3866  264 2355 3239  859 2355 3239  553 3565 4251  802 1718 4022  901 1750 3241  255 1750 3241  1422 3242 4209  497 1422 3242  432 2796 3243  890 3243 3244  2796 3243 3244  772 2796 3244  315 2936 4247  315 3245 4247  1204 3246 4224  517 1507 4225  1236 2345 3247  687 2345 3247  1551 2516 3248  871 1551 3248  871 1551 3249  404 1551 3249  871 1633 3250  445 2311 3650  1715 2528 3251  689 1715 3251  2792 3140 3252  894 3140 3252  360 2584 3253  1635 2584 3253  1415 2662 3254  892 1415 3254  133 1368 3255  1368 3255 3327  1230 2859 3256  669 2859 3256  6 1952 3257  967 1952 3257  944 1982 3258  284 1982 3258  123 1198 3259  944 1198 3259  383 1307 3260  944 1307 3260  409 2455 3261  1240 2455 3261  868 2708 3767  616 1838 3262  495 1696 3263  925 1696 3263  2050 3263 3264  925 3263 3264  2754 3264 3265  925 3264 3265  485 3266 3513  485 1742 3266  1263 2479 3267  1010 2479 3267  947 1659 3590  900 3268 3591  2808 3269 3831  496 2808 3269  155 1681 3270  991 1681 3270  1324 2912 3271  1057 2912 3271  242 1640 3272  814 1640 3272  1306 3148 3273  1306 3273 3594  928 1720 3274  460 1720 3274  928 2138 3275  223 2138 3275  942 1712 3276  1412 1712 3276  1418 2883 3277  95 1418 3277  864 2302 3278  256 2302 3278  120 2927 3279  1456 2927 3279  459 1714 3280  866 1714 3280  468 1729 3281  974 1729 3281  588 1861 3282  892 3282 3283  1861 3282 3283  112 1861 3283  638 1280 3284  189 1280 3284  745 2762 3285  1115 2762 3285  50 3026 3286  979 3026 3286  1153 3287 4050  1153 2470 4050  444 1619 3288  444 2551 3288  1500 2830 3289  1039 2830 3289  459 1615 3290  459 1323 3290  1543 2828 3291  1543 3291 4095  1246 1784 3292  318 1784 3292  453 1664 3293  453 1911 3293  869 1272 3294  466 1272 3294  1569 3294 3295  147 1569 3295  390 2128 3296  1076 2128 3296  1231 2674 3297  270 2674 3297  988 2183 3298  119 2183 3298  1408 3053 3299  893 3053 3299  1357 3195 3300  79 3195 3300  316 2452 3301  996 2452 3301  875 2048 3302  173 2048 3302  524 1960 3303  909 1960 3303  963 2478 3304  134 2478 3304  1666 2681 3305  260 1666 3305  1925 3306 3307  573 1925 3306  897 1283 3307  279 1283 3307  483 1886 3308  987 1886 3308  969 2237 3309  557 2237 3309  408 2225 3746  408 3311 3746  980 3286 3311  979 3286 3311  1360 2464 3566  388 2464 3566  96 2180 3313  1174 2180 3313  1903 3314 4144  845 1903 3314  833 3315 3718  990 3315 3718  757 1190 3316  1190 2175 3316  915 3196 3317  271 3196 3317  146 1723 3318  916 1723 3318  1266 2831 3319  911 2831 3319  1367 2831 3320  394 3328 3456  533 1941 3321  882 1941 3321  882 1941 3322  317 1941 3322  879 2749 3323  90 2749 3323  399 1363 3324  879 1363 3324  877 1671 3325  179 1671 3325  1028 1874 3326  498 1874 3326  910 2230 3328  880 2230 3328  910 2049 3456  910 3328 3456  103 1472 4099  1472 3329 4099  427 1984 3330  907 1984 3330  516 2193 4204  516 3331 4204  722 1397 3332  381 1397 3332  350 3333 4271  1137 3333 4271  291 2221 3334  920 2221 3334  873 2083 3335  920 2083 3335  2901 3335 3336  920 3335 3336  411 1476 3830  411 3337 3830  1606 2911 3338  428 1606 3338  987 1886 3339  356 1886 3339  257 1669 3340  873 1669 3340  2690 2920 3341  296 2920 3341  904 2090 3342  255 2090 3342  194 2515 3343  1255 2515 3343  1124 3345 3493  965 3344 4166  3344 3345 4166  39 3344 3345  396 1796 3346  1796 3346 3358  1524 3347 4272  1156 3347 4272  611 1355 3348  1355 3348 3546  1225 2891 3349  914 2891 3349  1276 2113 3350  3 1276 3350  1168 2451 3351  229 2451 3351  894 2255 3352  355 2255 3352  1429 3158 3353  402 1429 3353  204 1678 3354  938 1678 3354  1428 3158 3355  938 3158 3355  901 2089 3356  2089 3356 3684  448 2320 3357  895 2320 3357  35 1754 3358  895 1754 3358  1461 2280 3359  759 2280 3359  2363 3360 4291  518 1559 3360  1565 2430 3361  1047 2430 3361  1172 2935 3362  121 2935 3362  444 1618 3363  444 1617 3363  770 1861 3364  588 1861 3364  1441 2985 3365  400 2985 3365  696 3366 3554  696 2227 3366  1161 2845 3367  161 3174 4245  971 1232 3368  412 1232 3368  1037 1641 3369  455 1641 3369  4 4319 4320  1051 1476 3961  186 2069 3371  186 1566 3371  1137 2705 3372  73 2705 3372  226 2415 3388  1004 2415 3373  454 2108 3374  906 2108 3374  129 2557 3375  904 2557 3375  904 2118 3376  422 2118 3376  397 1404 3377  1404 2134 3377  2540 2732 3378  551 2540 3378  658 1407 3379  1407 3379 3462  1207 2340 3380  665 2340 3380  2511 3381 3739  834 3381 3739  578 1855 3382  829 1855 3382  824 3079 3383  1813 3079 3383  395 1373 3384  189 1251 3793  1139 2318 3385  335 2318 3385  1340 2894 3386  440 2894 3386  160 1881 3387  160 1702 3387  2415 3373 3388  681 3373 3388  1490 2827 3389  645 2827 3389  760 2710 3390  1680 2710 3390  918 2018 3391  74 2018 3391  1905 2323 3392  193 1905 3392  679 2400 3393  1561 2400 3393  1116 3394 3491  1116 1942 3491  523 1844 3395  523 1751 3395  501 2534 3396  1282 2534 3396  130 2876 3397  130 1575 3397  230 1529 3398  656 1529 3398  423 2844 3399  1438 2844 3399  780 2942 3400  780 1754 3400  1339 2553 3401  748 2553 3401  1063 1431 3402  1431 2318 3402  450 1746 3403  450 1585 3403  292 2214 3404  992 2214 3404  428 1607 3405  1607 3405 3451  427 3138 3406  1598 3138 3406  1868 3583 3584  1146 3583 4036  642 3408 3636  642 2366 3636  535 2824 3409  1603 2824 3409  1651 2548 3410  169 2548 3410  743 2635 3411  1162 2635 3411  1176 2257 3412  339 2257 3412  1067 2905 3639  1067 3413 3639  149 3104 3748  149 1226 3414  2178 2246 3415  305 2246 3415  733 2442 3416  1189 2442 3416  91 1487 3417  91 1400 3417  171 2218 3418  978 2218 3418  750 1781 3419  257 1781 3419  1268 2394 3420  590 2394 3420  87 1819 3421  87 1923 3421  637 1587 3422  637 1280 3422  958 1726 3423  326 1726 3423  958 2675 3424  2675 3424 3757  829 1855 3425  174 1855 3425  2001 3066 3426  930 3066 3426  1200 3428 3786  104 3428 3786  930 3066 3651  930 3428 3651  309 1590 3429  1590 3429 3430  1 2503 3447  801 2503 3447  1913 2674 3431  854 1913 3431  807 2053 3432  1120 2766 4095  2022 3433 3434  69 2022 3433  685 2016 3434  1091 2016 3434  1409 2662 3435  405 2662 3435  1243 2490 3436  672 2490 3436  1831 2390 3437  889 1831 3437  1242 2826 3438  759 2826 3438  865 2176 3439  597 2176 3439  917 3440 3441  917 1913 3441  854 3441 3865  917 2476 3442  271 2476 3442  2090 2996 3443  934 2996 3443  764 3444 3994  1078 3444 3994  1016 3693 3695  1481 3445 3694  1273 3446 3447  1274 3446 3447  801 3430 3447  1274 3430 3447  598 2081 3448  1072 2081 3448  911 3319 3449  911 2295 3449  746 1731 3450  746 2139 3450  1598 3138 3451  792 3138 3451  215 2589 3452  1388 2589 3452  1489 3190 3453  883 1489 3453  1154 2414 3454  661 2414 3454  1196 2583 3455  110 2583 3455  394 3320 3456  1367 3320 3456  1462 3009 3457  1131 3009 3457  757 2717 3458  922 2717 3458  1297 2132 3459  1205 3459 4077  1521 1917 4125  798 1917 3460  1564 3092 3461  420 3092 3461  674 2337 3462  982 2337 3462  1918 3193 3463  906 3193 3463  924 2234 3464  2234 3464 3675  310 3465 3888  310 1720 3465  2238 3179 3466  937 3179 3466  956 1605 3467  461 1605 3467  956 1955 3468  224 1955 3468  451 1558 3469  956 1558 3469  1126 2380 3470  522 2380 3470  1817 2746 3471  949 1817 3471  1148 3109 3472  825 3109 3472  1513 2638 3473  39 1513 3473  994 1995 3474  492 1995 3474  292 3475 3518  292 3518 3677  415 2533 3476  1991 2533 3476  823 1647 3698  799 3477 3665  357 2224 3478  1160 2224 3478  1390 2713 3479  769 3479 3973  1497 3322 3544  317 3322 3544  858 2118 3481  858 1582 3481  489 2888 3482  1258 2888 3482  560 2044 3483  1099 2044 3483  1000 2017 3484  176 2017 3484  540 2017 3485  1000 2017 3485  716 1985 3486  572 3273 3487  1510 3273 3487  573 2688 3488  1094 2688 3488  2021 3394 3489  1116 3394 3489  714 1934 3490  1116 1934 3490  2015 3394 3491  616 2015 3491  1001 3492 3553  1001 1426 3492  1513 3243 3493  890 3243 3493  687 2346 3494  687 1909 3494  557 3021 3495  1547 3021 3495  1865 2064 3496  584 1865 3496  678 2515 3497  2515 3497 3498  194 1536 3498  961 1536 3498  989 1957 3499  332 1957 3499  684 2291 3500  1085 2291 3500  732 2698 3501  1213 2698 3501  1200 2128 3502  390 2128 3502  601 2399 3503  1122 2399 3503  704 2349 3504  2349 3504 3505  131 1194 3505  1194 3505 3506  401 2273 3506  927 2273 3506  1175 2905 3507  209 1175 3507  1207 3380 3508  331 3380 3508  1312 2456 3509  630 2456 3509  751 3510 3722  751 2011 3510  933 1455 3511  487 1455 3511  142 2155 3512  933 2155 3512  933 2155 3513  485 3513 3851  2024 2902 3514  542 2024 3514  484 1502 3515  484 1276 3515  1936 2417 3516  46 2417 3516  641 2162 3517  641 1563 3517  3474 3475 3518  1074 3474 3518  1074 1729 3519  468 1729 3519  1523 2647 3520  359 2647 3520  940 2015 3521  181 2015 3521  313 3265 3522  1512 3265 3522  1453 3188 3523  282 3188 3523  524 1960 3524  524 1496 3524  599 3015 3525  1332 3015 3525  433 2285 3526  1155 2285 3526  614 2141 3527  1095 2141 3527  1134 3036 4141  1134 3528 4141  1134 2407 3529  159 2407 3529  417 3021 3530  1314 3021 3530  543 2041 3531  1071 2041 3531  275 1762 3532  1762 3532 4283  462 1744 4283  141 1744 3533  464 1943 3534  936 1943 3534  706 2219 3535  1317 2219 3535  80 1897 3536  1612 1897 3536  993 2909 4060  993 3537 4060  413 1434 3538  413 1644 3538  1858 3539 4108  809 1858 3539  923 1955 3540  923 1909 3540  1943 3532 3541  935 1943 3541  464 1735 3663  64 1735 3542  1077 2823 3543  524 2823 3543  1095 1708 3544  1497 1708 3544  686 2542 3545  686 1841 3545  1177 2174 3546  246 2174 3546  1474 3717 3781  819 3547 3755  196 1458 3548  1458 1459 3548  1956 2911 3549  861 1956 3549  891 1498 3550  891 2146 3550  338 1426 3551  1001 1426 3551  175 1641 3553  889 3552 3864  1001 3552 3553  1486 3366 3554  1486 3554 4188  1825 2599 3555  262 2599 3555  466 3086 3556  1568 3086 3556  989 1953 3557  1953 1954 3557  451 3207 3558  1437 3207 3558  380 1402 3559  977 1402 3559  762 1921 4155  82 1921 3560  1460 2339 3561  470 2339 3561  1834 2933 3562  946 1834 3562  1260 3052 3563  12 1260 3563  567 1671 3564  877 1671 3564  1313 3565 4253  3565 4251 4253  1224 3121 3566  3121 3566 4171  155 1681 3567  1822 3567 4066  1477 2614 3568  170 3568 3960  824 3214 3569  1569 3214 3569  476 2302 3570  476 1186 3570  629 1759 3571  1087 1759 3571  199 2712 3572  1300 2712 3572  976 1939 4086  939 1939 3573  1745 3136 3574  462 1745 3574  939 1939 3575  521 1939 3575  888 1816 4124  888 3576 4124  723 2603 3577  1201 2603 3577  656 1492 3578  800 1492 3578  154 1840 3579  943 1840 3579  284 1412 3580  943 1412 3580  776 2143 3581  776 1748 3581  973 1989 3582  318 1989 3582  1147 3585 4036  429 3407 3583  331 1829 3584  1146 1829 3584  1146 2802 3585  41 2802 3585  1374 2472 3586  662 2472 3586  747 2153 3588  747 3587 3588  76 1895 3588  76 2153 3588  267 3984 4158  267 1654 4158  3268 3590 3591  286 3268 3590  947 2055 3591  900 2055 3591  947 3592 4282  389 3592 4282  1746 3593 4140  763 1746 3593  663 1302 3594  1302 3594 4074  1554 3045 3595  157 3045 3595  79 1992 3596  79 2378 3596  954 2492 3597  211 2492 3597  1926 3079 3598  853 1926 3598  150 1179 3599  150 2089 3599  997 2694 3600  38 3600 3872  1053 3601 3863  1027 3602 3956  374 2209 3603  950 2209 3603  950 2567 3604  595 2567 3604  376 1609 3605  955 1609 3605  963 3304 4017  348 1444 3606  1004 2206 3607  682 2206 3607  475 1794 3608  953 1794 3608  526 1919 3609  953 1919 3609  972 1827 3610  527 1827 3610  2321 3187 3611  187 2321 3611  721 1706 3612  1706 2221 3612  1252 1882 3613  158 1882 3613  957 1465 3614  58 1465 3614  326 1726 3615  957 1726 3615  957 2217 3616  532 2217 3616  81 2331 3617  907 1984 4090  968 1768 3618  252 1768 3618  245 1764 3619  1215 3625 3626  135 1547 3620  1048 1547 3620  417 1546 3621  1546 3621 3844  301 1544 3844  416 1544 3622  964 2726 3623  964 2058 3623  1525 1689 3624  500 1689 3624  619 3625 3626  1215 3619 3626  245 3619 3626  1972 3627 4173  1130 1972 3627  1092 2160 3628  675 2160 3628  2459 3629 3756  1092 3629 3756  227 3005 3630  1092 3005 3630  983 3632 3743  983 3631 3743  512 3632 3672  512 1757 3672  2413 2789 3633  661 2413 3633  333 2816 3634  333 3093 3634  2114 2189 3635  259 2114 3635  1810 3408 3636  975 1810 3636  379 3014 3637  975 3014 3637  1152 1493 3638  554 1998 4220  826 3027 3639  826 2905 3639  506 1892 3640  986 1892 3640  1095 2141 3641  107 2141 3641  1760 3166 3642  629 1760 3642  154 1369 3643  962 1369 3643  316 2154 3644  962 2154 3644  556 2104 3645  556 1988 3645  492 1995 3646  968 1995 3646  144 1766 3647  968 1766 3647  968 1766 3648  493 1766 3648  1549 3175 3649  320 3175 3649  445 3250 3650  1633 3250 3650  605 2128 3651  1200 2128 3651  472 1691 3652  472 1578 3652  366 2131 3653  1205 2131 3653  1608 2667 3654  1191 1608 3654  1189 2442 3655  308 2442 3655  1388 2590 3656  380 2590 3656  268 2206 3657  268 2094 3657  653 2194 3658  653 1670 3658  324 2191 3659  1085 2191 3659  753 2910 3660  1844 2910 3660  1076 1403 3661  128 1403 3661  49 1687 3662  702 1687 3662  1735 3542 3663  935 3542 3663  1254 4088 4089  1254 3664 4088  1647 3477 3665  248 1647 3665  541 2402 3666  970 2402 3666  561 2106 3667  561 2403 3667  136 1534 3668  1086 1534 3668  419 2036 3669  1086 2036 3669  385 1325 3670  995 1325 3670  405 3435 3671  405 2287 3671  3632 3672 3743  1081 3672 3743  472 1692 3673  472 2066 3673  1041 2234 3674  133 2234 3674  1041 1625 3675  431 1625 3675  432 1627 3676  1041 1627 3676  1728 3537 3677  993 3537 3677  973 1840 3678  154 1840 3678  1775 3679 4023  241 1775 3679  84 2127 3680  974 2127 3680  1413 2489 3681  671 2489 3681  507 1593 3682  984 1593 3682  984 2089 3683  150 2089 3683  984 1666 3684  441 1666 3684  1478 3170 3685  265 3170 3685  521 1939 3686  976 1939 3686  1947 3686 3687  976 3686 3687  520 1949 3688  976 1949 3688  1548 2829 3689  1032 2829 3689  1894 2772 3690  510 1894 3690  1518 1889 3691  494 1889 3691  176 2038 3692  990 2038 3692  1064 1986 3892  1016 1986 3693  1016 1986 3694  446 1986 3694  1607 3445 3695  428 1607 3695  575 3215 3696  1117 3215 3696  243 2955 3697  243 1975 3697  1647 3477 3698  436 3477 3698  751 1468 3699  430 1468 3699  921 3700 4003  1898 3700 4003  1163 1492 3701  76 1492 3701  898 3233 3702  2122 3233 3702  57 2270 3703  992 2270 3703  1716 3703 3704  992 3703 3704  993 2909 3705  469 2909 3705  1251 3384 3706  395 3384 3706  1225 2239 3707  640 2239 3707  1523 2513 3708  114 2513 3708  1743 2259 3709  1006 1743 3709  1091 3275 3710  223 3275 3710  615 2022 3711  1091 2022 3711  1246 1784 3712  881 1246 3712  1305 2187 3713  525 2187 3713  1239 2534 3714  149 1239 3714  109 2606 3715  1136 2680 4307  1473 2615 3716  373 2615 3716  1474 3547 3717  372 3547 3717  1643 3692 3718  990 3692 3718  1557 2477 3719  283 1557 3719  300 1963 3720  300 1930 3720  1008 1716 3721  469 1716 3721  176 2038 3722  176 2731 3722  10 1826 3723  1386 1826 3723  418 2826 3724  1242 2826 3724  440 1636 4206  43 1636 3725  1259 2124 3726  581 2124 3726  125 3990 4292  846 2979 3728  846 2033 3728  1448 2486 3729  423 1448 3729  773 1673 3730  233 2618 4011  1765 3105 3731  529 3105 3731  774 3220 3732  1505 3220 3732  1343 2476 3733  816 2476 3733  596 2181 3735  285 2181 3734  2181 3734 3735  986 3734 3735  1479 2929 3736  774 2929 3736  996 2347 3737  426 2347 3737  442 3738 4187  1328 3738 4187  1118 1511 3739  834 1511 3739  145 1229 3740  1129 2432 4147  1081 2315 3741  49 2315 3741  337 2314 3742  1081 2314 3742  3631 3742 3743  1081 3742 3743  574 2183 3744  988 2183 3744  988 1860 3745  332 1860 3745  979 2192 3746  2192 2225 3746  67 2833 3747  67 1622 3747  149 3414 3748  1220 3414 3748  328 2087 3749  1110 2087 3749  1266 2569 3750  393 2569 3750  1112 1928 3751  536 1928 3751  1548 3752 3799  1003 2723 3752  539 2008 3753  2006 3753 4070  1330 3754 4208  307 3754 4208  1474 3547 3755  306 3755 3962  1354 3630 3756  1092 3630 3756  1257 2826 3757  418 2826 3757  1358 2372 3758  600 2372 3758  347 2497 3759  1392 2497 3759  698 2358 3760  1005 2358 3760  873 1669 3796  1005 1669 3761  1005 2358 3762  94 2358 3762  999 2487 3763  373 2487 3763  1402 2481 3764  676 2481 3764  832 1601 3765  314 1601 3765  639 2339 3766  1460 2339 3766  180 1838 3768  1838 3767 3768  688 3767 3768  1015 2122 3769  282 2122 3769  916 1723 3770  1328 1723 3770  1182 2010 3771  586 2010 3771  1182 2279 3772  340 2279 3772  195 2010 3773  1182 2010 3773  576 3774 3775  1435 3774 3775  382 2672 3776  1435 2672 3776  1393 2541 3776  382 2541 3776  805 1737 3777  179 1737 3777  1564 3461 3778  779 3461 3778  487 1455 3779  1455 3779 3780  254 2171 3780  998 2171 3780  1480 3717 3781  1060 3781 3957  679 3343 3782  1255 3343 3782  1658 3502 3786  1658 3783 3785  1002 2537 3784  290 2537 3784  705 2537 3785  1002 2537 3785  1658 3783 3786  104 3783 3786  1462 3457 4241  793 3457 4241  719 2451 3788  1168 2451 3788  651 3789 3943  651 2056 3789  1009 1906 3790  1009 2163 3790  2035 3486 3791  102 2035 3791  317 1941 3792  1121 1941 3792  1251 3706 3793  740 3706 3793  1636 3794 3795  440 1636 3794  1189 3655 3795  1040 3655 3795  1669 3761 3796  430 3761 3796  1313 3234 3797  881 3234 3797  75 3689 3799  946 3798 3862  1003 3798 3799  146 3209 3800  1632 3209 3800  1013 1947 3801  156 1947 3801  1013 2380 3802  2380 3802 4157  1035 1719 3803  460 1719 3803  134 1514 3804  1514 3804 3806  1758 3804 3805  1119 3804 3805  1173 2312 3993  1119 3806 4207  955 3129 3807  1921 3129 3807  1094 2688 3808  166 2688 3808  1133 1210 3809  346 1210 3809  1133 1755 3810  447 1755 3810  1101 2622 3811  142 2622 3811  2622 3321 3812  1101 2622 3812  659 2727 3813  1591 2727 3813  486 1740 3814  486 1349 3814  1249 2176 3815  86 2176 3815  1634 3816 4248  1141 3816 4248  1411 3047 3817  896 3047 3817  181 2021 3818  1093 2021 3818  412 2310 3819  1093 2310 3819  1093 2021 3820  615 2021 3820  746 1466 3821  223 1466 3821  457 2609 3822  1007 2609 3822  1007 2437 3823  406 2437 3823  150 1866 3824  1011 1866 3824  1940 3825 3826  293 1940 3825  1011 1866 3826  518 1866 3826  1366 2610 3827  560 2610 3827  1962 3409 3828  1014 1962 3828  1014 2032 3829  98 3829 3886  2940 3370 3830  1476 3370 3830  991 3333 3831  1137 3333 3831  1080 3300 3832  539 3753 4070  649 1709 3833  1709 1931 3833  540 3485 3834  1467 3485 3834  1141 2343 3835  369 2343 3835  821 1742 3836  58 1742 3836  416 1544 3837  1050 3837 3948  328 1859 3838  1151 1859 3838  521 1945 3839  1945 3839 3840  293 1940 3840  1012 1940 3840  509 1880 3841  1070 1880 3841  510 1894 3842  1070 1894 3842  1495 2495 3843  699 2495 3843  1544 3622 3844  1048 3622 3844  1193 2450 4175  1115 2450 4175  1135 1279 3846  1279 2531 3846  427 1981 3847  971 1981 3847  905 1630 3848  634 3848 3930  461 1605 3849  1034 3849 3938  434 3228 3850  1631 3228 3850  2155 3513 3851  1084 2155 3851  486 1740 3852  1084 1740 3852  1084 2155 3853  142 2155 3853  1520 2419 3854  22 3854 3951  534 1989 3855  973 1989 3855  1207 3472 3856  825 3472 3856  1534 3794 3857  440 3794 3857  408 2225 3858  1575 2225 3858  882 3322 3859  1497 3322 3859  1464 2774 3860  786 3860 3966  1291 1929 3861  820 3861 3899  3798 3799 3862  75 3799 3862  1416 3601 3863  100 1416 3863  3552 3553 3864  175 3553 3864  3440 3441 3865  88 3440 3865  3237 3238 3866  838 3237 3866  1777 3199 3867  1024 1777 3867  1685 3113 3868  1026 3113 3868  1622 3081 3869  67 1622 3869  2859 2860 3870  185 2860 3870  688 2708 3871  25 2708 3871  2694 3600 3872  926 2694 3872  1906 2686 3873  27 2686 3873  1017 2678 3874  72 2678 3874  1668 2642 3875  1036 2642 3875  888 2494 3876  101 2494 3876  2465 2820 3877  251 2465 3877  2352 2857 3878  818 2352 3878  61 2266 3879  847 2266 3879  193 2265 3880  1017 2265 3880  209 2256 3881  1065 2256 3881  876 2249 3882  298 2249 3882  221 2244 3883  717 2244 3883  654 2240 3884  221 2240 3884  807 2053 3885  226 2053 3885  2032 3829 3886  1031 2032 3886  666 2026 3887  192 2026 3887  2016 3465 3888  685 2016 3888  2012 3829 3889  98 3829 3889  2003 3693 3890  1044 2003 3890  37 1994 3891  862 1994 3891  1986 3693 3892  303 3693 3892  1985 2684 3893  716 1985 3893  1024 1968 3894  190 1968 3894  300 1963 3895  1023 1963 3895  1948 3861 3896  820 3861 3896  1942 3490 3897  180 1942 3897  69 1934 3898  714 1934 3898  1929 3755 3899  306 3755 3899  536 1927 4130  97 1927 3900  1021 1907 3901  59 1907 3901  1904 3150 3902  68 3150 3902  1025 1900 3903  6 1900 3903  1890 3837 3904  1050 3837 3904  296 1874 3905  1028 1874 3905  818 1849 3906  1849 3906 4250  44 1848 3907  619 1848 3907  1842 3635 3908  259 3635 3908  1031 1813 3909  299 1813 3909  1812 3112 3910  61 1812 3910  298 1811 3911  1030 1811 3911  25 1786 3912  951 1786 3912  1764 3848 3913  634 3848 3913  551 1756 3914  47 1756 3914  861 1751 3915  297 1751 3915  1739 3373 3916  99 1739 3916  1730 3849 3917  1034 3849 3917  1035 1720 3918  310 1720 3918  46 1719 3919  1035 1719 3919  273 1696 3920  1029 1696 3920  7 1676 3921  1064 1676 3921  1036 1667 3922  1667 3922 4091  1032 1654 3923  267 1654 3923  1033 1650 3924  311 1650 3924  1649 2993 3925  1033 2993 3925  1642 3369 3926  37 1642 3926  175 1641 3927  1037 1641 3927  1639 3854 3928  22 3854 3928  1636 3795 3929  1040 3795 3929  1630 3848 3930  63 1630 3930  1628 3029 3931  32 3029 3931  1627 2638 3932  1042 2638 3932  101 1626 3933  1626 3933 3934  431 1625 3934  1043 3934 3935  1625 3934 3935  302 1625 3935  1624 2933 3936  289 2933 3936  1044 1606 3937  60 1606 3937  1605 3849 3938  66 1605 3938  21 1604 3939  813 1604 3939  260 1593 3940  1025 1593 3940  1582 3055 3941  34 1582 3941  305 1581 3942  1046 1581 3942  1623 3789 3943  171 1623 3943  1572 3568 3944  170 3568 3944  853 1568 3945  40 1568 3945  1558 2477 3946  1038 2477 3946  301 1546 3947  1049 1546 3947  1544 3837 3948  301 1544 3948  1325 2619 3949  654 2619 3949  220 1531 3950  1062 3977 4259  1520 3854 3951  1068 1520 3951  834 1511 3952  261 1511 3952  1007 1504 4091  1504 3953 4275  951 1930 3954  300 1930 3954  1039 1499 3955  281 1499 3955  1713 3602 3956  31 1713 3956  1480 3781 3957  24 1480 3957  1479 3958 4230  23 1479 3958  23 2056 3959  651 2056 3959  1477 3860 3960  786 3860 3960  1476 3370 3961  4 3370 3961  1474 3781 3962  1060 3781 3962  817 1473 4250  1059 3958 4230  68 1471 3964  1061 1471 3964  1470 3479 3965  769 3479 3965  1464 3860 3966  29 1464 3966  1045 1448 3967  33 1448 3967  34 1445 3968  1056 1445 3968  27 1440 3969  1440 3969 4174  262 1431 3970  1063 1431 3970  28 1427 3971  1054 1427 3971  1421 3600 3972  38 3600 3972  1390 3479 3973  309 1390 3973  307 1375 3974  1053 1375 3974  401 1371 4174  258 1371 3975  1354 3630 3976  1021 1354 3976  1335 3169 3977  18 3169 3977  1268 2430 3978  21 1268 3978  283 1217 3979  903 1217 3979  1069 1213 3980  191 1213 3980  250 1776 3981  941 3987 4032  1187 2820 3982  1066 2820 3982  1157 4236 4237  1019 3983 4236  728 2113 4158  728 3984 4158  1120 3432 3985  807 3432 3985  1875 3326 3986  65 1875 3986  1914 3987 4032  16 1914 3987  2539 3988 4102  1027 2539 3988  1436 3071 4161  1436 1447 3989  3727 3990 4292  1792 3727 3990  497 1823 4200  236 1823 3991  962 1369 3992  399 1369 3992  448 3806 4207  448 3993 4207  1828 3168 3994  3168 3994 4057  1952 3470 3995  522 3470 3995  1100 2043 3996  560 2043 3996  1100 2362 3997  322 2362 3997  91 2043 3998  1100 2043 3998  1670 3184 3999  188 3184 3999  1433 1999 4000  741 1999 4000  1238 2743 4001  1090 4001 4098  195 3773 4002  1722 3773 4002  505 1898 4003  505 1897 4003  1724 4004 4006  538 1724 4004  407 1305 4005  1079 1305 4005  1079 2683 4006  823 2683 4006  1356 3015 4007  599 3015 4007  1650 2993 4008  465 2993 4008  1397 3032 4009  208 3032 4009  1006 2288 4010  1006 1743 4010  233 3730 4011  1673 3730 4011  425 2142 4012  425 1553 4012  689 2424 4296  689 4013 4296  207 1928 4014  1112 1928 4014  192 2026 4015  1111 2026 4015  125 4016 4292  125 1245 4016  1212 3030 4017  1444 3030 4017  1555 3109 4018  253 3109 4018  167 1540 4019  1197 1540 4019  496 1381 4020  1197 1381 4020  1595 3330 4021  907 3330 4021  1718 3240 4022  553 3240 4022  1073 2420 4023  519 2420 4023  594 2555 4024  594 1738 4024  205 3246 4224  205 4025 4224  438 1377 4026  1203 1377 4026  1203 2613 4027  433 2613 4027  547 2059 4028  1083 2059 4028  966 2967 4029  2892 2967 4029  167 1589 4030  1588 1589 4030  662 4031 4252  1308 4031 4252  941 3981 4032  1776 3981 4032  626 1516 4033  626 1589 4033  1061 2572 4034  1233 2572 4034  910 2231 4035  910 2049 4035  1147 3407 4036  3407 3583 4036  499 2419 4037  1088 2419 4037  1525 4037 4038  1088 4037 4038  2258 4038 4039  1088 4038 4039  547 2059 4040  547 2554 4040  1624 2932 4041  1124 4041 4166  1555 4018 4042  771 4018 4042  1502 3478 4043  1140 1502 4043  2142 4012 4044  937 4012 4044  1138 2484 4045  790 2484 4045  2793 4045 4046  109 2793 4046  1001 1831 4047  610 1831 4047  1354 2459 4048  563 2459 4048  623 2179 4049  1153 2179 4049  2314 3287 4050  337 2314 4050  597 2177 4051  1144 4051 4053  565 1769 4052  1144 1769 4052  205 2177 4053  205 1770 4053  266 2426 4054  1144 2426 4054  1078 2073 4055  550 2073 4055  1077 2072 4056  550 2072 4056  165 2073 4057  1078 2073 4057  312 2072 4058  1077 2072 4058  1008 3303 4059  1008 1959 4059  143 1727 4060  143 2909 4060  370 2157 4061  1310 2157 4061  481 1621 4062  481 1682 4062  463 3185 4063  1230 3185 4063  497 4064 4065  1188 4064 4065  1822 4065 4066  1188 4065 4066  155 2756 4066  1188 2756 4066  1586 3348 4067  246 3348 4067  929 2251 4068  929 2052 4068  1080 1992 4069  537 1992 4069  539 3832 4070  1080 3832 4070  1393 2541 4071  51 1393 4071  605 1974 4072  1076 1974 4072  90 1484 4073  1484 2347 4073  1082 3808 4074  166 3808 4074  537 2980 4075  2980 4075 4076  781 2435 4076  1082 2435 4076  1297 3459 4077  140 1297 4077  953 1918 4078  953 1794 4078  184 2027 4079  1214 2027 4079  1395 2984 4080  784 2984 4080  1219 2526 4081  118 2526 4081  77 2245 4082  1102 2245 4082  2779 2922 4083  725 2779 4083  621 1463 4084  1222 1463 4084  773 3730 4085  1747 3730 4085  1939 3573 4086  275 3573 4086  53 1690 4087  1253 1690 4087  1532 4087 4088  1253 4087 4088  1253 2874 4089  359 2874 4089  1984 3617 4090  81 3617 4090  1504 3953 4091  249 3953 4091  664 2497 4092  1805 2497 4092  323 2085 4093  1184 2085 4093  327 2397 4094  1120 2397 4094  1120 3985 4095  26 3985 4095  665 1602 4096  665 2341 4096  539 2008 4097  1090 2008 4097  1238 4001 4098  329 1238 4098  960 1991 4099  103 1991 4099  952 2723 4100  290 2723 4100  835 1839 4101  503 1839 4101  297 1751 4102  1751 1752 4102  1355 1758 4103  449 1758 4103  1089 2079 4104  152 2079 4104  940 2014 4105  616 2014 4105  1745 3136 4106  92 3136 4106  1774 4107 4321  12 1260 4107  1102 1694 4257  1103 1694 4108  552 1858 4109  1103 1858 4109  1970 2679 4110  183 1970 4110  570 2095 4111  1145 2095 4111  1597 4112 4113  87 1597 4112  1145 1571 4113  439 1571 4113  323 2267 4114  1098 2267 4114  1098 2268 4115  181 2268 4115  2556 3735 4116  1106 2556 4116  1106 1898 4117  319 1898 4117  761 1620 4118  1620 1969 4118  419 2448 4119  1341 2448 4119  528 2418 4120  1288 2418 4120  365 2850 4121  1288 2850 4121  183 1970 4122  1288 1970 4122  1023 1963 4123  535 1963 4123  1851 3576 4124  1816 1851 4124  1917 3460 4125  526 3460 4125  598 2079 4126  1089 2079 4126  2328 2873 4127  1269 2328 4127  670 1971 4128  1258 1971 4128  1150 3281 4129  1150 1727 4129  1927 3900 4130  1022 3900 4130  2315 3019 4131  1110 3019 4131  86 2176 4132  865 2176 4132  1391 2835 4133  811 2835 4133  2652 2779 4134  1104 2779 4134  1104 1966 4135  531 1966 4135  1123 1872 4136  502 1872 4136  1311 2917 4137  1311 2046 4137  2203 2204 4138  304 2203 4138  465 1651 4139  465 1567 4139  62 1279 4140  1135 1279 4140  450 1746 4141  1135 1746 4141  14 2161 4142  14 16 4142  1577 2663 4143  1112 2663 4143  1532 4087 4144  1211 1532 4144  872 1695 4145  163 1695 4145  232 2367 4146  232 2129 4146  1129 3740 4147  145 3740 4147  369 1248 4148  1248 1495 4148  45 2449 4149  1181 2449 4149  491 1779 4150  491 1780 4150  924 1771 4151  471 1771 4151  1501 4152 4263  162 1406 4152  826 1809 4153  826 2552 4153  677 1209 4154  677 2188 4154  1921 3560 4155  977 3560 4155  1900 2592 4156  507 1900 4156  1126 1983 4157  293 1983 4157  1654 3589 4158  1140 3589 4158  571 2086 4159  974 2086 4159  542 2024 4160  1108 2024 4160  1436 3989 4161  1108 3989 4161  184 2184 4162  1105 2184 4162  325 2110 4163  1109 2110 4163  1109 2751 4164  168 2751 4164  239 2070 4165  1600 2070 4165  1624 4041 4166  965 1624 4166  493 1768 4167  493 1686 4167  1447 3206 4168  1107 1447 4168  1107 2966 4169  559 2966 4169  73 2966 4170  1107 2966 4170  151 1896 4171  151 1360 4171  802 1691 4172  145 1691 4172  336 1490 4173  1132 1490 4173  1371 3975 4174  1055 3975 4174  635 2277 4175  1193 2277 4175  133 2401 4176  133 2234 4176  45 2496 4177  45 1377 4177  534 2075 4178  962 2075 4178  1199 2282 4179  1199 2706 4179  603 1980 4180  1114 1980 4180  2000 4180 4181  1114 4180 4181  528 2418 4182  528 2209 4182  683 2094 4183  1463 2094 4183  531 1777 4184  755 1777 4184  804 1376 4185  1376 1993 4185  689 1715 4186  857 1715 4186  1500 4187 4268  1328 4187 4268  1152 2167 4188  447 2167 4188  1486 2309 4189  214 2309 4189  697 2423 4190  1344 2423 4190  1254 2645 4191  208 2645 4191  1515 3123 4192  758 3123 4192  2006 4070 4193  1080 4070 4193  508 1216 4194  1835 4194 4278  1461 2950 4195  592 2950 4195  2856 2857 4196  717 2856 4196  1155 2562 4197  198 2562 4197  110 2583 4199  707 2583 4198  2583 4198 4199  1132 4198 4199  1823 3991 4200  796 3991 4200  1220 2533 4201  415 2533 4201  1221 3103 4202  414 3103 4202  1300 2867 4203  387 2867 4203  1227 2247 4204  1227 2193 4204  1318 3230 4205  1318 1797 4205  1636 3725 4206  1139 3725 4206  1173 1996 4207  1119 1996 4207  1375 3111 4208  307 1375 4208  482 1807 4209  482 1422 4209  572 2013 4210  1125 2013 4210  1125 1871 4211  502 1871 4211  2262 3792 4212  1121 3792 4212  1121 1941 4213  533 1941 4213  173 2048 4214  1166 2048 4214  527 1827 4215  1166 1827 4215  543 2821 4216  1166 2821 4216  735 2335 4217  1192 2335 4217  559 1613 4218  1192 1613 4218  1192 1932 4219  549 1932 4219  554 3638 4220  1152 3638 4220  392 2791 4221  1359 2791 4221  1327 2252 4222  2252 2921 4222  1604 3420 4223  590 3420 4223  1203 4027 4224  1204 4027 4224  1507 3246 4225  1204 3246 4225  2482 2813 4226  886 2813 4226  473 1285 4227  1127 4229 4231  1127 2379 4228  752 2379 4228  1285 1743 4231  85 1743 4231  1059 3963 4230  1473 3963 4230  1127 4227 4231  1285 4227 4231  533 3812 4232  1704 3812 4232  90 1990 4233  837 1990 4233  71 2369 4234  1596 2369 4234  2194 2298 4235  1147 2194 4235  1157 2178 4236  1019 2178 4236  31 1713 4237  1157 1713 4237  929 2001 4238  288 2001 4238  2004 4239 4269  9 4239 4269  1876 2200 4240  870 2200 4240  2115 3787 4241  1462 2115 4241  943 1412 4242  508 4242 4278  2055 3013 4243  899 3013 4243  78 2105 4244  934 2105 4244  161 3367 4245  1161 3367 4245  1161 2224 4246  357 2224 4246  1452 3244 4247  1452 2936 4247  445 1632 4248  1632 4248 4249  627 2343 4249  1141 2343 4249  1473 3963 4250  295 3963 4250  1916 3240 4251  1308 1916 4251  383 1307 4252  1308 4251 4253  1308 4252 4253  383 4252 4253  684 2794 4254  1218 2794 4254  1865 2632 4255  709 2632 4255  945 1834 4256  945 2915 4256  1694 4108 4257  330 4108 4257  337 2414 4258  1154 2414 4258  1062 3950 4259  1531 3950 4259  645 2115 4260  1511 2115 4260  119 2183 4261  1271 2183 4261  1271 2183 4262  574 2183 4262  1332 3015 4263  162 3015 4263  608 2261 4264  1234 2261 4264  1131 1848 4265  44 1848 4265  1131 2241 4266  701 2241 4266  2028 3119 4267  922 3119 4267  917 3442 4268  1328 3442 4268  7 3126 4318  9 4315 4318  514 1883 4270  1143 1883 4270  735 2705 4271  1137 2705 4271  18 1888 4272  1888 4272 4274  333 1637 4273  1156 1637 4273  503 1839 4274  1156 1839 4274  1421 3972 4275  1052 3972 4275  1130 3627 4276  1130 2235 4276  900 2649 4277  797 2649 4277  1412 4242 4278  1412 1712 4278  1165 2506 4279  183 2506 4279  1381 3372 4280  73 3372 4280  1592 3813 4281  426 3813 4281  1659 2395 4282  389 2395 4282  1744 3533 4283  936 3533 4283  1337 2542 4284  222 2542 4284  352 2730 4285  1228 2730 4285  519 1775 4286  519 2255 4286  478 2942 4287  478 1801 4287  682 2511 4288  682 2207 4288  1143 2626 4289  1143 1883 4289  1248 2343 4290  627 2343 4290  1940 3826 4291  518 3826 4291  2467 4016 4292  1113 2467 4292  876 1782 4293  876 2398 4293  1289 2377 4294  568 2377 4294  1289 2159 4295  179 2159 4295  459 1714 4296  459 2424 4296  1820 4261 4297  1271 4261 4297  1142 1989 4298  534 1989 4298  1142 2119 4299  107 2119 4299  1270 2406 4300  343 2406 4300  760 3390 4301  1996 3390 4301  182 1361 4302  1361 1420 4302  225 1910 4303  1170 1910 4303  516 1877 4304  1170 1877 4304  1170 1239 4305  523 1239 4305  1444 2949 4306  812 2949 4306  1136 3715 4307  2606 3715 4307  593 2519 4308  593 2409 4308  527 2713 4309  527 2048 4309  577 1908 4310  1149 1908 4310  1938 4310 4311  1149 4310 4311  576 2272 4312  1149 2272 4312  913 2619 4313  1325 2619 4313  959 2030 4314  111 2030 4314  7 4317 4318  4 11 4319  4316 4319 4320  4315 4317 4318  7 8 4317  9 4269 4318  3126 4269 4318  10 1826 4320  10 4316 4320  4 3370 4320  1826 3370 4320  19 3982 4321  12 19 4321  </DataArray>
<DataArray  type="UInt32"  Name="offsets"  format="ascii">3 6 9 12 15 18 21 24 27 30 33 36 39 42 45 48 51 54 57 60 63 66 69 72 75 78 81 84 87 90 93 96 99 102 105 108 111 114 117 120 123 126 129 132 135 138 141 144 147 150 153 156 159 162 165 168 171 174 177 180 183 186 189 192 195 198 201 204 207 210 213 216 219 222 225 228 231 234 237 240 243 246 249 252 255 258 261 264 267 270 273 276 279 282 285 288 291 294 297 300 303 306 309 312 315 318 321 324 327 330 333 336 339 342 345 348 351 354 357 360 363 366 369 372 375 378 381 384 387 390 393 396 399 402 405 408 411 414 417 420 423 426 429 432 435 438 441 444 447 450 453 456 459 462 465 468 471 474 477 480 483 486 489 492 495 498 501 504 507 510 513 516 519 522 525 528 531 534 537 540 543 546 549 552 555 558 561 564 567 570 573 576 579 582 585 588 591 594 597 600 603 606 609 612 615 618 621 624 627 630 633 636 639 642 645 648 651 654 657 660 663 666 669 672 675 678 681 684 687 690 693 696 699 702 705 708 711 714 717 720 723 726 729 732 735 738 741 744 747 750 753 756 759 762 765 768 771 774 777 780 783 786 789 792 795 798 801 804 807 810 813 816 819 822 825 828 831 834 837 840 843 846 849 852 855 858 861 864 867 870 873 876 879 882 885 888 891 894 897 900 903 906 909 912 915 918 921 924 927 930 933 936 939 942 945 948 951 954 957 960 963 966 969 972 975 978 981 984 987 990 993 996 999 1002 1005 1008 1011 1014 1017 1020 1023 1026 1029 1032 1035 1038 1041 1044 1047 1050 1053 1056 1059 1062 1065 1068 1071 1074 1077 1080 1083 1086 1089 1092 1095 1098 1101 1104 1107 1110 1113 1116 1119 1122 1125 1128 1131 1134 1137 1140 1143 1146 1149 1152 1155 1158 1161 1164 1167 1170 1173 1176 1179 1182 1185 1188 1191 1194 1197 1200 1203 1206 1209 1212 1215 1218 1221 1224 1227 1230 1233 1236 1239 1242 1245 1248 1251 1254 1257 1260 1263 1266 1269 1272 1275 1278 1281 1284 1287 1290 1293 1296 1299 1302 1305 1308 1311 1314 1317 1320 1323 1326 1329 1332 1335 1338 1341 1344 1347 1350 1353 1356 1359 1362 1365 1368 1371 1374 1377 1380 1383 1386 1389 1392 1395 1398 1401 1404 1407 1410 1413 1416 1419 1422 1425 1428 1431 1434 1437 1440 1443 1446 1449 1452 1455 1458 1461 1464 1467 1470 1473 1476 1479 1482 1485 1488 1491 1494 1497 1500 1503 1506 1509 1512 1515 1518 1521 1524 1527 1530 1533 1536 1539 1542 1545 1548 1551 1554 1557 1560 1563 1566 1569 1572 1575 1578 1581 1584 1587 1590 1593 1596 1599 1602 1605 1608 1611 1614 1617 1620 1623 1626 1629 1632 1635 1638 1641 1644 1647 1650 1653 1656 1659 1662 1665 1668 1671 1674 1677 1680 1683 1686 1689 1692 1695 1698 1701 1704 1707 1710 1713 1716 1719 1722 1725 1728 1731 1734 1737 1740 1743 1746 1749 1752 1755 1758 1761 1764 1767 1770 1773 1776 1779 1782 1785 1788 1791 1794 1797 1800 1803 1806 1809 1812 1815 1818 1821 1824 1827 1830 1833 1836 1839 1842 1845 1848 1851 1854 1857 1860 1863 1866 1869 1872 1875 1878 1881 1884 1887 1890 1893 1896 1899 1902 1905 1908 1911 1914 1917 1920 1923 1926 1929 1932 1935 1938 1941 1944 1947 1950 1953 1956 1959 1962 1965 1968 1971 1974 1977 1980 1983 1986 1989 1992 1995 1998 2001 2004 2007 2010 2013 2016 2019 2022 2025 2028 2031 2034 2037 2040 2043 2046 2049 2052 2055 2058 2061 2064 2067 2070 2073 2076 2079 2082 2085 2088 2091 2094 2097 2100 2103 2106 2109 2112 2115 2118 2121 2124 2127 2130 2133 2136 2139 2142 2145 2148 2151 2154 2157 2160 2163 2166 2169 2172 2175 2178 2181 2184 2187 2190 2193 2196 2199 2202 2205 2208 2211 2214 2217 2220 2223 2226 2229 2232 2235 2238 2241 2244 2247 2250 2253 2256 2259 2262 2265 2268 2271 2274 2277 2280 2283 2286 2289 2292 2295 2298 2301 2304 2307 2310 2313 2316 2319 2322 2325 2328 2331 2334 2337 2340 2343 2346 2349 2352 2355 2358 2361 2364 2367 2370 2373 2376 2379 2382 2385 2388 2391 2394 2397 2400 2403 2406 2409 2412 2415 2418 2421 2424 2427 2430 2433 2436 2439 2442 2445 2448 2451 2454 2457 2460 2463 2466 2469 2472 2475 2478 2481 2484 2487 2490 2493 2496 2499 2502 2505 2508 2511 2514 2517 2520 2523 2526 2529 2532 2535 2538 2541 2544 2547 2550 2553 2556 2559 2562 2565 2568 2571 2574 2577 2580 2583 2586 2589 2592 2595 2598 2601 2604 2607 2610 2613 2616 2619 2622 2625 2628 2631 2634 2637 2640 2643 2646 2649 2652 2655 2658 2661 2664 2667 2670 2673 2676 2679 2682 2685 2688 2691 2694 2697 2700 2703 2706 2709 2712 2715 2718 2721 2724 2727 2730 2733 2736 2739 2742 2745 2748 2751 2754 2757 2760 2763 2766 2769 2772 2775 2778 2781 2784 2787 2790 2793 2796 2799 2802 2805 2808 2811 2814 2817 2820 2823 2826 2829 2832 2835 2838 2841 2844 2847 2850 2853 2856 2859 2862 2865 2868 2871 2874 2877 2880 2883 2886 2889 2892 2895 2898 2901 2904 2907 2910 2913 2916 2919 2922 2925 2928 2931 2934 2937 2940 2943 2946 2949 2952 2955 2958 2961 2964 2967 2970 2973 2976 2979 2982 2985 2988 2991 2994 2997 3000 3003 3006 3009 3012 3015 3018 3021 3024 3027 3030 3033 3036 3039 3042 3045 3048 3051 3054 3057 3060 3063 3066 3069 3072 3075 3078 3081 3084 3087 3090 3093 3096 3099 3102 3105 3108 3111 3114 3117 3120 3123 3126 3129 3132 3135 3138 3141 3144 3147 3150 3153 3156 3159 3162 3165 3168 3171 3174 3177 3180 3183 3186 3189 3192 3195 3198 3201 3204 3207 3210 3213 3216 3219 3222 3225 3228 3231 3234 3237 3240 3243 3246 3249 3252 3255 3258 3261 3264 3267 3270 3273 3276 3279 3282 3285 3288 3291 3294 3297 3300 3303 3306 3309 3312 3315 3318 3321 3324 3327 3330 3333 3336 3339 3342 3345 3348 3351 3354 3357 3360 3363 3366 3369 3372 3375 3378 3381 3384 3387 3390 3393 3396 3399 3402 3405 3408 3411 3414 3417 3420 3423 3426 3429 3432 3435 3438 3441 3444 3447 3450 3453 3456 3459 3462 3465 3468 3471 3474 3477 3480 3483 3486 3489 3492 3495 3498 3501 3504 3507 3510 3513 3516 3519 3522 3525 3528 3531 3534 3537 3540 3543 3546 3549 3552 3555 3558 3561 3564 3567 3570 3573 3576 3579 3582 3585 3588 3591 3594 3597 3600 3603 3606 3609 3612 3615 3618 3621 3624 3627 3630 3633 3636 3639 3642 3645 3648 3651 3654 3657 3660 3663 3666 3669 3672 3675 3678 3681 3684 3687 3690 3693 3696 3699 3702 3705 3708 3711 3714 3717 3720 3723 3726 3729 3732 3735 3738 3741 3744 3747 3750 3753 3756 3759 3762 3765 3768 3771 3774 3777 3780 3783 3786 3789 3792 3795 3798 3801 3804 3807 3810 3813 3816 3819 3822 3825 3828 3831 3834 3837 3840 3843 3846 3849 3852 3855 3858 3861 3864 3867 3870 3873 3876 3879 3882 3885 3888 3891 3894 3897 3900 3903 3906 3909 3912 3915 3918 3921 3924 3927 3930 3933 3936 3939 3942 3945 3948 3951 3954 3957 3960 3963 3966 3969 3972 3975 3978 3981 3984 3987 3990 3993 3996 3999 4002 4005 4008 4011 4014 4017 4020 4023 4026 4029 4032 4035 4038 4041 4044 4047 4050 4053 4056 4059 4062 4065 4068 4071 4074 4077 4080 4083 4086 4089 4092 4095 4098 4101 4104 4107 4110 4113 4116 4119 4122 4125 4128 4131 4134 4137 4140 4143 4146 4149 4152 4155 4158 4161 4164 4167 4170 4173 4176 4179 4182 4185 4188 4191 4194 4197 4200 4203 4206 4209 4212 4215 4218 4221 4224 4227 4230 4233 4236 4239 4242 4245 4248 4251 4254 4257 4260 4263 4266 4269 4272 4275 4278 4281 4284 4287 4290 4293 4296 4299 4302 4305 4308 4311 4314 4317 4320 4323 4326 4329 4332 4335 4338 4341 4344 4347 4350 4353 4356 4359 4362 4365 4368 4371 4374 4377 4380 4383 4386 4389 4392 4395 4398 4401 4404 4407 4410 4413 4416 4419 4422 4425 4428 4431 4434 4437 4440 4443 4446 4449 4452 4455 4458 4461 4464 4467 4470 4473 4476 4479 4482 4485 4488 4491 4494 4497 4500 4503 4506 4509 4512 4515 4518 4521 4524 4527 4530 4533 4536 4539 4542 4545 4548 4551 4554 4557 4560 4563 4566 4569 4572 4575 4578 4581 4584 4587 4590 4593 4596 4599 4602 4605 4608 4611 4614 4617 4620 4623 4626 4629 4632 4635 4638 4641 4644 4647 4650 4653 4656 4659 4662 4665 4668 4671 4674 4677 4680 4683 4686 4689 4692 4695 4698 4701 4704 4707 4710 4713 4716 4719 4722 4725 4728 4731 4734 4737 4740 4743 4746 4749 4752 4755 4758 4761 4764 4767 4770 4773 4776 4779 4782 4785 4788 4791 4794 4797 4800 4803 4806 4809 4812 4815 4818 4821 4824 4827 4830 4833 4836 4839 4842 4845 4848 4851 4854 4857 4860 4863 4866 4869 4872 4875 4878 4881 4884 4887 4890 4893 4896 4899 4902 4905 4908 4911 4914 4917 4920 4923 4926 4929 4932 4935 4938 4941 4944 4947 4950 4953 4956 4959 4962 4965 4968 4971 4974 4977 4980 4983 4986 4989 4992 4995 4998 5001 5004 5007 5010 5013 5016 5019 5022 5025 5028 5031 5034 5037 5040 5043 5046 5049 5052 5055 5058 5061 5064 5067 5070 5073 5076 5079 5082 5085 5088 5091 5094 5097 5100 5103 5106 5109 5112 5115 5118 5121 5124 5127 5130 5133 5136 5139 5142 5145 5148 5151 5154 5157 5160 5163 5166 5169 5172 5175 5178 5181 5184 5187 5190 5193 5196 5199 5202 5205 5208 5211 5214 5217 5220 5223 5226 5229 5232 5235 5238 5241 5244 5247 5250 5253 5256 5259 5262 5265 5268 5271 5274 5277 5280 5283 5286 5289 5292 5295 5298 5301 5304 5307 5310 5313 5316 5319 5322 5325 5328 5331 5334 5337 5340 5343 5346 5349 5352 5355 5358 5361 5364 5367 5370 5373 5376 5379 5382 5385 5388 5391 5394 5397 5400 5403 5406 5409 5412 5415 5418 5421 5424 5427 5430 5433 5436 5439 5442 5445 5448 5451 5454 5457 5460 5463 5466 5469 5472 5475 5478 5481 5484 5487 5490 5493 5496 5499 5502 5505 5508 5511 5514 5517 5520 5523 5526 5529 5532 5535 5538 5541 5544 5547 5550 5553 5556 5559 5562 5565 5568 5571 5574 5577 5580 5583 5586 5589 5592 5595 5598 5601 5604 5607 5610 5613 5616 5619 5622 5625 5628 5631 5634 5637 5640 5643 5646 5649 5652 5655 5658 5661 5664 5667 5670 5673 5676 5679 5682 5685 5688 5691 5694 5697 5700 5703 5706 5709 5712 5715 5718 5721 5724 5727 5730 5733 5736 5739 5742 5745 5748 5751 5754 5757 5760 5763 5766 5769 5772 5775 5778 5781 5784 5787 5790 5793 5796 5799 5802 5805 5808 5811 5814 5817 5820 5823 5826 5829 5832 5835 5838 5841 5844 5847 5850 5853 5856 5859 5862 5865 5868 5871 5874 5877 5880 5883 5886 5889 5892 5895 5898 5901 5904 5907 5910 5913 5916 5919 5922 5925 5928 5931 5934 5937 5940 5943 5946 5949 5952 5955 5958 5961 5964 5967 5970 5973 5976 5979 5982 5985 5988 5991 5994 5997 6000 6003 6006 6009 6012 6015 6018 6021 6024 6027 6030 6033 6036 6039 6042 6045 6048 6051 6054 6057 6060 6063 6066 6069 6072 6075 6078 6081 6084 6087 6090 6093 6096 6099 6102 6105 6108 6111 6114 6117 6120 6123 6126 6129 6132 6135 6138 6141 6144 6147 6150 6153 6156 6159 6162 6165 6168 6171 6174 6177 6180 6183 6186 6189 6192 6195 6198 6201 6204 6207 6210 6213 6216 6219 6222 6225 6228 6231 6234 6237 6240 6243 6246 6249 6252 6255 6258 6261 6264 6267 6270 6273 6276 6279 6282 6285 6288 6291 6294 6297 6300 6303 6306 6309 6312 6315 6318 6321 6324 6327 6330 6333 6336 6339 6342 6345 6348 6351 6354 6357 6360 6363 6366 6369 6372 6375 6378 6381 6384 6387 6390 6393 6396 6399 6402 6405 6408 6411 6414 6417 6420 6423 6426 6429 6432 6435 6438 6441 6444 6447 6450 6453 6456 6459 6462 6465 6468 6471 6474 6477 6480 6483 6486 6489 6492 6495 6498 6501 6504 6507 6510 6513 6516 6519 6522 6525 6528 6531 6534 6537 6540 6543 6546 6549 6552 6555 6558 6561 6564 6567 6570 6573 6576 6579 6582 6585 6588 6591 6594 6597 6600 6603 6606 6609 6612 6615 6618 6621 6624 6627 6630 6633 6636 6639 6642 6645 6648 6651 6654 6657 6660 6663 6666 6669 6672 6675 6678 6681 6684 6687 6690 6693 6696 6699 6702 6705 6708 6711 6714 6717 6720 6723 6726 6729 6732 6735 6738 6741 6744 6747 6750 6753 6756 6759 6762 6765 6768 6771 6774 6777 6780 6783 6786 6789 6792 6795 6798 6801 6804 6807 6810 6813 6816 6819 6822 6825 6828 6831 6834 6837 6840 6843 6846 6849 6852 6855 6858 6861 6864 6867 6870 6873 6876 6879 6882 6885 6888 6891 6894 6897 6900 6903 6906 6909 6912 6915 6918 6921 6924 6927 6930 6933 6936 6939 6942 6945 6948 6951 6954 6957 6960 6963 6966 6969 6972 6975 6978 6981 6984 6987 6990 6993 6996 6999 7002 7005 7008 7011 7014 7017 7020 7023 7026 7029 7032 7035 7038 7041 7044 7047 7050 7053 7056 7059 7062 7065 7068 7071 7074 7077 7080 7083 7086 7089 7092 7095 7098 7101 7104 7107 7110 7113 7116 7119 7122 7125 7128 7131 7134 7137 7140 7143 7146 7149 7152 7155 7158 7161 7164 7167 7170 7173 7176 7179 7182 7185 7188 7191 7194 7197 7200 7203 7206 7209 7212 7215 7218 7221 7224 7227 7230 7233 7236 7239 7242 7245 7248 7251 7254 7257 7260 7263 7266 7269 7272 7275 7278 7281 7284 7287 7290 7293 7296 7299 7302 7305 7308 7311 7314 7317 7320 7323 7326 7329 7332 7335 7338 7341 7344 7347 7350 7353 7356 7359 7362 7365 7368 7371 7374 7377 7380 7383 7386 7389 7392 7395 7398 7401 7404 7407 7410 7413 7416 7419 7422 7425 7428 7431 7434 7437 7440 7443 7446 7449 7452 7455 7458 7461 7464 7467 7470 7473 7476 7479 7482 7485 7488 7491 7494 7497 7500 7503 7506 7509 7512 7515 7518 7521 7524 7527 7530 7533 7536 7539 7542 7545 7548 7551 7554 7557 7560 7563 7566 7569 7572 7575 7578 7581 7584 7587 7590 7593 7596 7599 7602 7605 7608 7611 7614 7617 7620 7623 7626 7629 7632 7635 7638 7641 7644 7647 7650 7653 7656 7659 7662 7665 7668 7671 7674 7677 7680 7683 7686 7689 7692 7695 7698 7701 7704 7707 7710 7713 7716 7719 7722 7725 7728 7731 7734 7737 7740 7743 7746 7749 7752 7755 7758 7761 7764 7767 7770 7773 7776 7779 7782 7785 7788 7791 7794 7797 7800 7803 7806 7809 7812 7815 7818 7821 7824 7827 7830 7833 7836 7839 7842 7845 7848 7851 7854 7857 7860 7863 7866 7869 7872 7875 7878 7881 7884 7887 7890 7893 7896 7899 7902 7905 7908 7911 7914 7917 7920 7923 7926 7929 7932 7935 7938 7941 7944 7947 7950 7953 7956 7959 7962 7965 7968 7971 7974 7977 7980 7983 7986 7989 7992 7995 7998 8001 8004 8007 8010 8013 8016 8019 8022 8025 8028 8031 8034 8037 8040 8043 8046 8049 8052 8055 8058 8061 8064 8067 8070 8073 8076 8079 8082 8085 8088 8091 8094 8097 8100 8103 8106 8109 8112 8115 8118 8121 8124 8127 8130 8133 8136 8139 8142 8145 8148 8151 8154 8157 8160 8163 8166 8169 8172 8175 8178 8181 8184 8187 8190 8193 8196 8199 8202 8205 8208 8211 8214 8217 8220 8223 8226 8229 8232 8235 8238 8241 8244 8247 8250 8253 8256 8259 8262 8265 8268 8271 8274 8277 8280 8283 8286 8289 8292 8295 8298 8301 8304 8307 8310 8313 8316 8319 8322 8325 8328 8331 8334 8337 8340 8343 8346 8349 8352 8355 8358 8361 8364 8367 8370 8373 8376 8379 8382 8385 8388 8391 8394 8397 8400 8403 8406 8409 8412 8415 8418 8421 8424 8427 8430 8433 8436 8439 8442 8445 8448 8451 8454 8457 8460 8463 8466 8469 8472 8475 8478 8481 8484 8487 8490 8493 8496 8499 8502 8505 8508 8511 8514 8517 8520 8523 8526 8529 8532 8535 8538 8541 8544 8547 8550 8553 8556 8559 8562 8565 8568 8571 8574 8577 8580 8583 8586 8589 8592 8595 8598 8601 8604 8607 8610 8613 8616 8619 8622 8625 8628 8631 8634 8637 8640 8643 8646 8649 8652 8655 8658 8661 8664 8667 8670 8673 8676 8679 8682 8685 8688 8691 8694 8697 8700 8703 8706 8709 8712 8715 8718 8721 8724 8727 8730 8733 8736 8739 8742 8745 8748 8751 8754 8757 8760 8763 8766 8769 8772 8775 8778 8781 8784 8787 8790 8793 8796 8799 8802 8805 8808 8811 8814 8817 8820 8823 8826 8829 8832 8835 8838 8841 8844 8847 8850 8853 8856 8859 8862 8865 8868 8871 8874 8877 8880 8883 8886 8889 8892 8895 8898 8901 8904 8907 8910 8913 8916 8919 8922 8925 8928 8931 8934 8937 8940 8943 8946 8949 8952 8955 8958 8961 8964 8967 8970 8973 8976 8979 8982 8985 8988 8991 8994 8997 9000 9003 9006 9009 9012 9015 9018 9021 9024 9027 9030 9033 9036 9039 9042 9045 9048 9051 9054 9057 9060 9063 9066 9069 9072 9075 9078 9081 9084 9087 9090 9093 9096 9099 9102 9105 9108 9111 9114 9117 9120 9123 9126 9129 9132 9135 9138 9141 9144 9147 9150 9153 9156 9159 9162 9165 9168 9171 9174 9177 9180 9183 9186 9189 9192 9195 9198 9201 9204 9207 9210 9213 9216 9219 9222 9225 9228 9231 9234 9237 9240 9243 9246 9249 9252 9255 9258 9261 9264 9267 9270 9273 9276 9279 9282 9285 9288 9291 9294 9297 9300 9303 9306 9309 9312 9315 9318 9321 9324 9327 9330 9333 9336 9339 9342 9345 9348 9351 9354 9357 9360 9363 9366 9369 9372 9375 9378 9381 9384 9387 9390 9393 9396 9399 9402 9405 9408 9411 9414 9417 9420 9423 9426 9429 9432 9435 9438 9441 9444 9447 9450 9453 9456 9459 9462 9465 9468 9471 9474 9477 9480 9483 9486 9489 9492 9495 9498 9501 9504 9507 9510 9513 9516 9519 9522 9525 9528 9531 9534 9537 9540 9543 9546 9549 9552 9555 9558 9561 9564 9567 9570 9573 9576 9579 9582 9585 9588 9591 9594 9597 9600 9603 9606 9609 9612 9615 9618 9621 9624 9627 9630 9633 9636 9639 9642 9645 9648 9651 9654 9657 9660 9663 9666 9669 9672 9675 9678 9681 9684 9687 9690 9693 9696 9699 9702 9705 9708 9711 9714 9717 9720 9723 9726 9729 9732 9735 9738 9741 9744 9747 9750 9753 9756 9759 9762 9765 9768 9771 9774 9777 9780 9783 9786 9789 9792 9795 9798 9801 9804 9807 9810 9813 9816 9819 9822 9825 9828 9831 9834 9837 9840 9843 9846 9849 9852 9855 9858 9861 9864 9867 9870 9873 9876 9879 9882 9885 9888 9891 9894 9897 9900 9903 9906 9909 9912 9915 9918 9921 9924 9927 9930 9933 9936 9939 9942 9945 9948 9951 9954 9957 9960 9963 9966 9969 9972 9975 9978 9981 9984 9987 9990 9993 9996 9999 10002 10005 10008 10011 10014 10017 10020 10023 10026 10029 10032 10035 10038 10041 10044 10047 10050 10053 10056 10059 10062 10065 10068 10071 10074 10077 10080 10083 10086 10089 10092 10095 10098 10101 10104 10107 10110 10113 10116 10119 10122 10125 10128 10131 10134 10137 10140 10143 10146 10149 10152 10155 10158 10161 10164 10167 10170 10173 10176 10179 10182 10185 10188 10191 10194 10197 10200 10203 10206 10209 10212 10215 10218 10221 10224 10227 10230 10233 10236 10239 10242 10245 10248 10251 10254 10257 10260 10263 10266 10269 10272 10275 10278 10281 10284 10287 10290 10293 10296 10299 10302 10305 10308 10311 10314 10317 10320 10323 10326 10329 10332 10335 10338 10341 10344 10347 10350 10353 10356 10359 10362 10365 10368 10371 10374 10377 10380 10383 10386 10389 10392 10395 10398 10401 10404 10407 10410 10413 10416 10419 10422 10425 10428 10431 10434 10437 10440 10443 10446 10449 10452 10455 10458 10461 10464 10467 10470 10473 10476 10479 10482 10485 10488 10491 10494 10497 10500 10503 10506 10509 10512 10515 10518 10521 10524 10527 10530 10533 10536 10539 10542 10545 10548 10551 10554 10557 10560 10563 10566 10569 10572 10575 10578 10581 10584 10587 10590 10593 10596 10599 10602 10605 10608 10611 10614 10617 10620 10623 10626 10629 10632 10635 10638 10641 10644 10647 10650 10653 10656 10659 10662 10665 10668 10671 10674 10677 10680 10683 10686 10689 10692 10695 10698 10701 10704 10707 10710 10713 10716 10719 10722 10725 10728 10731 10734 10737 10740 10743 10746 10749 10752 10755 10758 10761 10764 10767 10770 10773 10776 10779 10782 10785 10788 10791 10794 10797 10800 10803 10806 10809 10812 10815 10818 10821 10824 10827 10830 10833 10836 10839 10842 10845 10848 10851 10854 10857 10860 10863 10866 10869 10872 10875 10878 10881 10884 10887 10890 10893 10896 10899 10902 10905 10908 10911 10914 10917 10920 10923 10926 10929 10932 10935 10938 10941 10944 10947 10950 10953 10956 10959 10962 10965 10968 10971 10974 10977 10980 10983 10986 10989 10992 10995 10998 11001 11004 11007 11010 11013 11016 11019 11022 11025 11028 11031 11034 11037 11040 11043 11046 11049 11052 11055 11058 11061 11064 11067 11070 11073 11076 11079 11082 11085 11088 11091 11094 11097 11100 11103 11106 11109 11112 11115 11118 11121 11124 11127 11130 11133 11136 11139 11142 11145 11148 11151 11154 11157 11160 11163 11166 11169 11172 11175 11178 11181 11184 11187 11190 11193 11196 11199 11202 11205 11208 11211 11214 11217 11220 11223 11226 11229 11232 11235 11238 11241 11244 11247 11250 11253 11256 11259 11262 11265 11268 11271 11274 11277 11280 11283 11286 11289 11292 11295 11298 11301 11304 11307 11310 11313 11316 11319 11322 11325 11328 11331 11334 11337 11340 11343 11346 11349 11352 11355 11358 11361 11364 11367 11370 11373 11376 11379 11382 11385 11388 11391 11394 11397 11400 11403 11406 11409 11412 11415 11418 11421 11424 11427 11430 11433 11436 11439 11442 11445 11448 11451 11454 11457 11460 11463 11466 11469 11472 11475 11478 11481 11484 11487 11490 11493 11496 11499 11502 11505 11508 11511 11514 11517 11520 11523 11526 11529 11532 11535 11538 11541 11544 11547 11550 11553 11556 11559 11562 11565 11568 11571 11574 11577 11580 11583 11586 11589 11592 11595 11598 11601 11604 11607 11610 11613 11616 11619 11622 11625 11628 11631 11634 11637 11640 11643 11646 11649 11652 11655 11658 11661 11664 11667 11670 11673 11676 11679 11682 11685 11688 11691 11694 11697 11700 11703 11706 11709 11712 11715 11718 11721 11724 11727 11730 11733 11736 11739 11742 11745 11748 11751 11754 11757 11760 11763 11766 11769 11772 11775 11778 11781 11784 11787 11790 11793 11796 11799 11802 11805 11808 11811 11814 11817 11820 11823 11826 11829 11832 11835 11838 11841 11844 11847 11850 11853 11856 11859 11862 11865 11868 11871 11874 11877 11880 11883 11886 11889 11892 11895 11898 11901 11904 11907 11910 11913 11916 11919 11922 11925 11928 11931 11934 11937 11940 11943 11946 11949 11952 11955 11958 11961 11964 11967 11970 11973 11976 11979 11982 11985 11988 11991 11994 11997 12000 12003 12006 12009 12012 12015 12018 12021 12024 12027 12030 12033 12036 12039 12042 12045 12048 12051 12054 12057 12060 12063 12066 12069 12072 12075 12078 12081 12084 12087 12090 12093 12096 12099 12102 12105 12108 12111 12114 12117 12120 12123 12126 12129 12132 12135 12138 12141 12144 12147 12150 12153 12156 12159 12162 12165 12168 12171 12174 12177 12180 12183 12186 12189 12192 12195 12198 12201 12204 12207 12210 12213 12216 12219 12222 12225 12228 12231 12234 12237 12240 12243 12246 12249 12252 12255 12258 12261 12264 12267 12270 12273 12276 12279 12282 12285 12288 12291 12294 12297 12300 12303 12306 12309 12312 12315 12318 12321 12324 12327 12330 12333 12336 12339 12342 12345 12348 12351 12354 12357 12360 12363 12366 12369 12372 12375 12378 12381 12384 12387 12390 12393 12396 12399 12402 12405 12408 12411 12414 12417 12420 12423 12426 12429 12432 12435 12438 12441 12444 12447 12450 12453 12456 12459 12462 12465 12468 12471 12474 12477 12480 12483 12486 12489 12492 12495 12498 12501 12504 12507 12510 12513 12516 12519 12522 12525 12528 12531 12534 12537 12540 12543 12546 12549 12552 12555 12558 12561 12564 12567 12570 12573 12576 12579 12582 12585 12588 12591 12594 12597 12600 12603 12606 12609 12612 12615 12618 12621 12624 12627 12630 12633 12636 12639 12642 12645 12648 12651 12654 12657 12660 12663 12666 12669 12672 12675 12678 12681 12684 12687 12690 12693 12696 12699 12702 12705 12708 12711 12714 12717 12720 12723 12726 12729 12732 12735 12738 12741 12744 12747 12750 12753 12756 12759 12762 12765 12768 12771 12774 12777 12780 12783 12786 12789 12792 12795 12798 12801 12804 12807 12810 12813 12816 12819 12822 12825 12828 12831 12834 12837 12840 12843 12846 12849 12852 12855 12858 12861 12864 12867 12870 12873 12876 12879 12882 12885 12888 12891 12894 12897 12900 12903 12906 12909 12912 12915 12918 12921 12924 12927 12930 12933 12936 12939 12942 12945 12948 12951 12954 12957 12960 12963 12966 12969 12972 12975 12978 12981 12984 12987 12990 12993 12996 12999 13002 13005 13008 13011 13014 13017 13020 13023 13026 13029 13032 13035 13038 13041 13044 13047 13050 13053 13056 13059 13062 13065 13068 13071 13074 13077 13080 13083 13086 13089 13092 13095 13098 13101 13104 13107 13110 13113 13116 13119 13122 13125 13128 13131 13134 13137 13140 13143 13146 13149 13152 13155 13158 13161 13164 13167 13170 13173 13176 13179 13182 13185 13188 13191 13194 13197 13200 13203 13206 13209 13212 13215 13218 13221 13224 13227 13230 13233 13236 13239 13242 13245 13248 13251 13254 13257 13260 13263 13266 13269 13272 13275 13278 13281 13284 13287 13290 13293 13296 13299 13302 13305 13308 13311 13314 13317 13320 13323 13326 13329 13332 13335 13338 13341 13344 13347 13350 13353 13356 13359 13362 13365 13368 13371 13374 13377 13380 13383 13386 13389 13392 13395 13398 13401 13404 13407 13410 13413 13416 13419 13422 13425 13428 13431 13434 13437 13440 13443 13446 13449 13452 13455 13458 13461 13464 13467 13470 13473 13476 13479 13482 13485 13488 13491 13494 13497 13500 13503 13506 13509 13512 13515 13518 13521 13524 13527 13530 13533 13536 13539 13542 13545 13548 13551 13554 13557 13560 13563 13566 13569 13572 13575 13578 13581 13584 13587 13590 13593 13596 13599 13602 13605 13608 13611 13614 13617 13620 13623 13626 13629 13632 13635 13638 13641 13644 13647 13650 13653 13656 13659 13662 13665 13668 13671 13674 13677 13680 13683 13686 13689 13692 13695 13698 13701 13704 13707 13710 13713 13716 13719 13722 13725 13728 13731 13734 13737 13740 13743 13746 13749 13752 13755 13758 13761 13764 13767 13770 13773 13776 13779 13782 13785 13788 13791 13794 13797 13800 13803 13806 13809 13812 13815 13818 13821 13824 13827 13830 13833 13836 13839 13842 13845 13848 13851 13854 13857 13860 13863 13866 13869 13872 13875 13878 13881 13884 13887 13890 13893 13896 13899 13902 13905 13908 13911 13914 13917 13920 13923 13926 13929 13932 13935 13938 13941 13944 13947 13950 13953 13956 13959 13962 13965 13968 13971 13974 13977 13980 13983 13986 13989 13992 13995 13998 14001 14004 14007 14010 14013 14016 14019 14022 14025 14028 14031 14034 14037 14040 14043 14046 14049 14052 14055 14058 14061 14064 14067 14070 14073 14076 14079 14082 14085 14088 14091 14094 14097 14100 14103 14106 14109 14112 14115 14118 14121 14124 14127 14130 14133 14136 14139 14142 14145 14148 14151 14154 14157 14160 14163 14166 14169 14172 14175 14178 14181 14184 14187 14190 14193 14196 14199 14202 14205 14208 14211 14214 14217 14220 14223 14226 14229 14232 14235 14238 14241 14244 14247 14250 14253 14256 14259 14262 14265 14268 14271 14274 14277 14280 14283 14286 14289 14292 14295 14298 14301 14304 14307 14310 14313 14316 14319 14322 14325 14328 14331 14334 14337 14340 14343 14346 14349 14352 14355 14358 14361 14364 14367 14370 14373 14376 14379 14382 14385 14388 14391 14394 14397 14400 14403 14406 14409 14412 14415 14418 14421 14424 14427 14430 14433 14436 14439 14442 14445 14448 14451 14454 14457 14460 14463 14466 14469 14472 14475 14478 14481 14484 14487 14490 14493 14496 14499 14502 14505 14508 14511 14514 14517 14520 14523 14526 14529 14532 14535 14538 14541 14544 14547 14550 14553 14556 14559 14562 14565 14568 14571 14574 14577 14580 14583 14586 14589 14592 14595 14598 14601 14604 14607 14610 14613 14616 14619 14622 14625 14628 14631 14634 14637 14640 14643 14646 14649 14652 14655 14658 14661 14664 14667 14670 14673 14676 14679 14682 14685 14688 14691 14694 14697 14700 14703 14706 14709 14712 14715 14718 14721 14724 14727 14730 14733 14736 14739 14742 14745 14748 14751 14754 14757 14760 14763 14766 14769 14772 14775 14778 14781 14784 14787 14790 14793 14796 14799 14802 14805 14808 14811 14814 14817 14820 14823 14826 14829 14832 14835 14838 14841 14844 14847 14850 14853 14856 14859 14862 14865 14868 14871 14874 14877 14880 14883 14886 14889 14892 14895 14898 14901 14904 14907 14910 14913 14916 14919 14922 14925 14928 14931 14934 14937 14940 14943 14946 14949 14952 14955 14958 14961 14964 14967 14970 14973 14976 14979 14982 14985 14988 14991 14994 14997 15000 15003 15006 15009 15012 15015 15018 15021 15024 15027 15030 15033 15036 15039 15042 15045 15048 15051 15054 15057 15060 15063 15066 15069 15072 15075 15078 15081 15084 15087 15090 15093 15096 15099 15102 15105 15108 15111 15114 15117 15120 15123 15126 15129 15132 15135 15138 15141 15144 15147 15150 15153 15156 15159 15162 15165 15168 15171 15174 15177 15180 15183 15186 15189 15192 15195 15198 15201 15204 15207 15210 15213 15216 15219 15222 15225 15228 15231 15234 15237 15240 15243 15246 15249 15252 15255 15258 15261 15264 15267 15270 15273 15276 15279 15282 15285 15288 15291 15294 15297 15300 15303 15306 15309 15312 15315 15318 15321 15324 15327 15330 15333 15336 15339 15342 15345 15348 15351 15354 15357 15360 15363 15366 15369 15372 15375 15378 15381 15384 15387 15390 15393 15396 15399 15402 15405 15408 15411 15414 15417 15420 15423 15426 15429 15432 15435 15438 15441 15444 15447 15450 15453 15456 15459 15462 15465 15468 15471 15474 15477 15480 15483 15486 15489 15492 15495 15498 15501 15504 15507 15510 15513 15516 15519 15522 15525 15528 15531 15534 15537 15540 15543 15546 15549 15552 15555 15558 15561 15564 15567 15570 15573 15576 15579 15582 15585 15588 15591 15594 15597 15600 15603 15606 15609 15612 15615 15618 15621 15624 15627 15630 15633 15636 15639 15642 15645 15648 15651 15654 15657 15660 15663 15666 15669 15672 15675 15678 15681 15684 15687 15690 15693 15696 15699 15702 15705 15708 15711 15714 15717 15720 15723 15726 15729 15732 15735 15738 15741 15744 15747 15750 15753 15756 15759 15762 15765 15768 15771 15774 15777 15780 15783 15786 15789 15792 15795 15798 15801 15804 15807 15810 15813 15816 15819 15822 15825 15828 15831 15834 15837 15840 15843 15846 15849 15852 15855 15858 15861 15864 15867 15870 15873 15876 15879 15882 15885 15888 15891 15894 15897 15900 15903 15906 15909 15912 15915 15918 15921 15924 15927 15930 15933 15936 15939 15942 15945 15948 15951 15954 15957 15960 15963 15966 15969 15972 15975 15978 15981 15984 15987 15990 15993 15996 15999 16002 16005 16008 16011 16014 16017 16020 16023 16026 16029 16032 16035 16038 16041 16044 16047 16050 16053 16056 16059 16062 16065 16068 16071 16074 16077 16080 16083 16086 16089 16092 16095 16098 16101 16104 16107 16110 16113 16116 16119 16122 16125 16128 16131 16134 16137 16140 16143 16146 16149 16152 16155 16158 16161 16164 16167 16170 16173 16176 16179 16182 16185 16188 16191 16194 16197 16200 16203 16206 16209 16212 16215 16218 16221 16224 16227 16230 16233 16236 16239 16242 16245 16248 16251 16254 16257 16260 16263 16266 16269 16272 16275 16278 16281 16284 16287 16290 16293 16296 16299 16302 16305 16308 16311 16314 16317 16320 16323 16326 16329 16332 16335 16338 16341 16344 16347 16350 16353 16356 16359 16362 16365 16368 16371 16374 16377 16380 16383 16386 16389 16392 16395 16398 16401 16404 16407 16410 16413 16416 16419 16422 16425 16428 16431 16434 16437 16440 16443 16446 16449 16452 16455 16458 16461 16464 16467 16470 16473 16476 16479 16482 16485 16488 16491 16494 16497 16500 16503 16506 16509 16512 16515 16518 16521 16524 16527 16530 16533 16536 16539 16542 16545 16548 16551 16554 16557 16560 16563 16566 16569 16572 16575 16578 16581 16584 16587 16590 16593 16596 16599 16602 16605 16608 16611 16614 16617 16620 16623 16626 16629 16632 16635 16638 16641 16644 16647 16650 16653 16656 16659 16662 16665 16668 16671 16674 16677 16680 16683 16686 16689 16692 16695 16698 16701 16704 16707 16710 16713 16716 16719 16722 16725 16728 16731 16734 16737 16740 16743 16746 16749 16752 16755 16758 16761 16764 16767 16770 16773 16776 16779 16782 16785 16788 16791 16794 16797 16800 16803 16806 16809 16812 16815 16818 16821 16824 16827 16830 16833 16836 16839 16842 16845 16848 16851 16854 16857 16860 16863 16866 16869 16872 16875 16878 16881 16884 16887 16890 16893 16896 16899 16902 16905 16908 16911 16914 16917 16920 16923 16926 16929 16932 16935 16938 16941 16944 16947 16950 16953 16956 16959 16962 16965 16968 16971 16974 16977 16980 16983 16986 16989 16992 16995 16998 17001 17004 17007 17010 17013 17016 17019 17022 17025 17028 17031 17034 17037 17040 17043 17046 17049 17052 17055 17058 17061 17064 17067 17070 17073 17076 17079 17082 17085 17088 17091 17094 17097 17100 17103 17106 17109 17112 17115 17118 17121 17124 17127 17130 17133 17136 17139 17142 17145 17148 17151 17154 17157 17160 17163 17166 17169 17172 17175 17178 17181 17184 17187 17190 17193 17196 17199 17202 17205 17208 17211 17214 17217 17220 17223 17226 17229 17232 17235 17238 17241 17244 17247 17250 17253 17256 17259 17262 17265 17268 17271 17274 17277 17280 17283 17286 17289 17292 17295 17298 17301 17304 17307 17310 17313 17316 17319 17322 17325 17328 17331 17334 17337 17340 17343 17346 17349 17352 17355 17358 17361 17364 17367 17370 17373 17376 17379 17382 17385 17388 17391 17394 17397 17400 17403 17406 17409 17412 17415 17418 17421 17424 17427 17430 17433 17436 17439 17442 17445 17448 17451 17454 17457 17460 17463 17466 17469 17472 17475 17478 17481 17484 17487 17490 17493 17496 17499 17502 17505 17508 17511 17514 17517 17520 17523 17526 17529 17532 17535 17538 17541 17544 17547 17550 17553 17556 17559 17562 17565 17568 17571 17574 17577 17580 17583 17586 17589 17592 17595 17598 17601 17604 17607 17610 17613 17616 17619 17622 17625 17628 17631 17634 17637 17640 17643 17646 17649 17652 17655 17658 17661 17664 17667 17670 17673 17676 17679 17682 17685 17688 17691 17694 17697 17700 17703 17706 17709 17712 17715 17718 17721 17724 17727 17730 17733 17736 17739 17742 17745 17748 17751 17754 17757 17760 17763 17766 17769 17772 17775 17778 17781 17784 17787 17790 17793 17796 17799 17802 17805 17808 17811 17814 17817 17820 17823 17826 17829 17832 17835 17838 17841 17844 17847 17850 17853 17856 17859 17862 17865 17868 17871 17874 17877 17880 17883 17886 17889 17892 17895 17898 17901 17904 17907 17910 17913 17916 17919 17922 17925 17928 17931 17934 17937 17940 17943 17946 17949 17952 17955 17958 17961 17964 17967 17970 17973 17976 17979 17982 17985 17988 17991 17994 17997 18000 18003 18006 18009 18012 18015 18018 18021 18024 18027 18030 18033 18036 18039 18042 18045 18048 18051 18054 18057 18060 18063 18066 18069 18072 18075 18078 18081 18084 18087 18090 18093 18096 18099 18102 18105 18108 18111 18114 18117 18120 18123 18126 18129 18132 18135 18138 18141 18144 18147 18150 18153 18156 18159 18162 18165 18168 18171 18174 18177 18180 18183 18186 18189 18192 18195 18198 18201 18204 18207 18210 18213 18216 18219 18222 18225 18228 18231 18234 18237 18240 18243 18246 18249 18252 18255 18258 18261 18264 18267 18270 18273 18276 18279 18282 18285 18288 18291 18294 18297 18300 18303 18306 18309 18312 18315 18318 18321 18324 18327 18330 18333 18336 18339 18342 18345 18348 18351 18354 18357 18360 18363 18366 18369 18372 18375 18378 18381 18384 18387 18390 18393 18396 18399 18402 18405 18408 18411 18414 18417 18420 18423 18426 18429 18432 18435 18438 18441 18444 18447 18450 18453 18456 18459 18462 18465 18468 18471 18474 18477 18480 18483 18486 18489 18492 18495 18498 18501 18504 18507 18510 18513 18516 18519 18522 18525 18528 18531 18534 18537 18540 18543 18546 18549 18552 18555 18558 18561 18564 18567 18570 18573 18576 18579 18582 18585 18588 18591 18594 18597 18600 18603 18606 18609 18612 18615 18618 18621 18624 18627 18630 18633 18636 18639 18642 18645 18648 18651 18654 18657 18660 18663 18666 18669 18672 18675 18678 18681 18684 18687 18690 18693 18696 18699 18702 18705 18708 18711 18714 18717 18720 18723 18726 18729 18732 18735 18738 18741 18744 18747 18750 18753 18756 18759 18762 18765 18768 18771 18774 18777 18780 18783 18786 18789 18792 18795 18798 18801 18804 18807 18810 18813 18816 18819 18822 18825 18828 18831 18834 18837 18840 18843 18846 18849 18852 18855 18858 18861 18864 18867 18870 18873 18876 18879 18882 18885 18888 18891 18894 18897 18900 18903 18906 18909 18912 18915 18918 18921 18924 18927 18930 18933 18936 18939 18942 18945 18948 18951 18954 18957 18960 18963 18966 18969 18972 18975 18978 18981 18984 18987 18990 18993 18996 18999 19002 19005 19008 19011 19014 19017 19020 19023 19026 19029 19032 19035 19038 19041 19044 19047 19050 19053 19056 19059 19062 19065 19068 19071 19074 19077 19080 19083 19086 19089 19092 19095 19098 19101 19104 19107 19110 19113 19116 19119 19122 19125 19128 19131 19134 19137 19140 19143 19146 19149 19152 19155 19158 19161 19164 19167 19170 19173 19176 19179 19182 19185 19188 19191 19194 19197 19200 19203 19206 19209 19212 19215 19218 19221 19224 19227 19230 19233 19236 19239 19242 19245 19248 19251 19254 19257 19260 19263 19266 19269 19272 19275 19278 19281 19284 19287 19290 19293 19296 19299 19302 19305 19308 19311 19314 19317 19320 19323 19326 19329 19332 19335 19338 19341 19344 19347 19350 19353 19356 19359 19362 19365 19368 19371 19374 19377 19380 19383 19386 19389 19392 19395 19398 19401 19404 19407 19410 19413 19416 19419 19422 19425 19428 19431 19434 19437 19440 19443 19446 19449 19452 19455 19458 19461 19464 19467 19470 19473 19476 19479 19482 19485 19488 19491 19494 19497 19500 19503 19506 19509 19512 19515 19518 19521 19524 19527 19530 19533 19536 19539 19542 19545 19548 19551 19554 19557 19560 19563 19566 19569 19572 19575 19578 19581 19584 19587 19590 19593 19596 19599 19602 19605 19608 19611 19614 19617 19620 19623 19626 19629 19632 19635 19638 19641 19644 19647 19650 19653 19656 19659 19662 19665 19668 19671 19674 19677 19680 19683 19686 19689 19692 19695 19698 19701 19704 19707 19710 19713 19716 19719 19722 19725 19728 19731 19734 19737 19740 19743 19746 19749 19752 19755 19758 19761 19764 19767 19770 19773 19776 19779 19782 19785 19788 19791 19794 19797 19800 19803 19806 19809 19812 19815 19818 19821 19824 19827 19830 19833 19836 19839 19842 19845 19848 19851 19854 19857 19860 19863 19866 19869 19872 19875 19878 19881 19884 19887 19890 19893 19896 19899 19902 19905 19908 19911 19914 19917 19920 19923 19926 19929 19932 19935 19938 19941 19944 19947 19950 19953 19956 19959 19962 19965 19968 19971 19974 19977 19980 19983 19986 19989 19992 19995 19998 20001 20004 20007 20010 20013 20016 20019 20022 20025 20028 20031 20034 20037 20040 20043 20046 20049 20052 20055 20058 20061 20064 20067 20070 20073 20076 20079 20082 20085 20088 20091 20094 20097 20100 20103 20106 20109 20112 20115 20118 20121 20124 20127 20130 20133 20136 20139 20142 20145 20148 20151 20154 20157 20160 20163 20166 20169 20172 20175 20178 20181 20184 20187 20190 20193 20196 20199 20202 20205 20208 20211 20214 20217 20220 20223 20226 20229 20232 20235 20238 20241 20244 20247 20250 20253 20256 20259 20262 20265 20268 20271 20274 20277 20280 20283 20286 20289 20292 20295 20298 20301 20304 20307 20310 20313 20316 20319 20322 20325 20328 20331 20334 20337 20340 20343 20346 20349 20352 20355 20358 20361 20364 20367 20370 20373 20376 20379 20382 20385 20388 20391 20394 20397 20400 20403 20406 20409 20412 20415 20418 20421 20424 20427 20430 20433 20436 20439 20442 20445 20448 20451 20454 20457 20460 20463 20466 20469 20472 20475 20478 20481 20484 20487 20490 20493 20496 20499 20502 20505 20508 20511 20514 20517 20520 20523 20526 20529 20532 20535 20538 20541 20544 20547 20550 20553 20556 20559 20562 20565 20568 20571 20574 20577 20580 20583 20586 20589 20592 20595 20598 20601 20604 20607 20610 20613 20616 20619 20622 20625 20628 20631 20634 20637 20640 20643 20646 20649 20652 20655 20658 20661 20664 20667 20670 20673 20676 20679 20682 20685 20688 20691 20694 20697 20700 20703 20706 20709 20712 20715 20718 20721 20724 20727 20730 20733 20736 20739 20742 20745 20748 20751 20754 20757 20760 20763 20766 20769 20772 20775 20778 20781 20784 20787 20790 20793 20796 20799 20802 20805 20808 20811 20814 20817 20820 20823 20826 20829 20832 20835 20838 20841 20844 20847 20850 20853 20856 20859 20862 20865 20868 20871 20874 20877 20880 20883 20886 20889 20892 20895 20898 20901 20904 20907 20910 20913 20916 20919 20922 20925 20928 20931 20934 20937 20940 20943 20946 20949 20952 20955 20958 20961 20964 20967 20970 20973 20976 20979 20982 20985 20988 20991 20994 20997 21000 21003 21006 21009 21012 21015 21018 21021 21024 21027 21030 21033 21036 21039 21042 21045 21048 21051 21054 21057 21060 21063 21066 21069 21072 21075 21078 21081 21084 21087 21090 21093 21096 21099 21102 21105 21108 21111 21114 21117 21120 21123 21126 21129 21132 21135 21138 21141 21144 21147 21150 21153 21156 21159 21162 21165 21168 21171 21174 21177 21180 21183 21186 21189 21192 21195 21198 21201 21204 21207 21210 21213 21216 21219 21222 21225 21228 21231 21234 21237 21240 21243 21246 21249 21252 21255 21258 21261 21264 21267 21270 21273 21276 21279 21282 21285 21288 21291 21294 21297 21300 21303 21306 21309 21312 21315 21318 21321 21324 21327 21330 21333 21336 21339 21342 21345 21348 21351 21354 21357 21360 21363 21366 21369 21372 21375 21378 21381 21384 21387 21390 21393 21396 21399 21402 21405 21408 21411 21414 21417 21420 21423 21426 21429 21432 21435 21438 21441 21444 21447 21450 21453 21456 21459 21462 21465 21468 21471 21474 21477 21480 21483 21486 21489 21492 21495 21498 21501 21504 21507 21510 21513 21516 21519 21522 21525 21528 21531 21534 21537 21540 21543 21546 21549 21552 21555 21558 21561 21564 21567 21570 21573 21576 21579 21582 21585 21588 21591 21594 21597 21600 21603 21606 21609 21612 21615 21618 21621 21624 21627 21630 21633 21636 21639 21642 21645 21648 21651 21654 21657 21660 21663 21666 21669 21672 21675 21678 21681 21684 21687 21690 21693 21696 21699 21702 21705 21708 21711 21714 21717 21720 21723 21726 21729 21732 21735 21738 21741 21744 21747 21750 21753 21756 21759 21762 21765 21768 21771 21774 21777 21780 21783 21786 21789 21792 21795 21798 21801 21804 21807 21810 21813 21816 21819 21822 21825 21828 21831 21834 21837 21840 21843 21846 21849 21852 21855 21858 21861 21864 21867 21870 21873 21876 21879 21882 21885 21888 21891 21894 21897 21900 21903 21906 21909 21912 21915 21918 21921 21924 21927 21930 21933 21936 21939 21942 21945 21948 21951 21954 21957 21960 21963 21966 21969 21972 21975 21978 21981 21984 21987 21990 21993 21996 21999 22002 22005 22008 22011 22014 22017 22020 22023 22026 22029 22032 22035 22038 22041 22044 22047 22050 22053 22056 22059 22062 22065 22068 22071 22074 22077 22080 22083 22086 22089 22092 22095 22098 22101 22104 22107 22110 22113 22116 22119 22122 22125 22128 22131 22134 22137 22140 22143 22146 22149 22152 22155 22158 22161 22164 22167 22170 22173 22176 22179 22182 22185 22188 22191 22194 22197 22200 22203 22206 22209 22212 22215 22218 22221 22224 22227 22230 22233 22236 22239 22242 22245 22248 22251 22254 22257 22260 22263 22266 22269 22272 22275 22278 22281 22284 22287 22290 22293 22296 22299 22302 22305 22308 22311 22314 22317 22320 22323 22326 22329 22332 22335 22338 22341 22344 22347 22350 22353 22356 22359 22362 22365 22368 22371 22374 22377 22380 22383 22386 22389 22392 22395 22398 22401 22404 22407 22410 22413 22416 22419 22422 22425 22428 22431 22434 22437 22440 22443 22446 22449 22452 22455 22458 22461 22464 22467 22470 22473 22476 22479 22482 22485 22488 22491 22494 22497 22500 22503 22506 22509 22512 22515 22518 22521 22524 22527 22530 22533 22536 22539 22542 22545 22548 22551 22554 22557 22560 22563 22566 22569 22572 22575 22578 22581 22584 22587 22590 22593 22596 22599 22602 22605 22608 22611 22614 22617 22620 22623 22626 22629 22632 22635 22638 22641 22644 22647 22650 22653 22656 22659 22662 22665 22668 22671 22674 22677 22680 22683 22686 22689 22692 22695 22698 22701 22704 22707 22710 22713 22716 22719 22722 22725 22728 22731 22734 22737 22740 22743 22746 22749 22752 22755 22758 22761 22764 22767 22770 22773 22776 22779 22782 22785 22788 22791 22794 22797 22800 22803 22806 22809 22812 22815 22818 22821 22824 22827 22830 22833 22836 22839 22842 22845 22848 22851 22854 22857 22860 22863 22866 22869 22872 22875 22878 22881 22884 22887 22890 22893 22896 22899 22902 22905 22908 22911 22914 22917 22920 22923 22926 22929 22932 22935 22938 22941 22944 22947 22950 22953 22956 22959 22962 22965 22968 22971 22974 22977 22980 22983 22986 22989 22992 22995 22998 23001 23004 23007 23010 23013 23016 23019 23022 23025 23028 23031 23034 23037 23040 23043 23046 23049 23052 23055 23058 23061 23064 23067 23070 23073 23076 23079 23082 23085 23088 23091 23094 23097 23100 23103 23106 23109 23112 23115 23118 23121 23124 23127 23130 23133 23136 23139 23142 23145 23148 23151 23154 23157 23160 23163 23166 23169 23172 23175 23178 23181 23184 23187 23190 23193 23196 23199 23202 23205 23208 23211 23214 23217 23220 23223 23226 23229 23232 23235 23238 23241 23244 23247 23250 23253 23256 23259 23262 23265 23268 23271 23274 23277 23280 23283 23286 23289 23292 23295 23298 23301 23304 23307 23310 23313 23316 23319 23322 23325 23328 23331 23334 23337 23340 23343 23346 23349 23352 23355 23358 23361 23364 23367 23370 23373 23376 23379 23382 23385 23388 23391 23394 23397 23400 23403 23406 23409 23412 23415 23418 23421 23424 23427 23430 23433 23436 23439 23442 23445 23448 23451 23454 23457 23460 23463 23466 23469 23472 23475 23478 23481 23484 23487 23490 23493 23496 23499 23502 23505 23508 23511 23514 23517 23520 23523 23526 23529 23532 23535 23538 23541 23544 23547 23550 23553 23556 23559 23562 23565 23568 23571 23574 23577 23580 23583 23586 23589 23592 23595 23598 23601 23604 23607 23610 23613 23616 23619 23622 23625 23628 23631 23634 23637 23640 23643 23646 23649 23652 23655 23658 23661 23664 23667 23670 23673 23676 23679 23682 23685 23688 23691 23694 23697 23700 23703 23706 23709 23712 23715 23718 23721 23724 23727 23730 23733 23736 23739 23742 23745 23748 23751 23754 23757 23760 23763 23766 23769 23772 23775 23778 23781 23784 23787 23790 23793 23796 23799 23802 23805 23808 23811 23814 23817 23820 23823 23826 23829 23832 23835 23838 23841 23844 23847 23850 23853 23856 23859 23862 23865 23868 23871 23874 23877 23880 23883 23886 23889 23892 23895 23898 23901 23904 23907 23910 23913 23916 23919 23922 23925 23928 23931 23934 23937 23940 23943 23946 23949 23952 23955 23958 23961 23964 23967 23970 23973 23976 23979 23982 23985 23988 23991 23994 23997 24000 24003 24006 24009 24012 24015 24018 24021 24024 24027 24030 24033 24036 24039 24042 24045 24048 24051 24054 24057 24060 24063 24066 24069 24072 24075 24078 24081 24084 24087 24090 24093 24096 24099 24102 24105 24108 24111 24114 24117 24120 24123 24126 24129 24132 24135 24138 24141 24144 24147 24150 24153 24156 24159 24162 24165 24168 24171 24174 24177 24180 24183 24186 24189 24192 24195 24198 24201 24204 24207 24210 24213 24216 24219 24222 24225 24228 24231 24234 24237 24240 24243 24246 24249 24252 24255 24258 24261 24264 24267 24270 24273 24276 24279 24282 24285 24288 24291 24294 24297 24300 24303 24306 24309 24312 24315 24318 24321 24324 24327 24330 24333 24336 24339 24342 24345 24348 24351 24354 24357 24360 24363 24366 24369 24372 24375 24378 24381 24384 24387 24390 24393 24396 24399 24402 24405 24408 24411 24414 24417 24420 24423 24426 24429 24432 24435 24438 24441 24444 24447 24450 24453 24456 24459 24462 24465 24468 24471 24474 24477 24480 24483 24486 24489 24492 24495 24498 24501 24504 24507 24510 24513 24516 24519 24522 </DataArray>
<DataArray  type="UInt8"  Name="types"  format="ascii">5 5 5 5 5 5 5 5 5 5 5 5 5 5 5 5 5 5 5 5 5 5 5 5 5 5 5 5 5 5 5 5 5 5 5 5 5 5 5 5 5 5 5 5 5 5 5 5 5 5 5 5 5 5 5 5 5 5 5 5 5 5 5 5 5 5 5 5 5 5 5 5 5 5 5 5 5 5 5 5 5 5 5 5 5 5 5 5 5 5 5 5 5 5 5 5 5 5 5 5 5 5 5 5 5 5 5 5 5 5 5 5 5 5 5 5 5 5 5 5 5 5 5 5 5 5 5 5 5 5 5 5 5 5 5 5 5 5 5 5 5 5 5 5 5 5 5 5 5 5 5 5 5 5 5 5 5 5 5 5 5 5 5 5 5 5 5 5 5 5 5 5 5 5 5 5 5 5 5 5 5 5 5 5 5 5 5 5 5 5 5 5 5 5 5 5 5 5 5 5 5 5 5 5 5 5 5 5 5 5 5 5 5 5 5 5 5 5 5 5 5 5 5 5 5 5 5 5 5 5 5 5 5 5 5 5 5 5 5 5 5 5 5 5 5 5 5 5 5 5 5 5 5 5 5 5 5 5 5 5 5 5 5 5 5 5 5 5 5 5 5 5 5 5 5 5 5 5 5 5 5 5 5 5 5 5 5 5 5 5 5 5 5 5 5 5 5 5 5 5 5 5 5 5 5 5 5 5 5 5 5 5 5 5 5 5 5 5 5 5 5 5 5 5 5 5 5 5 5 5 5 5 5 5 5 5 5 5 5 5 5 5 5 5 5 5 5 5 5 5 5 5 5 5 5 5 5 5 5 5 5 5 5 5 5 5 5 5 5 5 5 5 5 5 5 5 5 5 5 5 5 5 5 5 5 5 5 5 5 5 5 5 5 5 5 5 5 5 5 5 5 5 5 5 5 5 5 5 5 5 5 5 5 5 5 5 5 5 5 5 5 5 5 5 5 5 5 5 5 5 5 5 5 5 5 5 5 5 5 5 5 5 5 5 5 5 5 5 5 5 5 5 5 5 5 5 5 5 5 5 5 5 5 5 5 5 5 5 5 5 5 5 5 5 5 5 5 5 5 5 5 5 5 5 5 5 5 5 5 5 5 5 5 5 5 5 5 5 5 5 5 5 5 5 5 5 5 5 5 5 5 5 5 5 5 5 5 5 5 5 5 5 5 5 5 5 5 5 5 5 5 5 5 5 5 5 5 5 5 5 5 5 5 5 5 5 5 5 5 5 5 5 5 5 5 5 5 5 5 5 5 5 5 5 5 5 5 5 5 5 5 5 5 5 5 5 5 5 5 5 5 5 5 5 5 5 5 5 5 5 5 5 5 5 5 5 5 5 5 5 5 5 5 5 5 5 5 5 5 5 5 5 5 5 5 5 5 5 5 5 5 5 5 5 5 5 5 5 5 5 5 5 5 5 5 5 5 5 5 5 5 5 5 5 5 5 5 5 5 5 5 5 5 5 5 5 5 5 5 5 5 5 5 5 5 5 5 5 5 5 5 5 5 5 5 5 5 5 5 5 5 5 5 5 5 5 5 5 5 5 5 5 5 5 5 5 5 5 5 5 5 5 5 5 5 5 5 5 5 5 5 5 5 5 5 5 5 5 5 5 5 5 5 5 5 5 5 5 5 5 5 5 5 5 5 5 5 5 5 5 5 5 5 5 5 5 5 5 5 5 5 5 5 5 5 5 5 5 5 5 5 5 5 5 5 5 5 5 5 5 5 5 5 5 5 5 5 5 5 5 5 5 5 5 5 5 5 5 5 5 5 5 5 5 5 5 5 5 5 5 5 5 5 5 5 5 5 5 5 5 5 5 5 5 5 5 5 5 5 5 5 5 5 5 5 5 5 5 5 5 5 5 5 5 5 5 5 5 5 5 5 5 5 5 5 5 5 5 5 5 5 5 5 5 5 5 5 5 5 5 5 5 5 5 5 5 5 5 5 5 5 5 5 5 5 5 5 5 5 5 5 5 5 5 5 5 5 5 5 5 5 5 5 5 5 5 5 5 5 5 5 5 5 5 5 5 5 5 5 5 5 5 5 5 5 5 5 5 5 5 5 5 5 5 5 5 5 5 5 5 5 5 5 5 5 5 5 5 5 5 5 5 5 5 5 5 5 5 5 5 5 5 5 5 5 5 5 5 5 5 5 5 5 5 5 5 5 5 5 5 5 5 5 5 5 5 5 5 5 5 5 5 5 5 5 5 5 5 5 5 5 5 5 5 5 5 5 5 5 5 5 5 5 5 5 5 5 5 5 5 5 5 5 5 5 5 5 5 5 5 5 5 5 5 5 5 5 5 5 5 5 5 5 5 5 5 5 5 5 5 5 5 5 5 5 5 5 5 5 5 5 5 5 5 5 5 5 5 5 5 5 5 5 5 5 5 5 5 5 5 5 5 5 5 5 5 5 5 5 5 5 5 5 5 5 5 5 5 5 5 5 5 5 5 5 5 5 5 5 5 5 5 5 5 5 5 5 5 5 5 5 5 5 5 5 5 5 5 5 5 5 5 5 5 5 5 5 5 5 5 5 5 5 5 5 5 5 5 5 5 5 5 5 5 5 5 5 5 5 5 5 5 5 5 5 5 5 5 5 5 5 5 5 5 5 5 5 5 5 5 5 5 5 5 5 5 5 5 5 5 5 5 5 5 5 5 5 5 5 5 5 5 5 5 5 5 5 5 5 5 5 5 5 5 5 5 5 5 5 5 5 5 5 5 5 5 5 5 5 5 5 5 5 5 5 5 5 5 5 5 5 5 5 5 5 5 5 5 5 5 5 5 5 5 5 5 5 5 5 5 5 5 5 5 5 5 5 5 5 5 5 5 5 5 5 5 5 5 5 5 5 5 5 5 5 5 5 5 5 5 5 5 5 5 5 5 5 5 5 5 5 5 5 5 5 5 5 5 5 5 5 5 5 5 5 5 5 5 5 5 5 5 5 5 5 5 5 5 5 5 5 5 5 5 5 5 5 5 5 5 5 5 5 5 5 5 5 5 5 5 5 5 5 5 5 5 5 5 5 5 5 5 5 5 5 5 5 5 5 5 5 5 5 5 5 5 5 5 5 5 5 5 5 5 5 5 5 5 5 5 5 5 5 5 5 5 5 5 5 5 5 5 5 5 5 5 5 5 5 5 5 5 5 5 5 5 5 5 5 5 5 5 5 5 5 5 5 5 5 5 5 5 5 5 5 5 5 5 5 5 5 5 5 5 5 5 5 5 5 5 5 5 5 5 5 5 5 5 5 5 5 5 5 5 5 5 5 5 5 5 5 5 5 5 5 5 5 5 5 5 5 5 5 5 5 5 5 5 5 5 5 5 5 5 5 5 5 5 5 5 5 5 5 5 5 5 5 5 5 5 5 5 5 5 5 5 5 5 5 5 5 5 5 5 5 5 5 5 5 5 5 5 5 5 5 5 5 5 5 5 5 5 5 5 5 5 5 5 5 5 5 5 5 5 5 5 5 5 5 5 5 5 5 5 5 5 5 5 5 5 5 5 5 5 5 5 5 5 5 5 5 5 5 5 5 5 5 5 5 5 5 5 5 5 5 5 5 5 5 5 5 5 5 5 5 5 5 5 5 5 5 5 5 5 5 5 5 5 5 5 5 5 5 5 5 5 5 5 5 5 5 5 5 5 5 5 5 5 5 5 5 5 5 5 5 5 5 5 5 5 5 5 5 5 5 5 5 5 5 5 5 5 5 5 5 5 5 5 5 5 5 5 5 5 5 5 5 5 5 5 5 5 5 5 5 5 5 5 5 5 5 5 5 5 5 5 5 5 5 5 5 5 5 5 5 5 5 5 5 5 5 5 5 5 5 5 5 5 5 5 5 5 5 5 5 5 5 5 5 5 5 5 5 5 5 5 5 5 5 5 5 5 5 5 5 5 5 5 5 5 5 5 5 5 5 5 5 5 5 5 5 5 5 5 5 5 5 5 5 5 5 5 5 5 5 5 5 5 5 5 5 5 5 5 5 5 5 5 5 5 5 5 5 5 5 5 5 5 5 5 5 5 5 5 5 5 5 5 5 5 5 5 5 5 5 5 5 5 5 5 5 5 5 5 5 5 5 5 5 5 5 5 5 5 5 5 5 5 5 5 5 5 5 5 5 5 5 5 5 5 5 5 5 5 5 5 5 5 5 5 5 5 5 5 5 5 5 5 5 5 5 5 5 5 5 5 5 5 5 5 5 5 5 5 5 5 5 5 5 5 5 5 5 5 5 5 5 5 5 5 5 5 5 5 5 5 5 5 5 5 5 5 5 5 5 5 5 5 5 5 5 5 5 5 5 5 5 5 5 5 5 5 5 5 5 5 5 5 5 5 5 5 5 5 5 5 5 5 5 5 5 5 5 5 5 5 5 5 5 5 5 5 5 5 5 5 5 5 5 5 5 5 5 5 5 5 5 5 5 5 5 5 5 5 5 5 5 5 5 5 5 5 5 5 5 5 5 5 5 5 5 5 5 5 5 5 5 5 5 5 5 5 5 5 5 5 5 5 5 5 5 5 5 5 5 5 5 5 5 5 5 5 5 5 5 5 5 5 5 5 5 5 5 5 5 5 5 5 5 5 5 5 5 5 5 5 5 5 5 5 5 5 5 5 5 5 5 5 5 5 5 5 5 5 5 5 5 5 5 5 5 5 5 5 5 5 5 5 5 5 5 5 5 5 5 5 5 5 5 5 5 5 5 5 5 5 5 5 5 5 5 5 5 5 5 5 5 5 5 5 5 5 5 5 5 5 5 5 5 5 5 5 5 5 5 5 5 5 5 5 5 5 5 5 5 5 5 5 5 5 5 5 5 5 5 5 5 5 5 5 5 5 5 5 5 5 5 5 5 5 5 5 5 5 5 5 5 5 5 5 5 5 5 5 5 5 5 5 5 5 5 5 5 5 5 5 5 5 5 5 5 5 5 5 5 5 5 5 5 5 5 5 5 5 5 5 5 5 5 5 5 5 5 5 5 5 5 5 5 5 5 5 5 5 5 5 5 5 5 5 5 5 5 5 5 5 5 5 5 5 5 5 5 5 5 5 5 5 5 5 5 5 5 5 5 5 5 5 5 5 5 5 5 5 5 5 5 5 5 5 5 5 5 5 5 5 5 5 5 5 5 5 5 5 5 5 5 5 5 5 5 5 5 5 5 5 5 5 5 5 5 5 5 5 5 5 5 5 5 5 5 5 5 5 5 5 5 5 5 5 5 5 5 5 5 5 5 5 5 5 5 5 5 5 5 5 5 5 5 5 5 5 5 5 5 5 5 5 5 5 5 5 5 5 5 5 5 5 5 5 5 5 5 5 5 5 5 5 5 5 5 5 5 5 5 5 5 5 5 5 5 5 5 5 5 5 5 5 5 5 5 5 5 5 5 5 5 5 5 5 5 5 5 5 5 5 5 5 5 5 5 5 5 5 5 5 5 5 5 5 5 5 5 5 5 5 5 5 5 5 5 5 5 5 5 5 5 5 5 5 5 5 5 5 5 5 5 5 5 5 5 5 5 5 5 5 5 5 5 5 5 5 5 5 5 5 5 5 5 5 5 5 5 5 5 5 5 5 5 5 5 5 5 5 5 5 5 5 5 5 5 5 5 5 5 5 5 5 5 5 5 5 5 5 5 5 5 5 5 5 5 5 5 5 5 5 5 5 5 5 5 5 5 5 5 5 5 5 5 5 5 5 5 5 5 5 5 5 5 5 5 5 5 5 5 5 5 5 5 5 5 5 5 5 5 5 5 5 5 5 5 5 5 5 5 5 5 5 5 5 5 5 5 5 5 5 5 5 5 5 5 5 5 5 5 5 5 5 5 5 5 5 5 5 5 5 5 5 5 5 5 5 5 5 5 5 5 5 5 5 5 5 5 5 5 5 5 5 5 5 5 5 5 5 5 5 5 5 5 5 5 5 5 5 5 5 5 5 5 5 5 5 5 5 5 5 5 5 5 5 5 5 5 5 5 5 5 5 5 5 5 5 5 5 5 5 5 5 5 5 5 5 5 5 5 5 5 5 5 5 5 5 5 5 5 5 5 5 5 5 5 5 5 5 5 5 5 5 5 5 5 5 5 5 5 5 5 5 5 5 5 5 5 5 5 5 5 5 5 5 5 5 5 5 5 5 5 5 5 5 5 5 5 5 5 5 5 5 5 5 5 5 5 5 5 5 5 5 5 5 5 5 5 5 5 5 5 5 5 5 5 5 5 5 5 5 5 5 5 5 5 5 5 5 5 5 5 5 5 5 5 5 5 5 5 5 5 5 5 5 5 5 5 5 5 5 5 5 5 5 5 5 5 5 5 5 5 5 5 5 5 5 5 5 5 5 5 5 5 5 5 5 5 5 5 5 5 5 5 5 5 5 5 5 5 5 5 5 5 5 5 5 5 5 5 5 5 5 5 5 5 5 5 5 5 5 5 5 5 5 5 5 5 5 5 5 5 5 5 5 5 5 5 5 5 5 5 5 5 5 5 5 5 5 5 5 5 5 5 5 5 5 5 5 5 5 5 5 5 5 5 5 5 5 5 5 5 5 5 5 5 5 5 5 5 5 5 5 5 5 5 5 5 5 5 5 5 5 5 5 5 5 5 5 5 5 5 5 5 5 5 5 5 5 5 5 5 5 5 5 5 5 5 5 5 5 5 5 5 5 5 5 5 5 5 5 5 5 5 5 5 5 5 5 5 5 5 5 5 5 5 5 5 5 5 5 5 5 5 5 5 5 5 5 5 5 5 5 5 5 5 5 5 5 5 5 5 5 5 5 5 5 5 5 5 5 5 5 5 5 5 5 5 5 5 5 5 5 5 5 5 5 5 5 5 5 5 5 5 5 5 5 5 5 5 5 5 5 5 5 5 5 5 5 5 5 5 5 5 5 5 5 5 5 5 5 5 5 5 5 5 5 5 5 5 5 5 5 5 5 5 5 5 5 5 5 5 5 5 5 5 5 5 5 5 5 5 5 5 5 5 5 5 5 5 5 5 5 5 5 5 5 5 5 5 5 5 5 5 5 5 5 5 5 5 5 5 5 5 5 5 5 5 5 5 5 5 5 5 5 5 5 5 5 5 5 5 5 5 5 5 5 5 5 5 5 5 5 5 5 5 5 5 5 5 5 5 5 5 5 5 5 5 5 5 5 5 5 5 5 5 5 5 5 5 5 5 5 5 5 5 5 5 5 5 5 5 5 5 5 5 5 5 5 5 5 5 5 5 5 5 5 5 5 5 5 5 5 5 5 5 5 5 5 5 5 5 5 5 5 5 5 5 5 5 5 5 5 5 5 5 5 5 5 5 5 5 5 5 5 5 5 5 5 5 5 5 5 5 5 5 5 5 5 5 5 5 5 5 5 5 5 5 5 5 5 5 5 5 5 5 5 5 5 5 5 5 5 5 5 5 5 5 5 5 5 5 5 5 5 5 5 5 5 5 5 5 5 5 5 5 5 5 5 5 5 5 5 5 5 5 5 5 5 5 5 5 5 5 5 5 5 5 5 5 5 5 5 5 5 5 5 5 5 5 5 5 5 5 5 5 5 5 5 5 5 5 5 5 5 5 5 5 5 5 5 5 5 5 5 5 5 5 5 5 5 5 5 5 5 5 5 5 5 5 5 5 5 5 5 5 5 5 5 5 5 5 5 5 5 5 5 5 5 5 5 5 5 5 5 5 5 5 5 5 5 5 5 5 5 5 5 5 5 5 5 5 5 5 5 5 5 5 5 5 5 5 5 5 5 5 5 5 5 5 5 5 5 5 5 5 5 5 5 5 5 5 5 5 5 5 5 5 5 5 5 5 5 5 5 5 5 5 5 5 5 5 5 5 5 5 5 5 5 5 5 5 5 5 5 5 5 5 5 5 5 5 5 5 5 5 5 5 5 5 5 5 5 5 5 5 5 5 5 5 5 5 5 5 5 5 5 5 5 5 5 5 5 5 5 5 5 5 5 5 5 5 5 5 5 5 5 5 5 5 5 5 5 5 5 5 5 5 5 5 5 5 5 5 5 5 5 5 5 5 5 5 5 5 5 5 5 5 5 5 5 5 5 5 5 5 5 5 5 5 5 5 5 5 5 5 5 5 5 5 5 5 5 5 5 5 5 5 5 5 5 5 5 5 5 5 5 5 5 5 5 5 5 5 5 5 5 5 5 5 5 5 5 5 5 5 5 5 5 5 5 5 5 5 5 5 5 5 5 5 5 5 5 5 5 5 5 5 5 5 5 5 5 5 5 5 5 5 5 5 5 5 5 5 5 5 5 5 5 5 5 5 5 5 5 5 5 5 5 5 5 5 5 5 5 5 5 5 5 5 5 5 5 5 5 5 5 5 5 5 5 5 5 5 5 5 5 5 5 5 5 5 5 5 5 5 5 5 5 5 5 5 5 5 5 5 5 5 5 5 5 5 5 5 5 5 5 5 5 5 5 5 5 5 5 5 5 5 5 5 5 5 5 5 5 5 5 5 5 5 5 5 5 5 5 5 5 5 5 5 5 5 5 5 5 5 5 5 5 5 5 5 5 5 5 5 5 5 5 5 5 5 5 5 5 5 5 5 5 5 5 5 5 5 5 5 5 5 5 5 5 5 5 5 5 5 5 5 5 5 5 5 5 5 5 5 5 5 5 5 5 5 5 5 5 5 5 5 5 5 5 5 5 5 5 5 5 5 5 5 5 5 5 5 5 5 5 5 5 5 5 5 5 5 5 5 5 5 5 5 5 5 5 5 5 5 5 5 5 5 5 5 5 5 5 5 5 5 5 5 5 5 5 5 5 5 5 5 5 5 5 5 5 5 5 5 5 5 5 5 5 5 5 5 5 5 5 5 5 5 5 5 5 5 5 5 5 5 5 5 5 5 5 5 5 5 5 5 5 5 5 5 5 5 5 5 5 5 5 5 5 5 5 5 5 5 5 5 5 5 5 5 5 5 5 5 5 5 5 5 5 5 5 5 5 5 5 5 5 5 5 5 5 5 5 5 5 5 5 5 5 5 5 5 5 5 5 5 5 5 5 5 5 5 5 5 5 5 5 5 5 5 5 5 5 5 5 5 5 5 5 5 5 5 5 5 5 5 5 5 5 5 5 5 5 5 5 5 5 5 5 5 5 5 5 5 5 5 5 5 5 5 5 5 5 5 5 5 5 5 5 5 5 5 5 5 5 5 5 5 5 5 5 5 5 5 5 5 5 5 5 5 5 5 5 5 5 5 5 5 5 5 5 5 5 5 5 5 5 5 5 5 5 5 5 5 5 5 5 5 5 5 5 5 5 5 5 5 5 5 5 5 5 5 5 5 5 5 5 5 5 5 5 5 5 5 5 5 5 5 5 5 5 5 5 5 5 5 5 5 5 5 5 5 5 5 5 5 5 5 5 5 5 5 5 5 5 5 5 5 5 5 5 5 5 5 5 5 5 5 5 5 5 5 5 5 5 5 5 5 5 5 5 5 5 5 5 5 5 5 5 5 5 5 5 5 5 5 5 5 5 5 5 5 5 5 5 5 5 5 5 5 5 5 5 5 5 5 5 5 5 5 5 5 5 5 5 5 5 5 5 5 5 5 5 5 5 5 5 5 5 5 5 5 5 5 5 5 5 5 5 5 5 5 5 5 5 5 5 5 5 5 5 5 5 5 5 5 5 5 5 5 5 5 5 5 5 5 5 5 5 5 5 5 5 5 5 5 5 5 5 5 5 5 5 5 5 5 5 5 5 5 5 5 5 5 5 5 5 5 5 5 5 5 5 5 5 5 5 5 5 5 5 5 5 5 5 5 5 5 5 5 5 5 5 5 5 5 5 5 5 5 5 5 5 5 5 5 5 5 5 5 5 5 5 5 5 5 5 5 5 5 5 5 5 5 5 5 5 5 5 5 5 5 5 5 5 5 5 5 5 5 5 5 5 5 5 5 5 5 5 5 5 5 5 5 5 5 5 5 5 5 5 5 5 5 5 5 5 5 5 5 5 5 5 5 5 5 5 5 5 5 5 5 5 5 5 5 5 5 5 5 5 5 5 5 5 5 5 5 5 5 5 5 5 5 5 5 5 5 5 5 5 5 5 5 5 5 5 5 5 5 5 5 5 5 5 5 5 5 5 5 5 5 5 5 5 5 5 5 5 5 5 5 5 5 5 5 5 5 5 5 5 5 5 5 5 5 5 5 5 5 5 5 5 5 5 5 5 5 5 5 5 5 5 5 5 5 5 5 5 5 5 5 5 5 5 5 5 5 5 5 5 5 5 5 5 5 5 5 5 5 5 5 5 5 5 5 5 5 5 5 5 5 5 5 5 5 5 5 5 5 5 5 5 5 5 5 5 5 5 5 5 5 5 5 5 5 5 5 5 5 5 5 5 5 5 5 5 5 5 5 5 5 5 5 5 5 5 5 5 5 5 5 5 5 5 5 5 5 5 5 5 5 5 5 5 5 5 5 5 5 5 5 5 5 5 5 5 5 5 5 5 5 5 5 5 5 5 5 5 5 5 5 5 5 5 5 5 5 5 5 5 5 5 5 5 5 5 5 5 5 5 5 5 5 5 5 5 5 5 5 5 5 5 5 5 5 5 5 5 5 5 5 5 5 5 5 5 5 5 5 5 5 5 5 5 5 5 5 5 5 5 5 5 5 5 5 5 5 5 5 5 5 5 5 5 5 5 5 5 5 5 5 5 5 5 5 5 5 5 5 5 5 5 5 5 5 5 5 5 5 5 5 5 5 5 5 5 5 5 5 5 5 5 5 5 5 5 5 5 5 5 5 5 5 5 5 5 5 5 5 5 5 5 5 5 5 5 5 5 5 5 5 5 5 5 5 5 5 5 5 5 5 5 5 5 5 5 5 5 5 5 5 5 5 5 5 5 5 5 5 5 5 5 5 5 5 5 5 5 5 5 5 5 5 5 5 5 5 5 5 5 5 5 5 5 5 5 5 5 5 5 5 5 5 5 5 5 5 5 5 5 5 5 5 5 5 5 5 5 5 5 5 5 5 5 5 5 5 5 5 5 5 5 5 5 5 5 5 5 5 5 5 5 5 5 5 5 5 5 5 5 5 5 5 5 5 5 5 5 5 5 5 5 5 5 5 5 5 5 5 5 5 5 5 5 5 5 5 5 5 5 5 5 5 5 5 5 5 5 5 5 5 5 5 5 5 5 5 5 5 5 5 5 5 5 5 5 5 5 5 5 5 5 5 5 5 5 5 5 5 5 5 5 5 5 5 5 5 5 5 5 5 5 5 5 5 5 5 5 5 5 5 5 5 5 5 5 5 5 5 5 5 5 5 5 5 5 5 5 5 5 5 5 5 5 5 5 5 5 5 5 5 5 5 5 5 5 5 5 5 5 5 5 5 5 5 5 5 5 5 5 5 5 5 5 5 5 5 5 5 5 5 5 5 5 5 5 5 5 5 5 5 5 5 5 5 5 5 5 5 5 5 5 5 5 5 5 5 5 5 5 5 5 5 5 5 5 5 5 5 5 5 5 5 5 5 5 5 5 5 5 5 5 5 5 5 5 5 5 5 5 5 5 5 5 5 5 5 5 5 5 5 5 5 5 5 5 5 5 5 5 5 5 5 5 5 5 5 5 5 5 5 5 5 5 5 5 5 5 5 5 5 5 5 5 5 5 5 5 5 5 5 5 5 5 5 5 5 5 5 5 5 5 5 5 5 5 5 5 5 5 5 5 5 5 5 5 5 5 5 5 5 5 5 5 5 5 5 5 5 5 5 5 5 5 5 5 5 5 5 5 5 5 5 5 5 5 5 5 5 5 5 5 5 5 5 5 5 5 5 5 5 5 5 5 5 5 5 5 5 5 5 5 5 5 5 5 5 5 5 5 5 5 5 5 5 5 5 5 5 5 5 5 5 5 5 5 5 5 5 5 5 5 5 5 5 5 5 5 5 5 5 5 5 5 5 5 5 5 5 5 5 5 5 5 5 5 5 5 5 5 5 5 5 5 5 5 5 5 5 5 5 5 5 5 5 5 5 5 5 5 5 5 5 5 5 5 5 5 5 5 5 5 5 5 5 5 5 5 5 5 5 5 5 5 5 5 5 5 5 5 5 5 5 5 5 5 5 5 5 5 5 5 5 5 5 5 5 5 5 5 5 5 5 5 5 5 5 5 5 5 5 5 5 5 5 5 5 5 5 5 5 5 5 5 5 5 5 5 5 5 5 5 5 5 5 5 5 5 5 5 5 5 5 5 5 5 5 5 5 5 5 5 5 5 5 5 5 5 5 5 5 5 5 5 5 5 5 5 5 5 5 5 5 5 5 5 5 5 5 5 5 5 5 5 5 5 5 5 5 5 5 5 5 5 5 5 5 5 5 5 5 5 5 5 5 5 5 5 5 5 5 5 5 5 5 5 5 5 5 5 5 5 5 5 5 5 5 5 5 5 5 5 5 5 5 5 5 5 5 5 5 5 5 5 5 5 5 5 5 5 5 5 5 5 5 5 5 5 5 5 5 5 5 5 5 5 5 5 5 5 5 5 5 5 5 5 5 5 5 5 5 5 5 5 5 5 5 5 5 5 5 5 5 5 5 5 5 5 5 5 5 5 5 5 5 5 5 5 5 5 5 5 5 5 5 5 5 5 5 5 5 5 5 5 5 5 5 5 5 5 5 5 5 5 5 5 5 5 5 5 5 5 5 5 5 5 5 5 5 5 5 5 5 5 5 5 5 5 5 5 5 5 5 5 5 5 5 5 5 5 5 5 5 5 5 5 5 5 5 5 5 5 5 5 5 5 5 5 5 5 5 5 5 5 5 5 5 5 5 5 5 5 5 5 5 5 5 5 5 5 5 5 5 5 5 5 5 5 5 5 5 5 5 5 5 5 5 5 5 5 5 5 5 5 5 5 5 5 5 5 5 5 5 5 5 5 5 5 5 5 5 5 5 5 5 5 5 5 5 5 5 5 5 5 5 5 5 5 5 5 5 5 5 5 5 5 5 5 5 5 5 5 5 5 5 5 5 5 5 5 5 5 5 5 5 5 5 5 5 5 5 5 5 5 5 5 5 5 5 5 5 5 5 5 5 5 5 5 5 5 5 5 5 5 5 5 5 5 5 5 5 5 5 5 5 5 5 5 5 5 5 5 5 5 5 5 5 5 5 5 5 5 5 5 5 5 5 5 5 5 5 5 5 5 5 5 5 5 5 5 5 5 5 5 5 5 5 5 5 5 5 5 5 5 5 5 5 5 5 5 5 5 5 5 5 5 5 5 5 5 5 5 5 5 5 5 5 5 5 5 5 5 5 5 5 5 5 5 5 5 5 5 5 5 5 5 5 5 5 5 5 5 5 5 5 5 5 5 5 5 5 5 5 5 5 5 5 5 5 5 5 5 5 5 5 5 5 5 5 5 5 5 5 5 5 5 5 5 5 5 5 5 5 5 5 5 5 5 5 5 5 5 5 5 5 5 5 5 5 5 5 5 5 5 5 5 5 5 5 5 5 5 5 5 5 5 5 5 5 5 5 5 5 5 5 5 5 5 5 5 5 5 5 5 5 5 5 5 5 5 5 5 5 5 5 5 5 5 5 5 5 5 5 5 5 5 5 5 5 5 5 5 5 5 5 5 5 5 5 5 5 5 5 5 5 5 5 5 5 5 5 5 5 5 5 5 5 5 5 5 5 5 5 5 5 5 5 5 5 5 5 5 5 5 5 5 5 5 5 5 5 5 5 5 5 5 5 5 5 5 5 5 5 5 5 5 5 5 5 5 5 5 5 5 5 5 5 5 5 5 5 5 5 5 5 5 5 5 5 5 5 5 5 5 5 5 5 5 5 5 5 5 5 5 5 5 5 5 5 5 5 5 5 5 5 5 5 5 5 5 5 5 5 5 5 5 5 5 5 5 5 5 5 5 5 5 5 5 5 5 5 5 5 5 5 5 5 5 5 5 5 5 5 5 5 5 5 5 5 5 5 5 5 5 5 5 5 5 5 5 5 5 5 5 5 5 5 5 5 5 5 5 5 5 5 5 5 5 5 5 5 5 5 5 5 5 5 5 5 5 5 5 5 5 5 5 5 5 5 5 5 5 5 5 5 5 5 5 5 5 5 5 5 5 5 5 5 5 5 5 5 5 5 5 5 5 5 5 5 5 5 5 5 5 5 5 5 5 5 5 5 5 5 5 5 5 5 5 5 5 5 5 5 5 5 5 5 5 5 5 5 5 5 5 5 5 5 5 5 5 5 5 5 5 5 5 5 5 5 5 5 5 5 5 5 5 5 5 5 5 5 5 5 5 5 5 5 5 5 5 5 5 5 5 5 5 5 5 5 5 5 5 5 5 5 5 5 5 5 5 5 5 5 5 5 5 5 5 5 5 5 5 5 5 5 5 5 5 5 5 5 5 5 5 5 5 5 5 5 5 5 5 5 5 5 5 5 5 5 5 5 5 5 5 5 5 5 5 5 5 5 5 5 5 5 5 5 5 5 5 5 5 5 5 5 5 5 5 5 5 5 5 5 5 5 5 5 5 5 5 5 5 5 5 5 5 5 5 5 5 5 5 5 5 5 5 5 5 5 5 5 5 5 5 5 5 5 5 5 5 5 5 5 5 5 5 5 5 5 5 5 5 5 5 5 5 5 5 5 5 5 5 5 5 5 5 5 5 5 5 5 5 5 5 5 5 5 5 5 5 5 5 5 5 5 5 5 5 5 5 5 5 5 5 5 5 5 5 5 5 5 5 5 5 5 5 5 5 5 5 5 5 5 5 5 5 5 5 5 5 5 5 5 5 5 5 5 5 5 5 5 5 5 5 5 5 5 5 5 5 5 5 5 5 5 5 5 5 5 5 5 5 5 5 5 5 5 5 5 5 5 5 5 5 5 5 5 5 5 5 5 5 5 5 5 5 5 5 5 5 5 5 5 5 5 5 5 5 5 5 5 5 5 5 5 5 5 5 5 5 5 5 5 5 5 5 5 5 5 5 5 5 5 5 5 5 5 5 5 5 5 5 5 5 5 5 5 5 5 5 5 5 5 5 5 5 5 5 5 5 5 5 5 5 5 5 5 5 5 5 5 5 5 5 5 5 5 5 5 5 5 5 5 5 5 5 5 5 5 5 5 5 5 5 5 5 5 5 5 5 5 5 5 5 5 5 5 5 5 5 5 5 5 5 5 5 5 5 5 5 5 5 5 5 5 5 5 5 5 5 5 5 5 5 5 5 5 5 5 5 5 5 5 5 5 5 5 5 5 5 5 5 5 5 5 5 5 5 5 5 5 5 5 5 5 5 5 5 5 5 5 5 5 5 5 5 5 5 5 5 5 5 5 5 5 5 5 5 5 5 5 5 5 5 5 5 5 5 5 5 5 5 5 5 5 5 5 5 5 5 5 5 5 5 5 5 5 5 5 5 5 5 5 5 5 5 5 5 5 5 5 5 5 5 5 5 5 5 5 5 5 5 5 5 5 5 5 5 5 5 5 5 5 5 5 5 5 5 5 5 5 5 5 5 5 5 5 5 5 5 5 5 5 5 5 5 5 5 5 5 5 5 5 5 5 5 5 5 5 5 5 5 5 5 5 5 5 5 5 5 5 5 5 5 5 5 5 5 5 5 5 5 5 5 5 5 5 5 5 5 5 5 5 5 5 5 5 5 5 5 5 5 5 5 5 5 5 5 5 5 5 5 5 5 5 5 5 5 5 5 5 5 5 5 5 5 5 5 5 5 5 5 5 5 5 5 5 5 5 5 5 5 5 5 5 5 5 5 5 5 5 5 5 5 5 5 5 5 5 5 5 5 5 5 5 5 5 5 5 5 5 5 5 5 5 5 5 5 5 5 5 5 5 5 5 5 5 5 5 5 5 5 5 5 5 5 5 5 5 5 5 5 5 5 5 5 5 5 5 5 5 5 5 5 5 5 5 5 5 5 5 5 5 5 5 5 5 5 5 5 5 5 5 5 5 5 5 5 5 5 5 5 5 5 5 5 5 5 5 5 5 5 5 5 5 5 5 5 5 5 5 5 5 5 5 5 5 5 5 5 5 5 5 5 5 5 5 5 5 5 5 5 5 5 5 5 5 5 5 5 5 5 5 5 5 5 5 5 5 5 5 5 5 5 5 5 5 5 5 5 5 5 5 5 5 5 5 5 5 5 5 5 5 5 5 5 5 5 5 5 5 5 5 5 5 5 5 5 5 5 5 5 5 5 5 5 5 5 5 5 5 5 5 5 5 5 5 5 5 5 5 5 5 5 5 5 5 5 5 5 5 5 5 5 5 5 5 5 5 5 5 5 5 5 5 5 5 5 5 5 5 5 5 5 5 5 5 5 5 5 5 5 5 5 5 5 5 5 5 5 5 5 5 5 5 5 5 5 5 5 5 5 5 5 5 5 5 5 5 5 5 5 5 5 5 5 5 5 5 5 5 5 5 5 5 5 5 5 5 5 5 5 5 5 5 5 5 5 5 5 5 5 5 5 5 5 5 5 5 5 5 5 5 5 5 5 5 5 5 5 5 5 5 5 5 5 5 5 5 5 5 5 5 5 5 5 5 5 5 5 5 5 5 5 5 5 5 5 5 5 5 5 5 5 5 5 5 5 5 5 5 5 5 5 5 5 5 5 5 5 5 5 5 5 5 5 5 5 5 5 5 5 5 5 5 5 5 5 5 5 5 5 5 5 5 5 5 5 5 5 5 5 5 5 5 5 5 5 5 5 5 5 5 5 5 5 5 5 5 5 5 5 5 5 5 5 5 5 5 5 5 5 5 5 5 5 5 5 5 5 5 5 5 5 5 5 5 5 5 5 5 5 5 5 5 5 5 5 5 5 5 5 5 5 5 5 5 5 5 5 5 5 5 5 5 5 5 5 5 5 5 5 5 5 5 5 5 5 5 5 5 5 5 5 5 5 5 5 5 5 5 5 5 5 5 5 5 5 5 5 5 5 5 5 5 5 5 5 5 5 5 5 5 5 5 5 5 5 5 5 5 5 5 5 5 5 5 5 5 5 5 5 5 5 5 5 5 5 5 5 5 5 5 5 5 5 5 5 5 5 5 5 5 5 5 5 5 5 5 5 5 5 5 5 5 5 5 5 5 5 5 5 5 5 5 5 5 5 5 5 5 5 5 5 5 5 5 5 5 5 5 5 5 5 5 5 5 5 5 5 5 5 5 5 5 5 5 5 5 5 5 5 5 5 5 5 5 5 5 5 5 5 5 5 5 5 5 5 5 5 5 5 5 5 5 5 5 5 5 5 5 5 5 5 5 5 5 5 5 5 5 5 5 5 5 5 5 5 5 5 5 5 5 5 5 5 5 5 5 5 5 5 5 5 5 5 5 5 5 5 5 5 5 5 5 5 5 5 5 5 5 5 5 5 5 5 5 5 5 5 5 5 5 5 5 5 5 5 5 5 5 5 5 5 5 5 5 5 5 5 5 5 5 5 5 5 5 5 5 5 5 5 5 5 5 5 5 5 5 5 5 5 5 5 5 5 5 5 5 5 5 5 5 5 5 5 5 5 5 5 5 5 5 5 5 5 5 5 5 5 5 5 5 5 5 5 5 5 5 5 5 5 5 5 5 5 5 5 5 5 5 5 5 5 5 5 5 5 5 5 5 5 5 5 5 5 5 5 5 5 5 5 5 5 5 5 5 5 5 5 5 5 5 5 5 5 5 5 5 5 5 5 5 5 5 5 5 5 5 5 5 5 5 5 5 5 5 5 5 5 5 5 5 5 5 5 5 5 5 5 5 5 5 5 5 5 5 5 5 5 5 5 5 5 5 5 5 5 5 5 5 5 5 5 5 5 5 5 5 5 5 5 5 5 5 5 5 5 5 5 5 5 5 5 5 5 5 5 5 5 5 5 5 5 5 5 5 5 5 5 5 5 5 5 5 5 5 5 5 5 5 5 5 5 5 5 5 5 5 5 5 5 5 5 5 5 5 5 5 5 5 5 5 5 5 5 5 5 5 5 5 5 5 5 5 5 5 5 5 5 5 5 5 5 5 5 5 5 5 5 5 5 5 5 5 5 5 5 5 5 5 5 5 5 5 5 5 5 5 5 5 5 5 5 5 5 5 5 5 5 5 5 5 5 5 5 5 5 5 5 5 5 5 5 5 5 5 5 5 5 5 5 5 5 5 5 5 5 5 5 5 5 5 5 5 5 5 5 5 5 5 5 5 5 5 5 5 5 5 5 5 5 5 5 5 5 5 5 5 5 5 5 5 5 5 5 5 5 5 5 5 5 5 5 5 5 5 5 5 5 5 5 5 5 5 5 5 5 5 5 5 5 5 5 5 5 5 5 5 5 5 5 5 5 5 5 5 5 5 5 5 5 5 5 5 5 5 5 5 5 5 5 5 5 5 5 5 5 5 5 5 5 5 5 5 5 5 5 5 5 5 5 5 5 5 5 5 5 5 5 5 5 5 5 5 5 </DataArray>
</Cells>
<PointData  Vectors="f_536780"> 
<DataArray  type="Float64"  Name="f_536780"  NumberOfComponents="3" format="ascii">1.3444923884919628e-04 -1.0448026865657098e-04 0.0000000000000000e+00  8.9738315405347646e-05 6.1049329951704960e-05 0.0000000000000000e+00  -1.2570869319545902e-04 1.1452982294216662e-04 0.0000000000000000e+00  -9.7198041103474086e-05 -5.7520949782527594e-05 0.0000000000000000e+00  -9.9999999980171589e-02 0.0000000000000000e+00 0.0000000000000000e+00  -9.9999999980171589e-02 0.0000000000000000e+00 0.0000000000000000e+00  -9.9999999980171589e-02 0.0000000000000000e+00 0.0000000000000000e+00  -9.9999999980171589e-02 0.0000000000000000e+00 0.0000000000000000e+00  -9.9999999980171589e-02 0.0000000000000000e+00 0.0000000000000000e+00  -9.9999999980171589e-02 0.0000000000000000e+00 0.0000000000000000e+00  -9.9999999980171589e-02 0.0000000000000000e+00 0.0000000000000000e+00  -9.9999999980171589e-02 0.0000000000000000e+00 0.0000000000000000e+00  9.9999999980171589e-02 0.0000000000000000e+00 0.0000000000000000e+00  9.9999999980171589e-02 0.0000000000000000e+00 0.0000000000000000e+00  9.9999999980171589e-02 0.0000000000000000e+00 0.0000000000000000e+00  9.9999999980171589e-02 0.0000000000000000e+00 0.0000000000000000e+00  9.9999999980171589e-02 0.0000000000000000e+00 0.0000000000000000e+00  9.9999999980171589e-02 0.0000000000000000e+00 0.0000000000000000e+00  9.9999999980171589e-02 0.0000000000000000e+00 0.0000000000000000e+00  9.9999999980171589e-02 0.0000000000000000e+00 0.0000000000000000e+00  9.9999999980171589e-02 0.0000000000000000e+00 0.0000000000000000e+00  6.4685122212057870e-04 7.4723951774956724e-03 0.0000000000000000e+00  -7.6031710143788169e-04 -8.0093845339131546e-03 0.0000000000000000e+00  9.9999999980171589e-02 0.0000000000000000e+00 0.0000000000000000e+00  -9.9999999980171589e-02 0.0000000000000000e+00 0.0000000000000000e+00  -5.2121881998765595e-04 -8.5768222059556445e-03 0.0000000000000000e+00  1.0363581011781618e-04 1.7866891752525559e-03 0.0000000000000000e+00  5.8314075395528677e-04 8.7528434772571537e-03 0.0000000000000000e+00  -1.1125092397485405e-04 -2.0137388216200335e-03 0.0000000000000000e+00  9.9999999980171589e-02 0.0000000000000000e+00 0.0000000000000000e+00  9.9999999980171589e-02 0.0000000000000000e+00 0.0000000000000000e+00  -9.9999999980171589e-02 0.0000000000000000e+00 0.0000000000000000e+00  -9.9999999980171589e-02 0.0000000000000000e+00 0.0000000000000000e+00  9.9999999980171589e-02 0.0000000000000000e+00 0.0000000000000000e+00  -9.9999999980171589e-02 0.0000000000000000e+00 0.0000000000000000e+00  -1.5316563617020715e-03 -4.7633190045926481e-05 0.0000000000000000e+00  1.6600274685707223e-03 1.3409609843152671e-05 0.0000000000000000e+00  -3.4387943367478991e-05 6.9653606517681749e-04 0.0000000000000000e+00  4.4114242252446312e-05 -4.0647955794532607e-04 0.0000000000000000e+00  7.8232047767890886e-05 3.3726094326908098e-03 0.0000000000000000e+00  -8.8631559585809858e-05 -3.1431853963823490e-03 0.0000000000000000e+00  -3.5573733526618086e-03 1.4198365976693858e-04 0.0000000000000000e+00  1.4112492867372449e-03 -2.0331843026316610e-03 0.0000000000000000e+00  -6.5530425940606716e-04 -9.4392189289292695e-03 0.0000000000000000e+00  6.9200792215598148e-04 9.2675524547872756e-03 0.0000000000000000e+00  1.1207448861076535e-03 4.5755899685563633e-03 0.0000000000000000e+00  -2.5374845017900164e-04 -3.1186770940213634e-03 0.0000000000000000e+00  2.4396195831418233e-04 2.8213394999319691e-03 0.0000000000000000e+00  7.8812567233729376e-03 -6.0179671000677622e-03 0.0000000000000000e+00  -9.5178166681756451e-03 4.2432042832127896e-03 0.0000000000000000e+00  2.8887000224040640e-03 6.7231060560763443e-04 0.0000000000000000e+00  -9.3949266521851666e-04 5.4213658654986567e-05 0.0000000000000000e+00  8.4822659227540786e-04 -6.3868784176533312e-05 0.0000000000000000e+00  -2.2649516114412803e-03 4.9643089475553026e-04 0.0000000000000000e+00  4.8411388809537154e-03 5.7518085038292047e-03 0.0000000000000000e+00  -1.5275185679641079e-03 1.1564240861091346e-05 0.0000000000000000e+00  1.6608966537849865e-03 -3.0360005093164099e-06 0.0000000000000000e+00  -5.0998464317035253e-03 -6.2210634044231293e-03 0.0000000000000000e+00  -1.4715154029525473e-03 -1.0443956658515525e-03 0.0000000000000000e+00  6.7864625631724226e-04 7.5444454359883872e-03 0.0000000000000000e+00  -9.9999999980171589e-02 0.0000000000000000e+00 0.0000000000000000e+00  -9.9999999980171589e-02 0.0000000000000000e+00 0.0000000000000000e+00  3.0267510674527867e-03 -1.4798160126950295e-02 0.0000000000000000e+00  7.7072529404003851e-04 1.0357543834906275e-02 0.0000000000000000e+00  -2.3918886404912889e-03 1.5295643385442417e-02 0.0000000000000000e+00  -3.5200906439567171e-04 -3.0080711606727986e-03 0.0000000000000000e+00  2.7533248130000808e-04 2.4464602253043239e-03 0.0000000000000000e+00  9.9999999980171589e-02 0.0000000000000000e+00 0.0000000000000000e+00  9.9999999980171589e-02 0.0000000000000000e+00 0.0000000000000000e+00  -6.0768478603260830e-04 -7.6070695824497631e-03 0.0000000000000000e+00  8.5140764730753486e-03 -2.6951375095169623e-03 0.0000000000000000e+00  -1.6643191669509338e-03 -1.2660892288293409e-03 0.0000000000000000e+00  -4.0029202255652912e-05 -5.5818388662363916e-04 0.0000000000000000e+00  3.9906408396766016e-04 -9.6677456388563870e-04 0.0000000000000000e+00  -5.1521056089582934e-04 8.5242050828914667e-04 0.0000000000000000e+00  -1.5111847349569542e-06 1.4304237649525754e-03 0.0000000000000000e+00  1.8683959829187014e-03 -7.7317538537902196e-04 0.0000000000000000e+00  -6.5033596009301548e-03 5.3209044995941232e-04 0.0000000000000000e+00  5.9272089763667763e-03 5.4960825151121259e-03 0.0000000000000000e+00  -5.6598132359970375e-03 -8.3155683845930126e-03 0.0000000000000000e+00  -9.6848938366102851e-04 1.1343835606561752e-02 0.0000000000000000e+00  4.7119660095570606e-03 -7.0746296489241729e-03 0.0000000000000000e+00  -6.9542804014496057e-02 1.5356919399368684e-02 0.0000000000000000e+00  6.6027668315969984e-02 -8.5523786056032509e-03 0.0000000000000000e+00  -6.6600250364831127e-04 -1.1790073484968168e-02 0.0000000000000000e+00  -7.9593751614832776e-03 8.2736548313800274e-03 0.0000000000000000e+00  3.7499149589167685e-03 -4.0837290229316527e-05 0.0000000000000000e+00  1.9890195299883933e-02 9.3352805584482213e-03 0.0000000000000000e+00  -3.0145372764868174e-05 1.2033747833514790e-04 0.0000000000000000e+00  -1.9562433591225523e-03 4.4713828294829040e-06 0.0000000000000000e+00  -2.5186005443564894e-02 -1.4432216542533500e-02 0.0000000000000000e+00  -3.2005643794684186e-04 -6.5699945443027478e-04 0.0000000000000000e+00  4.7753449944231184e-03 1.1163732404970633e-02 0.0000000000000000e+00  -8.1316358776978000e-04 -1.0611339063502328e-02 0.0000000000000000e+00  1.7110978687177330e-04 1.0334522124142650e-03 0.0000000000000000e+00  2.3625459721199278e-05 2.1097382625755507e-04 0.0000000000000000e+00  -5.3344727214402485e-03 7.1708245337695035e-03 0.0000000000000000e+00  2.3202934171806279e-05 6.3145640335497851e-04 0.0000000000000000e+00  -2.5933521332521066e-04 -5.9902147293382979e-03 0.0000000000000000e+00  3.4330592975224440e-04 5.2434480509188320e-03 0.0000000000000000e+00  -3.5890214043727566e-04 -5.6651244871972336e-03 0.0000000000000000e+00  2.8616383588341178e-04 6.3123205170591730e-03 0.0000000000000000e+00  6.2495546888701402e-06 -1.3116922786966731e-03 0.0000000000000000e+00  4.8645190561677929e-03 -6.9855129353820248e-04 0.0000000000000000e+00  1.6467280496268708e-03 1.9231858435499840e-03 0.0000000000000000e+00  2.3681782846601725e-03 -1.0953139532798289e-03 0.0000000000000000e+00  1.8982052681139738e-03 1.6664693940928055e-05 0.0000000000000000e+00  -3.9365766602377531e-03 -9.0461098678545036e-03 0.0000000000000000e+00  -3.1621023961325287e-03 -2.5455354681819110e-03 0.0000000000000000e+00  3.2900666312764494e-03 -8.8109616515169315e-03 0.0000000000000000e+00  -3.6309812481827215e-03 8.7631280724357139e-03 0.0000000000000000e+00  -3.1978034315560864e-03 1.7655195291978257e-03 0.0000000000000000e+00  3.0787841666717899e-02 4.8227253058304746e-03 0.0000000000000000e+00  2.1164054955661849e-03 4.5409954963307174e-05 0.0000000000000000e+00  -7.4794925087375995e-04 9.9307059142255674e-04 0.0000000000000000e+00  5.2980911031528610e-04 3.8760759788415080e-05 0.0000000000000000e+00  9.6362463033813830e-04 -2.6360353160307921e-05 0.0000000000000000e+00  -1.5250878990702142e-03 2.7955044595050697e-03 0.0000000000000000e+00  -2.5505506627932207e-02 -6.6099199619803735e-03 0.0000000000000000e+00  -8.5524823102555950e-02 1.0986516018189790e-02 0.0000000000000000e+00  8.2631251987636462e-02 -1.2653794426542306e-02 0.0000000000000000e+00  -2.2668390756079241e-03 -1.1987995713751124e-02 0.0000000000000000e+00  -8.9506989364114694e-04 3.8587940683155775e-05 0.0000000000000000e+00  1.3436828429535232e-02 7.6195723856373040e-03 0.0000000000000000e+00  -1.1294617268137340e-03 6.8259947995266516e-04 0.0000000000000000e+00  -5.5514311913336357e-04 -3.0945339291412263e-05 0.0000000000000000e+00  -7.9233106625427353e-03 -8.7539865634561858e-04 0.0000000000000000e+00  2.5721891598082685e-03 -3.5591646852551001e-03 0.0000000000000000e+00  1.8103272301672418e-03 7.2735730072065984e-04 0.0000000000000000e+00  4.9642241272193207e-03 1.8910037664795769e-03 0.0000000000000000e+00  3.4858182979855008e-03 2.5841282913576877e-03 0.0000000000000000e+00  2.3210264586380610e-03 9.0299567861729380e-03 0.0000000000000000e+00  7.9734557048587347e-03 -1.3879418709032752e-02 0.0000000000000000e+00  1.8884629713964496e-03 4.5079832572320093e-03 0.0000000000000000e+00  -1.6155590984058884e-03 2.1629972080620813e-04 0.0000000000000000e+00  -9.9158517945986463e-04 4.3876650398460334e-04 0.0000000000000000e+00  4.4559893143167713e-04 -1.1274282276188680e-02 0.0000000000000000e+00  -1.7510286539925376e-03 -1.5149987981808125e-05 0.0000000000000000e+00  1.1984419104551236e-03 -4.0644974761579564e-05 0.0000000000000000e+00  -1.1784884993328991e-03 2.6951344799823885e-05 0.0000000000000000e+00  -2.3184089502374886e-03 -5.4394587847427661e-04 0.0000000000000000e+00  7.7706004485809054e-04 1.1735184630288000e-02 0.0000000000000000e+00  -2.3681572632260056e-04 -1.2249169806822064e-03 0.0000000000000000e+00  -9.1296112056139921e-03 -1.3071810666171753e-02 0.0000000000000000e+00  -2.0613396256580949e-03 -8.3115538704259685e-03 0.0000000000000000e+00  5.0071946495263038e-03 4.2086376500662966e-04 0.0000000000000000e+00  1.1131957023025616e-03 3.0267051841788311e-04 0.0000000000000000e+00  -1.6715384428287413e-03 -4.2295060415363413e-03 0.0000000000000000e+00  6.0768538307128255e-05 -6.2125840363965747e-04 0.0000000000000000e+00  8.7448877822928796e-03 -3.1493145802215941e-03 0.0000000000000000e+00  6.0179051669663830e-03 7.5432975043037576e-03 0.0000000000000000e+00  -9.4884086685988970e-03 1.3087259607988139e-02 0.0000000000000000e+00  -2.9996940268596111e-03 -5.8075979681484376e-03 0.0000000000000000e+00  -7.7719730356146238e-03 -5.8041707719855996e-03 0.0000000000000000e+00  1.2117944961772766e-02 -1.6036822491466714e-02 0.0000000000000000e+00  6.1025749948152126e-04 -5.2149658771032472e-04 0.0000000000000000e+00  1.6529767103872386e-03 1.9686319635872175e-02 0.0000000000000000e+00  6.9110098161446537e-03 -2.2365011897360940e-02 0.0000000000000000e+00  -8.5372490983756898e-03 1.1476400518128552e-02 0.0000000000000000e+00  6.9146217246693767e-03 -1.0310449020180844e-02 0.0000000000000000e+00  1.0586893503049108e-03 -5.9610597080261320e-04 0.0000000000000000e+00  1.0154454029771098e-03 1.0055963806127237e-03 0.0000000000000000e+00  -4.9954594853722396e-03 -1.8955027911722326e-03 0.0000000000000000e+00  -3.8891842262267745e-04 -2.1567045755260960e-04 0.0000000000000000e+00  -1.6793437880714517e-03 -5.1359026109721348e-04 0.0000000000000000e+00  -1.7907708498025025e-02 5.3113262704426744e-04 0.0000000000000000e+00  -6.0435811551524084e-03 -1.3287415466967096e-02 0.0000000000000000e+00  3.1766984587636800e-04 -6.0193776067166886e-04 0.0000000000000000e+00  -2.0082459252316695e-04 -1.3428158582015975e-03 0.0000000000000000e+00  -1.4605709688245544e-03 -2.4566619977775656e-03 0.0000000000000000e+00  9.9999999980171589e-02 0.0000000000000000e+00 0.0000000000000000e+00  9.9999999980171589e-02 0.0000000000000000e+00 0.0000000000000000e+00  4.5440133306604213e-03 1.6645242679763438e-02 0.0000000000000000e+00  -8.7082214383994835e-04 -8.3047793913495333e-04 0.0000000000000000e+00  -7.0465837569034509e-04 4.8253254569992446e-04 0.0000000000000000e+00  -1.5209632519607874e-05 7.2008321601718423e-04 0.0000000000000000e+00  -2.1490236510201055e-04 8.6141898467702815e-04 0.0000000000000000e+00  3.9931591974900274e-03 -5.3515874238299153e-03 0.0000000000000000e+00  -4.4639540728543458e-03 4.9497171859857877e-03 0.0000000000000000e+00  -1.0139535342907704e-02 4.2331227845981518e-03 0.0000000000000000e+00  -6.3344833671495268e-04 -8.6625569590901338e-03 0.0000000000000000e+00  7.2865700483136910e-04 -9.0581260316067117e-03 0.0000000000000000e+00  2.1508442755150309e-02 -1.3214913685183837e-03 0.0000000000000000e+00  -3.4724386020272922e-03 3.7953667215578739e-03 0.0000000000000000e+00  -1.7840982043032495e-03 8.0397882882834223e-03 0.0000000000000000e+00  7.2500743756229722e-04 9.2850395310755795e-03 0.0000000000000000e+00  3.2155512345911656e-03 8.0208447940260854e-03 0.0000000000000000e+00  4.8951246327612829e-04 5.1286196542848330e-03 0.0000000000000000e+00  -2.1889460844537610e-03 4.8390180076161263e-04 0.0000000000000000e+00  -2.2865837933808985e-02 2.2758178565070245e-02 0.0000000000000000e+00  -8.1842418817182737e-05 -1.3276553562599657e-04 0.0000000000000000e+00  6.7575089756341078e-04 8.7121764303622184e-03 0.0000000000000000e+00  7.6191808082791060e-05 3.8443447770263793e-04 0.0000000000000000e+00  -7.2765258823632881e-05 -3.5636221579776409e-04 0.0000000000000000e+00  -2.9751536836610019e-03 8.4839813259390124e-04 0.0000000000000000e+00  -1.2894688558634359e-03 9.4924585613588800e-03 0.0000000000000000e+00  -1.2929117025965713e-02 1.7337972517546232e-02 0.0000000000000000e+00  -4.9719411943972445e-03 2.6912934314955099e-03 0.0000000000000000e+00  -4.1422887974364132e-04 1.3799648060178122e-02 0.0000000000000000e+00  -1.7390078033145237e-03 1.1291381033429521e-02 0.0000000000000000e+00  2.1669716735895641e-03 6.6426103288608233e-03 0.0000000000000000e+00  9.4733766220557035e-04 1.7810951656550410e-03 0.0000000000000000e+00  7.4619772506916079e-03 2.7911685577640920e-03 0.0000000000000000e+00  5.5936659643910161e-03 -2.8268889862988833e-03 0.0000000000000000e+00  1.6542884645175831e-03 -1.2281936490453264e-03 0.0000000000000000e+00  5.6027434569675657e-03 4.2411924146058388e-03 0.0000000000000000e+00  4.3739302035760413e-03 -5.9095928332086323e-03 0.0000000000000000e+00  -4.0252573902664710e-04 5.7924368109328096e-04 0.0000000000000000e+00  -8.5594577984849296e-04 1.3277191592483424e-03 0.0000000000000000e+00  -8.5181184497668948e-04 -9.6911223152375617e-03 0.0000000000000000e+00  -2.5676379914674045e-03 -9.2404766243792159e-03 0.0000000000000000e+00  1.9529320157149843e-03 2.9047091225566015e-04 0.0000000000000000e+00  3.1586571104383785e-03 -1.5168678129858903e-03 0.0000000000000000e+00  9.8405958517088464e-04 -1.3314636229203396e-03 0.0000000000000000e+00  1.8029110880911569e-03 -1.6283598840907329e-04 0.0000000000000000e+00  -3.4824237413159924e-02 9.2142070505177344e-03 0.0000000000000000e+00  3.6752655110791885e-02 -8.2579744315391321e-03 0.0000000000000000e+00  -2.0362398677833617e-03 -6.1786739501411194e-03 0.0000000000000000e+00  -3.5660308456133502e-03 -2.3483736500572029e-03 0.0000000000000000e+00  5.2215838726631363e-04 9.4455799497077733e-03 0.0000000000000000e+00  9.9999999980171589e-02 0.0000000000000000e+00 0.0000000000000000e+00  9.9999999980171589e-02 0.0000000000000000e+00 0.0000000000000000e+00  2.9624902306947458e-03 -3.8214726794933997e-03 0.0000000000000000e+00  1.4971829466104620e-03 -6.8968284078613643e-03 0.0000000000000000e+00  3.4522884064610913e-03 2.6687064970320595e-03 0.0000000000000000e+00  6.6840917491599160e-03 -1.0159509047633615e-02 0.0000000000000000e+00  1.9119935226897045e-04 3.3068584433522366e-03 0.0000000000000000e+00  5.1123186235012340e-04 5.4228323894195034e-03 0.0000000000000000e+00  1.8958354134817182e-02 -1.8084804748538442e-02 0.0000000000000000e+00  -1.7489955048833143e-03 1.9741702715015429e-02 0.0000000000000000e+00  2.1310599989519865e-03 -2.9049060901295266e-04 0.0000000000000000e+00  -5.6858511075399028e-03 -3.7454421333741978e-03 0.0000000000000000e+00  -9.2822741710034233e-03 -4.9542788034437416e-03 0.0000000000000000e+00  -2.2479251117119240e-02 2.2688513132502106e-03 0.0000000000000000e+00  2.2702503134273789e-02 4.1780491782122267e-03 0.0000000000000000e+00  1.8880459416047598e-02 1.4618457959076825e-03 0.0000000000000000e+00  3.6519982386746359e-04 -3.8836808070129525e-04 0.0000000000000000e+00  5.7728236415441024e-03 9.5400696366541964e-03 0.0000000000000000e+00  8.5096239737786158e-06 -1.8943544464333894e-02 0.0000000000000000e+00  -4.2358593159293042e-03 -8.9640777063325957e-04 0.0000000000000000e+00  4.4333391552322252e-03 -2.2806878041947715e-03 0.0000000000000000e+00  -7.7033114889736793e-03 -1.7880860328878190e-02 0.0000000000000000e+00  1.8949443047199105e-03 1.0106435940241762e-02 0.0000000000000000e+00  -2.3451290239162391e-02 -1.6517442027556739e-03 0.0000000000000000e+00  -8.9904171788601523e-04 -1.6023770955343837e-03 0.0000000000000000e+00  7.7314289241316723e-04 1.0399618909635205e-02 0.0000000000000000e+00  -1.8655733116749156e-03 2.4537212003326577e-04 0.0000000000000000e+00  -1.7327783167497052e-03 -8.4098341481597970e-05 0.0000000000000000e+00  -1.8028557152334841e-03 -2.3799406753642662e-04 0.0000000000000000e+00  2.2061254448793142e-05 -5.6650939194568335e-04 0.0000000000000000e+00  9.9999999980171589e-02 0.0000000000000000e+00 0.0000000000000000e+00  9.9999999980171589e-02 0.0000000000000000e+00 0.0000000000000000e+00  -6.4964003914936338e-04 -9.2498519810008412e-03 0.0000000000000000e+00  -2.5520509671607826e-03 -1.3449948995021487e-03 0.0000000000000000e+00  -7.1537125025381465e-04 -6.3677662284695427e-04 0.0000000000000000e+00  4.0892324916104424e-03 6.1721669542321765e-03 0.0000000000000000e+00  1.3864820637356687e-03 4.1327564180823216e-04 0.0000000000000000e+00  -3.6581836931880748e-04 1.4989554314713922e-03 0.0000000000000000e+00  4.4790554535101301e-04 7.8315166229147738e-03 0.0000000000000000e+00  -9.9999999980171589e-02 0.0000000000000000e+00 0.0000000000000000e+00  -9.9999999980171589e-02 0.0000000000000000e+00 0.0000000000000000e+00  5.4855918427593577e-04 7.3763865889672712e-03 0.0000000000000000e+00  -5.2093080916372112e-04 -7.6859777167052655e-03 0.0000000000000000e+00  -1.9646007259979609e-03 6.4407717451044448e-03 0.0000000000000000e+00  1.8678041845378314e-03 -6.7661973195192989e-03 0.0000000000000000e+00  -1.2791005186837761e-03 -3.7772807297256373e-04 0.0000000000000000e+00  6.9805225747553165e-03 1.7917433601330785e-04 0.0000000000000000e+00  -1.6812184788318589e-05 7.0990626955935515e-04 0.0000000000000000e+00  -1.9863537707388397e-03 3.7823802716990583e-03 0.0000000000000000e+00  1.4364553840916982e-03 -3.6772511644921502e-04 0.0000000000000000e+00  -1.2454967507206210e-05 5.1024015734092937e-04 0.0000000000000000e+00  2.9136371905685865e-04 5.0182399755550476e-04 0.0000000000000000e+00  -1.4904544968893956e-04 -7.8512201879280298e-03 0.0000000000000000e+00  4.9284163658711960e-05 -1.3563614155778566e-04 0.0000000000000000e+00  -5.2211472909773895e-03 -3.1356053985054240e-03 0.0000000000000000e+00  2.2315470646232260e-03 1.4327522143319137e-02 0.0000000000000000e+00  2.2228295842228945e-02 6.3402232876991985e-04 0.0000000000000000e+00  -2.1859350882866082e-02 -2.7991558291408903e-03 0.0000000000000000e+00  1.8238173515249972e-03 3.0093967767027365e-05 0.0000000000000000e+00  -1.4115323691970484e-03 -1.5828256890760575e-02 0.0000000000000000e+00  2.0734831591452578e-03 2.9943325518130121e-03 0.0000000000000000e+00  -4.5040714726172339e-05 -7.1464212778814653e-04 0.0000000000000000e+00  2.7934949905836408e-03 5.5134453659259541e-03 0.0000000000000000e+00  -1.9445204144632715e-05 -3.2142461574891502e-04 0.0000000000000000e+00  2.4471915719808859e-02 -4.0070204856341735e-03 0.0000000000000000e+00  -5.2354619878176058e-03 1.0370390590657655e-02 0.0000000000000000e+00  2.2776503058768915e-03 3.7095826334915136e-04 0.0000000000000000e+00  2.5899145339263355e-03 -1.2362965827206223e-04 0.0000000000000000e+00  2.5948923518745995e-03 1.6155368141106225e-03 0.0000000000000000e+00  3.3953265171978347e-05 2.2833787263988486e-03 0.0000000000000000e+00  7.8404682917708598e-04 1.7256895854020698e-03 0.0000000000000000e+00  -2.7892332758586678e-04 1.0394964728431225e-03 0.0000000000000000e+00  -4.4294748423173609e-03 -9.5985229066704019e-03 0.0000000000000000e+00  6.9377671163703093e-03 1.1678052407374373e-02 0.0000000000000000e+00  9.9999999980171589e-02 0.0000000000000000e+00 0.0000000000000000e+00  9.9999999980171589e-02 0.0000000000000000e+00 0.0000000000000000e+00  -5.9742295586660442e-04 -5.7506516658944714e-03 0.0000000000000000e+00  -9.9999999980171589e-02 0.0000000000000000e+00 0.0000000000000000e+00  -9.9999999980171589e-02 0.0000000000000000e+00 0.0000000000000000e+00  -1.6747201015019470e-04 -4.4414283032973827e-03 0.0000000000000000e+00  -3.9805792000138139e-04 -7.5115609460522431e-03 0.0000000000000000e+00  6.8828043585765096e-05 8.0471902144728131e-04 0.0000000000000000e+00  1.6774084529474581e-04 4.7379993278234001e-03 0.0000000000000000e+00  -9.9999999980171589e-02 0.0000000000000000e+00 0.0000000000000000e+00  -9.9999999980171589e-02 0.0000000000000000e+00 0.0000000000000000e+00  -9.9999999980171589e-02 0.0000000000000000e+00 0.0000000000000000e+00  -9.9999999980171589e-02 0.0000000000000000e+00 0.0000000000000000e+00  -2.3119090153160042e-04 -3.6920071510419127e-03 0.0000000000000000e+00  -7.4101205386615620e-04 -1.0449447666902398e-02 0.0000000000000000e+00  3.4983228425671580e-05 -6.4551722498404330e-04 0.0000000000000000e+00  -4.7443711550020090e-04 -5.6533015050146381e-03 0.0000000000000000e+00  -3.8039746949416564e-05 -2.1102847768404965e-03 0.0000000000000000e+00  -1.0815660379784101e-02 -5.0208593227761980e-03 0.0000000000000000e+00  1.0922971763552095e-05 -3.7011660409052053e-04 0.0000000000000000e+00  -3.3586398274760860e-03 -4.2424941027334124e-03 0.0000000000000000e+00  9.7335719632894041e-04 2.6391513665420985e-03 0.0000000000000000e+00  -5.6132005083814000e-03 -1.4192923868702998e-02 0.0000000000000000e+00  -2.4870415678644358e-03 -3.9102963205164690e-03 0.0000000000000000e+00  8.4269341780197262e-03 -7.8896422982345782e-03 0.0000000000000000e+00  -3.8801876010716844e-03 9.7821904495490122e-03 0.0000000000000000e+00  3.1399556536831595e-03 -3.3440573228922985e-03 0.0000000000000000e+00  -4.4604294219937376e-05 7.1616996818233032e-04 0.0000000000000000e+00  -2.2573263585956240e-04 -5.0164140413020298e-04 0.0000000000000000e+00  2.2308214288686073e-03 -1.1022649919023620e-02 0.0000000000000000e+00  6.1970056031319821e-03 1.9062272627444472e-03 0.0000000000000000e+00  -3.9426279722963920e-05 -9.0661797948427588e-04 0.0000000000000000e+00  -2.1990511323393453e-03 1.2537062069140493e-04 0.0000000000000000e+00  -1.3536903693878175e-03 2.0503901486795561e-03 0.0000000000000000e+00  -5.8887436877153795e-03 2.1810944032021927e-03 0.0000000000000000e+00  -5.7950843542121828e-03 -5.9958878825823632e-03 0.0000000000000000e+00  -3.2241475488467100e-03 7.1005629806388090e-04 0.0000000000000000e+00  -3.6878421124822008e-03 -1.2195216925815094e-03 0.0000000000000000e+00  -8.4688326138779052e-02 5.9256070994318155e-03 0.0000000000000000e+00  1.0101924397514157e-01 -1.9418773837073238e-03 0.0000000000000000e+00  4.1621872172288993e-03 -1.1308506026871730e-02 0.0000000000000000e+00  1.1315283733330083e-03 -8.8505968727525218e-03 0.0000000000000000e+00  -1.2977444456050986e-03 9.2609722986164329e-03 0.0000000000000000e+00  -6.5431512018630112e-03 7.3910775635313095e-03 0.0000000000000000e+00  -2.9913366010593501e-04 7.1309545199046032e-04 0.0000000000000000e+00  -1.3815656799813475e-03 -1.0469181659827216e-02 0.0000000000000000e+00  -7.4026718630176424e-04 3.8354236217994749e-03 0.0000000000000000e+00  5.3979158442078474e-03 8.2850537487379923e-03 0.0000000000000000e+00  -4.4094643421877643e-03 1.1610894335917684e-02 0.0000000000000000e+00  -4.3173331040013366e-03 -1.0565826050938422e-02 0.0000000000000000e+00  5.5792112275559608e-03 -8.1093252960180266e-03 0.0000000000000000e+00  -1.6295159293918987e-03 3.0277033777662005e-04 0.0000000000000000e+00  1.9321073128724796e-03 1.2919780742285642e-04 0.0000000000000000e+00  -1.0632531949978309e-03 6.3343500955953254e-05 0.0000000000000000e+00  -1.3107353811386113e-03 3.4620009257737959e-04 0.0000000000000000e+00  -1.6415007174250848e-03 5.6250338007612737e-04 0.0000000000000000e+00  7.6459150034208819e-04 -8.2073895385021518e-04 0.0000000000000000e+00  -3.8168663123384831e-03 6.2196917431101510e-03 0.0000000000000000e+00  5.6268927310685205e-03 -4.1096730183062405e-03 0.0000000000000000e+00  -2.8242892282375922e-03 1.4899335351960699e-03 0.0000000000000000e+00  6.5151123246390457e-03 -6.7884030504748866e-03 0.0000000000000000e+00  -3.5633656917293619e-03 -6.6639686105955716e-03 0.0000000000000000e+00  -3.5735094586882433e-04 3.3119590079749855e-04 0.0000000000000000e+00  6.3190394083498670e-04 4.9939400714540147e-04 0.0000000000000000e+00  -4.6895163868625764e-04 3.5319545139557307e-05 0.0000000000000000e+00  -2.3127981533272728e-03 1.0329626315669950e-03 0.0000000000000000e+00  3.5077480440960582e-03 -5.8472668917964427e-05 0.0000000000000000e+00  -6.7170595766868598e-03 -3.0482203519170124e-03 0.0000000000000000e+00  2.0723850522021595e-02 2.0106203749934347e-02 0.0000000000000000e+00  -1.8020461924160238e-04 -1.2887768584319574e-02 0.0000000000000000e+00  -1.3814920627236006e-03 -8.0536841975389027e-04 0.0000000000000000e+00  -6.3332586221977235e-03 4.5042146708487631e-03 0.0000000000000000e+00  -2.5980823909910753e-03 -2.6716969910144038e-05 0.0000000000000000e+00  2.2341528267386711e-03 -1.3167622512185941e-03 0.0000000000000000e+00  -2.7371415892336409e-04 8.7851876280142845e-03 0.0000000000000000e+00  2.6499162049671890e-03 1.6799936942812276e-03 0.0000000000000000e+00  2.1150853532868647e-03 1.1532362260619568e-02 0.0000000000000000e+00  8.1865254082620215e-02 -1.5808939411289177e-02 0.0000000000000000e+00  -7.5297701615130485e-03 -1.8684193275826564e-03 0.0000000000000000e+00  6.6022629447639574e-03 2.7110607266982623e-03 0.0000000000000000e+00  -1.7929317740996826e-03 5.8523886745225689e-03 0.0000000000000000e+00  1.7054657621451508e-03 -2.0029689201656745e-03 0.0000000000000000e+00  -8.2305263364493911e-02 1.7841673736108978e-02 0.0000000000000000e+00  -5.2736511588599632e-03 1.4172317371157948e-04 0.0000000000000000e+00  -8.8320333510010212e-03 3.2833632424296706e-03 0.0000000000000000e+00  1.7356692948270259e-03 3.6383595249369683e-04 0.0000000000000000e+00  -4.9934500056603687e-02 4.2109395385538572e-03 0.0000000000000000e+00  -8.0742507416914204e-04 8.4547948057284953e-04 0.0000000000000000e+00  -1.0175306184091856e-03 3.8445771079889662e-04 0.0000000000000000e+00  1.3195361351625551e-02 -3.3053175475367081e-04 0.0000000000000000e+00  7.7566940299142219e-03 6.2321294055993019e-03 0.0000000000000000e+00  -8.6416777682805819e-03 4.6369452394177291e-05 0.0000000000000000e+00  -8.4559049665169240e-03 3.7229201551034257e-05 0.0000000000000000e+00  -1.2474314117651719e-04 1.0805674340928374e-02 0.0000000000000000e+00  -1.1314894096790415e-02 2.2336857562282549e-02 0.0000000000000000e+00  2.2746406442618540e-03 8.4034264976214545e-04 0.0000000000000000e+00  1.5750515570983671e-03 1.2084665818907921e-03 0.0000000000000000e+00  -6.1468203755555596e-04 -1.1068998803222464e-02 0.0000000000000000e+00  -3.0950948063457565e-02 -1.1198347909512822e-02 0.0000000000000000e+00  4.9659419342623634e-03 3.4987943504043184e-03 0.0000000000000000e+00  3.2741048594646222e-03 4.0315169453028817e-03 0.0000000000000000e+00  -1.7836882688391738e-02 1.7160251077102492e-02 0.0000000000000000e+00  -1.3581196627178275e-03 -1.8379401412720844e-05 0.0000000000000000e+00  -3.0589746229834620e-03 -2.7740197899080764e-03 0.0000000000000000e+00  -2.0703899752786282e-04 -4.7363446815632475e-04 0.0000000000000000e+00  2.2184605952210302e-03 -2.1077385073974123e-02 0.0000000000000000e+00  3.6940158416081076e-03 7.6588984357783274e-03 0.0000000000000000e+00  1.0722171214820957e-03 8.4940325005011599e-03 0.0000000000000000e+00  1.1837946973285217e-03 -2.5595985874490783e-03 0.0000000000000000e+00  1.3876238497550501e-03 -4.9816895741593425e-03 0.0000000000000000e+00  3.1151348072999494e-03 -1.8454124559332686e-03 0.0000000000000000e+00  1.4424939820985555e-02 5.9585382142550740e-03 0.0000000000000000e+00  1.5326828408220548e-04 -5.1008898328707103e-04 0.0000000000000000e+00  -2.0180896519291129e-03 -2.5693896313802410e-04 0.0000000000000000e+00  3.7394157017101846e-03 1.2769867720793197e-03 0.0000000000000000e+00  -4.1780727783540875e-02 2.5790362796207413e-03 0.0000000000000000e+00  2.1997585256047385e-02 -5.3587957689347245e-03 0.0000000000000000e+00  8.6069727791523495e-03 1.6937423142223584e-02 0.0000000000000000e+00  2.4858068171539479e-03 -8.5057188813796748e-03 0.0000000000000000e+00  1.8795770336412214e-02 -1.1511671316950949e-02 0.0000000000000000e+00  -1.0976285101545812e-02 -3.5004399089514791e-04 0.0000000000000000e+00  7.5885277364822496e-03 -9.6472627116190679e-04 0.0000000000000000e+00  -3.4281846351069873e-04 4.0237113561095156e-04 0.0000000000000000e+00  -6.1254909586569114e-04 1.1554527981061883e-03 0.0000000000000000e+00  -1.2653407960793207e-03 -2.3119299811057205e-04 0.0000000000000000e+00  1.9970990039932007e-03 -1.0367081289763798e-02 0.0000000000000000e+00  1.6145259586996762e-03 8.6739471994167136e-03 0.0000000000000000e+00  2.0037261636502131e-03 -1.6373515502316326e-03 0.0000000000000000e+00  -3.1631188171860773e-02 2.6721029272304114e-03 0.0000000000000000e+00  2.9648548966515597e-02 -3.3026216223766267e-03 0.0000000000000000e+00  1.4399495773485087e-03 -5.5798924370696415e-06 0.0000000000000000e+00  5.8433776802796197e-02 -2.3692166875028751e-02 0.0000000000000000e+00  -1.7439608281378645e-02 -9.3925075969025704e-03 0.0000000000000000e+00  4.6595514591609537e-03 -9.2848959026695030e-03 0.0000000000000000e+00  -1.2487018924791021e-02 -7.4232447718910596e-03 0.0000000000000000e+00  -2.8913261218407359e-03 -6.7866746978653767e-04 0.0000000000000000e+00  -1.7453499217138190e-04 1.1033254767953665e-03 0.0000000000000000e+00  1.0598486915538124e-03 5.4434196615665955e-03 0.0000000000000000e+00  8.8069992069986875e-04 3.9442350536882031e-03 0.0000000000000000e+00  1.0264083469069625e-02 8.3091731646304911e-03 0.0000000000000000e+00  1.7834307931478522e-03 -1.2231500761045712e-02 0.0000000000000000e+00  -2.2491328891807048e-03 -2.1012003166841213e-03 0.0000000000000000e+00  -1.6584116285116410e-03 -2.4385631836193025e-04 0.0000000000000000e+00  3.0579782558665325e-04 8.4847883281311261e-05 0.0000000000000000e+00  1.6735674203076640e-03 3.4327194430394366e-03 0.0000000000000000e+00  2.9748758843385868e-02 6.5165990886614355e-03 0.0000000000000000e+00  5.2156469355413380e-04 -1.0160750181212831e-02 0.0000000000000000e+00  -2.0872531674759207e-02 4.1865832722003749e-03 0.0000000000000000e+00  4.4100868940421173e-04 -1.5673243108204471e-04 0.0000000000000000e+00  -2.0902777183784481e-03 -9.5548047861088658e-04 0.0000000000000000e+00  6.8679543643101256e-04 9.3682693549525221e-04 0.0000000000000000e+00  2.1188510967532163e-03 -4.3114086953675259e-05 0.0000000000000000e+00  3.3656566601944909e-03 -1.6882530176293781e-02 0.0000000000000000e+00  1.8059307751784261e-03 1.9214583357640659e-05 0.0000000000000000e+00  -1.5960930703282710e-03 2.3452472380407595e-05 0.0000000000000000e+00  -1.7985181568487465e-03 1.1202190682626779e-04 0.0000000000000000e+00  6.7016044880207062e-03 -1.3510914111694526e-02 0.0000000000000000e+00  1.6841494260705779e-03 9.4957539698020395e-04 0.0000000000000000e+00  -1.6345872712177092e-03 1.1078410273497835e-03 0.0000000000000000e+00  2.6794853593487544e-02 3.6679144717224827e-03 0.0000000000000000e+00  -4.9624554700566871e-04 -4.9333867064134114e-04 0.0000000000000000e+00  -2.0128613433028372e-04 7.5503667434485909e-04 0.0000000000000000e+00  2.2755084357976027e-04 -7.3111781040832691e-04 0.0000000000000000e+00  1.9774485243867945e-04 -5.6220341716993537e-04 0.0000000000000000e+00  2.4058675606008158e-04 -5.0512697407754752e-04 0.0000000000000000e+00  8.0099055499732730e-03 -2.3206519903127588e-03 0.0000000000000000e+00  9.9192940810346412e-04 -4.5650874964532446e-03 0.0000000000000000e+00  1.6653267229592606e-03 3.8316054225683046e-03 0.0000000000000000e+00  2.4266332527116239e-03 1.1888074424859523e-02 0.0000000000000000e+00  8.9004929807312951e-04 1.0639778377205811e-02 0.0000000000000000e+00  -4.2436051438059415e-04 1.3207453566384066e-02 0.0000000000000000e+00  -6.5180026616630082e-04 -2.5290818745403007e-03 0.0000000000000000e+00  -9.7344333893961221e-04 -3.3766564804615564e-03 0.0000000000000000e+00  4.5417913957533374e-04 1.0055076738766644e-03 0.0000000000000000e+00  -3.6361235451175542e-03 -1.2781048639958738e-02 0.0000000000000000e+00  -7.3442583718993067e-03 -8.0863043384500691e-03 0.0000000000000000e+00  -2.2415040952806393e-02 -1.4835884873934441e-02 0.0000000000000000e+00  2.8765108612186256e-03 5.3835845544082522e-03 0.0000000000000000e+00  6.3132754136734125e-03 -1.0430683405809823e-03 0.0000000000000000e+00  -1.4356635106452045e-02 9.1489673843004327e-03 0.0000000000000000e+00  8.2197692187403130e-04 -5.3225318466093346e-04 0.0000000000000000e+00  -1.2575649117310384e-03 2.2695543117736977e-05 0.0000000000000000e+00  1.3648108123196709e-03 -2.2996202066872984e-05 0.0000000000000000e+00  -1.6885139823245572e-03 7.3292668634830714e-06 0.0000000000000000e+00  -1.6929853128485679e-03 -4.6764306507072437e-05 0.0000000000000000e+00  1.8408392365639173e-03 5.4616053956120496e-06 0.0000000000000000e+00  -7.5961996792274522e-04 1.9140484954519067e-05 0.0000000000000000e+00  1.0066960448353605e-03 -7.6893840064876817e-05 0.0000000000000000e+00  6.9094657820413432e-04 -2.2051537826678368e-05 0.0000000000000000e+00  -3.1151540202723426e-04 -6.7625630582810635e-05 0.0000000000000000e+00  5.0118576865830868e-04 -3.0138084040011188e-05 0.0000000000000000e+00  -5.5646536617867226e-04 -1.3710020978599492e-03 0.0000000000000000e+00  -5.7483785198724274e-03 -4.2133620560394274e-03 0.0000000000000000e+00  -2.4414406757696856e-04 -8.3807825956492524e-04 0.0000000000000000e+00  1.3791683696013454e-02 -7.4070799599446659e-03 0.0000000000000000e+00  -9.4298034265455865e-04 -5.1232340795429208e-03 0.0000000000000000e+00  -2.4181741101696507e-03 -3.3794629543494356e-03 0.0000000000000000e+00  -3.4762987680864187e-03 -7.4912642324253507e-03 0.0000000000000000e+00  -1.8560153669351777e-03 -9.8673718091576469e-03 0.0000000000000000e+00  -9.8880294635641185e-04 -8.5093483734146394e-03 0.0000000000000000e+00  -2.0829602346963415e-02 1.1635502336254786e-04 0.0000000000000000e+00  -9.9202785743962005e-05 -3.2264650646968522e-05 0.0000000000000000e+00  4.6911218970709269e-04 -6.8564835637719270e-04 0.0000000000000000e+00  5.4750987998750805e-04 -3.1320146916027664e-04 0.0000000000000000e+00  -1.6323613901037522e-03 -4.3582971430039252e-03 0.0000000000000000e+00  -2.0247801343830337e-03 -7.5592560708110067e-03 0.0000000000000000e+00  -3.7827354878893164e-03 -7.9619648704066688e-03 0.0000000000000000e+00  -4.0231895077201027e-02 -5.9321115265079647e-04 0.0000000000000000e+00  2.1022717759435930e-03 -1.8904452993007220e-02 0.0000000000000000e+00  3.5480219355491220e-02 -1.5995431743213002e-02 0.0000000000000000e+00  -1.1254851806256766e-03 5.0975272993365088e-03 0.0000000000000000e+00  -3.4986621185095850e-03 1.2248052504448615e-02 0.0000000000000000e+00  2.5448308460480702e-02 4.2394063766232320e-03 0.0000000000000000e+00  -1.5619053070786744e-02 6.6259174864252450e-03 0.0000000000000000e+00  2.1569432726006081e-02 -2.8514919305507719e-02 0.0000000000000000e+00  1.1575084373738637e-03 -3.1410390442722846e-04 0.0000000000000000e+00  1.3731483355943032e-03 -7.1755820921711073e-04 0.0000000000000000e+00  -2.6933364327769421e-02 1.6089134336526908e-02 0.0000000000000000e+00  -1.0701945771469712e-02 8.1125975474917282e-03 0.0000000000000000e+00  7.7823992985100376e-03 -8.4700206598072175e-03 0.0000000000000000e+00  -5.9017051360317450e-03 1.4461212582153006e-02 0.0000000000000000e+00  2.7316955044437510e-02 4.1036212444920664e-04 0.0000000000000000e+00  7.9528553928177002e-03 -6.4469169680084091e-03 0.0000000000000000e+00  1.4824259324052656e-02 9.6164361167251633e-03 0.0000000000000000e+00  6.6461263950078333e-03 9.8259516976595355e-03 0.0000000000000000e+00  -1.3540559548410691e-02 -1.5408343215300709e-02 0.0000000000000000e+00  7.9176940395084977e-04 1.8055292582001847e-02 0.0000000000000000e+00  5.9328390337259609e-03 1.4115265373299204e-02 0.0000000000000000e+00  -1.8422274434682487e-02 1.3438164690722117e-02 0.0000000000000000e+00  -1.9524814384249703e-02 -3.0262126732358697e-03 0.0000000000000000e+00  -7.4087830654892533e-03 -3.6663680908362055e-03 0.0000000000000000e+00  -1.8530628512994614e-03 -1.3615126631712267e-04 0.0000000000000000e+00  -9.2709888463341514e-04 -4.1050632712868183e-04 0.0000000000000000e+00  -5.4198672276397459e-04 -1.1862243783209733e-03 0.0000000000000000e+00  -3.6661875524718491e-03 5.8972592185659034e-03 0.0000000000000000e+00  -1.4287800144236499e-03 1.2920919860553523e-04 0.0000000000000000e+00  1.2514387149431584e-03 7.5223131934793117e-03 0.0000000000000000e+00  -1.8011778375093964e-03 -9.9860813433164759e-04 0.0000000000000000e+00  -2.8109781699010941e-03 -1.0905876699635274e-03 0.0000000000000000e+00  -3.9303459906275926e-04 -7.8608443161053078e-04 0.0000000000000000e+00  5.1828893561185656e-03 -1.1783905908001017e-02 0.0000000000000000e+00  -9.6877379215676697e-04 -6.7433190740210560e-03 0.0000000000000000e+00  -1.8776189174512731e-04 5.1938324069546844e-04 0.0000000000000000e+00  -6.1645387803126823e-03 -9.4152142631948234e-03 0.0000000000000000e+00  -1.9622870656353019e-03 -5.1335563101780339e-04 0.0000000000000000e+00  -6.9775153828977943e-03 -7.3107505808152210e-03 0.0000000000000000e+00  -3.3401514892941736e-04 8.8068456553135207e-04 0.0000000000000000e+00  -7.8347970550302792e-05 9.0714375670246817e-04 0.0000000000000000e+00  -1.3181613549744634e-04 -6.5401033726567807e-04 0.0000000000000000e+00  -1.1993336234449225e-03 -1.1872282674010011e-03 0.0000000000000000e+00  -4.3689266858746674e-03 4.3654390784759908e-04 0.0000000000000000e+00  -1.7817355778236520e-02 -6.2141505334455628e-03 0.0000000000000000e+00  5.5812644087465816e-03 1.9148824513077868e-03 0.0000000000000000e+00  1.4470092128766479e-03 7.8841305213422821e-04 0.0000000000000000e+00  -6.4969853942906163e-04 5.5924327699739396e-05 0.0000000000000000e+00  6.7657365527813229e-04 -1.9081646037489807e-03 0.0000000000000000e+00  -1.1873386944044486e-02 -5.7648083093985120e-04 0.0000000000000000e+00  9.6566355049465465e-05 1.3282369510518438e-03 0.0000000000000000e+00  -1.7064497411995252e-03 2.3971158228435568e-03 0.0000000000000000e+00  8.3777297003982242e-03 2.3545564430839085e-04 0.0000000000000000e+00  1.5690411941334812e-03 -1.3664698183318215e-04 0.0000000000000000e+00  4.2534471335425042e-04 -5.3241159156567502e-04 0.0000000000000000e+00  -1.6323443670872744e-03 -1.8086910054377011e-03 0.0000000000000000e+00  -1.5405124864506532e-03 1.0234347580547853e-03 0.0000000000000000e+00  8.6676317002627942e-03 3.5601835045700084e-03 0.0000000000000000e+00  1.4800004616184056e-04 -1.3099247565325611e-03 0.0000000000000000e+00  -3.2811058198915880e-04 -8.3069748632351686e-04 0.0000000000000000e+00  7.0973849546835163e-03 7.3267409974823615e-03 0.0000000000000000e+00  -6.3251830780773725e-03 2.8247729438688876e-02 0.0000000000000000e+00  -6.3292476688503636e-04 7.0899099993182732e-03 0.0000000000000000e+00  3.8448272914906156e-04 4.1991121774968172e-03 0.0000000000000000e+00  1.3478167855821068e-02 3.9311263646264923e-03 0.0000000000000000e+00  9.9999999980171589e-02 0.0000000000000000e+00 0.0000000000000000e+00  2.2055771245330771e-02 3.4808169911412219e-03 0.0000000000000000e+00  -1.1013559847979967e-02 8.7057595558825435e-03 0.0000000000000000e+00  -9.6002921496336109e-03 1.3232049139494452e-02 0.0000000000000000e+00  -4.0042304001340996e-03 1.6851845342126439e-02 0.0000000000000000e+00  1.7905336118526018e-03 -1.3237831621050182e-02 0.0000000000000000e+00  -5.0604752660564989e-03 -1.7324700357012196e-02 0.0000000000000000e+00  -3.9799618396074744e-03 -1.3463968784882376e-02 0.0000000000000000e+00  -6.2798426835840040e-02 2.0845446702489074e-02 0.0000000000000000e+00  -1.6739279681415597e-02 -1.1589233162400303e-03 0.0000000000000000e+00  -8.3237290468079117e-04 2.9523845359979739e-04 0.0000000000000000e+00  -5.6674645727236713e-04 3.1087194709724362e-04 0.0000000000000000e+00  -5.7158951462906967e-04 6.4003428297589233e-04 0.0000000000000000e+00  -1.6652265425490503e-03 1.0777766645710708e-03 0.0000000000000000e+00  -8.9490966686778630e-04 5.8586988231926391e-04 0.0000000000000000e+00  1.0285485290212235e-02 1.3494987958615126e-02 0.0000000000000000e+00  3.6918215513141457e-04 1.4003811320634510e-02 0.0000000000000000e+00  3.1922086081888991e-04 -9.4361224217325457e-04 0.0000000000000000e+00  -7.3876525322054827e-05 -1.3083103395804879e-03 0.0000000000000000e+00  7.0094400874825256e-04 -8.4824652753280095e-04 0.0000000000000000e+00  4.9841933046471335e-03 9.5768280549391616e-03 0.0000000000000000e+00  4.9933087364706599e-02 -1.4501954652055373e-03 0.0000000000000000e+00  4.6590447978915248e-02 -3.1068753157722639e-04 0.0000000000000000e+00  4.2500520697798831e-03 9.3796650232768741e-03 0.0000000000000000e+00  1.8036459411065267e-03 7.2044790770232417e-03 0.0000000000000000e+00  4.2217389225996608e-03 6.6064798752889691e-03 0.0000000000000000e+00  -4.4436006444455666e-04 -5.0136134741227589e-04 0.0000000000000000e+00  -1.2282034729796667e-03 9.6197921601875180e-03 0.0000000000000000e+00  -5.1116813388318695e-03 2.3334165068306561e-03 0.0000000000000000e+00  -3.7359224745018419e-03 7.6212212484888728e-03 0.0000000000000000e+00  -5.5645866628149052e-03 9.7482223153690980e-03 0.0000000000000000e+00  4.6014359847126292e-03 1.7234203292541145e-03 0.0000000000000000e+00  -4.3681702108360658e-03 -4.4840875359840344e-03 0.0000000000000000e+00  -7.2736070366192793e-03 -6.9324769654191253e-05 0.0000000000000000e+00  2.4004762758645859e-03 -6.2383322794643664e-04 0.0000000000000000e+00  -8.5544883636690799e-03 2.4876856599874899e-03 0.0000000000000000e+00  9.5850396160119405e-04 -3.4498431339638767e-04 0.0000000000000000e+00  7.1599192625273632e-04 -3.3120664146575103e-04 0.0000000000000000e+00  -9.8424728609288026e-02 -1.9581835924080467e-03 0.0000000000000000e+00  2.0813912685381324e-03 1.2880669267725498e-03 0.0000000000000000e+00  -1.4228360524924735e-03 -9.4399251849283366e-03 0.0000000000000000e+00  -3.3726252469167390e-03 -5.6722107394601914e-03 0.0000000000000000e+00  -5.1061842887985247e-03 9.6573521214035878e-03 0.0000000000000000e+00  1.0308145433674922e-03 3.9245412878983571e-04 0.0000000000000000e+00  -2.5107704331958137e-04 6.2806232327455153e-04 0.0000000000000000e+00  -1.7824059192032185e-03 3.2507092844755810e-04 0.0000000000000000e+00  1.6063017310084930e-03 -4.2534064910591234e-03 0.0000000000000000e+00  6.8039500772108406e-03 -5.0157927671430572e-03 0.0000000000000000e+00  3.5324550540512894e-03 -7.3109174038870992e-03 0.0000000000000000e+00  5.3539361793501067e-04 -7.9119541267002914e-03 0.0000000000000000e+00  -1.6812163621434718e-04 -8.9005830002257379e-03 0.0000000000000000e+00  6.0799684244464266e-04 -1.0323323076147646e-02 0.0000000000000000e+00  -2.1861351711927710e-03 -8.4897357197237091e-05 0.0000000000000000e+00  7.4851653948333980e-04 9.9882341126987274e-03 0.0000000000000000e+00  2.7800963076253472e-04 1.5541562284693918e-02 0.0000000000000000e+00  -4.1267008644647460e-03 3.1455522393332826e-03 0.0000000000000000e+00  -6.6915620568413275e-03 4.9085672389582863e-03 0.0000000000000000e+00  -3.7262648638293275e-03 6.8122079317517849e-03 0.0000000000000000e+00  4.0376053800347471e-02 6.4485664939085616e-04 0.0000000000000000e+00  -5.7947039066576301e-03 -1.5377699426801967e-03 0.0000000000000000e+00  2.2256657395058825e-04 -6.0404382786274598e-04 0.0000000000000000e+00  1.5684770014692433e-03 9.7071008158075274e-04 0.0000000000000000e+00  2.9549337255500093e-03 -5.0086498616630408e-03 0.0000000000000000e+00  4.1151883662249042e-03 -3.8674040569513261e-03 0.0000000000000000e+00  5.4713897216026666e-02 -1.4756156050211779e-03 0.0000000000000000e+00  -1.8403259874183744e-02 1.1597649451223789e-02 0.0000000000000000e+00  -2.0275597961061024e-03 1.9539853371314649e-04 0.0000000000000000e+00  -1.7721304830082901e-03 1.0433768882805886e-03 0.0000000000000000e+00  7.6084096858564207e-04 1.0534021032557760e-02 0.0000000000000000e+00  -9.2249827388468462e-03 -9.8372081012444083e-04 0.0000000000000000e+00  -3.0334633025441318e-03 3.3118377174094081e-03 0.0000000000000000e+00  -5.9160237337013448e-03 1.8682400676513080e-02 0.0000000000000000e+00  -9.4792462412080121e-03 2.2481223624985433e-02 0.0000000000000000e+00  -8.3603943311410557e-03 -2.1423354052677042e-02 0.0000000000000000e+00  2.6035919418273836e-03 2.3562306000092913e-03 0.0000000000000000e+00  1.4656881176980087e-02 -9.6704661819604319e-03 0.0000000000000000e+00  2.0687933120749316e-03 5.6120623476251126e-04 0.0000000000000000e+00  -2.6746169103434793e-03 -1.0617703129147230e-02 0.0000000000000000e+00  1.6355097226935754e-02 1.1140911707231630e-03 0.0000000000000000e+00  -1.0381539790573870e-03 7.7945959713227571e-03 0.0000000000000000e+00  -8.0596892170925784e-03 -4.2853690329725906e-02 0.0000000000000000e+00  -1.7167967386075796e-03 -8.6725766608058833e-04 0.0000000000000000e+00  1.3687277488194406e-03 -2.9158392330307530e-03 0.0000000000000000e+00  2.2469009735205819e-03 -1.5433530315274997e-04 0.0000000000000000e+00  -1.6205077449985617e-02 3.1250494740728127e-03 0.0000000000000000e+00  9.9999999980171589e-02 0.0000000000000000e+00 0.0000000000000000e+00  1.7545693419052159e-02 -2.1494656257572756e-03 0.0000000000000000e+00  -2.7644399754974238e-03 5.0051694714310451e-04 0.0000000000000000e+00  9.9999999980171589e-02 0.0000000000000000e+00 0.0000000000000000e+00  2.3979845847250146e-03 -5.4799459384724074e-03 0.0000000000000000e+00  1.9532216564229522e-03 -3.6555906649738963e-04 0.0000000000000000e+00  2.0167474793003023e-03 -1.3007038029482577e-04 0.0000000000000000e+00  2.9314007187698650e-03 -6.3755768992639094e-04 0.0000000000000000e+00  -1.2710143237650635e-02 -9.2712563047003850e-03 0.0000000000000000e+00  -1.0727392902238504e-03 -7.7178521240255718e-03 0.0000000000000000e+00  -6.0551882151798847e-03 9.8539252166801664e-03 0.0000000000000000e+00  1.0096530955111451e-02 3.8994971517501238e-03 0.0000000000000000e+00  6.0374608472778370e-03 -1.1020787545944967e-02 0.0000000000000000e+00  -1.1551034098065268e-03 2.2808036600232895e-04 0.0000000000000000e+00  -4.1754072538731698e-03 -2.1992557395576554e-03 0.0000000000000000e+00  9.3599294365513704e-05 2.0271109291685748e-04 0.0000000000000000e+00  -1.0446244358629675e-04 -1.6734697358311419e-04 0.0000000000000000e+00  2.2899048238286162e-04 -2.2545103832076558e-04 0.0000000000000000e+00  7.5683348109212311e-04 9.9693280488772316e-03 0.0000000000000000e+00  -2.4268458865202651e-03 -4.9202465713593544e-03 0.0000000000000000e+00  1.9104921945517258e-03 1.5035809142268974e-04 0.0000000000000000e+00  2.0450212723734642e-03 1.9721408048838939e-04 0.0000000000000000e+00  -3.4373433746573943e-02 1.1629587092653855e-03 0.0000000000000000e+00  4.3291587774544919e-03 -7.6504726977558244e-04 0.0000000000000000e+00  -1.6588704678654289e-03 4.2175735284078622e-03 0.0000000000000000e+00  -1.5929822754147224e-02 -6.8335064483780955e-03 0.0000000000000000e+00  -1.6491241256325706e-03 1.1263319019273951e-03 0.0000000000000000e+00  -2.6751804897361987e-03 5.3348916797564191e-04 0.0000000000000000e+00  -2.6925124675205507e-03 1.3122902015246670e-04 0.0000000000000000e+00  2.4460463411101513e-03 -8.4494692662938581e-04 0.0000000000000000e+00  2.8039370546520658e-04 4.2499460594252010e-03 0.0000000000000000e+00  -1.1916257986361767e-03 5.0415420194946433e-03 0.0000000000000000e+00  -2.7749460947034954e-03 4.9981005515515034e-03 0.0000000000000000e+00  3.5721215059832307e-03 7.0876142138746043e-04 0.0000000000000000e+00  -5.3907037857225688e-04 -6.7176038547061322e-03 0.0000000000000000e+00  3.7781199900380649e-03 -2.1997648710768642e-03 0.0000000000000000e+00  5.1238875287055148e-03 3.5994391078711238e-03 0.0000000000000000e+00  -5.8183701758656066e-04 -8.7326052556497592e-03 0.0000000000000000e+00  6.8932575727768163e-03 -4.0220420566462614e-03 0.0000000000000000e+00  4.5770545773162561e-03 -1.4184963662073169e-03 0.0000000000000000e+00  2.3456739485084059e-03 7.7926869407401083e-03 0.0000000000000000e+00  1.1212967219288216e-03 6.4593077543100815e-03 0.0000000000000000e+00  6.2885773658430903e-03 4.5527014561466614e-03 0.0000000000000000e+00  -6.2449300759546246e-03 5.0927881760887573e-03 0.0000000000000000e+00  -4.1306798024439090e-03 1.0934291507389365e-03 0.0000000000000000e+00  1.9462443947031974e-03 2.5396729141461088e-05 0.0000000000000000e+00  3.3331420363207527e-03 -2.5715577827334166e-03 0.0000000000000000e+00  2.9704597253438420e-04 1.4302120843839926e-03 0.0000000000000000e+00  5.7499340554819391e-05 2.6931778866940751e-03 0.0000000000000000e+00  -5.0746941991508462e-02 4.4324632980253954e-03 0.0000000000000000e+00  -3.2028350235400327e-04 1.0028720651871248e-02 0.0000000000000000e+00  -1.9445268026548501e-02 5.8805747384548584e-03 0.0000000000000000e+00  1.2410550472003975e-03 -3.7146093822472857e-03 0.0000000000000000e+00  1.3978148110836387e-03 9.9794399540679094e-03 0.0000000000000000e+00  1.1794227045790610e-03 1.4216830162442952e-03 0.0000000000000000e+00  -4.2080810805700952e-04 7.0943352050530843e-04 0.0000000000000000e+00  -2.9768908451182022e-03 1.0352285118042270e-02 0.0000000000000000e+00  -2.2122101178699343e-03 1.2935286777273784e-02 0.0000000000000000e+00  7.4029505167386438e-04 -1.6734085000745527e-03 0.0000000000000000e+00  7.1094439703165589e-03 2.3560446442621782e-02 0.0000000000000000e+00  -4.1696105694957579e-04 1.1726815520833222e-02 0.0000000000000000e+00  4.0837236784613054e-03 -7.4917734194278962e-03 0.0000000000000000e+00  6.0385724887312940e-03 -6.4222664450691415e-03 0.0000000000000000e+00  -6.3214224520743360e-04 -8.2704363804675437e-03 0.0000000000000000e+00  -1.0852697779057926e-02 2.1686364259689375e-03 0.0000000000000000e+00  -1.8102165359930115e-05 -1.7072653610172954e-03 0.0000000000000000e+00  9.9999999980171589e-02 0.0000000000000000e+00 0.0000000000000000e+00  3.0896284602977861e-03 1.0483599235687785e-02 0.0000000000000000e+00  2.1084728336673807e-02 1.0181896772658995e-02 0.0000000000000000e+00  -6.2299577626745645e-04 1.0470422929887515e-03 0.0000000000000000e+00  -8.2648447293823702e-04 1.3643045581574599e-03 0.0000000000000000e+00  -1.1049149718779744e-03 1.0101556398250211e-03 0.0000000000000000e+00  4.7105439186723060e-03 -9.5030348068456776e-03 0.0000000000000000e+00  5.1370377546460649e-02 -1.5338945254023396e-02 0.0000000000000000e+00  -5.3120131686567899e-03 -1.2121984891192324e-03 0.0000000000000000e+00  -5.2228459213796548e-02 1.2678618823000408e-02 0.0000000000000000e+00  4.5627058138868384e-03 1.2707428294966289e-02 0.0000000000000000e+00  -4.4934197138533315e-05 3.2405931099503281e-04 0.0000000000000000e+00  -6.7815579778007715e-03 1.2074872659237610e-03 0.0000000000000000e+00  2.8628168965603218e-02 -3.2292875727806475e-03 0.0000000000000000e+00  -1.5595024460644268e-04 -2.8173754078616309e-04 0.0000000000000000e+00  3.5098667401508118e-04 8.9758234131222473e-03 0.0000000000000000e+00  -2.2140424959988695e-04 -1.0800306300991857e-02 0.0000000000000000e+00  4.0666097452305514e-03 -5.1900242037116531e-03 0.0000000000000000e+00  6.5834521375657219e-04 -1.1240362567394374e-03 0.0000000000000000e+00  1.0962760784028463e-03 -8.8187786192814787e-04 0.0000000000000000e+00  -1.4883200656138466e-03 -2.5295971437543563e-04 0.0000000000000000e+00  -1.2422992652611355e-02 -1.3196134139275995e-02 0.0000000000000000e+00  -1.4523694788662831e-02 -1.6610986482332817e-02 0.0000000000000000e+00  -5.1460507707616045e-02 1.9821914438248763e-02 0.0000000000000000e+00  4.7413176182245248e-02 -8.3246914670928370e-03 0.0000000000000000e+00  -5.5040572066722838e-04 -1.9683328501148346e-03 0.0000000000000000e+00  5.0384077282266638e-03 -3.7824419276030257e-03 0.0000000000000000e+00  -2.2256955199163081e-03 -7.2489520719725697e-03 0.0000000000000000e+00  1.2817945840661404e-02 -3.9796873664642461e-03 0.0000000000000000e+00  2.9448148221589334e-03 -7.1953514140774546e-03 0.0000000000000000e+00  1.5074619077783931e-03 -1.1478496325903690e-03 0.0000000000000000e+00  -3.8336621244039987e-03 -3.2369234619593805e-03 0.0000000000000000e+00  -5.1828337998354942e-04 4.9531641677341947e-04 0.0000000000000000e+00  -1.0451357774648169e-03 2.2450332883032819e-03 0.0000000000000000e+00  -1.9756618382313725e-04 9.7187490292027724e-04 0.0000000000000000e+00  -1.3000611962088033e-02 3.8558411424476670e-03 0.0000000000000000e+00  -2.6165052508624144e-02 -4.6031687379568540e-03 0.0000000000000000e+00  2.9131304101129908e-03 -2.4026437817115842e-03 0.0000000000000000e+00  -1.8699510533543664e-03 -2.7443628227203460e-03 0.0000000000000000e+00  7.3032657781786886e-04 8.9084225329123974e-03 0.0000000000000000e+00  2.0599880864754597e-04 1.0294837162656648e-02 0.0000000000000000e+00  1.2385051398800776e-02 -2.1814142455431940e-02 0.0000000000000000e+00  -8.2951429731459325e-04 -2.6481220810706713e-04 0.0000000000000000e+00  -1.8077386166868619e-03 -1.9062215429432304e-05 0.0000000000000000e+00  -1.7610037882358532e-03 -1.2896695513804832e-04 0.0000000000000000e+00  -3.5082655711264017e-02 1.6173969859860828e-03 0.0000000000000000e+00  6.0150761665611549e-03 -1.7375846910334648e-02 0.0000000000000000e+00  -1.4600531625152072e-02 -8.9184325764065809e-03 0.0000000000000000e+00  5.9341283172526680e-03 -2.3646511520504843e-03 0.0000000000000000e+00  2.4006343670825558e-03 -4.6214307414875114e-04 0.0000000000000000e+00  1.2958445403881058e-02 -8.2377945993424972e-03 0.0000000000000000e+00  1.3599698297332571e-03 -1.5435275431290623e-04 0.0000000000000000e+00  4.8303998585531831e-05 -9.8089966658292962e-04 0.0000000000000000e+00  4.4942129108166029e-02 -4.4040866819253406e-03 0.0000000000000000e+00  -2.0726565105825727e-03 -1.5630344198303042e-03 0.0000000000000000e+00  1.6405644033809952e-03 3.6569889074712725e-03 0.0000000000000000e+00  -4.9220817379901562e-02 8.5001820164334711e-03 0.0000000000000000e+00  2.8807311056502860e-02 7.5312837722889172e-04 0.0000000000000000e+00  6.0602762462418844e-02 -2.1451369111286072e-03 0.0000000000000000e+00  -2.8505356857670961e-02 1.2974633859716620e-03 0.0000000000000000e+00  4.4018344691181939e-02 -5.8810466061333961e-03 0.0000000000000000e+00  2.5654555057868806e-03 9.2427017240711840e-03 0.0000000000000000e+00  1.1044345205926199e-03 9.7377378283335855e-03 0.0000000000000000e+00  -1.6334959823729831e-03 -5.5630888664373054e-05 0.0000000000000000e+00  -5.8529538530261915e-03 -9.8821259259128397e-03 0.0000000000000000e+00  -1.5894342848031958e-03 1.2245493984385708e-02 0.0000000000000000e+00  4.6158207985885664e-03 1.2255368983767950e-02 0.0000000000000000e+00  5.3422572173180633e-03 7.3788246680642506e-03 0.0000000000000000e+00  3.7299250959294708e-03 9.2889148646479961e-03 0.0000000000000000e+00  9.9999999980171589e-02 0.0000000000000000e+00 0.0000000000000000e+00  -1.2798361538510065e-03 -1.1303550901238569e-02 0.0000000000000000e+00  4.3376476061495707e-03 2.0292312651125485e-03 0.0000000000000000e+00  8.4311516498874529e-04 -7.6635369481510502e-03 0.0000000000000000e+00  2.1765399673537487e-03 -8.0215049221596668e-03 0.0000000000000000e+00  -1.1604959115271553e-03 -1.9930500317372228e-03 0.0000000000000000e+00  8.2476786218450993e-03 -9.9631984834286872e-03 0.0000000000000000e+00  6.6210346404542235e-04 8.4181876759917701e-03 0.0000000000000000e+00  1.9271760874050026e-02 -2.7681850015777768e-03 0.0000000000000000e+00  1.3424694196944942e-03 -4.5293136654594584e-04 0.0000000000000000e+00  4.1891120798493727e-04 -1.9460128921056785e-04 0.0000000000000000e+00  2.3224353298130647e-03 7.8739368772906044e-05 0.0000000000000000e+00  -1.1458701088085076e-03 -6.2675934447601256e-04 0.0000000000000000e+00  -1.7287816823453558e-03 -1.5306217230458632e-04 0.0000000000000000e+00  1.6822747263240190e-03 -3.5216742456185460e-04 0.0000000000000000e+00  4.8472146456760578e-05 -3.1750418783986679e-04 0.0000000000000000e+00  6.3798159536995087e-03 6.3549282280704264e-04 0.0000000000000000e+00  9.9222825330925139e-03 -4.1803649403509453e-03 0.0000000000000000e+00  2.3678719716863514e-02 -5.0250064821707316e-03 0.0000000000000000e+00  -8.9152854421438842e-03 9.8480090430884946e-04 0.0000000000000000e+00  1.8381090396221826e-03 2.0881478630232076e-04 0.0000000000000000e+00  1.4176192670166846e-04 2.4772993837893021e-03 0.0000000000000000e+00  -9.3818877330402103e-04 3.0485914247801718e-03 0.0000000000000000e+00  -1.4632102848920771e-03 6.7124046219670921e-04 0.0000000000000000e+00  -1.3261469050748827e-03 -1.7749997652899243e-03 0.0000000000000000e+00  -1.1630083807517258e-03 4.5349198099608589e-04 0.0000000000000000e+00  -1.3419049848556247e-03 5.6678297044199157e-04 0.0000000000000000e+00  5.7328291375689810e-04 6.3570703358145257e-03 0.0000000000000000e+00  1.5381499437949996e-03 1.1078751934122740e-02 0.0000000000000000e+00  1.4607817549274498e-02 1.3146003147103858e-02 0.0000000000000000e+00  3.2968917145783778e-05 5.4363571568038377e-04 0.0000000000000000e+00  1.8693974370897270e-02 1.3009881056791075e-03 0.0000000000000000e+00  9.9999999980171589e-02 0.0000000000000000e+00 0.0000000000000000e+00  -1.9882955577393224e-02 -7.6091742660602411e-04 0.0000000000000000e+00  -9.9999999980171589e-02 0.0000000000000000e+00 0.0000000000000000e+00  -8.9092803329074205e-04 -8.6061475323595136e-04 0.0000000000000000e+00  -2.0170236746238131e-03 5.5550276203501971e-03 0.0000000000000000e+00  -1.7640270106552491e-03 -3.5486124664018738e-04 0.0000000000000000e+00  -8.5337419894249589e-04 -4.2807922493623141e-03 0.0000000000000000e+00  -2.8342641210133837e-03 -1.8776974170767867e-03 0.0000000000000000e+00  -8.6651117965929399e-04 -1.0623869653139082e-02 0.0000000000000000e+00  8.6582163503045526e-03 -2.9694632697746737e-02 0.0000000000000000e+00  3.7135380851881692e-03 -1.4379950646818096e-02 0.0000000000000000e+00  -7.3216391957113482e-04 6.5469161791358033e-04 0.0000000000000000e+00  -4.6397451937122399e-05 -5.1365774629786004e-04 0.0000000000000000e+00  -2.4778648852988119e-03 -8.8340861292970333e-04 0.0000000000000000e+00  -4.3923694474293229e-03 -4.8476909058718853e-03 0.0000000000000000e+00  -1.2868945576857989e-04 7.1844022492774601e-04 0.0000000000000000e+00  4.6577478087501099e-04 6.3541651406084348e-03 0.0000000000000000e+00  5.7448119918269064e-02 -1.7305420152173838e-02 0.0000000000000000e+00  -1.2149966225988469e-02 1.4597819473232193e-03 0.0000000000000000e+00  -3.1985117446891642e-02 -8.5896662007840310e-03 0.0000000000000000e+00  -4.4673676613693535e-04 -6.7116447357338221e-03 0.0000000000000000e+00  -7.2478832428789989e-04 -1.0152572019708980e-02 0.0000000000000000e+00  3.5095473344747912e-03 -4.2403325985945371e-03 0.0000000000000000e+00  4.1922045088023954e-02 3.4289489109510791e-03 0.0000000000000000e+00  3.2884856276779151e-03 6.4540205613458036e-03 0.0000000000000000e+00  8.8031735245663809e-03 9.0425785355676309e-03 0.0000000000000000e+00  9.9999999980171589e-02 0.0000000000000000e+00 0.0000000000000000e+00  -1.9554745757715377e-03 2.3555719871860882e-04 0.0000000000000000e+00  -1.9091875621302045e-03 3.2714854596057463e-04 0.0000000000000000e+00  -9.9999999980171589e-02 0.0000000000000000e+00 0.0000000000000000e+00  -4.3442770460545947e-03 -9.1799437218569209e-03 0.0000000000000000e+00  1.5120039461962421e-03 5.9640518646772557e-03 0.0000000000000000e+00  1.9417061821928628e-04 -4.0069169564036633e-04 0.0000000000000000e+00  -2.8196496748731178e-04 -1.1718837395722012e-02 0.0000000000000000e+00  1.1871719626486341e-03 -1.3818791983325947e-02 0.0000000000000000e+00  -1.2542804306501094e-04 -3.7471275688118859e-03 0.0000000000000000e+00  -3.1667619720405140e-05 3.4051463082098804e-04 0.0000000000000000e+00  -4.6040212257339817e-03 -9.4804392567137460e-04 0.0000000000000000e+00  -2.2530732513134683e-03 1.7925959456126467e-04 0.0000000000000000e+00  5.3760978544599731e-03 -4.7200831875187296e-03 0.0000000000000000e+00  -2.2057632259094823e-02 4.0311467181626181e-03 0.0000000000000000e+00  6.6618071481100937e-04 -6.2688576558458603e-03 0.0000000000000000e+00  3.1390140570481517e-03 -6.5460764880456660e-03 0.0000000000000000e+00  -9.9999999980171589e-02 0.0000000000000000e+00 0.0000000000000000e+00  -3.4689392924856659e-05 6.1807391183221695e-04 0.0000000000000000e+00  1.6100337371294832e-03 5.5880943669341760e-04 0.0000000000000000e+00  1.5253275735679604e-03 1.8299813397285101e-04 0.0000000000000000e+00  5.2852007109485339e-03 1.1346739771694066e-04 0.0000000000000000e+00  6.3921941655886343e-03 -1.3513791511754589e-03 0.0000000000000000e+00  -2.4813591014475186e-03 7.7369473473127507e-03 0.0000000000000000e+00  -5.3920279005036293e-04 -8.8754342445652671e-03 0.0000000000000000e+00  -1.6657977571165590e-03 -3.4558286482304595e-03 0.0000000000000000e+00  -1.6133367013305556e-03 -6.2767942105473960e-03 0.0000000000000000e+00  2.7902758845665949e-03 -7.6676682031274503e-04 0.0000000000000000e+00  -3.3096138139144035e-04 8.3804109692899620e-05 0.0000000000000000e+00  -3.0028095086824454e-04 1.1099454368534872e-03 0.0000000000000000e+00  8.8505082296341326e-05 -4.8236824190927516e-04 0.0000000000000000e+00  -5.2860708402368911e-04 -8.3207166552176572e-04 0.0000000000000000e+00  -9.9999999980171589e-02 0.0000000000000000e+00 0.0000000000000000e+00  2.4305756503606706e-02 2.2540448818774072e-03 0.0000000000000000e+00  -2.2716872285033201e-03 2.6111296414605182e-03 0.0000000000000000e+00  -8.4290029332844373e-03 -1.9013528030529650e-02 0.0000000000000000e+00  2.4116703390937456e-03 3.8275393037069403e-03 0.0000000000000000e+00  1.1157849417520760e-02 -3.7420746876014230e-03 0.0000000000000000e+00  -2.0759312666264319e-03 -1.8796410899121917e-03 0.0000000000000000e+00  2.8872500523387089e-02 -3.2877029138845458e-04 0.0000000000000000e+00  -2.5315640764232036e-02 3.5605758147573416e-05 0.0000000000000000e+00  4.3787114275974828e-02 -4.5347367233539255e-03 0.0000000000000000e+00  8.4866656808660706e-02 3.2095739019552230e-03 0.0000000000000000e+00  -7.3772211784980155e-02 1.9034638473981792e-03 0.0000000000000000e+00  3.5897706445344135e-04 7.1283929051216780e-03 0.0000000000000000e+00  8.4532124388569689e-06 6.7419510364034754e-04 0.0000000000000000e+00  1.0558175399455658e-03 3.2615322509338945e-03 0.0000000000000000e+00  9.9999999980171589e-02 0.0000000000000000e+00 0.0000000000000000e+00  2.2922191242802894e-02 5.0441594211219215e-03 0.0000000000000000e+00  -1.4673838491540631e-03 -5.4490407604859139e-04 0.0000000000000000e+00  -9.4171279559870699e-03 -1.1914971169145881e-02 0.0000000000000000e+00  -1.4719690967008924e-03 1.0573180784756594e-05 0.0000000000000000e+00  -2.0426381544057411e-03 -2.7128494148118136e-03 0.0000000000000000e+00  -1.9280823284443373e-03 -1.3552355521743793e-02 0.0000000000000000e+00  4.2216486896173846e-03 5.1551347132716896e-03 0.0000000000000000e+00  2.9436754632981340e-03 1.8018804709820017e-04 0.0000000000000000e+00  2.5434385435377260e-03 2.6173273624336633e-04 0.0000000000000000e+00  4.1809379377614805e-03 7.7753567214006239e-03 0.0000000000000000e+00  -1.3495964125819239e-04 7.9817023350225412e-03 0.0000000000000000e+00  -1.4502469102990002e-04 -1.7513613062329612e-03 0.0000000000000000e+00  1.9444008556928618e-03 4.1017967423587001e-03 0.0000000000000000e+00  4.6207193411091041e-04 1.0706177859193353e-02 0.0000000000000000e+00  -6.8415418388029377e-04 -2.0916819418683095e-04 0.0000000000000000e+00  6.3767818659472208e-03 -8.4334613594923610e-03 0.0000000000000000e+00  -2.0863346246448892e-03 -6.8001230835939910e-03 0.0000000000000000e+00  -5.8982560535030537e-03 -4.7486908067734864e-03 0.0000000000000000e+00  2.9470185735196840e-03 3.1979636997657803e-03 0.0000000000000000e+00  3.8598134482193723e-03 4.8927419966632007e-03 0.0000000000000000e+00  -4.2997208964644568e-02 1.4629898833634727e-03 0.0000000000000000e+00  2.4628889485391912e-02 -1.5836048447596482e-04 0.0000000000000000e+00  1.5844837465112307e-03 2.5107397818631841e-03 0.0000000000000000e+00  3.3707439127110854e-04 7.9550541005958693e-04 0.0000000000000000e+00  6.4852459909299867e-04 5.1312716438358047e-04 0.0000000000000000e+00  1.2128176729836565e-04 2.7692930913949008e-04 0.0000000000000000e+00  -4.2008574708442178e-04 1.0020278723615241e-03 0.0000000000000000e+00  -4.4264411451141908e-04 1.2156148470014599e-03 0.0000000000000000e+00  -2.3241429399432543e-04 1.0662421858520441e-03 0.0000000000000000e+00  -2.3068706160479431e-03 1.0256466033842246e-02 0.0000000000000000e+00  -1.0446574320042802e-04 9.4624840904915849e-03 0.0000000000000000e+00  3.0444258610816742e-03 4.1297972104517282e-03 0.0000000000000000e+00  1.9233722939564061e-03 5.3671345394875605e-03 0.0000000000000000e+00  -1.5004628879818466e-05 -1.9727687471906592e-04 0.0000000000000000e+00  4.6797794426669867e-05 -2.7544131763953519e-04 0.0000000000000000e+00  1.3660983684943766e-03 9.0657998087947389e-03 0.0000000000000000e+00  7.0842910664904637e-04 -5.8658301166234529e-03 0.0000000000000000e+00  2.6233213265358436e-03 1.0802109364318143e-03 0.0000000000000000e+00  2.0984666828026900e-03 1.7292536640854160e-03 0.0000000000000000e+00  3.1172827140182441e-03 1.9365131286387359e-03 0.0000000000000000e+00  -4.9818404154611997e-03 -7.2873132705582504e-03 0.0000000000000000e+00  -2.3937596515559106e-04 -1.1799220986706768e-03 0.0000000000000000e+00  7.9781669488011419e-03 5.4677399026375421e-03 0.0000000000000000e+00  5.7665824189974601e-05 1.5362630689401953e-02 0.0000000000000000e+00  1.0881268417623912e-03 1.2973420506556040e-02 0.0000000000000000e+00  9.2766959851233191e-02 -1.3442034011952224e-02 0.0000000000000000e+00  2.0701809954900411e-03 -2.0344625029857562e-03 0.0000000000000000e+00  3.6732833197624824e-03 1.3157514867302733e-02 0.0000000000000000e+00  6.7961695296751037e-05 -9.4219212109268261e-03 0.0000000000000000e+00  9.9999999980171589e-02 0.0000000000000000e+00 0.0000000000000000e+00  4.0029264444213696e-02 8.3264937015437353e-03 0.0000000000000000e+00  1.8861368785777422e-02 -1.1318277200416650e-02 0.0000000000000000e+00  1.7138210947590410e-02 3.1202706932630590e-03 0.0000000000000000e+00  5.7886208573925378e-04 2.2023852341681292e-03 0.0000000000000000e+00  2.1951515776270388e-05 1.8380864638466487e-03 0.0000000000000000e+00  2.4687863038245030e-03 5.7501654322357986e-04 0.0000000000000000e+00  8.2338785932340730e-03 5.8818933063329790e-04 0.0000000000000000e+00  7.3608862671389790e-03 -5.8080262908798922e-04 0.0000000000000000e+00  -2.6292542926196027e-03 6.8066629496149923e-03 0.0000000000000000e+00  -4.6851067218572039e-04 -8.1341045186455792e-03 0.0000000000000000e+00  7.5062144631190836e-04 1.2931796971091009e-03 0.0000000000000000e+00  -1.0993582384397486e-03 -1.8232134249418722e-04 0.0000000000000000e+00  2.0787792349750496e-03 3.6160916761255425e-04 0.0000000000000000e+00  -6.7076923915750264e-02 9.7083815720234983e-03 0.0000000000000000e+00  1.9698203198814748e-03 2.4039800711003981e-03 0.0000000000000000e+00  -1.9725924101497835e-03 -6.0477628143182501e-04 0.0000000000000000e+00  -1.4591813183334372e-03 2.3978223357149631e-04 0.0000000000000000e+00  -3.0740028659996354e-03 6.2527565319850690e-04 0.0000000000000000e+00  6.2165896618396549e-03 -6.0666846735062665e-05 0.0000000000000000e+00  -2.7148593706081687e-03 1.3681770928023896e-03 0.0000000000000000e+00  5.6518853226339167e-03 -1.5681522393180214e-02 0.0000000000000000e+00  -1.4621232483065859e-03 2.7724155918220332e-04 0.0000000000000000e+00  -1.2816540494423572e-03 1.5895490252654294e-04 0.0000000000000000e+00  6.5435526863852093e-05 2.7931154002969255e-03 0.0000000000000000e+00  -3.2832622430104659e-02 2.6458122435347786e-04 0.0000000000000000e+00  -1.0046657657639657e-01 9.1463880372118225e-05 0.0000000000000000e+00  -1.4628661730450509e-03 -8.9821983553134768e-03 0.0000000000000000e+00  -2.1381588914741335e-03 1.5821893026833854e-03 0.0000000000000000e+00  6.1115018344314783e-05 8.1346351927859316e-04 0.0000000000000000e+00  3.8990485320103646e-03 -8.6066462863880269e-03 0.0000000000000000e+00  -4.8937941248983576e-04 -1.5619603570766550e-03 0.0000000000000000e+00  1.0149291878361494e-02 -1.0622574779442841e-02 0.0000000000000000e+00  -1.2139245345035670e-03 -1.3933711067670060e-02 0.0000000000000000e+00  1.8632801285892858e-03 5.0132790207005275e-04 0.0000000000000000e+00  3.5538563079340058e-03 1.6833606004633773e-02 0.0000000000000000e+00  -5.1952045963563870e-02 5.3140448733096307e-03 0.0000000000000000e+00  3.1990424673017784e-02 -2.4509682728102384e-03 0.0000000000000000e+00  3.1272134664858398e-03 1.1316131548073903e-03 0.0000000000000000e+00  3.4472926806515024e-03 6.2853585909996971e-04 0.0000000000000000e+00  -1.2076237827829706e-02 -5.5000779308133378e-03 0.0000000000000000e+00  3.4898050203158496e-03 -1.5082039279021553e-03 0.0000000000000000e+00  -7.9194982964810173e-03 9.0205919757090636e-03 0.0000000000000000e+00  -1.5813901404596903e-02 5.4809349989159055e-03 0.0000000000000000e+00  3.0871689559691536e-03 -1.8767967286399804e-03 0.0000000000000000e+00  -6.3480389274908379e-03 8.6937085038454771e-03 0.0000000000000000e+00  -1.9389785494552261e-04 1.7586121210987792e-04 0.0000000000000000e+00  -9.4995697923194136e-02 9.9226494308269318e-03 0.0000000000000000e+00  -1.8172489601442823e-02 1.9437625102020555e-02 0.0000000000000000e+00  -1.4270994379274803e-04 8.0252987767940600e-04 0.0000000000000000e+00  6.3303261838328518e-04 -6.8409561042412934e-04 0.0000000000000000e+00  -5.1922989366708526e-03 -7.8801204979065051e-03 0.0000000000000000e+00  -6.3058882443925929e-03 -1.0623382876691415e-02 0.0000000000000000e+00  -2.9094843472640638e-03 -9.1304386880089860e-03 0.0000000000000000e+00  2.8216069899427616e-02 1.7527774733567538e-03 0.0000000000000000e+00  -1.6648702813195509e-02 -1.4794337675239255e-02 0.0000000000000000e+00  9.7155809501684774e-05 -3.9225030322142640e-04 0.0000000000000000e+00  -4.4374714191273794e-04 -6.9976038567345856e-04 0.0000000000000000e+00  -3.7208192518996736e-02 5.0147941398754822e-03 0.0000000000000000e+00  -2.9023580716986991e-04 7.8910025319983224e-04 0.0000000000000000e+00  -1.8181067930822037e-04 6.8990043516599733e-04 0.0000000000000000e+00  1.2049363444822168e-03 1.8228021872293615e-03 0.0000000000000000e+00  3.7047845502265371e-04 1.6000388540796330e-03 0.0000000000000000e+00  -8.3327561297181672e-04 4.0263195339570335e-03 0.0000000000000000e+00  -9.2833700088980112e-06 1.2593429198996368e-03 0.0000000000000000e+00  -6.4926414556123260e-03 1.2151693355209712e-02 0.0000000000000000e+00  1.8766431522079132e-04 -5.5522888872771843e-04 0.0000000000000000e+00  -7.4367161815087086e-03 -5.7383726628033021e-03 0.0000000000000000e+00  6.8722974253694190e-04 8.8999074290271509e-03 0.0000000000000000e+00  4.0227857176926259e-03 -1.0858275898241164e-02 0.0000000000000000e+00  6.9458439119135188e-03 9.2418613335854116e-03 0.0000000000000000e+00  6.4565648635122068e-03 1.1605278267205824e-02 0.0000000000000000e+00  4.1240595123332134e-03 1.5608324215224434e-02 0.0000000000000000e+00  -9.2059254648857718e-04 -5.9332107886317818e-03 0.0000000000000000e+00  2.9349267886832108e-03 6.7624520843482354e-03 0.0000000000000000e+00  -1.7220168543670693e-02 -7.7945900005766469e-03 0.0000000000000000e+00  -5.8614263385205076e-05 -4.7270444422986069e-04 0.0000000000000000e+00  -7.8348972392739368e-04 -1.0687536886370145e-02 0.0000000000000000e+00  -9.9999999980171589e-02 0.0000000000000000e+00 0.0000000000000000e+00  9.9999999980171589e-02 0.0000000000000000e+00 0.0000000000000000e+00  6.4756016098605710e-04 6.5844158667731556e-03 0.0000000000000000e+00  6.6970874158615276e-05 5.3651586429277753e-04 0.0000000000000000e+00  -3.2710565335850088e-04 -6.7893405437338093e-03 0.0000000000000000e+00  -2.2819408857306761e-04 -1.6071319881845363e-03 0.0000000000000000e+00  -9.9999999980171589e-02 0.0000000000000000e+00 0.0000000000000000e+00  9.9999999980171589e-02 0.0000000000000000e+00 0.0000000000000000e+00  -9.9999999980171589e-02 0.0000000000000000e+00 0.0000000000000000e+00  -5.0291568457006670e-04 -4.4464540975591429e-03 0.0000000000000000e+00  1.7925501124494771e-05 3.6397460446442236e-05 0.0000000000000000e+00  -9.9999999980171589e-02 0.0000000000000000e+00 0.0000000000000000e+00  -1.9965200548108429e-04 -5.1889477865916843e-03 0.0000000000000000e+00  -2.0904067881239138e-05 1.0428512955885669e-03 0.0000000000000000e+00  -6.4564316350233729e-05 -2.5944569060000126e-03 0.0000000000000000e+00  3.6141308471629121e-04 3.8615475637874645e-03 0.0000000000000000e+00  -3.6133001695646725e-04 -4.4312954657755328e-03 0.0000000000000000e+00  -1.1359491630843806e-05 -5.8859358476724287e-04 0.0000000000000000e+00  -3.3010474049217846e-05 7.4433002409175764e-04 0.0000000000000000e+00  1.5461507128249082e-04 1.0650899134457639e-03 0.0000000000000000e+00  -4.8978969544785810e-05 -2.5279704759254918e-04 0.0000000000000000e+00  -7.1811548585243529e-04 -1.0126231055018319e-02 0.0000000000000000e+00  1.1210735764936510e-03 4.6436641472825451e-03 0.0000000000000000e+00  1.2190165811986428e-04 4.0163875944076522e-03 0.0000000000000000e+00  2.2072288607151254e-04 5.4969378019700662e-03 0.0000000000000000e+00  -9.9999999980171589e-02 0.0000000000000000e+00 0.0000000000000000e+00  9.9999999980171589e-02 0.0000000000000000e+00 0.0000000000000000e+00  -9.9999999980171589e-02 0.0000000000000000e+00 0.0000000000000000e+00  6.7265019967163991e-04 8.4181218048524666e-03 0.0000000000000000e+00  -5.8229767739579209e-04 6.8975196327418075e-04 0.0000000000000000e+00  7.4921730582817913e-05 1.2426178424232578e-03 0.0000000000000000e+00  4.1892508375786514e-05 4.5071518975814808e-04 0.0000000000000000e+00  -9.9999999980171589e-02 0.0000000000000000e+00 0.0000000000000000e+00  3.2735458094996070e-05 -5.0197517593463165e-04 0.0000000000000000e+00  -2.8339761575607586e-04 -4.6607639875068749e-03 0.0000000000000000e+00  -1.7361674760243970e-04 -2.7838641694498418e-03 0.0000000000000000e+00  5.5650296158509503e-04 8.4181341389277155e-03 0.0000000000000000e+00  -9.9999999980171589e-02 0.0000000000000000e+00 0.0000000000000000e+00  -9.9999999980171589e-02 0.0000000000000000e+00 0.0000000000000000e+00  -9.9999999980171589e-02 0.0000000000000000e+00 0.0000000000000000e+00  9.9999999980171589e-02 0.0000000000000000e+00 0.0000000000000000e+00  -9.9999999980171589e-02 0.0000000000000000e+00 0.0000000000000000e+00  9.9999999980171589e-02 0.0000000000000000e+00 0.0000000000000000e+00  9.9999999980171589e-02 0.0000000000000000e+00 0.0000000000000000e+00  -6.1276314360273311e-04 -8.6052828649545027e-03 0.0000000000000000e+00  -9.9999999980171589e-02 0.0000000000000000e+00 0.0000000000000000e+00  -8.3274615920621601e-04 -8.9724339474732528e-03 0.0000000000000000e+00  9.9999999980171589e-02 0.0000000000000000e+00 0.0000000000000000e+00  -8.0384047755332653e-04 -1.0259142267027137e-02 0.0000000000000000e+00  -7.0582085717665476e-04 -6.9612275690181030e-03 0.0000000000000000e+00  6.5741599340350481e-04 8.2477006007895693e-03 0.0000000000000000e+00  1.2656296448095065e-03 -4.9510924945770415e-04 0.0000000000000000e+00  -1.2944471455529863e-03 -1.5437482153381260e-03 0.0000000000000000e+00  -2.9457450115444065e-03 -3.7992121874397666e-03 0.0000000000000000e+00  -1.8459711153265501e-02 -2.0103957451264542e-02 0.0000000000000000e+00  -3.0030373925027838e-03 -1.0687718318261980e-02 0.0000000000000000e+00  9.5214694619964058e-03 3.9564511810665143e-02 0.0000000000000000e+00  1.8593078307283179e-03 1.0067119101591587e-03 0.0000000000000000e+00  -9.4720542262301324e-03 -2.5682164393081562e-03 0.0000000000000000e+00  -1.4030523369007430e-02 -3.6993825046707043e-03 0.0000000000000000e+00  -1.9027091806652983e-03 -3.4809118775320819e-04 0.0000000000000000e+00  -6.2614254627831089e-03 -7.9611457947883716e-03 0.0000000000000000e+00  -8.4453236657051223e-03 6.6892230234233477e-03 0.0000000000000000e+00  -7.0949793064118520e-03 -1.0742731060741832e-02 0.0000000000000000e+00  1.1516999809235784e-03 6.9291049572959803e-04 0.0000000000000000e+00  -1.4284417834394534e-03 -2.0661571941252015e-03 0.0000000000000000e+00  4.7131606431082976e-03 1.7216430684693818e-03 0.0000000000000000e+00  1.1095360523964318e-03 -1.0780221862967660e-02 0.0000000000000000e+00  4.0172700860691335e-03 -2.6222080532761053e-03 0.0000000000000000e+00  -1.8147438041941617e-03 -8.6245298428606829e-03 0.0000000000000000e+00  -4.3566339667304652e-03 -5.7998767270259375e-03 0.0000000000000000e+00  -7.8481691036102457e-03 -6.1676227497971560e-03 0.0000000000000000e+00  4.0210093137248631e-04 -6.9464257234561127e-03 0.0000000000000000e+00  -6.6891416173426709e-04 5.1341242558132034e-03 0.0000000000000000e+00  1.3474518056707690e-03 -8.3415982765105631e-03 0.0000000000000000e+00  -5.1429565910071327e-03 -1.2057513427273134e-02 0.0000000000000000e+00  -2.5274405664316556e-03 -6.6417577054876317e-03 0.0000000000000000e+00  8.6444743940894517e-04 -5.6035705727172647e-03 0.0000000000000000e+00  8.6555898668790238e-02 -2.5414295662415788e-03 0.0000000000000000e+00  1.4195241902881515e-03 -9.7078012061854076e-03 0.0000000000000000e+00  -3.1461594557844207e-04 -8.0890222632749777e-04 0.0000000000000000e+00  -3.1794597048436288e-04 -6.6327185820652082e-04 0.0000000000000000e+00  -1.0611108818165869e-04 -5.6563303252441801e-04 0.0000000000000000e+00  -4.7557986419220315e-03 3.7093716278775740e-04 0.0000000000000000e+00  -3.1871474082887730e-03 2.3100412354685666e-03 0.0000000000000000e+00  -3.3644653465423027e-03 -7.7657560791284360e-04 0.0000000000000000e+00  -2.6347826490147929e-03 8.9522504898828115e-03 0.0000000000000000e+00  -5.1015804674638216e-03 1.0752607150074365e-02 0.0000000000000000e+00  1.6200432247550167e-04 -1.0001051202050263e-03 0.0000000000000000e+00  -7.5957750567257763e-06 -7.3887471725606892e-04 0.0000000000000000e+00  -1.8771083820978842e-04 -1.0944084241374808e-03 0.0000000000000000e+00  -7.6021407677366939e-03 2.6166597491222403e-03 0.0000000000000000e+00  -1.7197449887601022e-04 3.8611329103113961e-04 0.0000000000000000e+00  -3.5571889846916168e-04 4.7986242577042652e-04 0.0000000000000000e+00  -4.6903564291436570e-04 1.6921294032673414e-04 0.0000000000000000e+00  8.3243089762352347e-04 -3.4185457685314495e-04 0.0000000000000000e+00  -7.8548377070476582e-03 -2.9289442555797975e-03 0.0000000000000000e+00  -1.7549708094627696e-05 -8.4220474763944883e-03 0.0000000000000000e+00  3.7500519629081588e-02 -4.1720241666006288e-04 0.0000000000000000e+00  -7.0111775303177931e-04 6.0820164065528877e-03 0.0000000000000000e+00  -1.6768930639660432e-03 9.8832356641023142e-05 0.0000000000000000e+00  -4.9794021796274680e-04 2.0805886765982180e-03 0.0000000000000000e+00  -4.8990074648452007e-04 -2.3346359105893676e-03 0.0000000000000000e+00  -9.2427019966209445e-03 9.6098518036341510e-04 0.0000000000000000e+00  1.1573035994343975e-03 -1.5669796776401543e-02 0.0000000000000000e+00  5.3835428752862689e-04 2.9879449281535542e-03 0.0000000000000000e+00  -4.8629648302667155e-04 -1.9620782271862387e-02 0.0000000000000000e+00  -1.1939740574581621e-02 8.6711215976162867e-03 0.0000000000000000e+00  -1.0786857898368838e-02 6.7620227819737101e-03 0.0000000000000000e+00  -1.3020592658423999e-02 -3.7343929810048644e-02 0.0000000000000000e+00  4.1387443492312929e-03 6.4283311381263660e-04 0.0000000000000000e+00  -1.2512380251790910e-03 1.0266882318843183e-02 0.0000000000000000e+00  -2.2486951398466323e-04 9.2583508667619802e-03 0.0000000000000000e+00  -2.4211691459032230e-03 9.1898768973471719e-03 0.0000000000000000e+00  1.8628811479695158e-03 7.3266134234488176e-05 0.0000000000000000e+00  5.8154982003044272e-03 -1.1411318735619061e-02 0.0000000000000000e+00  4.7045920049271078e-03 -1.3286861698129737e-02 0.0000000000000000e+00  3.4912247635209420e-03 -1.0053805557656833e-02 0.0000000000000000e+00  5.7950357536261561e-04 -8.6105136129033776e-04 0.0000000000000000e+00  2.1576883087816314e-03 -9.1033036156560731e-03 0.0000000000000000e+00  2.7050287281019249e-04 -9.3814838153393511e-03 0.0000000000000000e+00  2.7762491580327861e-04 5.0003499171099165e-04 0.0000000000000000e+00  2.3175403929185548e-03 7.8882800056010577e-04 0.0000000000000000e+00  3.8166486958635579e-03 -9.1205404755541238e-03 0.0000000000000000e+00  -3.9389994210250658e-03 1.3390459736745887e-02 0.0000000000000000e+00  6.7978713039052426e-03 2.1589086294678040e-03 0.0000000000000000e+00  1.3438146279554615e-02 1.2789546698400746e-02 0.0000000000000000e+00  -3.4621209980956491e-03 -5.5585081139268707e-04 0.0000000000000000e+00  -3.0259538464704238e-03 -1.6722991293320087e-04 0.0000000000000000e+00  -3.0447472829959045e-03 -1.3688848682824064e-03 0.0000000000000000e+00  -6.9817950183026479e-04 3.2086844716481741e-04 0.0000000000000000e+00  -4.4142458875068777e-03 -1.6204902272423525e-02 0.0000000000000000e+00  -5.4100298971720912e-03 3.7915409564571313e-03 0.0000000000000000e+00  1.7101674887867217e-03 -6.6648514230642608e-05 0.0000000000000000e+00  -5.1832308536088030e-03 6.3597710705703614e-03 0.0000000000000000e+00  -5.0643261312485225e-03 8.4746070546411131e-03 0.0000000000000000e+00  6.1861625280660078e-03 1.1881725493047399e-02 0.0000000000000000e+00  9.5059908765490378e-02 -1.2988077760416135e-03 0.0000000000000000e+00  -5.5629605032228531e-02 2.5647816057153689e-04 0.0000000000000000e+00  -1.4724432649206424e-03 7.9933191920328502e-04 0.0000000000000000e+00  -3.8244034118316201e-03 -1.1950233661243263e-02 0.0000000000000000e+00  8.0161208190490077e-04 2.1446106824741902e-04 0.0000000000000000e+00  8.5666338328189843e-04 7.2478698590827488e-04 0.0000000000000000e+00  5.8071607676045004e-03 -2.4320394293068748e-03 0.0000000000000000e+00  1.5766671362190310e-03 -5.4789452669807529e-04 0.0000000000000000e+00  2.6613360995339005e-03 -3.4065242169000571e-03 0.0000000000000000e+00  -2.7371595715857677e-03 4.9716170057872442e-03 0.0000000000000000e+00  -8.7082050659960516e-04 -1.1358167657681897e-03 0.0000000000000000e+00  -4.4081901216068706e-03 1.8534020041353122e-03 0.0000000000000000e+00  7.8853605391178520e-03 1.2930570404323603e-02 0.0000000000000000e+00  -7.5527065380567911e-03 8.5448829112168626e-03 0.0000000000000000e+00  7.2749466990501581e-03 -6.7570698308048443e-03 0.0000000000000000e+00  -2.4137933623447072e-03 -4.1162427372074895e-03 0.0000000000000000e+00  -1.0476929219038371e-03 -1.2203034213012370e-02 0.0000000000000000e+00  -1.7042122534682289e-03 -5.5076579917766441e-06 0.0000000000000000e+00  -4.4650480871584004e-03 8.7826339114987322e-03 0.0000000000000000e+00  -1.0539474309196283e-03 -1.0006590268971736e-02 0.0000000000000000e+00  -1.9958894809028586e-03 -1.0007552195727470e-02 0.0000000000000000e+00  -1.8926576941223892e-03 1.6497637558865780e-04 0.0000000000000000e+00  5.8557340649322363e-03 6.8916307467676860e-03 0.0000000000000000e+00  6.9274026550557770e-03 8.2263436968283629e-03 0.0000000000000000e+00  4.4241710840692864e-03 7.9068127683829068e-03 0.0000000000000000e+00  -3.0968364715096373e-04 3.4608749863189151e-03 0.0000000000000000e+00  1.7561635201500229e-03 7.6917623522406850e-03 0.0000000000000000e+00  -2.9136775581366440e-03 -6.5934958939572984e-03 0.0000000000000000e+00  5.2275880795082117e-04 -1.1492328468104884e-02 0.0000000000000000e+00  -5.6482793292921224e-04 1.7313802017092345e-02 0.0000000000000000e+00  1.1737498997751361e-03 -2.5886238835935278e-05 0.0000000000000000e+00  1.0370427943236367e-02 1.2630037126186560e-02 0.0000000000000000e+00  5.0514880854200632e-04 -4.5840861641721121e-04 0.0000000000000000e+00  -1.2404692232694260e-04 -1.0434220473383597e-02 0.0000000000000000e+00  6.1048196556562947e-04 1.1507021206416368e-02 0.0000000000000000e+00  2.6901170689645191e-03 1.0155048531988727e-02 0.0000000000000000e+00  4.8012116212222766e-04 -1.4796564840053004e-03 0.0000000000000000e+00  -8.3822450903806370e-03 -3.5095246159513394e-03 0.0000000000000000e+00  1.7029791270168195e-03 8.3698972628474828e-03 0.0000000000000000e+00  -6.1312653413136513e-03 1.2175860273731022e-02 0.0000000000000000e+00  -4.3356641988512188e-03 9.9931424670176728e-03 0.0000000000000000e+00  3.3840549383999240e-04 -6.9211774226155161e-04 0.0000000000000000e+00  1.9049532219531460e-02 9.3989379920678302e-03 0.0000000000000000e+00  -3.4792438974447358e-02 1.5542057011185998e-02 0.0000000000000000e+00  1.7764058722349839e-03 1.4938770944425634e-03 0.0000000000000000e+00  6.0559476877967873e-03 -9.3457654241154448e-03 0.0000000000000000e+00  -3.4437679304417570e-03 -1.1701793415460477e-02 0.0000000000000000e+00  4.8593630352770714e-03 5.1262787258342197e-03 0.0000000000000000e+00  1.1299383364637825e-02 6.7761475505494018e-03 0.0000000000000000e+00  -2.3808592302056557e-03 -2.8047599282567576e-04 0.0000000000000000e+00  9.4582481047266723e-04 -7.3486917156401178e-04 0.0000000000000000e+00  -3.4443645827364126e-03 -1.9177003942043346e-03 0.0000000000000000e+00  2.1986206830915869e-03 -5.7792666991186641e-04 0.0000000000000000e+00  -1.3244339952559745e-03 1.2065242786168076e-03 0.0000000000000000e+00  1.8963986454060733e-03 9.4937039399777633e-05 0.0000000000000000e+00  -1.8989857669888359e-03 5.2745735783982911e-04 0.0000000000000000e+00  -1.6318700219662031e-03 3.5483244355376470e-04 0.0000000000000000e+00  2.7524374274250080e-04 8.5974460080005498e-03 0.0000000000000000e+00  -1.0364244561061450e-03 8.6567438617873287e-03 0.0000000000000000e+00  2.3230723508622776e-04 1.0326063963125524e-02 0.0000000000000000e+00  7.4829689592951377e-03 -2.0740336381701165e-02 0.0000000000000000e+00  8.9158485340704095e-04 -1.1684307187022993e-03 0.0000000000000000e+00  3.5014091335659036e-03 -6.8800501359215615e-04 0.0000000000000000e+00  -3.4183950534664415e-02 -3.2072319618332628e-03 0.0000000000000000e+00  7.8260110453563948e-03 -2.7246095247211257e-03 0.0000000000000000e+00  6.8829920298129933e-03 -1.6223437594393131e-03 0.0000000000000000e+00  -2.9559666577804594e-03 3.3490420192592452e-03 0.0000000000000000e+00  -2.1782472292065998e-03 2.1150336854939980e-03 0.0000000000000000e+00  -2.6903691197206784e-03 1.5057721731077160e-02 0.0000000000000000e+00  2.0350910711227506e-03 2.2257037969907350e-03 0.0000000000000000e+00  7.6594648705796634e-03 -3.9902885276777789e-03 0.0000000000000000e+00  5.4938257005530877e-03 -5.9825070731470645e-03 0.0000000000000000e+00  4.3336491417309414e-03 -3.4979563587882430e-03 0.0000000000000000e+00  4.7968437755207044e-03 1.3102465765796208e-03 0.0000000000000000e+00  8.4968249121706869e-04 1.0220247176094037e-02 0.0000000000000000e+00  -6.5292351209183749e-05 6.1818338373243809e-04 0.0000000000000000e+00  3.0925521382495652e-03 -9.6287163063148301e-03 0.0000000000000000e+00  2.1056569130617101e-02 -7.4394061640205263e-03 0.0000000000000000e+00  -5.6636796828418373e-03 7.2486764087690116e-03 0.0000000000000000e+00  -3.0627694052714725e-03 7.9848272273660044e-03 0.0000000000000000e+00  6.8617500934459027e-03 3.3818610481143605e-03 0.0000000000000000e+00  -5.0024875429609782e-03 -2.7387923527418009e-03 0.0000000000000000e+00  -6.2150198614404238e-03 -4.6704043658260409e-03 0.0000000000000000e+00  6.9951534535215762e-04 -3.1830061237551810e-03 0.0000000000000000e+00  -2.5112512636552422e-02 1.4956675998481872e-03 0.0000000000000000e+00  -3.9537002180224622e-02 -3.0556324874870199e-03 0.0000000000000000e+00  -9.9923515132607538e-04 -5.1586669196697875e-04 0.0000000000000000e+00  2.1713394304089654e-03 1.6931061163075732e-04 0.0000000000000000e+00  -2.2205513308869180e-03 8.2437051823451091e-04 0.0000000000000000e+00  -6.5293392234990280e-04 -1.1436947364674305e-05 0.0000000000000000e+00  8.8430778194925654e-03 -5.3130256398834794e-03 0.0000000000000000e+00  3.4103903437255486e-03 2.6435148351798038e-03 0.0000000000000000e+00  1.6966584042565668e-03 1.7058450773305242e-03 0.0000000000000000e+00  3.3656127919340613e-03 9.6480158848447658e-04 0.0000000000000000e+00  1.5641681236433854e-03 6.6962263721011153e-06 0.0000000000000000e+00  -2.2571825054090767e-02 2.0023921209982184e-02 0.0000000000000000e+00  -1.2016687231963150e-02 1.3789888752770662e-02 0.0000000000000000e+00  -2.2239713675036780e-03 9.6600160988239564e-04 0.0000000000000000e+00  -1.4597712122737070e-03 1.3669759020157701e-03 0.0000000000000000e+00  -3.2048834998733761e-03 4.1104433080576766e-04 0.0000000000000000e+00  5.3063101991950780e-02 -1.9232222480179775e-03 0.0000000000000000e+00  -9.9479441965355520e-04 -5.6901765996339793e-06 0.0000000000000000e+00  -1.6927130306503171e-03 -5.3734244731511848e-03 0.0000000000000000e+00  9.0576396850149260e-03 2.0122908973815266e-02 0.0000000000000000e+00  2.3378308179673069e-02 5.3321533976653360e-02 0.0000000000000000e+00  -2.4041152711946289e-03 8.6038407111748718e-04 0.0000000000000000e+00  -3.3359345626805181e-03 8.2391705366285993e-04 0.0000000000000000e+00  3.4384181881735262e-03 -1.3298480726231342e-02 0.0000000000000000e+00  -1.4061624824344770e-03 3.5481934066595492e-03 0.0000000000000000e+00  4.2144087098478344e-03 2.8761435564139486e-03 0.0000000000000000e+00  4.8611136572658730e-03 4.5636914087211627e-03 0.0000000000000000e+00  6.0420068283920676e-03 3.0083771006857523e-03 0.0000000000000000e+00  1.1715115627082969e-03 7.9282061068488788e-03 0.0000000000000000e+00  5.7001329925979985e-04 1.1099941816499098e-02 0.0000000000000000e+00  -3.4128296647178064e-03 -9.8795648092474524e-03 0.0000000000000000e+00  -8.7659507194352795e-02 1.5423151812459332e-02 0.0000000000000000e+00  -1.3531012336979228e-03 -2.9578128040666338e-03 0.0000000000000000e+00  -2.1207961424519141e-04 2.2020605413125091e-05 0.0000000000000000e+00  -2.7557002466161427e-04 -2.6784059326346476e-04 0.0000000000000000e+00  1.1471533106308672e-04 9.7375637692306995e-05 0.0000000000000000e+00  2.0987377933105351e-04 -2.3145361104131320e-05 0.0000000000000000e+00  -5.4427527259860318e-04 -1.0802681492695150e-02 0.0000000000000000e+00  -6.5850785957022502e-04 7.9870444111502516e-04 0.0000000000000000e+00  3.0120739523447062e-03 -1.3004012847234885e-02 0.0000000000000000e+00  -6.2614612477104627e-03 2.1181647481103561e-02 0.0000000000000000e+00  -3.7267971583143937e-03 2.1619902092513401e-03 0.0000000000000000e+00  -5.2639057389632779e-03 -2.6671578980084713e-03 0.0000000000000000e+00  -5.7739657370542918e-04 -1.4255892050883751e-02 0.0000000000000000e+00  5.2392747261621958e-04 -1.2153309130673003e-02 0.0000000000000000e+00  -1.0566245711911771e-02 1.0213154921975994e-02 0.0000000000000000e+00  2.2401243274466527e-03 -1.0287641846257493e-03 0.0000000000000000e+00  -9.6371267260569240e-03 -9.0993587983729564e-03 0.0000000000000000e+00  -4.7065849001366455e-03 4.8536397483017434e-03 0.0000000000000000e+00  -9.8204351062985765e-03 5.5230641553840071e-03 0.0000000000000000e+00  -6.3668688458438207e-03 6.5017620543998287e-03 0.0000000000000000e+00  -3.0465774313680971e-02 3.4127041502649130e-05 0.0000000000000000e+00  -1.8113632795102538e-03 -6.5041330788335701e-04 0.0000000000000000e+00  -1.1341215294922138e-03 -8.7711254389080575e-04 0.0000000000000000e+00  -1.5119873013634154e-03 -1.0198603308223027e-03 0.0000000000000000e+00  1.2895782839593012e-03 1.1096308601937367e-03 0.0000000000000000e+00  -2.0208011411568466e-03 -1.1774804845583091e-04 0.0000000000000000e+00  -2.1726348149968696e-03 -3.4842670829509856e-04 0.0000000000000000e+00  2.1176779835870001e-03 -5.7346372947646466e-03 0.0000000000000000e+00  1.6694086950129066e-03 -2.0843350566846289e-03 0.0000000000000000e+00  -7.8865683553224950e-04 1.1033781448787460e-02 0.0000000000000000e+00  6.7680133420740269e-03 -7.5018289987740881e-03 0.0000000000000000e+00  -3.4131939211750287e-03 -1.2632987817081954e-02 0.0000000000000000e+00  2.2183021683204532e-02 3.8226524078133466e-03 0.0000000000000000e+00  -6.8566590911101335e-03 1.4957041291872758e-02 0.0000000000000000e+00  -1.8906453926737391e-03 -2.3357064794191689e-04 0.0000000000000000e+00  -4.0444969269910255e-03 -1.4127403966903486e-02 0.0000000000000000e+00  1.2872802738583282e-02 3.3136010422890492e-03 0.0000000000000000e+00  1.0389691995187111e-02 1.3109166333959519e-03 0.0000000000000000e+00  -1.7589209853281860e-02 6.8334298458517300e-03 0.0000000000000000e+00  2.9996376079472341e-03 1.3618470955948720e-02 0.0000000000000000e+00  -6.8550501315521373e-02 -2.5828499497557731e-03 0.0000000000000000e+00  5.4234686322224543e-02 -5.5958155759899646e-03 0.0000000000000000e+00  1.0142893563312383e-02 -1.2456005074817727e-03 0.0000000000000000e+00  -1.1215741811870612e-03 1.4519402888299514e-03 0.0000000000000000e+00  -4.4210441730973028e-03 4.2984789707969052e-03 0.0000000000000000e+00  1.0265446254666773e-03 2.1883228425416909e-03 0.0000000000000000e+00  -3.5800618106858863e-04 6.4852605004658197e-04 0.0000000000000000e+00  1.7225838589882757e-03 1.7413396543644634e-04 0.0000000000000000e+00  -4.1429408229972584e-03 2.1489367083013591e-02 0.0000000000000000e+00  8.3215168147786664e-02 -1.4272453058343336e-02 0.0000000000000000e+00  5.4362230132211101e-02 -1.8364392439277361e-02 0.0000000000000000e+00  -4.2895551243492822e-03 -1.4000276573645129e-04 0.0000000000000000e+00  8.8914915050913070e-03 -7.8977951248726801e-04 0.0000000000000000e+00  -4.5041903628252708e-02 -1.1481185626610257e-03 0.0000000000000000e+00  4.1421241013690414e-02 6.3031186270210598e-04 0.0000000000000000e+00  3.9725239297223110e-02 2.4777689558870753e-04 0.0000000000000000e+00  -3.0168262608116542e-03 -7.0524882008426559e-03 0.0000000000000000e+00  4.1449750007524385e-04 2.1982630740249395e-04 0.0000000000000000e+00  -2.5974277518545515e-03 -4.6642508400932464e-04 0.0000000000000000e+00  5.2905286236504864e-04 -3.1310527390833844e-03 0.0000000000000000e+00  -1.7203836136697351e-03 -8.7001440342518013e-05 0.0000000000000000e+00  -8.8205518540245414e-03 -2.3933160800041547e-03 0.0000000000000000e+00  -2.9615650306518112e-03 1.1614472822477111e-02 0.0000000000000000e+00  -7.8294725311671496e-04 3.3158155904533491e-03 0.0000000000000000e+00  3.2222088229839338e-02 -4.1277894427837695e-03 0.0000000000000000e+00  9.0192696358513773e-04 -1.0173713356383793e-03 0.0000000000000000e+00  2.5550813508750988e-03 -2.4880571303621769e-03 0.0000000000000000e+00  1.6161697479747206e-02 -3.3031853011103599e-03 0.0000000000000000e+00  -3.0844808353662320e-03 -3.2254741312713296e-03 0.0000000000000000e+00  1.2678359897990387e-03 -9.7570164617415342e-03 0.0000000000000000e+00  2.6663363381493280e-03 -1.1329901336178432e-02 0.0000000000000000e+00  -2.1046686863463136e-03 -6.8544520603772998e-04 0.0000000000000000e+00  1.6875690372327774e-04 6.6507331552157563e-04 0.0000000000000000e+00  2.2539656132832104e-03 -1.9979410680708186e-03 0.0000000000000000e+00  4.1979958828234162e-04 -1.5215862034557537e-03 0.0000000000000000e+00  2.8103813489011912e-03 -2.0441419683611848e-03 0.0000000000000000e+00  -5.1347818147380493e-03 6.3044514133097024e-03 0.0000000000000000e+00  -1.5630132457681756e-03 -4.0780890991548856e-04 0.0000000000000000e+00  -9.1424611977468373e-03 -7.1375398371702490e-03 0.0000000000000000e+00  2.5632171794834547e-04 1.9032455834835820e-03 0.0000000000000000e+00  1.5962313665158237e-04 -5.7785003022819156e-04 0.0000000000000000e+00  -8.1739946595590935e-03 1.7876176433723183e-02 0.0000000000000000e+00  6.2166792988044776e-02 -7.6286484425436493e-03 0.0000000000000000e+00  -2.9715629702896747e-04 6.1908928992334151e-03 0.0000000000000000e+00  -1.8035522588188259e-03 2.1570075779415570e-04 0.0000000000000000e+00  -5.5028151372343128e-03 -2.2792660265829053e-04 0.0000000000000000e+00  -6.2148247883778074e-03 -7.8190080050938218e-03 0.0000000000000000e+00  2.2505043955130038e-03 -4.6269725258653392e-04 0.0000000000000000e+00  -2.9962076900386839e-02 -7.8653951248090822e-03 0.0000000000000000e+00  -7.7551949361748295e-03 1.4528482794964524e-02 0.0000000000000000e+00  2.7783099100696540e-02 1.6984726603454818e-03 0.0000000000000000e+00  -1.5650975026378551e-03 6.9064080703890489e-03 0.0000000000000000e+00  -3.4948224249222153e-03 -2.2107622964066865e-02 0.0000000000000000e+00  -6.7273193766028078e-03 -1.0480006404902592e-03 0.0000000000000000e+00  -5.1984851360382743e-02 2.1403382015641886e-02 0.0000000000000000e+00  -1.7015615011942972e-04 -7.8069067115515262e-04 0.0000000000000000e+00  4.0219783039391176e-03 3.7290535745029239e-03 0.0000000000000000e+00  2.6557643887422299e-03 4.5184662707294957e-03 0.0000000000000000e+00  7.2989260708229177e-03 -2.1255350400024482e-02 0.0000000000000000e+00  7.4799385599315380e-06 -1.7265512015649735e-02 0.0000000000000000e+00  7.3744013949807912e-04 8.1344541648083208e-03 0.0000000000000000e+00  1.2307148437858666e-03 2.3739054537682503e-04 0.0000000000000000e+00  -8.8925701696325309e-03 1.6472455486560397e-02 0.0000000000000000e+00  7.8061564565490458e-03 4.4203845598814262e-03 0.0000000000000000e+00  4.2850114964137017e-04 -4.1940179675438111e-03 0.0000000000000000e+00  8.0528062255596339e-04 -8.4609720374602734e-03 0.0000000000000000e+00  2.3214424718812961e-03 4.6856942205484378e-03 0.0000000000000000e+00  5.7008038479822885e-03 7.2266995650175731e-03 0.0000000000000000e+00  2.4303088787844024e-03 -1.7820500427932319e-03 0.0000000000000000e+00  1.8633149376927477e-03 3.4372894993067629e-04 0.0000000000000000e+00  3.9649655776626490e-04 -8.0131497755091003e-04 0.0000000000000000e+00  -6.4671314573542631e-03 -2.0345430343318393e-04 0.0000000000000000e+00  -5.2865941313661848e-03 1.3540864848984111e-03 0.0000000000000000e+00  -8.6697109859903074e-03 1.0283434964865666e-03 0.0000000000000000e+00  -6.6402767422302856e-03 3.0142491341244430e-03 0.0000000000000000e+00  -2.4590607784353076e-02 3.8920726854876596e-02 0.0000000000000000e+00  -1.4754311664833169e-02 2.3711217706604365e-02 0.0000000000000000e+00  -5.5438072230187055e-02 9.2802592222494661e-03 0.0000000000000000e+00  3.4249239515756711e-04 -4.8660334858220266e-04 0.0000000000000000e+00  -2.1725104798492011e-04 -7.9766775785154167e-04 0.0000000000000000e+00  -1.0547714558078538e-03 5.3645654740257980e-04 0.0000000000000000e+00  -1.0635611362812562e-03 2.4372823688740099e-04 0.0000000000000000e+00  -9.3987928490313637e-04 2.4673473421994751e-04 0.0000000000000000e+00  9.9227259316056124e-03 6.7003053334682853e-03 0.0000000000000000e+00  6.0829213860617449e-03 6.1156095192533523e-03 0.0000000000000000e+00  9.0849017725741217e-04 -1.4466973265936348e-04 0.0000000000000000e+00  -8.4750231063584092e-04 1.0705470221694462e-03 0.0000000000000000e+00  -9.8090255425237020e-04 8.1152636253557797e-04 0.0000000000000000e+00  -3.1788437943107184e-04 -3.8530095560317974e-04 0.0000000000000000e+00  -3.1059934894659693e-04 -5.7904742433273915e-04 0.0000000000000000e+00  2.0013754506290719e-03 1.0356040324369246e-04 0.0000000000000000e+00  -2.8831404412655724e-02 -2.4472396827085827e-03 0.0000000000000000e+00  2.0188675462871775e-03 8.1651134827603249e-04 0.0000000000000000e+00  -5.1209006723656478e-03 -3.5520468871197753e-03 0.0000000000000000e+00  -1.6117337026020891e-03 -1.6565807665649692e-03 0.0000000000000000e+00  -2.9482125162990460e-03 -2.1594388724308321e-03 0.0000000000000000e+00  3.5259837344481610e-03 -7.1667470447526614e-04 0.0000000000000000e+00  -1.5695386703866996e-03 -7.0833554943354308e-04 0.0000000000000000e+00  -3.3744074873601697e-02 1.4478535427992351e-03 0.0000000000000000e+00  6.9935212062536972e-03 1.1564256278905222e-02 0.0000000000000000e+00  -2.5465142173920958e-03 -2.5174688794311166e-03 0.0000000000000000e+00  2.9119175260529647e-02 -1.4441262313229765e-02 0.0000000000000000e+00  1.9648372429603845e-03 2.0495361152386853e-04 0.0000000000000000e+00  -2.7672855056653890e-02 -3.6508294162956841e-03 0.0000000000000000e+00  1.6959096720508153e-02 5.8267456535385153e-03 0.0000000000000000e+00  5.0186908092021069e-04 -5.3968306069292976e-03 0.0000000000000000e+00  1.9681907637476505e-03 -4.2484160350782351e-03 0.0000000000000000e+00  -1.1013153480187720e-04 1.4821363372740219e-04 0.0000000000000000e+00  -3.4592462968860271e-03 -2.8721172134760957e-04 0.0000000000000000e+00  3.4660247874028216e-02 1.3900494847110740e-03 0.0000000000000000e+00  1.1624319895333122e-04 -4.5700742864522928e-04 0.0000000000000000e+00  6.4224579924342291e-04 -2.1829282746310512e-04 0.0000000000000000e+00  1.9431486163708652e-03 -1.9524209994747202e-02 0.0000000000000000e+00  -4.4763568307604473e-02 -1.7843905862959030e-03 0.0000000000000000e+00  -3.6765961703840187e-02 6.6971725913723213e-03 0.0000000000000000e+00  -2.3547796328658011e-04 7.3112778341105622e-04 0.0000000000000000e+00  3.8687129911184028e-04 -2.3768780861617412e-03 0.0000000000000000e+00  2.6662554811863939e-03 -2.6632543414215940e-03 0.0000000000000000e+00  1.8258962945136275e-03 -3.0645156478677884e-03 0.0000000000000000e+00  2.2157038626736507e-03 -3.2390197660297322e-04 0.0000000000000000e+00  1.3380190481416033e-04 -8.2186743112264028e-03 0.0000000000000000e+00  2.0441436466421117e-02 -1.5765538629090876e-02 0.0000000000000000e+00  4.6996299325776293e-02 -1.0401855463041537e-02 0.0000000000000000e+00  9.5373279199820367e-03 -1.0443617368419120e-02 0.0000000000000000e+00  -9.0824717787561056e-04 4.3480842222993652e-04 0.0000000000000000e+00  1.2105894594882896e-04 -7.0050890893763064e-04 0.0000000000000000e+00  2.4120859184842539e-03 -5.9901314339179219e-05 0.0000000000000000e+00  2.3310754725688870e-03 -5.1583000612904469e-03 0.0000000000000000e+00  -1.9870128392842533e-04 -6.2632650608078120e-04 0.0000000000000000e+00  6.6352623890180329e-04 8.6148301450419996e-03 0.0000000000000000e+00  2.9993018360316300e-03 8.4371325101415418e-03 0.0000000000000000e+00  4.3062307287572658e-03 6.7444138512410597e-03 0.0000000000000000e+00  -1.9175194565117730e-03 -1.0970485231861185e-02 0.0000000000000000e+00  -1.4390227169704779e-03 4.2121428263725247e-04 0.0000000000000000e+00  -5.3693834641433909e-02 1.4882010653865653e-03 0.0000000000000000e+00  -2.0831438680900781e-03 5.6017264157048126e-05 0.0000000000000000e+00  1.4611972787650164e-04 -8.2979386507546840e-04 0.0000000000000000e+00  6.0076475103754717e-02 -1.1882146004592875e-03 0.0000000000000000e+00  3.0648681817420798e-03 -7.5621352976686382e-03 0.0000000000000000e+00  1.1371853950919143e-02 -5.7544567228618474e-03 0.0000000000000000e+00  1.8325844999409528e-02 -2.9376608425667142e-03 0.0000000000000000e+00  1.5281169556170058e-03 3.0088141020068264e-03 0.0000000000000000e+00  1.8090556418560145e-03 4.9504016297068250e-03 0.0000000000000000e+00  -1.8743081339373843e-03 2.3925532119636211e-03 0.0000000000000000e+00  -4.7509843287655282e-04 -8.8124681933790527e-04 0.0000000000000000e+00  3.5696507059559686e-02 -5.5966006948776495e-03 0.0000000000000000e+00  -1.7314702593218444e-02 5.4897713994395362e-03 0.0000000000000000e+00  -1.2785248135580815e-02 1.3585327512134218e-02 0.0000000000000000e+00  -1.7761915405903210e-02 1.3743828936049344e-02 0.0000000000000000e+00  -1.3832922055291302e-02 -1.4609514077847153e-02 0.0000000000000000e+00  -5.7215931017097542e-04 -3.4659414604801145e-04 0.0000000000000000e+00  -3.1987696691645323e-04 8.4621655723249450e-03 0.0000000000000000e+00  -3.6598235764212592e-03 4.1005759747484291e-03 0.0000000000000000e+00  6.8764472909533844e-02 4.7658021933032782e-04 0.0000000000000000e+00  -1.4395455791723554e-03 -6.1332784690155116e-04 0.0000000000000000e+00  2.0553772597270521e-03 -7.6313304901064775e-03 0.0000000000000000e+00  -3.6316439380780545e-04 7.8399610693454848e-04 0.0000000000000000e+00  -1.9900979863329726e-04 1.0252512957184884e-03 0.0000000000000000e+00  -3.7887531148191251e-05 1.0340563488083860e-03 0.0000000000000000e+00  -2.2897918680680790e-04 -1.1356480120269703e-03 0.0000000000000000e+00  4.8134017196203492e-02 -6.5024795490499726e-04 0.0000000000000000e+00  4.7474844155309974e-03 5.4983713469125941e-04 0.0000000000000000e+00  5.3625583722465377e-02 2.4588504669684311e-04 0.0000000000000000e+00  -5.5807983835012072e-02 -1.9774834065651868e-04 0.0000000000000000e+00  6.8519325950775574e-03 -3.3416528725354611e-03 0.0000000000000000e+00  -1.7500069205992397e-02 3.9001141311964037e-03 0.0000000000000000e+00  6.7169919234559186e-02 3.2169192032758159e-04 0.0000000000000000e+00  -1.3424781406763779e-03 -1.6681107383519360e-04 0.0000000000000000e+00  5.4576918103245491e-02 3.5984602413797779e-04 0.0000000000000000e+00  -5.2323386496478892e-02 8.7641018243496567e-05 0.0000000000000000e+00  9.8492510301653024e-03 -1.6190849893420040e-02 0.0000000000000000e+00  -1.3141963394173013e-02 -9.9842276776847625e-03 0.0000000000000000e+00  -2.4165780753480071e-02 5.6159983021614865e-03 0.0000000000000000e+00  -2.3337960916708405e-02 -9.8079202743649608e-03 0.0000000000000000e+00  4.9472680659173665e-03 -6.8890052009251568e-03 0.0000000000000000e+00  1.8566894819290710e-03 -4.5950249724605170e-05 0.0000000000000000e+00  -2.2939726217486488e-04 -6.7589257775015456e-04 0.0000000000000000e+00  -2.3266818398815347e-03 4.2346135675330326e-03 0.0000000000000000e+00  2.3182567427025388e-02 -8.2233387220337795e-04 0.0000000000000000e+00  -1.7431964395218280e-03 8.4826901410708245e-03 0.0000000000000000e+00  -1.2700053480417615e-03 1.2231646071249207e-02 0.0000000000000000e+00  1.7845551559906739e-03 -5.2324201661019015e-04 0.0000000000000000e+00  1.6383461388576061e-03 -2.3114630032492525e-05 0.0000000000000000e+00  -1.1890705385533370e-04 -1.1208776488739284e-02 0.0000000000000000e+00  1.2454050999460863e-03 2.4224215877375849e-03 0.0000000000000000e+00  -6.9945125900550973e-03 -2.1628471104521291e-03 0.0000000000000000e+00  -4.6292671187765115e-03 -4.1076263643750437e-03 0.0000000000000000e+00  4.1700581796618161e-02 -3.2341774577881763e-03 0.0000000000000000e+00  1.9864195533841528e-04 -4.5030605152370661e-04 0.0000000000000000e+00  1.5156575731317323e-04 2.4602834547244650e-05 0.0000000000000000e+00  -7.6411645591831284e-03 -3.7992327437156247e-03 0.0000000000000000e+00  4.6194973963714853e-04 2.5148573789211408e-04 0.0000000000000000e+00  9.1785097899630113e-03 1.1382692715008439e-02 0.0000000000000000e+00  1.2849720834145760e-04 -5.2304795745827587e-04 0.0000000000000000e+00  1.6190217888477555e-02 -1.6968857781762993e-04 0.0000000000000000e+00  -1.6367566214030023e-02 -1.6091809894322469e-02 0.0000000000000000e+00  1.5737225637867558e-02 5.9502958490833258e-03 0.0000000000000000e+00  -1.0440021072947971e-04 -4.1573904714331891e-04 0.0000000000000000e+00  6.9488302408203077e-03 7.8235612599384108e-03 0.0000000000000000e+00  -5.0771173553293613e-03 -1.5063970795139030e-02 0.0000000000000000e+00  -2.6755289238856620e-04 6.9573454727102531e-03 0.0000000000000000e+00  6.0038773803704520e-05 -2.8898800282642898e-04 0.0000000000000000e+00  5.3816457136934869e-04 3.4963282108715081e-03 0.0000000000000000e+00  -1.5617955943692289e-03 1.1897187311524655e-04 0.0000000000000000e+00  3.2889473400059543e-02 -2.2172675347736211e-02 0.0000000000000000e+00  2.6773539581485795e-04 -6.5553270048667540e-04 0.0000000000000000e+00  -1.0123765893832507e-03 6.0891192916909021e-05 0.0000000000000000e+00  1.5139702418350170e-02 1.9552531575726282e-03 0.0000000000000000e+00  3.1480483598205981e-02 1.7434516924219889e-03 0.0000000000000000e+00  -1.1905733197647172e-03 -7.4840424145788615e-03 0.0000000000000000e+00  -7.0574209105789233e-04 -6.4579941767234231e-04 0.0000000000000000e+00  -9.0214463747056680e-04 7.8629559879760929e-03 0.0000000000000000e+00  -1.4963211103965351e-03 1.0635269189449316e-03 0.0000000000000000e+00  9.9999999980171589e-02 0.0000000000000000e+00 0.0000000000000000e+00  -2.6027323046712912e-03 -8.3147004599371365e-03 0.0000000000000000e+00  4.3127078725748473e-03 -2.3678725847230444e-05 0.0000000000000000e+00  2.7005027666975004e-02 -6.8372626490809255e-03 0.0000000000000000e+00  -1.5763741900518232e-03 -1.3756354333324745e-04 0.0000000000000000e+00  2.1341583624345443e-03 -4.2043987849461222e-04 0.0000000000000000e+00  2.9465520423080627e-03 6.2976829253848761e-03 0.0000000000000000e+00  4.7618562621981129e-02 -2.1425578107715257e-03 0.0000000000000000e+00  -1.9718189069145423e-03 8.0971772419380199e-04 0.0000000000000000e+00  7.3265144234712823e-02 -1.0229988866054090e-02 0.0000000000000000e+00  4.3200898778250331e-04 -1.0713805754601268e-02 0.0000000000000000e+00  4.5746090218214165e-03 -8.4551296657035865e-03 0.0000000000000000e+00  -1.9179774398345214e-03 2.9887197874454738e-03 0.0000000000000000e+00  -1.7985842865192025e-03 -2.1829776895243326e-03 0.0000000000000000e+00  -6.7843289992821178e-04 1.0180968251281555e-02 0.0000000000000000e+00  5.3471389846141239e-04 -6.0907198426912365e-04 0.0000000000000000e+00  3.9643111152574820e-04 -6.1958156046275619e-04 0.0000000000000000e+00  1.3688470669713925e-03 -1.5391228731762726e-03 0.0000000000000000e+00  2.6990518687056786e-03 -1.4758443023064345e-03 0.0000000000000000e+00  -3.7029710556048685e-04 1.5654368497392186e-03 0.0000000000000000e+00  -1.4756302340932013e-04 6.0651865167151591e-04 0.0000000000000000e+00  -6.5720506697155158e-04 3.7615672723466652e-04 0.0000000000000000e+00  -1.9468678115051649e-04 9.9024421636452606e-04 0.0000000000000000e+00  -9.6434693064660583e-04 8.4296228100041385e-04 0.0000000000000000e+00  2.9785133448670165e-04 1.2733143180359916e-03 0.0000000000000000e+00  3.2093735378516527e-03 -4.2652548804923921e-03 0.0000000000000000e+00  -9.8872386169705524e-03 2.0435435494266740e-02 0.0000000000000000e+00  3.5958391890767044e-03 -1.0968459324431255e-03 0.0000000000000000e+00  7.7576354915125406e-02 -2.0491903164443940e-02 0.0000000000000000e+00  8.9868788168142519e-02 -2.0957714973327206e-02 0.0000000000000000e+00  2.2381615154591972e-02 -2.4447122258880405e-02 0.0000000000000000e+00  -2.4134704491280256e-03 -1.7176566211952486e-03 0.0000000000000000e+00  3.6972116953473766e-03 -3.1537294292916136e-03 0.0000000000000000e+00  9.1703278771507462e-04 3.6004311714555524e-05 0.0000000000000000e+00  9.8289054701754751e-04 1.8561155547682749e-03 0.0000000000000000e+00  5.2781436993907449e-03 9.3706201342051761e-03 0.0000000000000000e+00  -2.4105809253682554e-03 7.9224866514923035e-04 0.0000000000000000e+00  -2.0241148422971205e-03 9.0199398457920150e-05 0.0000000000000000e+00  -2.7851421766700445e-03 -1.0437947322350424e-03 0.0000000000000000e+00  1.1169712950621623e-02 -9.0018026645561390e-03 0.0000000000000000e+00  1.7981648025246842e-03 9.4169034255090541e-03 0.0000000000000000e+00  1.0663739439287462e-03 9.1055667030279386e-03 0.0000000000000000e+00  2.3401251134707451e-03 8.4362192687372824e-03 0.0000000000000000e+00  -8.7805701830178057e-04 -2.9008616075827357e-03 0.0000000000000000e+00  -4.5016946784397845e-04 -3.4015208700016587e-03 0.0000000000000000e+00  -1.2280589129256708e-03 -3.8406263734986289e-03 0.0000000000000000e+00  -8.3617555839193836e-03 5.5838983085827725e-03 0.0000000000000000e+00  1.2208640387707926e-02 1.4279527199831797e-02 0.0000000000000000e+00  6.5690954179990227e-02 1.0602844664343955e-03 0.0000000000000000e+00  2.6927331679578422e-03 1.5018313075914748e-03 0.0000000000000000e+00  7.7601606499681081e-04 -4.8914245211723213e-05 0.0000000000000000e+00  3.6793510173438737e-03 2.0142402479007946e-03 0.0000000000000000e+00  -9.9999999980171589e-02 0.0000000000000000e+00 0.0000000000000000e+00  -4.5019819603801147e-04 4.1532765191332091e-04 0.0000000000000000e+00  5.1120372493193567e-03 -1.3407766335618327e-03 0.0000000000000000e+00  1.5215888035289232e-03 5.9201344339815457e-03 0.0000000000000000e+00  -1.4997666022868760e-02 2.6573093573374891e-03 0.0000000000000000e+00  -6.4088348945456078e-02 3.7526638331500411e-04 0.0000000000000000e+00  -5.4591858280336039e-02 1.3329683379785186e-03 0.0000000000000000e+00  -3.9861824519457226e-03 -6.8776458278524645e-03 0.0000000000000000e+00  8.8754100390359119e-03 1.8152548527079584e-03 0.0000000000000000e+00  9.0059586103835194e-03 -1.5757926965477190e-02 0.0000000000000000e+00  -1.8780401336833520e-03 2.9886764551305324e-04 0.0000000000000000e+00  -1.8226951252405695e-03 1.7942996941718616e-02 0.0000000000000000e+00  2.6449559099393978e-04 -5.5597901134256562e-04 0.0000000000000000e+00  2.6019053229819623e-04 -5.8687953835921355e-04 0.0000000000000000e+00  -2.2669160483723314e-04 -5.3408865252385521e-04 0.0000000000000000e+00  -1.4681221000674346e-02 -1.1819475500318841e-02 0.0000000000000000e+00  -1.2630867041024106e-02 -6.8652069717318473e-03 0.0000000000000000e+00  -4.2199371519466650e-02 1.6944038303392838e-03 0.0000000000000000e+00  -4.3956181670274591e-03 7.0076503071035308e-03 0.0000000000000000e+00  7.3435161339372229e-03 -1.0600766830009132e-02 0.0000000000000000e+00  -1.9758863393085444e-03 -1.2308831721924815e-03 0.0000000000000000e+00  2.7692206043221843e-02 6.4139954533218996e-03 0.0000000000000000e+00  5.7548303594956952e-03 -1.0068662478664102e-02 0.0000000000000000e+00  5.7387656107467058e-02 -3.5685610289548365e-04 0.0000000000000000e+00  1.8442118063774535e-02 -1.0517778106191524e-03 0.0000000000000000e+00  -4.1364098764119757e-03 -3.9957081393193873e-03 0.0000000000000000e+00  -4.8737798063184226e-03 -1.7566451287736931e-03 0.0000000000000000e+00  -1.4619193902797038e-03 -7.1933844629552849e-03 0.0000000000000000e+00  1.0816175221808671e-03 6.7675325526154861e-03 0.0000000000000000e+00  9.0066896645915205e-04 3.1102841388559303e-03 0.0000000000000000e+00  -5.6265697360460804e-02 -1.8782198205862949e-03 0.0000000000000000e+00  8.9322325539061120e-03 -1.0803563889366631e-02 0.0000000000000000e+00  3.8971330800471769e-03 1.0632766659294097e-02 0.0000000000000000e+00  -7.6902969337536473e-02 1.7541636530464106e-02 0.0000000000000000e+00  9.3039047612619198e-04 -8.2285606455842253e-05 0.0000000000000000e+00  1.5832996110795093e-03 3.7492983477370229e-04 0.0000000000000000e+00  -2.1058001771270493e-03 1.3792958634685855e-02 0.0000000000000000e+00  4.1868802123299449e-04 -1.1915092964493162e-03 0.0000000000000000e+00  4.3215480156910653e-03 -4.8588992347026270e-03 0.0000000000000000e+00  1.1663056745812630e-02 -2.1649738410928921e-03 0.0000000000000000e+00  1.6527034026629719e-03 8.7718892175343214e-04 0.0000000000000000e+00  7.0040047364905650e-04 1.3559586519867925e-03 0.0000000000000000e+00  1.0966900015400994e-03 7.7215154561640666e-04 0.0000000000000000e+00  3.8144862217669997e-04 1.1614150101375274e-03 0.0000000000000000e+00  -1.8059877734900680e-03 -1.7546778738480588e-04 0.0000000000000000e+00  1.0428862004055782e-03 -2.4370220721645511e-04 0.0000000000000000e+00  4.9580342949533555e-02 2.9358024246908471e-03 0.0000000000000000e+00  5.7793181375312738e-02 -2.6442768831202269e-04 0.0000000000000000e+00  3.9545011687886606e-04 2.5671462174024010e-03 0.0000000000000000e+00  5.7942690183277791e-04 5.0884127817888329e-03 0.0000000000000000e+00  6.2212196248387819e-04 5.8840594829591124e-03 0.0000000000000000e+00  5.8782660246332126e-04 4.4253813958075577e-03 0.0000000000000000e+00  -5.0444996223167358e-02 5.4859696551520155e-05 0.0000000000000000e+00  -1.7586952360236937e-03 5.3745700096194480e-04 0.0000000000000000e+00  6.6861002261383912e-04 1.0542243655650671e-02 0.0000000000000000e+00  1.1391909003797822e-03 -1.1529019114736515e-02 0.0000000000000000e+00  1.6558512534751567e-03 3.9036772103614553e-04 0.0000000000000000e+00  2.0399865674756846e-03 -7.1455079310829041e-04 0.0000000000000000e+00  2.8491281883664269e-03 -1.5527266044864922e-06 0.0000000000000000e+00  2.9280667656169756e-03 -2.0384316481258222e-04 0.0000000000000000e+00  -1.4366818637060017e-04 -9.8883723933188526e-03 0.0000000000000000e+00  1.0228039770989809e-01 9.7711336133753232e-04 0.0000000000000000e+00  5.1487728304841392e-02 -1.8087132055162069e-03 0.0000000000000000e+00  -1.1378207288832132e-03 -8.5234723770469360e-03 0.0000000000000000e+00  1.3356723930015610e-03 1.0513848872552634e-02 0.0000000000000000e+00  -1.3491718927547837e-04 7.3471107729660009e-04 0.0000000000000000e+00  -1.3104388119655161e-04 7.3190936887315879e-04 0.0000000000000000e+00  -2.0609106328920611e-04 7.9215518533891241e-04 0.0000000000000000e+00  1.0249973142854243e-02 -1.3034954701839531e-02 0.0000000000000000e+00  6.9665460733195168e-03 -1.1854991898619419e-02 0.0000000000000000e+00  2.9278776092373500e-03 7.2196368577049936e-03 0.0000000000000000e+00  -1.7366900309441302e-03 -2.5410017139959091e-04 0.0000000000000000e+00  -1.0374140612993691e-02 1.5799033180500001e-02 0.0000000000000000e+00  -4.3239959853141608e-04 -2.8966549914456094e-03 0.0000000000000000e+00  -3.0434920646264557e-04 -2.3312563248141624e-03 0.0000000000000000e+00  -1.0447124230240888e-03 -2.3698044247643995e-03 0.0000000000000000e+00  2.3512813230968108e-03 2.5037671747401491e-03 0.0000000000000000e+00  7.4397695450801747e-04 1.0143239559901071e-03 0.0000000000000000e+00  1.9630770811031995e-04 8.5647650023180910e-04 0.0000000000000000e+00  4.7138282320924617e-04 7.2162556645403726e-04 0.0000000000000000e+00  4.5934072539472164e-03 8.3965103964633962e-03 0.0000000000000000e+00  4.9794232006908625e-03 2.6067427637963751e-03 0.0000000000000000e+00  1.4483793761525415e-03 1.5708358360086107e-03 0.0000000000000000e+00  2.2510832050109514e-03 5.5805422399417097e-04 0.0000000000000000e+00  -8.3812650412139481e-06 -8.2144810010251256e-04 0.0000000000000000e+00  -2.9745252844335952e-04 -7.0086830711356060e-04 0.0000000000000000e+00  1.7510334931247356e-03 2.1959783306386687e-05 0.0000000000000000e+00  -3.8531288554569838e-03 -6.5353034727970369e-03 0.0000000000000000e+00  2.7968575575077748e-02 4.3333893188823372e-03 0.0000000000000000e+00  1.3523724302599283e-03 -1.9104348310734773e-03 0.0000000000000000e+00  -4.3790448209700489e-02 2.4739848960393029e-03 0.0000000000000000e+00  1.1978173816040118e-04 -5.5881111163873102e-04 0.0000000000000000e+00  1.4522201535227934e-04 -5.4762998074192083e-04 0.0000000000000000e+00  -1.7137696724580262e-04 1.2513447737667433e-03 0.0000000000000000e+00  -2.4335452572895010e-03 3.4767730063865721e-04 0.0000000000000000e+00  3.4909163914143736e-04 5.0018577847213653e-03 0.0000000000000000e+00  4.7841650342396735e-03 8.2293517954585074e-03 0.0000000000000000e+00  -5.9968242209265117e-02 8.3183864937113536e-03 0.0000000000000000e+00  -1.0816968849624022e-02 1.9430021401044772e-03 0.0000000000000000e+00  6.7366100316944965e-03 -1.8779975076999942e-02 0.0000000000000000e+00  -1.3457406081671610e-02 -1.0169023280098085e-02 0.0000000000000000e+00  -2.3043807788065639e-03 -1.1367131675530764e-03 0.0000000000000000e+00  2.4374817546805611e-03 -1.4325319098572838e-03 0.0000000000000000e+00  1.8692478521518483e-03 1.0936831705370474e-04 0.0000000000000000e+00  -1.8719798215347933e-03 7.3991573948837909e-05 0.0000000000000000e+00  7.0902621696009309e-04 -5.7932983391474244e-04 0.0000000000000000e+00  1.0884120828511311e-03 -6.3614131977614673e-05 0.0000000000000000e+00  6.6058575358250802e-03 1.4036522536251215e-02 0.0000000000000000e+00  -1.2203984781527124e-03 1.2547815282127148e-03 0.0000000000000000e+00  3.8402533341940943e-02 2.5252090362849278e-03 0.0000000000000000e+00  -6.4659662254518255e-04 -8.6361973529710950e-03 0.0000000000000000e+00  -1.3352666184857209e-02 3.5652783087338174e-03 0.0000000000000000e+00  -4.6575365287817696e-03 -8.3307546674726372e-03 0.0000000000000000e+00  -3.4220409758265766e-03 -8.7925745023588308e-03 0.0000000000000000e+00  -2.6711316938086704e-03 4.5820892174537224e-04 0.0000000000000000e+00  5.7327698267680043e-03 -1.2906473717137521e-04 0.0000000000000000e+00  7.1643819950059492e-03 -1.9517260843388694e-03 0.0000000000000000e+00  2.2193376399521434e-03 1.0851457479551071e-02 0.0000000000000000e+00  -4.1653933842162594e-03 1.4729962879727054e-03 0.0000000000000000e+00  -2.7248858607388537e-04 -7.7030403878709149e-05 0.0000000000000000e+00  5.3607928737434614e-06 -7.0186158551412852e-05 0.0000000000000000e+00  1.2825949664816699e-04 1.1261317204615356e-02 0.0000000000000000e+00  1.1890165885768307e-04 -4.7297206310916486e-04 0.0000000000000000e+00  -2.9390717194640779e-03 6.0313024420678811e-03 0.0000000000000000e+00  -5.6360434389637289e-02 2.0275139568453445e-02 0.0000000000000000e+00  8.0384838178350283e-04 -6.6538806411083583e-04 0.0000000000000000e+00  9.4392470044713894e-04 -5.1667536893073858e-04 0.0000000000000000e+00  1.9351783854085730e-03 -2.2633890761100558e-04 0.0000000000000000e+00  -3.8498044006991163e-05 -5.6505103056802425e-04 0.0000000000000000e+00  4.8032708318517474e-04 -9.7856502420380739e-04 0.0000000000000000e+00  -4.2192779533866027e-04 1.2047383850833644e-03 0.0000000000000000e+00  1.3892792201798735e-03 4.1349834095469737e-03 0.0000000000000000e+00  -6.3080510325880636e-03 -6.4776859008652569e-03 0.0000000000000000e+00  2.1375356268545339e-03 -1.6811242513690725e-04 0.0000000000000000e+00  1.1528437101338573e-03 1.2854567980630513e-03 0.0000000000000000e+00  1.0889267650280888e-04 -1.6195583088802429e-03 0.0000000000000000e+00  5.2582670819034949e-02 -2.3144339005188762e-02 0.0000000000000000e+00  -6.0503448996302674e-02 -6.8145205322099145e-05 0.0000000000000000e+00  6.5934047989962561e-03 -2.6208285144979607e-03 0.0000000000000000e+00  6.3312163483924102e-03 -5.2247529005336754e-03 0.0000000000000000e+00  -6.2986060489459159e-03 -6.8515367294631783e-03 0.0000000000000000e+00  -8.9649022173774739e-03 -6.8437693715428672e-03 0.0000000000000000e+00  7.3557606749529384e-03 1.4335103653184845e-03 0.0000000000000000e+00  3.1079750934459913e-04 -3.8542517464344719e-03 0.0000000000000000e+00  2.2433326210383607e-04 -5.1397475171405596e-03 0.0000000000000000e+00  2.0470972449917616e-03 -4.5228943165179529e-03 0.0000000000000000e+00  -2.8927406468368279e-04 7.2954076151717506e-03 0.0000000000000000e+00  7.4515776737850653e-04 1.9084747689310539e-04 0.0000000000000000e+00  -1.8195536587591189e-03 -4.7137164568772702e-04 0.0000000000000000e+00  3.4709743575620736e-04 -5.5104437176491528e-04 0.0000000000000000e+00  -1.7407680049618952e-03 -1.5276049141033316e-04 0.0000000000000000e+00  -6.2703846154485206e-03 -1.4118768807238908e-02 0.0000000000000000e+00  -4.5963656463321057e-03 -1.1090347876849028e-02 0.0000000000000000e+00  -2.1384771050289423e-03 -1.2129259085496967e-02 0.0000000000000000e+00  9.3337325079184555e-04 4.4409033809065159e-03 0.0000000000000000e+00  3.7228764572953448e-03 -6.2775052959350942e-03 0.0000000000000000e+00  -2.0314455059061171e-03 -1.9248228103092829e-03 0.0000000000000000e+00  -1.7377490480842559e-02 9.7044079154700921e-03 0.0000000000000000e+00  -1.0938374072870280e-02 1.0710135066265487e-02 0.0000000000000000e+00  -1.3036385832473601e-03 1.4158374524117825e-02 0.0000000000000000e+00  2.5003696728720506e-04 1.2451680004641402e-02 0.0000000000000000e+00  1.4486412103823228e-03 1.7530758269188665e-03 0.0000000000000000e+00  -6.4880752605328950e-03 1.8512578095309358e-03 0.0000000000000000e+00  -2.8571474390927756e-04 4.7757697268736663e-03 0.0000000000000000e+00  -5.3186228678284552e-03 -3.4392547253841166e-03 0.0000000000000000e+00  -1.5363246801198859e-03 -2.1560013933975978e-03 0.0000000000000000e+00  -9.7074650433225205e-04 -1.2198411425335923e-03 0.0000000000000000e+00  -8.2985397211835250e-03 1.0745247642139284e-02 0.0000000000000000e+00  1.5018806203985059e-03 1.2001361137770027e-02 0.0000000000000000e+00  3.4072616940912541e-03 1.1526576094116439e-02 0.0000000000000000e+00  5.2576859863639296e-03 -1.5098166833754596e-02 0.0000000000000000e+00  -9.6319714434559556e-03 3.0257072476562075e-03 0.0000000000000000e+00  5.0326057225802820e-03 -9.3400834016838039e-04 0.0000000000000000e+00  -1.9176793105375903e-03 -8.0832055424834726e-04 0.0000000000000000e+00  -4.2441274752634817e-03 5.4235720828732679e-03 0.0000000000000000e+00  -6.5459320491025250e-02 -6.6010211792549964e-04 0.0000000000000000e+00  -4.6896087197839602e-02 -6.4808660279813690e-04 0.0000000000000000e+00  -1.8535833193864654e-03 -1.0767369616612234e-02 0.0000000000000000e+00  -1.5525880146112043e-03 -2.4736776378765786e-05 0.0000000000000000e+00  1.8875493283932252e-03 5.9650039306982534e-05 0.0000000000000000e+00  -5.7702679654761196e-04 2.1869934251101337e-03 0.0000000000000000e+00  -1.0688703593725105e-02 6.0321516395652388e-03 0.0000000000000000e+00  -1.7245733642331877e-03 1.7382682957356764e-04 0.0000000000000000e+00  3.3918178642573108e-03 -3.2485859871713573e-03 0.0000000000000000e+00  3.2039312624014284e-03 -4.1363654465926504e-03 0.0000000000000000e+00  -1.6753174011963404e-03 -1.1536066716353609e-04 0.0000000000000000e+00  2.1946019381097201e-03 1.3024910212374695e-02 0.0000000000000000e+00  3.8520418942589738e-03 5.8061385312329376e-03 0.0000000000000000e+00  5.0768455994046433e-04 1.0532151481038882e-02 0.0000000000000000e+00  -1.3391047297214578e-03 6.6198678944343026e-05 0.0000000000000000e+00  -1.4551922177248149e-03 -8.3737990884837684e-03 0.0000000000000000e+00  -1.6589833393842084e-03 -7.8299210505512994e-03 0.0000000000000000e+00  -9.1626391116079271e-04 -8.8823083797547140e-03 0.0000000000000000e+00  9.4539344607108711e-03 1.3165213823432048e-03 0.0000000000000000e+00  8.9556921211921339e-03 3.9535219442719434e-03 0.0000000000000000e+00  2.3624087252140809e-03 5.9247665232281012e-03 0.0000000000000000e+00  -3.1234376570586204e-02 2.2120950672231656e-02 0.0000000000000000e+00  -3.1664365738774895e-02 1.6604030663473614e-03 0.0000000000000000e+00  8.9481339581261516e-04 3.7343701998397920e-02 0.0000000000000000e+00  -8.3117125372902268e-03 -1.5507622475553916e-02 0.0000000000000000e+00  3.5397046135224722e-02 -6.9652850713466366e-04 0.0000000000000000e+00  -1.0933500142638363e-03 -1.9066130369817904e-03 0.0000000000000000e+00  2.2846931316746980e-03 -9.4007249750429119e-03 0.0000000000000000e+00  -3.6847975450138497e-03 -8.4694581019081529e-03 0.0000000000000000e+00  -2.7095228375559094e-03 -7.8669350801647935e-03 0.0000000000000000e+00  -3.9984142843554936e-04 1.9432369438822778e-03 0.0000000000000000e+00  -4.2748663269591453e-02 9.8181369270978537e-04 0.0000000000000000e+00  -1.1471000078711426e-03 -9.6447315383709504e-03 0.0000000000000000e+00  1.0401506314040803e-02 -6.9212455881406910e-03 0.0000000000000000e+00  2.6954163459997808e-04 -8.3397730965252017e-04 0.0000000000000000e+00  -6.4804724942359550e-04 -8.3469809509204868e-03 0.0000000000000000e+00  6.7004519415497458e-03 1.2856768264674325e-02 0.0000000000000000e+00  -1.6183282546240524e-03 6.5292492071772810e-06 0.0000000000000000e+00  -1.4046691575098763e-03 2.5845684849731938e-05 0.0000000000000000e+00  1.8755686657627667e-03 2.6601392707850503e-05 0.0000000000000000e+00  7.4669529954792836e-04 -2.7161733923937872e-05 0.0000000000000000e+00  -4.4838762089110634e-04 -5.2656366821646048e-05 0.0000000000000000e+00  -1.1848609682348574e-04 -7.4692901067759966e-05 0.0000000000000000e+00  -1.0835370226066759e-03 2.6488019657349209e-05 0.0000000000000000e+00  -6.8884308423161676e-04 3.0527214560898414e-05 0.0000000000000000e+00  -1.4435455512343128e-03 -3.3304401037272020e-05 0.0000000000000000e+00  1.7592821379752909e-03 -7.2587533823904004e-06 0.0000000000000000e+00  1.5251152073443666e-03 -9.5695279847119756e-06 0.0000000000000000e+00  -1.7349273419846529e-03 -4.7756847974797955e-06 0.0000000000000000e+00  4.2197509468206861e-04 6.4835528560670531e-05 0.0000000000000000e+00  -1.7438053481090281e-03 -2.8831409766779714e-05 0.0000000000000000e+00  -1.6135036526925904e-03 -4.7963184874862999e-05 0.0000000000000000e+00  1.3168929210014139e-03 -2.3397087757503334e-05 0.0000000000000000e+00  -1.2673185610791427e-03 3.9806698511692133e-06 0.0000000000000000e+00  -1.1114376278776828e-03 5.9752869834514787e-05 0.0000000000000000e+00  -8.5818282992136566e-04 3.8469910796429305e-05 0.0000000000000000e+00  6.1366717309158504e-04 5.8789520143374365e-06 0.0000000000000000e+00  1.8781156960301843e-03 1.2651679443631675e-05 0.0000000000000000e+00  -1.0833926024155437e-03 -1.0832892944606346e-02 0.0000000000000000e+00  1.9647211212711273e-03 4.0374427186362589e-04 0.0000000000000000e+00  -5.8961321299948639e-02 -4.3336553171295113e-05 0.0000000000000000e+00  -4.6893028851023609e-02 2.2635037762340217e-04 0.0000000000000000e+00  -5.0713257487629553e-04 -4.7711007077407084e-03 0.0000000000000000e+00  -1.2810724804191884e-03 -4.6317128788608336e-03 0.0000000000000000e+00  -2.6752278560433209e-04 9.5554884092595058e-04 0.0000000000000000e+00  8.2537867890193227e-04 7.0359786468188511e-03 0.0000000000000000e+00  -7.4798565973260324e-03 4.1316970885011810e-04 0.0000000000000000e+00  2.3973018934823126e-03 1.9629217010841476e-03 0.0000000000000000e+00  8.1189793195698169e-03 1.4013255128675219e-02 0.0000000000000000e+00  -8.2417132645248553e-02 1.2724059623754906e-02 0.0000000000000000e+00  5.0513399144702410e-03 -1.0609037218341347e-02 0.0000000000000000e+00  6.1989994655845166e-04 -3.9421621785171851e-04 0.0000000000000000e+00  4.4765187427819739e-04 -3.3209558092911251e-04 0.0000000000000000e+00  5.2071581200915538e-04 -1.5319771012168646e-04 0.0000000000000000e+00  3.3399413535572186e-04 -7.0128103240034833e-03 0.0000000000000000e+00  -4.7751168017692190e-03 4.5034924788444813e-02 0.0000000000000000e+00  -7.4383754352017170e-04 -1.3665680009773635e-03 0.0000000000000000e+00  -1.8514269244130580e-02 -8.5299736499189933e-03 0.0000000000000000e+00  -3.9600531653317343e-03 -7.4179219007705838e-04 0.0000000000000000e+00  4.8059797102700469e-03 1.0265430423215855e-02 0.0000000000000000e+00  -1.4484264375359381e-04 6.5819360678563840e-04 0.0000000000000000e+00  2.8171725278576211e-03 -1.1750623977352180e-03 0.0000000000000000e+00  1.8249470699559995e-04 -6.4160924391972038e-04 0.0000000000000000e+00  3.3393224255183956e-04 1.9300002873889155e-03 0.0000000000000000e+00  3.0545664192207011e-02 -6.3180837698563336e-02 0.0000000000000000e+00  1.8805086378165511e-02 -2.1149493815779574e-02 0.0000000000000000e+00  -1.7472936986701140e-03 -9.6194691446630984e-05 0.0000000000000000e+00  -4.2434524232992486e-04 -8.7793550441941908e-03 0.0000000000000000e+00  7.4981752891347203e-02 -7.1700566585029398e-03 0.0000000000000000e+00  1.3431177583920527e-02 -1.2176772632160177e-02 0.0000000000000000e+00  4.9141211425753045e-03 -1.9189811084833407e-03 0.0000000000000000e+00  -6.2537053420103891e-02 2.4321859592811874e-05 0.0000000000000000e+00  -4.9681833522738578e-03 -4.1069963389383938e-03 0.0000000000000000e+00  -3.7672823285054510e-03 -7.3376951765183347e-03 0.0000000000000000e+00  -2.0970727355663714e-03 1.6485359098710529e-03 0.0000000000000000e+00  -1.2111323122027859e-03 7.9908353386620192e-04 0.0000000000000000e+00  -7.8943210818113664e-04 1.1962427453759252e-03 0.0000000000000000e+00  2.3176801931167965e-04 9.7412925628110759e-03 0.0000000000000000e+00  5.8560070330596230e-02 9.4412840574873490e-05 0.0000000000000000e+00  1.5576411309376635e-03 6.9303120334039143e-03 0.0000000000000000e+00  7.6645379498170617e-04 7.6440819642463560e-03 0.0000000000000000e+00  1.2464374764822269e-03 8.0516646857596349e-03 0.0000000000000000e+00  -1.3391073734158707e-03 6.1336093067202325e-04 0.0000000000000000e+00  -4.7048389092319129e-04 6.3636446840551961e-04 0.0000000000000000e+00  -6.5499730267864890e-04 5.7920534221641781e-04 0.0000000000000000e+00  -5.1477640615703996e-04 7.3179572075853449e-04 0.0000000000000000e+00  -2.4701503953618508e-03 3.1817274867428939e-03 0.0000000000000000e+00  -2.3798087981259639e-03 1.4830821626586404e-03 0.0000000000000000e+00  -6.5515465778763944e-03 3.2747295013604563e-03 0.0000000000000000e+00  -9.9447565999424475e-02 1.3421208096754886e-04 0.0000000000000000e+00  4.4864987572505476e-02 -1.1325882183828422e-05 0.0000000000000000e+00  4.4483800339601837e-02 -1.2114415687497629e-03 0.0000000000000000e+00  2.8182614264286119e-02 3.4568572548451708e-03 0.0000000000000000e+00  5.0258286419621309e-02 -4.8220287881078532e-03 0.0000000000000000e+00  3.6531810562734606e-04 -1.2382376672310667e-03 0.0000000000000000e+00  7.2443346033782743e-03 9.2105786844334427e-03 0.0000000000000000e+00  -1.0307161730855584e-01 -4.7275049847728118e-04 0.0000000000000000e+00  -3.2626088843001112e-03 -9.7500435992315380e-04 0.0000000000000000e+00  -8.1392432443925275e-04 4.9930752100072156e-04 0.0000000000000000e+00  -1.9210218355292751e-03 -8.6569119080446693e-05 0.0000000000000000e+00  -1.4055403655032178e-03 -1.7648229536745118e-02 0.0000000000000000e+00  2.8515280232288176e-03 -1.6686819816047232e-02 0.0000000000000000e+00  2.8727417729835915e-03 -2.1415104968316855e-02 0.0000000000000000e+00  -1.0210363170534865e-03 -5.0417910346699790e-03 0.0000000000000000e+00  -1.0817826513566363e-03 -3.4933502902466272e-03 0.0000000000000000e+00  -2.5916051031145667e-03 -4.8178291840234319e-03 0.0000000000000000e+00  9.6963013378350907e-03 -4.5337723662276196e-03 0.0000000000000000e+00  2.0867119694069937e-02 6.6576326017152481e-03 0.0000000000000000e+00  1.1674769033507963e-03 -1.6569585537463380e-04 0.0000000000000000e+00  1.2930688891835585e-03 -3.4041031877911278e-04 0.0000000000000000e+00  1.1319093937350963e-03 -4.6274821657733291e-04 0.0000000000000000e+00  -7.8938496050045843e-03 1.3441054355566202e-02 0.0000000000000000e+00  -3.8751079402888715e-03 1.5040804362414589e-02 0.0000000000000000e+00  7.7891694147265997e-03 -9.6676842084037658e-03 0.0000000000000000e+00  8.0697418366230764e-03 -7.2512832324635066e-03 0.0000000000000000e+00  -3.4935946429832634e-04 1.6638648361809409e-04 0.0000000000000000e+00  -2.5946816406784094e-03 -3.6503401703741697e-04 0.0000000000000000e+00  4.2790753548881476e-02 -8.7708192624036795e-03 0.0000000000000000e+00  3.7327984512380190e-03 1.3097910223723961e-03 0.0000000000000000e+00  -8.6806323912458239e-05 3.0919287134654853e-04 0.0000000000000000e+00  -6.3983308097068953e-02 1.0747603034799562e-02 0.0000000000000000e+00  -4.9332380422688477e-03 7.9540491060748810e-03 0.0000000000000000e+00  8.1059415888754677e-03 8.3114945994207066e-03 0.0000000000000000e+00  1.2016843711893117e-03 -6.4019619151519920e-04 0.0000000000000000e+00  1.5971067640088207e-03 -7.5682539522754734e-04 0.0000000000000000e+00  -5.9452687974115119e-03 1.1931369587398840e-02 0.0000000000000000e+00  -2.0859055072719331e-03 1.1615152758436345e-02 0.0000000000000000e+00  -3.5952199902788483e-03 1.1045933270559517e-02 0.0000000000000000e+00  -1.2567467547735763e-04 7.8917078237908320e-03 0.0000000000000000e+00  -4.4780335346086511e-02 3.9540760738909003e-03 0.0000000000000000e+00  6.6735014792762264e-03 -6.6277585597577064e-03 0.0000000000000000e+00  4.9699347576135124e-03 -6.1615208422527937e-03 0.0000000000000000e+00  -2.0099712106813753e-03 3.6523606188679935e-04 0.0000000000000000e+00  5.4397376481432426e-02 -3.8962947022613234e-04 0.0000000000000000e+00  9.7245366454629846e-05 -3.2214934127721740e-04 0.0000000000000000e+00  5.2357024057911512e-04 8.9490112329523482e-03 0.0000000000000000e+00  1.0580087974643688e-04 7.1154092266536954e-03 0.0000000000000000e+00  -6.3712159887657619e-04 1.7890211298383053e-04 0.0000000000000000e+00  3.9757180529862478e-03 3.6266007575233099e-03 0.0000000000000000e+00  8.5685561307295294e-03 -8.0233131227280749e-03 0.0000000000000000e+00  5.6148616754546363e-03 3.6009367127232505e-03 0.0000000000000000e+00  -1.4285707796594699e-03 -3.9494951703182362e-04 0.0000000000000000e+00  2.7268119754346309e-05 4.0345683941493644e-04 0.0000000000000000e+00  1.8010697358994930e-02 -9.5183251150650575e-03 0.0000000000000000e+00  6.4884729632510765e-03 -3.1374287030944692e-03 0.0000000000000000e+00  8.9756080985010037e-03 2.4836466890833069e-03 0.0000000000000000e+00  -9.3921210738951344e-04 -6.2138052417927598e-04 0.0000000000000000e+00  -9.1364050590173149e-04 -1.7972081533347174e-04 0.0000000000000000e+00  -1.1113103267182819e-03 -3.9469883127663766e-04 0.0000000000000000e+00  -1.9986777470125451e-03 2.0279087208432495e-02 0.0000000000000000e+00  -6.1921274449512204e-02 8.7615040165205989e-03 0.0000000000000000e+00  3.1254378091709585e-03 3.5330452535425297e-03 0.0000000000000000e+00  1.3704038369634894e-02 1.1670051438115203e-02 0.0000000000000000e+00  -2.0189565845392162e-03 -3.8348480268198616e-04 0.0000000000000000e+00  -3.2341776565387873e-03 -1.5147473004689400e-02 0.0000000000000000e+00  -5.2462459786017208e-04 -3.8770766079124753e-03 0.0000000000000000e+00  -7.6824521521057590e-05 5.8003894094520332e-04 0.0000000000000000e+00  -3.1238256804797741e-04 5.4772611016422356e-04 0.0000000000000000e+00  -6.4125795199497626e-02 -5.9788722039767661e-05 0.0000000000000000e+00  -6.4255665337870711e-04 -7.8377368943960569e-03 0.0000000000000000e+00  2.0981831702863852e-03 -6.6462790246839945e-05 0.0000000000000000e+00  8.2103441480787815e-04 -1.6748650118870014e-03 0.0000000000000000e+00  8.6378306729903323e-04 -2.0185304803435286e-03 0.0000000000000000e+00  -2.4296537643475608e-04 -8.0144577229118042e-03 0.0000000000000000e+00  1.5251673180074977e-03 -5.0214124245911957e-05 0.0000000000000000e+00  6.2926346836466207e-04 -2.1322272500438068e-03 0.0000000000000000e+00  2.0450853960607899e-03 -2.2319647457477195e-04 0.0000000000000000e+00  -6.2284440061533323e-04 4.1465278306988194e-04 0.0000000000000000e+00  4.2459927474847526e-03 1.4702693137034579e-02 0.0000000000000000e+00  6.9292050807150370e-03 1.0719871793826045e-02 0.0000000000000000e+00  -1.6933605652109196e-03 -2.0124962879811432e-03 0.0000000000000000e+00  -3.2998113688776157e-04 -8.5604963980395830e-03 0.0000000000000000e+00  6.8941134545309182e-04 1.3974351657357609e-02 0.0000000000000000e+00  2.0064780634126730e-03 -5.5716925876006193e-04 0.0000000000000000e+00  7.4595004080981473e-03 1.2861174743257198e-02 0.0000000000000000e+00  5.1927080097348872e-03 1.2674170716389521e-02 0.0000000000000000e+00  5.2738961663170844e-03 1.6338959587035285e-02 0.0000000000000000e+00  -6.3962200908452629e-02 1.9102996598818082e-06 0.0000000000000000e+00  1.6151302990395158e-03 1.8895131295647752e-02 0.0000000000000000e+00  1.7621487812660226e-03 1.6201693156738702e-02 0.0000000000000000e+00  -4.2110450521611774e-03 -1.5055597658139434e-03 0.0000000000000000e+00  -7.0776734740603225e-02 6.4020629302101771e-03 0.0000000000000000e+00  -3.7592965591399595e-02 1.5537692989735242e-02 0.0000000000000000e+00  -2.2056863378020681e-03 1.8146770928353612e-02 0.0000000000000000e+00  2.5742238083678488e-03 3.2285393190171841e-03 0.0000000000000000e+00  -5.7187577906025619e-02 -1.3622032478456368e-03 0.0000000000000000e+00  -5.5349764495510337e-02 2.1545578349849822e-02 0.0000000000000000e+00  8.9997952188691278e-04 -2.2463534541895019e-04 0.0000000000000000e+00  -8.7608870264378070e-03 -4.6573494087981913e-03 0.0000000000000000e+00  -6.1293976606155761e-03 -3.6325059884796981e-03 0.0000000000000000e+00  2.7507227858885345e-03 -1.0309112945807413e-03 0.0000000000000000e+00  -1.4126499664720547e-03 -6.3180826041589339e-03 0.0000000000000000e+00  -6.2707104357297150e-04 -7.1399051160858217e-03 0.0000000000000000e+00  1.0141244542822728e-03 9.4509992584997631e-03 0.0000000000000000e+00  1.3638726637194639e-03 2.1132458434030255e-03 0.0000000000000000e+00  -2.4539388551468649e-03 -1.3375866075728996e-04 0.0000000000000000e+00  -2.5339383334282658e-03 -1.8652677086745582e-03 0.0000000000000000e+00  -7.6911655595929729e-04 -8.0047809961484521e-04 0.0000000000000000e+00  -1.7891509825073702e-03 -1.1935357971325917e-04 0.0000000000000000e+00  -4.6549501248471454e-03 3.5022668241838648e-03 0.0000000000000000e+00  -1.8155713598502236e-03 -4.7905373004776854e-03 0.0000000000000000e+00  -2.0402299769231211e-03 1.0053782796666362e-02 0.0000000000000000e+00  -1.7653096513283188e-03 -1.7366378196556821e-04 0.0000000000000000e+00  2.0946831778053750e-03 1.0249844318690521e-03 0.0000000000000000e+00  -1.8667914930398370e-02 -3.8024426357623183e-03 0.0000000000000000e+00  -2.2054047193708197e-04 -5.7903975171657478e-04 0.0000000000000000e+00  -2.3157750861772918e-03 -5.5541985103490206e-03 0.0000000000000000e+00  -6.8204240494160887e-03 2.9922032192753155e-03 0.0000000000000000e+00  3.0154682156978202e-03 -3.3973588973095826e-03 0.0000000000000000e+00  7.9636455999827717e-04 -1.9407901225665519e-04 0.0000000000000000e+00  4.0773050897861037e-03 -9.4290446181898649e-03 0.0000000000000000e+00  2.2356578835780475e-02 4.3120884413410361e-03 0.0000000000000000e+00  1.0629934788183549e-03 9.4153678476709309e-03 0.0000000000000000e+00  4.6570281154625125e-03 -8.8508856823248730e-03 0.0000000000000000e+00  -2.8978773138653511e-04 -1.7880344274140002e-03 0.0000000000000000e+00  -3.8240308394542635e-02 -2.1341441160973836e-03 0.0000000000000000e+00  5.5286051968438631e-03 1.0494084445103924e-03 0.0000000000000000e+00  -1.9554332101766338e-03 -1.8652187165277168e-03 0.0000000000000000e+00  7.2762743701307465e-03 -9.6236726601336246e-03 0.0000000000000000e+00  -2.6993734916262474e-02 -1.3262222586455739e-02 0.0000000000000000e+00  5.9719599518121991e-03 -1.1115513329405997e-03 0.0000000000000000e+00  -6.7724214256117549e-03 -8.7665818793147571e-03 0.0000000000000000e+00  -3.3877481039565928e-03 -8.0332964131820585e-03 0.0000000000000000e+00  -8.2488993620391234e-05 6.7320195834185564e-04 0.0000000000000000e+00  -2.1081348872634947e-03 -9.1155206262004129e-03 0.0000000000000000e+00  -1.7557434935051594e-03 4.6553686810974209e-05 0.0000000000000000e+00  1.5572206451960546e-03 -2.6595507292330911e-04 0.0000000000000000e+00  1.6803877758003853e-03 -1.9017263849332289e-04 0.0000000000000000e+00  2.6020312160339992e-02 -1.0156714929209538e-02 0.0000000000000000e+00  7.3323598901306410e-04 -4.6358271010612541e-04 0.0000000000000000e+00  2.3921669796794320e-03 1.3293148249855140e-03 0.0000000000000000e+00  -3.5861419430382548e-03 -4.9150572134389224e-03 0.0000000000000000e+00  -4.9690615971378943e-02 -1.3642099685747667e-03 0.0000000000000000e+00  -3.4241336259917474e-02 -2.9724597337512874e-02 0.0000000000000000e+00  -4.2776689131457232e-03 -5.7312358747669536e-03 0.0000000000000000e+00  -5.0071550652316093e-03 -7.5369205251026314e-03 0.0000000000000000e+00  -6.6576885203838785e-03 -6.6206750042779611e-03 0.0000000000000000e+00  -7.4012670166274845e-03 -6.9199223322301906e-03 0.0000000000000000e+00  -1.7770600577181406e-03 5.4224275748783566e-04 0.0000000000000000e+00  1.9358930008109350e-03 1.0255371249097962e-02 0.0000000000000000e+00  -1.2954723813114771e-04 9.8735785649667557e-04 0.0000000000000000e+00  -5.9611399882087150e-04 -6.3705102947065450e-03 0.0000000000000000e+00  -4.1135109790137927e-03 -1.6033320525739938e-02 0.0000000000000000e+00  -3.6457472125690592e-04 -9.2596864291673905e-03 0.0000000000000000e+00  1.6776185652830119e-04 -9.0427026753337851e-03 0.0000000000000000e+00  4.3238666969702878e-05 -6.3271915608763577e-03 0.0000000000000000e+00  -2.6358593079756873e-04 8.5706084656605108e-04 0.0000000000000000e+00  -4.1685953388517603e-04 8.8680417608027584e-04 0.0000000000000000e+00  -9.9912089059978016e-04 6.4360155373714982e-04 0.0000000000000000e+00  -8.3900096088517537e-04 7.0243248365094125e-04 0.0000000000000000e+00  7.2030686731010154e-04 -8.3978199018180221e-03 0.0000000000000000e+00  5.7913473396820663e-06 -7.4738504204984466e-03 0.0000000000000000e+00  1.1727812567819042e-03 -7.5377643861283183e-03 0.0000000000000000e+00  -2.6456155057126053e-05 -6.3608582729325733e-04 0.0000000000000000e+00  1.1481429137686233e-03 -1.5316794798009918e-02 0.0000000000000000e+00  -3.0914483894431329e-05 2.9642263583765641e-04 0.0000000000000000e+00  -1.6001403870350237e-03 8.8069779417976439e-03 0.0000000000000000e+00  -5.8628188616038901e-04 9.1908307266681550e-03 0.0000000000000000e+00  -4.2898646682080930e-03 -6.5663553103556158e-04 0.0000000000000000e+00  -3.7868603400345304e-03 1.1046601832811114e-03 0.0000000000000000e+00  -5.2374123342132598e-03 1.2385467339782359e-03 0.0000000000000000e+00  -5.5781566929709412e-04 -5.5032343751984496e-03 0.0000000000000000e+00  -1.8372706118992678e-03 2.5846718765280602e-04 0.0000000000000000e+00  -2.9425599730255243e-03 -1.2521733325992662e-02 0.0000000000000000e+00  -2.5184036576805633e-04 -1.3849704027726695e-03 0.0000000000000000e+00  1.6813441741238930e-03 -1.1067216548954551e-02 0.0000000000000000e+00  -6.4908098513311016e-05 8.2423363328848801e-04 0.0000000000000000e+00  -1.5316624638168327e-04 8.7782640032740833e-04 0.0000000000000000e+00  -1.8676115443013006e-03 -1.0121878538055388e-03 0.0000000000000000e+00  -1.6676361888692283e-03 -3.6071349004472694e-04 0.0000000000000000e+00  -1.0725598768677057e-03 -1.4035784780335721e-03 0.0000000000000000e+00  -1.4294872915378753e-03 -1.2271772229863966e-03 0.0000000000000000e+00  -2.9032572678865831e-04 -7.1664144337035731e-04 0.0000000000000000e+00  -3.5936044450330485e-04 -9.9742464609863554e-04 0.0000000000000000e+00  -4.8410389429894051e-04 2.0802448664575070e-04 0.0000000000000000e+00  -6.4521397647854195e-02 -4.8421440457422525e-03 0.0000000000000000e+00  2.5165873694809799e-03 7.5234817913389642e-03 0.0000000000000000e+00  -6.8837585081275604e-04 -9.9680007189671552e-04 0.0000000000000000e+00  3.6137715423822459e-03 3.1568897487400521e-03 0.0000000000000000e+00  -1.4436532086701628e-04 -1.6131563521271799e-04 0.0000000000000000e+00  8.3613720167519952e-05 4.8023973254587301e-04 0.0000000000000000e+00  2.6289840334464921e-03 7.8710265791755889e-04 0.0000000000000000e+00  -2.6002399682948740e-04 2.8800966013856465e-03 0.0000000000000000e+00  6.5755868477779603e-03 -8.4167704044651754e-03 0.0000000000000000e+00  2.6898705218276718e-03 4.7035745681590875e-04 0.0000000000000000e+00  6.5736806136504899e-02 -1.2376031661354346e-04 0.0000000000000000e+00  1.4406750019299270e-02 -5.2059292297127651e-03 0.0000000000000000e+00  -1.3715990892909321e-03 2.1705606403296239e-04 0.0000000000000000e+00  1.3431247797107120e-03 6.1203376369839554e-04 0.0000000000000000e+00  -5.6723319138499628e-04 -1.3468789659461768e-04 0.0000000000000000e+00  -2.6660344641388171e-03 1.2727716288331438e-03 0.0000000000000000e+00  1.4785635073969650e-03 9.9318298747284373e-04 0.0000000000000000e+00  1.2050378869757712e-03 -9.2551999341276424e-04 0.0000000000000000e+00  2.6361759200898037e-04 -7.9512502739125576e-04 0.0000000000000000e+00  6.3218159808105820e-04 -4.3801670408008059e-04 0.0000000000000000e+00  7.0804995659734726e-03 -2.2962541922357351e-04 0.0000000000000000e+00  8.2396787092951750e-03 -1.1740772426177602e-03 0.0000000000000000e+00  3.4865860542493486e-02 4.2109451895904898e-03 0.0000000000000000e+00  3.3128623989160371e-03 9.0093380459017689e-03 0.0000000000000000e+00  1.3947493880811221e-02 -2.5949351745312801e-03 0.0000000000000000e+00  -9.5545671476504161e-03 -4.6698537237394066e-04 0.0000000000000000e+00  -1.1457943113476648e-02 -2.9122499253007293e-03 0.0000000000000000e+00  -1.4971260813816471e-02 -6.0520113032415824e-04 0.0000000000000000e+00  1.8164701919934163e-03 -2.9336060215354241e-04 0.0000000000000000e+00  8.4883245605473050e-03 -1.3312472166479714e-02 0.0000000000000000e+00  -1.4720303322092458e-03 -2.0847877149347141e-03 0.0000000000000000e+00  5.1441157163326298e-03 -2.5808672147826350e-03 0.0000000000000000e+00  -3.0310889795469938e-03 2.5166860949138148e-03 0.0000000000000000e+00  -3.6341363681260739e-03 -5.0693615617850843e-03 0.0000000000000000e+00  -5.2331797988417958e-03 -5.0645974792912912e-03 0.0000000000000000e+00  -3.9613542222405890e-03 -3.3557834623361683e-03 0.0000000000000000e+00  2.0777502427432832e-02 -1.2198960644169760e-04 0.0000000000000000e+00  -1.9934599480728936e-04 1.0738785842234341e-03 0.0000000000000000e+00  4.1463071098449798e-04 -4.5606423192719555e-04 0.0000000000000000e+00  1.6556641507811888e-03 -1.1839720652113231e-02 0.0000000000000000e+00  1.0350503243000467e-03 -1.5671897326758086e-02 0.0000000000000000e+00  -6.9008989547170094e-03 1.4001016643807812e-03 0.0000000000000000e+00  -1.2452528907030105e-02 -6.1858784997486532e-04 0.0000000000000000e+00  9.6116353778011765e-04 6.4379989675180981e-03 0.0000000000000000e+00  7.1301246009407172e-03 4.8728673794904672e-03 0.0000000000000000e+00  -1.4881311168134419e-03 6.7269915287485804e-03 0.0000000000000000e+00  1.9094145148395246e-04 -5.7403764471650709e-05 0.0000000000000000e+00  3.4318324760875733e-04 -8.6941510899852338e-05 0.0000000000000000e+00  -2.7202354591283682e-03 4.1371787006516964e-03 0.0000000000000000e+00  6.8465177398010731e-04 1.6318912379675997e-02 0.0000000000000000e+00  -4.1721405619639766e-03 7.7699859131411747e-03 0.0000000000000000e+00  9.9999999980171589e-02 0.0000000000000000e+00 0.0000000000000000e+00  6.0822477083038784e-02 -1.0269591906041425e-03 0.0000000000000000e+00  -1.0110402427073308e-02 -6.2817814182730188e-03 0.0000000000000000e+00  -1.5483729215504439e-03 2.6686958908868166e-03 0.0000000000000000e+00  -2.7972573565147102e-03 6.9125362218252547e-03 0.0000000000000000e+00  1.2591305709871007e-03 8.8733773621511999e-04 0.0000000000000000e+00  -1.2736044867991936e-03 7.1924420415453839e-04 0.0000000000000000e+00  -1.5766024788806780e-03 -1.5158416167915631e-03 0.0000000000000000e+00  6.7268281401563117e-03 6.2206126782052918e-03 0.0000000000000000e+00  7.3683072671948723e-03 6.8956719458838495e-03 0.0000000000000000e+00  -2.1322050735174060e-03 -5.0912374088358972e-04 0.0000000000000000e+00  -7.3200925292041122e-04 -4.3756180720053248e-04 0.0000000000000000e+00  -1.3208554290502377e-03 -6.3326677537837094e-04 0.0000000000000000e+00  1.6013767513324188e-06 -1.0692912098037419e-03 0.0000000000000000e+00  5.0277731412298084e-03 -2.8678530008751498e-03 0.0000000000000000e+00  3.2518530196050861e-03 -4.9476387713468985e-03 0.0000000000000000e+00  1.9836798827544536e-04 2.6331751540004675e-04 0.0000000000000000e+00  -9.9999999980171589e-02 0.0000000000000000e+00 0.0000000000000000e+00  -1.5252336652827068e-04 7.7457330671964215e-03 0.0000000000000000e+00  -1.7214131115082037e-03 7.2521659513286995e-03 0.0000000000000000e+00  -1.3032414270558337e-03 -9.9123006405935055e-04 0.0000000000000000e+00  -1.0739008104069416e-02 5.0858118834019592e-03 0.0000000000000000e+00  6.8597623837459614e-04 -1.0486832354663158e-02 0.0000000000000000e+00  1.1187961258160189e-03 -1.5148903946345187e-03 0.0000000000000000e+00  3.6004256537752982e-03 7.3055099229335403e-03 0.0000000000000000e+00  3.4906875856489630e-03 6.0970987669700469e-03 0.0000000000000000e+00  4.9290245570173339e-03 5.9347941341156459e-03 0.0000000000000000e+00  1.5027171748258017e-02 1.5133910568544880e-02 0.0000000000000000e+00  1.1023260395202680e-02 9.8653901972761120e-03 0.0000000000000000e+00  -3.5932930365424132e-03 9.2914556393864662e-03 0.0000000000000000e+00  1.3469480490003319e-04 -1.2399725602952693e-02 0.0000000000000000e+00  1.8204898342228831e-03 1.2371828954296793e-03 0.0000000000000000e+00  5.1795245521819777e-03 -4.1618008062288530e-03 0.0000000000000000e+00  -1.1998885412107370e-02 -5.5219148057537946e-04 0.0000000000000000e+00  -2.3660930537101762e-03 -7.4149835624227824e-05 0.0000000000000000e+00  -2.1275299671871563e-03 -2.1148815957638262e-04 0.0000000000000000e+00  -4.2859181205629301e-02 -1.5883065942728627e-03 0.0000000000000000e+00  -1.0316423184570553e-02 -5.9345651613465387e-03 0.0000000000000000e+00  -1.5714336051863991e-02 7.7817926279483826e-03 0.0000000000000000e+00  -1.4765002656034374e-03 2.0358157411284449e-03 0.0000000000000000e+00  5.7876620647147490e-03 -3.7444400631087000e-03 0.0000000000000000e+00  1.5952538823978536e-03 -5.9862830092305731e-03 0.0000000000000000e+00  2.3203075478334871e-03 -6.4254516832337842e-03 0.0000000000000000e+00  5.3713169524082435e-03 -4.9224755243833023e-03 0.0000000000000000e+00  5.2657129481182955e-04 -8.1853126762083638e-03 0.0000000000000000e+00  5.9565419570198778e-02 -2.0900708121843258e-02 0.0000000000000000e+00  -9.4257953697951986e-03 2.7014565953054361e-03 0.0000000000000000e+00  -1.0152693003811657e-02 -7.3210491782360490e-04 0.0000000000000000e+00  -8.2069381158975877e-04 -1.1587833592963998e-02 0.0000000000000000e+00  9.9999999980171589e-02 0.0000000000000000e+00 0.0000000000000000e+00  2.2234943830596174e-03 -1.2289363100611734e-05 0.0000000000000000e+00  2.3735581344857832e-03 -7.8838719461672740e-05 0.0000000000000000e+00  -5.9802905941035078e-03 -2.5904290993456159e-03 0.0000000000000000e+00  -4.4677281114868865e-04 7.9435770784376850e-04 0.0000000000000000e+00  6.6370174878821412e-03 4.5234016243752805e-03 0.0000000000000000e+00  -5.4925872473872150e-03 -2.7380568006907972e-02 0.0000000000000000e+00  1.8536210275108935e-03 -1.0731721270153308e-03 0.0000000000000000e+00  1.2862844303269927e-03 -1.3726621335273333e-02 0.0000000000000000e+00  -1.0487341729143899e-04 -1.4818972211487955e-03 0.0000000000000000e+00  -1.2801840085792227e-04 1.2297712778133740e-02 0.0000000000000000e+00  1.2214672280804028e-03 1.2546503013459585e-02 0.0000000000000000e+00  -7.9288304565570901e-04 1.5508977419240795e-04 0.0000000000000000e+00  -9.6715758488933046e-03 3.6078756422630795e-03 0.0000000000000000e+00  -4.5807636051927510e-04 4.2390451247465979e-03 0.0000000000000000e+00  -8.1765847204513121e-03 -7.3836475201748727e-02 0.0000000000000000e+00  3.1602983686118323e-02 -8.2695926070181346e-03 0.0000000000000000e+00  6.6902209848966501e-04 8.8298188999825344e-03 0.0000000000000000e+00  -2.9030045407970892e-03 -3.7944001302019584e-03 0.0000000000000000e+00  1.2772908247676246e-03 -5.7312959772816800e-03 0.0000000000000000e+00  1.7947964499723293e-03 3.5549774445653854e-05 0.0000000000000000e+00  1.7247028936155566e-03 1.0676493643059107e-05 0.0000000000000000e+00  6.5560420824810979e-04 3.6062852402273119e-03 0.0000000000000000e+00  -8.6688656426917509e-04 -1.8932543659866876e-03 0.0000000000000000e+00  3.1692055032977512e-03 9.7298264917652158e-03 0.0000000000000000e+00  -5.3810455711439799e-04 -5.8545470561033428e-04 0.0000000000000000e+00  -1.9678718513946453e-03 1.0337248685160394e-04 0.0000000000000000e+00  -2.1348102103745841e-03 2.9720335081086534e-04 0.0000000000000000e+00  -1.9285012555496095e-03 2.3153207619138296e-04 0.0000000000000000e+00  1.3668207281557388e-03 1.0804964218548575e-02 0.0000000000000000e+00  4.4207843427756695e-03 7.0407170940460918e-04 0.0000000000000000e+00  4.8667094881781172e-03 2.8450382898912480e-03 0.0000000000000000e+00  -6.3727427680067769e-02 8.7778902260478691e-05 0.0000000000000000e+00  -4.2129826091466503e-03 5.9280911922009053e-03 0.0000000000000000e+00  -5.4295954995496982e-03 8.3797530133019240e-03 0.0000000000000000e+00  -7.8030348448309226e-03 1.0654334429591187e-02 0.0000000000000000e+00  -4.6752228458782595e-03 9.6521036868150185e-03 0.0000000000000000e+00  -9.1005752844860358e-02 1.6667648009245667e-02 0.0000000000000000e+00  -2.6979480689596183e-03 8.2270486697120244e-03 0.0000000000000000e+00  -4.2196053960053367e-02 2.4223078809797325e-02 0.0000000000000000e+00  -1.7454259344535385e-03 -7.7126535781795984e-05 0.0000000000000000e+00  -1.9484212048376890e-03 -1.7379419692395288e-04 0.0000000000000000e+00  -1.7989412507240718e-03 3.4390744328048714e-04 0.0000000000000000e+00  -5.3206299661994062e-02 -1.3234420840845288e-04 0.0000000000000000e+00  3.2773168994136544e-03 -2.1244636254727865e-03 0.0000000000000000e+00  5.6468352986447081e-03 1.2395427334634921e-03 0.0000000000000000e+00  2.9800475563898188e-03 1.5214656781493783e-03 0.0000000000000000e+00  6.6547944019573818e-03 -5.2530278560810485e-03 0.0000000000000000e+00  -2.8505374665307049e-03 1.4165340175041876e-04 0.0000000000000000e+00  -1.6845519833277069e-03 2.6505472307093898e-04 0.0000000000000000e+00  6.3952036215041076e-04 -1.2879513557894439e-02 0.0000000000000000e+00  -3.2688680379936115e-02 1.1631218204853477e-02 0.0000000000000000e+00  1.8554174155214855e-02 -1.9143765816036298e-02 0.0000000000000000e+00  -7.7710161974259891e-04 -2.1800207849395773e-03 0.0000000000000000e+00  -1.7782590514948255e-03 -5.3809000414730664e-03 0.0000000000000000e+00  3.4732634134574071e-03 -5.7378028308807403e-03 0.0000000000000000e+00  2.1781356998195394e-03 -4.9606233515163680e-03 0.0000000000000000e+00  -9.9999999980171589e-02 0.0000000000000000e+00 0.0000000000000000e+00  -3.1650883838845296e-02 6.3257505967864282e-03 0.0000000000000000e+00  2.5953680068000460e-03 -9.8072875734694417e-03 0.0000000000000000e+00  -1.5227852271342912e-03 4.3790114462518501e-03 0.0000000000000000e+00  -1.4987774341609591e-03 5.7587715478256895e-03 0.0000000000000000e+00  -2.0546180591088639e-03 -3.7141913285897890e-03 0.0000000000000000e+00  -2.6079298699672776e-03 5.9522598465690914e-03 0.0000000000000000e+00  6.5618978302874639e-04 9.8577114716154688e-03 0.0000000000000000e+00  -7.7792849222484061e-03 -1.6439604384703637e-02 0.0000000000000000e+00  -1.7248155357028280e-03 4.4174389642430829e-04 0.0000000000000000e+00  4.6531844023925371e-03 -3.1746194146599284e-03 0.0000000000000000e+00  -5.7183913023618593e-03 -9.0565300108092061e-03 0.0000000000000000e+00  -1.8579094789386388e-03 -6.7525149041787330e-03 0.0000000000000000e+00  3.8301798673835404e-03 1.0237966443817789e-02 0.0000000000000000e+00  -2.0239668224516574e-03 -1.1749196630539381e-03 0.0000000000000000e+00  4.6633795320943527e-02 -8.3975077382700714e-04 0.0000000000000000e+00  -3.5632357057718979e-04 7.0132694945706771e-04 0.0000000000000000e+00  6.4829658284455104e-03 2.1126674280821443e-03 0.0000000000000000e+00  -2.8395236818600623e-04 1.1737134703971054e-03 0.0000000000000000e+00  1.2169857049826606e-03 4.3813456509394502e-04 0.0000000000000000e+00  1.0527433053534264e-03 1.6528059716897924e-04 0.0000000000000000e+00  8.5125812808804996e-04 4.9997804049726254e-04 0.0000000000000000e+00  3.4083053072028039e-03 1.6024660825525491e-03 0.0000000000000000e+00  2.0780122678274953e-04 1.0574447907287107e-02 0.0000000000000000e+00  2.0164800399365863e-03 -3.2931145490480225e-05 0.0000000000000000e+00  1.7673462370578426e-02 7.6438618442986953e-03 0.0000000000000000e+00  2.5453605769099178e-03 2.8355132323606520e-03 0.0000000000000000e+00  2.4194930851754812e-03 3.3117589313185181e-03 0.0000000000000000e+00  2.9811018933859654e-03 2.7150414370801716e-03 0.0000000000000000e+00  -2.5153458665012431e-03 5.2257382736879731e-04 0.0000000000000000e+00  -9.9999999980171589e-02 0.0000000000000000e+00 0.0000000000000000e+00  1.5676509825431671e-03 4.9260069717780670e-03 0.0000000000000000e+00  -7.1057208793415131e-04 1.0426045607691850e-02 0.0000000000000000e+00  -2.9458532546406259e-04 6.6705045185919522e-04 0.0000000000000000e+00  -1.6027589421830082e-03 1.4961295054005776e-03 0.0000000000000000e+00  7.9138698826160023e-02 -7.5275396715339775e-03 0.0000000000000000e+00  2.2347082839552501e-03 2.5402287791726008e-03 0.0000000000000000e+00  6.2370540788957693e-02 1.3028612553508351e-04 0.0000000000000000e+00  -7.6471167149398417e-04 9.6790958611018517e-03 0.0000000000000000e+00  1.7215141765190374e-03 7.8203808262029550e-03 0.0000000000000000e+00  3.5144767243638235e-02 1.8925281018435161e-03 0.0000000000000000e+00  6.1914389396453787e-02 -1.7422378282189735e-04 0.0000000000000000e+00  -5.3974387910779974e-03 1.3881402591506770e-03 0.0000000000000000e+00  -6.4129016756009474e-02 5.3328458038403930e-04 0.0000000000000000e+00  5.9065578739551875e-03 -6.9019231389073794e-03 0.0000000000000000e+00  2.1034088580197726e-03 6.4963512146622767e-03 0.0000000000000000e+00  -5.7580481942584701e-02 5.6758174890653601e-04 0.0000000000000000e+00  3.6904350885071290e-02 -3.6828457043087174e-03 0.0000000000000000e+00  2.3554828717111003e-03 1.0578704050028919e-03 0.0000000000000000e+00  -2.3772020923363639e-03 -6.4181346296982873e-03 0.0000000000000000e+00  -5.0494852291140899e-03 -6.1300066302303448e-03 0.0000000000000000e+00  -6.1474343125200543e-03 -5.3881389082392596e-03 0.0000000000000000e+00  -1.1644006941215413e-02 -1.2530227403723710e-02 0.0000000000000000e+00  -9.8706170321768462e-04 -9.3800600829383497e-03 0.0000000000000000e+00  -1.4492827171378145e-03 -9.9789551486752261e-03 0.0000000000000000e+00  -1.9468802964412470e-03 -9.3417127633167504e-03 0.0000000000000000e+00  -6.7681019746998619e-03 9.5144967239865069e-03 0.0000000000000000e+00  -3.3069901689196956e-03 9.6364704756599570e-03 0.0000000000000000e+00  -4.5400918206397450e-03 7.8717350120043276e-03 0.0000000000000000e+00  -4.6743263802365002e-04 -4.2207378813944657e-03 0.0000000000000000e+00  1.2713821357882629e-03 -3.0846513546137107e-03 0.0000000000000000e+00  -5.2065148416120611e-03 -3.3938069412462403e-03 0.0000000000000000e+00  5.4596962918433320e-05 -4.0839132355286530e-04 0.0000000000000000e+00  -5.3646346235433379e-02 2.9939240529217335e-04 0.0000000000000000e+00  1.3620875327169215e-03 -1.0524739598181341e-02 0.0000000000000000e+00  7.4319088416035866e-04 -9.7127514939796284e-03 0.0000000000000000e+00  9.0119798970445714e-06 -1.1000836156702337e-02 0.0000000000000000e+00  -4.6047593088641425e-03 -7.0704252513503476e-03 0.0000000000000000e+00  4.7265403219563275e-03 8.7133834685651293e-03 0.0000000000000000e+00  -7.7120002911172203e-04 4.0177291733241196e-04 0.0000000000000000e+00  1.0058903676592606e-03 8.8901604090728288e-03 0.0000000000000000e+00  6.1914753032488385e-03 8.7330097101347339e-03 0.0000000000000000e+00  -9.5771135878644567e-03 -1.2790937891369225e-04 0.0000000000000000e+00  -7.9186692788288347e-03 1.1536302233361327e-04 0.0000000000000000e+00  -7.8389246929313500e-03 -2.0253375198334422e-03 0.0000000000000000e+00  1.1915960185713015e-03 -1.8924954235234536e-03 0.0000000000000000e+00  1.0764883251978472e-03 5.3607868190050948e-03 0.0000000000000000e+00  -6.9144172477480159e-04 -4.6214046934944867e-04 0.0000000000000000e+00  1.2403036598708888e-04 -4.6985537737418651e-04 0.0000000000000000e+00  -3.6126372652035985e-02 1.8264309836097180e-02 0.0000000000000000e+00  -9.9495304351653619e-03 1.9860662756161194e-02 0.0000000000000000e+00  6.2860130473656031e-02 -4.6085440409432462e-03 0.0000000000000000e+00  7.7144588656946804e-03 1.0075551257619018e-02 0.0000000000000000e+00  5.0011230070919404e-03 -5.2224518691627723e-04 0.0000000000000000e+00  1.8558492223990294e-02 8.5037314418289801e-03 0.0000000000000000e+00  -7.5157005972947078e-03 1.3816403660363468e-02 0.0000000000000000e+00  -2.5029068848130448e-04 7.7492436177613951e-04 0.0000000000000000e+00  -8.6537424708117289e-03 1.0233878336570129e-02 0.0000000000000000e+00  3.7202681171212872e-03 1.7399808601800512e-03 0.0000000000000000e+00  -9.5786528592673736e-05 -1.6280364336976898e-03 0.0000000000000000e+00  -8.4020145924869200e-03 -4.5964718077761311e-03 0.0000000000000000e+00  2.0808577184444657e-06 1.6437433463959089e-03 0.0000000000000000e+00  3.2040047917674397e-03 4.8137208499176316e-03 0.0000000000000000e+00  5.4856366521473731e-04 9.0933698708397098e-03 0.0000000000000000e+00  -5.6110904900975112e-03 -6.2982097289885524e-04 0.0000000000000000e+00  -3.1561558413104609e-03 3.4349037447596056e-04 0.0000000000000000e+00  7.1736530955238977e-04 -1.7364670272395049e-04 0.0000000000000000e+00  -4.9431769868798821e-03 2.5660478038785884e-03 0.0000000000000000e+00  2.7019834074320178e-02 1.2694009667428910e-02 0.0000000000000000e+00  1.3824566760602180e-03 1.6204278399871192e-04 0.0000000000000000e+00  -7.6534253312931914e-04 -1.0618057859475906e-02 0.0000000000000000e+00  1.3135652467381369e-03 -9.2668092440716392e-04 0.0000000000000000e+00  2.8720937322008921e-02 -1.7982419089654384e-03 0.0000000000000000e+00  -1.3283497320320170e-04 -5.4081522416142851e-04 0.0000000000000000e+00  -1.1237686646392094e-03 3.3792157431183125e-04 0.0000000000000000e+00  -1.2111929616268158e-03 3.3467342310408032e-04 0.0000000000000000e+00  1.9209889389698673e-03 -1.1838507834975522e-04 0.0000000000000000e+00  1.7976194586832850e-03 -9.0511889757954739e-03 0.0000000000000000e+00  1.6069688667478270e-03 -8.4441128600709536e-05 0.0000000000000000e+00  -1.6753160279197330e-03 -5.0843909278641023e-05 0.0000000000000000e+00  2.2811758312456386e-03 2.1673295140387766e-04 0.0000000000000000e+00  -7.0437285500899597e-03 6.2542732119615259e-03 0.0000000000000000e+00  -7.9242903498823788e-03 5.1048729037732176e-03 0.0000000000000000e+00  -5.5055707091002815e-03 5.2228238080068348e-03 0.0000000000000000e+00  -8.3563403712451370e-02 -4.3129346216122201e-03 0.0000000000000000e+00  3.6580369924352988e-04 -8.7991260944328114e-03 0.0000000000000000e+00  7.7868930422197585e-03 2.4184017997538137e-03 0.0000000000000000e+00  -1.4965599633740534e-03 7.1583980581876977e-05 0.0000000000000000e+00  1.0493809637654686e-03 5.3065889452777876e-03 0.0000000000000000e+00  2.8019420031846569e-04 -3.3225536152393042e-04 0.0000000000000000e+00  6.9678061100323984e-05 -1.9137861303686993e-04 0.0000000000000000e+00  2.0578807398945877e-03 -3.5608016089072004e-03 0.0000000000000000e+00  -2.2502169760632981e-03 -8.1326993328196704e-04 0.0000000000000000e+00  4.5329611311007243e-03 2.8496146216092210e-03 0.0000000000000000e+00  9.9999999980171589e-02 0.0000000000000000e+00 0.0000000000000000e+00  9.8858172689324708e-04 1.1017969136032585e-02 0.0000000000000000e+00  6.1219864293135294e-03 7.7782801855568193e-03 0.0000000000000000e+00  5.0019530966203931e-03 7.1843662305664012e-03 0.0000000000000000e+00  3.8161362180152330e-03 -7.7023245643310497e-03 0.0000000000000000e+00  -1.7495259221747856e-03 -1.1336374459324416e-04 0.0000000000000000e+00  -8.9979293649061840e-04 -8.1150582738548707e-03 0.0000000000000000e+00  -1.0707475143924632e-03 -1.2985543481007920e-02 0.0000000000000000e+00  7.3819648117533730e-04 -1.3455620800773512e-03 0.0000000000000000e+00  1.9567841942457671e-03 7.3251172743285997e-03 0.0000000000000000e+00  4.2468768038775966e-03 -1.4922747605448639e-03 0.0000000000000000e+00  -3.5835222720885188e-03 -2.0158122094259656e-02 0.0000000000000000e+00  -1.6071244818570075e-02 -2.1331532799973470e-02 0.0000000000000000e+00  -3.7224682112390823e-03 -2.6168119312330999e-03 0.0000000000000000e+00  -4.4544944436612282e-03 -2.8566128015871349e-03 0.0000000000000000e+00  -5.3459273858475834e-03 -3.8067613697463161e-03 0.0000000000000000e+00  2.0319886106761427e-03 1.2375109521034100e-03 0.0000000000000000e+00  2.1688978102358471e-03 2.8767200755413819e-04 0.0000000000000000e+00  5.7754061769419787e-03 2.8257099548691686e-03 0.0000000000000000e+00  5.1764020551490156e-03 4.6770467132402297e-03 0.0000000000000000e+00  -2.1245202101879603e-02 -1.1799558086500118e-02 0.0000000000000000e+00  -4.8119034993239409e-04 5.6582668350103091e-04 0.0000000000000000e+00  1.9256729887271377e-03 9.6234894191880044e-03 0.0000000000000000e+00  1.4124808974314471e-03 -5.0933780380139394e-04 0.0000000000000000e+00  -2.2298352387466300e-03 1.3615183003736410e-03 0.0000000000000000e+00  5.7544662644655645e-02 -1.0976426095947071e-04 0.0000000000000000e+00  -2.6455868038088248e-02 -8.8347111431262768e-03 0.0000000000000000e+00  7.9262958712523826e-03 -4.0510379306627391e-03 0.0000000000000000e+00  1.1414219203923148e-03 -7.0397228647792872e-03 0.0000000000000000e+00  -2.0127501447065564e-03 7.0623280100118736e-04 0.0000000000000000e+00  -1.5694429002849190e-03 1.7542765672842319e-03 0.0000000000000000e+00  1.7807703623352598e-04 1.2021150868935335e-03 0.0000000000000000e+00  -4.4372439196790226e-03 2.1080711389631506e-02 0.0000000000000000e+00  -4.6097046829752302e-03 7.0096743591641910e-03 0.0000000000000000e+00  -8.4172981149015311e-03 -9.8744768833236903e-03 0.0000000000000000e+00  -3.5561936953069413e-04 -6.5917687660067056e-04 0.0000000000000000e+00  5.7763162877358812e-03 1.0769690547115008e-02 0.0000000000000000e+00  -4.9022066090839461e-04 -1.7341744631773858e-04 0.0000000000000000e+00  1.6386887380333916e-02 -3.9801395183184171e-04 0.0000000000000000e+00  1.9549517662259385e-03 6.5718319511164666e-04 0.0000000000000000e+00  -2.7190484224471276e-02 -2.1234670985663738e-03 0.0000000000000000e+00  1.6518790525080007e-03 -5.7745577409414560e-04 0.0000000000000000e+00  -1.8379406820783501e-03 -1.4332121788342997e-03 0.0000000000000000e+00  2.2695678698881061e-03 -9.4226935850720485e-04 0.0000000000000000e+00  2.9279581037021931e-03 -1.2506485554330529e-03 0.0000000000000000e+00  2.4908246584171016e-03 -6.5408932154269813e-04 0.0000000000000000e+00  3.7545658050220951e-03 -2.8047168005612730e-02 0.0000000000000000e+00  1.7878284734231258e-03 -2.0739350867056247e-03 0.0000000000000000e+00  -3.2610357131193837e-03 4.6363720783250354e-03 0.0000000000000000e+00  9.9999999980171589e-02 0.0000000000000000e+00 0.0000000000000000e+00  -1.0023188977384946e-02 6.4038226801089535e-03 0.0000000000000000e+00  -5.1709229430749286e-03 -9.2783238337537221e-03 0.0000000000000000e+00  -1.0596536744763222e-02 4.3252917682424742e-03 0.0000000000000000e+00  -1.5193262026453695e-03 1.3066500738323630e-02 0.0000000000000000e+00  1.7697430651137342e-02 1.5431385509219181e-02 0.0000000000000000e+00  2.1082345742311106e-03 1.5560658561920571e-02 0.0000000000000000e+00  -1.3421617555145699e-03 9.9629950006139569e-04 0.0000000000000000e+00  2.4721111048908641e-03 9.9204920836467331e-03 0.0000000000000000e+00  -1.7547451675248634e-03 -3.0228040750967787e-03 0.0000000000000000e+00  1.7919609400599895e-03 1.1152846789329928e-04 0.0000000000000000e+00  3.8658027104203574e-05 9.0931650012451050e-03 0.0000000000000000e+00  -6.5131913288433230e-03 7.4366818402585430e-03 0.0000000000000000e+00  -2.8663864583007687e-03 2.2794225694397017e-03 0.0000000000000000e+00  -1.2666714768543434e-04 6.2567365743738793e-04 0.0000000000000000e+00  -2.2236042033877787e-04 5.8045465320465312e-04 0.0000000000000000e+00  2.6266716297731201e-03 -4.1720141936991045e-04 0.0000000000000000e+00  2.5581369028769589e-03 -7.9880754106436997e-04 0.0000000000000000e+00  1.8043988179946252e-03 7.9425482311677193e-03 0.0000000000000000e+00  2.1492150916137894e-03 6.8963163544725212e-04 0.0000000000000000e+00  3.0612653578000158e-02 5.7992353045296548e-03 0.0000000000000000e+00  -9.0713656258700542e-04 2.4700128098378064e-03 0.0000000000000000e+00  -9.9999999980171589e-02 0.0000000000000000e+00 0.0000000000000000e+00  -7.7287340955473922e-03 1.4949593638022476e-03 0.0000000000000000e+00  -2.3979514056377839e-03 2.0220767762515589e-04 0.0000000000000000e+00  2.3870447636649946e-03 5.0359520250588662e-03 0.0000000000000000e+00  3.4461449102453455e-05 9.5051776539118295e-04 0.0000000000000000e+00  6.8585641409535996e-03 8.0495349382979555e-03 0.0000000000000000e+00  -2.5718148484022902e-03 -1.1307665811245770e-02 0.0000000000000000e+00  -2.6723200404469875e-03 -9.9121914979163357e-03 0.0000000000000000e+00  -3.4557329491260221e-03 -1.0517623600487002e-02 0.0000000000000000e+00  5.8251643099745606e-03 -1.0465122326613147e-02 0.0000000000000000e+00  5.5634152405658480e-03 5.1362657140974774e-03 0.0000000000000000e+00  -1.9432875418808958e-03 9.4251125823897365e-03 0.0000000000000000e+00  -1.3321766903987738e-03 2.0531748963397200e-03 0.0000000000000000e+00  -1.0911309026757333e-03 6.7438114792220828e-03 0.0000000000000000e+00  -5.4611159823397329e-03 1.0980060899610348e-02 0.0000000000000000e+00  -6.9091603376296024e-03 1.0797681687794141e-02 0.0000000000000000e+00  -6.2452327515253973e-03 8.7237037563211179e-03 0.0000000000000000e+00  -4.0496132160805314e-04 3.4881259356614033e-03 0.0000000000000000e+00  -4.9828083328722376e-04 8.3415127914513859e-03 0.0000000000000000e+00  4.6365915353557786e-04 -2.9883277988999083e-03 0.0000000000000000e+00  -3.6462686943067230e-03 5.1087195107272585e-03 0.0000000000000000e+00  -1.4903203200494052e-03 -8.0441219177086222e-03 0.0000000000000000e+00  -6.5006539648049186e-03 -1.2695342650162695e-02 0.0000000000000000e+00  -6.2527457822103300e-04 -1.0272870330275883e-03 0.0000000000000000e+00  3.3430553839589347e-03 -2.7494407870901584e-03 0.0000000000000000e+00  2.5747957704858140e-03 -2.4515078759839307e-03 0.0000000000000000e+00  8.0858912883608469e-03 -3.4082155176420139e-03 0.0000000000000000e+00  8.2705459472806903e-03 -4.6752717520481581e-03 0.0000000000000000e+00  6.2079960663971650e-03 8.4940715378570709e-04 0.0000000000000000e+00  2.5353984983606383e-03 -1.6907581444087281e-03 0.0000000000000000e+00  3.5229153175727178e-03 -2.3265495288659647e-03 0.0000000000000000e+00  -8.1215593268524984e-04 1.9853775537221420e-04 0.0000000000000000e+00  1.1018694286302458e-03 8.5434138189016857e-03 0.0000000000000000e+00  -1.9933703512413190e-03 -5.9726066972150531e-03 0.0000000000000000e+00  3.8595538643983397e-03 2.4475537896703856e-04 0.0000000000000000e+00  2.9465785582712687e-03 -4.7796886826532064e-03 0.0000000000000000e+00  -2.8287310639064753e-03 9.3019932879945147e-04 0.0000000000000000e+00  -6.4080467224714097e-03 -1.1337846405215570e-02 0.0000000000000000e+00  1.7547902329587022e-03 5.8208376333505516e-04 0.0000000000000000e+00  1.8365470441290290e-04 -5.5540465935709855e-04 0.0000000000000000e+00  6.5764307248586864e-03 8.5672122778739979e-04 0.0000000000000000e+00  1.7591770418906336e-02 -6.9558429230494505e-03 0.0000000000000000e+00  1.2541427024184326e-03 2.4195581421259998e-03 0.0000000000000000e+00  1.2862772741936200e-04 -1.0954749765177060e-02 0.0000000000000000e+00  -4.0901292749966029e-04 -1.0575667670106323e-02 0.0000000000000000e+00  -3.8616010349586138e-04 -6.0755407622057125e-04 0.0000000000000000e+00  -4.8292175682327102e-03 5.7086972468501250e-03 0.0000000000000000e+00  -3.4991374834311994e-03 1.3773897464866116e-03 0.0000000000000000e+00  7.0702849566086226e-03 -1.0730078338813086e-02 0.0000000000000000e+00  1.7471923524057418e-03 -7.4420862378628072e-03 0.0000000000000000e+00  2.8125821756828911e-03 -1.0558469350033847e-02 0.0000000000000000e+00  -5.6583358172586167e-04 3.1675080770078847e-03 0.0000000000000000e+00  -8.8285235194824428e-03 -3.9615962903908480e-03 0.0000000000000000e+00  1.0586308252214434e-02 1.3797937630221684e-02 0.0000000000000000e+00  -7.4678910182425099e-03 -1.6454714200143824e-02 0.0000000000000000e+00  2.9724266438003989e-04 -4.2791704997793828e-04 0.0000000000000000e+00  -6.2570796742837179e-03 1.5998814873110691e-02 0.0000000000000000e+00  -2.6624404806842999e-02 3.3323045574341079e-03 0.0000000000000000e+00  5.3249040695863448e-02 -1.3117795961778741e-03 0.0000000000000000e+00  1.1976149346758129e-03 -3.7366718244103043e-03 0.0000000000000000e+00  1.2102650817609770e-03 -1.1789354245625380e-03 0.0000000000000000e+00  -1.0693016367874372e-03 6.3199200039020216e-03 0.0000000000000000e+00  -3.4790667842161354e-03 5.4004277144168835e-03 0.0000000000000000e+00  -4.8688746194419343e-04 5.0882402964749964e-03 0.0000000000000000e+00  4.5812323703533523e-03 -1.9606959393889588e-02 0.0000000000000000e+00  9.6969158632171093e-03 -1.9286936558265574e-02 0.0000000000000000e+00  -1.3735105436637706e-02 1.6808483446691912e-02 0.0000000000000000e+00  5.5748699891089368e-02 3.4337768850272068e-03 0.0000000000000000e+00  -7.9127849309867989e-03 1.1975359394500416e-02 0.0000000000000000e+00  -5.5466056243306801e-04 1.7057524313329213e-04 0.0000000000000000e+00  2.6951301699617435e-03 -2.1358916873592346e-03 0.0000000000000000e+00  1.8937048926194471e-03 2.0641071187704497e-04 0.0000000000000000e+00  -5.1023223335957294e-03 7.3501459477983509e-03 0.0000000000000000e+00  4.2175952963464719e-03 1.4524166398246282e-03 0.0000000000000000e+00  9.1526086907655069e-03 5.4326024388462960e-03 0.0000000000000000e+00  1.1648777273923376e-02 5.3877936967386920e-03 0.0000000000000000e+00  -2.6581809869237294e-03 -2.9582208796857033e-03 0.0000000000000000e+00  -1.8105058328469290e-02 1.1181535042806571e-03 0.0000000000000000e+00  1.3517089861812058e-04 4.6128274972431765e-04 0.0000000000000000e+00  8.2033993648607370e-04 9.9033615243924577e-04 0.0000000000000000e+00  -1.5012169011776996e-03 1.8540331645534026e-04 0.0000000000000000e+00  3.0083391741175529e-03 -1.1829288704032314e-02 0.0000000000000000e+00  4.1378796417668286e-03 -1.4332391060131336e-03 0.0000000000000000e+00  -3.1514162276577370e-02 -2.0711641994607555e-03 0.0000000000000000e+00  6.2122500209439095e-02 1.8559004123638438e-03 0.0000000000000000e+00  -6.2602075053860915e-04 -9.0466071945437595e-03 0.0000000000000000e+00  1.7269536835912401e-03 -8.5550270303066476e-03 0.0000000000000000e+00  6.3993975637813864e-03 -6.1659554291572877e-03 0.0000000000000000e+00  6.0438427307002454e-02 -3.2758127256687653e-04 0.0000000000000000e+00  -3.0781052789357305e-02 6.0725668960637386e-03 0.0000000000000000e+00  1.8490352854047936e-04 -1.7004406708774464e-03 0.0000000000000000e+00  1.9239483156557955e-03 1.4821657486610760e-04 0.0000000000000000e+00  2.0800626918126069e-03 1.2727367473205952e-04 0.0000000000000000e+00  1.8937753116214150e-03 7.4747389148775806e-05 0.0000000000000000e+00  2.0256390056697464e-03 2.7760859745366834e-04 0.0000000000000000e+00  1.9797506580543855e-03 1.6266701102463484e-04 0.0000000000000000e+00  6.2050674303766368e-04 6.5697372419071618e-03 0.0000000000000000e+00  6.2056593997593910e-04 2.2924890630188917e-03 0.0000000000000000e+00  3.0583735227756188e-05 3.3675800645992472e-03 0.0000000000000000e+00  -1.0972082250548945e-03 1.5448483981809127e-04 0.0000000000000000e+00  -1.1969592132326993e-03 1.3638908099936634e-04 0.0000000000000000e+00  3.2748567253854887e-03 2.8315434984546594e-04 0.0000000000000000e+00  -2.8431934584258441e-03 -5.3172672892657022e-03 0.0000000000000000e+00  -2.7940434070486647e-03 -4.4837498013790373e-03 0.0000000000000000e+00  9.3620720689030007e-05 3.3148151350824751e-05 0.0000000000000000e+00  2.7691995386079316e-05 -1.1545762146261385e-04 0.0000000000000000e+00  -9.8274872849888831e-05 -2.7412627966668687e-05 0.0000000000000000e+00  -1.8862903688394437e-03 5.0238785474478768e-03 0.0000000000000000e+00  -2.5477837769683162e-03 4.0645306194527810e-03 0.0000000000000000e+00  7.2691031074677837e-03 -6.2620779491869417e-04 0.0000000000000000e+00  -1.8327739098026534e-02 1.4433672255550010e-02 0.0000000000000000e+00  1.9055792565986108e-03 -9.7016439730806640e-03 0.0000000000000000e+00  1.4340990026887120e-03 -2.4453131422834580e-04 0.0000000000000000e+00  -2.9852328556279496e-04 5.4674520574615618e-03 0.0000000000000000e+00  -2.1121203483603769e-03 7.4219950691185171e-03 0.0000000000000000e+00  -1.7162898939317209e-03 7.5496658653453669e-04 0.0000000000000000e+00  -2.8243855872755047e-03 7.0274629703396066e-04 0.0000000000000000e+00  -3.2368370858979621e-03 4.9723310187376835e-04 0.0000000000000000e+00  4.2652501616622981e-03 -6.4896489166562006e-04 0.0000000000000000e+00  3.8596353140657523e-03 -1.8683251868723131e-03 0.0000000000000000e+00  4.8234608441963221e-03 -2.2142317394829914e-03 0.0000000000000000e+00  -1.4372563277538287e-03 1.0483297184051218e-02 0.0000000000000000e+00  -8.9029168312907737e-04 1.5355186139113592e-04 0.0000000000000000e+00  9.6426683877058009e-04 -1.8339721845203580e-04 0.0000000000000000e+00  -1.9839181038045031e-03 4.9354834039010949e-03 0.0000000000000000e+00  -1.1853449822896811e-03 -7.2233347179384403e-04 0.0000000000000000e+00  2.1491147654104279e-03 4.5199043178779116e-04 0.0000000000000000e+00  1.3711361958691678e-02 -4.5520352118820287e-03 0.0000000000000000e+00  -3.8840516795470466e-02 -1.5450506470568832e-03 0.0000000000000000e+00  -3.7064362639326601e-04 -1.0978856179575126e-02 0.0000000000000000e+00  6.8578605613500284e-03 -6.0272812540375677e-03 0.0000000000000000e+00  5.8233895212649774e-03 -7.2968582062058664e-03 0.0000000000000000e+00  5.2367700277287576e-03 -5.7197758954586784e-03 0.0000000000000000e+00  3.4529002628383024e-03 -1.1978805252504918e-02 0.0000000000000000e+00  -2.4175256368261745e-04 2.3424170371669982e-04 0.0000000000000000e+00  6.7534608625438716e-03 -1.9359043933269830e-03 0.0000000000000000e+00  -8.5612973041024158e-03 -1.2744820091115756e-03 0.0000000000000000e+00  1.3778873062960102e-03 1.3100103635451208e-03 0.0000000000000000e+00  1.0958277246834391e-03 1.2013898756094716e-03 0.0000000000000000e+00  1.0346465257482927e-03 1.6183681695426562e-03 0.0000000000000000e+00  1.4255061414774166e-03 2.0500623793634969e-02 0.0000000000000000e+00  -7.0424750967322397e-02 -1.5531417598328248e-04 0.0000000000000000e+00  -6.9836341101294527e-04 1.2465039420619117e-03 0.0000000000000000e+00  -1.0062334885699061e-03 1.9978806828141167e-04 0.0000000000000000e+00  3.3465360624262068e-03 -3.0171671227673755e-03 0.0000000000000000e+00  3.0597949848553412e-03 -1.7269172408759833e-03 0.0000000000000000e+00  -3.5084328016425923e-03 1.9292895414771215e-02 0.0000000000000000e+00  -1.5916445263069257e-03 1.1054782128781075e-02 0.0000000000000000e+00  -2.6867445229104284e-02 2.2283035728976341e-02 0.0000000000000000e+00  4.5416399229747551e-02 1.9992497238422529e-03 0.0000000000000000e+00  -1.1480664910542961e-03 -2.6746390926665523e-03 0.0000000000000000e+00  -1.4487801539185357e-03 -1.1520074374937732e-04 0.0000000000000000e+00  -1.7927414209979913e-03 6.6945068547634846e-04 0.0000000000000000e+00  5.6302095772309507e-04 7.3711091758363171e-04 0.0000000000000000e+00  -7.1903276939922183e-04 -1.0819393795128286e-02 0.0000000000000000e+00  -3.4285566742071217e-03 -3.6454636038751407e-03 0.0000000000000000e+00  1.6569036055654842e-03 7.0444786725043019e-04 0.0000000000000000e+00  -5.7242938020117175e-03 3.4207839289160918e-03 0.0000000000000000e+00  -7.6795255753732998e-03 1.0320746695593571e-02 0.0000000000000000e+00  8.2409413010396965e-03 2.9671144433858227e-03 0.0000000000000000e+00  6.5133168193825803e-04 8.9474123297149082e-03 0.0000000000000000e+00  2.3378308759683260e-03 8.4173310349579117e-03 0.0000000000000000e+00  -4.6866073494874613e-03 1.1434388664452897e-02 0.0000000000000000e+00  3.8040862031672061e-03 1.1584386434153838e-02 0.0000000000000000e+00  -1.2032686758165325e-04 1.2817243539068088e-02 0.0000000000000000e+00  6.7367321397892380e-03 -9.5317509617136118e-03 0.0000000000000000e+00  -4.5723957109513539e-04 3.1186742887177318e-04 0.0000000000000000e+00  -8.0075802732643662e-03 2.5362870296008630e-02 0.0000000000000000e+00  2.8022136230065864e-04 1.0928662626540998e-02 0.0000000000000000e+00  -3.3266357259263165e-03 6.8402045500744269e-03 0.0000000000000000e+00  2.5375869240531748e-03 -7.0167460488031125e-03 0.0000000000000000e+00  5.6433659828790872e-03 3.7949872697775177e-03 0.0000000000000000e+00  6.8980481570886411e-03 3.6767417040666417e-03 0.0000000000000000e+00  6.8280347753902253e-03 5.3528389151761505e-03 0.0000000000000000e+00  2.9614759709927101e-02 -1.8154866267262486e-03 0.0000000000000000e+00  -4.0605683395642843e-03 3.0505686215363250e-03 0.0000000000000000e+00  -5.6217503762423637e-03 3.7900219949893567e-03 0.0000000000000000e+00  -4.5668720577326022e-03 1.8483971916542605e-03 0.0000000000000000e+00  -7.0823278737907362e-03 6.6217434293518356e-03 0.0000000000000000e+00  -4.0472097086832652e-03 4.4941679557011365e-04 0.0000000000000000e+00  -4.7120504193148673e-03 6.7257449346699155e-04 0.0000000000000000e+00  -4.9496026204463419e-03 1.2646182836670282e-02 0.0000000000000000e+00  1.3265120950272607e-02 8.3589025708337081e-03 0.0000000000000000e+00  -2.3501782107749757e-03 1.0944612909162418e-02 0.0000000000000000e+00  -3.6970942523556058e-03 1.0808534322041001e-02 0.0000000000000000e+00  -3.4418822657931300e-03 9.6278311314287272e-03 0.0000000000000000e+00  3.2476565582114781e-03 -3.6901579609946607e-04 0.0000000000000000e+00  2.9732403980960538e-03 -1.2872994672705156e-02 0.0000000000000000e+00  5.4009431798058812e-03 -8.4665769889750205e-04 0.0000000000000000e+00  6.1505047972213647e-03 -3.5308318380953104e-04 0.0000000000000000e+00  6.0303030670840838e-03 4.6016841667068853e-03 0.0000000000000000e+00  -4.7284736420984338e-02 7.5000680267235205e-03 0.0000000000000000e+00  -5.2305241116873520e-02 3.7299364544393209e-03 0.0000000000000000e+00  -4.8432597384432285e-02 4.1162443382393304e-03 0.0000000000000000e+00  -3.9946762097942151e-02 6.9037226560557836e-03 0.0000000000000000e+00  8.0948997334254582e-04 9.1302834816221080e-03 0.0000000000000000e+00  -3.9587190557127151e-04 -6.7367847284697765e-04 0.0000000000000000e+00  -3.5805276187900761e-02 -8.2041446195995141e-03 0.0000000000000000e+00  -5.6678945352127792e-03 -6.9509465860355096e-03 0.0000000000000000e+00  -5.0324131363110756e-03 -6.5306358810817448e-03 0.0000000000000000e+00  8.4782963912527942e-04 -8.2909825636116458e-03 0.0000000000000000e+00  1.2336379476882419e-04 -7.5879673929655379e-03 0.0000000000000000e+00  4.9714865789730559e-03 -3.9181781112995126e-03 0.0000000000000000e+00  1.2917387572219283e-03 -4.3249839994780152e-03 0.0000000000000000e+00  4.8995073029604883e-03 -7.6189922271060005e-03 0.0000000000000000e+00  5.2588749949945010e-03 -8.9779565224031282e-03 0.0000000000000000e+00  3.5974499770312605e-03 -8.1078857118687935e-03 0.0000000000000000e+00  4.1651839835113742e-03 -6.7130065398496993e-03 0.0000000000000000e+00  4.0285062359001296e-03 -9.0861051090636441e-03 0.0000000000000000e+00  5.3628036142054553e-02 -4.8338129772454447e-04 0.0000000000000000e+00  -1.7707904560644735e-04 1.0485040962161558e-02 0.0000000000000000e+00  2.1835492462740684e-04 -5.7627634535120219e-04 0.0000000000000000e+00  -2.2158424610282078e-04 -8.9833824096903026e-04 0.0000000000000000e+00  -1.3231590475457197e-03 3.5551116644387268e-03 0.0000000000000000e+00  3.2556994635779034e-03 -5.6153626776037887e-03 0.0000000000000000e+00  6.0549292492934970e-03 6.4698604769445776e-03 0.0000000000000000e+00  4.7044074497274796e-02 1.5994624217314107e-03 0.0000000000000000e+00  1.6952538518052281e-02 1.2732126596524485e-03 0.0000000000000000e+00  1.3917686270268289e-02 -8.8015037282784109e-04 0.0000000000000000e+00  -8.8856748065943795e-03 7.9788216099390178e-04 0.0000000000000000e+00  -3.9200019074312802e-02 2.8624292579337465e-03 0.0000000000000000e+00  5.8270586122056434e-02 -1.3098205183333182e-04 0.0000000000000000e+00  1.4899406933596543e-02 2.9029543060660842e-02 0.0000000000000000e+00  -7.4996297706551515e-03 3.1556214707056239e-02 0.0000000000000000e+00  -5.9414101572496806e-04 -9.5707921571477146e-04 0.0000000000000000e+00  1.9459619262389443e-04 1.1779763915667388e-02 0.0000000000000000e+00  -2.0321249039335419e-03 1.1926182396843945e-02 0.0000000000000000e+00  -1.2277878093647141e-03 1.3012351697918555e-02 0.0000000000000000e+00  -2.5401432718097977e-03 1.3995928236213701e-02 0.0000000000000000e+00  1.1880188373865779e-03 -3.1394923358247962e-03 0.0000000000000000e+00  -5.2839146701026945e-04 1.2430058609714970e-02 0.0000000000000000e+00  2.7461047652440332e-03 1.9107735017493831e-03 0.0000000000000000e+00  -6.7748572774838686e-04 -1.7197685939469404e-03 0.0000000000000000e+00  2.8961622796698923e-04 -1.9103043343610831e-03 0.0000000000000000e+00  8.3788577875561036e-04 -1.2273017297538696e-03 0.0000000000000000e+00  2.4520407599128709e-03 -2.4623749535288209e-04 0.0000000000000000e+00  4.3575807553336409e-03 -4.5757284713504971e-03 0.0000000000000000e+00  4.5638394944375023e-03 -3.1492963121021208e-03 0.0000000000000000e+00  -8.6263836033415129e-05 -7.8241938217841729e-04 0.0000000000000000e+00  -4.2267137519377829e-03 -1.1513044848776096e-02 0.0000000000000000e+00  4.5989510927946405e-04 3.8964212231659416e-03 0.0000000000000000e+00  -3.7782028577304136e-03 2.3882811809738838e-03 0.0000000000000000e+00  -6.9328289558362303e-04 9.1553763010444704e-04 0.0000000000000000e+00  1.5181862387768705e-02 -6.1593091055628362e-03 0.0000000000000000e+00  9.7998026553463386e-05 -5.6778408776670308e-04 0.0000000000000000e+00  1.9892753138694048e-03 3.3989172582787903e-03 0.0000000000000000e+00  -2.1526112133841151e-03 -1.7407474454311954e-03 0.0000000000000000e+00  -9.6565797072297257e-04 1.4213425952308777e-03 0.0000000000000000e+00  -5.9355560511560287e-04 1.3514932229163720e-03 0.0000000000000000e+00  -1.4233915261596388e-03 1.3594299255769990e-03 0.0000000000000000e+00  -3.5544113669377223e-03 -1.2707958924900919e-03 0.0000000000000000e+00  2.4876274572873734e-03 6.0896137453456103e-05 0.0000000000000000e+00  2.6833309123688491e-03 1.1038727404704900e-04 0.0000000000000000e+00  -5.9256356258886589e-03 -3.4897819136829155e-04 0.0000000000000000e+00  -4.5212859616522352e-03 -1.9437853254610487e-03 0.0000000000000000e+00  -6.0202912402090572e-03 -1.9209451055123810e-03 0.0000000000000000e+00  5.2302403374687632e-02 -5.6106196878083282e-05 0.0000000000000000e+00  -5.9466207194526230e-03 -5.7262996701232909e-03 0.0000000000000000e+00  -1.8226697846059979e-03 -8.0353450134971311e-05 0.0000000000000000e+00  1.0427397211482852e-03 -3.7654243559320468e-04 0.0000000000000000e+00  1.6404337638794512e-03 2.4608569229347667e-04 0.0000000000000000e+00  1.2609657681417661e-03 -1.4757858915537144e-03 0.0000000000000000e+00  -8.6886358956648979e-02 3.3528642151082330e-03 0.0000000000000000e+00  -6.1341478203253124e-04 1.2177155837878142e-03 0.0000000000000000e+00  2.7770771221749908e-03 4.1078994063888747e-03 0.0000000000000000e+00  -4.4034204901934157e-04 4.9621655597709374e-04 0.0000000000000000e+00  3.5894882138058897e-03 1.8091517718047180e-03 0.0000000000000000e+00  -1.5820363574003244e-03 -2.6398226986528735e-04 0.0000000000000000e+00  3.8805504459805897e-03 -3.3852165668328289e-04 0.0000000000000000e+00  3.2946738243576114e-03 1.1765308208950600e-02 0.0000000000000000e+00  5.3968975317558818e-03 1.0951155054319161e-02 0.0000000000000000e+00  -1.9151953712580657e-03 3.1464021406251833e-03 0.0000000000000000e+00  -1.1258681718231242e-03 8.3145675937821954e-04 0.0000000000000000e+00  -3.4261815124268125e-02 -7.8004001777700363e-05 0.0000000000000000e+00  -9.6288627775804176e-04 5.1079810436509873e-04 0.0000000000000000e+00  -6.3815799302182557e-06 6.2928923850368262e-04 0.0000000000000000e+00  -3.0122690190482570e-05 5.2967720446488208e-04 0.0000000000000000e+00  -1.1546794203403680e-03 2.1101683555582512e-04 0.0000000000000000e+00  -5.3991069928112660e-04 4.1456420945913062e-04 0.0000000000000000e+00  -5.6735247793148966e-04 5.5762701735053897e-04 0.0000000000000000e+00  6.8670888808135982e-05 -5.1422422509772451e-04 0.0000000000000000e+00  -4.1192857491185236e-03 2.5102882061934727e-03 0.0000000000000000e+00  4.2350124938251386e-03 -1.0392221108990705e-02 0.0000000000000000e+00  -5.5288312756008103e-02 6.0243550875958157e-04 0.0000000000000000e+00  -3.2905800661174327e-03 7.9181720438100053e-03 0.0000000000000000e+00  -1.8250860902134746e-03 -3.0555318541184481e-04 0.0000000000000000e+00  -2.8356469251970140e-04 -2.0516894824809048e-03 0.0000000000000000e+00  3.3080646443887641e-04 -2.4076738662451506e-04 0.0000000000000000e+00  5.5358089533142241e-04 8.8172699253977003e-03 0.0000000000000000e+00  2.8994885689021428e-03 -1.5684959832670597e-04 0.0000000000000000e+00  -5.4721502290531222e-03 -1.3225005480335811e-02 0.0000000000000000e+00  -1.1775661772960681e-03 1.4898335290697805e-03 0.0000000000000000e+00  -1.1279110756915243e-03 -6.7786950956611330e-03 0.0000000000000000e+00  4.0817571094030348e-05 7.3409327609469551e-04 0.0000000000000000e+00  -4.9435571540400950e-04 -1.0716250843495759e-02 0.0000000000000000e+00  -5.2040387920531039e-03 -2.3918589840609102e-03 0.0000000000000000e+00  8.2289075224704921e-05 -3.4247062861488366e-04 0.0000000000000000e+00  -2.7336272057199855e-03 -2.5939532865249806e-04 0.0000000000000000e+00  -5.8245674725007429e-04 9.3219257039351972e-04 0.0000000000000000e+00  3.0932260599607971e-04 9.1423645126229112e-03 0.0000000000000000e+00  4.5942596708186561e-04 8.8173200651563144e-03 0.0000000000000000e+00  -4.4783297314539535e-03 4.0382606055979859e-03 0.0000000000000000e+00  3.3228334261996124e-02 -1.6529283420586204e-02 0.0000000000000000e+00  5.9768591947591196e-02 -1.2175271455442423e-02 0.0000000000000000e+00  3.5778525197285575e-02 -1.3917681383353078e-02 0.0000000000000000e+00  5.5659419756346655e-03 -1.8260462944783564e-03 0.0000000000000000e+00  7.5397951782956948e-04 -9.5370380204296034e-04 0.0000000000000000e+00  5.2952890359315617e-04 -1.0213514833015758e-03 0.0000000000000000e+00  -5.6637830165214370e-02 1.4825358780158480e-02 0.0000000000000000e+00  4.4187318322805856e-04 -2.0089582929457797e-02 0.0000000000000000e+00  -5.5112806474147500e-04 -8.7262205284484289e-03 0.0000000000000000e+00  -1.7579967576927212e-03 -4.9818375153104582e-05 0.0000000000000000e+00  -1.8717332161506854e-03 3.0274221758144282e-08 0.0000000000000000e+00  2.3279943050936737e-03 -1.8731874592711429e-03 0.0000000000000000e+00  -1.0021487223625684e-03 1.1573582397185485e-02 0.0000000000000000e+00  -3.5103083047569267e-04 -9.5350787857821444e-04 0.0000000000000000e+00  -4.5731417275847027e-03 -3.5026978088370259e-03 0.0000000000000000e+00  4.9046548766288230e-03 1.9205606558865640e-03 0.0000000000000000e+00  3.9387834316507112e-03 2.3950489678253107e-03 0.0000000000000000e+00  2.9050208958524362e-04 9.6455042852828365e-03 0.0000000000000000e+00  -6.7779550107619846e-05 8.4129900344299194e-03 0.0000000000000000e+00  1.7941425578700918e-03 2.8452750585020756e-04 0.0000000000000000e+00  -9.0618451379968572e-04 1.6198338438379877e-02 0.0000000000000000e+00  3.6505077530841438e-05 -2.0543492700781594e-04 0.0000000000000000e+00  4.6915117445704590e-05 -1.9125600002478397e-04 0.0000000000000000e+00  6.2940065955701438e-04 1.5133683509247582e-03 0.0000000000000000e+00  2.3915670492760223e-03 -5.3421118882696818e-03 0.0000000000000000e+00  -3.3322806982498274e-04 5.9909703930905518e-04 0.0000000000000000e+00  -1.2321337667861745e-03 2.3908293293398736e-04 0.0000000000000000e+00  -9.0922083985822272e-03 -1.2022369481297219e-02 0.0000000000000000e+00  1.3959713096831771e-03 -6.9044584040338564e-05 0.0000000000000000e+00  3.6849911021757027e-03 -4.3674983835184219e-03 0.0000000000000000e+00  4.8306063864961661e-03 -4.4402636331939086e-03 0.0000000000000000e+00  -2.3156524263336466e-04 9.1205060433586257e-04 0.0000000000000000e+00  -7.6916840003587485e-04 1.3315283564170602e-04 0.0000000000000000e+00  -1.7278689330908949e-02 -2.0852024705822456e-02 0.0000000000000000e+00  -7.7681293408983099e-03 2.1687146583461532e-03 0.0000000000000000e+00  -5.9461822512152408e-03 6.4563265184702854e-04 0.0000000000000000e+00  -7.4440440663519260e-03 2.7640431911798985e-04 0.0000000000000000e+00  -6.0409229267758893e-03 1.9620705501757567e-03 0.0000000000000000e+00  -2.7744279462992363e-03 -5.9320333136048337e-03 0.0000000000000000e+00  1.6665348608290347e-03 6.4212425118607853e-03 0.0000000000000000e+00  -3.6401764064862005e-04 1.0782743715896249e-03 0.0000000000000000e+00  -4.8905757694342250e-04 1.0944598571443888e-03 0.0000000000000000e+00  1.6416449184347842e-03 -5.1927239174940415e-03 0.0000000000000000e+00  -7.6571263327482276e-03 -3.7972219537981550e-03 0.0000000000000000e+00  -4.6263661924974605e-03 -2.7618023137788526e-02 0.0000000000000000e+00  1.4203392543443310e-02 1.0334914408303341e-02 0.0000000000000000e+00  -5.9620260170797721e-03 1.4363722102228955e-03 0.0000000000000000e+00  -2.2894044149091717e-02 -1.3612987183215032e-02 0.0000000000000000e+00  -9.8235039385922325e-03 -2.0364943453036386e-02 0.0000000000000000e+00  -1.6771679128162388e-02 -1.7164943670208276e-02 0.0000000000000000e+00  -7.3028043616045618e-02 1.8947806734356618e-02 0.0000000000000000e+00  -5.8836653402673619e-05 -1.3307612435629495e-03 0.0000000000000000e+00  -2.7659806771946580e-04 -2.8080167116807371e-04 0.0000000000000000e+00  -1.9642753052112355e-04 -3.8582338421921930e-04 0.0000000000000000e+00  -6.3598462496618541e-05 -3.2654146801270722e-04 0.0000000000000000e+00  -1.2205710942365851e-03 5.8108262919265156e-04 0.0000000000000000e+00  5.3219440207712132e-04 -5.3201216546227897e-04 0.0000000000000000e+00  -1.6895843627886490e-03 -7.7144202593866778e-05 0.0000000000000000e+00  2.6839624235125924e-03 -2.6224203389084047e-03 0.0000000000000000e+00  2.4269396207501737e-02 2.6663329437395314e-03 0.0000000000000000e+00  6.5793143774036029e-04 7.9050708681045710e-03 0.0000000000000000e+00  2.8597038540633340e-04 8.1678279617181573e-03 0.0000000000000000e+00  -7.7639810262932472e-04 -2.5054609296951834e-03 0.0000000000000000e+00  -5.5300467981789173e-03 -1.0727718571920179e-02 0.0000000000000000e+00  -3.4486759343067000e-04 9.5552560083245642e-04 0.0000000000000000e+00  -6.4358694467505570e-02 1.8491880866016754e-02 0.0000000000000000e+00  -7.6183782360593531e-04 1.7298325872892881e-03 0.0000000000000000e+00  -3.5918948805219929e-04 -9.4951406811970684e-03 0.0000000000000000e+00  -1.2953640137229779e-04 -1.0018768362439435e-02 0.0000000000000000e+00  2.7240611895211226e-03 -6.3214885123611267e-03 0.0000000000000000e+00  -1.4923570137072163e-03 -1.5734796694681859e-02 0.0000000000000000e+00  -7.5853858024687131e-03 4.0573516472458418e-03 0.0000000000000000e+00  1.0905059497849649e-03 -7.3405954967048015e-04 0.0000000000000000e+00  -1.8498194326862067e-03 1.8974873393289739e-04 0.0000000000000000e+00  4.0545526790220707e-02 1.1055611861787869e-03 0.0000000000000000e+00  1.3440972136833260e-04 -5.2981262590648588e-04 0.0000000000000000e+00  -1.6206928027071021e-03 3.2834178891379562e-03 0.0000000000000000e+00  -3.7617148533408408e-04 1.6919135538340669e-02 0.0000000000000000e+00  -6.2668687012220489e-02 2.3456107890044823e-04 0.0000000000000000e+00  -4.2401447763793848e-03 -9.9888327980249660e-04 0.0000000000000000e+00  5.5971238266323596e-03 -7.8955597431457428e-03 0.0000000000000000e+00  -3.3681402408707151e-02 5.5580513202764460e-04 0.0000000000000000e+00  -6.6516601352070567e-03 -1.1593770310929232e-03 0.0000000000000000e+00  1.5711888797979325e-02 2.3852301277353816e-03 0.0000000000000000e+00  -4.9106669883346660e-03 -8.2799933967004271e-03 0.0000000000000000e+00  -1.2851046388665116e-03 -1.4777923707574232e-03 0.0000000000000000e+00  1.4609430468403020e-03 -1.3884582843965785e-04 0.0000000000000000e+00  1.2598773101173836e-03 -1.2398201591696422e-04 0.0000000000000000e+00  6.2414006304843098e-04 1.2916467585937777e-04 0.0000000000000000e+00  -8.9038879875840294e-03 1.0282187260191330e-02 0.0000000000000000e+00  -8.8210916256229472e-03 -1.6373928834440665e-02 0.0000000000000000e+00  -2.3006420783487150e-02 -1.2709544511105389e-02 0.0000000000000000e+00  -2.0123344269122562e-02 -1.0138839643045043e-02 0.0000000000000000e+00  2.8275811295213251e-03 -8.2443958934612979e-03 0.0000000000000000e+00  4.2511369872063696e-03 -1.3680684921718049e-04 0.0000000000000000e+00  1.9503182981226550e-03 4.0071021100227750e-03 0.0000000000000000e+00  1.2402922775567669e-03 3.7320095846694193e-03 0.0000000000000000e+00  -1.7776789132094540e-03 3.1300149422613130e-04 0.0000000000000000e+00  9.5701369460974477e-04 1.3671352916896588e-03 0.0000000000000000e+00  2.4174008232194944e-03 -6.3534770381200936e-03 0.0000000000000000e+00  -5.9772640356700233e-04 7.2174710746236920e-04 0.0000000000000000e+00  -1.0535519094383888e-02 2.4365020199888371e-03 0.0000000000000000e+00  -3.8282956264786014e-03 -3.2216911803005049e-04 0.0000000000000000e+00  3.3260718673090955e-03 -2.5913402609686197e-03 0.0000000000000000e+00  -2.1741852316051538e-03 -1.3353444769558305e-03 0.0000000000000000e+00  -1.9536252297963934e-03 -6.6002646268349685e-04 0.0000000000000000e+00  9.3503503087159802e-03 5.1514491595809099e-04 0.0000000000000000e+00  -1.3814036398139820e-03 7.6528675614696388e-03 0.0000000000000000e+00  4.9686081938145527e-04 -7.8425369889787962e-04 0.0000000000000000e+00  -9.6815726484888374e-05 -1.1369827133381868e-03 0.0000000000000000e+00  2.1810786840094679e-03 -7.0153814841454967e-04 0.0000000000000000e+00  -2.8128080637350575e-04 7.4634105648395291e-04 0.0000000000000000e+00  -1.1341653833244600e-02 -4.2601703297897279e-04 0.0000000000000000e+00  9.9509124417468592e-02 6.9167906152512565e-04 0.0000000000000000e+00  4.3310669034927508e-02 2.7247732151725679e-03 0.0000000000000000e+00  8.3069132496855613e-03 7.2847182965240175e-04 0.0000000000000000e+00  1.0089183659155475e-01 1.1641488302211607e-03 0.0000000000000000e+00  -1.1860034393270855e-02 -7.3862645409168443e-03 0.0000000000000000e+00  -1.1821597686799998e-02 -1.0969572728657919e-02 0.0000000000000000e+00  1.3216148536036603e-02 -2.6499468339291118e-03 0.0000000000000000e+00  4.1094278171188527e-02 -5.3356381101884129e-05 0.0000000000000000e+00  -1.0571899250387726e-03 -1.0466164223161614e-03 0.0000000000000000e+00  -9.7763598609388748e-05 -6.5372826969255443e-04 0.0000000000000000e+00  -8.1891071143469635e-03 -2.1008009364337898e-03 0.0000000000000000e+00  -1.0231359012272581e-03 -7.2668161474410426e-03 0.0000000000000000e+00  -8.0050020122573377e-04 -8.7679818763065700e-05 0.0000000000000000e+00  -1.0045951200538319e-03 -1.9799757667320590e-04 0.0000000000000000e+00  -1.0373706572234958e-03 8.4300421641629684e-03 0.0000000000000000e+00  -2.1486394506665688e-04 1.2867605090596905e-03 0.0000000000000000e+00  2.2793784291829736e-04 1.0699186951326897e-03 0.0000000000000000e+00  1.3601895316665063e-04 -2.0286227703929916e-04 0.0000000000000000e+00  4.1711334106629720e-03 4.3201687142634783e-03 0.0000000000000000e+00  -7.9152841487345696e-05 1.4007361655010390e-03 0.0000000000000000e+00  9.9999999980171589e-02 0.0000000000000000e+00 0.0000000000000000e+00  -1.2671951122608248e-03 4.5808495456302274e-04 0.0000000000000000e+00  -1.0845305291782212e-03 4.2089728868673602e-04 0.0000000000000000e+00  6.7173307560716385e-04 1.0676096479364731e-02 0.0000000000000000e+00  6.8537616978215418e-04 -4.7688341547270389e-03 0.0000000000000000e+00  -1.4051209636897309e-02 6.2919395717541127e-03 0.0000000000000000e+00  -1.5613987880636919e-02 2.1627636495906298e-03 0.0000000000000000e+00  2.7621624494015870e-03 -7.8749285322415406e-03 0.0000000000000000e+00  -7.2279426087730329e-04 -8.0334172935705354e-04 0.0000000000000000e+00  4.6292767995354770e-04 -6.1840262545210048e-04 0.0000000000000000e+00  -3.2559791543600499e-03 1.2601749183395076e-02 0.0000000000000000e+00  1.8033978685320008e-02 -4.2977782765123342e-03 0.0000000000000000e+00  1.0196458314315063e-03 5.7988926276720469e-04 0.0000000000000000e+00  -1.9800613255919360e-02 8.8954091926813431e-03 0.0000000000000000e+00  -3.1940013854796577e-02 5.0628528718445849e-03 0.0000000000000000e+00  -2.9816283128515994e-04 1.0714522745786235e-02 0.0000000000000000e+00  1.7866060077021250e-04 8.8947017625088222e-04 0.0000000000000000e+00  -5.8611519038352594e-03 5.8179815903400215e-03 0.0000000000000000e+00  -6.8170339935421899e-05 7.2439030393728132e-05 0.0000000000000000e+00  2.5046755999759088e-03 -1.3096342586634063e-03 0.0000000000000000e+00  9.6363160926951005e-03 -8.0486694797371541e-03 0.0000000000000000e+00  2.0481436372729717e-02 -8.4181329069934006e-03 0.0000000000000000e+00  1.6205765319246244e-02 -6.9907000506571910e-03 0.0000000000000000e+00  9.9999999980171589e-02 0.0000000000000000e+00 0.0000000000000000e+00  5.6985399475539232e-02 -1.2456148652782432e-04 0.0000000000000000e+00  -2.8049288801479779e-03 -7.2093368888846961e-03 0.0000000000000000e+00  8.6744569384441606e-04 9.8943949424289811e-03 0.0000000000000000e+00  9.1860173222166233e-04 9.5050950056128521e-03 0.0000000000000000e+00  1.3896128180094175e-03 9.9852347690946117e-03 0.0000000000000000e+00  1.8935241115045125e-02 -4.3726553343138982e-03 0.0000000000000000e+00  -1.7946422099194081e-04 7.6354276826736615e-04 0.0000000000000000e+00  -9.6957475861336785e-05 7.0020095428529174e-04 0.0000000000000000e+00  -2.4630937218769007e-03 8.4619908331479057e-03 0.0000000000000000e+00  1.4469039518922913e-02 -4.3066461040981137e-03 0.0000000000000000e+00  -3.4395704868982896e-04 1.1219006110888783e-02 0.0000000000000000e+00  3.0932748930196106e-04 -5.2544053970227144e-04 0.0000000000000000e+00  8.7593867630235867e-04 -2.1478047894571257e-03 0.0000000000000000e+00  -1.5560300815826741e-03 -8.5753792813476990e-04 0.0000000000000000e+00  -4.8453426312208196e-04 9.9839691453147276e-06 0.0000000000000000e+00  -9.9533960003861475e-04 1.5440315972894334e-02 0.0000000000000000e+00  1.2446458047484920e-03 1.1500011537807156e-02 0.0000000000000000e+00  -2.6031287720768145e-03 7.8713946093223375e-04 0.0000000000000000e+00  2.8706397521544879e-03 -2.4430800327083935e-03 0.0000000000000000e+00  2.9841954454751158e-03 2.2931139908096269e-03 0.0000000000000000e+00  -5.2847031065132776e-04 2.4944993676711234e-03 0.0000000000000000e+00  9.9999999980171589e-02 0.0000000000000000e+00 0.0000000000000000e+00  -1.8132310253231162e-03 -1.1505411528825346e-02 0.0000000000000000e+00  -8.9379658235225516e-04 -1.1186430641055910e-02 0.0000000000000000e+00  -2.4277917745519958e-03 9.8113177956186517e-05 0.0000000000000000e+00  -6.6701145591858468e-02 1.9784032048771535e-02 0.0000000000000000e+00  -2.1086389193246730e-05 2.7935123304555246e-05 0.0000000000000000e+00  -2.5521436529622244e-03 2.0502271809306554e-03 0.0000000000000000e+00  -1.8590583182554134e-03 2.2071030744440071e-03 0.0000000000000000e+00  -2.2880543156082751e-03 5.5889639894327213e-03 0.0000000000000000e+00  -4.6654978600939824e-03 -9.9353425194084136e-03 0.0000000000000000e+00  -1.2179428472176119e-03 -5.5290588923322141e-03 0.0000000000000000e+00  8.9187730876838175e-04 -4.1862800256029523e-04 0.0000000000000000e+00  1.7867772631748413e-03 2.7639606301773419e-03 0.0000000000000000e+00  1.7106361332140082e-03 2.2079144654231623e-03 0.0000000000000000e+00  1.1867479254523928e-02 1.7988714015120932e-04 0.0000000000000000e+00  -2.3646580849697157e-03 -1.1944394293547707e-04 0.0000000000000000e+00  1.0471325990007946e-03 -1.0224089532020491e-02 0.0000000000000000e+00  4.1244282064385747e-02 -6.9111967265588067e-04 0.0000000000000000e+00  7.4531076180166925e-02 -1.0365198883445129e-02 0.0000000000000000e+00  6.5225721350163329e-02 -4.3494839726160636e-03 0.0000000000000000e+00  3.4089655701581194e-03 -2.1322354219536197e-03 0.0000000000000000e+00  -7.5439700120175819e-03 4.1232286676386887e-03 0.0000000000000000e+00  -9.3983470777964980e-03 1.4706152674541690e-02 0.0000000000000000e+00  -5.5259499288670016e-04 9.8370520965992275e-04 0.0000000000000000e+00  6.2965307693491130e-06 -5.7330762488810481e-04 0.0000000000000000e+00  -2.1188100112400145e-05 -4.3455827510240471e-04 0.0000000000000000e+00  -1.0655535198238024e-03 -1.0409670803790606e-02 0.0000000000000000e+00  -8.9225703476693394e-04 -1.0271674067559494e-02 0.0000000000000000e+00  7.5246908891105246e-02 -2.0855590137832557e-04 0.0000000000000000e+00  -2.7492773041877553e-03 -2.8620008848950261e-03 0.0000000000000000e+00  -2.0632399685464485e-03 -3.5925713691168353e-03 0.0000000000000000e+00  -8.5720805349046546e-03 -1.0426289431332156e-02 0.0000000000000000e+00  -1.0097186890971419e-03 -7.9520351091122189e-03 0.0000000000000000e+00  -6.2821010336615135e-02 -7.5006614055400699e-04 0.0000000000000000e+00  -6.0084985704157351e-02 -1.7816779284974131e-04 0.0000000000000000e+00  -8.6403118720520169e-05 4.6156505327067535e-04 0.0000000000000000e+00  1.5647925362888278e-03 -4.0204836386700078e-04 0.0000000000000000e+00  8.0107434221543343e-04 2.0034959645316664e-03 0.0000000000000000e+00  8.2974591056310160e-05 -5.5094569223623465e-04 0.0000000000000000e+00  -4.9704778560732653e-02 -1.7312336242680782e-03 0.0000000000000000e+00  2.8299826332754848e-02 -2.9406785679401961e-03 0.0000000000000000e+00  2.2527944333455975e-03 -1.5783688566093874e-02 0.0000000000000000e+00  -1.0990973938068409e-03 -5.8162229504496133e-03 0.0000000000000000e+00  -1.8660273793770622e-03 -6.9197009111199026e-03 0.0000000000000000e+00  -3.8576040144427696e-03 -1.1333656352975286e-05 0.0000000000000000e+00  2.2057251253155361e-03 -9.5145808732896766e-03 0.0000000000000000e+00  -4.2507370135281795e-03 -7.7788822673282489e-03 0.0000000000000000e+00  9.9999999980171589e-02 0.0000000000000000e+00 0.0000000000000000e+00  -7.1812954493361891e-02 1.1681610037365545e-02 0.0000000000000000e+00  6.2454440325406972e-02 -1.0696436904850100e-02 0.0000000000000000e+00  2.6915471831908035e-02 -1.2142724319497027e-03 0.0000000000000000e+00  1.3587115735529761e-02 2.1752047715748505e-03 0.0000000000000000e+00  -2.4831587046675934e-03 -6.5679755886134455e-04 0.0000000000000000e+00  1.8660763308018706e-03 -3.6533796735532913e-03 0.0000000000000000e+00  7.0618871110265447e-04 2.4712230086121182e-03 0.0000000000000000e+00  3.0027921368369458e-04 2.2865725455318304e-03 0.0000000000000000e+00  -3.0080124450336239e-04 4.0772388071228161e-04 0.0000000000000000e+00  -1.7942448883782253e-03 -1.2689496371808660e-02 0.0000000000000000e+00  1.2901232661682955e-03 2.7388560358957447e-03 0.0000000000000000e+00  2.1822316738880783e-03 -3.5830060138822539e-04 0.0000000000000000e+00  -1.6857072355167546e-03 -1.0655219829286901e-03 0.0000000000000000e+00  -1.5189939026962992e-03 7.0728431531690754e-04 0.0000000000000000e+00  4.2646123169516022e-03 3.7600835515387843e-02 0.0000000000000000e+00  -3.2399250951938941e-04 7.5337531641800207e-04 0.0000000000000000e+00  -1.6705199003268600e-03 -6.5495402412520389e-05 0.0000000000000000e+00  1.9393690878223631e-03 8.5767394027241764e-05 0.0000000000000000e+00  -2.0210492358858742e-03 3.9513127759074532e-04 0.0000000000000000e+00  1.2327224079044688e-03 -1.1358806605217015e-04 0.0000000000000000e+00  -7.9371080779848027e-03 1.3752660958872758e-03 0.0000000000000000e+00  -1.6183864133021697e-03 -5.8501441378656831e-03 0.0000000000000000e+00  -2.9101059966062021e-03 9.6438802394728258e-03 0.0000000000000000e+00  -1.4859632257111343e-03 5.4233045828490725e-04 0.0000000000000000e+00  -4.2497944613449667e-04 -3.3501331741815350e-04 0.0000000000000000e+00  1.0025798674356550e-03 -4.4858085754455904e-04 0.0000000000000000e+00  -1.6072125123573250e-03 4.0999407723150971e-03 0.0000000000000000e+00  -2.6635410177906133e-03 5.7640802146579680e-03 0.0000000000000000e+00  -3.4717299158814573e-03 -6.4534425923686578e-03 0.0000000000000000e+00  -3.2688560501878676e-02 -4.6790249650758104e-03 0.0000000000000000e+00  -6.9060438035190149e-04 -8.9346045771392796e-03 0.0000000000000000e+00  3.3866279963580101e-03 -1.0767820065643327e-02 0.0000000000000000e+00  8.4060449583367169e-03 -6.8519003721271914e-04 0.0000000000000000e+00  8.1757589679335666e-03 -1.1225097327512148e-03 0.0000000000000000e+00  8.9787416844950545e-03 8.2502999930849817e-04 0.0000000000000000e+00  -1.6100761559510784e-03 -2.7417631202909160e-05 0.0000000000000000e+00  4.6824758776108192e-04 -6.7888674992409119e-05 0.0000000000000000e+00  -3.6055456677787048e-02 -1.4118643031721641e-02 0.0000000000000000e+00  -3.0770845577573818e-04 -1.5432320220205336e-02 0.0000000000000000e+00  4.3212183517889435e-04 -1.4473661839646976e-02 0.0000000000000000e+00  2.9085744263602413e-04 -1.0873425869397004e-03 0.0000000000000000e+00  -2.6405476655750802e-02 9.5321071377694490e-05 0.0000000000000000e+00  -1.6631718087345683e-02 1.7975430608889269e-02 0.0000000000000000e+00  -3.3146742661817282e-03 1.6398842286271545e-02 0.0000000000000000e+00  9.9999999980171589e-02 0.0000000000000000e+00 0.0000000000000000e+00  -1.4893946647400779e-03 1.5762254001489234e-03 0.0000000000000000e+00  -1.5884956765151803e-03 -1.6618056272460924e-04 0.0000000000000000e+00  -1.1978555534803438e-02 -1.9934174500988752e-03 0.0000000000000000e+00  1.4445844188511595e-03 -8.0016062508079296e-03 0.0000000000000000e+00  4.4638943902179529e-03 7.5241841115166325e-03 0.0000000000000000e+00  3.8253319394312708e-02 3.2680712180474928e-03 0.0000000000000000e+00  2.3235696307959052e-03 -1.3900657510205090e-02 0.0000000000000000e+00  2.3289576642894329e-03 -6.8162739513706421e-04 0.0000000000000000e+00  -1.9775748345894173e-03 2.8325870122841208e-04 0.0000000000000000e+00  -6.7448750936843719e-03 -9.6829164488676824e-03 0.0000000000000000e+00  5.8741736591516013e-03 8.3563127005093045e-03 0.0000000000000000e+00  2.9354843229071953e-03 9.1603141321453946e-03 0.0000000000000000e+00  4.6051675421302134e-03 9.7944959632418980e-03 0.0000000000000000e+00  5.2441401694720306e-03 6.4886769538270040e-03 0.0000000000000000e+00  3.7148821385808721e-03 8.4605017476668837e-03 0.0000000000000000e+00  9.8036042968887745e-03 -6.9431330698380882e-03 0.0000000000000000e+00  6.0211096930481885e-03 -4.1014163564037313e-03 0.0000000000000000e+00  2.2071851038234274e-04 -1.5658873953435899e-03 0.0000000000000000e+00  6.8282720732932609e-02 -1.6897057009620242e-02 0.0000000000000000e+00  9.0076223833281382e-04 -6.1984311916306464e-04 0.0000000000000000e+00  7.2181582966135665e-04 -7.1202579218709004e-04 0.0000000000000000e+00  2.9831981137242508e-03 -1.7762107801190272e-03 0.0000000000000000e+00  -3.5861441141788874e-04 -2.6023544399030891e-03 0.0000000000000000e+00  -1.2349857322333140e-03 -7.4835905680778589e-04 0.0000000000000000e+00  3.4840374279086046e-02 -2.6987914052687186e-03 0.0000000000000000e+00  8.1798713518288282e-03 4.2936764657059406e-03 0.0000000000000000e+00  -5.1253641561679296e-03 -5.2869598869793068e-03 0.0000000000000000e+00  -1.7878270640582800e-02 5.8206154871838067e-04 0.0000000000000000e+00  2.8432612155226441e-03 1.2461762323714106e-03 0.0000000000000000e+00  1.8600463631265468e-03 4.9716755865991247e-05 0.0000000000000000e+00  -3.0395879341511362e-04 -4.7940886894065366e-04 0.0000000000000000e+00  3.7837719474794304e-03 8.4267693004973863e-03 0.0000000000000000e+00  -8.0389317606175531e-04 5.9192341629452669e-04 0.0000000000000000e+00  8.5431533815235293e-03 -1.0900727383532430e-02 0.0000000000000000e+00  4.7637890983746287e-04 4.8263432303456595e-03 0.0000000000000000e+00  6.7042969801839412e-04 8.1377777701418001e-04 0.0000000000000000e+00  -1.3587910482345867e-03 -1.7944644337465811e-03 0.0000000000000000e+00  -1.1166393078175852e-03 -1.7090000993673525e-03 0.0000000000000000e+00  -7.3610239413432661e-04 8.9425830467271244e-03 0.0000000000000000e+00  -1.6989914010541278e-03 8.8235821252992104e-04 0.0000000000000000e+00  -4.8085342203802957e-02 1.3223832007475667e-03 0.0000000000000000e+00  -2.6086343716771078e-03 2.2228977336249994e-02 0.0000000000000000e+00  3.0219533851255634e-03 4.2876648850412498e-04 0.0000000000000000e+00  1.6982736817026461e-03 4.7305065521019787e-04 0.0000000000000000e+00  -6.6192925387274261e-03 -1.0884892876459498e-03 0.0000000000000000e+00  1.4643614074293579e-02 4.7416672927402996e-03 0.0000000000000000e+00  1.7389103793147381e-02 8.7006276830127894e-03 0.0000000000000000e+00  -7.5456351393478024e-04 7.5306409007815241e-04 0.0000000000000000e+00  -7.5352957780229065e-03 3.7463640699100880e-03 0.0000000000000000e+00  3.0178620637963068e-04 -7.5259872814174150e-04 0.0000000000000000e+00  -9.8155880633518568e-04 1.1270175924638294e-03 0.0000000000000000e+00  -1.2150973238591186e-03 -4.9633050498507298e-04 0.0000000000000000e+00  -1.7140701634666988e-03 -6.6700314109248562e-05 0.0000000000000000e+00  -4.9139382963376398e-03 -4.7315542611187355e-04 0.0000000000000000e+00  -1.0224029687528503e-01 -1.8915843867982438e-03 0.0000000000000000e+00  2.8232580063718127e-03 9.2392901742439329e-04 0.0000000000000000e+00  -7.6327179406036330e-04 -1.0635445809769779e-02 0.0000000000000000e+00  -7.8106554872024378e-03 1.6265806226391823e-02 0.0000000000000000e+00  -6.0972203421133776e-02 9.4225398988220839e-05 0.0000000000000000e+00  -1.5591433565340308e-03 4.4195505363010254e-04 0.0000000000000000e+00  1.7019538688753523e-03 -1.3666769843207849e-03 0.0000000000000000e+00  -9.9065683320832213e-04 1.1665392947821267e-03 0.0000000000000000e+00  4.0486521815837687e-02 -6.0904502532041355e-03 0.0000000000000000e+00  -2.2295208140033439e-03 3.1230017503439669e-03 0.0000000000000000e+00  -1.4937416109335085e-03 5.1197768012646470e-03 0.0000000000000000e+00  4.9201702783153349e-03 -1.1889949086598678e-02 0.0000000000000000e+00  1.1787954118389237e-02 -8.7656222683570352e-03 0.0000000000000000e+00  3.2373391258586450e-04 3.4984539920497187e-03 0.0000000000000000e+00  7.3143201033864082e-04 1.0372967634584651e-02 0.0000000000000000e+00  -2.8613274118306285e-03 -2.2519104260996631e-03 0.0000000000000000e+00  -1.2643824289994207e-03 2.6827668823374631e-03 0.0000000000000000e+00  -3.4280202431846533e-04 -6.6846748743973718e-04 0.0000000000000000e+00  5.2897394310481048e-05 -5.3012302567818124e-05 0.0000000000000000e+00  4.3752375321716962e-03 1.3940996110987513e-02 0.0000000000000000e+00  2.6467003326606130e-02 -2.3447108030883040e-02 0.0000000000000000e+00  2.7025072023161814e-03 1.1359800661629683e-02 0.0000000000000000e+00  -2.0526150467754033e-03 -2.3686324625580603e-03 0.0000000000000000e+00  -1.6986064759302122e-03 -2.6832624066384534e-03 0.0000000000000000e+00  -2.1353246520051310e-03 -3.0851725962966472e-03 0.0000000000000000e+00  1.9244012984662702e-03 1.1422756969300807e-02 0.0000000000000000e+00  3.1585029283005564e-02 5.4754334783820989e-04 0.0000000000000000e+00  5.5364441381963912e-02 1.8677532439053627e-02 0.0000000000000000e+00  -1.5857026078564627e-03 -5.7909353899599761e-04 0.0000000000000000e+00  -1.3445474065410302e-03 -4.9841390386914854e-04 0.0000000000000000e+00  -5.8915663654085168e-02 1.0094883640671315e-03 0.0000000000000000e+00  2.7807891936701707e-03 -5.6618632417194488e-03 0.0000000000000000e+00  5.3046755689371220e-04 1.2061663762569200e-03 0.0000000000000000e+00  -4.5504688314405295e-03 1.3308374098767070e-02 0.0000000000000000e+00  -1.6097719611765678e-04 -4.3193029086599543e-04 0.0000000000000000e+00  -1.2297503545257324e-04 -1.2241914007908942e-02 0.0000000000000000e+00  -4.5892649625765071e-04 -1.1378852632524536e-02 0.0000000000000000e+00  1.7562775847478374e-04 -1.1664016679791084e-02 0.0000000000000000e+00  2.0318761440233451e-03 4.3250484950667833e-05 0.0000000000000000e+00  -1.2450651297329412e-03 7.5781654911585871e-05 0.0000000000000000e+00  1.6031437566028702e-03 -7.9901181332022928e-04 0.0000000000000000e+00  2.1995628690900239e-03 1.4899403694114404e-03 0.0000000000000000e+00  4.1489332134104296e-03 -3.8854711771722770e-03 0.0000000000000000e+00  1.2857251982804226e-03 -2.2899581881380719e-04 0.0000000000000000e+00  -2.3954952814525253e-04 9.9732571348103822e-04 0.0000000000000000e+00  -9.8725955831701837e-02 3.3827105929321219e-03 0.0000000000000000e+00  1.2487444933506972e-04 -6.3388195372561323e-04 0.0000000000000000e+00  -8.3568229444742556e-04 -1.4944941258904667e-03 0.0000000000000000e+00  -2.4000558407231997e-03 -2.4008844156545622e-03 0.0000000000000000e+00  -1.6584401784581462e-03 -2.1044383400100246e-03 0.0000000000000000e+00  -3.8000137880019352e-02 1.5579856739771634e-03 0.0000000000000000e+00  7.9778057204436831e-03 1.6869746639606757e-03 0.0000000000000000e+00  -2.1387318788928144e-02 -1.3587678891297111e-04 0.0000000000000000e+00  7.1042242737783964e-02 -7.0433691777065078e-04 0.0000000000000000e+00  -4.7299453572738397e-04 -4.3629744305076724e-03 0.0000000000000000e+00  1.2262290384318776e-03 -1.4593005945286385e-03 0.0000000000000000e+00  6.3634563901495564e-02 1.3718717605124479e-03 0.0000000000000000e+00  7.3389986702173185e-03 -4.7765570210654321e-04 0.0000000000000000e+00  -1.7360533839058962e-02 -2.3730574216181504e-04 0.0000000000000000e+00  -1.0289076499577287e-02 2.7012165655529450e-03 0.0000000000000000e+00  1.7859506151745048e-02 1.6702529400491984e-02 0.0000000000000000e+00  -6.5735458282506021e-04 -3.1282068922893554e-03 0.0000000000000000e+00  1.0540301456107310e-03 5.9868599585329437e-03 0.0000000000000000e+00  -7.8522453590980704e-04 -1.0663228013766212e-02 0.0000000000000000e+00  3.6287407075636903e-04 -1.3479019122412389e-02 0.0000000000000000e+00  3.7895581782603038e-03 4.4407602886240355e-03 0.0000000000000000e+00  -1.7732689116656921e-03 1.0613686860530469e-02 0.0000000000000000e+00  2.0751844810969824e-03 8.9515847196696557e-03 0.0000000000000000e+00  8.4613979083373342e-02 -1.0781058485707566e-02 0.0000000000000000e+00  -7.1057159542413081e-02 6.1130599752968612e-03 0.0000000000000000e+00  -5.1665571269221527e-02 -1.0393716126664487e-03 0.0000000000000000e+00  -8.8498410494936577e-02 -7.4501789914873599e-04 0.0000000000000000e+00  -5.9342087282013333e-04 4.8974913585460777e-04 0.0000000000000000e+00  -1.6871364490854412e-03 -6.4468455209609136e-04 0.0000000000000000e+00  -1.7258276998937368e-03 -4.2909883516877359e-04 0.0000000000000000e+00  6.6990145038146792e-02 2.0011304064530742e-03 0.0000000000000000e+00  -9.1251155584869837e-03 -1.9179505427625664e-02 0.0000000000000000e+00  1.7774186247828287e-02 9.8641301149228165e-03 0.0000000000000000e+00  4.8702688961276726e-03 -9.8392030160909783e-04 0.0000000000000000e+00  6.0545087625609763e-03 -2.6188852648223182e-03 0.0000000000000000e+00  -1.4196878822268645e-03 5.6952544232951205e-05 0.0000000000000000e+00  -5.1562411330368001e-03 -1.2203377720567683e-03 0.0000000000000000e+00  -1.1003358289762240e-02 2.6728111114805810e-03 0.0000000000000000e+00  1.4935665625604598e-03 -9.2766300560353007e-03 0.0000000000000000e+00  -2.6769139119361819e-03 -1.5976204132900791e-03 0.0000000000000000e+00  -2.5270652887412729e-03 -2.0037895234081707e-03 0.0000000000000000e+00  5.9731793599413256e-04 -3.6475667989026412e-03 0.0000000000000000e+00  -5.8908638619703607e-02 3.7943159282332543e-04 0.0000000000000000e+00  6.5029942177352362e-02 1.5437199454101678e-04 0.0000000000000000e+00  8.0982849501736610e-03 7.5626075726277697e-03 0.0000000000000000e+00  7.1826407126216090e-03 9.2730904644636007e-03 0.0000000000000000e+00  9.1470635608341903e-03 1.0930725597527953e-02 0.0000000000000000e+00  6.0788235515335477e-03 -1.5456348333140878e-02 0.0000000000000000e+00  1.1480255844706355e-02 -1.8277553383040872e-02 0.0000000000000000e+00  -6.0877898430189285e-04 9.7173518136670686e-03 0.0000000000000000e+00  -1.0443033531655850e-03 -7.3950811183335003e-04 0.0000000000000000e+00  -3.7821161419498970e-03 1.3252080991827515e-02 0.0000000000000000e+00  -1.8670715269174119e-03 3.8094109599537797e-04 0.0000000000000000e+00  2.9552229261028611e-02 -2.4024476124040243e-02 0.0000000000000000e+00  1.8153460175111356e-02 -3.2574829614118441e-03 0.0000000000000000e+00  1.0925201554051019e-02 -2.0887413030633260e-02 0.0000000000000000e+00  -1.5085016643015447e-03 -3.8786566879369301e-02 0.0000000000000000e+00  1.3657871680214462e-03 -2.2794915005772409e-02 0.0000000000000000e+00  -4.0683408541369549e-03 -8.5359166749768844e-03 0.0000000000000000e+00  -7.1190462083095873e-02 1.3665054172620761e-02 0.0000000000000000e+00  -3.2236208644407120e-02 1.3780441789705469e-02 0.0000000000000000e+00  2.2710108393277574e-03 4.3292500646687371e-03 0.0000000000000000e+00  -2.6912101608294703e-03 -8.0941705781870208e-04 0.0000000000000000e+00  -2.5346123574917475e-03 -1.1033166436879777e-03 0.0000000000000000e+00  2.2279581695578489e-04 -4.6250459615438950e-04 0.0000000000000000e+00  -1.2598305934318856e-02 1.3844103060304792e-03 0.0000000000000000e+00  4.1293270322670808e-03 1.2068748482257710e-02 0.0000000000000000e+00  -2.1126566465208579e-02 1.8787117841900496e-02 0.0000000000000000e+00  6.4844280405799114e-03 -1.0226879945990870e-02 0.0000000000000000e+00  2.5897706967824268e-03 -1.2213176416542766e-02 0.0000000000000000e+00  -7.0060695593300911e-03 -1.4086419798939173e-02 0.0000000000000000e+00  -1.0371238907262844e-04 -5.3925122372156800e-04 0.0000000000000000e+00  -2.6429758860644159e-03 -8.4983058865261401e-03 0.0000000000000000e+00  -1.1221130709423779e-03 -1.0752202645650830e-02 0.0000000000000000e+00  -1.3035667128561512e-03 -1.0141325875170755e-02 0.0000000000000000e+00  2.9067848726090507e-02 -3.0611229662841511e-03 0.0000000000000000e+00  3.3242014477595318e-02 2.2825230837072375e-02 0.0000000000000000e+00  -1.9973306555905548e-04 2.6721722310360338e-05 0.0000000000000000e+00  -2.3192771089026207e-03 -1.6258644600953893e-02 0.0000000000000000e+00  1.2237585489485159e-02 -3.1131800786048974e-03 0.0000000000000000e+00  5.1365582759984915e-02 -1.1055335068832031e-04 0.0000000000000000e+00  2.3244888012302857e-03 -2.8292458674338699e-04 0.0000000000000000e+00  -2.0351415012419805e-03 -2.9632772378935614e-05 0.0000000000000000e+00  5.5341328934431651e-04 1.6847405120838739e-03 0.0000000000000000e+00  -1.3974053993210939e-02 -6.0309719716803729e-03 0.0000000000000000e+00  -1.6573992020137547e-02 -8.6017351319844088e-03 0.0000000000000000e+00  1.9437802362423274e-04 7.6599320284125496e-03 0.0000000000000000e+00  -3.6693013128237832e-04 7.5956291097706140e-03 0.0000000000000000e+00  2.1046427180961853e-03 -2.5735477908225553e-03 0.0000000000000000e+00  -2.6571445112124024e-03 -7.6232541261216698e-03 0.0000000000000000e+00  -1.4216150714370741e-03 -1.0883057248353131e-02 0.0000000000000000e+00  6.1415481055646709e-03 1.4556794108550040e-03 0.0000000000000000e+00  2.6602477262413588e-03 6.3927105726559090e-03 0.0000000000000000e+00  3.2379431349540116e-03 5.8380696068953400e-03 0.0000000000000000e+00  3.6460387596865301e-03 7.0195928581053245e-03 0.0000000000000000e+00  -7.1910253374764461e-04 1.2983913000787022e-04 0.0000000000000000e+00  3.6287592739204341e-03 -5.0451037412299572e-03 0.0000000000000000e+00  1.0304306819079573e-03 -1.0635015344166413e-03 0.0000000000000000e+00  -2.0087881180430856e-02 -3.8372747250227618e-03 0.0000000000000000e+00  4.3705974079956841e-02 -7.4710308929710686e-03 0.0000000000000000e+00  -1.2317603426998409e-03 -2.2966244448044350e-04 0.0000000000000000e+00  1.5271722665371639e-02 7.0831641096879413e-03 0.0000000000000000e+00  7.3100927719739875e-02 1.5004604057666573e-04 0.0000000000000000e+00  4.0182284773511510e-02 2.2754597605866389e-03 0.0000000000000000e+00  8.8689074057440669e-04 1.1436512256631196e-03 0.0000000000000000e+00  3.1605474199921805e-03 -3.4796133827356378e-03 0.0000000000000000e+00  -2.1594996017564186e-03 -7.8398679706174566e-03 0.0000000000000000e+00  2.6285857122984356e-03 -3.4247759437419832e-02 0.0000000000000000e+00  -1.2479462516677498e-03 -8.0678994715709038e-03 0.0000000000000000e+00  9.5191200149489147e-02 -7.9034971833730362e-03 0.0000000000000000e+00  -2.8564129277386936e-03 -9.6847035079148363e-03 0.0000000000000000e+00  4.5648602572591563e-03 -6.1533287325079957e-03 0.0000000000000000e+00  1.4732754738381799e-03 5.3869137438818332e-04 0.0000000000000000e+00  -1.6605606358839791e-03 3.0508934984976787e-03 0.0000000000000000e+00  -2.4028354226175381e-03 5.8578223690880916e-04 0.0000000000000000e+00  1.0911319128773516e-03 1.0225134581561558e-02 0.0000000000000000e+00  -1.2139686551511208e-03 -9.0219213734043478e-03 0.0000000000000000e+00  9.7630212203317736e-04 6.1613311717445794e-03 0.0000000000000000e+00  2.0735016491524290e-03 5.6080598015587797e-03 0.0000000000000000e+00  8.0546047632840167e-04 6.8909285331512666e-04 0.0000000000000000e+00  -4.7777903595201503e-03 1.5921274332306687e-05 0.0000000000000000e+00  -2.7211435745919076e-02 7.8872321893355048e-03 0.0000000000000000e+00  -5.9117333910895804e-02 7.8020317386094844e-03 0.0000000000000000e+00  -7.9348810380903804e-04 -8.7286864590843273e-05 0.0000000000000000e+00  -4.4550654614649984e-03 -7.6299673541746823e-03 0.0000000000000000e+00  -5.3499964849097756e-03 -7.9166572030741397e-03 0.0000000000000000e+00  4.4678103926461564e-04 5.5153655041286658e-04 0.0000000000000000e+00  1.4607104654140548e-03 -1.3055101067387229e-02 0.0000000000000000e+00  9.3708683816213084e-03 -3.8452565086379013e-03 0.0000000000000000e+00  -8.9504433873896841e-04 -2.7152154454512883e-03 0.0000000000000000e+00  3.5766567764926138e-03 -7.0541345771156904e-03 0.0000000000000000e+00  3.4107707864564248e-03 -1.1012524591069538e-02 0.0000000000000000e+00  -2.3976814026516573e-03 -6.7338871353013578e-03 0.0000000000000000e+00  3.0940172581514291e-04 9.6952964490198870e-04 0.0000000000000000e+00  2.4498659214939490e-05 -5.0770286463104814e-04 0.0000000000000000e+00  7.1183155332525758e-05 -4.2137155987844377e-04 0.0000000000000000e+00  3.8240073061892880e-05 -8.3440931113116200e-04 0.0000000000000000e+00  2.4474771413061590e-03 7.2773065584755508e-04 0.0000000000000000e+00  9.5612277030039520e-04 -8.7370634775019130e-04 0.0000000000000000e+00  1.3951060076741021e-03 6.5544160629283027e-04 0.0000000000000000e+00  1.7934489818862871e-02 8.3392880123639088e-03 0.0000000000000000e+00  1.8489075999878161e-03 1.0286720662630150e-02 0.0000000000000000e+00  -2.6530252328025683e-03 2.2365193799114730e-04 0.0000000000000000e+00  -3.6438638212013628e-03 5.0199341436090535e-04 0.0000000000000000e+00  -1.2399766830813335e-03 -4.2273850136818119e-03 0.0000000000000000e+00  1.0114970591027795e-02 -9.6956455715927490e-04 0.0000000000000000e+00  -1.3481549082028474e-03 1.4703496301783955e-02 0.0000000000000000e+00  2.2187311952394221e-03 8.5548811494813907e-05 0.0000000000000000e+00  2.6011692249511276e-03 -4.4556455060315451e-03 0.0000000000000000e+00  -2.0737017672131063e-03 -4.4137931057575304e-03 0.0000000000000000e+00  5.0802070831512443e-03 1.2498615535001703e-03 0.0000000000000000e+00  -2.1186106126506503e-02 4.0063786308442923e-03 0.0000000000000000e+00  -4.8511517371629632e-03 5.3176485823187474e-03 0.0000000000000000e+00  1.8827950285336546e-03 2.6920613262091075e-04 0.0000000000000000e+00  1.7877651027130819e-03 -1.4913758635100145e-02 0.0000000000000000e+00  -2.1961163341709866e-03 3.9832396652750163e-05 0.0000000000000000e+00  -2.1271755307368310e-03 1.6679915395356038e-04 0.0000000000000000e+00  -1.3032340849662283e-02 -1.0170864782077668e-02 0.0000000000000000e+00  1.0497135579568431e-03 -1.2317369088122065e-02 0.0000000000000000e+00  -6.8389071347434282e-03 5.7257190585917198e-03 0.0000000000000000e+00  1.6453539115630902e-03 1.1256917004773746e-04 0.0000000000000000e+00  5.4349244539508845e-04 1.7706189991390329e-03 0.0000000000000000e+00  -1.8342509013312185e-02 -2.0388488883672797e-03 0.0000000000000000e+00  3.4112914732586232e-03 5.1265123176390042e-03 0.0000000000000000e+00  1.2406622406191449e-02 -2.4278506617200226e-03 0.0000000000000000e+00  2.0980090478310835e-02 -5.0391718400046009e-03 0.0000000000000000e+00  1.1864754110414584e-02 -2.5192337579555982e-02 0.0000000000000000e+00  1.0272658914744290e-04 -6.4938948850897914e-03 0.0000000000000000e+00  1.6666530065076110e-04 -5.8850234811860412e-03 0.0000000000000000e+00  1.3607711356136620e-03 -6.3318248702397689e-03 0.0000000000000000e+00  8.4300178973252364e-03 1.4197291744375490e-03 0.0000000000000000e+00  5.5981577821394039e-03 6.6091561854352580e-03 0.0000000000000000e+00  5.7696832402957300e-04 -1.9908169431356014e-04 0.0000000000000000e+00  8.9985111595179983e-04 3.5734457598892394e-03 0.0000000000000000e+00  1.3808007807447615e-03 3.4055367744889186e-03 0.0000000000000000e+00  8.8229637552758729e-04 2.9571427775955382e-03 0.0000000000000000e+00  1.0536091914685113e-02 5.5382533873403333e-03 0.0000000000000000e+00  5.8380926389302234e-03 4.1602349655694244e-03 0.0000000000000000e+00  3.2229737061235855e-03 -4.1591554843993712e-04 0.0000000000000000e+00  2.9674500883928698e-03 -1.2985777777990936e-03 0.0000000000000000e+00  2.4947791332122922e-03 -3.5202789607392945e-04 0.0000000000000000e+00  7.0666085383093782e-03 -4.8922380181649809e-03 0.0000000000000000e+00  -1.4028760044705995e-02 -8.6585881560916761e-03 0.0000000000000000e+00  3.1670133184608165e-03 -2.8025834865979284e-05 0.0000000000000000e+00  1.9093229724479091e-02 6.4579797881728074e-03 0.0000000000000000e+00  2.3044489436770304e-03 4.2429171083969023e-03 0.0000000000000000e+00  7.7223566212160485e-04 1.0179506242757166e-02 0.0000000000000000e+00  -1.0025689789156733e-01 1.0405152560557527e-03 0.0000000000000000e+00  2.0194179134522271e-02 -1.0232964167294403e-04 0.0000000000000000e+00  1.4649952475279641e-02 4.6178667421926242e-03 0.0000000000000000e+00  1.6019752455427319e-02 -6.6512781261503194e-05 0.0000000000000000e+00  -4.0463467803739731e-02 1.9167018885390470e-04 0.0000000000000000e+00  -3.6748522869655824e-04 -8.9536925747711067e-03 0.0000000000000000e+00  -5.3346848527305135e-05 -1.1642534972500411e-04 0.0000000000000000e+00  -7.8082314089652726e-05 -2.3517761500772998e-04 0.0000000000000000e+00  1.8760160471042182e-05 -2.7960874450982742e-04 0.0000000000000000e+00  -6.8749670721019330e-04 -1.1772450328867894e-03 0.0000000000000000e+00  3.9962895368694275e-03 -1.1464338839956506e-02 0.0000000000000000e+00  2.3960722809958520e-03 2.9580860119773255e-04 0.0000000000000000e+00  5.5135715812024816e-04 -6.8260597685724025e-04 0.0000000000000000e+00  6.1422544972473015e-04 -5.9952213736677411e-04 0.0000000000000000e+00  -9.9999999980171589e-02 0.0000000000000000e+00 0.0000000000000000e+00  1.6983860619081410e-03 1.0639577033010881e-02 0.0000000000000000e+00  -6.0598450939999713e-03 -1.4735734331061155e-02 0.0000000000000000e+00  9.5182225086371365e-04 -5.2693093682800616e-03 0.0000000000000000e+00  1.0824431429292340e-03 -6.3791765929707700e-03 0.0000000000000000e+00  3.6123693234350961e-02 -2.6553964167560710e-03 0.0000000000000000e+00  8.6235139760659894e-06 1.2694225948404594e-04 0.0000000000000000e+00  1.4765862505421857e-03 3.1418644663551003e-04 0.0000000000000000e+00  6.0770482922555213e-02 -8.2391525289847063e-03 0.0000000000000000e+00  7.2301568085323233e-03 -2.0086095846487519e-03 0.0000000000000000e+00  -2.5115198797562898e-03 -1.3947560306648015e-02 0.0000000000000000e+00  3.1807513753134203e-02 2.8198286583041633e-03 0.0000000000000000e+00  2.5195128166518810e-02 5.2763031164330780e-03 0.0000000000000000e+00  -1.4451286293029504e-02 2.2468780929409789e-02 0.0000000000000000e+00  -3.7511891050161054e-04 -4.1569296956799661e-03 0.0000000000000000e+00  3.1524183005825919e-03 6.8460725624700479e-04 0.0000000000000000e+00  -6.0969978561486605e-03 6.0286723552734518e-03 0.0000000000000000e+00  4.9983490420398848e-04 9.2455080114061501e-04 0.0000000000000000e+00  -3.4234089580045060e-05 -7.4727716372666379e-05 0.0000000000000000e+00  1.0589070002085293e-02 -1.2182009532149235e-03 0.0000000000000000e+00  7.8789578937821789e-05 1.5139538467298314e-03 0.0000000000000000e+00  8.0425856866238946e-03 -6.3421630593117366e-03 0.0000000000000000e+00  1.6340360835347054e-02 5.6928321467872569e-03 0.0000000000000000e+00  -1.2932724381581038e-03 -3.4882255879309853e-03 0.0000000000000000e+00  -1.6803012522398511e-03 -3.8199475289057228e-03 0.0000000000000000e+00  1.6549087470482250e-03 1.0345225042771515e-03 0.0000000000000000e+00  -2.3589271419907421e-05 5.7383532286677235e-04 0.0000000000000000e+00  -9.3211120195198144e-02 8.8659348456192472e-03 0.0000000000000000e+00  -1.4454516094398423e-03 -6.6703630459802148e-04 0.0000000000000000e+00  -6.5607185353936072e-03 -7.9654551486919578e-03 0.0000000000000000e+00  -1.1808428071678811e-02 -1.4432751344706998e-02 0.0000000000000000e+00  -7.0665564260948444e-04 -8.2523689958258748e-04 0.0000000000000000e+00  -6.6551782553698783e-03 -4.3792779179291129e-03 0.0000000000000000e+00  -1.5615385203264090e-03 2.8884603780144036e-04 0.0000000000000000e+00  -9.9999999980171589e-02 0.0000000000000000e+00 0.0000000000000000e+00  -2.8730961878498528e-03 -1.3456184330737805e-02 0.0000000000000000e+00  -2.1480960496062470e-03 -1.4517747524969588e-02 0.0000000000000000e+00  -2.1927291307840348e-04 2.5931752163409057e-05 0.0000000000000000e+00  -1.9110482353659501e-03 1.2017617388486875e-03 0.0000000000000000e+00  3.7556358291045877e-03 8.6613269065648245e-04 0.0000000000000000e+00  3.3995124775974450e-03 9.6784332255533782e-04 0.0000000000000000e+00  -3.5930001465368610e-03 1.7311468449421535e-02 0.0000000000000000e+00  -4.9314612636593156e-03 7.4558607690974757e-03 0.0000000000000000e+00  -2.1509236241909033e-03 2.8250544968537033e-04 0.0000000000000000e+00  -1.3230159842264258e-04 7.4923331760020533e-04 0.0000000000000000e+00  7.9128406067616446e-04 1.0357969026672770e-02 0.0000000000000000e+00  2.9988363688396568e-04 6.4280191651622926e-04 0.0000000000000000e+00  8.7447035014228693e-04 4.5659116876275774e-04 0.0000000000000000e+00  4.3015743839367199e-03 5.3163153149272625e-03 0.0000000000000000e+00  3.5778964682437464e-03 4.4434365934144194e-03 0.0000000000000000e+00  -8.7448621745315200e-04 -1.0705564526416319e-03 0.0000000000000000e+00  -2.9608524976318792e-03 -2.9902741264709190e-03 0.0000000000000000e+00  -1.6004555857948598e-02 -1.6692710276403407e-02 0.0000000000000000e+00  -1.6442030301657496e-03 -1.9887128338316871e-02 0.0000000000000000e+00  3.0846615540979189e-03 3.6867668356293654e-03 0.0000000000000000e+00  -9.7996599123144584e-04 -4.2295222368112428e-03 0.0000000000000000e+00  2.7910244765296183e-03 4.0730426650268433e-03 0.0000000000000000e+00  2.9823326246073414e-03 3.6501527125045322e-03 0.0000000000000000e+00  5.5561813933981095e-03 3.2940292070399001e-04 0.0000000000000000e+00  5.9440180863330350e-03 -9.7836267381704329e-03 0.0000000000000000e+00  7.4716696068845376e-03 -7.2526386606989362e-03 0.0000000000000000e+00  -9.0665549976145566e-04 9.1110103165257909e-04 0.0000000000000000e+00  6.5807254257992717e-04 -7.8792490396857779e-04 0.0000000000000000e+00  -2.2114557868976691e-04 1.0668285504355755e-03 0.0000000000000000e+00  -2.5266603189567607e-04 1.0385858343538359e-03 0.0000000000000000e+00  -3.6704890813403566e-04 1.0662557536700473e-03 0.0000000000000000e+00  1.2806436692106517e-02 1.7038310147453477e-02 0.0000000000000000e+00  -2.1340780707100385e-02 -6.0486338085106164e-03 0.0000000000000000e+00  -2.5423672331985770e-04 2.9807050388640363e-04 0.0000000000000000e+00  -3.3100970965729452e-04 1.1848640283480478e-03 0.0000000000000000e+00  -6.5577090842092753e-04 -6.4155837991658957e-03 0.0000000000000000e+00  9.9118562436418373e-04 5.5722520566945655e-03 0.0000000000000000e+00  -3.0945687763927095e-03 3.1046229827654247e-04 0.0000000000000000e+00  8.3103417837235969e-05 3.0821040881463310e-03 0.0000000000000000e+00  3.4484720546238583e-04 3.2316894975226184e-03 0.0000000000000000e+00  -1.4113879151953900e-03 2.2224167598825427e-06 0.0000000000000000e+00  1.0074094931866565e-01 1.4468051291112850e-04 0.0000000000000000e+00  -1.8294321259426870e-03 2.4691016964161779e-04 0.0000000000000000e+00  1.8842537956800570e-03 2.4800006984514447e-03 0.0000000000000000e+00  -1.3697600131761863e-05 1.2461236028630602e-04 0.0000000000000000e+00  5.1356397268858857e-03 2.4341523675377359e-02 0.0000000000000000e+00  -1.3737150948306430e-02 -1.1684318348836492e-02 0.0000000000000000e+00  1.6307056410747168e-03 -2.2940844119970338e-03 0.0000000000000000e+00  1.7526840319168192e-03 -1.6722149196069858e-03 0.0000000000000000e+00  2.5580402679404889e-03 -1.9483704491022160e-03 0.0000000000000000e+00  -4.8954987662196544e-03 6.1236667807232359e-03 0.0000000000000000e+00  -1.5338972103418019e-03 1.5967909956534353e-05 0.0000000000000000e+00  -1.4973024202771786e-03 -2.4989457731267000e-05 0.0000000000000000e+00  -6.8873351602734268e-04 -2.2248768355797886e-04 0.0000000000000000e+00  5.5926928147793662e-03 1.0088043752475535e-02 0.0000000000000000e+00  7.1050980596591847e-04 8.8519697716760194e-03 0.0000000000000000e+00  -1.6500240939393924e-03 -1.2009044475494158e-02 0.0000000000000000e+00  8.7993210870619708e-04 1.0831330760251911e-03 0.0000000000000000e+00  4.9507286464223629e-02 -2.5480146231820515e-03 0.0000000000000000e+00  3.0861570504063574e-03 7.7774098107269976e-03 0.0000000000000000e+00  1.9405394413599664e-03 -4.2415632239680605e-05 0.0000000000000000e+00  1.0929316087486785e-03 8.5312662534338835e-04 0.0000000000000000e+00  3.2062297125484036e-03 -8.4548019568965165e-03 0.0000000000000000e+00  -1.3562923554080665e-04 7.4280771050720391e-04 0.0000000000000000e+00  -6.4271143373371576e-03 3.7699209593331846e-02 0.0000000000000000e+00  2.8962437753970818e-03 8.5971453695908515e-03 0.0000000000000000e+00  4.6516590970321160e-04 -8.7402343938463407e-04 0.0000000000000000e+00  -2.7290436600854642e-04 4.2351071059214427e-03 0.0000000000000000e+00  -5.6930162993926896e-04 -3.3384350275226219e-04 0.0000000000000000e+00  5.3865470160326687e-04 2.8121661405305269e-03 0.0000000000000000e+00  -1.1404024061459447e-02 3.3661475245812355e-03 0.0000000000000000e+00  -7.3964656908668850e-03 -4.5771134680493847e-03 0.0000000000000000e+00  6.5656817063578994e-06 5.9800014842402687e-04 0.0000000000000000e+00  3.2385983916109712e-03 -1.0585275703223485e-03 0.0000000000000000e+00  -3.8677104185794431e-03 -1.8244612481686661e-03 0.0000000000000000e+00  4.3096543221485945e-04 5.8065330511550273e-03 0.0000000000000000e+00  -6.4563858467236426e-04 6.5757463655795746e-04 0.0000000000000000e+00  -8.7964704846477614e-04 -4.7105716798580008e-03 0.0000000000000000e+00  -1.1478801411046902e-02 1.8624758158509797e-02 0.0000000000000000e+00  8.6695694049174503e-04 -9.3605620166425426e-03 0.0000000000000000e+00  7.2692379042828747e-04 -9.7838712734378760e-03 0.0000000000000000e+00  1.0228054251774415e-03 -4.8607675097143120e-04 0.0000000000000000e+00  2.3189349620422162e-04 3.7500464280587694e-03 0.0000000000000000e+00  -1.7185531753353008e-03 7.8704683660417839e-03 0.0000000000000000e+00  -1.8105857515088447e-03 5.7522167431070665e-05 0.0000000000000000e+00  -4.8796618057541676e-04 9.3740249334716785e-04 0.0000000000000000e+00  -9.1572115474657353e-05 -2.7984533949860276e-04 0.0000000000000000e+00  -2.2136954321875422e-03 1.0315557860571667e-04 0.0000000000000000e+00  3.3085605133494680e-04 -8.6138862170555674e-03 0.0000000000000000e+00  -3.9005311909478424e-02 -2.8506932527855226e-03 0.0000000000000000e+00  -3.3768065702695020e-02 -4.0271191862705999e-04 0.0000000000000000e+00  3.3321275724244510e-03 2.2152914322036395e-03 0.0000000000000000e+00  2.0533943386775227e-03 -3.2138652956827281e-04 0.0000000000000000e+00  9.8559709814946619e-03 -4.9180519013131410e-03 0.0000000000000000e+00  -1.5898114881758825e-03 -4.6272395151822315e-05 0.0000000000000000e+00  -3.4538355654266753e-03 -2.9975349897369765e-03 0.0000000000000000e+00  -1.4438657042230326e-04 -8.9016780062234173e-03 0.0000000000000000e+00  7.0144259188064037e-03 -1.5206016791146944e-02 0.0000000000000000e+00  -4.5195561942557617e-03 -8.6546297490345814e-03 0.0000000000000000e+00  6.7680383149787788e-03 -9.8550574080600323e-03 0.0000000000000000e+00  4.6624965750202132e-03 -9.6893113538148775e-03 0.0000000000000000e+00  -2.9149555465683187e-03 -4.1485363298236511e-04 0.0000000000000000e+00  2.0473291954147400e-03 4.4854005057585360e-04 0.0000000000000000e+00  -1.3960766881019888e-03 -6.7601899642920800e-03 0.0000000000000000e+00  -1.2732844674609282e-03 -2.2595678648409264e-03 0.0000000000000000e+00  5.8841685760183809e-03 -3.2340354654286302e-03 0.0000000000000000e+00  -1.8456688780989171e-03 -1.0408802471387021e-02 0.0000000000000000e+00  -8.2711242003874843e-04 -1.0557738816309583e-02 0.0000000000000000e+00  7.7975878298508286e-03 -3.3054361376986317e-03 0.0000000000000000e+00  -9.9999999980171589e-02 0.0000000000000000e+00 0.0000000000000000e+00  -1.3523175105610270e-05 -1.0691737324388559e-02 0.0000000000000000e+00  -2.6296154310780453e-04 -6.1712433520406333e-04 0.0000000000000000e+00  6.2783832149186009e-02 -1.7631425264816162e-04 0.0000000000000000e+00  -7.1259068758498551e-04 1.6736029747703920e-03 0.0000000000000000e+00  1.2806622097788101e-03 7.3613869080345583e-03 0.0000000000000000e+00  6.5604122442391982e-03 1.3777077621714418e-02 0.0000000000000000e+00  -2.9398998775614785e-03 1.9919780479371294e-02 0.0000000000000000e+00  -1.8133225005914175e-03 1.8930256725955671e-04 0.0000000000000000e+00  -1.4286581620795245e-03 -5.0551366207152687e-05 0.0000000000000000e+00  -7.3070725170801699e-04 5.5972472787047987e-04 0.0000000000000000e+00  2.3437037263992805e-03 1.6922414811684501e-03 0.0000000000000000e+00  1.9329041154852351e-03 1.9568601308559961e-03 0.0000000000000000e+00  1.8557429410801310e-03 1.7059368888945080e-03 0.0000000000000000e+00  5.0843547416392348e-05 -4.6935429620222833e-04 0.0000000000000000e+00  -1.1849168289568521e-04 -3.7605697673446012e-04 0.0000000000000000e+00  -3.7000789304058993e-05 4.2543224485200938e-04 0.0000000000000000e+00  -4.2092144711363831e-04 2.4739759680847276e-03 0.0000000000000000e+00  -5.6438591585835165e-04 -7.2221858337739465e-03 0.0000000000000000e+00  -1.1485366157993093e-04 -6.9761281535264223e-03 0.0000000000000000e+00  -1.1912460507354108e-02 5.4696716223759448e-03 0.0000000000000000e+00  2.1094426605238847e-03 2.2781108752230152e-04 0.0000000000000000e+00  1.7548882530374759e-06 6.6367794023632542e-04 0.0000000000000000e+00  -8.3722152282578015e-04 -4.4788318869083964e-04 0.0000000000000000e+00  5.1430851121500448e-03 1.0671020425957105e-03 0.0000000000000000e+00  5.1435009306446725e-05 1.5186092022414696e-04 0.0000000000000000e+00  1.9326067539674897e-05 2.9886430466082698e-04 0.0000000000000000e+00  2.1783791934084197e-04 3.7312670556966719e-04 0.0000000000000000e+00  8.3133654864705284e-03 5.6972516620285227e-03 0.0000000000000000e+00  -1.3466752225075783e-02 -6.1737322867656914e-03 0.0000000000000000e+00  4.8089072291384758e-03 -1.1470852984118421e-02 0.0000000000000000e+00  -3.3276864381918318e-04 -8.1343396338934149e-05 0.0000000000000000e+00  -1.3818601780602843e-04 -1.3070494798279341e-04 0.0000000000000000e+00  -3.5219537601023066e-03 -4.3092672595671701e-03 0.0000000000000000e+00  3.4431385359538560e-03 5.3010999600259772e-03 0.0000000000000000e+00  3.0419039461426051e-03 -6.3621347395232440e-03 0.0000000000000000e+00  9.0697002235510232e-03 -1.0351032018831434e-02 0.0000000000000000e+00  -4.4814547753299731e-02 1.0795067218032925e-02 0.0000000000000000e+00  6.8346356481686623e-03 -1.1624266135184715e-03 0.0000000000000000e+00  -5.1257118393294113e-03 9.4564570650157581e-03 0.0000000000000000e+00  -4.2957588196549101e-03 9.1628759361030068e-03 0.0000000000000000e+00  3.5289815932564692e-03 3.6340514450262790e-03 0.0000000000000000e+00  1.6917890807538436e-04 8.7193847796509984e-03 0.0000000000000000e+00  -1.3966404752579719e-04 9.8082738330811520e-03 0.0000000000000000e+00  -2.2400313033603043e-03 -2.5752470960056258e-04 0.0000000000000000e+00  -1.0445835248842203e-03 -5.2509935674527168e-04 0.0000000000000000e+00  1.4272571725651570e-03 9.1492438921746827e-03 0.0000000000000000e+00  3.8583104127701169e-03 -1.0806014299836360e-03 0.0000000000000000e+00  -8.1383156206462888e-04 -2.9774052335903835e-04 0.0000000000000000e+00  1.4870883686373024e-03 5.4767759779806397e-03 0.0000000000000000e+00  1.1063808454426495e-04 -5.7368401347763767e-03 0.0000000000000000e+00  9.3811930168625407e-02 -1.5433073684043752e-02 0.0000000000000000e+00  1.8476014424215696e-03 3.1161176872771027e-03 0.0000000000000000e+00  2.7319522910399592e-03 2.5167709148875427e-03 0.0000000000000000e+00  1.9572501776380299e-03 1.6733197716556603e-03 0.0000000000000000e+00  -2.3373335684123545e-02 9.5874403873382925e-03 0.0000000000000000e+00  7.2869610888426153e-03 6.0711703297853083e-04 0.0000000000000000e+00  -3.1165511455336840e-03 -1.7062191928305366e-03 0.0000000000000000e+00  1.1043209025122841e-04 3.6889936552960971e-03 0.0000000000000000e+00  -2.5361276758154700e-03 -9.8727944541907170e-03 0.0000000000000000e+00  -3.5694600079665957e-03 -9.2922373980721257e-03 0.0000000000000000e+00  6.7589251397990454e-03 -9.0145967386987284e-04 0.0000000000000000e+00  -1.7018150435902507e-03 -1.9371729292809090e-04 0.0000000000000000e+00  6.3022255059304484e-04 3.1447855815400970e-04 0.0000000000000000e+00  -1.5074368491310898e-04 -9.6065819109177465e-04 0.0000000000000000e+00  -1.8460289733693066e-03 -5.6517358835604069e-03 0.0000000000000000e+00  -2.9950162404723774e-02 3.8573263883019209e-03 0.0000000000000000e+00  -1.4596242262811582e-03 -5.0171106337368520e-03 0.0000000000000000e+00  -3.8996512505448162e-04 -8.1350943623363333e-04 0.0000000000000000e+00  -2.4700278155127510e-04 8.1892327362414628e-04 0.0000000000000000e+00  -3.1028320566760730e-04 8.2949391363977348e-04 0.0000000000000000e+00  -2.6358202637404325e-04 -1.5756047507873635e-03 0.0000000000000000e+00  -3.9665982850259334e-03 -1.6492290827905470e-02 0.0000000000000000e+00  -4.2541613527375486e-03 -1.2620576443478753e-02 0.0000000000000000e+00  1.4477790945343911e-04 -8.1079683378628645e-03 0.0000000000000000e+00  -3.3197533897532278e-04 -8.3421142536456837e-03 0.0000000000000000e+00  -1.1289642124208562e-04 -8.6361463950393527e-03 0.0000000000000000e+00  -1.8258879040076130e-04 7.1610024298300113e-04 0.0000000000000000e+00  7.3747790559681363e-04 3.2299934134304479e-03 0.0000000000000000e+00  4.5156000392649592e-03 4.1931669360475111e-03 0.0000000000000000e+00  -1.2455853157167841e-03 9.0770656883042979e-04 0.0000000000000000e+00  -7.4402897474001823e-05 -9.9668306225720606e-04 0.0000000000000000e+00  -2.9578719938925593e-03 7.4132233580438656e-04 0.0000000000000000e+00  -3.0946505735412366e-03 9.3820392266108737e-04 0.0000000000000000e+00  -4.4840224844512389e-02 1.6185928352549298e-02 0.0000000000000000e+00  4.2155506579763125e-03 1.1687914898392267e-03 0.0000000000000000e+00  1.9026755232476997e-04 8.8408888021594082e-03 0.0000000000000000e+00  1.5610038250403807e-03 1.3972528530279275e-03 0.0000000000000000e+00  -9.2486037215102259e-03 1.4091455601050228e-03 0.0000000000000000e+00  1.4425871648799762e-03 9.4699748777261443e-03 0.0000000000000000e+00  1.8366165565172616e-03 9.1685956351294888e-03 0.0000000000000000e+00  1.2175910026482409e-03 8.7528616657442989e-03 0.0000000000000000e+00  -8.3338927421386139e-04 -1.0041471162591466e-02 0.0000000000000000e+00  -3.4604628645623771e-03 -1.5282871370554186e-03 0.0000000000000000e+00  5.9575045861870839e-02 -3.7962468240919345e-03 0.0000000000000000e+00  -1.3541677891933937e-04 9.2857029980733812e-04 0.0000000000000000e+00  -1.6216242356717749e-04 -9.5082449777739370e-04 0.0000000000000000e+00  -7.3127202767786563e-05 -1.1395529478139808e-03 0.0000000000000000e+00  -3.8842934318201089e-04 -1.2277834867931497e-03 0.0000000000000000e+00  -8.7481919343750133e-05 -6.0051124949003624e-04 0.0000000000000000e+00  3.4258895535753690e-04 1.0271000407637837e-04 0.0000000000000000e+00  -2.0732303948800687e-04 -2.4365693704394209e-03 0.0000000000000000e+00  1.9582024090775398e-02 -8.6757998331724456e-03 0.0000000000000000e+00  -3.8442341909464945e-03 -1.0277157013462372e-02 0.0000000000000000e+00  -3.5963328830643801e-03 -1.1591536446486165e-02 0.0000000000000000e+00  -1.9268089395374588e-03 1.0787641805609365e-03 0.0000000000000000e+00  4.6152510349409330e-04 -9.3466978664434198e-03 0.0000000000000000e+00  6.2377804920079607e-05 -3.5348637538229114e-04 0.0000000000000000e+00  2.7944456343647756e-03 4.7876188760531384e-03 0.0000000000000000e+00  -6.6367315637170495e-03 -2.9553639859509202e-03 0.0000000000000000e+00  -9.6466598967263097e-03 -1.5837285861515322e-03 0.0000000000000000e+00  9.5941265120025980e-03 1.0608050549625990e-02 0.0000000000000000e+00  9.0734670121944672e-04 -6.9314196528999341e-03 0.0000000000000000e+00  6.2584131115321273e-03 -1.2391754138730646e-02 0.0000000000000000e+00  6.4680747910429055e-03 -1.0821059482450424e-02 0.0000000000000000e+00  -7.4173563423205499e-04 1.4026303085019304e-03 0.0000000000000000e+00  -1.2895515283402610e-03 -1.3526668062371870e-03 0.0000000000000000e+00  1.4107305126775983e-03 1.3635952255742656e-02 0.0000000000000000e+00  8.7647009046685240e-04 1.2289308857956498e-02 0.0000000000000000e+00  3.2335180575207963e-04 1.3168674223198088e-02 0.0000000000000000e+00  -4.1555149187387508e-04 6.5695625661884433e-04 0.0000000000000000e+00  -1.2888515083124142e-03 1.2364382039460766e-02 0.0000000000000000e+00  -5.7017605561428264e-03 -1.2069610452027433e-02 0.0000000000000000e+00  9.4061909597606356e-03 -1.1921967829388031e-02 0.0000000000000000e+00  -2.4124403885719499e-03 7.1183651275947147e-04 0.0000000000000000e+00  3.2668669954432636e-03 3.4218487736311465e-03 0.0000000000000000e+00  1.3266915775584250e-03 1.5086394976353916e-02 0.0000000000000000e+00  -1.1160172778654066e-03 1.5532449566508920e-02 0.0000000000000000e+00  -8.5441030300913781e-03 -3.3916573347444489e-03 0.0000000000000000e+00  -3.8140923622587246e-03 -5.2375016475798269e-03 0.0000000000000000e+00  4.4866903125471329e-03 -2.5493093828680181e-03 0.0000000000000000e+00  -1.8572637443968480e-03 2.1019625530306412e-04 0.0000000000000000e+00  -2.3711361463843009e-02 -8.2465174323372308e-04 0.0000000000000000e+00  -1.5049505469998340e-02 1.5190820005283585e-02 0.0000000000000000e+00  -9.9999999980171589e-02 0.0000000000000000e+00 0.0000000000000000e+00  6.4430172845468842e-02 -1.6862281314622900e-03 0.0000000000000000e+00  -2.5653977542827857e-04 6.9136177113278039e-04 0.0000000000000000e+00  -1.0110192998240042e-04 6.8180799616001579e-04 0.0000000000000000e+00  -1.0764785177130801e-04 7.0579017626798879e-04 0.0000000000000000e+00  1.8576194177588850e-03 1.3434849833734660e-05 0.0000000000000000e+00  -4.9598932966386528e-04 -7.2048006004837434e-03 0.0000000000000000e+00  -7.1636158622242281e-04 -3.5883965027532433e-03 0.0000000000000000e+00  -5.4022614524443045e-03 2.1530796674280601e-02 0.0000000000000000e+00  1.6759526260782852e-03 1.4542242311058271e-04 0.0000000000000000e+00  -5.0760249101894271e-02 5.3810943456355084e-03 0.0000000000000000e+00  -6.4981628060748614e-02 1.0431869084867014e-02 0.0000000000000000e+00  -1.6933885658511463e-02 -1.2671514404119334e-02 0.0000000000000000e+00  3.5399742273443005e-05 2.0584956487239483e-03 0.0000000000000000e+00  9.9999999980171589e-02 0.0000000000000000e+00 0.0000000000000000e+00  2.1718488242206110e-02 3.3934643024443735e-03 0.0000000000000000e+00  9.2094322395560504e-03 -4.8262206929269277e-04 0.0000000000000000e+00  -6.4401747112351132e-03 1.5962875749718962e-02 0.0000000000000000e+00  6.7049209950706954e-04 -4.6933126537645678e-04 0.0000000000000000e+00  7.5147144756520012e-02 1.3062179818952888e-05 0.0000000000000000e+00  -8.7523617693165102e-04 -3.9174205123185066e-03 0.0000000000000000e+00  1.2764546478212667e-03 8.9845226272191350e-05 0.0000000000000000e+00  4.0119052074366378e-03 -3.2453647395642416e-03 0.0000000000000000e+00  -1.2331348610365015e-03 1.0841124132935200e-02 0.0000000000000000e+00  2.9976053440484477e-03 1.3828293709199977e-02 0.0000000000000000e+00  2.9607229392314381e-03 1.2493136748789834e-02 0.0000000000000000e+00  4.8631814799713086e-03 1.3352089729824454e-02 0.0000000000000000e+00  3.9791973718427716e-04 7.4978971127647861e-03 0.0000000000000000e+00  5.4581771529341886e-03 -9.8604711337188129e-03 0.0000000000000000e+00  1.7950216253772354e-03 -4.0292668271929045e-04 0.0000000000000000e+00  1.5981881891921349e-02 -1.2092604917902833e-02 0.0000000000000000e+00  2.1162448510983933e-02 -7.5511649219926731e-03 0.0000000000000000e+00  -2.3501978578902207e-03 2.2470297227779076e-03 0.0000000000000000e+00  9.7916939761708722e-03 -8.6025810993058151e-03 0.0000000000000000e+00  -3.1822908863783036e-03 -6.8485321799708026e-04 0.0000000000000000e+00  -3.5773199447638941e-03 -8.7529818265459788e-04 0.0000000000000000e+00  -3.4306483380377880e-03 -2.1855774690011207e-04 0.0000000000000000e+00  8.6692995720887931e-03 3.6693454221193300e-03 0.0000000000000000e+00  1.4519786651752435e-03 -8.6226932247380030e-04 0.0000000000000000e+00  1.6189553705196888e-03 -9.5230715525788966e-04 0.0000000000000000e+00  2.6782671978827806e-04 6.9315206275716659e-04 0.0000000000000000e+00  2.3645469490283298e-03 4.7199680846172880e-04 0.0000000000000000e+00  2.5122203580217081e-03 4.1166410277391471e-04 0.0000000000000000e+00  2.4319867190831200e-03 7.4232804644922207e-04 0.0000000000000000e+00  4.5006087479371034e-03 -1.6155589579846936e-02 0.0000000000000000e+00  -5.0503097338325132e-03 -1.2387357044810350e-02 0.0000000000000000e+00  9.0562400289063167e-03 -2.2644951806941038e-02 0.0000000000000000e+00  -6.1897954941103539e-03 -9.5008358850233506e-03 0.0000000000000000e+00  1.9991051791551856e-03 3.3714897729193570e-04 0.0000000000000000e+00  -1.3113463714401269e-04 -4.0833297996161607e-03 0.0000000000000000e+00  5.2412968487276623e-03 8.0370091133970204e-03 0.0000000000000000e+00  9.8317755058878947e-05 -4.1080579082485870e-04 0.0000000000000000e+00  1.3878392343308414e-04 -4.9752311787648528e-03 0.0000000000000000e+00  -7.4131358067695455e-02 5.6062775644039199e-06 0.0000000000000000e+00  -2.0942352328407214e-03 6.4935943103519352e-03 0.0000000000000000e+00  -3.0256956422077988e-03 7.2984736157757739e-03 0.0000000000000000e+00  -7.5570946558248961e-02 1.3021050233477731e-02 0.0000000000000000e+00  -1.3791812792157674e-03 3.0159868241209545e-04 0.0000000000000000e+00  -8.7509514681112814e-04 4.5637029928512936e-03 0.0000000000000000e+00  -1.1945580769960930e-03 -8.8993852304258426e-05 0.0000000000000000e+00  -1.0121931209814679e-03 -2.9700535809509782e-04 0.0000000000000000e+00  -4.6658199486642447e-04 -1.3605987046604554e-03 0.0000000000000000e+00  5.1106954800662343e-04 5.7516406431765274e-03 0.0000000000000000e+00  -4.0427454510644944e-04 1.2488610970790531e-03 0.0000000000000000e+00  -1.0702594690134695e-02 1.2074631911484088e-02 0.0000000000000000e+00  -1.7331985489231591e-03 -9.6334577606541235e-04 0.0000000000000000e+00  -2.2107250207238217e-03 -2.9305840290145136e-04 0.0000000000000000e+00  -2.3643016164401820e-03 -7.5672840486569134e-04 0.0000000000000000e+00  4.3548063485692344e-03 -8.1018664253591621e-03 0.0000000000000000e+00  -1.0624577545717455e-03 -9.2541272850366445e-03 0.0000000000000000e+00  4.4196221222525192e-04 1.0445234959236750e-02 0.0000000000000000e+00  -7.7224130560702407e-04 5.4015731633512160e-04 0.0000000000000000e+00  -6.6045449125873670e-04 9.0422175182087636e-04 0.0000000000000000e+00  -4.9079128545083742e-04 5.1476589998440659e-04 0.0000000000000000e+00  -1.3058114439581689e-03 2.5844691412262873e-04 0.0000000000000000e+00  -3.1441292512789910e-03 -8.0458634983927683e-03 0.0000000000000000e+00  3.5452449270700025e-04 1.0038572853236158e-02 0.0000000000000000e+00  7.5439679259724723e-04 1.0208449960474356e-02 0.0000000000000000e+00  -1.2755299580456579e-03 9.7747940827237149e-03 0.0000000000000000e+00  -1.2367553055580083e-03 4.7570197565015640e-03 0.0000000000000000e+00  -1.2772700448565846e-03 5.4107481482332208e-03 0.0000000000000000e+00  -9.6955850298524065e-05 5.5468457763335156e-03 0.0000000000000000e+00  -7.1885618282548037e-03 8.3098746527091507e-03 0.0000000000000000e+00  -9.3288869808467022e-03 9.0026911381072619e-03 0.0000000000000000e+00  -6.8936916325856475e-03 9.4070774156114704e-03 0.0000000000000000e+00  1.0011950589104364e-01 -7.2122481969145559e-03 0.0000000000000000e+00  -6.4371338170514797e-02 1.1022070739202004e-04 0.0000000000000000e+00  1.9604069395416914e-03 5.4445810245259583e-04 0.0000000000000000e+00  1.8202172684140450e-03 4.1873786258402003e-04 0.0000000000000000e+00  1.5971031989784848e-03 -7.1181444059106253e-05 0.0000000000000000e+00  -8.1051441392811891e-04 -1.0490294324664124e-02 0.0000000000000000e+00  -1.9711144757963307e-03 8.4750182240668197e-03 0.0000000000000000e+00  -3.7244573759468258e-03 -7.4750490288815526e-03 0.0000000000000000e+00  3.7793540691401992e-03 -4.4207870661410169e-03 0.0000000000000000e+00  8.9093269881411075e-03 -1.5704827062914761e-02 0.0000000000000000e+00  9.4110580348786557e-04 -1.5094379083731936e-02 0.0000000000000000e+00  -1.7489488862337936e-03 -1.6205556298264758e-03 0.0000000000000000e+00  -1.6355742028859978e-03 -9.3060296855789985e-03 0.0000000000000000e+00  -1.8225903105868017e-03 -8.7607684932981406e-03 0.0000000000000000e+00  -1.1703527960620647e-03 -8.7530651180439487e-03 0.0000000000000000e+00  3.2207100767536472e-03 -3.8685834601210381e-03 0.0000000000000000e+00  1.8333991261354141e-03 -3.6432417280498339e-04 0.0000000000000000e+00  1.9824500464386166e-03 1.4742191574108041e-03 0.0000000000000000e+00  5.6054164216682483e-03 -8.0220598365075987e-04 0.0000000000000000e+00  -2.5419775794645089e-03 -2.0817888300865358e-04 0.0000000000000000e+00  3.0068383490185874e-03 1.0819510025407170e-02 0.0000000000000000e+00  -7.2377289568900758e-04 -1.0354350175016012e-02 0.0000000000000000e+00  -6.0575659987767441e-02 9.0427574131907770e-03 0.0000000000000000e+00  -2.1618862732824019e-03 4.3814763086360599e-03 0.0000000000000000e+00  -2.6151426720136114e-03 1.6741196103555080e-04 0.0000000000000000e+00  5.5079666080427147e-03 2.0788268050224109e-03 0.0000000000000000e+00  -2.3720078106694298e-02 -4.7077014735551377e-03 0.0000000000000000e+00  1.8053374289169958e-03 8.6401497207717328e-04 0.0000000000000000e+00  -1.3005097012092065e-02 4.9297080528767964e-03 0.0000000000000000e+00  -2.0919143080751817e-04 1.4186174547170551e-02 0.0000000000000000e+00  -1.5075868980382148e-03 1.2781991850028614e-03 0.0000000000000000e+00  -1.7621223698510108e-03 -2.1784106614604877e-04 0.0000000000000000e+00  -2.5182474679465765e-05 8.7208620893700333e-04 0.0000000000000000e+00  7.3896093560985423e-03 7.5079654105878937e-03 0.0000000000000000e+00  8.3585515716225439e-04 -1.1127905310104965e-02 0.0000000000000000e+00  1.4819994225164566e-03 -1.0464404579709898e-02 0.0000000000000000e+00  8.8371566588779666e-03 1.3686210537354785e-03 0.0000000000000000e+00  2.0035376840238185e-02 1.1032908264760987e-02 0.0000000000000000e+00  -9.7445357217421265e-03 7.3001445172310572e-03 0.0000000000000000e+00  7.2714901850593257e-03 -1.0663607868239551e-03 0.0000000000000000e+00  1.4965857645812713e-03 4.5237015865331647e-03 0.0000000000000000e+00  1.1772787416755000e-03 5.0443909342085900e-03 0.0000000000000000e+00  1.0427654347019849e-03 4.2772086708632532e-03 0.0000000000000000e+00  -5.3515405987322401e-03 -1.0047923638337598e-02 0.0000000000000000e+00  1.0606243810025076e-02 -1.3138353324577258e-02 0.0000000000000000e+00  -1.1005675044352740e-02 -1.9222960902433198e-02 0.0000000000000000e+00  -1.0307608969895344e-03 -1.2649882549829253e-02 0.0000000000000000e+00  1.9269819034175800e-03 2.0754437338672219e-04 0.0000000000000000e+00  -1.4397333292948393e-02 5.7949123256730182e-03 0.0000000000000000e+00  -1.0656747399152044e-03 7.5442602934250860e-03 0.0000000000000000e+00  -1.6800642672822882e-02 4.7003036346592213e-03 0.0000000000000000e+00  -1.3647335489975147e-03 -2.9741734907938103e-04 0.0000000000000000e+00  5.0904988046749878e-03 1.5731849154122308e-02 0.0000000000000000e+00  3.4256891243890815e-03 1.8069835397558087e-02 0.0000000000000000e+00  2.1327248497187844e-03 1.7610056660305740e-02 0.0000000000000000e+00  -7.3966950152134363e-06 1.2371866168788129e-03 0.0000000000000000e+00  1.2541988510592159e-03 -7.7885436077348178e-04 0.0000000000000000e+00  -2.3070653514217689e-03 9.6077902936638415e-04 0.0000000000000000e+00  -1.7762746516942937e-04 8.3674782686972763e-04 0.0000000000000000e+00  -5.3317920871728382e-02 -2.9939647690247050e-03 0.0000000000000000e+00  -6.0540566464641901e-04 -1.3574563600258849e-02 0.0000000000000000e+00  -1.3391823371116690e-02 -7.8607497434896832e-03 0.0000000000000000e+00  6.7892596143109855e-03 -6.4940063362763859e-04 0.0000000000000000e+00  -2.4998133981414278e-02 -6.3275683325322973e-03 0.0000000000000000e+00  -1.7018490027565251e-03 -2.9857381559212552e-04 0.0000000000000000e+00  -1.5840439103547907e-04 1.0293066403207407e-03 0.0000000000000000e+00  -3.2323085185553464e-03 1.0274592579588427e-02 0.0000000000000000e+00  1.7227115567586453e-03 -6.5872392328384852e-04 0.0000000000000000e+00  4.1162048464187398e-03 5.9202738920189520e-03 0.0000000000000000e+00  -5.4014429031936321e-03 -6.9912390540494453e-03 0.0000000000000000e+00  -6.1786041103432179e-03 -8.1456277413831085e-03 0.0000000000000000e+00  -6.7877082393022472e-03 -9.2571601330744355e-03 0.0000000000000000e+00  -2.5382822535263208e-02 1.8808819836668399e-02 0.0000000000000000e+00  2.3312277928006359e-03 2.2390034672790573e-03 0.0000000000000000e+00  -7.5805219226039787e-04 1.1452934621811032e-03 0.0000000000000000e+00  -6.1966670974291024e-03 1.0790058152433791e-02 0.0000000000000000e+00  9.4929466681615215e-04 -6.9670025599145426e-03 0.0000000000000000e+00  6.5103484085670543e-04 -7.4172471760317856e-03 0.0000000000000000e+00  1.1790553261032968e-02 -5.5350154645566890e-03 0.0000000000000000e+00  -1.8522322026576813e-03 -1.8855265563116438e-04 0.0000000000000000e+00  2.5406291598299743e-03 -2.3129805594101537e-03 0.0000000000000000e+00  3.1364247639598525e-03 -9.4628343460190258e-03 0.0000000000000000e+00  3.5712474970936853e-02 1.2053256386285449e-03 0.0000000000000000e+00  -3.5179065604898474e-02 -8.2969426274680756e-04 0.0000000000000000e+00  -1.6887742703144691e-04 7.8165906897623247e-04 0.0000000000000000e+00  7.8504484671992772e-05 3.7356690372174038e-04 0.0000000000000000e+00  -7.7610128056148243e-04 -7.5234403727592741e-03 0.0000000000000000e+00  -7.6247207119943712e-03 -6.8872875732919432e-03 0.0000000000000000e+00  -1.8443386679496129e-04 9.0837558361693657e-04 0.0000000000000000e+00  -5.2660050414957117e-02 4.3879983688344094e-02 0.0000000000000000e+00  -1.1956079053953991e-03 -4.5760472905602168e-04 0.0000000000000000e+00  -2.0231562829754494e-04 -9.3162093003886694e-03 0.0000000000000000e+00  8.3485499466244267e-03 1.5725497602905762e-02 0.0000000000000000e+00  -4.1924568909034588e-04 7.3387248017522651e-05 0.0000000000000000e+00  -1.8880413409153097e-03 2.6394558893297825e-04 0.0000000000000000e+00  3.5074924576271822e-02 -3.5438100522959177e-03 0.0000000000000000e+00  -3.3597145884147694e-02 4.8784510963836084e-03 0.0000000000000000e+00  -1.3596328203804770e-03 1.3813652583240181e-04 0.0000000000000000e+00  3.8019589741294928e-02 1.3331090189790896e-04 0.0000000000000000e+00  6.4673719068578331e-05 6.1731741949436647e-04 0.0000000000000000e+00  -5.6008565767567374e-03 1.0861263143029628e-02 0.0000000000000000e+00  -6.4566605911729903e-03 9.1168738832127661e-03 0.0000000000000000e+00  5.5608353450598759e-02 4.0218446953085918e-05 0.0000000000000000e+00  -1.8290763304032908e-02 -1.2751161065638528e-02 0.0000000000000000e+00  5.4103298928997231e-04 5.8978939824594128e-05 0.0000000000000000e+00  -6.5331221157467097e-05 6.1059278019755985e-03 0.0000000000000000e+00  4.3616350659062362e-03 1.0450883561365471e-03 0.0000000000000000e+00  -8.9815606504157087e-03 5.6606448879919016e-03 0.0000000000000000e+00  -7.4572613963338899e-03 7.1392528461534949e-03 0.0000000000000000e+00  -8.2700732896561630e-03 7.7504338243982365e-03 0.0000000000000000e+00  -8.0933422010630043e-02 1.6901173110057455e-02 0.0000000000000000e+00  -8.6164114031769767e-02 9.8136585707053279e-03 0.0000000000000000e+00  3.4064078688461961e-03 1.2889367803015552e-03 0.0000000000000000e+00  7.1940163020504252e-02 6.9332831870346011e-04 0.0000000000000000e+00  8.5378479749013709e-03 -2.7083288369068523e-03 0.0000000000000000e+00  -6.7516629784433449e-03 2.4536029183807014e-03 0.0000000000000000e+00  4.6413882752680520e-03 4.0062376284967357e-03 0.0000000000000000e+00  -2.6814620179027739e-04 4.7670791386059716e-04 0.0000000000000000e+00  4.6288398355202182e-04 1.3908554201347500e-03 0.0000000000000000e+00  -6.9855839233671953e-03 -7.1782033737601749e-03 0.0000000000000000e+00  -1.9889752946170824e-04 -3.1986117686110412e-03 0.0000000000000000e+00  -6.5085905613553249e-02 -8.9007548260215368e-05 0.0000000000000000e+00  -7.4716977500591697e-04 5.7883991174369123e-03 0.0000000000000000e+00  -1.1602113238678982e-03 -9.2829057695467525e-07 0.0000000000000000e+00  2.2630119669398807e-03 -4.5114442739246864e-04 0.0000000000000000e+00  -1.0442772878059734e-03 1.5102611381272814e-04 0.0000000000000000e+00  1.1274355459555894e-04 1.3464500526161756e-03 0.0000000000000000e+00  -6.2943840965771599e-05 1.1216534407940254e-03 0.0000000000000000e+00  6.8704664575534020e-05 1.1226256952874994e-03 0.0000000000000000e+00  -1.1916722599278914e-02 3.5419201210408879e-03 0.0000000000000000e+00  -1.5728035448030659e-02 -5.3733520605326454e-03 0.0000000000000000e+00  -3.8235737176721572e-03 -4.4279217565409241e-03 0.0000000000000000e+00  -1.1377325843308616e-02 -1.8329240040877295e-02 0.0000000000000000e+00  -5.2230121964311953e-04 -8.7906374051506860e-03 0.0000000000000000e+00  -5.7618038419742792e-04 -8.7478060140404879e-03 0.0000000000000000e+00  2.6425889472883259e-03 6.1566606891095181e-03 0.0000000000000000e+00  4.8894204135121783e-04 3.9598769219745109e-04 0.0000000000000000e+00  3.3175249783839894e-03 8.6975917157167456e-03 0.0000000000000000e+00  6.3944973560086413e-04 5.7577185287622278e-03 0.0000000000000000e+00  7.6021427621127092e-04 8.9537361407496414e-03 0.0000000000000000e+00  -8.4232198734542627e-04 3.9765519928314989e-04 0.0000000000000000e+00  -8.9502467480050965e-04 3.2842592472839713e-04 0.0000000000000000e+00  -9.5611959193284872e-04 3.6058333379542971e-04 0.0000000000000000e+00  -9.4333494657668319e-03 2.1563937194564722e-03 0.0000000000000000e+00  1.4296694424838449e-03 9.6507331952748240e-03 0.0000000000000000e+00  -3.5356199411732282e-04 -7.5179918858027882e-04 0.0000000000000000e+00  -5.3681418991337597e-04 -7.0661957051098407e-04 0.0000000000000000e+00  -6.6014577048314149e-02 -3.3575918765791308e-06 0.0000000000000000e+00  -2.9397711435044365e-03 4.4100552089612480e-04 0.0000000000000000e+00  1.4187619169710201e-03 1.8827550408934341e-03 0.0000000000000000e+00  9.8216484674065632e-04 1.8285910645139765e-03 0.0000000000000000e+00  1.2440555662359216e-03 1.6046399981005876e-03 0.0000000000000000e+00  1.6339847499319924e-03 1.6978244591505643e-03 0.0000000000000000e+00  6.0204618018699018e-04 7.9730746802958163e-03 0.0000000000000000e+00  8.4613495120861061e-03 1.0728655590564708e-02 0.0000000000000000e+00  5.9475013064416604e-02 -1.8939201532577001e-04 0.0000000000000000e+00  5.3868447613069107e-04 8.8947097602467343e-03 0.0000000000000000e+00  -9.1463515388858935e-06 -1.5080677964577700e-03 0.0000000000000000e+00  -1.3755968334839706e-03 -3.1291658026113621e-03 0.0000000000000000e+00  -3.8624814109317909e-02 1.9706734698386210e-02 0.0000000000000000e+00  2.4677459202625452e-04 -1.0397079655608238e-02 0.0000000000000000e+00  -3.1729113149767639e-04 -1.0175519650389311e-02 0.0000000000000000e+00  -1.9360049849984561e-04 1.1432894705988594e-03 0.0000000000000000e+00  1.0292815352094255e-02 -2.6997225585777872e-03 0.0000000000000000e+00  2.1184492530589558e-04 1.7525232216303217e-03 0.0000000000000000e+00  1.9913946417461447e-04 1.4611688373379473e-03 0.0000000000000000e+00  1.3784540682564854e-03 1.7322216983232225e-04 0.0000000000000000e+00  3.3855314782288617e-03 1.6472204100762937e-02 0.0000000000000000e+00  5.9968173693620329e-03 1.3009724956897770e-02 0.0000000000000000e+00  3.5067276059392010e-04 -4.5246769990807600e-03 0.0000000000000000e+00  -1.6567298566721102e-03 1.5784295472647810e-04 0.0000000000000000e+00  -1.7404127193491881e-03 1.0454031839142858e-04 0.0000000000000000e+00  -1.6193852021365973e-03 7.0730279781148033e-05 0.0000000000000000e+00  -5.7078213801281169e-02 7.4207783604869132e-03 0.0000000000000000e+00  -6.2545939424224171e-03 -1.2512264163426231e-02 0.0000000000000000e+00  1.8984678772950504e-03 9.4445136087228408e-05 0.0000000000000000e+00  1.8325728591826417e-03 4.8113926014950028e-05 0.0000000000000000e+00  -5.1890869986489743e-06 -7.7713683312515447e-04 0.0000000000000000e+00  -2.6466808643265402e-04 -5.0493937669234326e-04 0.0000000000000000e+00  -1.4575870998378202e-02 -9.5246315976698411e-03 0.0000000000000000e+00  -8.4578401317879758e-03 -5.0574379910483585e-03 0.0000000000000000e+00  3.2850834041611987e-03 4.0078429740697665e-04 0.0000000000000000e+00  2.7690250798568564e-03 4.9855768556277967e-04 0.0000000000000000e+00  -2.3378606013049284e-03 -2.8212265018951231e-03 0.0000000000000000e+00  1.1070356250797184e-03 -8.6774916492586753e-03 0.0000000000000000e+00  1.8908963774807272e-03 -8.2610027657788344e-03 0.0000000000000000e+00  9.6069828711577176e-04 -7.9947358014410778e-03 0.0000000000000000e+00  2.0755589424168094e-03 -7.0594458842112530e-03 0.0000000000000000e+00  1.8947349180920966e-04 -5.7116032759564823e-04 0.0000000000000000e+00  1.7136131294808954e-04 -5.3440922261189855e-04 0.0000000000000000e+00  6.3604760836296270e-03 8.9289760397320058e-03 0.0000000000000000e+00  7.1141316025632572e-03 1.0977583771655910e-02 0.0000000000000000e+00  7.0112936370424631e-03 9.9284183780228869e-03 0.0000000000000000e+00  -2.6462705118971233e-04 -7.6678373372456499e-04 0.0000000000000000e+00  -9.4559871301809885e-04 -6.3366565530881373e-03 0.0000000000000000e+00  -5.6073564953084364e-04 -5.9656175568725154e-03 0.0000000000000000e+00  8.2371750739723502e-03 2.4321420186590160e-02 0.0000000000000000e+00  5.8283179234689851e-04 -7.5494330914570795e-04 0.0000000000000000e+00  -6.5737159163241849e-03 -7.9264710448244940e-03 0.0000000000000000e+00  2.1798650578610554e-03 -8.4475809721674822e-05 0.0000000000000000e+00  -3.7528384744285294e-04 8.3951880272656342e-04 0.0000000000000000e+00  2.7303543669444695e-03 1.1138764427270282e-03 0.0000000000000000e+00  -1.2060122389649516e-03 -9.3476607620589821e-04 0.0000000000000000e+00  -8.5757240099762404e-05 4.4999462034717077e-04 0.0000000000000000e+00  -5.6582316467296643e-03 3.0492558560064604e-03 0.0000000000000000e+00  6.3315765117470417e-03 1.3048121590631474e-02 0.0000000000000000e+00  7.1681324936733537e-03 1.1625210719133389e-02 0.0000000000000000e+00  1.2080647834792346e-03 -4.1181450911475598e-04 0.0000000000000000e+00  1.3292358905798672e-03 -5.9658473282282872e-04 0.0000000000000000e+00  6.4845997387060427e-04 2.8419840770944798e-03 0.0000000000000000e+00  -3.0771799061076198e-04 7.7140015439278024e-04 0.0000000000000000e+00  -9.3480556217758037e-03 -1.6477964686403986e-03 0.0000000000000000e+00  4.1505395293893362e-03 -1.2478524386061954e-02 0.0000000000000000e+00  4.2731288052707313e-03 -9.0158875836833848e-03 0.0000000000000000e+00  6.0559050100853027e-04 1.0568256477946427e-02 0.0000000000000000e+00  8.3699586593706532e-04 3.7860514386662139e-03 0.0000000000000000e+00  1.6868203125814155e-03 -1.1657055133797944e-02 0.0000000000000000e+00  -6.7240790496962178e-04 -1.7814533927491961e-03 0.0000000000000000e+00  -3.4550167435240080e-03 -2.8299038559683933e-03 0.0000000000000000e+00  -7.7382254707505308e-04 -1.5339623333641991e-03 0.0000000000000000e+00  -1.0966019483691644e-03 -8.0064116594867618e-03 0.0000000000000000e+00  7.9769750613355277e-03 -1.1224495951465040e-02 0.0000000000000000e+00  -3.0998938766706881e-03 -2.0436632878465992e-03 0.0000000000000000e+00  6.8745147378677679e-04 -1.0468780803752449e-02 0.0000000000000000e+00  3.8342943808274445e-03 1.6405425247920039e-03 0.0000000000000000e+00  -3.6348213274819768e-03 -2.7670682494969302e-03 0.0000000000000000e+00  7.5858767345676217e-02 2.3727113056349402e-04 0.0000000000000000e+00  -6.5431544018157442e-02 -2.5368508740140399e-05 0.0000000000000000e+00  2.1852154291532001e-05 1.6230791333975085e-03 0.0000000000000000e+00  -3.1373499233327840e-04 -5.1874957634635071e-03 0.0000000000000000e+00  -5.1785316163339808e-06 7.0289007087453038e-04 0.0000000000000000e+00  -3.7552756194522340e-05 2.3651611418527342e-04 0.0000000000000000e+00  -3.9517704550829432e-04 -6.2063439541408883e-03 0.0000000000000000e+00  -2.8814584312435697e-04 -2.3537255854051871e-03 0.0000000000000000e+00  9.9999999980171589e-02 0.0000000000000000e+00 0.0000000000000000e+00  9.9999999980171589e-02 0.0000000000000000e+00 0.0000000000000000e+00  7.2527946362569372e-04 9.6319874057924637e-03 0.0000000000000000e+00  -5.7743819701011644e-04 -8.7416875457770344e-03 0.0000000000000000e+00  5.4079985498305711e-05 -3.4806520616827765e-04 0.0000000000000000e+00  6.2472394916443367e-04 8.8846738970315038e-03 0.0000000000000000e+00  -6.0874396754950224e-05 -5.2014758822338492e-04 0.0000000000000000e+00  -2.3052043485799382e-05 -5.6585373176095321e-04 0.0000000000000000e+00  3.2204548770377306e-04 6.7436664179362053e-03 0.0000000000000000e+00  9.9999999980171589e-02 0.0000000000000000e+00 0.0000000000000000e+00  9.9999999980171589e-02 0.0000000000000000e+00 0.0000000000000000e+00  -9.9999999980171589e-02 0.0000000000000000e+00 0.0000000000000000e+00  -8.0369752982490801e-05 -4.2072911293647121e-04 0.0000000000000000e+00  -8.2534412153402838e-04 -9.3529714916412657e-03 0.0000000000000000e+00  -9.9999999980171589e-02 0.0000000000000000e+00 0.0000000000000000e+00  9.9999999980171589e-02 0.0000000000000000e+00 0.0000000000000000e+00  9.9999999980171589e-02 0.0000000000000000e+00 0.0000000000000000e+00  1.8455156440270055e-04 2.8594321849452903e-03 0.0000000000000000e+00  -2.3333801859046067e-04 -5.5955964876803366e-03 0.0000000000000000e+00  1.0586928594866965e-04 2.9183255315816029e-04 0.0000000000000000e+00  -4.9862799431061049e-04 -6.1688630102849683e-03 0.0000000000000000e+00  -3.0878662164715977e-04 -6.3753051469152937e-03 0.0000000000000000e+00  -9.9999999980171589e-02 0.0000000000000000e+00 0.0000000000000000e+00  -2.8342155771307685e-05 6.6222054334998354e-04 0.0000000000000000e+00  -9.9999999980171589e-02 0.0000000000000000e+00 0.0000000000000000e+00  -1.3115953410493047e-05 -1.8994348067486702e-03 0.0000000000000000e+00  -1.3636184274313970e-04 -8.4163466965256925e-04 0.0000000000000000e+00  -3.6515824013088949e-04 -7.1762014080063632e-03 0.0000000000000000e+00  -9.9999999980171589e-02 0.0000000000000000e+00 0.0000000000000000e+00  -6.6291246166500656e-04 -8.4733578505632162e-03 0.0000000000000000e+00  -6.2854382199573739e-04 -8.0070960617640522e-03 0.0000000000000000e+00  -9.9999999980171589e-02 0.0000000000000000e+00 0.0000000000000000e+00  5.5229582116499517e-05 5.9691351769587881e-04 0.0000000000000000e+00  6.5666660327417864e-04 6.9973091585373431e-03 0.0000000000000000e+00  9.9999999980171589e-02 0.0000000000000000e+00 0.0000000000000000e+00  -9.9999999980171589e-02 0.0000000000000000e+00 0.0000000000000000e+00  3.5526391704959855e-05 3.1772505425238068e-04 0.0000000000000000e+00  -5.2346655476379262e-04 -5.1262962936324740e-03 0.0000000000000000e+00  9.9999999980171589e-02 0.0000000000000000e+00 0.0000000000000000e+00  7.1748819924834380e-04 9.6837885530317632e-03 0.0000000000000000e+00  -9.9999999980171589e-02 0.0000000000000000e+00 0.0000000000000000e+00  -1.7685574831342038e-04 -4.7967114239817078e-03 0.0000000000000000e+00  -9.9999999980171589e-02 0.0000000000000000e+00 0.0000000000000000e+00  -9.9999999980171589e-02 0.0000000000000000e+00 0.0000000000000000e+00  -5.3856202151925906e-04 -8.4316607395163393e-03 0.0000000000000000e+00  7.6847823705531858e-04 1.0503983228730125e-02 0.0000000000000000e+00  1.5426002088850049e-04 2.0905906945196105e-03 0.0000000000000000e+00  -9.9999999980171589e-02 0.0000000000000000e+00 0.0000000000000000e+00  3.1477002572202338e-04 4.7251961758814449e-03 0.0000000000000000e+00  4.4314441339562461e-04 4.4949482986634181e-03 0.0000000000000000e+00  -4.1792198779546757e-04 -5.0580341313806549e-03 0.0000000000000000e+00  -3.4316501379596522e-04 -3.7760165235320472e-03 0.0000000000000000e+00  3.0791630191806952e-05 -4.9084149639714078e-05 0.0000000000000000e+00  -9.9999999980171589e-02 0.0000000000000000e+00 0.0000000000000000e+00  5.4345036334898266e-06 -5.7126188548385442e-04 0.0000000000000000e+00  -2.0280273776396074e-05 8.6069603968471438e-04 0.0000000000000000e+00  -3.9561443318425910e-05 -2.3447387177192715e-03 0.0000000000000000e+00  -6.2354433431975403e-05 -2.8494976325739900e-03 0.0000000000000000e+00  -2.1641727714701685e-05 7.2369520546099685e-04 0.0000000000000000e+00  -1.7820717897087353e-05 7.3682521077617471e-04 0.0000000000000000e+00  -8.0737679381498873e-04 -8.5150122521353028e-03 0.0000000000000000e+00  -6.8521057729674221e-04 -9.8335572226645965e-03 0.0000000000000000e+00  7.5387565433338390e-04 1.0495076475152779e-02 0.0000000000000000e+00  -9.9999999980171589e-02 0.0000000000000000e+00 0.0000000000000000e+00  1.5038336653230811e-04 4.3848117163929820e-03 0.0000000000000000e+00  2.5007436848820477e-04 5.9062421959166543e-03 0.0000000000000000e+00  5.3294382022977085e-04 5.4829095504157314e-03 0.0000000000000000e+00  1.9431598667285263e-04 5.1267807155475457e-03 0.0000000000000000e+00  3.6582725825869693e-05 2.5301755645041816e-03 0.0000000000000000e+00  -9.9999999980171589e-02 0.0000000000000000e+00 0.0000000000000000e+00  3.3152980929740443e-04 3.1465830933778780e-03 0.0000000000000000e+00  6.0796659593106571e-04 6.9111224150369566e-03 0.0000000000000000e+00  -9.9999999980171589e-02 0.0000000000000000e+00 0.0000000000000000e+00  -9.9999999980171589e-02 0.0000000000000000e+00 0.0000000000000000e+00  -9.9999999980171589e-02 0.0000000000000000e+00 0.0000000000000000e+00  9.9999999980171589e-02 0.0000000000000000e+00 0.0000000000000000e+00  9.9999999980171589e-02 0.0000000000000000e+00 0.0000000000000000e+00  -8.4646652028896765e-05 -3.4234721696728494e-03 0.0000000000000000e+00  2.2108444205162745e-04 1.7531573566944546e-03 0.0000000000000000e+00  7.4876457158399196e-05 1.0100249539868290e-03 0.0000000000000000e+00  3.9758832655668130e-05 6.0748884184120416e-04 0.0000000000000000e+00  9.9999999980171589e-02 0.0000000000000000e+00 0.0000000000000000e+00  9.9999999980171589e-02 0.0000000000000000e+00 0.0000000000000000e+00  -7.6304702422592323e-04 -7.5117376675212207e-03 0.0000000000000000e+00  5.4347510263617655e-04 6.8978139831565918e-03 0.0000000000000000e+00  2.1761334341592786e-05 -5.2047426698137943e-04 0.0000000000000000e+00  -4.6729752867919692e-04 -7.8742609276393691e-03 0.0000000000000000e+00  -5.0534904035954191e-05 -4.4936242444344103e-04 0.0000000000000000e+00  -9.9999999980171589e-02 0.0000000000000000e+00 0.0000000000000000e+00  -9.9999999980171589e-02 0.0000000000000000e+00 0.0000000000000000e+00  9.9999999980171589e-02 0.0000000000000000e+00 0.0000000000000000e+00  9.9999999980171589e-02 0.0000000000000000e+00 0.0000000000000000e+00  9.9999999980171589e-02 0.0000000000000000e+00 0.0000000000000000e+00  -9.9999999980171589e-02 0.0000000000000000e+00 0.0000000000000000e+00  -9.9999999980171589e-02 0.0000000000000000e+00 0.0000000000000000e+00  9.9999999980171589e-02 0.0000000000000000e+00 0.0000000000000000e+00  9.9999999980171589e-02 0.0000000000000000e+00 0.0000000000000000e+00  7.4400620950549813e-06 -1.1400895661677309e-03 0.0000000000000000e+00  9.9999999980171589e-02 0.0000000000000000e+00 0.0000000000000000e+00  9.9999999980171589e-02 0.0000000000000000e+00 0.0000000000000000e+00  -9.9999999980171589e-02 0.0000000000000000e+00 0.0000000000000000e+00  5.6438520749169075e-04 8.6266744633882037e-03 0.0000000000000000e+00  -5.8505016104616278e-04 -8.1408407520053155e-03 0.0000000000000000e+00  -1.4971483695527479e-04 -2.3517727461773111e-03 0.0000000000000000e+00  4.6707466324017478e-05 -4.6787383589717282e-04 0.0000000000000000e+00  2.8413908196242766e-05 -8.0276856316715856e-04 0.0000000000000000e+00  -2.8083281404566617e-04 -4.1717585180512887e-03 0.0000000000000000e+00  4.8057953666158482e-04 8.1098503335369360e-03 0.0000000000000000e+00  5.6557388197686826e-04 6.0577183785182533e-03 0.0000000000000000e+00  9.9999999980171589e-02 0.0000000000000000e+00 0.0000000000000000e+00  7.0015200462552175e-04 7.9532982753461271e-03 0.0000000000000000e+00  -7.3249693873997027e-05 -1.0357417932977118e-03 0.0000000000000000e+00  7.1387297942221309e-04 8.5377413072010785e-03 0.0000000000000000e+00  9.9999999980171589e-02 0.0000000000000000e+00 0.0000000000000000e+00  9.9999999980171589e-02 0.0000000000000000e+00 0.0000000000000000e+00  -9.9999999980171589e-02 0.0000000000000000e+00 0.0000000000000000e+00  -2.9996015585606728e-05 5.2226183889461002e-04 0.0000000000000000e+00  9.5377348673121712e-05 2.1126278658006631e-03 0.0000000000000000e+00  -4.3909191636670503e-04 -3.7407470604638193e-03 0.0000000000000000e+00  9.9999999980171589e-02 0.0000000000000000e+00 0.0000000000000000e+00  -9.9999999980171589e-02 0.0000000000000000e+00 0.0000000000000000e+00  8.3692615998760163e-05 -7.7351671952602158e-04 0.0000000000000000e+00  -5.0072232791799191e-04 -3.9623888733949149e-05 0.0000000000000000e+00  3.9494278392640612e-04 -2.9273059452540872e-04 0.0000000000000000e+00  2.7333632856468724e-03 -2.0082837188162884e-02 0.0000000000000000e+00  -1.6509862525123302e-03 -8.8705084581207200e-06 0.0000000000000000e+00  -1.5697656144353440e-02 -5.4375994658252980e-03 0.0000000000000000e+00  -4.8507712618123311e-02 1.0541817015034484e-02 0.0000000000000000e+00  -3.5981541684791126e-04 -7.3202218266967131e-04 0.0000000000000000e+00  -2.9693080620323150e-04 -5.8811007347185271e-04 0.0000000000000000e+00  -3.1632834029741096e-04 -6.7213943980412594e-04 0.0000000000000000e+00  -2.2679306738067370e-03 3.3211259409597995e-04 0.0000000000000000e+00  5.7191056627607893e-02 -7.8616169801467087e-03 0.0000000000000000e+00  -7.3659317442724371e-03 -4.7906441999942670e-03 0.0000000000000000e+00  -1.3318767024724572e-03 8.1377454225806875e-03 0.0000000000000000e+00  -2.8432800767448571e-03 1.1209903070556033e-02 0.0000000000000000e+00  -1.9406590286172619e-03 -4.2468508181295588e-04 0.0000000000000000e+00  -1.9666940584769340e-03 -3.1776117252741386e-04 0.0000000000000000e+00  -1.8405330425033202e-03 -3.7451435135595155e-04 0.0000000000000000e+00  -6.4077009578023788e-03 1.8325201779439588e-04 0.0000000000000000e+00  -5.5690478007830294e-04 -2.2941783095029823e-03 0.0000000000000000e+00  -7.6100265552325665e-04 1.1793430692785124e-03 0.0000000000000000e+00  -8.1271189466419879e-03 1.2385419083309689e-02 0.0000000000000000e+00  -4.9456305530056782e-02 5.9377194573320205e-03 0.0000000000000000e+00  7.4741561490588790e-02 -2.1737335622708760e-02 0.0000000000000000e+00  6.4223876240688859e-03 -3.3247079157134375e-03 0.0000000000000000e+00  -3.9028946982315455e-04 5.2769924850614846e-04 0.0000000000000000e+00  -4.4198054914666021e-05 3.8864552772168440e-04 0.0000000000000000e+00  -6.0476857969779031e-04 7.6622364561710097e-05 0.0000000000000000e+00  -1.5043263588095557e-03 3.5545740432878816e-04 0.0000000000000000e+00  -2.3506341417475298e-03 -1.4781668330976648e-03 0.0000000000000000e+00  3.1326548053719648e-04 -6.4393163765415012e-04 0.0000000000000000e+00  4.0231454529902780e-04 -6.7424690404825464e-04 0.0000000000000000e+00  7.8710961749152691e-03 -9.5382232004242971e-03 0.0000000000000000e+00  7.4347298903078571e-03 5.6205116354891935e-04 0.0000000000000000e+00  -1.3844064232267979e-02 -1.5715564689441585e-02 0.0000000000000000e+00  -5.9547954262767827e-03 2.5542105186785705e-03 0.0000000000000000e+00  4.8453460305532348e-03 4.5936597346933920e-03 0.0000000000000000e+00  2.7118701999446632e-03 4.1240014057129879e-03 0.0000000000000000e+00  7.7530670878851980e-03 6.5895496161181158e-03 0.0000000000000000e+00  1.2905379859026651e-03 7.4128818655940659e-04 0.0000000000000000e+00  -6.0434260197234054e-03 2.5273695060034051e-04 0.0000000000000000e+00  3.0650695525164673e-04 -5.6926327108339518e-04 0.0000000000000000e+00  1.0182098987149474e-02 2.5848681476438175e-03 0.0000000000000000e+00  4.4324161691749742e-02 -3.5417319191826612e-03 0.0000000000000000e+00  2.7736360724127330e-04 -6.1765339399272084e-04 0.0000000000000000e+00  5.7947268295208076e-02 -1.0814197623377700e-04 0.0000000000000000e+00  3.2961662310400440e-03 2.9205041715072238e-03 0.0000000000000000e+00  -3.1817012441019482e-03 -4.0774715902988352e-04 0.0000000000000000e+00  -1.9730134044639767e-03 -8.1191933891024987e-03 0.0000000000000000e+00  -2.2074500321178953e-03 -8.9216833348811746e-03 0.0000000000000000e+00  -1.5406557364678315e-03 -9.0106262970310203e-03 0.0000000000000000e+00  1.5275754187558590e-03 6.5769029393609351e-04 0.0000000000000000e+00  6.1211047536733438e-04 2.7161743776080824e-03 0.0000000000000000e+00  -2.1705717410219483e-03 -1.7614844372085845e-03 0.0000000000000000e+00  4.6915696350227827e-04 5.4856850204852616e-04 0.0000000000000000e+00  7.7605134951182084e-02 -1.6241862122456353e-02 0.0000000000000000e+00  2.3505354679142659e-03 -8.5553849669106220e-03 0.0000000000000000e+00  2.7436458775804951e-03 -9.0239616787836287e-03 0.0000000000000000e+00  -2.3701423663687729e-04 6.5960892048764065e-04 0.0000000000000000e+00  -2.7760628218399238e-04 6.7541421768113055e-03 0.0000000000000000e+00  -4.5020531359900185e-03 6.8226767943666087e-03 0.0000000000000000e+00  -5.8332255381305723e-03 6.8840981406895129e-03 0.0000000000000000e+00  5.5459248066517903e-03 1.8900167780759212e-03 0.0000000000000000e+00  8.7676470983876122e-03 3.3508909170736761e-03 0.0000000000000000e+00  6.4235831375390844e-03 3.2483035073428029e-03 0.0000000000000000e+00  7.2009235737415227e-03 1.0310449179931386e-03 0.0000000000000000e+00  -1.2887104182329027e-02 -1.9264517757693793e-03 0.0000000000000000e+00  -1.0554341324491219e-02 -1.8679614453692634e-03 0.0000000000000000e+00  -1.6801451003054853e-02 -2.6826350890662765e-03 0.0000000000000000e+00  -1.0136311370473288e-02 -3.7963064112941950e-03 0.0000000000000000e+00  -7.5658195533299562e-03 -4.7170061847433267e-03 0.0000000000000000e+00  -7.6492656677169474e-03 -1.2052672621068603e-02 0.0000000000000000e+00  2.5974337109781541e-03 1.2483329589686431e-02 0.0000000000000000e+00  1.0863142213782247e-03 -1.5973759773635330e-04 0.0000000000000000e+00  8.3097421640726294e-04 1.0445659736382286e-02 0.0000000000000000e+00  4.9846930493182304e-04 -3.8692799063251619e-04 0.0000000000000000e+00  5.6083382361075214e-04 -3.9252287813491582e-04 0.0000000000000000e+00  5.8147582897601319e-04 -4.6056663706280277e-04 0.0000000000000000e+00  -1.8698286766669814e-03 2.6963519795770600e-04 0.0000000000000000e+00  2.4801641220868770e-03 9.1670399576110762e-04 0.0000000000000000e+00  -6.7038983362612999e-03 -8.3232193371016207e-03 0.0000000000000000e+00  -6.5274325739732202e-03 -8.0314852670396418e-03 0.0000000000000000e+00  -9.7525727123104781e-04 5.8995021247621569e-05 0.0000000000000000e+00  1.9610129578165707e-03 1.1320506183293520e-03 0.0000000000000000e+00  -2.1611093899444125e-02 -1.4154594896875212e-02 0.0000000000000000e+00  -6.5692362509834944e-03 -1.2278738418489626e-02 0.0000000000000000e+00  -6.8160592803057692e-03 -9.5710334430615940e-03 0.0000000000000000e+00  -6.4558128264872120e-03 -9.7822030264843682e-03 0.0000000000000000e+00  -2.4087700742382993e-03 -4.2582095551943022e-04 0.0000000000000000e+00  -9.9018363447958687e-04 3.0891367939370160e-05 0.0000000000000000e+00  -1.2415478989536777e-03 8.0607621433469723e-03 0.0000000000000000e+00  6.2284542495972088e-03 7.0512295991056609e-03 0.0000000000000000e+00  -2.5466647702207360e-02 -6.5355900868623914e-03 0.0000000000000000e+00  -5.6372858779499095e-03 4.4621304052500500e-04 0.0000000000000000e+00  -5.0551021932072424e-03 -3.7392064960439878e-04 0.0000000000000000e+00  -3.4881623329082170e-03 2.9434858059969446e-03 0.0000000000000000e+00  -2.0384652162707170e-02 5.3870238718612433e-03 0.0000000000000000e+00  3.1579176461512563e-03 1.5389955956147117e-02 0.0000000000000000e+00  -2.2378634297696193e-03 7.6991925341542589e-04 0.0000000000000000e+00  -1.8785038564282251e-03 1.1301373575429406e-03 0.0000000000000000e+00  -2.0782599896912754e-03 1.1552047077852273e-03 0.0000000000000000e+00  5.1876345808582565e-03 -7.7955723494578088e-03 0.0000000000000000e+00  9.3767553884102468e-05 -5.4705631223155775e-04 0.0000000000000000e+00  -1.1432229615536034e-03 1.2864503040934251e-04 0.0000000000000000e+00  1.4020909191839565e-03 -1.1310727404977209e-02 0.0000000000000000e+00  -9.2966615413017325e-04 2.0565682108524734e-03 0.0000000000000000e+00  -2.3708885952793721e-04 1.8374454315390259e-03 0.0000000000000000e+00  -4.6332761035275585e-03 -2.3795958842427497e-03 0.0000000000000000e+00  -7.0370850092975638e-03 -6.8660393065758845e-03 0.0000000000000000e+00  -6.5761820666091408e-03 -5.8601687331911838e-03 0.0000000000000000e+00  5.5784070181675938e-03 -4.7839854200902208e-04 0.0000000000000000e+00  8.4989565571677052e-04 1.5295235303550564e-03 0.0000000000000000e+00  4.3100789884308766e-02 -1.3231715178873447e-02 0.0000000000000000e+00  -7.5144225842669041e-02 -1.0557734758128748e-04 0.0000000000000000e+00  -1.8245744392152020e-03 1.6441279007626178e-04 0.0000000000000000e+00  -3.6420117123078049e-03 -5.7839754590332691e-03 0.0000000000000000e+00  -1.0262198041718486e-04 -9.1147943225152392e-03 0.0000000000000000e+00  3.8058762839732535e-03 1.0989052843424498e-02 0.0000000000000000e+00  3.1758316023842419e-03 4.8761799668725875e-02 0.0000000000000000e+00  -3.1247577245758218e-03 1.4687312626182275e-03 0.0000000000000000e+00  -2.4565344863443674e-03 2.4627122209333174e-03 0.0000000000000000e+00  -3.2600290411559968e-03 3.0431236535236081e-03 0.0000000000000000e+00  4.4134227348274933e-03 1.6118995341363060e-02 0.0000000000000000e+00  1.6300187127416148e-02 1.1294343021324264e-02 0.0000000000000000e+00  2.3225875186628265e-02 8.8108644642303103e-03 0.0000000000000000e+00  2.0194354141328261e-03 -1.0224458886169855e-02 0.0000000000000000e+00  1.1188023403507930e-03 -9.3133950787145127e-03 0.0000000000000000e+00  -5.1126634156231660e-03 1.0043877385148968e-02 0.0000000000000000e+00  -4.3880339235209068e-03 1.0609526066859352e-02 0.0000000000000000e+00  -1.7760946069090744e-03 -1.4084705090256890e-04 0.0000000000000000e+00  2.3313305694731144e-03 -1.0903090975334069e-02 0.0000000000000000e+00  -4.2612903534068108e-03 5.5619876238680067e-03 0.0000000000000000e+00  -5.6190860587982290e-03 4.3975106282885838e-03 0.0000000000000000e+00  -4.0144344207879686e-03 4.2598326152874354e-03 0.0000000000000000e+00  -6.3880477144408795e-04 -6.7560336117800397e-03 0.0000000000000000e+00  5.8018830861722849e-04 7.2880889588798868e-03 0.0000000000000000e+00  -8.4038993890081417e-04 -5.2315289805659831e-04 0.0000000000000000e+00  -4.3815000232503946e-03 -5.1260202434498621e-03 0.0000000000000000e+00  4.8717201696661482e-04 1.1437556529508943e-02 0.0000000000000000e+00  -2.0725614811870682e-03 -5.1824464320636334e-03 0.0000000000000000e+00  -4.4443297089565457e-03 -1.4112039242500355e-02 0.0000000000000000e+00  -5.8539624465513041e-05 5.2646235912334510e-04 0.0000000000000000e+00  -8.2568800536913633e-03 3.2915888805803337e-03 0.0000000000000000e+00  4.5256558128256696e-03 -1.7449160264248594e-05 0.0000000000000000e+00  -1.1334608033964143e-03 5.3761502599674921e-04 0.0000000000000000e+00  -3.2774930893812353e-03 -1.6176734549596583e-03 0.0000000000000000e+00  -2.5885943133374702e-03 -1.1105178567355966e-03 0.0000000000000000e+00  7.5086839537259840e-04 -1.7171109457078126e-02 0.0000000000000000e+00  -4.0246021840031822e-02 -1.3984467400149393e-03 0.0000000000000000e+00  -5.5239923306496228e-02 9.4032154780072539e-04 0.0000000000000000e+00  -8.8377862779081444e-04 -2.6318204749971640e-03 0.0000000000000000e+00  4.0754739684745623e-03 -1.4465681616930086e-02 0.0000000000000000e+00  5.4885927120765380e-03 -1.3439469969499612e-02 0.0000000000000000e+00  9.5536000235201049e-03 -2.3911830599744884e-02 0.0000000000000000e+00  -3.8190089525613654e-04 4.1137360390926410e-04 0.0000000000000000e+00  -2.0687935252960621e-03 4.9730158577455594e-04 0.0000000000000000e+00  -4.3414575607291281e-04 -1.0395145148360374e-04 0.0000000000000000e+00  -1.2703262152030837e-02 -5.0545073332488259e-03 0.0000000000000000e+00  4.5220627950037437e-03 4.2870567414914822e-04 0.0000000000000000e+00  1.8135721603024307e-03 2.1952734736502620e-03 0.0000000000000000e+00  8.2154785438090560e-04 4.4173628287304048e-03 0.0000000000000000e+00  -3.1409724968816553e-03 -8.2126554625494615e-03 0.0000000000000000e+00  2.4132199157706562e-03 5.4692633548897654e-03 0.0000000000000000e+00  -4.3372285240974896e-03 -2.9412964561978975e-03 0.0000000000000000e+00  -8.0811277381996811e-04 -1.0910800829817628e-02 0.0000000000000000e+00  -1.5440401307179473e-03 5.8416380636186656e-04 0.0000000000000000e+00  -4.6519145975847283e-02 2.7912207260396534e-03 0.0000000000000000e+00  -1.1130314441878257e-02 7.6824610804042612e-03 0.0000000000000000e+00  1.2454889271208971e-03 1.1048686087500882e-02 0.0000000000000000e+00  1.3129687240438683e-04 5.8764406435076106e-04 0.0000000000000000e+00  4.5388206283678223e-04 -1.3950492088255008e-02 0.0000000000000000e+00  -7.3828263779762625e-05 -7.1655606972231898e-04 0.0000000000000000e+00  2.3460988403089852e-05 -6.6710271685881681e-04 0.0000000000000000e+00  -2.2692284727939436e-03 8.6216242490050627e-03 0.0000000000000000e+00  -1.2839095573878811e-04 -9.9560824067955423e-04 0.0000000000000000e+00  -2.3327177971602163e-04 -1.2324646118574048e-03 0.0000000000000000e+00  8.9579616164862138e-04 -1.0733335807988631e-03 0.0000000000000000e+00  2.7986532896126444e-04 2.9202723842847861e-03 0.0000000000000000e+00  -7.6130627554575256e-04 -8.8037948101101441e-03 0.0000000000000000e+00  4.2947778584689437e-05 -9.7237898777803491e-04 0.0000000000000000e+00  1.3682346816369691e-04 -1.1422826110575345e-03 0.0000000000000000e+00  2.8168728023710368e-04 -9.4128165445840010e-04 0.0000000000000000e+00  -6.0362435311842062e-03 1.4698570810459532e-02 0.0000000000000000e+00  5.5754975983054187e-03 4.5366763990550482e-04 0.0000000000000000e+00  -1.7513650239224302e-03 9.5245534023713479e-03 0.0000000000000000e+00  6.4339318450048393e-04 8.3712592328093610e-03 0.0000000000000000e+00  -9.0337481593488235e-03 -2.3764937292335446e-03 0.0000000000000000e+00  1.9700960759009450e-03 4.9434286902363045e-03 0.0000000000000000e+00  1.1497051456373323e-03 4.3347846141360063e-03 0.0000000000000000e+00  5.3336387523032274e-03 -1.3440010839096435e-02 0.0000000000000000e+00  -4.8911580006334492e-02 1.7733755234803777e-02 0.0000000000000000e+00  7.7255959357294126e-04 -3.7892594750998134e-04 0.0000000000000000e+00  8.2511820274239287e-04 -4.3951381038328033e-04 0.0000000000000000e+00  -3.1316907467367557e-03 5.4888614088072643e-03 0.0000000000000000e+00  -3.3493382048843364e-03 4.7220181820338330e-03 0.0000000000000000e+00  -1.8029784834274708e-03 -2.0196753345787508e-03 0.0000000000000000e+00  2.0939225659748805e-03 -5.8570635585675776e-03 0.0000000000000000e+00  6.0021761815686053e-03 -4.4832630074993782e-03 0.0000000000000000e+00  3.3223458422750567e-04 5.0934849142240183e-05 0.0000000000000000e+00  1.7826032628039728e-03 -2.7949331325389362e-05 0.0000000000000000e+00  1.8007684422737492e-03 -9.4539948332395668e-05 0.0000000000000000e+00  3.0255338582435868e-03 -2.2927828932596339e-03 0.0000000000000000e+00  -1.1111331671338825e-03 1.3789006789324178e-03 0.0000000000000000e+00  1.6986785023592941e-02 -2.0851475581401539e-02 0.0000000000000000e+00  -4.9859840005032595e-03 -8.0881619894787316e-03 0.0000000000000000e+00  1.3553938200934810e-02 -4.2276479114729898e-02 0.0000000000000000e+00  -5.8736975414215228e-04 -4.6420396560772551e-04 0.0000000000000000e+00  6.5414053353009413e-02 -2.1181352344652128e-04 0.0000000000000000e+00  4.1818201936285448e-03 1.2513631210195247e-02 0.0000000000000000e+00  -2.5980616280131819e-03 9.7709164292974996e-03 0.0000000000000000e+00  -2.9745175246086524e-03 8.8886844815889762e-03 0.0000000000000000e+00  4.7702558276410223e-04 -2.4717731673893652e-04 0.0000000000000000e+00  8.4848648321534763e-03 -2.0184049016016841e-03 0.0000000000000000e+00  1.4089956521971300e-03 -1.1452597548803412e-03 0.0000000000000000e+00  -4.6126616210641748e-04 1.0772356780890146e-02 0.0000000000000000e+00  6.8222540674142103e-03 -6.3181243670553380e-03 0.0000000000000000e+00  1.7095625671173947e-03 -1.2949130183987010e-06 0.0000000000000000e+00  2.5875751252836738e-04 -9.7702527986706696e-03 0.0000000000000000e+00  -1.6650754568468290e-03 3.3315250748995192e-05 0.0000000000000000e+00  1.5462436746478572e-04 -3.4672805779230611e-03 0.0000000000000000e+00  6.2538900999478057e-04 -1.0958788146866778e-04 0.0000000000000000e+00  -2.6098996582200194e-03 -1.7978644731788278e-02 0.0000000000000000e+00  7.1083176340440012e-04 -1.9726922451807773e-02 0.0000000000000000e+00  3.0570652845440344e-04 -3.2644955854725373e-03 0.0000000000000000e+00  -3.6922568147757309e-04 -1.4208872303796457e-03 0.0000000000000000e+00  -9.1209366381875734e-04 -9.7824097821941672e-04 0.0000000000000000e+00  -7.1111487067073928e-04 -1.1577502084809191e-03 0.0000000000000000e+00  -1.0294016346549858e-03 -1.2127336507437288e-03 0.0000000000000000e+00  5.7780318089818575e-04 -1.2939367825862077e-03 0.0000000000000000e+00  2.5488416775237398e-04 -1.4930682451423901e-03 0.0000000000000000e+00  4.3156299941406412e-04 -1.7012967422359276e-03 0.0000000000000000e+00  1.6446861649292721e-03 -1.0726032956745475e-04 0.0000000000000000e+00  -3.5569470675791685e-02 -7.1640393241120875e-03 0.0000000000000000e+00  -2.4187136124164325e-03 -7.1215885167506959e-03 0.0000000000000000e+00  1.5852456688163581e-03 6.7039069350068080e-03 0.0000000000000000e+00  7.7853954523962763e-03 5.7758749477329176e-03 0.0000000000000000e+00  1.5022400061896542e-02 8.2837095113588739e-03 0.0000000000000000e+00  6.0520096843341580e-02 3.3156265232996561e-03 0.0000000000000000e+00  -1.2329497414164796e-02 7.9708889296377667e-03 0.0000000000000000e+00  -1.2157514576961554e-02 5.4167657406703901e-03 0.0000000000000000e+00  -8.9870786043477376e-03 7.0861384904222233e-03 0.0000000000000000e+00  6.5915692920558225e-02 4.4651634309887943e-04 0.0000000000000000e+00  -9.9281294373266635e-03 8.5153139688031298e-03 0.0000000000000000e+00  8.0922175320425152e-05 -7.8725967092709297e-04 0.0000000000000000e+00  -2.9584676622364119e-02 -1.1438545007941819e-02 0.0000000000000000e+00  -1.8165706891708313e-03 -1.1637581826347756e-03 0.0000000000000000e+00  -3.2326107721457435e-03 5.1697904252644174e-05 0.0000000000000000e+00  -7.7643704799586544e-02 1.2984532231244902e-04 0.0000000000000000e+00  -7.7907329786517918e-02 1.3583699518094125e-04 0.0000000000000000e+00  2.6293953910228661e-03 1.3687274111341830e-03 0.0000000000000000e+00  -6.3257627263728855e-02 -4.0478586097342693e-02 0.0000000000000000e+00  -2.0900427957178795e-03 -5.9131607589650650e-03 0.0000000000000000e+00  1.2343397079067910e-04 8.1979552704853041e-03 0.0000000000000000e+00  2.3185489912943513e-02 -2.2051071585838432e-02 0.0000000000000000e+00  2.7537363188871993e-03 2.7949880004295087e-04 0.0000000000000000e+00  6.9262449299387612e-03 5.3685625660106085e-03 0.0000000000000000e+00  8.7381124692150131e-04 8.9094934179938170e-04 0.0000000000000000e+00  7.1067491687649802e-04 6.4969727624896974e-04 0.0000000000000000e+00  1.1641746058059126e-03 2.9887582479674051e-03 0.0000000000000000e+00  2.3221613922737188e-03 3.2811588893947674e-04 0.0000000000000000e+00  1.9087142802030807e-03 8.6783592296870988e-04 0.0000000000000000e+00  6.3874180010283790e-02 1.2089301283922398e-04 0.0000000000000000e+00  9.3353826955232897e-03 7.1416905127695215e-04 0.0000000000000000e+00  1.1509903213318970e-02 2.0672431503583524e-03 0.0000000000000000e+00  1.1231556682994486e-02 -9.7444300797284457e-05 0.0000000000000000e+00  2.9926996566705562e-03 2.9944532275996092e-04 0.0000000000000000e+00  3.5632928920597997e-04 -1.5568818961173309e-03 0.0000000000000000e+00  5.7699685374712462e-04 1.9789547031734724e-03 0.0000000000000000e+00  -3.9725922721972513e-03 8.0752514747997888e-04 0.0000000000000000e+00  -5.7414930623738347e-03 7.9158160560660936e-03 0.0000000000000000e+00  5.6665392732170666e-02 -4.9366813613362114e-04 0.0000000000000000e+00  -8.1954215443773705e-04 7.2674784939255853e-03 0.0000000000000000e+00  -8.6707702318011809e-02 1.3537006346910333e-02 0.0000000000000000e+00  -7.6230576957432267e-02 1.6813907009189138e-02 0.0000000000000000e+00  -6.2761158966252416e-03 -2.7748296031936464e-03 0.0000000000000000e+00  -5.5911876691550040e-03 8.4976188650816419e-03 0.0000000000000000e+00  2.3771712054085429e-04 9.1424867001554996e-03 0.0000000000000000e+00  -2.6060287410090746e-04 9.6639079436184900e-03 0.0000000000000000e+00  -2.3914039666875580e-04 9.1288988822436148e-03 0.0000000000000000e+00  2.4659758707761849e-04 2.0749641474158205e-04 0.0000000000000000e+00  -3.2635079535519564e-02 -4.5791122047120637e-02 0.0000000000000000e+00  -4.6952902624360898e-03 1.3704036412179481e-02 0.0000000000000000e+00  6.6762918977250683e-04 -9.0528028197292120e-04 0.0000000000000000e+00  1.0000968265999961e-01 -1.5283931790977161e-03 0.0000000000000000e+00  9.6683790411483270e-02 5.1497369647549029e-04 0.0000000000000000e+00  6.8106207620059270e-02 -1.0643036330956394e-02 0.0000000000000000e+00  9.9368070301073924e-05 -4.9148162361778783e-04 0.0000000000000000e+00  -7.8126855043248670e-04 1.0052323432074614e-02 0.0000000000000000e+00  2.4005595422617381e-03 1.6694846695474081e-04 0.0000000000000000e+00  3.6707895965828234e-02 -3.1412415106309516e-02 0.0000000000000000e+00  -3.1828526561874476e-03 4.4739240635132318e-03 0.0000000000000000e+00  3.6570318526912799e-04 -8.8403045675123661e-04 0.0000000000000000e+00  -1.2781557664106501e-02 -6.8918391648132484e-03 0.0000000000000000e+00  2.2880806119722191e-03 6.8993016823882267e-04 0.0000000000000000e+00  1.7689509066357227e-03 1.2543769565219735e-02 0.0000000000000000e+00  2.6488814402083924e-03 -3.1936816733523520e-03 0.0000000000000000e+00  5.0587099742924807e-03 -3.7196752556385090e-03 0.0000000000000000e+00  -1.1431313214594362e-02 -1.4444027777237052e-02 0.0000000000000000e+00  -1.7305009891744334e-03 -6.7566777522629244e-05 0.0000000000000000e+00  -9.1060907106090927e-04 5.5816929977496460e-03 0.0000000000000000e+00  -3.2731795219599429e-03 1.4538065672193314e-02 0.0000000000000000e+00  1.5006306199109979e-03 1.3611324964941326e-03 0.0000000000000000e+00  6.8368211934241594e-03 1.0815533561540734e-02 0.0000000000000000e+00  -5.1469946267024985e-04 7.6555105110961725e-05 0.0000000000000000e+00  -7.0463165576418296e-02 1.8516408365439854e-04 0.0000000000000000e+00  -9.9148659399891908e-03 7.1626577443884166e-03 0.0000000000000000e+00  -1.0109969841103817e-02 4.5751527876814885e-03 0.0000000000000000e+00  7.1255281379846627e-03 -3.0328103049457752e-03 0.0000000000000000e+00  -8.5235013746356211e-02 1.4832076931601396e-02 0.0000000000000000e+00  4.3663454843172762e-03 -1.0276664175865551e-02 0.0000000000000000e+00  6.0934851464555730e-04 -9.2136103010993908e-03 0.0000000000000000e+00  -3.9113793863010619e-03 -1.0189565951881035e-02 0.0000000000000000e+00  -1.7567238067311051e-03 -6.7534002864833221e-06 0.0000000000000000e+00  3.0034102884945364e-02 -1.5617632864731404e-03 0.0000000000000000e+00  6.6597381015017550e-03 -8.7895970384364169e-03 0.0000000000000000e+00  8.4056680156384001e-03 -6.8472394601025565e-03 0.0000000000000000e+00  -2.2424708019941867e-03 -5.4368329480828526e-03 0.0000000000000000e+00  -1.3603460262356871e-03 4.6642341912775447e-04 0.0000000000000000e+00  4.0901021943893362e-03 -9.7259798604028870e-03 0.0000000000000000e+00  -1.8205492189082490e-03 1.0040644553037093e-02 0.0000000000000000e+00  -5.1842479245414990e-04 -9.8424624579164597e-04 0.0000000000000000e+00  -6.3086075954166937e-04 3.3174382884246641e-04 0.0000000000000000e+00  -7.0240688976283463e-04 4.0589309645655043e-04 0.0000000000000000e+00  -7.6524667694224285e-04 3.0603021533240490e-04 0.0000000000000000e+00  2.4755050737847076e-02 -2.6314639937398773e-04 0.0000000000000000e+00  -3.1919770032978827e-03 1.2517521484973679e-03 0.0000000000000000e+00  -9.9999999980171589e-02 0.0000000000000000e+00 0.0000000000000000e+00  -9.9999999980171589e-02 0.0000000000000000e+00 0.0000000000000000e+00  -9.9999999980171589e-02 0.0000000000000000e+00 0.0000000000000000e+00  -4.2123678472369037e-02 -3.1484552652866808e-02 0.0000000000000000e+00  -9.9999999980171589e-02 0.0000000000000000e+00 0.0000000000000000e+00  -3.9272957870699468e-02 3.1885564920074841e-02 0.0000000000000000e+00  3.1793545265685882e-02 2.7123477797995260e-02 0.0000000000000000e+00  </DataArray> 
</PointData> 
</Piece>
</UnstructuredGrid>
</VTKFile>