<?xml version="1.0"?>
<VTKFile type="UnstructuredGrid"  version="0.1"  >
<UnstructuredGrid>
<Piece  NumberOfPoints="4337" NumberOfCells="8205">
<Points>
<DataArray  type="Float64"  NumberOfComponents="3"  format="ascii">0 3 0  0 0 0  8 0 0  8 3 0  4.724038291571627 1.895105651629515 0  4.793136592134132 1.8 0  4.724038291571627 1.704894348370484 0  4.693136592134133 1.714934919164796 0  4.693136592134133 1.7 0  2.693136592134133 1.7 0  2.693136592134133 1.9 0  4.693136592134133 1.9 0  4.693136592134133 1.885065080835204 0  3.306863407865867 1.3 0  5.306863407865867 1.3 0  5.306863407865867 1.1 0  3.306863407865867 1.1 0  3.306863407865868 1.114934919164796 0  3.225961708428372 1.141221474770753 0  3.225961708428372 1.258778525229248 0  3.306863407865868 1.285065080835204 0  4 0 0  4 3 0  4.306863407865867 1.3 0  3.693136592134133 1.7 0  2 0 0  6 0 0  6 3 0  2 3 0  4.306863407865867 1.1 0  4.806863407865867 1.3 0  3.806863407865867 1.3 0  3.693136592134133 1.9 0  3.193136592134133 1.7 0  4.193136592134133 1.7 0  4.806863407865867 1.1 0  3.806863407865867 1.1 0  3.193136592134133 1.9 0  4.193136592134133 1.9 0  8 1.5 0  0 1.5 0  6.6936607598718 1.2 0  1.306339240128201 1.8 0  1 0 0  7 3 0  3 0 0  3 3 0  5 3 0  5 0 0  7 0 0  1 3 0  1.5 0.8409734694205896 0  6.079826855251979 1.997671195391917 0  7.005190181268379 2.073048988218309 0  2.423782825970372 0.8118514967030712 0  0 0.75 0  0 2.25 0  8 0.75 0  0.7587276110834235 1.190351514074526 0  8 2.25 0  5.5 2.454986090267767 0  1.954993833250747 1.431068739951832 0  6.5 0.5114602041308847 0  1.5 2.488539795869115 0  0.6034319021975636 1.880612594303372 0  7.398501491027515 1.125 0  6.5 3 0  6.031352430837316 1.01359415315185 0  2.017955759719544 2.08288349345058 0  5.5 0 0  4.5 3 0  3.392947713204263 2.491776320596573 0  2.5 3 0  3.607052286795737 0.5082236794034274 0  4.607052286795737 0.5082236794034274 0  7.5 0 0  7.5 3 0  0.5 3 0  0.5 0 0  0.75 0.5689550028874649 0  7.099826733796357 0.5977183261451745 0  0.9025337978527038 2.40458931346197 0  2.992223142041187 0.6059037617743276 0  5.501663207025953 1.867603481969908 0  4.392947713204263 2.426800087321908 0  5.25 0.5268000873219076 0  2.816057287968335 2.45175818019753 0  7.455113036264263 1.704095914926745 0  4.946271271736063 2.448849947370416 0  6.513007152346271 2.405948581860302 0  7.455122189274001 2.428414792849334 0  2.25 2.545181424233518 0  5.801297061383111 0.5143924015201065 0  6.254146328434814 1.496533785824862 0  6.002606094390853 2.495750249326195 0  3.896078310002221 2.507468848483906 0  3.5 0 0  4.5 0 0  3.5 3 0  1.5 3 0  6.5 0 0  5.5 3 0  2.5 0 0  1.5 0 0  4.107052286795737 0.6456904957968238 0  1.222178047867052 0.4370282506704339 0  1.952148726294362 0.5406740733392041 0  1.467034669069933 1.333383305895084 0  6.703574052386426 1.688568547226212 0  6.959837075837008 2.536285083563556 0  5.774054773070875 1.489692746112045 0  0.419646631019668 2.511902245986888 0  2.824663865301116 1.037080226255637 0  2.415475216768174 1.287675141087842 0  7.581463717473524 0.4873575216843177 0  0 0.375 0  7.075251777163211 1.436642179760932 0  2.010642143752448 0.9859591391404996 0  0 1.125 0  0.4292512230468912 0.8842195154960565 0  0.434379125011067 1.47997907050808 0  0.9262528680713003 1.590641374669218 0  1.063215119198893 0.8753153935273367 0  2.602691645226632 0.4194631339265712 0  5.227206347795819 2.157306857965045 0  5.094681770406985 1.620072140510229 0  3.261286516354596 0.3156692240487772 0  8 2.625 0  0.3976550165364824 0.3843733553819765 0  7.638184919084286 2.066253040519041 0  1.723914842998608 1.782097331518686 0  4.25 0.2902708553965062 0  2.392125226080989 2.185053129102567 0  1.86642090759969 2.630457614340058 0  8 1.125 0  0 1.875 0  0 2.625 0  8 0.375 0  8 1.875 0  2.245911093131279 1.732737610905564 0  6.633624256647018 2.053988269483288 0  1.6472098449569 2.146492213725098 0  5.772052475047057 2.204266919033645 0  5.220382946609531 2.700322129986947 0  1.603653279527291 0.3727139394281376 0  5.524468226987733 0.7708639353188866 0  2.941558231046527 1.394829237569994 0  2.25 0.2835061035158863 0  1.237182690776306 2.190955877521381 0  7.027403883138234 0.9869735849765898 0  1.109469320776576 1.278763064161245 0  7.282072509263268 0.2869146836090242 0  0.75 2.735241193801683 0  6.75 0.2557301020654423 0  1.25 2.744269897934558 0  6.14997951718685 0.3535094424767979 0  6.421779975600842 0.9049653017195191 0  5.75 2.746576324890118 0  7.25 2.744750451307812 0  6.749031042339332 0.7654887588894097 0  4.75 2.746177296647629 0  7.699250745513758 1.3125 0  7.645134182081891 0.8506972474267138 0  6.25 2.749160455459712 0  0.3537585983456319 2.150323255335029 0  0.9126249173925057 2.05147239181113 0  5.056863407865867 1.1 0  5.056863407865867 1.3 0  4.25 3 0  4.916639407321248 0.7236258994995042 0  5.691184249837181 1.145046723762326 0  4.556863407865867 1.1 0  4.556863407865867 1.3 0  3.916038578654622 0.3624097029786601 0  6.3831333815366 1.816633649754381 0  6.090633857073819 0.683181401233757 0  3.66161219005611 2.252611249995184 0  3.9937302656117 2.1863033968715 0  6.667761340601724 2.706505137326428 0  1.700655412668121 1.101715117172478 0  4.933238780558137 0.3544028851832088 0  4.399654426894154 0.7742158611323164 0  3.091136779799264 2.664443778379884 0  3.321195702787625 0.7392793492979123 0  3.126207878599469 2.258692504064847 0  3.790608683375927 0.7742158611323166 0  7.018061462305898 1.752406057733248 0  7.322378078574604 2.133968878743286 0  2.561363480194996 2.670152349808817 0  3.75 3 0  4.685701524651278 2.239130724333621 0  4.443136592134133 1.9 0  4.443136592134133 1.7 0  7.75 0 0  0.25 3 0  7.665229507913225 2.699472677217634 0  0.7525113412158406 0.879679276631872 0  0.9320386698358797 0.3095404104375926 0  3.625 2.708283395549821 0  3.443136592134133 1.9 0  3.443136592134133 1.7 0  6.382996084871627 1.213494814287644 0  4.963302329304296 2.02395383786519 0  4.178715104229484 2.677798089194111 0  7.294999408656989 0.835396102610944 0  2.898440781807831 0.3016982628996991 0  2.705695030357493 0.704438657615017 0  0.6543989822210318 2.220795647307491 0  0.3027044883461704 1.771524802473474 0  2.853092728555727 2.143458677064567 0  5.75 0 0  5.521423890501358 0.3328874517049299 0  5.25 0 0  0.4596588078960129 1.181859633522677 0  6.344635521746809 2.151599528713025 0  5.186896351838361 0.8195264602422716 0  5.817415975779748 1.807861431347267 0  5.382945406025715 1.592198423461181 0  1.296919857239157 1.052897063229911 0  3.079519567811441 0.9127818322307513 0  4.287358617304907 2.163400043660954 0  6.785547724293378 2.302700522921327 0  7.371055973146736 1.419998119729668 0  7.759563914096059 1.6875 0  4.465151672640917 2.705353087476909 0  7.727392474871299 2.338692432573782 0  6.548778738848396 1.447324572762916 0  1.869296046321288 2.337527042189742 0  5.819282305503266 0.8084905287567881 0  0.209008908173251 1.3125 0  4.75 0 0  1.255350168968916 1.521461335710071 0  2.352808097269436 0.5422518137637508 0  1.223278981277587 2.46808341593124 0  0.25 0 0  3.556863407865867 1.1 0  3.556863407865867 1.3 0  3.75 0 0  5.892659261257601 0.2541100523075538 0  5.224111064998267 1.875384680106183 0  5.501202834820184 2.144417909146052 0  2.75 3 0  1.872150077756638 0.2611394263714552 0  5.22966052598041 2.42888396241942 0  2.15002130776957 0.7418779923939263 0  1.69071752201824 0.63758839731371 0  7.183792791675851 2.373592099561845 0  0.268931706069344 0.643431903103918 0  0.6599807071998395 0.3122077022144975 0  5.940758478181529 1.271608450644355 0  1.516929116500081 1.60270619093885 0  2.691700221170077 1.272856536508977 0  7.01634564362042 0.2660435862137785 0  3.402803695244912 2.177571346788284 0  6.013432072449505 1.623543335267644 0  5.485455873208536 2.720421811260503 0  2.8268400411896 2.722043669505285 0  3.25 3 0  2.535536937965066 1.054080053238262 0  4.687814026099047 0.2567242358698761 0  3.6756513137564 0.2533032384110729 0  3.341203738107814 2.751437570050975 0  5.188061224199148 0.2634000436609538 0  2.268946114150378 1.061124276301028 0  6.811880682063791 1.435350910571654 0  1.61164705755568 2.744269897934558 0  2.25 3 0  2.095708840629013 2.75649024869482 0  2.127952753117968 2.316127495910086 0  4.056863407865867 1.1 0  4.056863407865867 1.3 0  6.264296869568542 2.487737689723784 0  1.25 0 0  1.383946874719492 0.2330450228622733 0  0.2526594680827837 2.727393687944811 0  2.478783226504344 2.425535458368602 0  7.748037752174074 0.2721414985506171 0  4.657023562876983 0.7579890584353264 0  4.693642625251772 2.495529933856221 0  6.494204229795197 0.2557301020654423 0  1.977243152851565 1.693405578046458 0  4.351607282090911 0.5252564414150795 0  6.842734530769992 0.5107866227080295 0  1.434542978879448 0.5884813336154097 0  6.106140828802265 2.25689732150598 0  5.752850159167898 2.456292885919432 0  0.6994258770164223 1.450370291958773 0  4.132996777856 2.396201629630652 0  3.939184320237216 2.755602751535531 0  1.001606279946648 2.650801476546059 0  6.000010953036376 2.745749101679058 0  2.943136592134133 1.9 0  2.943136592134133 1.7 0  2.75 0 0  6.25 3 0  7.25 3 0  5.75 3 0  6.25 0 0  1.25 3 0  6.75 0 0  0.75 3 0  7.25 0 0  2.25 0 0  5.25 3 0  4.25 0 0  3.25 0 0  3.943136592134133 1.7 0  3.943136592134133 1.9 0  4.75 3 0  6.75 3 0  7.75 3 0  1.75 0 0  0.75 0 0  1.75 3 0  6.942726390647519 1.222258172068529 0  0.5010261450109245 2.750557583238311 0  0.6632976239915841 2.46817869014973 0  0.2222218357387093 2.361084942678453 0  7.337351146610196 0.5281618934642344 0  7.777155352283583 0.6403137247560321 0  1.699335826656652 1.429630597494323 0  0.2421652105161372 1.053705956612269 0  0.9993148966722097 0.5503282485493112 0  6.824164053499974 1.901057131957536 0  7.198981604615944 1.920248377813107 0  0.5086687466186725 0.6010447072434968 0  1.426375164155608 2.02282778839314 0  2.161388703944814 1.285976368101267 0  2.291442485102948 1.494645645412517 0  2.252827552033859 1.981507298756939 0  2.575079384592377 1.476732996398551 0  3.558374819566366 0.7429448936729424 0  2.339513216044606 2.772524927670479 0  4.988865508148992 2.760938014589017 0  1.890614272439762 0.7747513748791458 0  1.274265506431325 0.7647630062543055 0  5.567538470012719 1.352852993097511 0  5.614355035484477 1.663273760188161 0  1.139031107890899 1.97199923061821 0  7.514546773611833 0.2634938546008758 0  7.170097264372312 1.171207816306646 0  6.903195478653059 2.774787621121712 0  7.63140209500909 1.086378661440859 0  7.225383680934014 1.626894689342931 0  3.020718426644907 1.171271555166527 0  7.597819008717381 1.521164022915237 0  0.8394544223287694 1.818691538076379 0  3.163798376498448 1.463337668416328 0  3.62149903530548 2.479425369532351 0  4.000213421523482 0.872845247898412 0  3.521747148514434 1.509606718706352 0  4.229461980529755 1.490393281293648 0  4.478304449779156 1.490393281293648 0  3.770552037770832 1.509606718706352 0  4.006198904152492 1.502925477921997 0  2.623231029061422 2.233624257830879 0  8 2.8125 0  0 0.1875 0  7.427265579006029 1.930926500130341 0  1.915655606255056 1.199882575555543 0  8 0.9375 0  0 2.0625 0  7.489976262626379 0.690638048711861 0  2.692800295484366 0.2155100994045219 0  2.46976383584659 0.2388521901262623 0  0.9025000086585877 1.359913047683034 0  4.721404880896744 1.487335299335092 0  6.33100359322604 0.6823942387179281 0  2.470490043080677 1.8 0  1.125 0.1896753003373274 0  0.2267859997024909 0.2294646662699878 0  4.515104933532321 2.107456894529404 0  0.5876915634176276 1.651270620929487 0  4.465011631281038 0.222659255536638 0  2.897950251143888 0.8052500827639882 0  6.157705834193743 1.199187612165097 0  0.9100322012350722 1.031925736689067 0  5.473740833759588 0.5530597905817562 0  6.644082010290258 0.9728985502595967 0  1.053570560850545 1.76964322604065 0  0.2192240146271973 1.534129520505067 0  4.978911596701822 1.798749300837523 0  6.448802290223666 2.629126286715022 0  2.798909632524677 0.5096492766218758 0  3.377102440058271 0.514420330501235 0  5.670872447460336 2.009345224840218 0  3.819071605031982 0.5572172051317301 0  3.797959935438347 2.073141436085184 0  6.54066691717771 0.7206735290568446 0  4.901598846451333 2.23579482542215 0  0.6134025250889323 1.037861027633751 0  6.703668123165905 2.497897889351147 0  0.2010850978282729 1.96875 0  4.952205682815476 0.9278700778113008 0  3.458238282105268 0.2165130547240545 0  2.797598459814831 1.530278725200395 0  1.516060300991395 1.812816726128924 0  1.810298385190073 1.990299218719767 0  7.449705043687956 2.649573875107575 0  3.452708026877381 0.9333143035098534 0  5.645411573492848 0.9396819829577661 0  6.210366845843562 1.699834727867552 0  1.44990581302127 2.239818566180029 0  7.61513727528933 1.838866390252507 0  0.8868787513710202 0.7232210044998277 0  0.224824204900332 0.8465644633685088 0  3.125 0.1625056637383433 0  7.800242397475841 1.934965718667684 0  2.011744038065929 2.485404577403583 0  5.375 0.168376374706848 0  5.8750762129466 2.003744129627409 0  3.032152558293283 2.456500241299172 0  1.492917287370268 1.125855097191962 0  5.210937234863838 1.467004346622338 0  4.956041609483216 1.460036070255115 0  7.546311275218701 2.247160904154697 0  7.819266118736883 2.157784568938125 0  0 1.6875 0  6.501522191915923 1.647931507136698 0  6.994536632230318 2.282720334524696 0  5.687647542419872 0.2021051383948201 0  4.202191509484764 0.925308826289613 0  6.203426817595812 0.871887962136719 0  2.152752170820341 0.4719431908506054 0  1.684972198389038 0.189555336249738 0  1.660963219704084 2.355113117192042 0  4.86679491405642 0.1641848096302519 0  3.875 0.1619713224924129 0  0.1972571446910002 0.4463077465428963 0  0.4888018690858098 0.2028304313215517 0  7.82350072990898 1.03125 0  1.027524636937428 2.231458561923724 0  4.075672704639041 0.1876192789391729 0  7.097452308666917 0.7986414954581027 0  1.700160600721183 0.8375553394766302 0  3.075825054428567 0.4135717914503003 0  3.192279528614033 0.5922063689854741 0  7.804932377295469 2.537798179498454 0  2.067584511087524 1.880801332839414 0  5.378454082524886 2.298528157580088 0  3.048730325918578 2.060012831996184 0  1.682608519804024 2.561052852451553 0  1.875 2.836270235402699 0  4.878018757737801 1.625420492183808 0  2.671197555773415 0.9052740030423803 0  4.756608888350683 0.9163873354414325 0  2.488758254094368 2.000721390302095 0  6.833172116064831 1.049950503754373 0  6.926649124100581 0.6862458935058532 0  2.52029087981943 0.6428224770825269 0  1.101366909156055 1.081321314542292 0  1.774756441067927 0.4632185634842765 0  5.356066590303623 2.016447028841929 0  6.289145261009653 1.044994806565236 0  3.241180348603319 2.083363138302846 0  5.078566795463034 2.30545981729217 0  5.832743894024608 1.004259914239895 0  5.973139540657804 0.4285353713836364 0  6.125 0.1555374326477322 0  6.345501329113323 0.3870309759057906 0  7.278823410005197 2.548124737727733 0  4.169726048653704 0.4644413286482458 0  6.316226852522269 0.1812219898630202 0  0.4080523993672157 1.950165846729065 0  4.819456886701401 0.5358810517374287 0  5.103231037065339 0.6534027091080488 0  3.646044441337634 0.9189917007785572 0  4.520551502523496 0.9132551988525519 0  2.668352855154038 2.827829692945452 0  7.797197402684928 1.489096975749816 0  8 1.3125 0  5.348730284006055 0.7013870077600647 0  6.062358487643505 1.431114770571232 0  6.012562232397475 1.816332030502858 0  1.826105442140451 1.573154068826193 0  3.586414070912757 2.078691561402124 0  2.065709156312407 0.1940366207466713 0  6.88219085579685 1.615195440057088 0  5.625704878662578 2.594990210120653 0  6.210333281013177 0.5345514942851249 0  8 2.0625 0  8 0.1875 0  0 0.9375 0  0 1.3125 0  8 1.6875 0  0 2.4375 0  0 2.8125 0  8 0.5625 0  0 0.5625 0  8 2.4375 0  6.508064381255638 2.809916061257901 0  0.5162726936697722 2.349615771154295 0  0.8408966539849452 2.228407083838081 0  5.692829162158703 0.6705698213710558 0  5.361886449744315 0.9031563088183003 0  6.584337189085092 1.85514871717624 0  6.606471433939235 2.241330922907166 0  6.818116169427511 2.088686095990148 0  5.068111254470281 2.591171743601353 0  5.362760945507057 2.580582616867727 0  3.17340170550888 2.830880505503605 0  2.927416679683319 2.303212781768307 0  5.627129953519248 2.31925436429361 0  5.899011077166918 2.341305440659467 0  0.5893989607612615 0.7764097106865575 0  7.821775003506273 0.451547371383285 0  7.827772329882253 0.8186923360399929 0  7.465934632890381 0.9376025916368498 0  4.125 2.858668771514179 0  4.310039795526476 2.815210505815601 0  6.676839887998186 0.5943424755921404 0  0.238705081612529 2.544134250262312 0  0.1721605762370113 2.183414603902218 0  2.303790057096615 2.36947806499062 0  7.619010344285288 2.518338870367484 0  0.5577107063801989 2.06137219329465 0  5.375 2.866335310558225 0  2.130222144617894 1.587505897282996 0  2.858038870309517 1.217436738384011 0  3.338773619925742 1.481315548587693 0  0.8359944114329083 2.574402675341815 0  0.875 2.867620596900842 0  3.217824654865547 2.420191782932219 0  3.259624575733707 0.9244158614763689 0  1.28313544835482 1.339568089073381 0  1.061199956421694 1.460162125705538 0  1.43082352877784 2.817562248758179 0  5.101318648513341 0.422780147925398 0  7.18167267067127 0.4368767838706545 0  7.375 0.1312769239578969 0  7.148053185242068 2.185414288571037 0  0.6061769873146168 1.292331509331626 0  0.875 0.1347864006391875 0  1.426806870572415 0.408263248126174 0  1.599533654806362 1.972619518508089 0  7.208264500345297 0.9942698051731989 0  1.353019537758413 2.594916897239225 0  6.875 0.1278650510327212 0  6.622102114897599 0.1306980037033261 0  6.622102114897599 0.3807622004275585 0  1.125 2.872134948967279 0  7.070427301606447 2.688526115750792 0  7.114631825410016 2.862220286455083 0  7.375 2.872375225653906 0  4.842416276250489 2.593738167149657 0  4.625 2.873088648323815 0  5.625 2.873288162445059 0  5.875424716284483 2.872869183945616 0  5.87458616388365 2.619434219717783 0  6.885343019475251 0.8798439112394383 0  0.7338664251256204 2.009766745350661 0  6.534378262154513 1.115810606242547 0  7.842838113233237 1.207863262710719 0  7.53688882807694 1.237977565808344 0  6.126716731427901 2.62205148958284 0  6.125 2.874580227729856 0  3.033025630535908 1.5584970433855 0  7.15871479067721 0.1554541786464921 0  5.138423746169927 2.859724583784174 0  0.3651071723593694 2.864806823647734 0  5.748722441137865 1.313644434206001 0  5.513095277873759 1.077140122989642 0  7.636201810151452 0.1352572936151522 0  2.184101945168292 2.146849491589712 0  7.845186721207781 2.71875 0  3.499757697883337 2.347450333721498 0  3.769962183827129 2.384045040916835 0  0.625 3 0  1.856407635778119 2.161108058542398 0  6.214690888480976 1.878844082955973 0  2.007033886257439 0.3737522250474266 0  1.171456543690097 0.6130960614309564 0  4.784206285587719 2.066185029628389 0  3.254040294507396 2.599081818657159 0  2.985735210874852 2.815971249475549 0  2.399072312838674 1.637793914521959 0  7.006820633604599 0.4491463178229729 0  6.273255723516415 2.312209154873392 0  6.453647326661402 1.993071535126699 0  0.7638519083247963 1.659373062818019 0  7.546204980790971 2.829718295498149 0  1.840649454219794 0.9417045239149379 0  3.988137123510692 0.5198341131921764 0  5.982486422468501 2.137961785124528 0  4.51053985851946 2.286269418193235 0  5.345610894949562 0.3419524809679633 0  2.260890476563851 0.8828408763703248 0  1.89837861126369 1.844347887712791 0  2.650195268881191 2.402954893243698 0  6.815647377831891 2.62456633196963 0  4.862046324437785 2.873088648323815 0  3.748729870265728 2.591934841889624 0  2.845085613081629 0.1405830799887459 0  5.04111208582245 0.1694825623956592 0  3.752800531435439 0.4026934647880287 0  3.154627270264823 0.758298550087852 0  2.937713863971515 2.595625600860281 0  2.41552691784869 2.58313775119507 0  2.714612854964921 2.591163026280577 0  7.318881281255255 1.802495738896322 0  5.913927289427227 0.6537064838486049 0  6.03438585803158 0.8440054373985241 0  2.646249382743698 2.066216560605111 0  2.073996490782589 1.141567471985687 0  5.691193761239707 0.3776382271408192 0  2.498838516201407 2.83046909279573 0  5.355104095814052 1.765025643454141 0  6.548823666891688 1.281252870183841 0  4.144219134468391 2.074895630136627 0  3.931074910372226 2.345563355210364 0  0.6494284292653365 0.1400836020879631 0  4.273696391714033 0.675564892398422 0  3.834818645198679 0.9312371894665423 0  3.942966307975687 0.6816202461985922 0  4.486518374881531 0.6245493233492739 0  4.249999054060452 2.521715343501096 0  4.025215655151772 2.612846166688704 0  4.788810624021542 2.360842397063506 0  1.60230977263074 0.9698189814250893 0  1.612162473457101 1.246105310213081 0  0.9235669109704621 1.19631670329636 0  3.546579081761414 0.3552601440408011 0  1.052848726365459 2.487143398773044 0  0.6143565533559241 0.4723588652273376 0  0.5606692751755382 2.597017222416077 0  2.43853718390143 0.4010569136298478 0  2.375 0 0  4.392600838831489 0.3680707296670941 0  7.388471853181684 2.281317292214396 0  7.477102194327614 2.08528361441812 0  1.368491551867792 2.385621238914661 0  6.877382975814993 0.3538023270232985 0  7.06628614785379 1.598079366740776 0  7.036709694299552 1.913734442330364 0  6.375 3 0  5.661276684093325 1.848893453779273 0  5.77786420898012 1.650861874685344 0  5.181863407865867 1.1 0  0.1369909060235049 1.78125 0  0.4636046601014665 1.797022333381031 0  0.3551536807348137 1.619705280937323 0  1.118619112550432 1.616412226192491 0  7.218072537098214 1.338012789907812 0  2.771747740281004 2.290673649351497 0  7.120102131355406 2.521408537826742 0  4.558927762501243 0.3540530217793441 0  7.409341832236412 0.3847093783914707 0  4.593374852321116 0.1287514354787043 0  3.768943879717098 2.819243153059483 0  3.625 3 0  3.831067996557685 2.227451059629112 0  3.108609474068925 1.3056361226638 0  3.497783339352492 2.82641073403294 0  3.513164418558509 2.595538413693624 0  4.359532210872197 0.9433735450972632 0  1.088807037313331 0.3466602440018137 0  0.8670260722069417 0.4574973811243688 0  3.304382865930674 0.1560919639037721 0  0.9718905218773679 1.904952965149223 0  5.532348059665583 0.1757461521428747 0  1.827091852188485 1.332732135210383 0  1.993211922244736 2.238097804488286 0  3.698187779609713 0.6572714074315055 0  0.375 0 0  5.078344261320579 1.920204997047154 0  2.75314439317459 0.359950060420045 0  5.612445399776611 1.505644499746206 0  0.125 3 0  7.875 0 0  0.125 0 0  7.875 3 0  7.741157660708128 2.840274807174599 0  6.2635674601867 1.329972167625975 0  4.525000397756377 2.541205123814805 0  7.333997683156218 0.6842357877632071 0  2.337890351938406 0.1529478512805676 0  0.9081328677715153 0.8768475475836015 0  4.375 0 0  4.324063459241525 0.1501150265050856 0  5.035673660776791 2.157561455522849 0  2.818136592134133 1.9 0  1.674618600151648 1.629868423119224 0  4.77921291035347 0.3842410031273674 0  6.415410904859012 1.366196966063508 0  3.584923155556315 0.128664337927835 0  6.658583045535987 2.867346202854629 0  4.969116907057199 0.5758729065852404 0  1.123905130422204 2.351009157064799 0  4.153769746294249 0.7862596572334162 0  4.880721991197078 1.903238357605812 0  1.041883426937957 0.7010178319628104 0  6.235169159498725 2.036387329365138 0  6.452781789670234 2.262912936763778 0  7.169637157159039 1.770449629024584 0  7.606823343697838 1.686347907093477 0  7.867648311766428 1.796809286289361 0  6.683879531789056 1.35228042454064 0  5.42146759939754 1.435576230313872 0  4.641943316316573 2.638813964493213 0  1.52687507429166 0.1588023258050429 0  2.113455386606001 1.43316379860095 0  2.848183058483782 0.6529392284290593 0  2.656404581427626 0.5611487058078335 0  3.375 3 0  2.576695892900017 0.7851070552144058 0  0.7342508530542012 0.7280700961495052 0  0.152117690975049 2.846504872683301 0  7.848288007011636 0.1532246619922424 0  1.353997348048702 1.19930852159455 0  0.3980518978544241 1.037780221521465 0  0.3747870281315965 1.324794288472362 0  0.3012313459114753 1.192794410160933 0  2.875 3 0  1.498628981097164 2.641374934135218 0  0.7613159373609928 2.355121258684308 0  4.001830403283487 2.033685704678535 0  3.449092609082617 0.6476162471547597 0  4.47791007712734 2.853228369998395 0  0.7618570724015645 1.041875669444744 0  5.039681129084389 0.7959925569104708 0  5.098563264371305 0.9514039811431015 0  7.448277106715842 1.551634452294391 0  7.392787310248277 1.273244147919371 0  2.681748833609084 1.052988083561265 0  5.209527675255886 1.723610260307754 0  2.398784893885832 0.9693872809889843 0  3.931863407865867 1.1 0  6.347187117170066 1.622352971509257 0  3.344551202018193 2.328629426233821 0  0.3699115177932696 2.372380723085446 0  0.4459547822320546 0.7361802089880246 0  3.119595346613674 1.060622050151694 0  2.939917982841684 0.9478946725226034 0  1.353152208280702 0.9035182113895633 0  1.183512560338316 0.959572372612332 0  3.875 3 0  2.931756451174997 0.4454387680267349 0  1.816903527218575 2.483492201057335 0  5.648956513485733 0.5243443947153298 0  3.318136592134133 1.7 0  0.6315609645858864 2.841210221634507 0  4.108769922581882 0.3307629894177081 0  4.137735062841527 2.237323651744765 0  1.290706975825725 1.952166193917482 0  6.83501122946353 1.754438740641314 0  4.362252472491097 2.28298030034221 0  4.389078650154231 2.043796968918073 0  7.639737597776478 0.7006956172093814 0  6.900200776367624 2.398967400987315 0  5.814866831236176 0.1306832894933634 0  0.4966656614475143 2.199696694695839 0  1.722625077669966 2.849519827629409 0  1.935136066934409 0.1301100066922055 0  6.35640153627809 0.5384968938413833 0  7.858562127929138 2.402261091738914 0  6.811678232110906 1.28403480560856 0  7.570492422539948 1.378895516220617 0  0.1448166785884702 0.7228369507673578 0  0.3269420399924173 0.5107467283390132 0  2.571147738093898 0.1303464366272092 0  7.239364503583949 1.482007390381329 0  1.360001108147 1.646240358202395 0  2.808820294810316 2.866661418165653 0  2.125 3 0  2.211751586161106 2.853599340010026 0  3.401935345408929 0.3498583550163412 0  5.925372088912609 1.122704659125297 0  1.739279402988344 0.3232980214465263 0  4.325867126806269 2.650684040875652 0  1.152673582552299 2.608250450021566 0  5.90903588798655 1.418253152396726 0  5.425676756650393 1.2 0  7.682531214592378 2.202557046579876 0  6.565023450813044 2.541737124999575 0  6.622209394636407 1.570492004547226 0  3.214024497322844 0.4507540383655513 0  2.217412023135874 0.6077338097967704 0  2.340358574489336 0.6892292796539121 0  7.858475514837004 1.354721331676083 0  5.088762838417937 2.450178398234959 0  2.108630661852719 2.603941637050144 0  2.225659378932062 2.68605921044224 0  7.87978195704803 1.6075324921465 0  1.378810612705514 1.447251848615005 0  1.113732621126095 2.114817273303141 0  5.185863601488155 2.016313442499267 0  4.620593485069751 2.371415175540792 0  7.076798554014387 1.287532514553926 0  2.01004246388514 0.6812093250797845 0  2.114330350952327 0.8832799075671133 0  2.586114337446249 2.530015833173384 0  0.1419792483014606 0.5779994039980689 0  0.1045044540866255 1.40625 0  0.1045044540866255 1.21875 0  2.985935469574071 0.1401465718353739 0  7.592826246843799 2.380024673913007 0  5.478197319554776 1.701411230997076 0  6.065440305923432 0.5403766679137657 0  6.3125 2.874580227729856 0  5.625 0 0  6.130934531631188 2.409540189401191 0  1.739516709013137 2.688444360695919 0  1.558721413880241 2.873400112286749 0  1.21115462392078 1.175703083157058 0  1.823247561178375 0.5940257693469252 0  1.579015515693147 0.5275586117028743 0  1.598421940624176 0.7421533271944278 0  0.7954856665284135 0.2574249526098286 0  2.299872450806603 0.4134875123365723 0  2.375 3 0  3.453966305222387 2.039691446010511 0  3.265625988443322 2.223481355076507 0  5.499961338093549 0.9387317811079384 0  5.635118618442651 2.18098132043108 0  5.492992747313695 2.005833818638578 0  5.364009479056655 2.154786783913297 0  7.316765193366834 2.414328208428838 0  2.812556743643734 1.344815745164131 0  2.701251996338212 1.419923638089566 0  2.55930420909225 1.329933456356226 0  6.508218742496306 2.12816866608501 0  0.6997090623282395 2.602477165759227 0  2.518249103166625 1.193530514699875 0  2.382160997809085 1.149150526080864 0  4.649935647299143 2.043073131221334 0  5.982278048217596 0.1422402959436208 0  5.830251930680724 0.3783801210494944 0  6.02286320772982 0.2998131859162334 0  2.428182275712753 1.434566697258893 0  2.198893280827303 0.1542391070537575 0  3.535586329484173 2.211506109132545 0  1.744910132042756 2.244815541392843 0  6.663680307188074 2.366352431731353 0  1.551932406685944 1.456938385273135 0  1.625 0 0  0.7045150996298171 1.785127908381335 0  0.3507590458623842 0.1469414147268171 0  2.535079670385002 0.9161331740549832 0  0.3844792494054219 2.657096577155895 0  0.139437085358703 2.643854065054325 0  6.556608540508937 0.8614504701058295 0  6.875 3 0  6.798842752165718 2.868514126574178 0  7.873210605298905 0.3255506898904272 0  7.6913161652245 0.4003107623001287 0  0.5250779908406831 0.334695914085914 0  2.379926216515139 1.911494095205053 0  5.227864583301892 2.564700212858051 0  5.214810830181174 2.293257934724311 0  5.365602742830519 2.433934460453544 0  2.551361953989226 1.618629307911905 0  5.681252483786589 0.8066721571654498 0  3.633962989227802 2.845502393191093 0  4.375 3 0  5.241411780307859 0.1369629752474419 0  7.205492195195732 2.058972492260088 0  3.808228150686532 0.2794530181252047 0  7.036381745290416 2.413078992997375 0  0.1290197668325176 0.3265833404205521 0  5.125 0 0  4.786480639813826 0.6761812426514214 0  1.26539181468505 0.1461699892677212 0  1.24932820279078 0.2924227020172241 0  1.375 0 0  0.1039769431875958 1.03125 0  1.840005449270297 1.081489143048408 0  4.568136592134133 1.9 0  5.886704137000634 1.569508841412187 0  5.918132605237271 1.718872493370931 0  6.127904376681105 1.549673529706342 0  0.09767339526487813 1.59375 0  6.422228819437797 1.505176085686447 0  0.7363920189343942 1.322029276698565 0  0.562381262422032 1.424702238178096 0  0.8057065911099807 1.532039980760757 0  1.945384651883745 1.970047870430343 0  2.139152814235052 1.025626600158088 0  4.431863407865867 1.1 0  7.146965023123879 0.3050499974408474 0  7.026288833915225 0.1319087503836797 0  6.802685525927457 0.6377363312913586 0  3.038655054655764 0.2759426301264123 0  5.617042988837872 2.740427084834678 0  5.351163617053389 2.733527220919141 0  7.625 3 0  0.8881975277830965 2.729953076662207 0  1.013785689716056 2.789074260445528 0  2.526588990997538 2.14574217418226 0  6.386030998360488 2.749810252797344 0  1.406265291661874 1.887151615192178 0  3.297700640488532 2.876488876468152 0  6.332992145356535 1.938982249981581 0  4.619454573668752 1.560327041534264 0  3.681863407865867 1.3 0  3.628165371794952 1.439001972955431 0  4.371879858569116 1.560998027044569 0  3.431863407865867 1.3 0  1.298659649434579 0.5544008372329124 0  3.02027855291283 0.7408864009797169 0  4.737143792078631 0.1327795889263265 0  3.742167724369192 0.1352640008841554 0  7.335989038188005 0.960886541119036 0  6.757821511134499 1.560151467042439 0  3.142623604114527 2.528526843598511 0  6.943313060875385 1.487633592155662 0  6.925209519079237 1.354985255457257 0  5.494164498194301 2.58903499243024 0  2.105425151573488 1.749105701732425 0  1.84477925637394 1.722652743868956 0  1.994803034602726 1.560017150109684 0  3.568136592134133 1.9 0  7.211798421303766 0.7333200513779047 0  1.781299048764267 1.207726451166441 0  1.463787295384688 0.9890688490752331 0  1.185891182682743 1.735392572508745 0  0.5633893214450437 0.9106251569008944 0  6.881932320378463 2.207882883109966 0  6.375022041547817 2.4053961309932 0  6.257575199269588 2.618472411783979 0  4.265506807149592 2.389968346271758 0  4.012710174424653 2.447944267505541 0  2.0625 2.884001409032214 0  1.993416013353778 2.671003821285561 0  3.233064307199192 1.584834930628694 0  0.1324790477966 2.461432908383651 0  7.505602165688875 0.1331843841994428 0  3.652118682392664 1.569500986477715 0  4.330509012883972 1.430499013522285 0  6.709088943775896 2.160564917629629 0  1.412057553881971 0.7290412720646104 0  0.3096351832501483 1.438847368373976 0  5.101826560742106 1.789769979228321 0  0.2095680319686797 1.668158745299696 0  6.210034068368515 2.169650980783573 0  5.062301357107678 0.2982501353470641 0  1.503248105888783 0.2880172449110905 0  4.578011990356073 1.430195850204971 0  7.872869608706836 2.847735902027028 0  2.287925532541097 1.241847275545067 0  2.189262734936271 2.430501879184737 0  2.975670626248039 2.176566242221565 0  2.133798956655452 0.3428497233211648 0  3.383963319956182 2.623706853726263 0  5.079531535943129 1.432961658641334 0  0 0.84375 0  0.6363879877065436 0.6380467010089733 0  7.256738584747268 2.262255072981899 0  6.753838436245617 0.8981782119642375 0  2.419254612327889 2.310199744539285 0  6.443655846964179 0.1266537650529143 0  0.3096893761826321 0.9437565161168533 0  5.249060024287894 1.598620280141392 0  5.22491625188998 0.3867532448373754 0  1.801439126361658 0.1235781276807629 0  5.22988960112816 0.9358210476492066 0  3.318136592134133 1.9 0  4.616170199482559 0.638281479659891 0  4.529622723319563 0.744256902124709 0  4.318136592134133 1.9 0  3.681863407865867 1.1 0  1.303438446375875 2.872134948967279 0  6.751650574338114 0.3853492358446919 0  4.568136592134133 1.7 0  2.030855964652408 1.264069558354357 0  4.484267353203168 0.4619547307872341 0  4.192728917719486 0.1215844508164839 0  7.310366250161076 1.98453571582158 0  7.741917380293836 1.820987459512333 0  0.9932733953465332 0.1928682138279285 0  4.630146419482174 0.9791340764363858 0  6.494204229795198 0.3836608296688832 0  5.82522636502578 1.208046978110497 0  6.164623292546648 0.997936038040533 0  4.318136592134133 1.7 0  2.243909679777697 2.258032668770296 0  6.409461748052679 1.088367584624006 0  7.242097173277451 2.872375225653906 0  2.478821854437403 0.5221399417944325 0  7.717065527796609 0.5264533288376982 0  5.225232385977428 0.6931410347550298 0  0.6319021316333691 1.165724136213731 0  7.752013723328898 0.9234916298433733 0  1.524435121972052 2.354213118390736 0  2.075040251945493 0.57224103695785 0  0.7381098837788252 0.4210396111323861 0  1.360930620876576 2.139695875447408 0  1.537694858203616 2.083048616223504 0  6.748551057448799 0.1292815273680239 0  5.626474676073732 2.446043128999593 0  5.875206840651791 2.491980722528018 0  5.772635594072752 2.331055683739628 0  2.313430262528127 1.368404180447019 0  3.885755190719845 2.872197798455065 0  5.937335353155579 0.9281121859662484 0  1.181542458829518 1.417117960355074 0  2.866136616995038 2.013718656106606 0  5.56547400342742 1.194327940913678 0  4.064513892705692 2.733830402948205 0  3.899886082683296 2.63461851527603 0  2.125 0 0  5.34686379167164 1.890499146645801 0  4.826463878342738 1.432359869306657 0  3.868598208509628 1.435502675005819 0  3.907136234097628 1.567712105252071 0  3.931863407865867 1.3 0  7.183244616699882 2.631118893960793 0  2.80453491264936 0.9027485473333647 0  0.1267030421369936 0.136552028091329 0  7.557778713419839 1.959541552898872 0  5.750210210898474 2.87179525910141 0  5.766497631556039 1.924934568683149 0  6.977045495847744 0.5711824793790791 0  3.375 0 0  5.499859873154037 2.874850203027445 0  5.75246768832569 2.583568633932777 0  6.624935795033329 0.2557301020654423 0  6.954676049576073 1.093679030746539 0  6.124976797755769 2.749556400666115 0  6.00171663901778 2.620753911989687 0  5.874999814245145 2.744451409417696 0  1.100349714096505 0.4732276376764937 0  0.8765248109314174 0.5846358519828251 0  4.125 0 0  6.375 0 0  2.625 0 0  1.875 0 0  5.875 0 0  6.625 3 0  3.625 0 0  4.625 0 0  0.625 0 0  0.375 3 0  7.125 0 0  3.068136592134133 1.7 0  6.125 3 0  5.875 3 0  5.625 3 0  4.625 3 0  7.625 0 0  7.375 3 0  7.125 3 0  1.125 3 0  6.625 0 0  6.875 0 0  0.875 0 0  7.375 0 0  0.875 3 0  5.375 3 0  4.125 3 0  3.125 3 0  2.875 0 0  2.625 3 0  6.125 0 0  1.875 3 0  3.068136592134133 1.9 0  3.875 0 0  4.875 0 0  4.681863407865867 1.1 0  4.931863407865867 1.3 0  5.181863407865867 1.3 0  5.375 0 0  3.125 0 0  3.431863407865867 1.1 0  2.818136592134133 1.7 0  4.931863407865867 1.1 0  3.818136592134133 1.9 0  1.125 0 0  4.681863407865867 1.3 0  4.068136592134133 1.7 0  3.818136592134133 1.7 0  4.181863407865867 1.1 0  4.431863407865867 1.3 0  4.181863407865867 1.3 0  3.568136592134133 1.7 0  5.125 3 0  4.875 3 0  4.068136592134133 1.9 0  1.625 3 0  1.375 3 0  6.072169715489652 1.300345730971057 0  6.926423096740141 1.974690095899467 0  6.000202237901641 2.875200858547817 0  0.09505535161969011 2.337661112442122 0  0.5111257924513902 2.875322449749822 0  0.6234749352184243 2.709768675864094 0  5.505357275445438 2.273896377088147 0  2.202718619605566 1.858882489509472 0  2.13519171407181 2.033155822050685 0  2.304171532125646 2.096199120248192 0  1.895113032008668 0.4294360568353573 0  5.565282758845727 0.6453785830285267 0  0.3038036812938847 2.265573311573261 0  7.882907776766699 0.7066761406652919 0  7.518643847485143 0.8180812751729774 0  1.991249037405123 2.362599405033734 0  7.873636809941366 2.274441668611782 0  0.5386225673266332 2.474161197641844 0  7.216512801060855 0.5558504171376637 0  7.457923130384294 0.4988798577503528 0  2.012871989031507 0.8072505278864422 0  3.366701410148198 0.851891620300311 0  0.3201863123348214 0.7609161061494443 0  1.249478959935455 2.345132691558433 0  5.438297801076378 0.4301342740070308 0  2.964565269446061 1.275777314097332 0  2.940960505384438 1.075531490425006 0  3.129727078522716 1.185217139222581 0  3.204722283871924 2.711850670782547 0  6.986658323435605 2.872323488584205 0  6.934105826083028 2.656151340273881 0  6.784737030401922 2.743202612817461 0  0.6388924344881941 2.348001346483386 0  7.277611260163936 1.230587039370659 0  0.750970212010746 2.875710448182206 0  1.259834924010664 2.070639806824347 0  2.449258285231656 2.718781340008706 0  6.720107105496659 1.819648306861714 0  6.704371286534659 1.946969194971101 0  6.934227754349934 1.843838526906542 0  0.9301323403726969 1.722661257150008 0  0.8431211746890812 1.945429304726263 0  7.747572875503266 1.128928595822475 0  4.275408752604153 0.7975092785827779 0  7.678578405206292 1.942990067814606 0  4.266544662867239 2.045847580366521 0  0.4478497643494321 0.4954307476036248 0  0.3877610222616577 0.6163606879788851 0  0.7512319004281331 2.136783119127019 0  5.510398052289973 1.580532770975602 0  4.284424109518672 0.4237969203461206 0  2.274077615112281 1.614571358608515 0  4.136325640955495 2.564119278651083 0  0.1194840401035841 0.9095165158148638 0  7.334955441276232 1.681245550595432 0  1.787966911693906 0.7099054310464719 0  1.610706805044647 1.734661209165999 0  0.3442667915119321 0.271570981171609 0  3.907188668448776 0.8029554248934152 0  4.040887613021294 0.7537027651509884 0  4.006762949032733 0.99406838339993 0  6.014948466404431 2.375505537571138 0  1.571650455090638 2.241976201202191 0  1.196382144806782 1.860413973604307 0  2.746414838142133 1.162270168091401 0  2.677183328581003 2.706701305702332 0  2.367328359007173 2.472296822132441 0  1.146050584506808 0.7767233017561294 0  6.82820951893219 2.500629992433389 0  2.674774830859463 1.570452555964038 0  1.128905133116389 2.750920482050237 0  1.834179454172512 1.452985549182169 0  6.422440696067646 0.7748985613953838 0  6.447750134029749 0.6288100068569721 0  6.210735554093558 0.6573905170383616 0  4.104781606066352 1.59710885180574 0  4.806607759365358 0.7964672515248624 0  4.4375 0.1042574758906307 0  1.031015923379112 2.026515330351343 0  4.004857529471503 2.856236536036461 0  6.050757602527502 1.134866962411119 0  6.210276615609188 0.2453394092373928 0  1.724199317294246 0.981547319614566 0  4.86942668590312 2.753655853879753 0  5.018043466229062 2.879369320610197 0  5.107935459490937 2.743277053878304 0  6.517533514311376 0.989318016792272 0  4.811923695738264 2.478139553396408 0  6.320382595216021 0.8394151691622325 0  5.443003987338554 1.318900564902788 0  3.665802008007246 0.7946002794984961 0  3.583511055167539 0.6250043483646742 0  2.915931403074705 1.511585094982259 0  3.900245403198373 2.122891188377832 0  0.247921245069912 2.084341824455302 0  0.124403696818467 2.06839168363682 0  4.743523162218892 2.864812396429054 0  3.050182435708755 1.444050422431053 0  3.239787281063686 1.384224213925019 0  8 1.96875 0  7.873160408705689 2.040961683793694 0  4.806970448199329 0.2678316140298198 0  3.966011030463841 0.2477577436415394 0  5.25622262838822 2.880538412052263 0  7.756125284007819 2.05781253919689 0  7.507083537566099 1.058240911906737 0  7.588919500121335 0.9629902607595747 0  7.650869982371847 1.203777045188964 0  7.875480419647441 0.5638986526285681 0  1.39844444382999 2.703960125117516 0  6.443609679407483 2.506808212821927 0  2.553987840289155 2.334527609796287 0  2.736162219522025 2.181678549703232 0  4.23826303345855 0.5618519706227421 0  6.837229863229692 1.168352037894555 0  7.374161763411454 2.74816923178558 0  4.583759674637979 2.75235601455821 0  0.9887587432860829 0.4195944659772822 0  1.985134733739757 2.795772486003472 0  0.4767392301062635 1.59632116943612 0  2.451552877064792 0.1110348750386962 0  4.512417005516741 2.422315766954988 0  5.682518515552498 1.411405642296814 0  1.958109089603385 1.090642730643251 0  2.63183214893839 1.169983459740804 0  0.9387715063488621 2.516731659546003 0  4.400804232426259 2.551145465093489 0  0.4886858641618151 1.295760249334244 0  7.39761057022332 0.2682653146299019 0  7.575638107541324 0.3671657203720696 0  7.631843048691349 0.252946167550523 0  7.297210731631322 0.418227414891532 0  4.990855568782491 1.673482738145725 0  5.074254825431169 2.044558989169269 0  1.413488468248842 0.1152166340680134 0  7.050625805702199 1.170962892996768 0  7.114765601377526 1.066686716726803 0  7.274812478394893 1.101210372117357 0  5.918766850594802 0.534608173736893 0  5.912410923261458 1.887454189253511 0  2.19634222401627 1.158527465606088 0  3.470827041369656 0.4444089910379052 0  3.470147522321955 2.708621076100354 0  6.649559494320574 1.090665273737703 0  6.548077002283182 2.696692287137421 0  6.427850634423332 2.895380536480777 0  7.683854472835597 1.599311505312955 0  7.679252413645375 1.43176382882026 0  3.4375 0.100228896742357 0  0.9424654507563781 1.472385523054903 0  3.421687375193617 1.41498851315975 0  0.7806431780159121 2.47089613207469 0  5.716235428766372 1.748077040953525 0  5.569458553136463 1.775905352093642 0  3.0625 2.902588145148941 0  5.55696374624069 0.4474180302693578 0  5.080319286645192 0.5382734902977022 0  1.713619192365989 1.30240617199071 0  2.390218069815925 2.881120378324306 0  3.335302840914885 0.6230650164324734 0  0 1.96875 0  0.5910445665811779 1.766251632535476 0  0.6796548778775451 1.570895980563058 0  3.348729465159503 1.596527663776522 0  4.406127312316081 2.167821171303378 0  4.586362057283965 2.19090645694371 0  0 0.46875 0  3.655097725456747 2.368488558919384 0  3.627679136118776 2.593786620277601 0  3.506044658170693 2.463788992841898 0  6.0978745555505 2.142213010047099 0  7.432619858911962 1.816459156471005 0  0.2832797053263714 0.3694707945182264 0  1.41455399096173 1.751523000454223 0  3.740563162102393 2.707214037065711 0  5.409376460982251 1.020658903476373 0  7.40835411629617 0.7759443714125005 0  1.013786828315022 2.380143352423279 0  4.143185878756829 1.395196640646824 0  3.48302069995544 1.604803359353176 0  4.231131843234492 1.602826278388772 0  4.707462759934967 0.5665327537363564 0  6.131431003632447 1.791106694043786 0  1.710416904024087 1.909147112703588 0  1.056888869020365 0.09853550313743145 0  6.975565845521083 0.7978883206381017 0  4.018346016776563 1.395602277082034 0  6.661293759077751 1.463717599557474 0  5.778378870246921 0.2745246890165667 0  4.245692519035093 2.276393055837417 0  0.7154372362966281 1.89793776283535 0  5.989099434925101 0.7390856395386775 0  1.340037599713375 2.274101279544598 0  8 0.46875 0  5.861807921270347 2.123835762130935 0  3.153853280288047 0.2740480716259152 0  6.903053617673487 0.2405503723185783 0  2.6875 0.09875742759894843 0  4.880217129666259 1.789895645942638 0  4.955828719565326 2.642137840752517 0  0.7616762508216856 0.1145268029468773 0  2.940979821291971 2.710319454813876 0  4.576342215782438 0.2401535902358376 0  4.357871234080144 0.2576271225522037 0  5.3570104669669 0.5813382227690889 0  4.72978986745921 1.59914496242609 0  3.095955443968239 0.6531551851282749 0  1.755425008881299 2.096545490048838 0  1.230531248028466 1.631644709071292 0  7.184814026906209 0.8783546272083151 0  1.509673568331403 0.6725784716878656 0  4.988605172208983 0.4590746715507304 0  0.2399760515937901 0.1148970683997944 0  4.060980783377881 0.433291302648063 0  2.582935293482061 0.2429779336469445 0  2.360219866134771 0.2628423559249075 0  4.032808993617439 2.286718607654818 0  5.985821425732007 2.258860695365908 0  6.274236416601223 1.163685140600829 0  6.589543431827149 1.732910786651731 0  2.825844386828428 2.609340964211583 0  3.128595602394206 2.139671524552797 0  2.796242969742001 0.2571190928514245 0  7.415251271536878 0.6079086594259517 0  7.528325448483539 0.5856698334382004 0  6.492518346770273 1.790008220618251 0  7.101355733252505 2.009299562884403 0  2.345881315124755 1.799849063148203 0  2.568434201052816 1.731298040285012 0  2.553852772590741 1.892563064548433 0  0.4382706048961832 2.065805152433698 0  4.669446326948497 0.3664033666763923 0  0.8384268928499928 1.268507513760689 0  0.8074717961661506 1.419753874164337 0  0.9939048248761591 1.288528978286239 0  1.039587130464517 1.180750908888368 0  2.736173595632719 0.8134046870772429 0  7.725590332402257 0.7727047984369666 0  6.731266614623935 0.4959387866683416 0  0.1135541254436522 1.893966369180398 0  0.2245218784081256 1.856033630819602 0  5.800918205210224 0.6298843983834234 0  7.314632275657919 2.653799439885488 0  6.177920621764083 1.408808516719451 0  2.752085078172854 2.002209267860145 0  7.548681024785181 2.712473125909863 0  7.500417322783863 2.540170153045243 0  7.390026293148762 2.555455502483391 0  4.627994371181272 0.8684446758326698 0  5.986174161897807 1.514557953085361 0  7.325143279346658 1.56340275309957 0  5.751488719085344 2.091629573803705 0  0.9848872403489991 0.7964475413292972 0  4.120335185378628 1.494709306682001 0  3.566523233810873 0.2373993962480688 0  6.614894855406806 0.4964137426280022 0  5.450071504235822 0.2489768036157637 0  6.131461518937702 0.7865629990868181 0  0 2.15625 0  5.878592852782943 2.233083319331401 0  1.079805124295162 1.87778782371077 0  2.995578714944991 0.8490842719366991 0  7.909155372352843 2.500658729303148 0  5.462302605374688 0.6848242241658344 0  1.610119989714679 1.359541517042919 0  0.9864382588373947 0.9534392212470852 0  0.8317245022586022 0.955334091291917 0  0.8413785317382894 1.117822665014345 0  4.376088752934145 0.6332925612943033 0  4.792545896954111 2.250648510631987 0  4.899650073954333 2.347397421833969 0  4.934276164370839 2.130129265961644 0  0.09418702821720139 2.748407667245031 0  5.589336952473354 2.081098172463167 0  5.581894206782406 1.943856257968296 0  1.943370493851494 0.8953073210709555 0  4.81233731983658 1.696048588469566 0  7.270319393778646 0.1743359433886279 0  3.851515997634154 0.4518298681669706 0  3.806767515214255 0.6654036243822217 0  3.709544822541516 0.5479407818629048 0  3.02605082486551 1.010715865646955 0  4.977294642408786 1.916068159980173 0  6.347541772057559 2.557557848030918 0  3.35070584075762 0.2542102656806252 0  1.611381963267631 1.864727882747206 0  3.238276411528302 1.03260723479637 0  4.494178030747526 1.992746811782055 0  1.015663371298267 1.654080942328924 0  2.923442346913111 2.484322745543749 0  3.112353574850882 2.373733716887291 0  0.2899079508039559 2.447256731755793 0  0 2.90625 0  0 0.65625 0  2.317795045246335 2.629436593672087 0  2.899903079405134 0.5490668868884214 0  2.701503124301403 0.4630278077596272 0  8 0.09375 0  3.040792186451442 2.563980154227758 0  0.5057388763120614 1.006733487453432 0  7.421286218340818 2.178100732948107 0  6.636673379409096 0.7810928159168706 0  3.754682900563317 1.012403653389165 0  0.1596863803023628 1.124844009592626 0  1.248413318380782 0.8712631780993342 0  4.10529603178276 0.887731278827097 0  4.254557582193186 1.012654413144807 0  4.129550820408737 1.012654413144807 0  2.913466053363889 2.897815491388275 0  5.688787306611545 1.58572085877862 0  2.481449834919026 1.53083831647099 0  0.431193767419934 2.284501060061141 0  4.870162560375864 0.4412639697003931 0  2.52867180921781 0.3384007687137114 0  4.963833596070228 0.2483262586917849 0  3.443508544080816 0.7612767062651908 0  0.2558037322019316 2.888342169073951 0  7.762373723884852 2.642219109842129 0  7.887745374618397 2.614329069656325 0  7.758732371191456 2.441138872596727 0  4.955280657130471 1.567683367813888 0  3.687037565819748 2.133087810702426 0  3.692560801862642 2.01632453720152 0  3.870565100935321 1.986570718042592 0  0.9352941016036598 2.163668793183771 0  1.134055330876378 2.220015727130319 0  0.9374497681137306 2.298113098765961 0  3.319390025010444 0.421556682156991 0  3.087734473941923 0.5330843378552983 0  6.562672394413338 0.6078370179588601 0  6.108276306760936 1.895063842764155 0  6.358263452169484 2.044225786682244 0  3.505150995808084 0.5484450213620896 0  7.74503370643057 0.1113221041434944 0  5.004713350988252 1.013903988855946 0  4.843317723594176 0.9851834422409449 0  4.934375916608064 0.8257332134753924 0  3.755027608730595 1.399654259517365 0  4.486960640560013 1.601628491385005 0  3.408209417408683 2.893271467160345 0  2.751578837560004 0.6085377840295355 0  7.880785892151391 0.9260794602826651 0  8 0.84375 0  6.108929128401162 2.515400945315245 0  6.240156459180686 0.763660918685943 0  0.8250786041915444 0.3596699872426273 0  1.937774474878166 1.323041164247275 0  1.914775015620196 2.438474978135748 0  1.64059177350352 1.524023721880036 0  1.34833899721465 0.3346061265086472 0  3.350124719318772 2.088136559497536 0  1.321580026290129 0.6636542321838348 0  6.65893814078397 2.597592559221594 0  6.762996107969917 2.408012513024492 0  5.330085604737646 0.4510729284017481 0  3.643628781947336 0.4053277591940444 0  7.480063440764251 1.444519720115981 0  5.6875 0.091388717347183 0  5.598059163083031 0.2592646288022036 0  4.9375 0.08542084665073324 0  0.980891396504741 2.892837726916541 0  2.584672418502173 2.898302103077085 0  1.497092119539136 1.94301772172097 0  5.577769066198107 0.8597088407730921 0  5.715812327301108 1.031298363802281 0  5.746366951232428 0.8911808306548952 0  2.252766362011164 0.5081162651966717 0  2.869784630913718 1.615139362600197 0  0.6896634341610366 0.964668009564268 0  0.534791469595618 1.108003433463119 0  5.662485927366322 1.24724687225672 0  0 2.53125 0  2.318394285048975 0.7934649397325134 0  5.304359411978312 1.411134040213993 0  7.091387608610085 2.323526650488948 0  6.983589702208395 2.177057782961972 0  1.330633354086475 2.488042309224616 0  2.047620569177503 0.4707409879295145 0  5.289604797240438 0.2317724441585745 0  5.457107981714313 0.09874484780270909 0  1.911700946641644 2.070473112106365 0  0.4505074662500909 0.09899188696686025 0  5.130545278269583 2.20755270658199 0  7.530033652456525 1.777526719635009 0  1.390717477140041 1.100662073148194 0  1.457415351575508 1.226805472789695 0  1.599737045410946 1.139177503054656 0  1.592163526877966 2.435919282608934 0  1.768281142526814 2.383654327674231 0  1.149217525303101 1.516492535345314 0  3.788749859048337 2.490993029472244 0  0.3075705439938677 1.992888205812716 0  0.3541843175497281 2.759029613859541 0  7.905192091370202 1.921875 0  7.157652140631297 1.547240784986438 0  4.879317233210128 0.628791808199517 0  3.504711932060813 1.016657151754927 0  3.345946461283399 0.9866943288092931 0  3.551872785274793 0.8599741655439886 0  7.522715857634326 1.624680817658849 0  2.098552869762764 2.214207866807823 0  1.461995731036732 1.512428430919188 0  6.32393577312966 0.9451181038596012 0  6.308085884962194 0.2873664777307307 0  0.3936603345458191 1.717977790255349 0  6.31755119900047 1.728302048205117 0  6.244591018482846 1.600733800891144 0  6.115442085396143 1.653208087475551 0  0.2057562796228405 1.430814603665715 0  0.6480202763982557 2.115632425101941 0  0.499024209336565 1.896518096392571 0  0.3726328501321173 1.850670083717525 0  1.997667128562657 1.798576294793683 0  6.323082660194349 1.416855767042018 0  2.218995873237813 1.41602800413182 0  6.487540032346861 1.894307319857019 0  6.571950710664998 1.963747254255327 0  6.557156851213428 2.907211863961076 0  7.481952927208609 1.325543265229557 0  1.608421424016294 0.2651995800422993 0  1.328525405202549 0.4513353692663375 0  2.659155848442683 0.3143913226526266 0  7.574981980873987 2.612194930390714 0  8 2.34375 0  0.8127846151459317 0.795515416094641 0  1.902780373811098 0.6673231931820232 0  6.521851697372607 1.546850956217635 0  1.687859979704575 0.5287746548052948 0  1.837376982160536 2.734753397158065 0  1.9375 2.918135117701349 0  1.804846904595888 2.912292338119599 0  3.176588331532901 0.8641093378374898 0  4.747627805630116 2.640505888116826 0  2.086312215404282 2.412068448822495 0  1.954587409007029 2.573464902747602 0  3.90145958556112 1.004014036163299 0  0.4953528019573066 1.698227773833671 0  6.079957721205161 0.4343878932211403 0  3.437810706074243 2.27061185034535 0  3.212591018398059 0.1005529425705893 0  2.032156885948237 0.09725457900229249 0  1.968688337298579 0.2268920484365842 0  0.5625 0.08307081286310393 0  3.982852730890386 0.1159862482270517 0  0.5723381314287073 1.536849155705264 0  3.55514399924614 2.912487048838249 0  7.041621525732573 0.6975060962196458 0  3.842630981500352 2.720090749810374 0  5.298578062125573 2.233688971799946 0  4.697402233227086 2.13223116835392 0  8 2.15625 0  6.743118490637853 1.000402295187694 0  6.922153973028285 0.9933752921806294 0  5.408893114146371 0.7946816986494575 0  5.297789548868971 0.8193111201482799 0  5.795249980423899 1.105392053269239 0  3.519374223999366 1.389865243572726 0  4.710188868141584 0.4623394236747964 0  5.976351292746633 1.972441883831834 0  5.306027437813951 1.517581662564291 0  5.133262472418343 1.527825899503733 0  3.132114007606073 1.553952743142121 0  0.5800595925026258 0.2486479937702611 0  6.749919837110218 1.11374562481302 0  7.897936672336062 1.506862612737458 0  2.995815429123046 1.980006415998092 0  3.12100195060804 1.980006415998092 0  2.942685976268206 2.077066829415321 0  5.144042964176186 0.1703521277938885 0  7.500610903387674 2.337734605854596 0  7.773158320837958 2.248151671003469 0  7.592077121185361 2.156620142584384 0  8 1.40625 0  7.684031259738885 0.9992508798124474 0  1.1875 0.08047667881525694 0  3.167122522585497 0.9676987857120914 0  4.160165172729129 0.2434813785376897 0  0.9552585044447393 0.6484328760982495 0  2.440730341462631 2.093256840876828 0  0.8036197924180601 0.6545992367390399 0  7.006872232842706 2.770548043386686 0  6.147710456146461 1.098154609065542 0  6.604769468766931 2.448654510534623 0  6.109245099440997 0.9127344351548664 0  3.370814147478954 1.983877484597048 0  7.059397073252295 0.3600822344435872 0  7.101887547572202 1.693902326047576 0  7.035985642174578 0.8829725075604209 0  1.250729763450164 2.569777322779892 0  2.693136592134133 1.8 0  6.420908133996948 1.714146400105205 0  1.60615093081621 2.636790702545317 0  3.248959683414381 0.6763765684432727 0  3.276007048580365 0.5326799517653296 0  1.6875 0.08449080335974953 0  1.780015238230327 0.2215452042709201 0  2.981296742420588 0.3582253463667037 0  2.608323379316732 1.976176289768375 0  1.806865466349194 0.8406097772057657 0  1.600131780765999 0.8422790203469896 0  2.607091874342628 0.9861119820127362 0  6.285231975231963 0.4674934193072768 0  5.306863407865867 1.2 0  3.244331113574983 2.323399063863179 0  1.353688394713874 1.545260400824272 0  7.893236728057131 1.112979862923884 0  8 1.03125 0  4.12136107562782 1.979581031934628 0  6.060084275248204 0.07971014989927096 0  6.22837192809988 0.1106160568354974 0  2.153176945147821 0.2439993981998755 0  5.307132770484169 0.9953313357261683 0  1.020273154418499 1.552857499586253 0  7.387585718925504 0.8745936816771313 0  1.667094234369888 2.047567086154827 0  2.680243209834353 2.497798549880759 0  7.639482266358 2.292202497534002 0  7.229479722563204 2.461853945441722 0  5.5625 0.07934625924635776 0  0.1015947916138042 0.4836005841409237 0  6.418364902809465 0.3196954658671632 0  6.421340656099056 0.4509963397075104 0  6.248362307212911 0.366642931846439 0  3.493968365006671 2.12644729500237 0  8 2.90625 0  4.504081725757496 1.017036634140704 0  2.242190468469937 0.704415288710703 0  5.989896921909117 1.358396871433727 0  2.849065529118711 0.3888734325028354 0  5.443968620759716 2.373166618039705 0  5.294752997807748 2.352942637667352 0  6.858862833351238 0.7729885469358085 0  3.012673809216655 2.357384495584885 0  7.629155708532643 0.5766521667778712 0  4.81902373357444 1.532976082720318 0  0.9980989575260101 1.086064584883174 0  1.20057576253149 1.076963661337672 0  7.6875 2.923352630406447 0  3.06673426720172 0.08125283186917165 0  1.084462561040557 0.9729849710468292 0  1.694330526601203 2.457327286549049 0  2.047939859368796 1.980201081855321 0  2.739914346006471 0.975388596376545 0  1.509549425055445 1.70725122032263 0  7.414108870799284 1.022616968974534 0  0.2366068290355795 0.5502756469149244 0  1.587407249569476 2.534610105595355 0  1.774220338505686 2.596534860128089 0  2.350954000845281 2.006962772927067 0  5.619595109301496 1.07309766316763 0  3.245999406851053 1.98117549184362 0  7.782492098746951 1.587361596096152 0  6.353667517538607 2.656310467842918 0  5.68684656428151 2.671608048597985 0  2.88482256453344 2.802699970109604 0  4.380368357234156 2.894300147673921 0  2.939658089704164 0.688999904844249 0  7.802880674377461 2.916965190500922 0  4.473304958968865 0.8320201512849578 0  1.79601452216348 1.853853643602132 0  2.814789460111466 0.7493265440130258 0  4.599646192349891 2.467298267449955 0  7.120217537725067 1.857904113119735 0  2.607267588737255 0.6908311028758932 0  2.442210639810547 0.7101826661956224 0  2.427777071313476 0.6071460661466026 0  4.010566506836364 0.3353943205808952 0  7.645523693601851 2.800972478236142 0  6.113593495569877 0.2623361358236316 0  1.467479114447318 2.907997229703522 0  1.522065828210763 2.782965131341406 0  4.982317935873996 2.28914669908999 0  5.018142431038263 2.382435440074278 0  5.152765049123346 2.368822837141739 0  7.76526852316858 1.384878545811712 0  5.93259526844327 0.8258392602020602 0  5.932368780851235 1.025463602059692 0  7.382223948914498 2.053958958633679 0  4.230324182039574 2.891458660679926 0  5.039173250545868 1.535042846768903 0  0.2042351393672495 1.213444878656217 0  4.099831222664649 0.09367683499542828 0  7.914581753478199 0.421875 0  7.783496591345264 0.3624238685131254 0  5.147368554212038 2.104904929769115 0  5.013422909855045 0.7042388333737167 0  5.132804248401849 0.7435754162175625 0  5.168408706033374 0.5805873348999587 0  1.682295452194711 0.4310288058075401 0  4.979041144712867 2.544109824205038 0  1.525101917256261 0.4395978425336282 0  3.628895964776202 1.020210386333647 0  3.731950392610417 0.8600033542846465 0  0.2114867005215694 0.9438572515471054 0  3.6875 2.926117069048392 0  5.52719880106239 1.444628671102512 0  2.122787419685405 2.505060320055925 0  1.340196542228015 2.781977483322043 0  6.797973161056604 1.66427462413344 0  6.847746585259086 1.524995281848772 0  6.926028214136164 1.707663351124529 0  2.523554871975052 2.243534081618491 0  5.426746758397694 2.082483555574369 0  5.293918339802043 2.088750257180857 0  5.278233841900444 1.957392793552004 0  0.5094841842719774 0.8305509393034914 0  0.6518955022771571 0.8581488583235323 0  0.5530167521737607 0.6868936604166176 0  6.406383487309819 0.2156861753498535 0  2.191856350640327 1.510216682136029 0  4.793806599033608 1.957648825973792 0  4.87203442450918 2.004115267758571 0  5.323794317341348 1.669028734740862 0  6.016175391613783 1.719973495681063 0  4.008363628540083 1.607380037661242 0  2.358246959809879 0.8815378499990008 0  1.69451643792166 0.7339569657848237 0  5.935608482324542 0.3400727349129112 0  0.471852651566538 1.390911987895805 0  6.900184605247571 2.30255341877891 0  6.652113821503521 0.8765423669730985 0  4.202158631631297 0.3738051913854935 0  4.093379897355239 0.5395022528859633 0  1.770602206993755 1.655600756347453 0  0.1158056042923209 1.687820106680604 0  0.44026844174849 0.2871044624283456 0  5.843823843995098 0.9009354187473625 0  4.8125 0.07306366688067764 0  5.324309378405034 0.084188187353424 0  7.11229131468175 0.941623556107686 0  3.216091098942429 0.1984456558611382 0  4.717997139235269 1.007826695088193 0  6.631799858194848 0.6823499096845905 0  5.540996953149897 2.364718375693161 0  6.174856285462267 0.4457973606778068 0  3.277690472074201 0.8285052942067215 0  7.682753640625702 1.745256106394997 0  1.542006572594682 1.043906160855431 0  2.755360487517523 2.786568659705644 0  2.6875 2.924194310175856 0  2.596156968842994 2.7616804131069 0  6.353986007299619 0.09332635491909225 0  3.823950325533774 1.604803359353176 0  4.478905642024213 1.395196640646824 0  7.469424394812383 2.769448073480287 0  5.846996527433034 1.301240560994378 0  1.754342659589015 1.508064473242649 0  1.895352623795796 1.640797730117879 0  6.601550814270359 2.779271620677227 0  5.753555391899607 0.741201321987048 0  5.612284417243425 0.7263486877751338 0  4.852895932581351 0.8881619072629577 0  7.507413077583567 1.877316551637203 0  4.205097001868265 2.784044520111469 0  4.405117036334228 2.785020791269181 0  0.09149288412706157 0.2320110630245215 0  5.295169918901902 2.497670213925233 0  7.745873968081183 1.226627088647543 0  1.908594402397187 1.514824633919191 0  7.672897211713977 2.600872475274941 0  7.855240720194219 1.700986581390544 0  3.82218198491673 0.08098566124620643 0  2.837396465300898 1.443239256190058 0  6.168033297405326 1.314620343748395 0  6.537930799171734 2.311257634726442 0  6.602922379275467 2.145177487961639 0  6.701380250882935 2.256344120419598 0  6.009722054334159 0.623831143010192 0  3.317938814293676 2.425275534634366 0  5.0625 0.0745667621252348 0  2.042773119779778 0.2859844780257096 0  6.173690587755188 1.964093349937848 0  4.541557385850496 2.640226313007407 0  0.4525120794993606 2.421561451538509 0  0.5679929143742278 2.266609906075454 0  7.911690673692016 1.274793430759934 0  1.915236753177079 1.00380400892969 0  0.08374807978955622 0.796875 0  3.022885780601793 2.258081553390607 0  1.833726537149162 0.3520969488703736 0  2.188488435187884 0.9443712814196107 0  3.083679542305699 2.771678644539996 0  7.016785150539374 2.611204862786335 0  7.146091697394556 2.761741836200204 0  5.56816598081044 2.520217304253339 0  5.556894055787839 2.659174877316638 0  6.281768012131429 0.5957377299739748 0  1.278240031438949 0.9605916954196869 0  6.89210400981533 2.902295017450408 0  7.248268467547286 1.718382973481014 0  6.726447457605323 2.068267913989231 0  6.791035325074271 1.993854753102718 0  6.913950182396825 2.108347708521871 0  1.058331902236889 1.362277304618481 0  7.5625 2.925549439931749 0  7.466151363271126 2.908125503199408 0  0.1275593314805737 1.500964378164903 0  0 2.71875 0  0 2.34375 0  0 0.09375 0  8 0.28125 0  6.21875 2.843015749765246 0  0.09430336532644563 1.3125 0  0 1.03125 0  0 1.21875 0  0 1.40625 0  8 1.59375 0  8 1.78125 0  0 1.59375 0  0 1.78125 0  8 2.53125 0  8 2.71875 0  8 0.65625 0  0 0.28125 0  8 1.21875 0  4.937918273161155 2.929049282265881 0  7.910164127920019 0.2322410726841214 0  4.0625 2.930147975620154 0  0.7219606747197075 0.1993721234413957 0  5.138284599674424 2.654065002595231 0  4.731040256760109 1.393667649667546 0  0.9344802977141659 1.817593954100541 0  4.634910033126214 1.369834488113844 0  1.954736518355663 2.153299241982582 0  3.73828722656922 1.630277790949681 0  2.085072173991713 1.342580786688798 0  1.5625 0.07109802673966455 0  3.161652254628037 0.3699900115364021 0  0.7463112218687701 2.257351042295218 0  6.888539802290413 0.6009862703552429 0  6.140248217771074 0.5962011788222017 0  5.684102083807878 2.519724742733358 0  0.3143174603628313 1.533825954671789 0  5.808403329061668 1.395809444016711 0  0.6305757852919202 1.98364048928298 0  3.796616178779596 2.91351440828806 0  7.310370243806176 1.31895508631384 0  6.369098845177777 2.309703401303267 0  5.004256584007892 1.369069172343288 0  0.4631039653715158 2.59928410053691 0  4.781296198529695 2.159318877897488 0  5.302031703047061 2.652889698669609 0  5.411892859513386 2.661220139117259 0  5.422786929861894 2.508394207732353 0  0.847229056941843 2.123073912945541 0  5.703934010787263 2.267307850568871 0  5.830294708028567 2.404346372194693 0  5.695191045212083 2.383002197464367 0  2.381014464368655 1.541537865572666 0  3.213128836718711 2.914793484402893 0  3.257973509278702 2.792575897568863 0  2.842345639314833 2.355451797805656 0  2.890385300994958 2.22385886915398 0  1.449726082834552 2.112662057791053 0  0.9634486952045141 0.1041385805551376 0  7.91888324082313 0.796875 0  2.165644000686721 1.944833868765025 0  1.155719079994169 0.8689411621898276 0  2.101370747519181 0.6618159424054063 0  5.418550918304653 1.949926620075537 0  4.880822784964467 1.368387724218378 0  3.302496082933144 2.518247172649655 0  2.333377600403428 2.281028461509359 0  0.8499548748481771 2.328384512485731 0  5.728558560887637 0.5719004123451267 0  1.019339917323556 2.120346145330424 0  7.5470259281709 2.460330616770252 0  6.97173170905962 1.5796751009012 0  1.287570568794672 1.707205990078551 0  0.4339639082823145 2.927726742349285 0  0.171511777020792 2.27948533419617 0  0.08082715191797843 2.203125 0  0.2645424612554076 2.175555392805266 0  5.437607035786802 2.210609704372147 0  0.3364042189190997 2.568596274792984 0  1.599174915967616 0.6498025441275667 0  4.714517937861064 0.8242191897759003 0  1.406120707839964 0.8242189450835642 0  1.375664417758454 1.353702441577985 0  1.191029335665412 1.324226009276731 0  1.272549163387938 1.431019777816152 0  2.294377063265618 2.910209424704889 0  0.9058649133589247 0.2213978226803839 0  6.425447187345624 0.9973264290333711 0  0.2320720825719964 2.63680032436772 0  5.268642207849862 2.784396658749571 0  2.957610118307479 0.2292748055092312 0  3.033239251577546 1.346371524498672 0  0.5452905602259267 1.22068578397258 0  0.6572476385000462 1.368727469882271 0  0.6828940427123933 1.242002310405224 0  1.074955236334503 0.6103179098527635 0  1.203735569679624 0.7018939159759516 0  1.180660768992883 0.5204077939767546 0  0.3162171745862864 0.8524097579645595 0  5.442083571631062 2.802353224155938 0  3.082470214247423 0.8195338464133234 0  2.276957183834872 2.457101391393395 0  2.793062773076628 2.079792138744267 0  3.545472880606197 1.996088734192399 0  2.190847060386712 1.6580153593747 0  2.04957947856142 1.634776217459301 0  0.3766365914379562 1.132148145646126 0  2.779881743555024 1.25695813463571 0  2.864381172368896 1.123181819027457 0  2.938268529758183 1.187078892110051 0  1.3125 0.06731408062892644 0  5.03818419949216 2.68322948746527 0  0.1471050918929073 2.552218308947589 0  2.962995856442503 1.61093009207634 0  0.9075862345925029 2.636911225606841 0  0.816605704623502 2.66744452639718 0  3.431402579574671 1.516430501595791 0  3.330415974377994 1.39118207414173 0  3.250615909398592 1.474985073074716 0  2.467489024092135 1.114895811996721 0  7.289337936327057 1.89233296724736 0  3.571655785225883 1.596597542105335 0  4.236410575786921 1.403402457894665 0  7.123059664663812 2.097793048918413 0  7.553260490945453 1.142923096693852 0  6.968069908261677 0.3662203911286543 0  0.8214107211342214 2.793016896528928 0  6.244232672472858 1.788650907109047 0  5.940835960129817 2.428654139363354 0  2.563466832661598 0.5605202462299599 0  3.77049106551654 2.164400761381125 0  7.231484146480411 2.147047291360279 0  7.063742470743143 2.22215207816062 0  5.181213986474042 0.4668505370939767 0  5.145224407462837 0.3433809815384791 0  1.442955863990403 2.564451795777538 0  1.31123941657275 2.676304637423216 0  2.287964488956546 1.150654442218584 0  7.709923007189565 2.517839638528411 0  2.469284134075926 1.705956503502374 0  7.294036040276792 0.08321957902386992 0  7.441221909968914 0.06918241115209871 0  2.929658492770039 2.393860565682758 0  1.021337817984272 0.2820031067508249 0  7.7514889656582 2.743830250557435 0  7.91982621344362 2.770194505331008 0  4.412426209055204 1.012619334093871 0  6.195187055190598 2.549724594866554 0  2.363488752750021 1.056305407595019 0  7.664027873425368 2.438181116473693 0  5.418994305978416 1.109890168586554 0  7.909391088506271 2.128519162301855 0  2.208475494607878 0.3978239490654243 0  7.228476941152254 0.3596223420472195 0  7.097930413221468 0.4955085024038827 0  1.408142331617756 0.4993395333106944 0  7.1875 0.06782815398731711 0  7.081872255838574 0.2034650100996934 0  2.213746949554902 2.343757512316432 0  5.167743808433574 2.495985216810319 0  6.483805045723678 1.203578123697322 0  6.606860347664392 1.171450114039411 0  5.8410877921427 0.7111075974028905 0  2.765196397893785 1.615139362600197 0  5.566435863989748 0.9998402043098644 0  4.278498350202023 2.72915171916447 0  5.164051720079327 1.011052178258254 0  0.4952862364034999 1.990721746345149 0  5.1875 0.06483170584061179 0  7.202795867643275 0.2341758001591618 0  1.852470305570942 0.508801102614251 0  5.885206763820559 0.4504332824315032 0  3.575891173893638 2.288589680118709 0  3.415069947103345 2.396462188392624 0  0.7075553617172949 1.115002041665841 0  0.2355306202409029 0.7279262058270274 0  4.602121710672876 2.282611980662344 0  4.450173088103535 2.357707025159766 0  4.489649156294237 2.198695923142873 0  1.6875 2.933639751193204 0  7.0625 2.9354232701344 0  6.788613150945944 2.209419064968973 0  1.46500117072351 1.422919545272634 0  1.272852871268253 1.24634292996355 0  3.6875 0.06423978260771115 0  5.154311714002108 1.385792355971517 0  2.996618836042735 0.5126222915787779 0  7.5625 0.06408106268044168 0  6.53202211082737 0.1664840567670271 0  6.559570012414262 0.3167968366258384 0  6.5625 0.06399535493393124 0  6.687467897516664 0.3196954658671624 0  2.892586854543874 1.316835748797967 0  7.004490570384955 1.663467288738318 0  6.6875 0.06394840496878043 0  6.9375 0.06393252551636058 0  6.811067116752266 0.06533330238635074 0  6.812483585072458 0.1917815294281046 0  1.193080773782548 2.813658149759119 0  1.1875 2.936067474483639 0  1.0625 2.936067474483639 0  4.928961014667132 1.724830928179432 0  2.9375 0.06450677342042797 0  2.489894660966073 2.521490851536766 0  1.370544507152853 0.9953389010455376 0  7.451540622238466 1.201276635334181 0  7.613305402557503 1.28561893981468 0  7.308548586638726 2.81243298573628 0  7.3125 2.936187612826953 0  5.8125 2.936225083683881 0  2.603909370307595 1.254028337914338 0  2.302055331986801 0.9708021311624395 0  2.22559794918937 0.7965987809699574 0  5.541727032671257 2.793059179252857 0  0.4822201350938943 0.4130243409141003 0  4.893104751967389 2.520405933801131 0  2.294279230282733 1.875512864475636 0  5.9375 0.06443717397625499 0  4.244909280524831 0.1979339003069231 0  4.668425212741309 2.79084546155116 0  4.5625 2.936544324161908 0  4.6875 2.936544324161908 0  5.794663334110033 2.665729935784849 0  5.937067710327341 2.556010234290179 0  5.938999514392954 2.810565275216827 0  5.813576822100471 2.808864232823614 0  5.6875 2.936644081222529 0  5.686850967792644 2.809291979683694 0  6.039496439983751 0.2115159680374169 0  6.82887144534229 0.9555779246004698 0  0.8593016414506667 1.65867571236313 0  7.283111832161853 1.404071521106935 0  1.518106344316775 2.170324966622797 0  0.8221689852123725 2.034783606269185 0  0.6592526979824898 1.706723195493201 0  0.4418559704977217 2.818138590090306 0  5.564031774740172 0.555073846263417 0  7.24746898264697 0.6454701849973612 0  5.1875 2.936851581722734 0  4.291773176488519 0.8869190431232874 0  0.3143027228142735 0.06545698307760686 0  4.089384326278863 2.160150355996203 0  4.213287519565305 2.122690172598317 0  3.780692867304036 1.985685847072747 0  5.938156294337325 2.682395799452137 0  6.063565774713468 2.684107138849632 0  6.187289778851349 2.686642397294822 0  6.062288756060317 2.812079950159386 0  6.1875 2.937290113864928 0  6.729171068737384 2.812907073055444 0  5.563211017221076 2.936644081222529 0  1.837175907123284 2.251332881620475 0  0.6875 2.937363558416469 0  3.572907468279829 2.404152455855199 0  5.02481847833515 0.3783715191637713 0  4.384463818309198 1.369587784264259 0  6.687467897516664 0.1932140528843843 0  2.096900096710426 2.125193748173487 0  2.220404458558552 2.06490493307592 0  5.4375 2.937495002626771 0  5.9375 2.937498983712747 0  7.70083821089244 0.1965763404882957 0  5.416198458623565 1.834411056996168 0  5.290429327302503 1.821503074839013 0  4.625473391632414 2.551902327104151 0  7.496610546473431 0.4149964809548637 0  6.722213300826346 0.6790822970900157 0  7.02845738541792 1.511752523652817 0  7.91175036495449 1.026567055397154 0  6.0625 3 0  3.721659151335296 2.308859513764914 0  3.703400757948581 2.443674086071306 0  3.853897541149517 2.424424241344212 0  6.460235296477351 1.289357177621823 0  6.511754210387821 1.364278699002023 0  2.26781488253953 0.09148950556873227 0  0.7857468898336812 1.746580416971463 0  6.545465300359012 2.048043543507252 0  7.167016887830197 2.273875560374389 0  2.1167607954865 0.1221311566742735 0  5.433414925724914 0.3354326555635249 0  7.133297601731208 0.6841106914308366 0  6.285650344980267 2.400834661957384 0  6.285618450710554 2.221537037760334 0  6.197764021068322 2.260323097896631 0  1.944418155332916 0.311665198228968 0  4.621649961739058 1.96332777076902 0  0.8125 3 0  3.881346391288985 0.6190926288503904 0  5.760420913771739 0.4346023566700664 0  5.691901850510593 0.2898215561875807 0  5.602271489388418 0.3705791794420049 0  3.172036644359213 2.630387300043794 0  3.287665269920113 2.680955995899957 0  5.616736087932379 0.1492256181657267 0  6.930490103000157 0.4951731646400973 0  2.338428709717843 1.708437068619453 0  5.476715164498083 0.8521338068764353 0  0.114517185849263 1.981456553825145 0  4.762430934535854 2.552454299449086 0  3.683388820625652 2.773371729002334 0  4.702115096329867 0.6536827853134985 0  6.303159922856334 1.855307518380581 0  3.453086929365084 0.8465822139996338 0  7.567456028681084 0.1944003761456836 0  4.861556494679068 2.091231063043144 0  4.666723478492351 0.07850826814617018 0  3.411899753535712 2.804783584864737 0  3.547669965992772 2.752569542979564 0  7.194208681509547 1.254574702151956 0  7.129615688275196 1.362643264037925 0  7.102332401172809 0.08839153209230352 0  5.981311462645857 1.192238889925376 0  1.657911410226193 2.265701096268127 0  1.345233476266558 2.054147615694448 0  7.1875 3 0  1.492481403373493 0.5200948170119462 0  3.90052650060171 0.524605980769548 0  3.971752933679041 0.4321155294828198 0  4.014204419036621 0.6143110527066747 0  0.5670436744074959 2.148123375698254 0  6.446431845145946 2.349783400013567 0  5.098987992504823 0.8600019714393523 0  7.439442741704853 0.1910005352473599 0  2.568041615271117 2.441211665728344 0  2.638875355813402 2.317023942988692 0  2.732637538762709 2.429017559004481 0  6.859669137516357 2.700102013823561 0  6.145976853109334 2.06314157471376 0  1.694313612229823 1.217630460635986 0  5.272377100587245 0.6151463446068582 0  4.890978330872869 1.503852390671077 0  1.224478327128612 2.65970163905298 0  6.59743096571289 1.352743425136811 0  6.638971563531829 1.272229842212861 0  0.6911076546292008 0.06386281046072019 0  6.206131124415041 2.366776262351317 0  2.627086081287474 2.609506248414838 0  2.763530046117736 2.520147092423468 0  2.759437487089722 2.666283376167673 0  2.033880116746789 1.478387014793647 0  7.25808668280502 0.9238607310267944 0  7.392407629990378 1.617131900367225 0  7.507075430715856 2.170491207800461 0  0.1875 3 0  6.437807138794808 2.07804046457206 0  0.7427224061413207 0.3352683609286642 0  5.39669483631032 0.5052205293594968 0  4.209298956553051 1.984816470185331 0  1.124978783001742 1.164900343892996 0  4.169494372049514 2.479469908326059 0  4.31361126954019 2.462416851121053 0  4.214367014434424 2.599761253855398 0  1.142260490164472 2.51513882422364 0  1.011956851943256 2.564191093914103 0  3.953649060398544 2.926470082555134 0  3.352305580577302 0.0837527136170315 0  7.8125 0 0  3.096317085539692 1.6245134316442 0  6.011383269993344 2.054253588246325 0  7.222990931526078 1.837771578777816 0  7.018907876556916 1.361494845656243 0  2.029871928951833 0.9019417526545408 0  7.803109737882589 0.7369759756039289 0  7.80763643727678 1.285873093558592 0  6.463906407953984 2.713648967641776 0  4.458258803069584 2.488158535210644 0  1.618827875076863 0.1354012606858176 0  2.265677271515172 2.174412044016889 0  0.2702171899386021 1.607444559095922 0  4.388901964452015 0.8599186194919041 0  7.15655020206059 1.462066695034788 0  1.20412814495114 2.271170868216107 0  2.399725766781303 2.393309443944132 0  2.146272075204517 2.913701828875506 0  4.567981735947403 2.035354178362078 0  3.687292108710678 2.533217513221677 0  3.832076257934831 2.566574657271979 0  2.481175981224184 2.638828267472961 0  5.071975574694946 1.704095539009228 0  2.872926734243741 0.2207553526858737 0  2.775428821187747 0.08524868743446937 0  2.768401848579889 0.1769468201542967 0  4.054127104656922 2.527728509794986 0  6.02409475756711 0.9287222871597604 0  2.1875 0 0  2.472332473456705 2.915420122361793 0  2.419190155902595 2.801457718556071 0  1.155494469212645 0.2793704417971815 0  1.208629901082779 0.2112741969071472 0  1.192573932643144 0.3566184446163558 0  1.415328393705135 2.484302178174489 0  1.453660776538761 2.405652982357242 0  1.53011048148924 1.273967300046404 0  1.869655158033972 1.926211731008291 0  1.977203034673765 1.887168167870666 0  4.34425738968318 0.7147194654646459 0  4.194452221878413 0.6378806204471552 0  4.941689912422717 2.835370625293567 0  4.798526930766861 2.929926120429603 0  2.514344366744974 1.4061062010443 0  1.129074210796996 1.808581351088795 0  2.234169571517043 1.332757125197265 0  6.889911909877934 2.583969449483609 0  6.764676741126057 2.556795150530567 0  6.73118678656512 2.646553249682992 0  5.524292768717543 1.27369855069679 0  3.828072254026069 0.8469168813501576 0  3.921609146685578 0.9183568048213026 0  0.5625 3 0  0.587872102744557 2.916621941798657 0  1.628616435618583 1.052816728848917 0  3.189089307900638 2.193024836409094 0  5.927134392721957 1.803677049366124 0  1.514860973797264 0.757351817133244 0  7.596597937312726 0.7773455368999368 0  4.33404212120105 1.983087450045437 0  1.914202272377053 2.699955518851603 0  4.707086305742971 2.404063177514259 0  5.3125 3 0  1.429950340049143 1.593779997574826 0  6.336573452736403 1.532938517472398 0  3.008636469174042 2.642940330168603 0  3.773213658667701 0.4854116340295177 0  3.831102870401891 0.3691116989254816 0  3.731550293613064 0.3190515703865579 0  2.249837850250447 2.772413626328233 0  0.5307926656428752 0.4816540171062508 0  3.862741086856728 0.7221422916109684 0  4.80691946828474 2.809737646430955 0  5.266199626392524 0.312994000172845 0  1.385811431327719 2.888452999183603 0  4.560459524364798 0.82139780072131 0  3.176218370416295 2.037037565226831 0  4.304566510663268 2.934054427075547 0  5.898416690995974 0.1387179206091813 0  3.42064149223006 1.015251155610228 0  7.101963492509244 2.604873644581047 0  7.711841627774667 1.514705736592199 0  5.786722369896215 2.01110806329625 0  4.688552269452068 2.322269842799782 0  2.656706779764773 2.150784981949784 0  2.558228726048273 2.052145056899076 0  1.919873939045481 1.763160567008378 0  4.523943487524378 0.5427183175038394 0  4.435955246713912 0.5519508383022766 0  4.436384157194057 0.6930903037635184 0  4.269750219286563 0.08358383114401398 0  2.12765016161681 1.207903532212082 0  2.059214426363748 1.057087216651798 0  1.993460755226691 1.166977602182825 0  0.3021769197564922 1.686372953314054 0  5.486143478353291 1.784950008564061 0  0.6609455504504289 0.5504726206564473 0  4.918705511224322 1.017584382936451 0  4.411531225777285 2.63719852241468 0  4.903821227148697 0.5201970121373765 0  1.413040073141524 2.314864883702572 0  3.630636592134133 1.9 0  7.829624062194112 0.254316874403311 0  6.466329545358309 1.434306780688062 0  4.477127215263019 0.3772335204672244 0  3.869363407865867 1.3 0  3.927997661072298 1.384659567046429 0  6.073207199237772 1.216122322763609 0  6.301000949946549 1.24888812298076 0  7.384439755180741 1.748381339813025 0  3.992409188246221 2.690376967963586 0  3.971324590901753 2.547072357811228 0  4.103798012654797 2.640991106787445 0  0.6558777198411252 0.3976131630952219 0  0.5641128518492525 0.1666194635043223 0  1.088683928149439 1.694126829099255 0  6.587739129073324 1.034529875414641 0  6.23784914805506 0.9508254029619209 0  0.4052336642259201 0.2108157090747588 0  4.728570137895285 2.012164650060607 0  4.825473005658978 2.678839817487155 0  0.3888137782882572 1.408442205932176 0  0.2894481809954145 1.351680459673676 0  0.4172185365526648 1.253324359372287 0  4.574303896327065 1.619291924018552 0  0.2196554820632464 1.773112130344953 0  5.182634831859945 2.785934253626446 0  6.625104796395433 1.655568643224214 0  3.839812691652273 2.319981588828503 0  3.955050779061043 2.263850689082159 0  1.641174868016596 2.864902882151076 0  7.93135925382887 1.734375 0  3.384461150092544 0.178279926693136 0  6.431512248956382 2.175385982367334 0  2.40727703056608 0.4787001830076867 0  2.429068913074522 0.3151259977116339 0  2.519387241970042 0.4212044682579458 0  6.549751761431692 0.4451728271794902 0  1.118351032306432 2.434721511712615 0  2.12776198864412 2.832918142626311 0  4.319880906884287 1.616602167036149 0  3.619363407865867 1.3 0  5.65325438040572 1.331251018584279 0  4.958327289332956 0.1656352372524563 0  5.928584273471505 2.072391749118956 0  5.471693121431214 1.505348870656106 0  2.332952249328661 2.547837633621105 0  0.5453474547979186 2.679419864260423 0  0.6035867594233781 2.525909441352618 0  0.8592425520809909 2.495417378650278 0  0.3942336505596676 0.8053064149787766 0  1.66892295383186 0.9167728628992319 0  1.549214345931678 0.9069371114214875 0  3.625151385216419 0.3220507872244023 0  3.566447427036322 0.4358409392751382 0  3.500818834078747 0.286898861560309 0  1.874312731445683 2.545973898093282 0  3.906870626174785 0.07850220815134397 0  1.291924105714461 2.41552674431497 0  6.972733418733387 0.1953747312457713 0  0.07540701531617422 2.592357375806669 0  0.5647589235936505 0.406743027729721 0  0.3530002255019513 2.065052930422902 0  6.369993271124927 1.29604648481897 0  7.193015863654569 1.092168743444025 0  7.677521709099738 0.0637427348187856 0  5.3716808196177 1.364825799290881 0  7.264661850985991 2.347011064197136 0  0.09118191642164565 2.914882444771139 0  6.799792328077064 0.8300814699330636 0  0.3125 3 0  6.447575105258258 1.584496941165439 0  1.764664295056516 0.9105719999905802 0  2.979808779343262 1.470580582466279 0  7.601887478172237 1.603118453067896 0  5.05655301222657 2.807071767300526 0  3.604860933940139 2.157354156241404 0  2.614306294385815 1.400817101423575 0  2.660564062347382 0.7761036082933478 0  7.909004638811346 0.08486881491820542 0  5.388236368981285 1.511450867535123 0  3.574427046283844 0.9663095104717019 0  7.799584510300258 0.5311663186087638 0  4.060549609263948 2.085867259045471 0  0.1875 0 0  1.283495748205429 0.3836458483106459 0  0.2979063420636315 2.818293604672417 0  4.429592136204743 0.2957563490975531 0  4.36348785580659 0.4444165055077344 0  4.320879936706891 0.3299415031217445 0  7.021694976194194 1.993539117055819 0  7.015729722936562 1.834417570873675 0  7.701379349934837 2.121058833156297 0  2.365470959373481 0.3656206053253336 0  1.066359560594955 0.7938627534032184 0  7.032799683685604 1.068788714344681 0  1.759863366438092 2.772001497739534 0  7.554120361596987 2.045946532760195 0  7.449709260023193 2.00890402929876 0  5.669347311022435 2.105444977244453 0  7.369705287510483 1.870875185657111 0  0.08991647069679863 0.6514659029946354 0  1.088800564973681 2.670924270851657 0  6.038339697135716 2.197247210465726 0  1.576790097585836 1.659464672067016 0  1.122821884353449 0.6991676141243731 0  2.463988532698983 1.883029688746941 0  4.009842666029722 2.366493596890143 0  1.423583949463392 0.3039647076694095 0  2.558160562777618 1.811639044578547 0  0.9019892593520807 0.3845984575733022 0  0.8196868450271532 0.5249582471964428 0  0.9436121344358227 0.4890329193689006 0  5.177913166720463 1.641017867240133 0  2.807339161084055 2.214969957126462 0  4.511697332257879 0.2885508163308259 0  4.607104061696274 0.4236111299151012 0  3.106520197141092 1.391006387433857 0  4.804443228647799 1.607698523086821 0  7.4673716212815 2.264146940349983 0  7.330253090599627 2.218934040107423 0  7.391308330313453 2.368680563429144 0  3.183460562139777 1.312098869074356 0  3.073413501104183 1.230678141187615 0  4.045430049085752 0.2625247266031521 0  5.368876865943917 0.2493406191510983 0  5.087384163222716 2.925620323188394 0  5.697196965533637 1.668487119400299 0  5.829866297343812 1.721991361600926 0  5.860894931088628 1.646753088833276 0  5.80057164546604 1.570106190610446 0  0.5782929499935809 2.402764211441503 0  0.8125 0 0  7.692291610792634 0.6337392587428493 0  6.6875 3 0  6.728303254478269 2.917125671714806 0  1.450884742081172 0.187210005826081 0  7.569359437172673 0.8829811123114348 0  7.037195874263994 2.498965419323496 0  7.121027622178723 2.434177680106287 0  7.196854900378068 2.550260027947144 0  3.883257767555697 0.2443807624778916 0  6.412301295839661 1.923685354175941 0  5.14687846928606 2.573881675135717 0  3.542463361425277 2.671406989405902 0  6.828505884906837 0.4253303526169768 0  6.830037252359195 0.2835352073073775 0  1.538111786046998 0.5970883192892282 0  5.641287288690503 0.4427031829183588 0  3.014672385298612 1.090665512525234 0  5.74561671795299 1.233175849923735 0  0.3932108919619934 1.548960193433067 0  5.738477210770557 1.825752620828415 0  5.660979895150712 1.929337203051473 0  5.580933252728757 1.855695781682943 0  3.933281127600579 2.436337733878899 0  7.32671310713448 1.164806221706326 0  7.337027048984063 0.3471082799727748 0  7.369064680104709 0.4542868385476883 0  7.458326229312365 0.3209614310618853 0  6.254763175165719 1.958242623495553 0  5.584313260291045 2.246889545301252 0  0.5850244779602322 0.5764130611195332 0  4.163065138860966 2.315558824713427 0  5.993252880833534 1.894111056992114 0  7.053239301495743 2.13727518247054 0  4.440527804799705 0.934461153984023 0  3.221237992318581 2.502829187755631 0  7.584267036377459 0.6429546109286948 0  0.201556247616573 0.3645491777849373 0  0.2672717182780699 1.923717233076393 0  3.689011790839747 2.645633116284525 0  1.68769574929978 1.709729901883857 0  5.141306086619459 1.866889587953531 0  5.179581576774216 1.797336293097388 0  5.02860871412458 1.859464332931912 0  5.025402776765604 1.97719122190363 0  0.06849545301175246 1.825802698211816 0  6.365740284561924 2.229278535057223 0  7.345983688621921 1.064613011085441 0  0.9224312235794374 1.115230525331294 0  0.7191865186223209 0.6462420657827055 0  0.1770962772214795 2.765600042400599 0  2.483735577378012 0.9843905341258276 0  2.448723876191834 0.8970635697454424 0  2.506910923335441 0.8344667544451785 0  0.9798901719432478 1.395750393986254 0  7.814785770834765 2.792738230729638 0  7.807432644191688 2.322313455907298 0  0.07982763770781545 1.109001068196557 0  6.475314520261509 0.8402022012165751 0  4.4375 3 0  1.325281009386235 0.8275614761250826 0  1.44025312953181 0.9043579079074233 0  0.3402692888604269 0.6822320692392877 0  7.248226334555368 0.4819753622211175 0  0.5381646517446906 1.826532076095571 0  0.9415127652268547 2.823258536484343 0  0.1268771910430139 0.4071127883850813 0  0.3117065988448333 1.273451217506539 0  1.88788638905715 1.38574136324779 0  1.876974192697061 1.269876685760533 0  1.755255460422511 1.371468631549052 0  7.923772040326433 2.688148139439823 0  4.529387902245798 0.1759714281584889 0  4.520663071796123 0.08324945096412405 0  4.640329165857755 0.1929335975560529 0  7.380931829311121 2.470597498283955 0  4.215134797520526 2.206662122178552 0  2.369474923295179 2.694784917012238 0  0.7064862957405111 2.80577971791491 0  0.5783566146499537 2.778513758896164 0  7.680623299592433 0.3189428484908078 0  3.799193534195176 2.653438706369855 0  4.814575415138914 1.875709035387736 0  6.293588008058363 2.090568849111981 0  3.556250449706933 2.527142950541246 0  3.462958627022269 2.532184455994275 0  6.754574578672091 0.5730837956916635 0  6.976505332849471 1.294235653043481 0  6.672859522504236 0.4419756833985458 0  2.851366762017484 2.528660510128196 0  3.751433375513246 0.2182462811808398 0  6.971117330708704 0.9299744353220495 0  4.361326163867293 0.07905956217934497 0  4.400237295374232 0.1753129402163713 0  1.436247177001963 1.674017468208401 0  2.699620870171168 2.256850688440637 0  1.252318031593348 0.6211538323233105 0  0.06583254287765553 2.674067294267389 0  7.331331705215124 0.2248691922344504 0  3.241329580977068 0.758643561045961 0  3.870079854734659 2.794475303206952 0  4.888636165613968 0.2840880973332515 0  0.2099380212356868 2.4404025181609 0  0.9605689756168561 1.985619393612564 0  1.011253664335287 1.836406575338855 0  1.97271823247227 0.4450987174829657 0  1.940553408503446 2.300056670758589 0  4.332559544199157 1.020641814230177 0  3.112452720306812 2.454070567125327 0  3.754936901850281 0.933204349029037 0  5.593606835104908 1.584127774253346 0  5.6923224394107 1.490183725283123 0  3.910853064742757 2.201201275930527 0  4.737903043519951 0.7455662967359866 0  7.923058013790889 1.189646502981359 0  0.169488853160489 2.923326198079881 0  5.164825710330678 0.8971729361281496 0  4.870137779340785 2.422397763068458 0  2.294933262443312 0.218892146136841 0  2.375999074546104 0.08121827666153332 0  2.403176955629865 0.1968980610686341 0  3.663230356801071 0.1394713885211104 0  6.342909231378631 0.7620692146710618 0  7.818082190098793 0.07948794683242084 0  6.864380009469488 2.024192211083563 0  7.858515104216991 1.435899259508435 0  1.317027886568053 1.129389448557273 0  0.8952174328707019 1.886097401482987 0  3.678594939389471 0.4757061052943722 0  2.029332888454969 2.600207950173622 0  0.2393559700206093 1.140285975611988 0  3.742393606706099 0.7177581129490738 0  3.626728690946734 0.691322763100866 0  7.145211709956816 1.626442960926022 0  4.733205454572401 0.3207033912834085 0  4.794166590103907 0.4614326524342481 0  4.855208880625427 0.3640723203935125 0  4.624053076864647 0.3024239062021494 0  1.605512132114249 0.4523921340931647 0  2.057840976396712 2.282409769075443 0  0.916683331268068 1.274499781774453 0  6.665686932998475 1.759929773388582 0  7.926438332028838 0.5015337324242338 0  0.4526912324530596 1.099627944722323 0  0.3179417800552204 1.024533943026228 0  0.4355153573541706 0.965441992585879 0  2.774676743133317 0.4352124657173804 0  1.039864388553378 1.947051756998032 0  4.067152489672788 0.8239630363564794 0  3.344705553699372 2.24514769338778 0  0.07898910265001716 0.06886047020002287 0  7.915124981389541 2.923291641852722 0  1.830827903041481 2.067421071300879 0  3.166277193322481 1.117165802480273 0  3.080350767118034 1.128631457625028 0  7.329681780318363 0.763733110509021 0  7.317188838883735 0.6058016524496245 0  7.411580899784661 0.6973300961073944 0  5.403287323867842 1.670089265703477 0  4.356876540895589 2.722935022410601 0  1.219414920556315 1.996847943001312 0  1.178990998144231 2.066956525958438 0  0.4618741457913946 2.679982424920339 0  1.389766998449266 1.27300603967899 0  6.580925717461775 2.621880496587894 0  0.07714963787742961 2.824622876249458 0  7.15625 2.92836841174631 0  0.9696852525143534 2.44481607854712 0  3.096055890842219 0.9884179685153508 0  2.006796993496403 1.368081398053067 0  1.913468930757023 2.223391380277112 0  5.177782536705604 1.937354396377542 0  0.8303085730760625 0.8775197746234032 0  4.623887173902438 2.119050278526942 0  6.152651269373578 0.0777687163238661 0  4.969431434986229 2.197302397476509 0  4.999838492096324 2.090388324007983 0  5.042256728574996 2.236377857983031 0  2.716283825668526 1.502309424308816 0  1.483393471257194 0.07761815626429619 0  3.011593051450904 2.742712190701274 0  4.310380114450775 0.5913905687525067 0  6.526767433621376 2.23176117569911 0  0.9856721796619912 0.8758978781899603 0  0.8904609582223517 0.8010089259139856 0  1.750084991313336 2.522842129157461 0  1.841286250663303 2.409858673644945 0  2.107357975634828 1.511707593113913 0  7.92063968955577 0.6331313760291246 0  6.499476714120226 0.91389580236489 0  2.174584415606027 2.746921834444669 0  2.126726486206983 2.682296051866258 0  0.4150667221038953 2.204374962555138 0  4.958704264585856 0.6538007289593555 0  5.04122650406961 0.6058977374145341 0  3.090323657424999 0.3358222038478979 0  6.350311119195289 1.141219125115593 0  3.172126591544102 0.6669466315226684 0  0.9090836096352164 0.9545686584380305 0  1.756488773615754 0.7810869626848602 0  1.850064225615559 0.1855377618477281 0  2.191799762359177 0.07722273763018514 0  7.280003750864557 1.02380356529636 0  6.343190891097617 2.478209768317357 0  6.058786612778082 2.440761040473439 0  6.088942564722898 2.337993125387615 0  6.185463261674165 2.469364380402492 0  2.674531477774248 0.3903614467703694 0  0.7596593359050444 2.548670570854222 0  0.8266879594307465 1.344895864020729 0  0.5599949426263768 1.946113382839715 0  4.651618524427837 2.715450818265918 0  2.080573157597783 0.3999648945806338 0  5.032675338333568 0.9129174876526384 0  3.522587342426393 0.1740403280340944 0  3.517729123490414 0.08065649081248992 0  3.304439618250042 2.031419662954115 0  5.230226522169066 1.36908208574431 0  0.6707465680330265 0.7789740739068092 0  0.3091031867013538 2.640734491533648 0  7.795408222596482 1.760148613121736 0  7.813857179618174 1.856086570453903 0  7.927212099480366 1.847096724481233 0  0.6237425420832938 1.475769793829585 0  2.522398077141097 0.7242143879114478 0  2.823834814690636 0.8269406211176167 0  7.779842510528574 0.192857053629875 0  4.325013766858953 2.538417951890326 0  1.188958519388715 2.396503072125649 0  1.086860088651358 2.282248706773955 0  7.674552565139016 0.9223635733948642 0  5.24834728808487 0.7639724411557099 0  4.934217356011724 1.855526058804478 0  7.475277776955009 1.128192193317042 0  2.63805424259339 1.327216807047271 0  4.088780060023605 2.459097629919211 0  6.730992956252615 1.419836638593962 0  6.763251935802332 1.347132898811251 0  6.720653774685393 1.277256924107721 0  6.843852513424409 1.358859872591604 0  5.603464444183954 1.422464171495387 0  4.115057011331078 0.7225911808146044 0  4.203728840257941 0.8445404037219351 0  4.199120048010797 0.7164644474258768 0  3.394129075762339 0.4394734766144555 0  1.494202538787738 0.3666870326518571 0  5.827044821567795 2.555474441608749 0  2.88814792364828 2.654430439298674 0  1.739190905621869 2.021646485141736 0  2.174474169882502 2.562914334353242 0  7.754322650982632 0.8453784309321679 0  7.936570013394643 2.390625 0  2.523695311119638 2.736848764054265 0  5.861047131551834 1.488443390279127 0  1.275253051315082 1.873692528681339 0  1.372054979914852 1.961550680570725 0  1.681297032447816 2.781963205869224 0  3.979404011548858 2.11112087042668 0  3.950976074223418 1.978057783094129 0  7.173293778241346 0.6189350637786319 0  5.969326656310673 0.244012815730533 0  4.86668917001077 2.168531350908876 0  1.542345481541661 2.706873521745718 0  0.493403927891772 2.121439363672446 0  6.583724252897581 2.373936506015848 0  2.599212956686244 0.8649785580992525 0  7.531638693224382 1.700953385445816 0  7.60521830292998 1.76292124128267 0  4.087964232797223 2.333483833713057 0  1.529427701399779 1.195412770676465 0  5.639126016268724 0.6069882452287571 0  7.091185206052261 1.783807745892019 0  7.518526250451227 1.514207241209367 0  7.414096370127885 1.483217637883241 0  3.055154977096021 2.181467429734695 0  7.12313811842672 1.935140664013575 0  3.756467173097744 0.6080701662071976 0  0.06012139011854918 2.109375 0  4.450564909279404 2.924648320239957 0  1.799713862511481 1.011304001937764 0  2.095288185797099 0.803015044208677 0  4.791901573007013 0.1900453200401778 0  5.903900131897545 1.204462613323957 0  5.284661510878006 1.732801604168526 0  2.167246111416332 2.248554431918806 0  1.963781829233771 0.7449844080517791 0  1.963680645446135 0.6181158175345197 0  6.8125 3 0  5.092093424645687 0.2272205389799756 0  3.286183837973235 2.144192085426693 0  5.936088898250763 1.628741397148818 0  7.926739189388638 2.210111387341948 0  5.867879923467851 0.5921878657492057 0  2.778511334517476 0.6830632091801151 0  2.664659699819802 0.6384268561093019 0  2.728058250625899 0.5365090034462171 0  2.830002194332559 0.5790742658115777 0  2.630651742402625 0.4898875345839685 0  6.429141907351745 2.816217433968478 0  3.393428591595933 0.706915786193678 0  3.496821658045729 0.7020722066601252 0  3.430441895956619 0.5716439456868355 0  1.340924162064546 0.137793623828095 0  4.160766358162969 2.92933438575709 0  2.031378410128997 2.169573341122694 0  2.532872519498961 2.583676918988779 0  6.633138795130888 1.915720560672128 0  3.136589483073254 2.923808016630128 0  6.175261200591417 0.7243918446105964 0  6.904009324599055 0.4244604034710927 0  0.2462726854088747 0.3030025349620888 0  0.9627224553798702 0.7239115734886278 0  5.234374762074372 1.036423238028189 0  3.62564531248464 1.979854930476709 0  2.758074069226445 1.081136563811111 0  3.135283862265501 0.4679963838469849 0  0.834248077988647 1.193054325507446 0  0.6900985775550403 0.4801347271107412 0  0.9151858090530508 2.933810298450421 0  7.936924091672342 1.359375 0  2.448443307408889 1.359732294064868 0  7.320161716471894 1.482755783325231 0  5.021788072361879 1.606790833516955 0  5.077797606540329 1.025707854740786 0  1.291423290118144 1.58747377498243 0  3.170850153313278 1.624692196376405 0  2.2669838793174 1.805208577623861 0  2.285509800180777 0.5758193477289292 0  2.184674211894542 0.540032724265443 0  5.457087919303789 0.1740246712693879 0  5.914273519270449 0.728937676662471 0  6.045974290179764 2.55856382864488 0  1.745770968515845 0.5816982545241566 0  0.6552281214614599 0.2361567144992807 0  1.632842268940863 0.5814661964977547 0  5.984641183887892 1.438357051639156 0  5.9128709446783 1.342475723080099 0  7.306910689437468 2.060012835379737 0  1.626881059290245 1.450015304147794 0  1.534881024676766 1.529930409987286 0  1.53205530192859 1.379651230669458 0  1.180526378400459 1.247177847442603 0  5.833488527159129 1.884614217911003 0  3.008199042746124 0.9227774288136178 0  2.926208499441956 0.8742015156456847 0  2.896050708835375 1.01221702952611 0  0.0758988929538844 2.514670261439077 0  1.591735169856136 1.583756906084743 0  5.988668866732056 1.077582484626068 0  5.869312674994213 1.070613419683717 0  6.829200716634658 2.367119026998125 0  6.959576269296067 2.350750449720126 0  6.904829044112638 2.478566066759444 0  7.611099715620856 2.867984633840389 0  6.109725141711579 1.368827799805371 0  0.7230943518416358 2.421002562011433 0  0.8239744839516521 2.402551472024281 0  6.063380419715171 0.7538635110290002 0  0.1484309433485269 0.8383435535203048 0  6.219683228286887 1.252020626924295 0  0.1737761131244956 0.07570003025971413 0  2.156455432581104 1.37120341077865 0  2.404767871848008 1.74958305709978 0  1.012264262091858 2.305025622884941 0  4.127070331838218 2.780593255576413 0  0.5127533220946365 1.485623877641674 0  0.8629937978653645 1.476783641728375 0  6.130701992185082 1.471681832509927 0  2.562897507804277 1.129259052699565 0  7.110263726031647 1.218795736227859 0  2.987250889822944 2.923063993286168 0  3.172012421507632 1.381882619455308 0  1.798047475333872 2.315169365912711 0  6.229008679077619 1.097793482218538 0  0.4544605852990642 0.6580076354346847 0  0.5176175057766662 0.7565066370039844 0  0.2818194191806753 0.1777575306856335 0  2.846629906851468 2.930988159128972 0  3.669147280568708 1.37779606510574 0  0.05777367396966847 1.734375 0  3.927444519087125 2.050912958048194 0  1.150194886006513 0.4178754566071566 0  3.478804786180291 1.964119018609358 0  1.723099564533896 2.168784161946951 0  4.466145442991643 2.586695437334886 0  0.84375 0.06739320031959373 0  2.729260880364056 0.2894927538956601 0  0.5374080713536082 1.353444497184348 0  0.6875340213942912 1.043410030200667 0  0.8363841855776355 1.043446495449598 0  2.625942211928806 0.1815444367315955 0  2.518840082394501 0.0743071164152654 0  2.528140819647152 0.1917799335425582 0  4.436676930220996 2.286185744362799 0  4.375979230289635 2.354501581139178 0  4.31215894474798 2.231581074717583 0  4.459386832083641 2.063367935883768 0  4.354222977875575 2.116429700956848 0  4.424310927802527 1.974110424893117 0  3.710931150768513 1.449056786558807 0  3.696932876232262 1.518916328979599 0  5.645495703727659 1.774844257780806 0  4.556035294484373 2.829236049512039 0  4.508660339656287 2.768712770940301 0  7.176798277992416 1.695856370807611 0  5.825817757836837 0.2100098031215492 0  4.851318963923061 2.29306733655265 0  1.738023184532157 1.584405008695837 0  7.407451958805502 1.350401664739896 0  5.524377758409698 0.2496265683671707 0  6.40849006887691 0.6972449814979006 0  4.693824050523946 2.58396610413143 0  0.2986924194602113 1.856529033805242 0  3.478723312942116 2.925462801043328 0  2.220728838420248 2.929099771602608 0  0.2955770266531373 2.373134893375294 0  0.381498421869318 2.446875626938858 0  2.050474810127692 0.7436129745914687 0  2.629309515115104 1.85 0  2.609069746195655 1.060408182565452 0  0.2768492519727245 0.4488432168114563 0  6.063184365962842 1.508251125006953 0  3.639882920979958 0.5756049570466223 0  5.427048971745442 0.6153852384157866 0  5.321510284123078 2.922768631811414 0  2.858612926449162 0.4636405979242342 0  3.005848645433785 0.4388088833115572 0  2.143892326353613 0.6015193351776855 0  7.221705616828172 0.8101909111106609 0  2.354207363601375 0.6163863294227064 0  2.381188943188579 0.7511789744210325 0  1.517579609371455 2.561138939959881 0  1.08790902378218 2.568355277854377 0  3.755924292178494 2.238541061230321 0  6.699329511109277 0.819930857689244 0  7.92300646397126 0.1584493421328859 0  0.1936991458742026 0.6625410100068002 0  1.796883237041611 2.837488556717084 0  0.4345207010676951 1.656685737547458 0  2.873007682574823 0.9240118347466342 0  0.7935026478549944 1.883442932065504 0  1.287322946552261 0.2225873136882153 0  3.13972536549066 0.09042887294899954 0  5.118973791762416 1.983957191249821 0  5.216887921040088 2.083669530830672 0  2.347954594749511 1.439929606362093 0  0.4270689411246987 2.745498326845769 0  2.732222653751023 1.346269088091507 0  6.998875741970694 1.435210928140656 0  6.755726698330132 1.748573083184078 0  6.857012651515921 1.829776903518151 0  6.765746687840059 1.185543194612043 0  2.497044293810538 1.272666586099128 0  6.965276401750456 2.435117464328866 0  4.128654273921536 0.4024327967372046 0  1.148575012205375 1.024586397925774 0  6.285313538324523 1.662165181877187 0  0.7953515716640989 0.1820079843693704 0  5.991557541871959 0.5513762943604155 0  2.174922753517446 0.6721287529672009 0  1.456898479893757 2.748714883714221 0  4.16766822208349 0.5387054214593717 0  6.476702049376024 1.053249979132864 0  7.818757921337532 1.105912849503081 0  4.407654583829489 1.444708057644216 0  1.332872587011716 2.939619462625742 0  7.181495981596531 2.827991220891804 0  6.850979268429579 0.6969702107195032 0  1.415942158615629 2.632687878131728 0  0.8161897986708436 2.92079836046954 0  0.8574859716890932 1.731882467100536 0  1.872147362925145 0.8752240593651068 0  3.264308036367707 0.604871709567169 0  6.073253727382515 0.3578333414909555 0  0.8644616708399905 0.2816498435763626 0  0.5105958559657697 2.542596805972327 0  0.622921233985732 0.7106337018273449 0  2.544463376522262 0.4899016578072562 0  6.370850172553876 0.6152371306934491 0  6.427972461317523 0.5237659556850021 0  2.187479705585584 0.8701884131299867 0  2.087598194651686 0.959619170110409 0  3.828294399998771 1.00434884292363 0  2.711925255436705 2.351111961330816 0  7.929395835060851 1.992236520246527 0  7.688029701906181 1.672319450491621 0  5.740187692642234 0.1466768137432722 0  5.76069804986313 0.07438228856854404 0  4.653001636203911 1.444397236322499 0  0.2244671220991828 2.821830190201999 0  1.501060566805615 2.017768990796552 0  7.840786623849275 2.473606363091124 0  2.733697618844347 2.864930557892651 0  2.773474126029055 2.930712123205136 0  5.494374498232666 1.376836244358164 0  3.283570973033857 0.2259115412598514 0  3.345743566816593 2.932365680734255 0  3.02710437932515 0.2022953139649449 0  1.049891311371726 2.861225257473259 0  4.280639102047743 0.49927623737452 0  6.9375 3 0  7.23013052328327 1.554234547870236 0  0.07016071847366977 0.7234632283503174 0  2.920633146257439 0.6187911828434898 0  6.63687328437002 2.527810895769283 0  6.536840370151624 2.474676000908289 0  6.513119076837905 2.593685504007507 0  1.9375 0 0  3.108029117531635 2.59313242700408 0  2.466910602024183 2.197208732076982 0  3.067305336949295 2.309471764887958 0  2.611965530733294 1.670190965035868 0  2.556788451463806 1.546308341943645 0  2.47586879179078 1.633581039167501 0  0.34375 2.934328189770707 0  1.069752436979889 2.172490336028494 0  1.172258792625927 2.158073167737681 0  1.109324845915338 2.040386807673849 0  1.682179385827964 1.976298886206229 0  6.137271309582195 0.5221547878382639 0  6.023851344839117 0.4806915541722824 0  2.720550535175431 2.071188907906548 0  2.180529409487519 1.782089557361134 0  2.129727778296357 1.837599244228693 0  3.693801305247335 0.9796827561030215 0  7.552903480414636 1.44977513133119 0  5.812401531133658 2.267868240190815 0  2.294599112094545 2.83404163311129 0  7.930438993788539 0.8705012803579031 0  6.869150409031707 1.236065807763985 0  7.639116396402836 1.353929562816126 0  6.317804511707734 2.793654258593036 0  0.3817398408612045 0.4584385445820098 0  0.3031542555928579 0.5793703701434157 0  3.947580145790794 0.5818588649676608 0  3.473605460556318 0.3700112442002375 0  3.42855886286001 0.2825405518543412 0  3.333506499244181 0.3249657126870384 0  5.383120541662581 1.264586797087905 0  5.48852806234491 1.149718553835776 0  7.93162649749577 1.432379127633455 0  5.05054968506013 2.516590352003209 0  4.253885855408919 2.660762381655517 0  7.703177997344734 1.070275486977477 0  6.353941366946161 1.011567811689489 0  7.107227549672444 0.4196680022873674 0  7.944474947460384 1.640625 0  1.661782918013471 0.3214290147528736 0  1.715883104087771 0.2549009980668969 0  1.770612332369908 0.3898114117834038 0  2.000888745551822 0.1623015258562681 0  6.39319868478617 1.437954935138257 0  1.592947546556633 2.316984996076921 0  4.776780006050948 0.5998757248981348 0  4.855571853209052 0.6969030999817845 0  7.943521350927652 2.296875 0  2.296304779951967 2.711228240779508 0  6.4375 0 0  4.552723100919078 2.342204420412002 0  4.679649524759959 1.53591633533197 0  4.647439559241145 1.632183429769476 0  4.557100817016801 1.498589767725564 0  4.016480728570454 0.688073011985055 0  3.967021044308619 0.750561217966829 0  5.141159377370834 1.700591482552529 0  7.750771722090715 2.179783119718036 0  5.862532933956413 0.07343996252321891 0  2.19399927720075 1.081196757985142 0  7.023141265748271 1.238356872267211 0  1.8125 0 0  1.87052637319766 0.08101995213677352 0  7.11304201113848 0.8692846037537947 0  2.865739413310702 0.07150370933260249 0  4.065726823599817 2.818031814619562 0  7.849208512266452 0.6429353352330385 0  6.251928929936046 1.401708153173506 0  4.417941494447502 1.516801353446856 0  3.562550469218951 1.459112218846675 0  4.309159760869163 1.498614076734199 0  3.59571786564708 1.368645669091578 0  4.395120903725421 1.633906329611274 0  6.560592382889753 1.607227182952 0  6.583468709119261 1.510115777812862 0  6.693312976853819 1.608567476584062 0  6.687564254524203 1.533874358297104 0  7.614379089813501 2.224730233944592 0  0.3412397664518239 1.917898117688308 0  3.23250287397568 0.3814088835506766 0  3.18773472710452 0.5191101586065028 0  5.719086436444552 0.4973561157563852 0  7.757914635967774 0.9971684183110633 0  1.682571249357895 2.637476236660508 0  4.049271727217877 1.972523788972254 0  0.7402134872568011 0.80057243424297 0  2.246788697084527 2.617168239231423 0  1.5625 3 0  1.606139004714933 2.929224967454079 0  7.729985924146347 0.6981792675013958 0  6.760041802353304 1.487004683212859 0  0.1746861558761971 0.5142808636570499 0  0.07301862420681317 0.5516634452112149 0  5.017258581211711 1.742272994188006 0  1.723906218771662 2.3159254099913 0  7.460690742273757 0.8639069128019158 0  1.417962358372587 1.166961270886427 0  5.788245185319597 0.9484870669925647 0  4.928336250738363 1.964362191173894 0  7.046403142747921 0.54758700209012 0  3.09550820869984 0.2296374868068989 0  3.302873744599446 1.533021965578839 0  1.896470558359166 0.5885446452295463 0  0.7613504698726864 0.9699929235850469 0  6.492115604567071 1.718659039949665 0  4.69160635138266 0.8938511671557 0  1.339761611025238 0.7337873834257124 0  1.397020268947269 0.6545572819949306 0  1.024745915827094 1.016896430414291 0  3.418001214988492 2.105909954585111 0  5.256421497334014 0.4533801422965968 0  6.101978436392159 1.03941613837782 0  3.369363407865867 1.3 0  0.7431746146999533 2.661919542645105 0  7.815783390078831 0.9554588990596945 0  6.317492631230838 2.720218678151467 0  2.829531465341255 0.3202390696559284 0  6.988738796417823 0.6448722074713897 0  1.914561695466273 2.773853264529206 0  2.988968216745798 2.51405875538412 0  5.368648677865647 2.225652371115411 0  4.528036797231861 1.554717565905411 0  5.254883076319987 2.024187250423979 0  2.313281988306897 0.3167637495100299 0  6.575084898929084 0.9370008972753362 0  6.531062263384927 0.7930522505991601 0  5.451193067856273 1.619233327761148 0  5.720573223998771 2.155023380672689 0  2.365277348647711 1.225488346226845 0  2.440502642150856 1.203280752331719 0  6.930092999935547 0.3062146857200303 0  2.678650469408023 1.998758867167648 0  7.078351225263225 2.795696526637553 0  2.204604341162761 1.587233213506261 0  5.498381165185577 0.6201720025805201 0  6.877803513194459 1.460972778898996 0  1.017336823314204 0.3537084847064689 0  4.286724023850581 1.363144675524723 0  3.641755696340736 1.636855324475277 0  3.16718321315801 2.319307131347012 0  2.438294399790288 1.044250907453632 0  0.8048808542220718 0.7252733383756744 0  5.943167186597294 2.199292615167099 0  1.801319889955109 0.2891048553093954 0  7.648711437813108 0.5088241185624788 0  4.003007942359795 2.785697638877076 0  4.931859244122963 2.712797079483563 0  0.05801854271180409 0.4267744800852606 0  2.618172188248763 0.07347678208975916 0  1.180471525774803 1.580708372015665 0  5.552783857430077 1.703495261387292 0  5.419875426405444 1.739642985095363 0  2.3125 0 0  2.915574569091527 0.1610249241388039 0  7.66255472774631 2.367319984506295 0  7.572096706647136 2.312707767339777 0  4.992415927323075 0.3140204468846916 0  7.706726317283206 2.271409198363778 0  7.841261517088667 1.548613808536658 0  1.932652277027534 2.506568331543811 0  3.279572508920134 0.06823709330384871 0  2.236404788340953 0.9975018049821037 0  0.1889579929575986 2.695233434145112 0  0.1871474573388273 0.7793222450902557 0  0.6806783590817586 2.288547123304431 0  0.4243795338174696 2.134706736648383 0  0.1516561367498483 1.353689350869484 0  0.06403836939472973 1.466263179970369 0  0.1569905232160369 1.265364332911464 0  1.352197020485428 0.6002001213069512 0  6.649995806989364 1.828883961512041 0  6.013091257112907 1.257588892792615 0  3.225961708428372 1.2 0  3.172718400487616 1.239141321714585 0  0.05276239917275417 2.015625 0  0.3819455359693454 0.08409096955448177 0  6.903300028355877 1.775377663663496 0  6.86352334807977 2.8355727710262 0  3.466122452827883 2.202984315519523 0  5.572959511685069 0.9298009663357057 0  7.621604373419807 0.4251748508261634 0  7.745117316304058 0.4550277640727026 0  7.318635885454746 2.299217053598281 0  6.260556825701726 2.926978156107132 0  6.362420411423567 2.927986152512969 0  6.062834823057851 2.921884260992524 0  1.315949908594982 1.486129283803385 0  4.29536488017863 2.323465979192159 0  7.000501854811304 2.679769443307296 0  1.24964837714605 0.5027327322224356 0  2.77142347224545 1.461981509791983 0  0.05198847159379791 0.984375 0  0.1779538568033717 1.012430587634013 0  1.032065405350889 2.717791349491979 0  0.9612943113440068 2.737628154784073 0  3.503080598750413 0.7924566842560236 0  3.854262083943569 1.364195313220985 0  0.3031131154812003 1.099019103099738 0  1.230310031884057 1.012705949366226 0  1.473437053240952 1.058508721980763 0  5.421530198285869 0.9462092811097063 0  5.486956076040098 1.010472421924824 0  1.895806778363416 1.129461810961084 0  1.767736927557326 1.075645954405231 0  6.3125 0 0  0.7727678569022061 1.950892984427556 0  7.441007994566247 2.838154735908986 0  7.938076236227928 2.564957496658229 0  1.842082369593609 1.795984918553886 0  1.681146565965042 1.84179548261871 0  2.402417980545564 1.844458734110709 0  7.944032682484943 2.857530935052284 0  1.530795312900103 2.937365476088469 0  1.58664751486038 2.809434748485029 0  1.803214754828949 2.659989242348599 0  1.671539424955025 2.707097787387192 0  0.2228016197164896 2.231794156497633 0  1.650754312356921 0.7882941157147467 0  1.070263587402638 0.5385516719471198 0  1.024508155127458 0.4825009366942794 0  1.203388217451245 0.8173275635660412 0  4.270610474650848 1.555628019303148 0  2.317722686869586 0.4814123961109145 0  7.209808270247888 1.41119668153596 0  4.16064965401425 0.05979777805152101 0  6.910853481269738 1.154451175752567 0  6.981180244954071 1.158977325923741 0  0.6305450052531135 2.590685665738 0  0.6912024726443425 2.5326982685072 0  0.491827291129275 0.9202462446918144 0  7.296392668900758 2.480829000529711 0  5.715396008762195 0.9599965890628396 0  5.760799748321518 0.3635948468397929 0  5.868608357176428 0.3198371401610586 0  0.6661632860486192 1.845774754777143 0  0.7686337852709704 1.815381996536905 0  1.826983491405561 1.152032114006315 0  2.22542495445023 0.2184858211705583 0  4.98816531777796 0.8641827877349159 0  6.286430523276686 0.06747255016199738 0  0.8858423300355719 0.6536190805532283 0  2.872819537787994 1.385306303347365 0  7.174031175936006 1.990934184130301 0  2.644298162868689 1.503667664392817 0  2.115220513496457 1.674614852810372 0  2.419376241555965 1.972560307223233 0  2.313543830646343 1.942242473466392 0  1.087859744661331 0.2523335202646841 0  4.535613124759412 1.362876963364954 0  6.092913053504466 1.725480313203787 0  5.486560053645468 1.935795083404484 0  5.495241778077855 2.075214276010747 0  0.4467892303003977 2.352263464838362 0  6.490613966823641 0.07168418402895674 0  1.791099712943072 2.190533405163009 0  5.571609532659576 2.149277960302502 0  1.259016843775049 2.928669145969784 0  1.263777487153199 2.813611143515685 0  4.969475046683361 0.7621295196137876 0  7.742348157213021 1.983519712291025 0  7.810499628626189 2.005988739093012 0  1.561034012713601 1.913795223828698 0  5.295533261133746 2.158011616251812 0  3.087321920006399 0.7503042068368286 0  3.007151648103565 0.6735211547729412 0  2.951882509177726 0.758620055914642 0  6.271697640344299 0.8895330236247244 0  1.224546936687669 1.925820375588289 0  3.927952529729399 1.499959641989768 0  3.807996679267525 1.459483712030293 0  6.645299559436163 1.98481257055244 0  7.445290369764298 2.497456567578598 0  5.256631207365573 0.06937500003031488 0  1.125459374804172 1.345967435793906 0  5.017308708862341 2.453628538880432 0  2.88441434436391 0.7354966574061925 0  6.004475447928183 0.3666751271695482 0  6.443956200585203 2.420257958402762 0  0.4987316994699202 2.268967209762374 0  0.07303265420992433 2.411863526005421 0  0.1808478080636749 0.2809885640327504 0  0.05600386544464704 0.328125 0  4.653646264112758 1.040779148987174 0  3.616370066470105 0.1899100466891086 0  3.507583835073179 2.277890145382961 0  3.564755084733612 2.843931757453487 0  3.706000498109649 2.855746134113056 0  0.8538306594128455 1.586331980494622 0  6.696066196456889 2.428358186933894 0  6.646016947049543 2.2988351255365 0  6.730610218701101 2.346006757821951 0  2.586750011848172 0.6252108803110938 0  0.7171869873537088 0.2696354995211625 0  7.736552381755343 1.895645023943315 0  7.560437686313406 0.7129022159302765 0  7.098955072834656 1.503541363976109 0  0.631848080797781 0.9252121300036832 0  0.6931366700939523 1.642366919470069 0  5.564445921763209 2.013280094574798 0  3.613300541398154 2.777512243694287 0  7.81069189930964 0.8861038236243985 0  7.547685485225739 1.305766398487598 0  6.787363122408043 1.840888838940761 0  6.183645175707096 1.635723303086258 0  5.207656694919885 0.1971941603869468 0  5.308597790258354 0.1510030856188417 0  1.781502860564688 1.924325225755879 0  1.532182443710747 0.974715008671396 0  0.7599746558683069 0.4878541918610577 0  6.464863487741351 1.134209302998003 0  6.352809147206854 0.4553080148601547 0  2.57027464534427 2.828298266306108 0  5.250450404791689 1.669267338295229 0  4.92223639494502 2.582421099746369 0  4.183765586589939 0.3078043153837008 0  2.489299085583085 2.30753308598042 0  4.0625 0 0  4.033875970810922 0.06568384604065951 0  4.040752890708992 0.9271797128432239 0  6.62437181518058 2.929263074381571 0  6.953863625211638 2.932998578285383 0  0.5062052759362861 0.2689652756223362 0  0.5957425785900996 0.3427273912750569 0  4.160461728169435 1.563457488297846 0  0.5715495331912541 0.9808649822474768 0  0.5843212103631384 0.845053622199028 0  1.248407790761949 1.763422215288388 0  1.154265517564874 1.67476572634251 0  2.843764046264718 2.283333311029518 0  0.9120811531792742 0.05813626586852644 0  2.178109565471824 2.633789630359659 0  0.05474605868949017 0.140625 0  0.1586087894448051 0.2025436620657576 0  4.176592898109138 1.63172637698416 0  2.033830401676918 1.737394063227974 0  1.520228844441482 2.422833775155366 0  1.480443957535772 2.301398237507423 0  7.241602869643065 1.975039043550736 0  5.220594253637332 2.361236691219839 0  5.145241806887795 2.277447885850922 0  5.230619210975888 2.226126226632262 0  1.493355631261176 2.844862614216321 0  0.05204067243406302 0.890625 0  7.085457365068323 0.2728150637502113 0  7.16133384288425 0.3717492891064971 0  3.513302862154579 0.6184826536935524 0  0.6698537694169923 2.045598109649046 0  4.753988530258848 0.5166010203109697 0  5.750217537965838 0.8093200782252163 0  5.679690093740525 0.7383407146864717 0  5.677342440476809 0.876206172352027 0  1.158359130620692 2.686103350484649 0  7.945244189827769 0.328125 0  7.846502711842254 0.388144845335562 0  2.9375 3 0  6.958240982184595 0.1288161590779636 0  5.376146979379555 2.366618224910622 0  5.433424384210681 2.440482853582628 0  5.29769598777555 2.429677037751401 0  5.759692561626648 1.165561359441427 0  1.380822382845619 2.211614594494823 0  1.307949872078956 2.208604395186864 0  5.611366197667672 0.7962625608819734 0  6.820223738900532 1.587181896974555 0  6.953235876491478 2.728699148329792 0  0.06134314192813086 1.938291481694068 0  1.272210385681121 2.266722136287229 0  6.243883865975109 0.1812764449697009 0  3.754455731643167 1.569946172148355 0  5.54259672121251 1.519847919738171 0  1.379110409160205 1.817424511440799 0  1.44747054845602 1.811708403784338 0  1.480765290277471 1.874156989899455 0  3.407862796407052 2.736616071767617 0  5.293925368698488 2.584425187241601 0  5.235970917650466 2.633164724286059 0  2.27609689450386 0.6443438338063795 0  7.142214091911112 2.690043783552199 0  2.73810530717657 0.907419941283193 0  2.80642385117198 0.9711274303294388 0  3.804215495341086 0.1703442922027469 0  4.744363407865867 1.1 0  4.783161970972011 1.033901195456087 0  2.916461540066153 0.3790736956799143 0  3.755437654944874 0.06781394786779213 0  1.967370237298047 0.06561918233019012 0  0.05225222704331275 1.172850072279652 0  1.081403908927072 2.800346361140731 0  4.332584839962597 0.8281388895103675 0  6.226786462522012 2.103804956914401 0  6.153721715340957 2.208167705006632 0  2.673007101419825 0.9734593520176328 0  6.911744204606057 1.547788773700883 0  4.890319073198929 2.659310400880399 0  6.569650490338642 2.839874781204164 0  0.04883669763243906 1.546875 0  0.1573884212313046 1.561778118090019 0  0.05800640774478027 1.650178458349515 0  3.516256994571322 2.060272231063644 0  5.119363407865867 1.1 0  5.085172626738031 2.372849052068328 0  0.06711034816785381 2.272596080011639 0  3.837733335932219 1.54353653715048 0  0.5233323126329961 1.76018648825126 0  7.0625 0 0  7.038016964637276 0.06420365748359291 0  6.863848110983939 1.680516605953846 0  6.834416562333234 2.156640605943234 0  6.836079666952284 2.257670012597909 0  6.937608565459562 2.246243386745764 0  3.869314440798898 0.3118199830008621 0  7.381393530323765 2.62690917276329 0  1.766218278472705 1.441556262667866 0  0.4431188788185798 0.5684737071429022 0  3.154312308719268 2.762221827966473 0  7.747462122816665 2.575258372414992 0  1.775756541437232 0.6428715735596244 0  3.330080315904661 0.9180610110696569 0  5.28525290640642 2.718974211986712 0  5.37387261435991 2.797994532962524 0  5.418447001711186 2.728380996032877 0  6.468538405045567 0.1893885722320622 0  5.63661269497881 1.007013038735087 0  7.814022938593968 1.647275130546618 0  7.220872189653756 0.1273319340764766 0  4.871260268646379 1.692879137844206 0  2.4375 0 0  3.34325069896139 2.822242296215575 0  3.896929376141116 1.63446842536241 0  3.618732291123067 0.06862152175188325 0  4.867507105467003 0.8204350472881198 0  3.355319202558306 2.68514038052211 0  6.755679806124302 1.901605893772216 0  0.151498028825897 2.3881386998631 0  5.360298979691741 2.087524978662776 0  6.186450315583006 1.512776561287473 0  6.063876914134836 1.576609942268676 0  5.835872397308564 2.059915988715211 0  1.771371874777214 1.727487289837457 0  7.02651766183175 2.342153280731845 0  4.561100223183663 0.9671827499298411 0  4.586601440568654 1.035982184831492 0  6.306780056374733 2.000932222682141 0  2.064291364649347 1.564785744920581 0  1.980875557628687 1.626048295201304 0  2.588063227839758 2.176451507361274 0  1.346070072899227 1.743668879090626 0  5.491424225493324 0.4813887586256997 0  0.9571586806802255 2.230557653377409 0  2.089381817282297 0.05894062305652074 0  0.4314002067757929 1.885801854908328 0  3.411761103897576 1.578172598332751 0  4.3125 0 0  4.132875235469695 0.1522520916274878 0  5.8125 0 0  0.1731489056609111 1.724620582690612 0  0.154943990140942 1.628964451366623 0  0.3960142459039923 1.786363048510699 0  2.065047271271705 1.813525139570857 0  0.1226497056237336 2.136545587110918 0  0.1825955625288561 2.103988816278197 0  0.1845829915045277 2.035377201735004 0  5.311469785039357 2.838802176221738 0  6.929680901643318 2.042404905748282 0  6.477680362948976 0.6914594342127756 0  0.979531694255943 1.15063257944281 0  3.5625 0 0  5.204696372416816 1.538083935610641 0  5.314446426891398 1.585356870474596 0  5.500992657385633 2.522180771722101 0  1.596383047377462 2.043384213533724 0  1.881558370412741 2.005375259716609 0  1.991493516756611 2.020389336013534 0  3.030018339579196 1.624665939280268 0  6.05065587777863 1.934385633018237 0  1.545500679455929 0.2289755776646478 0  7.951889436744507 1.546875 0  0.7531084503586138 1.585296255743062 0  0.7283591237872907 1.517000952195876 0  7.671913682263904 1.875662047836933 0  7.613272691824144 1.915460728360185 0  6.077595462506303 2.075941182618473 0  1.089906181955031 1.552974541498484 0  0.8064425046746232 0.4255680089103506 0  1.823443996072406 0.775703049985469 0  1.855631014493797 0.715999975238881 0  1.287819935102163 2.138199054898676 0  2.13896160966613 1.12075853041378 0  6.933364003245293 1.421431883448703 0  1.746828318379803 0.1629616617461809 0  1.78125 0.05948703156561365 0  0.7742916253407918 1.124730395447101 0  2.058323729165545 2.697280298116939 0  6.156202912682991 2.317101394423791 0  5.595194454639785 1.290312212298463 0  4.072262558895964 2.227481317272893 0  7.49038583397951 1.954977737558093 0  7.623942831532575 1.993335890711761 0  5.389523726585835 0.1022767007832402 0  0.3633434466110339 0.9016841064231589 0  0.7415309527620746 1.39300364496169 0  0.7481301993999653 1.256287145763169 0  6.841855646050005 2.433972140448645 0  6.3125 3 0  3.443691241456805 0.5058226459840218 0  4.5625 0 0  5.753834901373498 0.2122283110910811 0  5.002329643718684 0.1113991836744144 0  6.076573777129496 0.6175210285820583 0  6.05829627564116 0.146941668293403 0  4.746063468322733 0.06663103765110913 0  4.707264619103792 0.192676633545363 0  4.789915776589378 1.365257858398504 0  2.059912506954113 2.536773826352059 0  3.1875 0 0  7.253577736950128 2.61558390758498 0  4.005636592134133 1.9 0  1.4375 0 0  4.592376158627404 2.684000854347602 0  3.362638881347041 2.555983489185348 0  2.189414790287886 2.497550924074143 0  7.541199597379644 2.112223507982483 0  6.678770512085851 0.7295233631473528 0  6.821149686405565 0.5737692337111118 0  6.377698038466627 0.1555711349273217 0  7.205568008497944 2.219347955232517 0  5.551741779272808 2.727185967663388 0  5.607964186156469 2.807639622020888 0  5.683762512103133 2.738290493291671 0  5.014021579539887 1.436395735211833 0  5.069715591869839 1.366427067502337 0  5.14501946559211 1.450111629042126 0  3.622131160910341 2.911444597964038 0  7.147023678732967 0.5457201679086245 0  3.369363407865867 1.1 0  7.69491558038861 2.030739631728891 0  5.330210644720476 0.5189623145961072 0  0.05225222704331275 1.364505650667087 0  0.04715168266322281 1.265625 0  2.069430285490771 2.347734367647676 0  2.212716582402062 1.23171468189001 0  2.339988825323215 1.298246810041054 0  2.382623102184546 1.38097698073298 0  3.945646045197144 0.1781928814478393 0  1.731640545569854 1.161541486691291 0  1.780883809136692 1.278477764107668 0  5.82950482659568 1.952470450355497 0  4.586072937100301 0.5750429838301508 0  1.870445861542032 2.931732777552639 0  1.932595205609013 2.636135634511252 0  6.694212421714962 0.9285643531365616 0  0.4605698659152595 0.350289093487117 0  0.3329717917173815 0.4134433559981172 0  5.421691324958593 2.016255067257769 0  2.591029596029901 0.3107211173696858 0  4.246839933419806 2.454557291390941 0  4.19838484929172 2.374655106991006 0  2.478287433296432 0.7738980923467974 0  0.7261076264409091 1.715201688947492 0  3.052808566203927 2.833852146071628 0  3.706292279257328 2.196027774955028 0  2.238030075147285 1.916246087322827 0  4.601941224146893 0.06259583693304392 0  1.217437585092768 2.87610048230977 0  2.26217498055304 0.3589698169679958 0  1.180169548454706 0.1487663801469917 0  1.118623151541484 0.1234203796176535 0  3.177026090778607 1.03336667918738 0  4.769964939519874 1.454177561567884 0  4.891739892272551 1.438165391708526 0  6.173642133050848 0.9313123517574493 0  3.279743583939544 2.940520447428989 0  6.187587053878417 2.780509617380312 0  6.435350518640739 1.649549754719566 0  2.53387271913484 2.942104453734705 0  2.372880814288111 2.072574383073037 0  3.454760429805845 2.638044599196647 0  3.317182784471817 2.620991599288901 0  5.306863407865867 1.15 0  0.5114530697080476 0.1258461331826988 0  7.950989698566318 1.080163587381843 0  6.828642376287342 2.931871098661232 0  6.952588020917266 0.8632324207027777 0  1.645465695419895 1.921347804981059 0  7.88930910176195 2.341088662396807 0  3.599804283299636 2.224140950674909 0  6.388003821301892 1.985175585494174 0  2.776390159828455 2.375679195361999 0  0.9253718248819662 1.656734205964598 0  0.9836206783382958 1.767777386444889 0  2.43573683579557 2.479141177716623 0  3.114417485252229 2.861269684680968 0  7.324234652344304 0.8952863876747331 0  7.402380747085399 0.9571633820772649 0  6.670731227554139 2.775713308376074 0  1.647041179081335 2.504508260081764 0  3.195376927063756 2.568470746197038 0  7.208697844144756 2.69259007521626 0  1.059178502793721 0.1929964660641839 0  2.053747690043204 2.813641955036124 0  2.0625 3 0  2.007714656857987 2.929319869911967 0  1.981963646087869 2.864991223078312 0  1.338633077625139 1.901117705329064 0  7.16195839161471 0.7788173403484779 0  7.277828300497477 0.7210521731636279 0  3.25904653782336 1.325863561910869 0  5.559872317786395 2.593390260063282 0  5.427724370807998 2.596287465224467 0  5.478332986899688 2.653967666323032 0  0.6556908806244972 2.651929983359213 0  6.229173960721561 1.016313113842462 0  0.3639749539852768 1.483773220490204 0  4.60094046195541 0.7132317175214258 0  4.546053631576791 0.6698578680392578 0  3.029017537354242 1.276224468791317 0  3.838786502662101 2.159593148882103 0  6.943460664120949 1.639027461043262 0  6.88194893542885 1.302705500290926 0  3.994911095093443 0.8074114397379206 0  1.550929294421673 0.3333546277417544 0  0.2666257903822172 1.488572362891084 0  6.428044672782537 0.3851602448186836 0  1.922521256336762 0.8326246629853841 0  5.533137736522474 2.203410400557644 0  1.585823015397252 2.175553162232911 0  7.375675707214976 0.06563846197894843 0  3.887151482958582 2.266205378016068 0  4.427931605913497 0.4252671574837246 0  4.532088632098316 0.4152629633208618 0  4.547124266296198 0.4812029715267376 0  6.275727042841536 2.15520856232679 0  3.073874459134291 2.507233681353492 0  4.869363407865867 1.1 0  7.610928541672575 2.741593149983778 0  7.740607002965119 1.455529988473484 0  6.126167832650066 1.258814251901508 0  2.96387445961385 0.2947748640638559 0  7.529246906863739 2.396977376836698 0  6.89731194930879 1.907295218632348 0  6.967241979319373 1.905510681244122 0  2.8125 0 0  1.105443321427543 1.409881354074933 0  3.295003770793025 1.630112864429877 0  3.255636592134133 1.7 0  3.210450237331273 1.518282640158687 0  7.385146628659424 1.985267940131739 0  0.6462986884403833 2.773926632563181 0  6.192176054142951 2.62136205907176 0  6.260555523708986 2.553085486957072 0  6.252688923977987 2.683752750007042 0  7.67403657706307 1.810185007874808 0  0.357426954860938 1.226504677398041 0  4.099090195526783 0.9556924983551712 0  3.587110667765902 1.538451758189049 0  7.505857793100315 2.60914727130908 0  6.559570012414262 0.2307930982410052 0  3.52234443703259 0.9261742878560404 0  1.830226427313764 0.4179068514451563 0  0.9351711908881047 0.1630208070891038 0  7.477489942319305 0.7603926844822918 0  5.567284144043368 1.124218767839488 0  6.650397163937805 2.191567394021935 0  6.673129644733775 2.106021137952726 0  6.762406756647444 2.122811693666134 0  2.997567442835111 2.110450506316322 0  2.914219314717098 2.16071098643121 0  2.951291111382578 2.239714124944335 0  5.620987609500731 2.674617520094214 0  7.457825338008045 1.616356237302724 0  7.577475018805908 1.035938166391439 0  2.186075046507609 0.3017730638895017 0  2.819192378187755 2.801850439555989 0  1.4375 3 0  6.375592984608568 2.854936050609533 0  7.571014404235123 0.1290111561913708 0  0.9639184889215205 0.2510962411177055 0  4.466059442100282 0.7679767917692918 0  4.011219271479049 0.1751829304407915 0  0.3976480709359934 2.592635243335236 0  3.001611637820424 0.07678086252454097 0  4.255636592134133 1.9 0  4.161583627726406 2.171917349030139 0  2.16103396568113 0.8095839071413425 0  2.272227544992007 0.1571377164856923 0  0.8932558230393068 1.534472293277711 0  2.587687748137501 2.110102331533235 0  1.620483842025393 0.2008503492937988 0  6.886997056623779 1.091062178227321 0  2.48888921901023 1.465840034082666 0  3.234519211812501 2.853306038758415 0  7.387710091102266 2.12044922262957 0  6.431194679253221 1.861038075959166 0  0.2464991340399423 2.015355274353021 0  6.905758761220502 0.8180758638129066 0  6.922977476146357 0.753234242873674 0  6.981104193856464 0.7228253859616841 0  1.628626151870004 1.799603281417272 0  6.39203400690241 0.8397791481014958 0  1.959573904255013 1.255895747469329 0  2.049498588772197 1.201774218669409 0  2.09753724039809 1.266119626536932 0  2.905544209162815 1.445396798886016 0  7.387273054453908 1.189386476513583 0  0.6256154530052248 0.06551002211406109 0  5.549802660025978 0.7093066071566115 0  6.690489952994159 1.881799290360581 0  6.709609416875953 1.059288787978069 0  6.783919419491546 0.7072956408535931 0  5.027201403324201 0.2331420610354931 0  0.2982529373589534 2.513637261075964 0  2.801668592200275 1.130774451084702 0  6.489897624738589 2.929778825688542 0  6.4375 3 0  3.755636592134133 1.9 0  2.360973889316188 2.338770622073354 0  2.393834548007182 2.250904896054657 0  2.24644516861808 2.399837527397955 0  2.156521724660979 2.374432890817663 0  2.927142515125361 1.970061812476398 0  2.880636592134133 1.9 0  2.818449019261971 1.968767332177282 0  2.858928298329067 2.078597357317043 0  6.251700492063367 0.8276522891240166 0  0.3906018977685418 0.5283975731483472 0  1.463925434774754 0.4616647851546946 0  4.408430828998774 0.4923144893100494 0  6.752294106653862 0.3205209649591503 0  6.812618631776269 0.3620105991575586 0  6.328380957113128 1.349400704407287 0  2.5625 0 0  6.046558801310754 2.286484544188709 0  4.761171083819874 1.549633796314004 0  2.659160757872924 0.8412103464278395 0  2.669808403698616 1.635226872509265 0  2.611160002812999 1.589184032194842 0  6.847309935833978 1.961632490994772 0  3.107014929490485 1.48698130011786 0  5.439859670683544 2.27614657511994 0  4.380636592134133 1.9 0  7.402558733549967 2.936187612826953 0  7.24278443069605 1.166621835406251 0  7.677870752150183 2.858266457749814 0  7.327892804822831 2.590401548637292 0  4.369363407865867 1.1 0  0.6695219092492507 1.30525379842744 0  0.243348745604125 2.296532989882331 0  1.792768742021359 0.5359524293607261 0  0.6024555934395335 1.104714704291026 0  0.6952414539218553 1.178415908496808 0  0.619587980619523 1.229139255565009 0  6.977837781112265 1.031328019871491 0  2.463802369386206 0.1744955847449909 0  3.21468197654079 2.269638863737785 0  7.661529088388817 0.7871149887617831 0  0.689523557043331 2.708666093026875 0  5.551503935103414 1.635460433011845 0  0.3666630218799816 0.9787462156856512 0  0.2606347453006905 0.9893394964589276 0  0.2676197924577146 0.8948435274095915 0  4.530419572514816 2.704541985701848 0  2.4375 3 0  1.331349485567803 1.402020422511421 0  2.652021209354559 1.109335197374973 0  5.230831382919641 0.8677008471317138 0  5.295265188561725 0.8872802630554815 0  6.818063086909212 0.891965130945512 0  6.362965612081593 1.881140579745654 0  0.3704703865398211 2.255036904132294 0  3.862099844856457 2.051790827446242 0  7.738528367417255 0.5879127156643519 0  5.294934673441849 0.3904071053830131 0  5.86229966337742 1.150952156039119 0  2.621951319592995 1.77784747273636 0  7.833659853386896 2.222074939624581 0  2.97004926029635 1.133048289787097 0  7.85079984867548 2.101489070850437 0  7.935783454124481 2.056422920532954 0  5.163154220402896 0.4051346990397003 0  6.485579691678083 0.4488228969287299 0  6.930469382208096 2.835927061683853 0  5.076761051471718 0.7150825602366158 0  5.437097583438284 2.14618060586758 0  6.498410699266327 0.5810595678010883 0  5.949839744202011 0.600339349624598 0  4.911842491897394 0.210259450490526 0  7.819826835335827 2.604751929972138 0  5.4375 0 0  7.777419658616286 2.379405261000763 0  4.557553290612529 1.973641564274442 0  7.051025216611009 2.872087007166884 0  4.748375082741734 2.456853101956602 0  5.49560559163656 1.214221648912894 0  5.284345739642888 0.706906820215812 0  5.172010628108167 0.6493896800874991 0  6.292033179327102 0.5318460615920705 0  2.301593818302243 2.226495993358569 0  0.1844350125964792 2.499633376817551 0  3.889687083588709 2.936882338950749 0  3.94027050940851 2.826639839167612 0  3.828439851304656 2.843315375119112 0  7.348274371700906 1.932006598749242 0  3.543463302593695 0.4963149555144824 0  0.7284590033199638 2.075201316285107 0  0.8054412377949415 2.173418650071367 0  0.717568350100986 2.195793599609762 0  0.2601171844063569 0.7899472255317551 0  0.3802778136137406 0.7343486386195635 0  5.711516865415139 1.890253621179233 0  5.715834669674625 1.964018150555388 0  4.005636592134133 1.7 0  5.359411592930407 2.49787744513265 0  2.840164196391157 1.27829561972149 0  7.503254408740299 0.2000418511722629 0  5.734470904641339 1.540422365774297 0  7.210780647059108 0.2978931284863514 0  5.151228728716586 2.433467185664829 0  6.610330604087168 1.419182801513056 0  1.689073807090426 1.364064487561294 0  3.395115282169821 0.90828792919516 0  2.786235741439206 1.400941612081106 0  5.635646531821682 1.18599964706976 0  1.970262632861194 1.493431004865876 0  2.40625 2.943586526664033 0  7.457089771016332 1.26577335019131 0  5.478761611588422 0.3805712430485444 0  5.39295111521287 0.3849956865220113 0  6.483259804143354 0.3196954658671628 0  6.558142908109764 0.3817586202319725 0  2.144674469139121 0.4078641247374147 0  6.138976935313894 0.8527226406063561 0  6.345737225158178 1.076574087523068 0  7.244722420584943 2.808480719154247 0  7.248517728353232 2.936034717754479 0  3.955904348699781 1.448919363997729 0  6.30831288734426 1.791573323344068 0  1.229882033031166 1.375124374564418 0  1.220343010003214 1.467948012343771 0  4.308655648825919 0.2140316671058514 0  3.375836924962309 0.7742420909691784 0  4.292206200618896 0.9532708155831159 0  5.126322548065998 0.2817954679948023 0  3.4375 3 0  1.25848014001784 1.10389110496188 0  1.939801800616338 0.3789388456880818 0  7.446359527568126 2.585715413936228 0  1.453489464389352 0.7793996440755413 0  2.959830454542089 1.011484959168339 0  2.270693651962524 2.314869951631783 0  7.614165731543542 1.427355326009115 0  2.417569262107366 0.5431876045733554 0  2.503025900796163 0.581289005617205 0  1.846048824382803 1.213376226572445 0  0.781595369392444 2.609687877321216 0  4.686964821337885 1.967329021899092 0  4.862214075890365 2.937188284346039 0  1.330909919805158 0.2714726868319782 0  2.283958340281093 1.424757157751559 0  2.868543461470217 2.414344009987595 0  0.8860760233754996 0.5199981949399891 0  0.8116903746904148 0.5894797467225029 0  0.9424629035798501 0.5837420456006548 0  7.946317588505611 0.692756844810367 0  7.475435982871981 1.001698711135143 0  5.808905269403314 2.491701934050207 0  5.231402397540807 2.500946658151535 0  5.93891180563228 2.492331002419232 0  0.3960797304594479 2.015062354094594 0  3.049632191653225 0.1426622790100744 0  4.939483770745164 1.629809261818411 0  7.576657781042971 0.2967290924889849 0  5.688563153924909 2.583473448059365 0  5.747916426171786 2.519916508451884 0  4.120033534251544 2.702592033445057 0  3.928187358086839 2.692300230026154 0  3.910865939863267 2.570657850223109 0  3.964107912842679 2.632695253213462 0  0.9476649329166024 2.583175305688498 0  2.128952880063511 0.184862950060355 0  6.543200813861382 1.179348674184191 0  0.5155589203707809 2.413209412555864 0  1.642910899574979 0.6963376034635679 0  1.435555028745291 2.176260469173717 0  2.313574189847251 1.559202113671381 0  2.432652094412506 1.583286257718914 0  6.205387878887572 0.3135049743620719 0  3.869363407865867 1.1 0  1.08654432133832 0.4106766294892056 0  3.287461159233132 1.433971212923159 0  0.9778379842824003 2.067539907836543 0  1.375115328648407 2.534506841448407 0  5.93833631378592 0.1883586936622266 0  2.029038146252113 0.6186707377955114 0  2.01968655849708 0.5327408711755206 0  2.099731533351713 0.5111171592788589 0  6.104150582198566 0.9760040995618294 0  6.4260068778006 0.06403508987651772 0  0.8942511387515818 1.987716166989261 0  5.690051424091497 2.446371710235729 0  5.835434329149153 2.340976859423331 0  5.63161429719432 2.382673616228231 0  5.563673297866571 2.456680115285524 0  5.757989780288485 2.39292337314807 0  3.409279892010339 2.331909589371891 0  4.068052366226677 2.39530692541183 0  1.891621720846653 1.576747583815283 0  7.867081063352897 1.974328555736279 0  0.3149401674257483 2.706247627816537 0  3.112155549198496 2.0434893987788 0  4.261735640183578 0.352458935684897 0  1.596804423887846 2.107257960449588 0  4.27620234943822 2.580835418130992 0  0.5580340340738745 1.707218881170732 0  7.766557223925508 1.06068399685752 0  0 0.609375 0  2.280164826710291 2.038234007010514 0  2.354746559059018 2.134646399716623 0  6.685326945739946 0.1300218640845238 0  6.811775710658668 0.128557411877363 0  3.726334774383014 1.959168151124111 0  6.874283734218397 0.06464878531886405 0  5.892041016986319 0.9752697243611621 0  5.981746367727041 0.8812804137500152 0  5.979797698428438 0.9755507765008788 0  1.435695080246584 1.959850881097372 0  5.937781088411056 2.619201560499132 0  4.060808951652807 1.031023270044483 0  3.994363407865867 1.1 0  6.502369516859257 2.531040657276977 0  6.190475427056365 0.8100405604872644 0  1.186831166944678 2.332661454977881 0  1.837593327895278 0.6554834505410307 0  4.876409639133123 1.562336139535903 0  2.799143003729205 1.197548585823558 0  2.726490666671678 1.221679716903553 0  5.284244337125858 1.893844833206813 0  5.356199710439307 1.953231535780861 0  5.35236788673396 1.827882399103133 0  1.112472668530158 0.9157456202615362 0  6.806800772618051 2.804168666098901 0  7.522062602949329 0.3311644417848271 0  2.755636592134133 1.9 0  2.467340372450957 0.4577679377663026 0  2.248698696599151 1.541391082149754 0  4.429113237885137 2.224228866498256 0  3.744363407865867 1.3 0  7.1622905785541 1.308835150435427 0  3.380636592134133 1.7 0  3.405947714646341 1.639661119719063 0  5.560609224753933 2.304900446514373 0  5.127502466375404 0.1018313848180054 0  5.821391032683961 0.4537329609038273 0  1.626446716114284 0.06429165013281136 0  1.317912399095868 2.339136397978093 0  1.324899837820128 1.287781892712375 0  1.251076560262797 0.08411904764423314 0  3.292341818533399 2.36624013222795 0  1.130850068862057 0.5622625782294247 0  3.74677092765649 2.042322424614637 0  0.8250729675174772 2.729998644120999 0  2.620472187557072 2.476782502612332 0  2.361096115970063 0.4337062220274826 0  0.805577175282606 2.282006186289967 0  3.230238160854116 0.2603155775051148 0  1.908203066309249 0.2095802540866766 0  1.010272576329457 0.6141937135200184 0  6.995255315265204 0.5109749818429203 0  4.088656547919528 1.42645683473306 0  4.054601051379683 1.47184834343756 0  4.080854785712169 1.53429677740744 0  4.065069900513111 1.363234548470576 0  3.994363407865867 1.3 0  0.3209157804683602 2.204539058445447 0  0.3322277059712829 2.321842663476502 0  4.873075887105522 0.0987057683666844 0  5.624848274835804 0.08694238649161551 0  7.530615999369298 0.9348483563922477 0  5.082698133393489 2.110629582000089 0  7.62862212396818 2.647027639302048 0  7.437535159435419 2.323452006065532 0  6.484984152263715 1.495071422238074 0  1.195573018733643 1.79753100373504 0  1.16275483986509 1.913661551832854 0  1.056546921825608 1.606290299292618 0  5.876282178744261 2.810156377066171 0  6.360023262936987 0.8937663682601072 0  6.123638146658387 2.937290113864928 0  7.55842719832077 0.4284395088943297 0  5.085386029381835 0.362130828794136 0  8 0.984375 0  7.936075190320111 0.9640570205988204 0  0.7613834473195349 1.463063474830669 0  5.243626704060116 1.778128647326347 0  1.757901296540035 2.459708780775106 0  0.7820872445685396 0.05504415229281019 0  0.2820490719197587 2.945238816025517 0  5.812824814516373 2.871475138805114 0  5.750962218482571 2.80918435311991 0  5.687597458631298 2.871900370065602 0  5.870517584331046 1.772196252174469 0  0.5042646934228958 2.813086638235768 0  0.5708075748483352 2.856374650193196 0  0.5260796006089702 2.939492064463087 0  5.562193739303792 2.855146654688297 0  5.500075066786586 2.937424939015349 0  5.437144354155147 2.874780453243351 0  4.768866661604596 0.8525367005931227 0  4.861044650894419 0.7578041143107007 0  2.018944302398738 1.109458002775584 0  7.091374616686992 1.004593434590928 0  7.355845780775079 0.82061958899598 0  3.952167617863291 0.3099404540984408 0  6.687467897516664 0.2557461574288587 0  6.611239843537984 0.1934923420164733 0  6.624935795033329 0.318278261973333 0  3.564243966523436 1.035252271206153 0  2.005497770508489 2.734464883972227 0  3.310571336795618 1.967028231138738 0  6.749983948758332 0.1932140528843842 0  6.062525371867533 2.746618951837367 0  6.133029380722823 2.812066821931839 0  7.625081469472907 2.929086705215219 0  1.276493846475623 1.180898668130824 0  5.81251426732232 2.746358617133042 0  5.875643236632008 2.681940001312902 0  5.937507444932438 2.744901684263292 0  1.924344764507222 0.4846890306308704 0  6.064247738838323 2.618411199680324 0  6.001067846763228 2.683254291313367 0  5.875015017514965 2.935388457021893 0  3.18432382909212 1.97421297962432 0  4.946022167659634 1.392991021557353 0  5.75000354017256 2.937490726055701 0  6.624999453523828 0.0625169369859668 0  2.5625 3 0  3.3125 3 0  4.744363407865867 1.3 0  3.880636592134133 1.7 0  0.9375 0 0  4.619363407865867 1.1 0  4.494363407865867 1.3 0  3.630636592134133 1.7 0  4.244363407865867 1.3 0  4.630636592134133 1.7 0  1.3125 3 0  2.1875 3 0  3.505636592134133 1.9 0  2.8125 3 0  0.9375 3 0  5.244363407865867 1.1 0  4.1875 3 0  5.244363407865867 1.3 0  0.0625 0 0  5.0625 3 0  0.0625 3 0  3.9375 0 0  4.3125 3 0  4.8125 3 0  0.6875 0 0  4.6875 0 0  4.630636592134133 1.9 0  5.9375 3 0  5.4375 3 0  4.369363407865867 1.3 0  0.6875 3 0  5.5625 3 0  6.1875 3 0  0.3125 0 0  5.1875 3 0  5.6875 3 0  4.625 2.935595844814085 0  4.6875 3 0  4.5625 3 0  5.9375 0 0  5.8125 3 0  7.3125 3 0  2.9375 0 0  1.125 2.937483950818942 0  1.1875 3 0  6.8125 0 0  6.9375 0 0  6.5625 0 0  7.5625 0 0  5.119363407865867 1.3 0  3.6875 0 0  7.0625 3 0  1.6875 3 0  5.1875 0 0  2.755636592134133 1.7 0  7.1875 0 0  7.4375 0 0  7.3125 0 0  1.3125 0 0  2.3125 3 0  0.4375 3 0  4.869363407865867 1.3 0  3.3125 0 0  3.1875 3 0  4.994363407865867 1.3 0  3.8125 3 0  1.5625 0 0  4.619363407865867 1.3 0  4.1875 0 0  4.0625 3 0  4.9375 3 0  7.6875 0 0  7.5625 3 0  5.0625 0 0  2.6875 3 0  5.3125 0 0  4.8125 0 0  3.8125 0 0  3.6875 3 0  3.619363407865867 1.1 0  7.9375 0 0  7.8125 3 0  3.130636592134133 1.7 0  3.255636592134133 1.9 0  3.0625 0 0  7.6875 3 0  4.494363407865867 1.1 0  5.5625 0 0  6.0625 0 0  4.130636592134133 1.9 0  1.6875 0 0  3.380636592134133 1.9 0  1.1875 0 0  3.005636592134133 1.7 0  3.130636592134133 1.9 0  3.060313673019105 1.964415312648835 0  3.005636592134133 1.9 0  3.494363407865867 1.3 0  3.5625 3 0  0.5625 0 0  1.8125 3 0  2.0625 0 0  1.9375 3 0  6.6875 0 0  6.5625 3 0  3.494363407865867 1.1 0  0.4375 0 0  2.880636592134133 1.7 0  4.9375 0 0  5.6875 0 0  4.505636592134133 1.7 0  4.994363407865867 1.1 0  3.755636592134133 1.7 0  3.880636592134133 1.9 0  4.119363407865867 1.1 0  4.189563684521418 1.033966317255373 0  4.244363407865867 1.1 0  3.744363407865867 1.1 0  4.380636592134133 1.7 0  4.505636592134133 1.9 0  2.6875 0 0  1.0625 0 0  4.255636592134133 1.7 0  3.505636592134133 1.7 0  4.119363407865867 1.3 0  3.0625 3 0  3.4375 0 0  4.4375 0 0  4.130636592134133 1.7 0  1.0625 3 0  3.9375 3 0  7.9375 3 0  6.1875 0 0  7.4375 3 0  3.622752789454142 0.8553973255073988 0  3.597191145430917 0.7950324520763591 0  2.422866618386775 2.661898250747234 0  3.051355022632111 0.4819828753156936 0  4.751042815387009 0.2383132679345871 0  7.859254457745905 0.7646109457929371 0  0.4779401957454759 2.489266451045079 0  0.6005118859554232 2.461829283599345 0  5.937793742823398 2.875091083382166 0  6.002403838204899 2.937604160846935 0  0.3855127378437747 0.3210849322242069 0  0.2844444137829794 0.2535366602476045 0  0.342672660894601 0.209004057260551 0  7.802325926927342 2.854228094108247 0  7.138142730457722 0.2353237551263961 0  5.204588256484938 0.323713628712217 0  5.316560075866011 0.7577889870404698 0  0.3065930810088908 2.108104198750004 0  2.165319140321748 1.718457202849642 0  1.913507757576617 1.700860664264398 0  4.648722100263099 2.427790042285354 0  4.334337616590252 2.402415388738181 0  4.274031765937888 1.96121063175104 0  5.951274984230666 1.567477141057457 0  3.336395263939191 2.181262525674781 0  5.927955229769037 1.481350755167616 0  4.361736243986765 2.599710626084438 0  4.395961502629634 2.489030555215813 0  6.8268391847394 2.563095912605131 0  6.766047075318847 2.494329230358825 0  7.174970522037189 2.491961084828938 0  3.96875 0.05464067719278833 0  7.937845394659923 0.5725637470402081 0  7.862345997042643 0.5011654879481907 0  2.021430465622161 2.420675210617116 0  1.927769852762592 2.362236405033521 0  3.728809437781818 0.7972622646237676 0  2.161192965928727 2.089414079986588 0  2.194404755540324 2.008646675140017 0  2.079490546922004 2.065170559685412 0  3.876709340132654 0.8803885049721172 0  3.787026483373523 2.290596455868452 0  3.676169585410087 0.7279903165436004 0  4.919396014316257 2.069162209539914 0  0.8120347233954959 2.857094704177624 0  0.6869715391030138 2.873322532468349 0  0.7561722888074158 2.937899618595558 0  5.625355508610538 2.937844924201298 0  6.411706768512403 2.679366104742126 0  4.77414723260294 0.9737402416400145 0  0.7894058003127961 2.08766484397623 0  2.950349983729554 1.334568796654339 0  2.906999844618549 1.256766146365954 0  2.994172024441477 1.224713807681674 0  7.398777552874612 2.688791604975271 0  7.384643222921937 2.81020432038206 0  7.311975032234663 2.750304036009857 0  6.589469142285305 1.232497060277785 0  2.54555812665611 0.9925807946104793 0  7.055828086135972 2.560329248939091 0  7.404246784847222 0.5407368171575635 0  7.465854313456044 0.564395712758222 0  7.479307356254358 0.6272508891528555 0  7.430224690082857 0.4432446857467103 0  7.522086882760354 0.5187809605898531 0  6.965596708862967 1.788451006711088 0  5.358533340610457 1.452556101927228 0  2.456328648740316 2.362760542303466 0  6.161190094456591 2.126414385227877 0  6.280093437020593 0.2318351019825878 0  6.390306071933731 2.604471429977595 0  7.275924774856805 0.53761053422476 0  3.270477056794849 2.465160413741227 0  6.771457748956685 1.055505947525762 0  1.262491575770679 0.6822618217659041 0  0.8851237175427025 2.793594503672968 0  6.154706387462238 0.2127186673469678 0  6.562029564283633 1.672526370867484 0  7.313066659786823 2.874229122997021 0  0.4542639917540185 1.53862169653216 0  0.5445879579270003 1.598813579745749 0  1.225932949461036 2.124258721482628 0  6.125457371134527 2.683930524093495 0  7.678020365292819 1.13896141548314 0  7.615961716968517 1.151060171777808 0  7.798400217474783 1.164540258897379 0  4.617955148323936 1.489645241861048 0  2.661886041315787 2.557564625401777 0  7.385079923755647 1.540460804900124 0  5.874164453357303 1.837302506586747 0  1.228192097323287 0.5624570790559925 0  5.118764996327878 0.4856080537387203 0  5.052598437620549 0.477671920790891 0  5.015931202740917 0.5310854669623902 0  1.128178673714141 0.06203916318284623 0  6.749314873229115 0.06184679395484691 0  6.332536967299203 2.359996193486129 0  4.963190491932582 2.350394075574369 0  2.425166004035285 2.033989748314024 0  3.811430677185266 2.773860843577198 0  5.997600951997334 0.08163438065292596 0  0.4993410947873915 0.5375710264455351 0  0.8999390203767278 1.42415986135166 0  5.015782222308404 2.62505346239124 0  2.853178722835511 1.505982817259585 0  2.975544208268408 1.531123669818908 0  6.000690947121489 2.807512288204998 0  6.703012954497893 2.009874682468987 0  3.057815506476982 2.119745400331287 0  3.679286036197495 0.3537278119736536 0  6.689460901897252 0.381946276497692 0  0.2603948692840043 1.239106659456596 0  4.257114833878044 0.7388203226607839 0  3.231249889314759 2.656283453010141 0  3.148329818522523 2.687188149585915 0  6.615445607633893 0.5646214620022915 0  6.554798406260137 0.5443914889093378 0  3.943333216410781 0.8507640820007696 0  3.850570936627408 0.7836545701684955 0  3.494434938338593 1.443827231186493 0  3.969317379017441 1.047034191699965 0  6.185464651173094 1.574259834699723 0  4.927850356540382 2.774799594624016 0  6.188427400336149 1.145196395097116 0  4.131055240525422 0.5886256442863274 0  1.40625 2.946731396211784 0  0.1784265119335085 0.8920161221907525 0  1.664079235557559 1.157845165456797 0  6.106338530790911 1.163669617015674 0  6.148117288493172 0.6583301398941717 0  6.202227000836351 0.5959982107797739 0  6.273379608700264 0.6578190954948566 0  7.256035950287562 1.288841315280352 0  7.331945553682549 1.260700810404147 0  1.831394700675715 1.635634266674338 0  1.569384723017437 1.781006397801412 0  6.050819401543971 1.867183164439181 0  0.1284156542353594 0.9725087079023165 0  0.700380763628493 2.346805680551947 0  0.577479138881614 2.340953146842035 0  0.6625619591927389 2.405761354776628 0  6.721857856014676 2.738851535374885 0  6.94991739689266 2.596850607328694 0  6.784964184895613 2.679916855055607 0  2.050079147056653 1.416426141963833 0  5.742020657127253 1.37928765331493 0  1.359016954435895 0.5380368440336351 0  1.275911608177672 2.625922535617032 0  4.205726140192835 2.06311780769943 0  4.294657775130451 2.099592323697036 0  4.327895318535967 2.044336588568014 0  1.663055404417642 0.9777527660053119 0  1.715985751781743 1.042328396182895 0  4.652303449014043 2.18516354568553 0  1.278754040527853 2.012310629936178 0  6.440025027001268 2.568229641967595 0  7.074970908717864 1.114073319151051 0  5.890671070478796 1.944605177160527 0  6.39218118714598 1.558487563609454 0  6.598162095346079 1.794507699600809 0  7.395897504300632 1.688131290480733 0  7.323587882560287 1.741429122564278 0  7.275793915800715 1.662891455042601 0  7.819563606269796 0.5891965744199733 0  3.415438193548218 1.353707173689048 0  3.375545586042778 1.442809928710773 0  2.475243793040533 2.774094559942181 0  7.282684747398005 2.180495391809047 0  0.6377948486235098 1.6157991982969 0  5.44490270801702 1.889618662040628 0  7.769186622416408 2.119488610760059 0  1.730500402767767 0.6842792907100562 0  7.257139940981567 1.782631529038193 0  7.447908862580411 1.073541540016536 0  7.217141280182922 2.308705100022287 0  5.077537133439784 2.865279061691569 0  5.026194480200411 2.942253292792884 0  7.036382828316363 0.8186957782446174 0  6.516310104773504 1.992574221791089 0  7.549891871611422 1.568333961022438 0  1.71098075194737 0.3772656721007452 0  4.752249413108297 2.306290060703127 0  4.0494970335263 2.668826897872588 0  3.908891107738733 0.4252410723776109 0  6.281556301051265 0.7184924767846438 0  4.571210299202614 2.584373339917955 0  7.444611685777194 0.130153973763195 0  4.712256341035348 2.694162265101899 0  5.976106623489646 1.766494895142825 0  5.865110252362429 0.766606767529053 0  1.635566293609015 1.677264573377727 0  1.510651263036416 2.24805608602211 0  0.2086745934396689 1.597281690152608 0  4.647727813616307 0.5844807997582241 0  4.335205206460174 0.389513694723144 0  4.232355507517785 0.4590204338516789 0  5.622784502166039 0.6657689658052004 0  6.34659485058901 0.2369355632635762 0  2.318947442086314 1.098025326934946 0  6.186968286903061 0.1567381647104812 0  4.700781438220304 2.070141207972094 0  1.030775211792301 1.713122271359248 0  4.460094330957768 0.1614046636898391 0  7.639684832151471 0.3657092793839435 0  1.482579248634193 1.761898173315314 0  7.455776711909252 2.710134102939056 0  1.39145782646011 0.1723106610761004 0  1.40625 0.05359775430195809 0  1.189153576479218 2.557032643629447 0  4.859892442029043 1.041417567030398 0  2.700603117111005 2.650456395631264 0  2.614938543857931 2.702163550928457 0  2.658401753566067 2.766218167880775 0  6.321233624012526 2.271419703523055 0  0.3589420646924386 2.512229643970186 0  7.501621460133517 0.06093805057908902 0  6.235146775790952 2.434500081055776 0  2.338204409879992 1.616379057121821 0  2.279646537489135 1.678028208285948 0  1.111220934728895 1.750527660539691 0  1.398346043168907 2.764639332771389 0  3.962810402259758 1.642112260726259 0  5.919152833084057 0.399246950557861 0  4.193165046687616 2.542924546842334 0  4.07939580805176 2.585347729666181 0  2.595149960962864 0.9259677482489871 0  7.031278336353449 0.7577670567937115 0  1.188987216923151 2.739122031675809 0  5.64350389127341 2.260938785629746 0  6.609759043858041 2.679158350012093 0  7.712564848860124 2.401726193233528 0  5.436455772484265 1.556853201174721 0  6.507645396596617 2.871160644696618 0  4.675785616612529 0.1395725606045339 0  2.619243737777073 1.912299411548115 0  2.500346587639635 1.936708578645487 0  4.184202477691365 0.1865946215218477 0  3.488593570097449 2.766430050739261 0  5.834537572217128 2.183617852827761 0  5.799896332343275 2.131484765291754 0  5.920934663885698 2.141804656414709 0  7.69687638024986 1.37341045205011 0  7.643241761471508 1.480750602230895 0  3.429096180116811 2.582809544891107 0  5.953946333957002 2.368688760042253 0  6.051348744963188 1.76975480156663 0  2.343105745962257 2.416223953966274 0  2.396553094186682 2.525488510858041 0  1.807947423634477 2.544690103527952 0  0.5958108421877603 1.372981453976053 0  5.319529041117542 0.2843785975248952 0  4.723713363310438 2.186107049130013 0  7.868895761774462 0.8654879808637193 0  3.977588677577388 0.9416727732435168 0  1.062497706047416 2.341581733157257 0  1.419746442008466 1.030579444330723 0  7.19309116642426 0.6759440754858226 0  4.690399734206778 0.955660162896534 0  7.05042862200835 0.6357740445330982 0  2.34375 2.946968422006965 0  5.649964693275813 0.3333945959218082 0  0.4426275713267766 0.1608784263203847 0  0.6916857422851941 1.959284998403914 0  7.55806534564475 2.520299510635261 0  4.772550286588233 1.647884260569326 0  3.219603734982541 0.8178754451978139 0  4.460985924293728 1.648343684133193 0  1.845215350273641 1.514064472699872 0  1.814510993043981 1.393744321279765 0  1.895289113944273 1.445661425546682 0  7.065712814860047 2.077857021716899 0  2.212880037222929 2.207042674330926 0  4.053032118433661 0.1317193984042758 0  3.180280748156751 1.178530165829897 0  7.690191213280693 2.756981707132261 0  4.08646385438137 1.64855442590287 0  1.062270850596567 2.078046463263904 0  1.090709159817102 1.218220059091648 0  5.166391923571375 2.727644412253466 0  5.11695396474077 2.80313081509643 0  5.047694343141172 2.747346743603889 0  2.737603262739854 2.725755053391338 0  3.059670953898592 0.5953226403520864 0  3.125832943805812 0.5877092354458617 0  1.550519701405343 0.8068203212851019 0  3.683499495105869 1.039923927699078 0  2.09375 2.946526211952353 0  0.2199502728665208 0.6082418450220518 0  6.769065414475281 0.4457325237100744 0  3.26641255814712 1.128078196967774 0  3.26641255814712 1.271921803032226 0  3.286637983006494 1.121506558066285 0  3.26832211323466 1.077185792597567 0  3.286637983006494 1.278493441933715 0  4.699965829621128 1.652463038238655 0  3.274904575562777 1.304370031685206 0  3.301579685147046 1.348033373496325 0  </DataArray>
</Points>
<Cells>
<DataArray  type="UInt32"  Name="connectivity"  format="ascii">389 1349 1650  443 3741 3804  6 7 8  613 2094 2898  4 11 12  381 2407 2596  943 1817 3401  832 2628 3161  898 1875 3135  19 2354 3478  146 1176 2305  347 1893 3517  1236 2104 3417  1409 3346 4176  860 1474 2918  261 1829 2068  600 1320 1937  878 1564 3216  991 2809 3729  338 1339 2511  592 2156 2157  1933 3589 3720  516 1874 3291  826 1267 3104  1153 1765 4171  914 1287 1847  1199 2755 3624  245 2696 3288  389 1650 2539  1085 1608 1712  601 1654 3794  435 1806 2559  258 2415 3012  690 1556 3837  858 1734 3153  379 2468 3461  925 2079 3547  64 1813 4302  946 2299 3054  469 1543 2489  389 1349 2770  1296 1338 3014  1087 1620 1835  1403 1844 3761  601 1336 2721  1369 1611 2874  315 2279 2526  152 1901 3831  378 1222 2248  551 1936 3751  530 1907 2397  125 1539 2345  666 1674 3241  1088 3447 3787  446 3117 4275  420 1436 2069  659 1437 2773  2193 2215 4221  203 1732 1940  2045 2797 4081  177 1295 3367  91 1373 2958  588 1594 2101  611 1192 2172  1411 3376 3674  856 2199 3282  1208 3052 3859  1208 2040 3859  76 1773 3978  492 1405 3320  1813 3218 4302  234 2316 2724  1430 2978 4114  325 2738 3285  459 1600 3182  622 1204 2129  523 1510 1554  1006 1315 2589  971 3231 3644  996 1449 3693  584 1952 2922  719 1664 3130  69 1458 3659  573 2067 3468  256 2114 4321  855 1305 3114  855 3114 3209  88 1668 1990  617 1349 2481  52 1537 3346  569 1409 1750  53 1454 1771  1008 3352 3369  227 2026 2736  1286 2747 3126  479 1809 4170  1482 1601 3757  174 1484 1569  201 2240 2560  798 2895 3546  22 1796 2130  184 1300 2187  74 2219 3419  1701 2825 4164  801 1507 2328  888 2662 3546  1504 2650 2974  334 1577 2835  929 2978 2979  662 1359 2640  105 2165 2745  242 1574 2564  805 1506 2502  121 2005 3460  2284 2425 3179  324 3114 3209  226 2235 3852  341 3049 3652  110 1201 2475  217 1691 2522  491 2363 3752  344 2355 2518  330 2175 2309  818 2598 2811  817 1967 3684  114 1303 4104  504 1685 2582  535 1215 2296  642 2085 3818  330 2175 3561  822 2816 3001  711 2431 4151  932 3328 4232  321 1382 2494  229 3038 3040  286 3350 3863  379 2247 4259  150 1313 1772  1556 3112 3733  579 3169 3349  665 1500 2750  941 1589 3543  239 1683 3807  931 2405 2406  386 1359 2640  1407 4322 4323  754 1341 2855  1021 3112 3732  407 3131 3132  231 1583 3058  833 1427 2703  68 2032 4079  438 2887 3330  751 1954 2262  751 2328 2801  506 1316 2138  1174 3331 3332  512 1851 3088  223 1225 1630  823 1912 3000  938 2177 3413  916 1454 1771  497 3279 3536  425 1466 1619  875 1459 3343  1140 1296 3603  990 1824 1826  1669 2091 3597  1805 2142 3824  1534 3231 3644  1342 2787 3006  739 3515 3819  232 2691 3094  402 2232 3208  1102 2592 3802  696 2600 2601  607 2108 2109  929 1856 2978  524 1858 1958  576 1929 3838  62 2269 4156  388 1380 1711  1404 2147 2593  233 2128 4248  458 2003 4116  447 1530 2004  388 2997 3336  157 1632 1997  800 2568 2569  246 1453 2371  549 2301 3566  535 1288 1708  1163 2358 4216  599 1250 2241  1216 2296 2566  981 2954 2986  507 2967 3848  64 1240 2428  64 1489 2428  393 2577 3110  1691 2647 3184  1205 2591 4066  181 2171 2221  1444 3103 3222  1444 1705 2969  74 1536 2348  1235 4132 4133  892 1284 2924  621 1434 2285  692 2265 2546  1692 3121 4285  493 1320 1728  601 1270 1654  411 1369 2472  745 2757 3816  2261 2476 3499  1110 2024 4181  107 2168 2704  231 1859 3709  682 1310 2498  277 2207 3485  1604 1921 2398  703 1418 2860  726 3799 4160  475 1400 2308  183 1571 2463  1220 3376 3674  324 1895 2135  693 1641 2635  857 2370 2371  187 1656 2701  712 1387 2741  735 3670 4036  998 1526 2445  2061 2150 3661  1952 2757 2758  220 2440 2759  1799 1801 2852  366 1799 2852  114 1612 3016  562 2079 3547  1084 2279 2443  398 3283 4094  195 1919 4314  1685 2582 2957  504 1685 3197  610 1279 1797  1469 2046 2151  591 1469 2151  1242 2973 3515  1416 2763 3141  727 1484 1569  93 1492 2196  689 1689 1690  689 1690 2970  591 2152 2445  84 1200 1952  1566 2455 3454  204 2519 3882  126 1274 1806  82 1961 4322  436 1571 2561  822 1985 2816  316 2719 4180  515 1813 3218  380 1775 3268  835 2051 3430  1145 2148 4286  563 2033 2143  604 2065 3104  1267 2769 3378  409 1457 2357  854 1547 3822  709 1378 2509  711 2431 3524  271 1362 2567  891 2077 2392  1729 3221 3234  954 1941 2480  1218 2706 4197  1330 2214 3309  867 2362 2617  951 1691 3184  122 1331 2547  1430 2978 2979  731 1360 2381  1360 2381 3719  1268 2395 3428  1124 2191 4190  748 2714 3374  1432 3160 4069  1435 2636 2889  345 2636 2889  345 1225 2213  967 1715 2584  84 1952 2758  786 2193 4060  1325 1845 4303  514 1738 1913  904 1846 2042  902 2948 2962  1467 1619 3865  568 1286 3126  456 2713 3793  145 1532 2072  964 3501 3502  373 2319 2347  42 1847 3198  250 2336 2711  364 1293 1392  777 1644 2793  1149 2334 3065  431 1404 2593  1477 4040 4041  466 2473 2888  1893 2973 3517  896 2984 4204  427 2289 3415  1160 1482 3757  826 3105 4262  83 2037 4209  88 1349 2481  1000 2037 3809  815 3134 3306  762 1387 1633  570 1456 2469  983 1837 2791  124 1461 1663  439 1527 1609  1134 2563 3356  147 3436 3543  806 1289 1854  434 1577 2304  542 1762 2830  158 1762 3704  504 2582 2840  1756 2722 3214  128 3423 4050  1079 1742 2718  1322 2718 2731  963 1425 3571  250 1622 2336  1621 3250 3263  444 2629 4265  301 1915 1931  71 1747 1948  811 1582 3625  1328 4063 4065  472 2731 2785  1164 1886 4320  60 1608 3229  86 2101 2113  522 1369 2472  1418 2082 3299  789 1759 2845  586 1694 1986  1056 1438 3846  682 1536 2499  1274 2559 2972  394 2264 2900  261 2082 3299  198 1253 2075  262 1457 2205  426 1180 3657  581 1577 2835  117 1202 1755  607 2049 2108  904 3007 3360  713 1910 2795  526 1649 3213  939 1512 1675  188 2153 2669  267 2271 2554  1627 3447 3787  1115 2153 4042  1139 3190 4293  353 2763 2764  577 2058 2059  214 1410 2447  655 3008 3759  1450 2292 2710  86 1368 2453  588 2101 2847  505 2314 3053  169 1474 2918  698 2575 4227  786 1200 2922  1015 3528 3885  949 1963 3293  397 2612 3178  320 1427 2702  741 1292 2818  627 2320 3500  1011 1808 2070  576 1564 2909  1146 1871 2337  1430 2979 3041  1338 4278 4280  569 1902 2077  499 1820 1821  285 3770 3774  710 1206 1697  286 2587 3350  287 2395 2632  998 3746 3748  288 3017 3671  508 1657 1732  1113 2027 4085  289 2129 3749  1019 3896 3897  989 2610 3736  995 1546 3591  1148 1938 2542  556 1540 2133  364 1294 2267  759 2754 2756  798 1780 3055  490 1223 2140  1762 2830 3704  1081 2022 4146  462 1588 3239  316 4047 4180  557 1931 2086  808 2325 2995  143 2258 4318  627 2236 2319  1022 1660 3188  1363 2900 2901  351 1257 1897  177 2016 3367  590 1794 2173  490 1727 3266  2024 3466 4181  699 2142 3559  610 1521 2246  1507 2328 2801  1815 4172 4173  642 1815 4172  2184 2185 3874  492 1405 1842  714 1842 3834  136 1450 2292  1302 4100 4101  1255 2521 3532  1272 1661 2506  660 1425 2433  660 2434 3417  119 2509 3101  405 1873 3631  1020 3091 3759  862 2163 2164  497 1769 1770  1298 2505 4199  186 1679 4105  693 1768 4212  128 1989 2896  945 2228 2394  1364 3081 3569  141 1286 2747  1306 1991 2690  327 1804 2725  330 2309 3115  1306 2071 2690  132 1557 3788  1088 2033 2143  850 1914 2877  819 1985 2816  183 1714 2463  384 1406 1572  558 4215 4319  1099 1354 2137  876 2224 2845  1146 1836 3092  218 1766 3070  217 1538 3340  1168 2298 2858  216 2360 3871  83 3122 4209  148 1404 2147  784 2881 4316  339 2098 3685  1623 2411 4213  901 1623 2411  541 1559 3004  542 1762 3004  430 1584 2827  553 1980 3696  553 3173 3696  721 2637 4128  219 1340 1875  1106 2355 2518  756 1435 1497  1435 1497 2772  1241 3349 3350  372 4120 4208  348 1248 2028  830 3050 3156  1138 2605 2926  104 2094 2926  1722 2030 2828  892 2925 2993  352 1722 2828  1002 2238 3706  446 1557 2217  1308 2338 4275  671 2419 4053  1598 2430 3019  87 1250 2241  403 1462 1731  603 2224 3880  1425 2433 3571  1421 1834 2892  981 1552 2954  1174 2641 3331  512 1850 3331  1093 2967 3532  1255 1592 2967  736 1607 2789  675 2482 2484  620 1313 2504  620 1313 1314  381 1277 1976  1277 1976 3297  159 2301 2798  1151 2422 2997  850 1307 1914  1307 2875 3645  862 2164 2805  968 1918 3470  836 2740 4052  1125 1989 2896  371 1243 1953  1244 2537 4193  930 1811 3484  1483 1515 2802  678 2456 2457  702 2658 3163  1407 1961 4322  1151 2486 3570  1481 3138 3857  620 1346 2680  376 1346 2412  1433 2982 3408  471 1283 2105  1167 3138 3857  975 1862 2826  1119 1800 3461  994 3145 3514  118 1783 3258  930 1487 2254  381 2407 2965  943 1539 1658  1189 1362 2567  917 1816 2096  383 1419 2659  383 1375 2510  765 2900 2901  394 1227 2264  502 2393 3821  1838 3122 4209  73 2492 2786  594 2198 2492  650 2260 4081  159 1610 2301  1711 2041 3394  617 1166 2481  617 1349 2770  196 1447 2975  390 1378 1448  1431 2528 4269  496 1744 2546  932 1703 3327  208 2226 2257  720 2097 2577  657 2131 2264  250 2195 2458  908 1726 4174  875 2169 2170  68 2032 2668  1326 2439 3143  1325 1501 3527  1476 3289 3691  494 1533 3637  494 1590 3072  871 2235 2915  2240 2295 3601  141 1286 1593  63 1910 2795  967 3165 3351  1183 3131 3132  1503 2536 2548  404 1558 3013  1101 1950 3678  765 2608 2899  1529 1926 2655  1513 2493 3385  922 2192 3421  211 1437 2773  1537 2134 2276  1338 3014 4280  598 2114 4250  903 2399 2472  618 1716 2186  833 1427 2702  125 1539 1658  1399 3741 3804  1058 1839 3903  415 2118 2351  437 1398 1913  1095 2919 3456  1123 3369 3407  870 1703 3269  418 2303 3445  174 1304 1569  916 1698 3281  221 1745 1956  1436 2069 3847  614 2219 2220  877 1604 1921  453 2737 3483  1481 2249 3138  476 1520 2914  476 1589 1749  144 1667 2502  141 1593 3782  1141 2088 2916  262 1547 3176  934 2652 3713  741 1700 3186  432 2356 3550  370 2674 3152  1136 1704 4050  161 1186 1736  1584 2827 4125  687 2592 3802  622 2128 2270  1181 3415 3550  1610 2301 3566  1264 3454 4217  1161 2304 2643  618 2186 4191  775 1406 1572  126 1806 2951  898 1340 1875  1285 4322 4323  937 2419 4053  438 1620 2170  587 2169 2170  1085 1852 3610  240 3127 3496  184 3011 3625  454 1629 2580  737 2549 3865  441 1570 2955  267 2554 2555  1284 2350 4304  1613 2106 3804  206 1315 1639  112 1621 3251  1327 1855 2977  445 2977 3878  887 1557 2217  2216 3317 3558  947 2004 3638  947 1530 2004  1151 2774 3336  448 3567 3568  704 2417 2629  449 1643 1644  734 1766 3070  1615 3070 3715  1089 1758 3716  106 2650 2974  124 3134 3212  239 2405 2406  551 1222 2248  972 1560 2983  810 1429 2981  679 2539 2541  455 1652 3272  1159 2087 2239  1534 2713 3644  175 3380 4169  92 1320 2656  827 2837 3148  1647 2003 4116  367 2774 2842  1600 2843 3182  541 1761 2212  644 2212 2372  627 2321 4234  611 1347 2171  949 1963 3125  207 1807 3677  750 1753 2095  74 2348 3502  860 2076 2917  1235 4131 4132  952 2205 4055  1347 2171 2221  467 1637 2207  1115 2616 4206  468 1719 3183  778 2683 2904  552 1736 2139  1754 1793 2478  145 1729 3234  1533 2595 4056  672 1322 1742  1322 1742 2718  473 2396 4176  1218 2706 4129  909 3316 3777  130 2404 3310  475 1400 1401  176 2797 3432  147 2482 3109  744 1679 3048  744 1679 3278  285 3736 3744  1013 1988 3875  797 1516 2883  1516 1713 2883  407 3132 3778  1376 2311 2799  405 2722 3035  229 1659 3040  782 2910 3348  924 1887 3669  706 2300 2529  506 1834 4045  1187 2552 2938  757 2333 2800  225 1549 2420  685 1727 3266  164 1851 3844  491 1753 3150  316 1230 2719  1807 3036 4178  1090 2011 2634  92 2064 3823  1254 1590 3072  1443 1628 3294  495 1494 1495  495 1495 2670  214 2120 2265  820 1744 2546  323 2814 3174  53 2397 4310  498 1886 4143  143 1864 3290  499 1822 3683  60 1608 1712  903 2872 3504  643 2847 3459  355 2100 2459  285 1810 3744  1085 2393 3821  548 1997 2610  503 1296 1338  196 1447 1685  915 3168 3197  844 3016 3053  1661 2506 4073  1187 2506 4073  506 3172 4292  507 3465 3735  1623 3465 3735  509 1657 1732  509 1634 2209  539 2452 4150  282 1808 2070  729 1370 2780  274 1863 2583  317 2466 2779  563 1479 2032  513 3589 3720  398 4094 4245  90 2439 3143  1823 2008 4090  515 1488 3218  516 2034 3877  1013 1874 1988  280 2218 4059  909 2115 3315  818 3062 3692  1621 3250 3251  13 4333 4335  519 3760 4205  821 2572 3100  492 1842 3834  540 1975 2862  886 3065 3066  522 1747 3828  565 1517 3775  399 2211 3691  18 1365 4332  803 3715 3894  783 3058 3634  1313 1772 2418  1314 2124 4317  960 2206 2829  526 1649 2824  180 1290 1391  1235 1666 4131  646 2389 2390  528 1929 2909  562 1412 2036  529 1356 1915  855 1305 1898  530 1898 1906  213 1448 1867  1869 3617 3622  968 1263 1833  532 1861 3531  862 1428 3728  935 2609 3492  534 1441 3133  1252 3242 3243  149 1566 1708  1288 2116 2792  713 1910 2832  713 1188 2824  879 2291 3227  576 1929 2909  538 2031 3789  987 1969 4135  282 2377 4328  539 1964 3700  886 1439 2429  886 2862 3259  541 1762 3249  541 1762 3004  1040 1955 2530  580 1324 1723  1162 2252 3265  590 1175 2204  717 2766 2767  673 1640 2039  1988 3399 3875  882 1988 3399  1009 2002 3870  2000 3856 3868  2020 3891 3900  1014 1997 2610  149 1566 2455  1566 3454 4217  835 3106 3107  1127 3675 4090  1297 2240 2560  607 2109 4097  1653 3507 4281  552 1584 4125  1185 2369 3848  553 1981 3173  1081 3057 4049  554 1422 1922  555 1780 3892  555 3057 3858  1171 3574 4144  556 1176 2305  151 1356 1944  878 3215 4054  1182 1864 2258  303 1182 2013  706 1351 2529  1674 2277 3241  170 1443 1628  561 1925 3073  707 2311 2799  974 2648 4311  68 3344 4079  564 1397 3658  564 1919 2419  348 2046 2151  565 1948 3775  177 2476 2621  650 2260 3499  152 1901 2442  300 2062 4086  268 2503 3411  1094 2470 2503  691 2392 3314  569 1261 1409  1758 2913 3530  570 1749 2060  690 2326 2337  655 2163 2165  4 1689 3726  572 1689 1690  1840 2399 4112  728 1747 1948  1760 3431 3463  575 2877 3756  828 2175 3561  153 1972 2378  252 1564 1900  692 1816 2096  577 2057 4136  495 3042 4199  495 1304 1494  579 2051 3430  346 2051 2834  671 1919 2419  865 1202 1755  581 1577 2304  173 1645 2093  582 2094 2898  1537 2396 3346  1249 2103 4108  786 1200 1640  1200 1952 2922  1283 2122 3408  1103 3697 3698  586 1451 1987  776 1605 3248  1262 2882 3455  280 1491 2218  598 2112 4127  588 2099 3832  391 1431 2868  109 2178 2716  308 1996 2174  160 1175 2204  1526 2464 4139  2464 3672 4139  881 1865 3509  205 1865 3509  262 2205 4055  1181 1645 3883  856 2199 2200  595 1510 4305  595 1875 3135  182 1760 2544  596 1368 2453  1373 2441 2920  91 2613 3392  790 2112 4127  790 2099 3832  966 3518 3673  324 2639 3114  1217 2822 3656  1153 4169 4170  601 1562 2159  1159 2712 2983  1323 1877 3593  1191 1877 2885  1219 2931 3359  938 1912 3000  211 1335 2055  211 2055 3697  605 1440 3446  809 3633 3695  337 2765 3022  796 2227 3023  902 2947 2948  607 2048 2049  715 2622 2744  287 2395 3428  609 2047 2387  807 1797 2821  1279 1797 2821  688 2607 4152  611 2172 2607  466 1671 2473  612 2183 4080  1138 2926 2927  613 2063 2203  614 3419 3486  614 1347 2221  1195 1994 2575  768 3783 4066  203 2127 2906  1131 2158 4264  617 2193 4221  786 2193 2215  619 1465 2633  51 2284 2425  412 1464 2968  619 1236 2104  150 1858 2705  365 1313 2504  260 2285 4149  1220 2286 2899  431 2727 3320  622 2129 2796  984 2121 2245  79 1558 3732  1084 2279 3482  838 1818 2526  702 1904 2661  625 2266 3814  147 3109 3543  2482 3109 3556  131 2321 3781  1129 3781 4234  629 1379 2118  816 2353 3054  129 2329 3393  629 1656 2330  63 1910 2166  233 1455 2290  961 3599 3600  631 1900 3002  1679 3278 3489  477 1846 3264  633 2322 3512  1118 3511 3512  1224 2662 3546  1224 2662 4272  606 2037 3809  636 1231 2359  636 2360 2361  1218 1537 2396  720 1941 2480  494 1532 1533  392 1318 1319  638 2409 2743  1490 3322 3329  208 1490 3329  1198 1515 2802  640 2144 2226  761 1847 2688  914 1287 3199  116 2136 2812  760 1473 2146  1191 2216 2885  501 1831 3200  857 2370 2817  419 2715 3311  645 1310 2348  74 1260 1536  151 1944 3687  1210 2389 2390  1310 2498 2501  653 2376 3448  198 2083 2376  648 1253 2075  176 2045 2797  387 2018 3830  731 2517 2518  1106 2355 3045  852 1673 3404  98 1524 4004  71 1747 1840  653 2448 2449  1070 4020 4021  1870 3090 3837  655 2165 2745  984 1424 2121  968 1918 3548  406 1274 2972  657 2131 3032  165 1403 1823  64 1269 4302  409 1335 2693  659 1597 2069  320 1427 1725  1236 2434 3417  68 1459 1802  661 2470 2503  662 2496 4082  466 2313 4040  370 1291 2740  1212 1663 3849  679 1461 3849  363 1293 2754  205 1865 2155  336 1674 2858  666 1674 2604  559 1395 2318  276 2036 2590  1 1778 2514  937 2515 3083  580 1773 2717  671 1919 4314  2303 3445 4198  1505 2946 3852  615 2126 2591  1195 2766 2767  318 1210 2390  318 2520 4111  364 1293 2756  1294 2267 2325  690 1331 2326  676 1345 2562  131 1555 1993  678 1993 2222  1156 2437 4033  131 3186 3781  785 1212 2807  1212 2408 2807  995 1877 3593  1323 1877 2885  396 1364 4175  1135 2404 4230  180 2465 3028  1393 2465 3028  201 2240 2295  607 1935 2048  900 2454 2485  685 2024 3466  685 2024 2367  169 1664 3130  464 2499 3219  630 1455 2290  1102 2147 3802  1138 2512 2605  613 2094 2926  4 1689 2446  689 1689 2446  404 1503 2548  690 1870 3837  284 1249 3262  2447 3261 3503  917 2567 3149  917 2057 4136  632 1565 2497  343 2497 2768  967 2584 2585  87 1250 1462  695 1739 2263  264 2603 3007  696 1266 2600  217 1538 2312  697 2298 2858  278 1640 2039  1994 2575 4227  699 2368 2543  861 1885 2666  2115 2551 3315  1219 2223 3412  898 1635 3137  1315 1639 2589  449 1643 2588  1904 2661 2841  1418 2860 3299  652 1418 2082  837 2416 2417  54 1451 2794  705 2582 2840  404 1556 3112  1351 2414 3034  839 1351 3034  276 2234 2590  276 1209 2444  708 2490 3894  412 1463 2968  390 2752 3620  390 1378 3196  873 1697 2751  930 2253 2254  229 1487 2254  1132 4166 4177  762 1387 2741  574 1387 1633  63 1625 2795  1649 2626 2824  81 2281 2720  1230 2719 2720  1172 2744 3641  716 2663 2664  183 2663 3711  1195 1994 2766  376 1345 2562  1346 2753 3363  719 1665 3653  719 2097 3110  720 2097 2480  637 1941 2676  1133 4201 4202  222 1435 2772  65 1980 2597  65 2411 4213  112 2678 3583  251 1882 3806  1399 2686 3741  125 1658 2686  837 2417 2629  837 2415 2416  1139 3190 3525  269 3798 4020  401 1484 2820  871 2303 4198  522 1582 3011  728 1582 2513  1853 3551 4254  729 1370 2779  1873 2282 3371  2426 2738 3679  1714 2463 4305  1106 2517 2518  732 2707 3719  1105 2381 3719  218 3070 3715  913 1979 2425  450 1314 2124  122 1344 1618  508 1796 2937  1158 1796 2130  383 2510 2789  205 1607 3255  408 1512 1675  408 1512 4074  493 3221 4236  493 2634 4236  923 2973 3515  740 2443 3519  152 1890 2985  741 1645 2356  1181 1645 2356  608 2016 3554  742 2395 2440  42 2618 3198  743 2619 3475  323 2814 3511  2505 3042 4199  1268 2759 3059  1268 3059 3428  958 3553 4062  319 2365 3642  747 2400 3166  1432 3374 4069  1432 2714 3374  827 1647 2003  1390 3124 3150  1390 2556 3640  802 2262 2960  752 1520 2914  2871 2934 3257  753 2843 3182  1152 2774 2842  489 1502 2615  795 1845 1924  41 1542 2815  755 2815 2893  756 2889 3721  1226 2213 4282  1126 3285 3596  1126 2897 3596  1293 2754 2756  760 1473 2865  343 1768 4202  641 3021 3199  914 1847 3198  468 1440 1718  256 1717 3544  921 2149 2271  332 2441 2920  764 2149 2271  921 3471 3474  621 2286 2899  775 2679 2952  249 2087 3043  1079 2239 3043  424 1573 2142  953 1574 2564  509 1634 1733  509 1732 1940  154 1676 1911  233 1567 4248  560 1724 1812  770 1812 2700  996 2181 3664  1168 2181 3664  416 1926 3648  772 1550 2949  382 1223 2140  89 2869 3149  108 2505 2813  774 2947 2948  1407 2679 2952  1274 1806 2559  244 1605 1987  777 1451 1605  777 1643 1644  777 1451 2794  469 1653 3507  779 1934 3688  779 1934 2905  267 3471 3888  781 2201 2554  1373 2441 4042  1373 2920 2958  782 1630 3295  782 1739 3295  524 1859 3634  783 1857 1957  338 2511 2881  1114 2524 2525  785 1683 2994  1527 3134 3212  190 2215 4221  278 2193 4060  787 2451 2932  314 2451 2932  423 2692 3766  1456 3765 3766  788 1837 2781  789 2137 2644  597 2153 2669  790 1978 2099  428 1624 2963  791 2800 4327  710 2253 2254  1672 3064 3630  229 1659 4151  592 2155 3025  406 1274 1709  415 2949 3027  795 1924 3026  1128 2998 3628  796 2227 3022  1746 2822 3656  797 1746 2822  555 1780 2023  888 2895 3546  1597 2069 3847  1422 1922 2570  1140 2568 2569  441 1570 1625  801 1507 3086  802 1649 3213  802 2262 3085  150 1858 3145  150 2705 4317  451 1506 1667  1456 2469 3765  1506 1667 2502  805 2091 2379  283 2979 3041  805 1669 2091  807 1424 2121  984 1424 3355  1294 2325 2995  232 2793 3722  1237 2161 3695  1629 2580 3889  810 1429 1563  454 1300 2187  1429 2981 4064  494 1532 2072  812 3072 3073  385 1352 2331  142 2890 4278  385 1353 3170  240 3123 3127  452 1682 3306  815 1852 2992  628 2353 3054  816 1596 3102  1104 4091 4092  1967 3684 4092  395 3062 4144  395 1938 2542  822 1203 1985  723 2783 3635  578 1494 2374  578 2120 4218  1230 2281 2572  521 1901 4115  258 1894 3012  823 3000 3001  327 2223 3412  1219 1912 3412  824 2061 2150  1026 1992 2930  1992 2210 2930  457 1516 3148  600 1320 2656  457 1516 2884  827 2003 2624  575 1914 2877  113 2684 3414  999 2565 3321  811 2513 4064  32 3586 3791  425 1467 1619  1141 2916 4231  928 1745 1956  391 3160 4069  783 1480 1957  833 1480 1957  1573 2142 3824  1269 2804 3107  1269 3106 3107  1136 1704 2250  836 2015 2740  837 2629 4265  837 2415 4098  511 1863 2583  1853 3582 4254  839 1351 2461  947 1699 3422  156 2422 2553  842 1767 3049  841 2864 3192  481 1779 1795  707 1795 2234  844 2444 4243  623 2228 2681  1989 2202 2293  139 2690 2886  846 1627 3117  847 1934 2375  243 1934 3737  848 1527 1609  848 1652 3210  849 3229 3683  849 3228 3230  850 1389 2876  1148 3115 3607  1444 3220 3222  1444 2969 3103  648 1814 3158  649 1673 3404  853 2423 2642  859 1943 3822  854 1943 3822  358 2330 3518  966 1656 2701  856 2454 3252  427 2373 3252  246 1453 2053  644 2370 2371  858 2401 3152  1007 1734 3204  859 1748 3822  969 1327 2977  277 1327 1855  1213 2368 2543  105 1872 3061  862 2163 2165  1213 2543 4247  793 1382 2421  864 1382 2421  865 1202 3074  912 2104 3416  1366 3661 4025  867 2654 4063  867 2361 2654  868 2360 2361  867 2361 2362  93 3307 4161  869 2785 3308  40 3039 3267  870 1775 3268  871 2235 3852  683 2048 2049  1869 3373 3617  872 1311 3373  372 1515 3784  1811 2383 3484  1312 2730 4142  121 1367 1591  568 1459 2516  1459 2516 3343  263 1923 1986  876 2224 3359  467 1604 2398  557 1932 2086  1356 1915 3296  537 1972 3790  961 2377 4328  1011 2971 3838  881 1865 2861  881 2559 2972  478 1764 3540  478 1632 3540  883 1820 1821  883 3291 3292  1773 2717 3893  520 1889 1890  289 3065 3066  1974 3128 3435  886 1439 2862  355 2216 2459  948 2873 3187  888 1631 2987  382 4088 4110  889 3242 3243  889 2619 3796  890 1829 3562  890 2860 3299  569 2077 2392  2374 3564 3639  1002 1416 3141  353 2763 3141  894 2941 2943  1535 2941 4159  351 2942 3093  1229 1892 4204  897 2460 3041  897 3041 4186  701 1635 3147  898 1635 3136  647 2436 2438  1959 2485 3301  900 1959 2485  535 1288 2116  507 1592 2967  1266 2946 2948  904 1846 3264  596 1377 2991  1377 2872 3504  905 2603 3360  905 2136 3360  264 2600 2601  1193 2893 3097  478 1810 3743  255 1764 3398  517 2551 3315  139 2071 4258  908 2218 4059  130 2404 3569  474 3777 4174  1150 4307 4309  910 1878 2746  433 2935 4217  1011 2989 4298  865 2643 3075  359 2225 3074  618 2284 3179  913 3071 4295  1800 2468 3461  1142 2618 3853  1378 3101 3196  1378 2509 3101  1432 2714 3162  916 1698 3280  1362 1631 4110  1189 2567 3149  554 2021 4122  554 2021 3520  919 3059 3428  1131 2158 2599  287 2125 2599  616 2158 4264  1508 3473 3474  267 2555 3364  133 1507 3086  1197 3471 3888  1033 2133 3988  923 2973 3517  485 1777 3151  924 3151 3305  925 2098 3685  562 1209 2079  1069 1721 1803  350 1258 1896  351 1897 2942  1072 1257 1897  928 3534 3535  140 1495 2052  51 2189 3718  929 2189 3718  120 2383 3484  930 1811 3493  931 2405 2407  931 2407 2965  640 1811 2383  640 1811 2144  933 2058 2059  933 3261 4108  1909 3713 3860  180 2465 2500  533 1499 1930  862 2805 3728  352 1722 2925  172 3120 3912  670 2515 4037  327 2223 3573  328 1493 3729  780 1675 3385  939 1512 3590  209 1191 2346  440 1544 1546  147 2995 3436  423 1456 2576  261 2082 3245  573 2068 4153  413 1452 1538  944 1756 3214  482 1782 3063  1125 2202 4141  945 2228 2413  246 2299 4214  946 2299 4214  840 1380 1699  840 2553 2996  1190 1680 3187  275 1978 2099  538 1963 1965  279 1963 3293  950 3630 3631  1672 4166 4177  413 3339 3403  217 2522 2998  85 2982 3408  952 1909 3650  953 1574 3361  1254 3072 3073  15 1254 1590  810 1878 2746  74 1260 4233  1260 2076 2917  467 1604 3312  957 1637 3549  38 1586 2123  50 1975 4035  960 3128 3435  1317 1334 2452  539 1334 2452  962 1417 2256  892 2925 4126  61 2115 3694  963 1425 2533  964 3500 3598  964 2219 2220  1660 3096 3325  599 1895 2332  966 1656 3518  967 3351 3523  1123 3165 3351  655 1918 3119  197 1918 3548  1710 4089 4297  539 1966 3886  539 1334 2269  1724 1812 2700  170 1449 3693  67 2712 2983  972 2249 3483  973 1259 2272  895 2940 2942  513 1841 3587  974 1933 3720  201 1935 2048  1297 2560 3703  976 3705 4118  977 1904 3723  1644 2793 3722  978 1612 3016  114 1303 1612  471 3665 4056  465 1665 3653  390 1448 3620  1869 3621 3622  981 1552 2594  1185 2369 2594  630 1455 2166  630 2166 2167  106 2469 3765  983 3765 3766  623 2228 2394  248 2121 2245  1114 2089 4194  743 2619 4194  326 2619 3796  986 3342 3782  987 1972 3790  987 2031 3789  882 3398 3540  988 1763 3773  94 1903 3738  94 1903 2568  502 1824 1826  990 3771 3774  828 2175 2684  328 2809 3729  992 2464 3672  648 3672 4139  456 1534 2713  1655 3793 3795  994 1858 3708  231 1859 3058  1054 4000 4001  995 1877 3594  560 1449 2274  336 2274 3366  2244 3745 4222  203 2127 2244  616 2158 2243  1158 3017 3671  1519 2054 3321  25 2871 3257  1000 1838 3808  239 2405 2535  1001 3384 3440  30 3384 3908  1002 2238 3068  354 1693 3140  1068 4034 4315  1004 1265 2238  1005 3249 3469  158 3704 4096  732 2707 2708  112 1883 2709  370 3152 3204  1007 2514 3203  1008 2329 3368  1656 2330 3518  1036 3937 4087  157 1632 3400  635 2385 2386  216 1231 2384  1929 2971 3838  1011 2971 4298  1012 1227 2131  1227 2131 2264  1182 1864 3334  1826 3770 3774  1014 3743 3744  538 1963 3885  1966 3884 3886  1215 2327 4196  1016 3097 3560  1017 2021 4122  1017 3444 3892  290 3891 3900  94 1998 3738  547 3901 4048  1019 2000 3895  1870 3090 3829  322 3090 3837  1021 3112 3733  322 3090 3091  1522 3415 3550  1720 3076 3111  1023 1720 3076  293 1276 4026  102 2755 3298  2933 2934 3362  825 1992 2210  210 2851 4015  1496 3584 4010  1028 1959 3301  96 2579 4032  1029 3377 3434  97 2437 4033  610 2110 3576  78 1460 1521  559 1848 2010  77 2184 3874  1032 1931 2086  879 1932 2086  556 2305 4145  1540 2133 2689  2044 3057 4049  547 3856 3868  546 2025 4087  1037 1996 3942  562 1412 2297  76 1773 1774  1040 2090 2530  540 1975 3949  1969 3789 3905  299 3951 4135  968 1861 3531  529 2098 2462  521 1439 2429  1047 2194 2788  1158 2130 3671  168 1657 2209  1050 1977 2936  293 1276 2156  1051 1440 1718  1588 3239 4239  751 1509 2801  1508 3420 4008  1545 3780 4001  1056 1706 3982  1710 3253 3254  1057 1710 3253  1059 1960 3955  1476 2211 3691  393 1415 1730  387 3488 3641  32 2233 2677  369 2164 3437  43 1263 1833  1067 1799 1801  936 1801 2852  354 3840 3841  1003 1693 3140  1069 1721 3909  421 1386 4021  1071 1722 2030  927 1897 2942  1073 1258 1896  926 2764 3526  558 1182 2013  590 1175 2174  47 3925 4216  1076 1586 2956  307 1402 2622  1954 2262 2960  99 2959 3084  1159 2087 2712  2087 2239 3043  497 1769 3536  323 3174 3304  27 2044 4049  1081 2035 4048  512 1849 1850  1082 1849 3305  1083 1848 2010  1083 2010 3872  740 2185 4085  315 2279 2443  439 2992 3610  1085 2393 3496  139 2071 2690  846 2338 3082  329 3118 3433  1087 4077 4078  1557 3447 4138  132 3668 3788  106 2469 3898  1089 1758 3530  471 1342 2787  145 1342 3577  1337 1850 2641  1091 1851 3844  747 2190 3166  1255 2967 3532  227 2550 2736  1094 1426 4075  416 2929 4210  416 2929 3646  1096 3752 4046  838 2583 3551  80 2971 4298  1097 2012 2623  1303 4101 4104  1098 4100 4101  1099 1354 3495  1099 2644 2781  1477 2313 3529  399 1475 3529  405 3035 3678  1101 2426 3679  630 2167 2232  1102 3238 3825  377 2787 3006  211 1234 3697  651 2355 3045  146 1176 1866  344 1884 3647  1105 1883 2709  651 2354 2735  500 1829 3562  182 2197 2544  1108 1767 3652  1767 3049 3652  589 2179 2180  1109 1761 4182  589 2180 4183  341 3049 3811  1111 1753 4179  207 1753 2095  722 1815 4173  1112 2388 3613  2062 2833 4086  1114 2089 3358  148 3358 4121  1719 2616 3183  1115 2441 4042  1116 2813 3174  1118 2814 3511  1117 3142 4147  1117 2670 3142  744 2814 3048  1118 2814 3048  579 2005 2051  1119 2005 3460  658 1800 2468  165 1403 3761  342 1552 3542  2907 2954 3785  654 2014 2145  1122 2014 2606  967 1715 3523  407 3131 3165  220 2759 2761  608 2017 3554  1125 1989 2202  623 2202 2293  1126 2426 2738  1126 2426 2897  492 1403 1823  207 1807 3036  1128 2277 3241  697 1674 2277  1129 2863 4235  461 1292 1701  1130 3755 4257  328 1493 1688  1131 2125 2599  1131 2127 4263  1756 2722 3035  1132 2722 3214  1133 1329 2117  1133 2117 4200  804 2696 3619  804 2696 3288  130 3081 3569  1135 2404 3569  2401 2674 3152  1251 2401 2674  612 1514 2183  1137 2203 4158  688 2512 2605  688 1384 2512  421 2014 2606  1140 1903 2568  1140 1903 4284  402 3208 4231  986 1832 2007  1142 2176 3854  338 2524 2525  518 1883 1884  251 2598 2811  468 1718 2856  1719 2616 4251  513 3587 4286  1145 3462 4287  734 1383 1836  1383 1836 3092  589 2102 2178  1147 3374 4069  850 1307 2875  330 2876 3561  769 2334 3223  154 1911 2107  61 3694 4309  1737 4307 4309  1423 3595 3801  1153 4171 4224  1152 3336 3655  62 2269 3651  1167 2486 3570  175 1336 2721  351 1257 1332  2097 2577 3110  1155 1855 3878  647 2436 2437  373 1281 2436  1157 2511 2881  658 1339 2511  1158 1796 2937  508 1732 2728  1159 1560 2983  1159 1560 4168  155 1601 3757  1160 1647 4116  1161 2643 4192  2643 3075 4192  544 1511 2074  544 1511 2252  1163 1794 2173  1163 2307 4215  1278 1886 4143  1164 2258 4318  840 2422 2997  378 2248 2996  544 1166 1990  544 1166 2074  453 1481 2249  1167 3570 3857  697 1674 2858  1168 2298 2902  662 2496 2786  1169 1671 4076  662 1359 2786  331 1170 2496  1741 3574 4144  1741 3113 3574  1172 2476 2621  387 1400 1905  1470 2294 3739  164 2556 3844  638 1318 1319  545 1996 3942  160 1994 4227  1176 1866 2349  556 1176 3609  651 1866 2349  1177 2354 3478  1178 1472 2848  138 1178 1472  129 3369 3407  1183 2324 4210  899 2645 3383  426 1180 2645  173 3282 3883  1181 2356 3550  303 2194 2788  2324 2929 4210  1183 3131 3407  65 2388 3575  1184 1899 2597  1185 1552 2594  1185 1552 3542  1121 1736 4123  1186 1736 4123  1092 2552 3734  1791 2552 3734  1188 1676 1911  713 1188 2832  1189 1362 4195  382 1223 2870  355 2216 3317  355 1190 1680  1191 2216 2459  588 2100 2847  1192 2863 4235  281 2545 2863  1193 3097 3560  314 2893 3097  398 1324 3527  398 3527 3717  1195 3390 3632  1195 2575 3390  656 2342 2344  197 1918 3008  921 3473 3474  1197 3471 3474  1198 4119 4120  372 2009 4208  1199 2755 3298  673 1200 1640  84 2758 4061  996 2903 3664  110 2362 2617  876 2931 3359  1202 2225 3074  1203 2732 3635  2732 2783 3635  885 1889 1890  1230 2281 2720  84 2126 4067  1205 2230 2748  711 1881 3524  531 3617 3622  646 1207 2391  151 1928 2389  339 1207 2391  1208 3052 4243  1209 2444 3742  339 2079 3742  318 1210 2427  528 1210 2427  931 2154 2965  1211 2154 2965  1461 1663 3849  202 2408 2540  699 1805 2142  1213 2666 4246  314 3097 3098  787 2136 2451  1214 3098 4196  535 1215 3881  1216 2388 3613  340 2296 3613  92 1217 1946  457 1217 1946  2706 3418 4197  1218 2188 4129  603 2224 3359  263 1912 2931  1220 2286 3674  1411 2665 3376  1221 2083 2376  1221 2083 4277  1193 1542 2815  41 1222 1542  1223 2528 4269  1431 2528 2868  66 3584 4010  694 2630 2631  694 2306 2849  756 1435 2889  1226 3507 4281  684 2578 2579  394 1333 2578  1228 2730 4142  874 3350 3863  896 1535 4204  519 2973 3323  316 1230 3100  1230 2572 3100  1231 2359 2765  1232 2765 3022  635 2386 2765  83 1232 2386  574 1387 2734  574 2544 3431  738 1234 2380  1234 2066 2380  85 1666 1908  465 1235 1666  1236 1343 3690  619 2168 2633  332 2201 2891  605 2616 4206  1411 2665 3217  1394 2663 3711  392 1318 2073  1174 3332 3333  835 1240 2009  64 1269 3106  1241 2587 3350  1241 1523 2587  1258 1891 3323  746 2760 2761  371 2150 2760  1528 2537 4193  572 1528 4240  488 1245 2964  1245 1598 2964  348 1246 2028  830 1947 3457  1221 2376 3448  348 1248 2448  1248 2448 2449  71 1248 2449  284 1249 2335  52 1537 2134  1250 1462 1731  1123 3352 3369  758 2784 3424  428 2401 2784  889 3244 3796  1252 2458 3318  198 1253 2403  1253 1526 2445  15 1925 3450  1255 2519 3882  1255 2519 2521  622 1256 2531  81 1256 2531  354 3706 3840  1265 3839 3842  1242 2973 3323  350 1258 1891  1259 3093 3195  351 1332 3195  1310 1536 2348  682 1310 1536  1486 1692 3121  401 1486 3175  397 2516 3343  1262 1638 3178  968 1263 3470  549 2455 3454  448 2831 3567  1265 3706 3840  1257 1332 3839  226 2946 3852  226 2049 2108  749 2769 3378  238 1267 2769  1268 2395 2440  1268 2440 2759  1269 2804 3077  550 3218 4302  600 1937 2694  797 1746 3380  985 2089 3358  402 2232 3232  505 1661 4073  137 1272 1661  385 1330 2214  1330 2999 4279  126 1363 2859  1709 2859 3835  537 1275 2291  252 1275 2291  363 1276 2157  1276 2156 2157  689 1361 2596  4 5 2446  333 1886 4320  1278 1886 3018  532 1279 2749  1280 2197 2544  762 1717 3544  1281 2436 2438  1281 2347 2501  965 1993 2222  373 2436 4242  1433 2122 3408  1103 1433 2122  892 2256 2924  1284 2350 3604  82 1635 3136  436 2561 4323  1593 2612 2882  1286 1593 2612  231 1468 3021  1480 1583 2195  1288 2792 3476  204 2116 2792  245 1854 3753  806 1854 3753  934 2029 3860  527 2029 3860  234 1291 2015  1291 2015 2740  461 1292 2818  582 1292 1701  363 1293 1500  1500 2571 3426  1294 2482 2484  364 1294 2484  609 1295 2339  177 2261 2476  1140 2569 3603  503 1903 4284  672 2240 2723  1297 2723 4163  418 2945 4117  1298 2259 2505  256 1280 2611  256 1299 2611  940 3538 3539  940 1757 2638  665 2510 2571  363 1500 2750  674 2519 2521  318 2427 4111  1303 1612 2400  747 2365 2400  891 2374 3639  174 3564 3639  1305 1898 4310  633 1305 2322  575 2071 2726  368 1307 1914  1308 2338 2341  1568 2782 3645  1308 2341 2782  1470 2294 4057  1173 1470 4057  645 1310 2501  259 2498 2501  872 2573 3372  58 2680 3373  1312 2573 3372  1312 2573 4142  525 1772 2418  365 1313 2418  1614 2412 3337  450 1314 1614  704 2310 3605  206 1315 2310  981 2594 2614  162 2594 2614  282 1317 2450  510 1317 2450  1318 2073 3237  1239 3046 3237  463 2950 3322  1173 3332 3333  493 1320 1843  92 1320 1843  1005 3387 3469  1321 3283 3615  1322 2731 3307  472 2718 2731  10 1576 4274  1324 1501 3527  514 1845 4303  816 2439 3102  1325 3527 3717  460 1326 3615  1326 3283 3615  467 1327 2207  957 1637 2207  869 2731 3307  869 2731 2785  222 2637 2685  721 2636 2637  385 1330 2331  1352 2331 3127  122 1331 2326  676 1331 2547  1332 3840 3841  1332 3839 3840  684 2485 3155  260 2454 2485  510 1317 1334  510 1711 4155  409 1335 2357  1457 2205 4290  422 2249 3138  422 3138 3595  1850 2641 3331  56 1337 1850  503 1338 2890  1338 2890 4278  1339 2176 3854  338 1339 3854  1340 2707 2708  374 1340 2708  437 1397 3658  145 1729 3577  2595 3665 4056  619 1236 1343  320 2702 3690  450 1618 2980  376 1614 2412  718 2753 3363  718 2752 2975  718 1949 2752  376 1346 2753  611 1347 2545  281 1347 2545  572 1689 2251  1350 2080 4083  779 1651 3146  88 1651 4137  572 1528 1819  202 1690 2970  706 1351 2414  486 1351 2529  814 3123 3425  814 3122 3170  1232 2386 2765  385 1353 2385  117 1354 2137  581 2304 2643  5 1277 1355  5 6 1355  529 1356 2462  151 1356 2462  582 2092 2093  386 1357 2092  1358 2063 2203  185 1358 2203  594 2199 2200  386 1359 2198  219 1340 2707  219 1510 1554  664 2405 2407  1212 2408 2540  918 1362 1631  271 1922 3521  126 1363 2901  1274 1709 3835  534 1593 2882  396 3243 3244  523 1365 1476  18 4329 4332  866 2061 3661  1366 2760 2762  525 1591 3354  1367 1591 3855  643 2346 3200  411 1369 1611  501 1611 1757  1611 1757 2874  511 1370 2466  1370 2466 2779  0 1371 3926  757 2333 2866  55 1372 2866  597 1978 4287  597 1373 2278  701 1639 2657  383 1374 2660  702 1419 2659  123 1375 2661  2 1376 3986  182 2197 2872  596 1280 2197  709 1378 2507  1378 1448 2507  628 1379 2351  187 2352 4207  510 1711 2041  159 2041 3394  1381 2473 2888  466 1670 2888  793 1659 3040  793 1382 1659  335 1383 3092  733 1856 2424  1139 3525 3798  349 2512 3190  654 1921 2398  1386 3525 3798  1384 3190 3525  712 1387 3226  636 2361 2362  337 2359 2765  828 2684 3414  828 1389 1827  750 1753 3150  729 1752 3124  1290 1391 2231  464 1391 2231  1293 1500 3426  625 2268 3814  1180 2465 3657  1393 2465 3657  1394 2663 2664  1394 2078 3067  1395 2878 3867  195 1396 1738  514 1501 1738  437 1341 1397  127 1789 3079  754 2615 3456  437 1341 2855  1001 1613 2106  1399 2106 3804  650 2797 4081  1400 1905 3432  1401 3791 3830  1065 1402 2018  1402 2744 3641  1402 2622 2744  431 1844 2879  431 1403 1844  784 2879 4316  148 1404 2880  1256 1405 2727  81 1256 1405  765 1406 2608  384 1406 2608  1407 1961 4043  1961 2790 4043  1152 2774 3336  1408 4155 4156  52 2134 3353  52 1409 1750  820 2120 2265  214 1410 2120  73 1170 1411  716 2665 3217  193 1412 2297  393 1414 2229  35 3505 4249  1415 1730 3302  1155 3302 3878  893 1416 2742  893 2273 2742  895 2272 2944  352 2828 2940  98 1524 2777  701 2660 2867  206 1639 2657  1585 2043 3452  1420 2986 3172  57 1421 1834  554 1422 2695  94 1422 2695  367 1765 4171  1167 3138 3595  197 1861 2838  1196 2342 2344  963 1804 2533  660 2434 4308  133 1507 2192  737 2288 3031  474 1725 2771  681 1427 2771  533 1930 3597  533 1428 2340  1429 2653 4064  454 1429 2653  571 1871 2337  1430 2460 3041  589 2178 4068  178 1431 2180  1432 3160 3162  221 2714 3162  1433 2982 3643  1103 1433 3698  594 1434 2492  1359 2198 2492  1435 2636 2637  222 1435 2637  1436 2850 2851  420 1436 2850  1267 2065 3104  211 1234 2066  1056 1706 3846  50 1439 2682  521 1439 2682  605 1237 2161  605 2616 3183  534 1441 2854  1441 3244 3796  145 1442 3234  400 3103 3222  561 1628 1939  1628 1939 3294  851 3220 3222  228 1444 3220  776 2691 3248  423 1456 3766  1171 1446 1888  292 1446 1888  1447 1685 3168  1685 3168 3197  980 1448 3620  980 1448 1867  170 1449 2382  560 1449 2382  924 1887 2710  1887 2292 2710  54 1451 1694  586 1451 1694  413 1452 2581  1059 1960 2581  857 1453 2371  857 2715 3311  855 1898 1906  419 1454 1907  536 1910 2832  769 2128 4248  941 2576 3701  423 2576 3701  854 1547 3176  1707 3177 3370  1060 1707 3370  568 2026 2534  568 1459 1802  610 1797 2697  429 1541 2246  848 1527 3212  455 1461 3211  1462 2630 2631  403 1462 2631  913 1979 4295  412 1463 3071  1464 2168 2633  107 1464 2168  913 2425 3179  619 1465 4167  982 1466 3207  425 2088 2916  1467 2550 2736  831 2026 2736  525 1468 3354  1591 3354 3855  566 1469 2046  95 2047 2387  1470 2402 2950  463 1470 2950  559 1471 2318  274 1471 2318  695 2584 2585  138 1472 2586  343 1473 2865  599 1895 2135  1290 4132 4133  169 1664 2557  1475 2313 3529  16 1476 3406  1477 3067 4041  1477 2078 3067  694 1478 2306  87 1462 2630  563 1479 2648  268 1479 2648  761 1583 2195  783 1480 1583  1165 1862 2826  975 1862 2908  279 1599 1687  459 1482 1599  639 1483 1515  639 3322 3329  174 1484 3707  401 1484 1902  869 3307 4161  93 1322 3307  1261 3121 4285  254 1486 1692  380 1811 3493  792 1775 3039  207 1488 2095  515 1488 2095  463 1470 3739  463 1489 1942  2402 2776 2950  1319 2402 2776  438 1491 3330  907 2886 2887  93 1492 2939  683 1492 3601  700 2115 2551  700 1493 1688  578 2374 3458  1495 2052 4218  140 1495 3142  1495 2670 3142  1224 3584 4272  1496 3584 4272  1497 3173 3696  722 1980 3696  767 2911 2912  144 1498 2911  862 1428 2317  533 1428 1499  665 1500 2571  123 2571 3426  1501 1738 3850  195 1738 3850  1502 2615 2919  59 1502 2919  676 2536 2548  196 1503 2536  788 1504 2650  334 2835 3495  774 2945 2946  418 1505 2945  1506 2696 3619  245 1506 2696  442 1507 2990  1507 2192 2990  442 1509 3420  313 1509 4006  1554 2532 3439  219 1554 2532  160 1162 2252  160 1511 2252  1094 3411 4074  1094 2503 3411  1513 2288 3031  737 1426 3031  36 2846 3758  612 1514 2846  639 1515 3275  639 1489 2428  1516 2837 3148  155 1516 2837  1517 3050 3156  565 1517 3156  406 1518 2806  829 2054 3750  476 2054 3750  570 1456 2576  752 1520 3836  312 2110 3930  1522 2289 3415  1055 1740 2289  120 2729 4119  873 2587 2729  652 1418 2777  652 1524 2777  433 2935 3476  433 1525 2056  998 2152 2445  288 2242 3746  815 2992 3134  1527 2992 3134  1348 1819 4291  1528 1819 4291  480 1926 3649  480 1529 1926  1530 3579 4113  1222 1542 3579  1016 1531 3623  447 1193 3560  471 1342 1532  145 1342 1532  1533 3636 3637  215 2595 3636  170 1443 1534  456 1443 1534  894 2742 2943  1260 1536 3219  1536 2499 3219  583 2134 2276  410 1537 2276  951 1538 3340  1539 3339 3403  951 2345 3339  1539 2345 3339  556 1540 3609  347 1540 3609  845 2293 3194  429 1704 3193  1542 3579 4113  447 1193 1542  778 2489 2904  1551 2683 2904  1544 1546 3591  1544 4001 4002  1300 2208 3780  1545 2208 3780  209 1546 3538  209 1831 3538  262 1547 2652  593 1547 2652  795 1595 3027  90 1845 3510  1095 2420 3646  1549 2420 3646  772 2324 2929  415 1550 2949  1543 2489 2904  470 1551 2683  1552 2907 2954  342 1552 2907  1213 2666 4247  369 2163 2164  523 1365 1554  731 2532 3439  965 3096 3325  965 3325 4276  690 1556 2675  404 1556 2675  1627 3117 4138  1627 3447 4138  705 1558 3013  79 2228 2413  341 2102 3236  541 1559 3060  1297 2737 4163  1560 2737 4163  773 2528 2868  1189 2869 3149  601 1562 3702  422 3442 3702  1563 2580 3889  252 1275 3002  252 1900 3002  186 2323 2635  632 1846 1968  1288 1708 2935  1566 1708 2935  233 1455 1567  536 1455 1567  1308 1576 4274  1307 2341 3645  418 1505 2303  1304 1569 2976  265 1570 3087  1570 2955 3087  384 1238 1572  183 1238 1571  436 1571 2836  436 1572 2836  953 2934 3362  424 2912 3361  767 1758 2913  1574 2912 3361  736 1961 2790  736 1607 3255  10 1576 3003  602 1576 3003  434 1577 2563  1134 1695 2563  806 1289 2189  434 1695 3089  723 2678 3635  258 2732 2783  459 1580 1601  459 1482 1601  15 1254 1925  14 2298 2902  811 1582 2513  728 1747 3828  761 1583 2688  231 1583 2688  1584 2043 3452  1585 3861 3862  608 2017 4188  608 1586 2123  458 4116 4239  297 1588 4038  941 1589 1749  476 1519 2054  954 1590 2676  954 1941 2676  121 1228 1591  525 1228 1591  901 1623 3465  1255 1592 3882  1593 3342 3782  534 1593 3342  1594 2101 2113  598 1594 2113  772 1595 3029  225 1595 3029  816 2299 3054  460 1596 3102  659 1458 1597  69 1458 1597  428 1598 2430  791 1624 2963  970 3494 3699  459 1600 3494  970 2269 3651  1334 4155 4156  155 1601 1713  155 1516 1713  830 2308 3457  253 1517 3050  356 1603 3083  1603 2515 3083  171 1604 3313  1604 3312 3313  1451 1605 1987  244 1605 2823  770 2617 4065  249 1724 2700  665 1607 2988  205 1607 2988  849 3228 3229  439 1608 3228  1608 3228 3229  243 1609 3230  1610 2831 3580  1610 2831 3567  411 1611 1917  501 1611 1917  1612 2365 3642  1612 2365 2400  1613 2350 3604  366 3440 3604  450 1614 2980  1344 1618 2980  218 2490 3715  734 1383 1766  2717 3614 3893  406 1617 2806  794 1865 2861  734 1836 3810  450 1615 2819  441 1626 2549  63 1466 1625  875 1620 3344  875 1620 2170  723 1621 3263  444 3250 3263  250 1480 2195  1135 1622 2336  1216 2411 2566  901 2411 2566  758 2897 3596  247 2426 2897  1466 1625 3467  441 1625 3467  133 1626 4288  133 2192 3421  329 1627 3787  846 1991 3118  996 3533 3693  561 1628 3533  1629 2208 3902  1629 3889 3989  469 1630 3030  782 1630 3030  888 2895 2987  163 2895 2987  1810 3743 3744  1014 1632 1997  256 1280 1633  574 1280 1633  509 1657 2209  717 1634 1733  701 1635 2867  82 1635 2867  310 1616 1636  671 1616 1636  654 2145 2398  181 1637 2145  130 1638 3080  587 1638 3080  701 1639 3147  374 1639 3147  698 2039 4225  673 2039 4225  633 1305 2639  633 1641 2639  702 1375 2661  206 1642 2658  704 2588 3429  54 2416 2417  449 1644 3723  449 1904 3723  741 1292 1645  1292 1645 2093  580 1646 3506  1646 3614 4314  825 2003 3381  458 2003 3381  1648 2206 4165  526 1648 2206  713 2626 2824  265 1649 2626  1650 2539 2541  455 1650 2541  1650 1651 4137  455 1650 1651  848 3211 3212  243 1652 3210  161 1653 4281  778 1653 2139  993 1654 3794  228 1444 1705  67 1655 3795  766 2087 2712  629 1656 3563  187 1656 3563  1048 2667 3922  508 1657 2667  1399 1658 2686  414 1399 1658  1382 1659 2494  229 2431 4151  1022 1660 3096  432 3550 4312  843 1662 3225  137 1779 3224  843 1795 2234  505 1662 3225  785 1212 1663  124 1682 2808  465 1235 2558  465 1664 2558  979 2105 3666  1533 2595 3636  979 2595 3665  465 1666 3666  767 1758 3015  451 2913 3530  1668 2905 3146  498 1668 2905  144 1669 3492  1669 2609 3492  1475 2313 3887  1477 2313 4040  1169 4040 4041  185 1671 4076  950 1873 3631  321 3064 3630  1201 2475 2604  666 2475 2604  1675 2613 3392  780 1675 2613  1078 3545 4165  154 1973 3129  902 1677 2947  477 1678 3235  902 1678 3235  264 2600 2962  632 1846 2042  186 1679 1968  1680 2873 3187  887 1680 2873  814 1838 3122  815 1681 3654  785 2808 2994  1682 2808 2994  452 1683 3808  452 3425 3808  730 2738 3679  504 1684 2739  705 2582 2957  196 1685 2957  730 1684 2739  1126 2738 3285  1599 1687 4237  462 3396 4237  1130 3005 3815  517 1688 3005  824 2251 3726  4 11 3726  1690 2080 4083  572 1690 2080  606 2037 3023  606 1691 2522  868 2360 3871  868 2361 2654  1003 3274 3300  725 2415 2416  725 1694 1986  434 1695 2563  1134 1695 4211  826 2064 3823  238 1696 3105  1206 1697 2751  120 2383 4119  419 1698 3281  748 2716 2817  947 2301 2798  378 1699 3422  1700 3186 3781  461 2825 4235  1192 2172 2825  2172 2825 4164  681 2404 4230  1427 1725 2771  638 1703 3327  638 1703 2743  429 1704 2250  845 1989 3423  228 1654 1705  993 1654 1705  426 1706 3846  899 3383 4273  409 3177 3370  854 3144 3177  535 1708 3881  149 1708 3881  406 1518 1709  657 1518 1709  1057 1710 3154  1855 2977 3878  388 1408 1711  1408 1711 4155  988 3770 3772  60 3341 3773  1580 1601 1713  479 1580 1713  1100 2078 3711  523 1476 3289  694 1715 2849  223 1715 2849  1465 1716 2186  412 1465 1716  1144 4251 4252  1144 4250 4321  241 1718 2857  1718 2856 2857  1719 4251 4252  468 1719 4252  949 1720 3396  462 1720 3396  1721 1803 3240  1721 3274 3300  936 1722 3120  936 1722 2925  580 1773 1774  543 1774 3078  971 2382 3231  249 2087 2646  1150 1725 3284  474 3777 4307  909 2115 3694  280 1726 3316  490 1223 1727  178 1431 4269  1320 1728 1937  228 1728 1937  1729 3221 4236  1090 2634 4236  393 1414 1730  445 4089 4297  358 2330 3368  358 1250 1731  203 2244 3745  203 1732 3745  203 1940 2906  224 2230 2748  357 1734 1792  1820 3246 3247  847 1934 3737  161 1653 2139  161 1736 2139  909 1737 3777  1737 3777 4307  1396 1738 3287  1738 1913 3287  695 2585 2586  223 1715 2584  427 1740 2289  900 2454 3252  818 2542 3115  818 2542 3062  375 2723 3508  1297 2240 2723  89 1561 2628  89 1743 2628  1769 3535 3536  496 1744 3534  832 3160 3162  496 1745 3161  175 1270 1746  600 1270 1746  573 1840 2399  522 2399 4112  48 1438 3379  48 1748 3379  1520 1749 2060  476 1520 1749  569 1750 2392  691 1750 2392  673 1751 2748  224 1751 2748  1096 2363 4047  111 1752 4046  1111 3036 4178  491 1753 4179  470 1754 1793  581 1354 1755  117 1354 1755  55 944 1756  1372 2333 2866  184 1300 2638  184 1757 2638  242 1574 3015  242 1758 3015  876 1759 2845  586 1987 2844  1107 3286 4154  500 1760 3286  1109 2102 3236  109 1761 4182  158 1762 3469  1762 3249 3469  906 1764 3479  1763 3341 3773  906 3480 3481  478 1764 3479  479 1765 3667  753 1765 3667  733 1383 1766  218 1463 1979  309 2651 3453  343 1768 2768  1565 2497 2768  928 3535 3536  140 1769 3535  1080 2488 3608  497 1770 2488  1080 2322 3512  53 1771 3335  150 1772 3145  994 1858 3145  580 1723 3078  580 1774 3078  1039 3612 4039  543 1774 3612  792 1487 1775  380 1487 1775  1351 1776 2461  486 1351 1776  1082 1849 3273  1082 1777 3151  1778 2514 3203  357 1778 3203  843 1795 3224  1779 1795 3224  1780 3444 3892  163 1780 3444  792 1781 3038  483 1784 3409  864 1782 3063  118 2421 3258  1783 3258 3410  483 1783 3410  792 3039 3409  40 1787 3267  1785 2910 3348  39 1785 3348  695 2263 2586  484 1786 2263  870 1787 3267  417 2743 3269  135 1239 3237  135 1788 2409  1341 1789 3079  489 1341 1789  564 1920 2435  564 1397 2435  487 1791 4072  1791 2552 4072  1734 1792 3153  115 1792 3153  134 1584 2478  134 1793 2478  590 2174 3727  707 2234 2590  707 1795 2799  1541 2246 2697  610 2246 2697  779 2905 3146  143 1820 3247  1799 3384 3440  366 1799 3440  346 2804 3107  346 1800 2491  1479 2032 2668  68 1802 2668  926 1896 3010  700 1493 2725  700 1804 2725  699 1805 2543  103 1805 2543  775 1806 2951  435 2790 4043  1127 3676 3677  492 1823 3676  880 2831 3580  282 2450 3395  797 1809 3380  479 1713 2883  478 1763 1810  988 1763 1810  3268 3328 4232  380 1811 2144  110 1812 4185  560 1812 4185  1489 1942 2574  515 1813 2574  189 1673 1814  1673 1814 3158  2085 2146 3095  642 1815 2006  214 2447 3503  820 2265 2546  943 1960 3402  1058 1817 3903  111 1818 2839  624 1818 2839  1350 2080 2625  389 1350 2625  847 3246 3247  499 1820 3246  1821 3480 3481  255 1821 3481  906 3341 3479  499 1821 3480  165 2467 3769  165 1823 2008  813 2331 3127  142 2999 4279  990 1826 3774  503 1825 3771  1826 3770 3772  502 1826 3772  1827 3755 4257  328 1827 3755  500 1760 3463  500 1828 2671  1107 2067 4154  1107 1829 2068  411 1368 1917  1368 1917 3730  1831 3538 3539  501 1831 3539  985 1832 3754  985 3232 3233  1044 2364 2749  1044 2749 3201  1092 1834 4045  57 1791 3734  438 1620 1835  1086 2886 2887  122 1836 3810  1146 2326 2337  244 1837 2823  244 1837 2781  814 1838 3425  1838 3425 3808  414 3441 3903  1001 1839 3441  573 2068 3449  573 1840 3449  974 3668 3720  948 3587 3588  81 1405 1842  714 2719 2720  738 2011 2634  92 2064 2953  1844 2879 4316  1157 2881 4316  795 1845 3510  514 1845 1924  1679 1968 3489  1846 1968 3489  761 1847 3318  42 1847 3318  559 1395 2878  512 1849 3088  1091 1851 3088  1849 1850 3273  56 1850 3273  512 3331 3332  164 2294 4057  815 1852 3654  240 1852 3654  1370 3582 4254  111 3551 4254  245 1506 2698  245 1854 2698  1155 2918 3879  1155 1855 2477  929 1289 2189  733 1979 2425  107 1464 2527  107 1857 2527  803 1958 2705  1858 1958 2705  994 1859 3709  524 1858 3708  764 2149 2778  807 1861 2838  532 1279 2821  1481 1862 2908  156 1481 1862  838 2583 3779  274 2583 3779  143 1864 2258  883 1864 3290  794 1865 3025  1865 2155 3025  1967 4091 4092  651 2355 3487  531 1206 1867  213 1206 1867  1523 2587 2729  531 1206 2751  980 3621 3622  58 1869 3621  1020 3090 3829  571 1870 3829  1871 2460 4114  1430 2460 4114  897 3061 4130  571 1871 2460  1101 1873 2282  950 1873 3371  1874 3291 3292  255 1874 3292  595 1510 1875  219 1510 1875  91 1373 2278  939 1675 3392  209 1877 3594  209 1191 1877  475 1878 3270  810 1878 3270  907 2887 3330  517 1880 3116  280 1880 3206  280 1491 3206  709 2509 3629  213 1448 2507  1143 3805 3806  518 3684 3805  112 1883 3583  1143 2678 3583  1104 3487 4093  518 3684 4092  272 1553 3827  272 1885 3827  498 1798 1886  1164 1798 1886  511 1863 1887  839 1863 1887  1033 2133 3345  289 1889 3749  1204 2129 3749  821 2985 3725  520 2281 2572  1229 1892 4205  350 2941 4159  1177 1893 3760  1892 2984 4336  1177 1893 2735  519 1893 3760  258 2415 4098  822 1203 2732  693 2135 4212  599 2135 4212  1073 1896 3913  23 3009 3914  927 1897 3009  530 1898 2397  1898 2397 4310  342 1899 4124  1186 4123 4124  576 1564 1900  631 2378 3600  1113 1901 4084  1113 1901 2442  569 1261 1902  401 1261 1902  989 1825 1903  503 1825 1903  702 1904 3163  1642 2658 3163  387 1905 3488  650 1905 3488  946 2352 4207  530 1906 3397  1453 1907 2053  419 1453 1907  1666 1908 4131  527 1908 4131  527 4131 4132  934 3713 3860  1455 2166 3762  1910 2166 3762  1911 2107 4187  1567 2107 4187  1219 1912 2931  823 1923 4238  514 1913 1924  1398 1913 1924  575 1914 2726  1306 2071 2726  529 1916 3498  1916 4226 4255  1830 1917 3730  501 1830 1917  1196 2342 3008  197 2342 3008  195 1396 1919  564 1396 1919  1790 1920 2435  356 1790 1920  654 2014 3712  654 1921 2471  271 1922 2570  918 1922 3521  263 1923 4238  725 1923 1986  1398 1924 4270  1924 3026 4270  1254 1925 3073  771 2903 3664  416 1926 2655  1179 1926 3648  808 1445 1927  423 1445 1927  1210 1928 2389  528 1210 1928  528 1929 3405  80 2971 3405  1930 2091 3597  283 1930 2091  1915 1931 3296  557 1931 3296  878 1944 3687  252 1932 3215  939 1933 3589  268 3411 3590  243 1652 3688  243 1934 3688  201 1935 3181  607 1935 3751  551 1222 1936  41 1222 1936  1654 2694 4229  1937 2694 4229  395 1446 1938  1063 1446 1938  812 1939 3051  400 1939 3051  509 1733 2523  509 1940 2523  166 2687 3271  720 1941 2687  515 1942 2574  515 1309 1942  1707 3144 3177  854 1943 3144  878 1944 4054  1932 3215 4054  1504 3357 3803  804 1945 3619  826 1946 4262  457 1946 4262  176 1246 1947  565 1248 2028  565 1248 1948  71 1248 1948  718 1949 3363  58 1949 3363  1950 3035 3678  247 2800 4327  584 1244 1951  190 1348 4291  745 2757 2758  584 1952 2757  371 1244 1953  584 1244 1953  751 1509 1954  313 1509 1954  44 2864 3192  542 1955 3662  916 1956 3279  221 2714 3280  107 1857 1957  833 1343 2704  1857 2527 3826  708 1958 3826  900 1740 3256  900 1959 3256  413 1960 2581  943 1539 3403  82 1374 1961  736 1374 1961  925 1962 4255  75 3954 4255  1963 3528 3885  279 1963 3528  970 1964 3700  279 1599 3699  1963 1965 3125  100 1965 3125  1015 3884 3886  153 1966 3884  146 1967 4091  1741 3062 3692  632 1565 1968  186 1565 1968  987 1971 4135  879 2086 3277  537 2291 3227  1043 3792 3951  537 3790 3792  537 1275 1972  1275 1972 2378  540 2862 3259  154 2107 4267  1973 3129 3435  298 1974 3128  50 1439 1975  1439 1975 2862  1211 1976 3741  1211 2686 3741  45 1977 3552  794 1977 3552  1978 3462 4287  275 1978 3462  218 1766 1979  733 1766 1979  1899 1980 2597  553 1899 1980  553 1186 1981  161 1186 1981  1194 1982 4096  543 3078 4095  1983 3705 4118  543 1983 4118  251 1203 1985  819 2309 2598  586 1759 3033  586 1986 3033  789 2844 3555  244 2644 2781  255 1874 1988  1764 3398 3540  1704 3193 3423  845 3193 3423  1668 1990 3185  544 1990 3185  1991 3118 3433  1086 1991 3433  26 1992 4140  825 1992 4140  131 1282 3710  131 1993 3710  160 1175 1994  545 1175 1994  70 2423 2642  545 1994 2766  545 1175 1996  1175 1996 2174  2019 3896 3897  157 3869 3895  1018 2695 3899  548 3797 3896  1019 2000 3856  290 2019 3897  2000 3868 3869  2000 3869 3895  1009 2001 3904  546 2001 4087  1009 3868 3869  546 2002 3870  238 2624 3763  825 2003 3763  549 1531 2004  447 1531 2004  579 2005 3159  121 2005 3159  222 1815 2006  760 2685 2865  141 3497 3782  1141 2007 3497  550 3218 3675  1120 2804 3077  2009 3169 4208  835 2009 3430  559 1471 2010  315 2526 2810  1234 2011 3319  738 1234 2011  674 2012 2520  911 2792 3477  2307 4215 4319  421 1385 3712  421 2014 3712  663 2015 3047  836 2015 3047  177 2016 2315  608 2016 2315  1124 2017 4188  220 2761 4189  1065 2018 3586  2019 3797 3896  1018 2019 3797  1018 2020 3900  554 2695 3899  2021 3520 3522  163 2021 3522  290 3891 4146  1017 3891 4122  1780 2023 3055  294 2023 3055  842 3049 3811  842 2024 2367  1013 2025 3876  546 3399 3875  661 2470 2534  227 2550 4075  567 2184 2185  565 1947 2028  1246 1947 2028  180 1290 2029  934 3028 3581  927 2030 2828  987 2031 3890  153 3884 3890  1087 4077 4079  563 2033 4077  2033 4077 4078  329 2033 4078  1013 2034 3877  101 3876 3937  1035 2035 3901  2035 3901 4048  276 1209 2036  562 1209 2036  2037 2227 3023  83 2037 2227  724 2406 2928  606 1691 2647  1511 2074 2775  278 2039 2775  114 3052 3859  646 2390 4103  880 2450 3395  880 2041 3580  116 2042 3167  1473 2146 3167  430 1584 2043  430 2954 2986  1034 2044 3858  2044 3057 3858  566 1246 2045  176 1246 2045  348 1246 2046  566 1246 2046  95 1469 2047  566 1469 2047  226 2049 2235  683 2049 2235  696 2108 3689  226 2108 3689  675 2483 2484  1119 1800 2834  346 1800 2834  140 1744 2052  820 1744 2052  530 1907 2053  946 3397 4207  302 2050 2565  302 2160 2565  2055 3697 3698  585 2055 3698  911 2056 4296  2056 2623 4296  800 2111 2570  577 2057 2111  692 1816 2410  577 2058 4253  800 1422 2570  284 2569 3603  1758 2060 3716  242 1758 2060  1689 2251 3726  521 2682 2833  386 1358 2063  582 1292 2093  738 2380 2953  604 2066 2380  211 1437 2066  420 1437 2065  1437 2066 4300  604 2066 4300  1107 2068 4153  182 2067 4154  942 3303 3449  261 2068 3303  420 1437 2069  659 1437 2069  576 1900 2673  576 2070 2673  1130 4257 4258  575 3756 4257  145 1442 2072  812 1442 2072  1174 2073 3046  2073 3046 3237  278 2074 2775  617 1166 3663  852 1673 3158  198 2083 3171  277 1855 2477  956 3419 3486  174 2077 3707  1494 2374 3564  1100 3289 3691  1394 2078 3711  1209 2079 3742  339 1207 2098  1819 2080 2625  572 1819 2080  899 1706 3382  2438 3383 4273  652 2082 4277  652 2083 4277  852 3157 3171  652 1524 3157  787 2085 3818  340 1215 4196  116 2085 2146  116 2146 3167  1032 2086 3276  766 2713 3644  766 2087 2646  831 2747 3126  425 1467 2966  326 1832 2089  985 1832 2089  295 1983 3705  295 2090 3705  283 1289 2379  283 2091 2379  582 2092 2898  386 2063 2092  2092 2093 4223  173 2093 4223  582 1701 2094  104 2172 4164  515 1309 2627  515 2095 2627  692 1743 2096  89 1743 2096  719 1665 2097  215 1665 2097  529 2098 4226  925 2098 4226  275 1190 2099  588 1190 2099  588 1190 2100  355 1190 2100  2101 2847 3459  643 1830 3459  1109 2102 2178  1109 3060 3236  52 1750 2103  691 1750 2103  619 2104 4167  179 3416 4167  1666 2105 3666  85 1666 2105  1839 3441 3903  414 1399 2106  769 2107 3223  1149 2334 3223  696 2601 2602  696 2108 2109  41 1936 4097  41 2109 4097  1279 2749 3866  610 1279 2110  284 2569 3365  577 2059 2111  2114 4250 4321  188 2616 4251  596 1299 2453  598 1299 2113  598 1299 2114  256 1299 2114  1804 2533 4184  61 2115 4184  901 3464 3465  535 2296 2566  87 1478 3541  2117 3541 4200  415 1550 2118  1379 2118 2351  706 2300 2479  706 1395 2479  2052 2120 4218  820 2052 2120  248 2121 3164  1797 2697 3164  377 2011 3319  471 1283 2787  958 2191 4062  450 1615 2124  803 1615 2124  919 3427 3428  615 2125 3427  1205 2591 4067  2126 2591 4067  1131 2127 2244  615 2127 4263  233 2290 2592  233 2128 2270  769 2334 2796  289 2334 3065  992 2130 3670  1012 2131 3968  193 1412 2487  193 2132 2487  556 1888 3345  556 2133 3345  583 1249 3353  583 2134 3353  324 1641 2135  693 1641 2135  787 2085 2136  116 2085 2136  1099 2137 2644  117 2224 2845  319 2365 2961  1092 2552 2938  552 1754 2139  778 1754 2139  888 2140 4088  382 2140 4088  84 1200 2141  673 1200 2141  1498 3347 3559  699 3347 3559  974 2143 3668  974 2143 4311  932 2226 2257  932 2144 2226  2014 2145 3260  181 2145 3260  760 2006 3095  760 2146 3095  1271 3232 3233  1271 3233 3238  1841 3587 3588  1190 3187 4107  763 2149 3917  371 1244 2537  1366 2150 2760  198 1247 2403  348 1247 2151  591 1469 2152  95 1469 2152  790 2112 2669  188 2112 2669  724 2647 3184  724 2345 2928  1301 2750 2988  592 2155 2157  592 2936 3025  1301 2155 2157  363 1301 2157  920 2339 2387  920 2158 2243  67 2983 3767  993 3793 3795  2054 2565 3321  999 2160 2565  605 2161 3446  72 2161 3446  605 1237 2162  332 1237 2162  655 2163 3119  369 2163 3119  861 1885 3827  861 2164 3437  862 2165 2317  105 2165 2317  63 1466 3207  63 2166 2167  982 2167 3208  2167 2232 3208  619 1343 2168  1343 2168 2704  1638 2169 3178  587 1638 2169  587 1491 2170  438 1491 2170  1122 2014 3260  611 2607 4152  688 2605 2607  104 2605 2926  333 2173 4162  333 1886 3018  308 2174 3929  819 2175 2684  819 2175 2309  379 1339 2176  379 2176 4259  938 1912 3412  991 2177 3413  1147 2178 4068  1147 2178 2716  1431 2179 2180  391 1431 2179  1110 4181 4183  178 3466 4181  336 2181 3366  1449 2274 3366  1671 2182 2473  185 1671 2182  2183 4080 4157  349 2183 4157  2027 2185 4085  567 2027 2185  1083 2185 3874  740 2443 3873  179 2186 4192  179 3075 4192  811 2653 4064  1582 3011 3625  868 2188 4228  473 2188 4228  806 2189 4324  51 2189 4324  747 2190 3626  162 2190 3626  746 2760 2762  1513 2493 3421  922 2493 3421  617 2193 3663  278 2193 3663  516 2034 2788  1047 2034 2788  761 2458 3318  761 2195 2458  727 1485 2196  93 1485 2196  596 1377 2197  1377 2197 2872  594 1357 2198  386 1357 2198  1357 2092 4223  594 1357 2199  260 2200 4149  1434 2285 4149  764 1860 2891  764 2201 2891  623 2202 2394  1125 3285 3596  613 2926 2927  185 2203 4158  160 1162 2204  590 1162 2204  1457 2357 4290  952 2982 3643  960 1676 2206  526 1676 2206  957 2207 3485  277 1327 2207  454 1629 2208  454 1300 2208  853 1634 2209  2003 2624 3763  749 2850 2851  399 1475 2211  1062 1475 2211  644 2370 4099  1005 2212 2372  469 1630 2213  1225 1630 2213  1010 3680 3681  410 3418 4197  786 1951 2215  190 1951 2215  887 3317 3558  602 2216 3558  446 1576 2217  602 1576 2217  587 1491 2218  908 1702 3310  956 3485 3486  614 2219 3419  614 1347 2220  281 1347 2220  957 3485 3486  181 1637 3549  1156 2456 2457  963 3572 3573  603 2225 3572  1202 2224 3880  117 1202 2224  963 3571 3572  359 2433 3571  640 1483 2226  208 1483 2226  1232 2227 3022  83 1232 2227  79 2343 3180  79 2681 3180  393 1413 2229  1064 1413 2229  768 2230 2523  768 1940 2523  686 1474 2231  464 1474 2231  1271 2232 3825  1271 2232 3232  910 1878 2677  910 2233 2677  843 1662 2234  276 1662 2234  683 1492 2915  683 2235 2915  645 2236 2347  2236 2319 2347  1002 3140 3141  31 2237 3068  2237 2238 3068  1004 2237 2238  375 4163 4168  1079 1742 3508  683 2295 3601  672 2240 3601  1768 4201 4202  87 3541 4200  2242 3746 3748  616 2242 3748  998 3747 3748  95 2243 3747  616 2242 4222  616 2244 4222  845 1989 2293  248 2245 3194  429 2246 3451  1521 2246 3451  1119 1367 4241  641 3354 3855  1165 2248 2826  1165 2248 2996  972 2249 3442  422 2249 3442  836 2250 4301  429 2250 4301  572 2251 4240  824 2251 4240  1278 3018 3265  1162 3018 3265  710 1697 2253  120 1697 2253  229 2254 2431  710 2254 2431  213 1206 2255  710 1206 2255  962 2256 3915  1319 2257 2776  638 1319 2257  558 1182 2258  1164 2307 4319  1505 2945 2946  108 1677 2947  609 2047 2260  566 2047 2260  177 1295 2261  609 1295 2261  265 2620 3085  751 2328 2620  484 2263 2910  484 1785 2910  1363 2264 2900  657 1363 2264  692 2265 2410  214 2265 2410  808 1445 3094  625 2267 2325  364 1392 2267  625 1392 2267  625 1392 2268  123 1392 2268  1600 3494 3651  970 3494 3651  622 1256 2270  687 2593 4294  764 2201 2554  764 2271 2554  973 2272 4024  236 2273 2943  2273 2742 2943  110 1201 4185  336 1674 2604  593 1748 3379  1393 3028 3581  1273 4278 4280  410 2214 3309  217 2998 4271  697 2277 2312  91 1876 2278  1145 1876 2278  1818 2279 2526  624 1818 2279  821 3099 3100  624 2280 3099  81 1204 2281  520 1204 2281  730 1684 2282  119 1684 2282  806 1578 4324  434 1578 2283  1578 2283 2284  618 2283 2284  621 1333 2285  260 1333 2285  621 1434 2286  73 1434 2286  394 1333 2287  621 1333 2287  133 2288 4288  737 2288 4288  1522 2289 4071  1102 2290 2592  630 2232 3825  879 1932 2291  252 1932 2291  839 1887 2292  136 1776 2461  2245 2293 3194  623 2245 2293  1309 2294 3739  164 2556 3037  201 2048 2295  683 2048 2295  1216 2296 3613  340 1215 2296  562 1962 2297  1038 1962 2297  1452 1538 4106  14 1452 2298  816 1596 2299  246 1596 2299  667 2119 2479  667 2300 2479  947 2301 3638  947 1699 2798  2302 2878 3867  1031 2302 2878  727 1569 3445  727 3445 4198  1161 2283 2304  434 2283 2304  1171 2305 4145  146 3113 3574  345 2636 4219  345 1225 2306  1163 2173 2307  333 2173 2307  830 1602 2308  475 1602 2308  818 2309 2598  818 2309 3115  704 1642 2310  206 1642 2310  668 2132 2487  668 2311 2487  1538 2312 4106  697 2312 4106  466 1670 2313  1670 2313 3887  978 1612 3642  978 2314 3053  1586 2315 2956  608 1586 2315  1007 2514 2724  669 2514 2724  1428 1499 2317  105 1499 2317  274 2414 2853  274 2414 3034  131 1282 2321  373 1282 2319  2320 3500 3598  964 2220 3598  1282 2319 2321  627 2319 2321  1080 2488 3335  1080 3511 3512  1641 2323 2635  633 1641 2323  772 1550 2324  129 1550 2324  625 2325 3833  808 2325 3833  1146 1836 2326  122 1836 2326  1016 3097 3098  149 2455 3623  801 2955 3087  801 2328 3087  629 2118 3393  629 2329 3393  2329 2330 3368  629 2329 2330  1330 2331 2999  813 2331 2999  599 1250 2332  358 1250 2332  791 1598 2964  791 2333 2800  289 2129 2796  289 2334 2796  583 3014 4280  583 1249 2335  681 1427 2711  1135 2336 4230  690 1870 2337  571 1870 2337  1306 2726 3082  368 2726 3082  920 2158 2599  609 2339 2387  273 2805 3728  935 3347 3492  368 2338 2341  368 1307 2341  1424 2342 3355  197 2342 2838  79 2228 2681  984 2681 3180  1021 3731 3733  656 2344 3731  125 2154 2928  125 2345 2928  209 1831 2346  1831 2346 3200  373 1281 2347  645 2347 2501  2348 3501 3502  645 2348 3501  651 2349 2735  1177 2354 2735  1277 1355 3297  1355 2350 4304  415 1548 2351  628 2353 3851  187 1379 2352  628 1379 2352  90 1548 3851  90 2353 3851  651 2354 3045  19 2354 3045  344 2355 4093  2355 3487 4093  432 1555 2356  741 1555 2356  1335 2055 2357  585 2055 2357  558 2013 2358  1074 2013 2358  337 1388 2359  636 1388 2359  216 1231 2360  636 1231 2360  254 1692 2654  868 1692 2654  636 1388 2362  110 2362 3686  1752 3124 3752  491 3124 3752  2364 2749 3866  312 2364 3866  747 1316 2961  747 2365 2961  685 3191 3266  309 2367 3453  309 2366 2367  685 2367 3191  935 2340 2368  273 2340 2368  1093 2190 2369  162 2190 2369  109 1761 4099  109 2370 4099  246 1596 2371  644 2372 4070  1596 2372 4070  460 1596 2372  856 2373 3282  856 2373 3252  1410 3314 3458  891 3314 3458  143 1798 3247  498 1798 2375  653 1247 2376  198 1247 2376  282 2070 2673  282 2377 2673  2378 3599 3600  153 2378 3599  1854 2379 2698  1289 1854 2379  604 2064 2380  2064 2380 2953  344 2381 3647  1105 2381 3647  971 1724 2382  560 1724 2382  1198 2383 4119  640 1483 2802  1010 2706 3418  635 2385 3680  2385 3680 3681  385 2385 3681  1353 2385 2386  83 1353 2386  920 2243 2387  95 2243 2387  1112 4172 4173  1112 2388 4173  151 1207 2389  646 1207 2389  1098 4100 4103  318 2520 4100  1208 3742 3812  646 2040 2391  1410 2447 3314  691 2447 3314  813 2393 4268  502 2393 4268  945 1686 2394  325 1686 2394  742 2016 3367  742 2395 2632  1218 2188 2396  473 2188 2396  1454 1907 2397  53 1454 2397  1637 2145 2398  467 1637 2398  903 2872 3468  522 2399 2472  362 2400 3166  1303 4101 4102  1251 2401 2784  858 2430 3153  392 2402 3565  392 1319 2402  1247 2151 2403  591 2151 2403  681 1702 2404  1702 2404 3310  664 2408 2807  664 2405 2535  239 2038 3864  239 2406 3864  664 1361 2407  1361 2407 2596  689 1361 2970  664 1361 2408  1788 2409 2743  638 1318 2409  2058 2410 4253  214 2058 2410  65 2388 2411  1216 2388 2411  620 2412 3337  620 1346 2412  79 1558 2413  705 1558 2413  706 1395 2853  706 2414 2853  725 1923 3012  725 2415 3012  725 1694 2416  54 1694 2416  1643 2794 3429  54 2794 3429  525 1228 2418  365 2573 4142  564 1920 2419  937 1920 2419  754 2420 3660  225 2420 3660  118 1782 2421  864 1782 2421  1165 1862 2553  156 1862 2553  717 1995 2642  70 1995 2642  733 1383 2424  335 1383 2424  733 1856 2425  51 1856 2425  1101 1950 2426  247 1950 2426  1097 2427 4111  528 2427 3405  639 2428 3275  1240 2428 3275  521 2429 4115  885 3066 4115  858 2401 2430  428 2401 2430  710 2255 3524  710 2431 3524  660 1425 2432  61 1425 2432  912 2104 3417  3074 3108 3724  1150 3284 4308  320 1725 3284  127 1397 2435  127 1790 2435  1156 2437 4242  2436 2437 4242  647 2437 3434  899 2081 4273  259 2438 3383  816 2353 2439  90 2353 2439  2017 2440 3554  220 2017 2440  1115 2162 2441  332 2162 2441  740 2442 3519  1084 2443 3519  1083 3872 3873  315 2010 3872  276 1662 2444  844 1662 2444  1253 2403 2445  591 2403 2445  5 1277 2446  689 1277 2446  933 3261 3503  691 2447 3261  348 1247 2448  653 1247 2448  942 3303 3448  71 1840 3391  880 2041 2450  510 2041 2450  905 2136 2451  314 2451 3490  961 2452 4150  282 1317 4328  1299 2113 2453  86 2113 2453  856 2200 2454  260 2200 2454  1531 2455 3623  549 1531 2455  678 2222 2456  677 2456 3324  373 1282 2457  678 1993 3710  250 1622 2458  1252 2458 4244  1191 2346 2459  643 2346 2459  897 2460 4130  1872 3061 4130  136 2292 2461  839 2292 2461  1207 2098 2462  151 1207 2462  595 2463 4305  1571 2463 2561  288 1526 2464  992 2130 3671  682 1180 2500  1180 2465 2500  924 2466 3669  317 1849 3305  1120 2491 3769  658 1800 2491  379 1339 2468  658 1339 2468  1089 2469 3898  570 2060 3716  227 2026 2470  2026 2470 2534  29 2471 3616  29 1385 2471  903 2472 3504  411 2472 3504  612 2182 2473  612 1381 2473  666 1388 2474  337 1388 2474  1388 2362 3686  666 1388 2475  650 2476 3499  1172 3488 3641  277 2076 2477  860 2076 2477  552 1754 2478  552 1584 2478  194 2302 3867  194 2119 2479  215 2097 2480  954 3636 3637  88 1990 2481  1166 1990 2481  675 2050 3556  675 2482 3556  675 2050 2483  626 2483 3024  1199 2483 2484  364 2756 3624  1333 2578 3155  684 2578 3155  367 4171 4224  1151 2997 3336  707 2311 2487  707 1412 2487  1771 2488 3335  497 1771 2488  469 1653 2489  778 1653 2489  218 1463 2490  708 1463 2490  658 2467 3769  658 2491 3769  1359 2492 2786  73 1434 2492  780 2493 3385  922 2493 3364  709 2508 3069  709 1881 3069  662 1358 2495  185 1358 2495  1169 4041 4082  331 3067 4041  632 1473 2497  343 1473 2497  1180 2645 4044  682 1180 2498  682 1391 2499  464 1391 2499  180 1391 2500  682 1391 2500  1281 2438 2501  259 2438 2501  805 1669 2502  144 1669 2502  661 1479 2503  268 1479 2503  365 1311 2504  620 1311 2504  108 2259 2505  1116 2505 2813  487 1272 2506  1187 2552 4072  213 1881 2507  709 1881 2507  321 2494 3069  321 2508 3069  950 3371 3629  119 2282 3371  665 1607 2510  1607 2510 2789  1157 2467 2511  658 2467 2511  1384 2512 3190  1138 2927 3491  253 1517 2513  728 1517 2513  669 2316 2724  670 1636 2515  937 1636 2515  568 1286 2516  397 2169 3178  1365 1554 3439  18 1365 2517  344 2381 2518  731 2381 2518  911 2792 3476  674 2519 3477  1302 2520 4100  674 1302 2520  674 1302 2521  1302 4101 4102  796 2998 3628  796 2522 2998  224 2230 2523  224 1733 2523  338 2524 3139  743 2524 3139  784 2525 2880  784 2879 2880  838 1471 2810  838 2526 2810  708 2527 3826  708 1464 2527  1223 2528 2870  773 2528 2870  1371 2300 2529  486 1371 2529  542 1955 2530  976 2830 3704  622 1204 2531  81 1204 2531  731 1360 2532  219 1360 2532  61 2533 4184  61 1425 2533  568 1802 2534  661 1802 2534  239 1683 2535  785 1683 2535  676 1345 2536  196 1345 2536  371 2150 2537  824 2150 2537  458 1587 2538  1052 1587 2538  389 1350 2539  679 1350 2539  679 1350 2540  202 1690 4083  679 1461 2541  455 1461 2541  1741 3062 4144  395 2542 3062  103 2543 3389  1760 2544 3431  574 1280 2544  611 1192 2545  1192 2545 2863  496 1743 2546  692 1743 2546  122 1344 2547  676 1344 2547  690 1331 2675  676 1331 2548  1466 1619 3467  1619 2549 3865  1426 2550 4075  737 1426 2550  700 1688 2551  517 1688 2551  1187 2314 4203  1187 2938 4203  840 2422 2553  1165 2553 2996  781 2920 2958  781 2554 2555  780 2493 3364  780 2555 3364  1309 2627 3037  750 2095 2627  169 1474 2557  686 1474 2557  1664 2557 2558  686 2557 2558  435 1575 2559  881 1575 2559  975 2560 3703  201 2560 3181  595 2463 2561  898 1285 3135  676 1344 2562  376 1344 2562  334 1577 3356  1577 2563 3356  752 2564 3836  242 2564 3836  829 2050 2565  829 2054 2565  535 2116 2566  901 2116 2566  271 2057 2567  917 2057 2567  800 1422 2568  94 1422 2568  800 2111 3365  800 2569 3365  271 2057 4256  271 2570 4256  1375 2510 2571  123 1375 2571  1890 2985 3725  520 1890 3725  872 1311 2573  365 1311 2573  64 1489 2574  64 1813 2574  698 1751 3390  698 2575 3390  570 1749 2576  941 1749 2576  720 1413 2577  393 1413 2577  394 1227 2578  1227 2578 2579  684 2485 3301  1429 1563 2580  454 1429 2580  14 1452 2581  945 2413 2840  705 2413 2840  511 1853 2583  1853 2583 3551  223 1739 2584  695 1739 2584  1472 2585 2586  407 1472 2585  1786 2263 2586  138 1786 2586  531 1868 4289  286 1868 2587  449 1642 2588  704 1642 2588  374 1639 2589  1006 2589 2803  1412 2036 2590  707 1412 2590  615 2127 3783  615 2591 3783  233 2270 2592  687 2270 2592  431 2593 2727  1405 2727 3320  162 2369 2594  747 1316 3626  215 1665 2595  979 1665 2595  689 1277 2596  381 1277 2596  65 2597 4213  1184 2597 4213  819 1985 2598  251 1985 2598  920 2599 3776  287 2599 3776  755 2601 2603  264 2601 2603  1193 2815 2893  755 2601 2602  696 2109 2602  41 2109 2602  314 2893 3490  2603 3007 3360  336 2274 2604  1201 2274 2604  104 2172 2605  2172 2605 2607  421 1384 2606  688 1384 2606  1122 2606 4152  688 2606 4152  1220 2608 2899  384 2665 3376  533 2340 2609  935 2340 2609  989 1998 2610  548 1998 2610  596 1299 2611  596 1280 2611  397 2516 2612  1286 2516 2612  781 2958 3202  781 2555 3202  506 1316 2614  981 2986 3172  489 1341 2615  754 1341 2615  1115 2153 2616  188 2153 2616  110 1812 2617  770 1812 2617  889 3243 3244  889 2619 3475  326 2089 2619  2089 2619 4194  751 2262 2620  2262 2620 3085  715 2315 2621  177 2315 2621  715 2315 2956  80 2056 2623  1097 2427 3405  827 1696 2624  238 1696 2624  389 1348 2625  1348 1819 2625  713 1570 2626  265 1570 2626  750 2556 3037  750 2627 3037  832 3161 3162  832 1561 2628  704 2629 3605  444 2629 3605  87 1478 2630  694 1478 2630  694 1715 2631  403 3351 3523  920 2339 3776  1295 2339 2632  412 1464 2633  412 1465 2633  738 1843 2634  493 1843 2634  186 1565 2635  693 1565 2635  721 1478 4219  721 2636 4219  1329 2685 4128  2637 2685 4128  440 1546 3537  1300 2638 4148  324 1641 2639  1305 2639 3114  386 1358 2640  662 1358 2640  361 1337 2641  1174 2641 3046  853 1634 2642  717 1634 2642  581 1755 2643  865 1755 2643  789 2644 3555  1987 2844 3555  899 1706 2645  426 1706 2645  249 1724 2646  971 1724 2646  606 2038 2647  724 2406 3864  974 1933 2648  268 1933 2648  334 1504 2649  788 1504 2649  983 3764 3765  788 2650 3764  841 1767 3453  841 2651 3453  934 2652 3581  593 2652 3581  811 2187 2653  454 2187 2653  1328 3308 4063  254 3308 4063  59 1529 2655  2615 2919 3456  92 1217 2656  600 1746 3656  206 1419 2657  701 1419 2657  702 1419 2658  206 1419 2658  702 1375 2659  383 1375 2659  701 1419 2660  383 1419 2660  123 2268 2841  123 2661 2841  888 2140 2662  490 2140 2662  183 1238 2663  716 1238 2663  1170 1411 3217  331 1170 2664  716 1238 2665  384 1238 2665  273 2805 4246  861 2164 2805  1048 1796 2667  508 1796 2667  661 1479 2668  661 1802 2668  597 1978 2669  790 1978 2669  1116 2505 3042  1116 3174 3304  1049 2671 3969  1233 2734 4031  175 1336 2672  1809 4169 4170  631 2377 2673  631 1900 2673  1136 2674 4051  1136 1251 2674  1331 2548 2675  404 2548 2675  15 1590 2676  475 1401 2677  475 1878 2677  723 1621 2678  112 1621 2678  435 1806 2679  775 1806 2679  620 1311 2680  1311 2680 3373  623 2245 2681  984 2245 2681  1046 2062 2833  1046 2682 2833  778 1754 2683  470 1754 2683  991 3413 3414  113 3413 3414  760 2006 2685  222 2006 2685  125 2154 2686  1211 2154 2686  166 1413 2687  720 1413 2687  1287 1847 2688  231 2688 3021  923 1540 2689  1086 1991 2690  1086 2690 2886  776 1445 2691  1445 2691 3094  423 1445 2692  776 1445 2692  659 1458 2693  211 1335 2773  600 1270 2694  1270 1654 2694  1018 1998 2695  94 1998 2695  1134 3288 4211  245 3288 4211  248 2697 3164  248 1541 2697  805 2379 2698  805 1506 2698  770 1606 2699  472 1606 2699  249 1606 2700  770 1606 2700  187 1906 2701  855 1906 2701  833 1343 2702  1343 2702 3690  250 1480 2703  833 1480 2703  833 1957 2704  107 1957 2704  2124 2705 4317  803 2124 2705  1010 2384 2706  216 2384 2706  219 1360 2707  1360 2707 3719  2589 2708 2803  374 2589 2708  732 2709 2803  732 2708 2803  485 1450 2710  1082 3151 3305  250 2703 2711  1427 2703 2711  766 1655 2712  67 1655 2712  1655 2713 3793  766 1655 2713  1698 2714 3280  748 1698 2714  748 1698 2715  419 1698 2715  109 2370 2817  109 2716 2817  580 1646 2717  1646 2717 3614  472 1606 2718  1079 1606 2718  1111 4178 4180  714 1807 4178  714 1842 2720  81 1842 2720  601 1270 2721  175 1270 2721  405 2722 4166  1132 2722 4166  672 1742 2723  1742 2723 3508  234 1291 2724  1007 1291 2724  327 2177 2725  1493 2177 2725  368 1914 2726  368 2338 3082  2593 2727 4294  1256 2727 4294  508 2728 2937  997 2728 2937  120 1697 2729  873 1697 2729  874 2730 3557  874 3349 3350  1328 2699 2785  472 2699 2785  822 1894 2732  258 1894 2732  340 2084 2733  787 2733 3818  1233 3431 3463  46 2734 4031  347 1893 2735  347 2349 2735  1467 2736 2966  831 2736 2966  453 2249 3483  453 1297 2737  325 1686 2738  730 2738 2739  1686 2738 2739  504 1686 2739  1136 4051 4052  370 2674 4051  762 2856 2857  1416 2742 2763  894 2742 2763  417 1788 2743  1703 2743 3269  715 2621 2744  1172 2621 2744  105 1872 2745  1020 1872 2745  810 1563 2746  199 1563 2746  831 2088 2747  141 2088 2747  1205 2141 2748  673 2141 2748  532 1833 3201  532 2749 3201  363 1301 2750  665 2750 2988  531 2751 4289  873 2751 4289  390 1447 2752  1447 2752 2975  196 1345 2975  376 1345 2753  1276 2754 3020  363 1276 2754  759 2754 3020  2755 2756 3624  759 2755 2756  1953 2757 3816  584 1953 2757  919 3059 4061  745 2759 3059  1243 2759 2761  745 2759 3816  371 1243 2760  1243 2760 2761  746 2191 4190  746 2761 4190  746 2191 2762  191 2762 3611  894 2764 3526  894 2763 2764  926 1803 3240  926 2764 3240  1231 2384 2765  635 2384 2765  545 1995 2766  717 1995 2766  717 1733 2767  224 1733 2767  693 1768 2768  693 1565 2768  749 2210 2769  238 2769 3763  190 1348 4221  389 1348 2770  474 1702 2771  681 1702 2771  222 1815 2772  722 1815 2772  1335 2693 2773  659 2693 2773  1151 2486 2774  367 2486 2774  698 1511 2775  698 2039 2775  208 2257 2776  208 1490 2776  703 1418 3714  764 1860 2778  266 1860 2778  1091 3088 3618  729 2779 3845  729 1752 2780  111 1752 2780  1099 2649 2781  788 2649 2781  2341 2782 3645  10 1568 2782  1579 3263 4265  723 1579 2783  758 1624 2784  428 1624 2784  254 2654 4063  1328 2785 3308  1170 2496 2786  73 1170 2786  1283 2122 2787  377 2122 2787  303 1182 2788  516 3291 3334  736 1374 2789  383 1374 2789  736 1575 2790  435 1575 2790  776 2692 2791  1837 2791 2823  2519 2792 3477  204 2519 2792  2691 2793 3248  232 2691 2793  777 1643 2794  1643 2588 3429  1570 1625 2795  713 1570 2795  622 2128 2796  769 2128 2796  1905 2797 3432  650 1905 2797  1380 1699 2798  159 2798 3394  481 1376 2799  481 1795 2799  247 1950 2800  757 1950 2800  442 1507 2801  442 1509 2801  640 2383 2802  1198 2383 2802  1006 2803 3251  1006 3250 3251  346 2491 2804  1120 2491 2804  861 2666 2805  2666 2805 4246  1061 1617 2806  305 1518 3386  664 2535 2807  785 2535 2807  124 1663 2808  785 1663 2808  828 1827 2809  328 1827 2809  315 2010 2810  1471 2010 2810  251 1882 2811  817 1882 2811  116 2042 2812  904 2042 2812  108 1677 2813  744 1677 2813  744 2813 3174  744 2814 3174  755 2602 2815  41 2602 2815  819 2684 2816  113 2684 2816  748 2715 2817  857 2715 2817  741 1700 2818  461 1700 2818  450 1618 2819  734 1618 2819  727 1485 2820  727 1484 2820  532 1861 2821  807 1861 2821  797 2822 2884  797 1516 2884  776 2791 2823  776 1605 2823  526 2824 4260  1188 2824 4260  461 1701 2825  1192 2825 4235  551 2248 2826  975 2560 3181  1121 2827 4125  1121 2827 3785  927 2940 2942  927 2828 2940  960 3129 3435  976 2530 2830  542 2530 2830  880 1808 2831  448 1808 2831  1188 1911 2832  536 1911 2832  1113 2833 4086  521 1901 4084  2005 2051 2834  1119 2005 2834  1354 2835 3495  581 1354 2835  1238 1572 2836  1238 1571 2836  827 1647 2837  155 1647 2837  1424 2342 2838  807 1424 2838  1096 2280 2839  624 2280 2839  504 1686 2840  945 1686 2840  977 1904 2841  2268 2841 3814  367 1765 2842  753 1765 2842  1152 2842 2843  753 2842 2843  586 1759 2844  789 1759 2844  117 2137 2845  789 2137 2845  36 1381 2846  612 1381 2846  2100 2459 2847  643 2459 2847  480 1178 2848  1179 1926 3649  1225 2306 2849  223 1225 2849  749 2850 3378  420 2850 3378  749 2851 2930  749 2210 2930  892 1284 2923  936 2925 4126  274 2318 2853  1395 2318 2853  986 1832 2854  326 1832 2854  437 1398 2855  754 1398 2855  468 1717 2856  762 1717 2856  762 2741 2857  241 2857 3919  1168 2181 2858  336 2181 2858  657 1709 2859  657 1363 2859  257 3443 3907  890 2860 3443  794 2861 3740  406 2972 3740  1149 1973 3259  540 1973 3259  1129 2320 2863  281 2320 2863  1108 1955 3192  44 1955 3192  1329 2685 2865  343 1329 2865  757 1756 2866  55 1756 2866  1374 2660 2867  82 1374 2867  773 1561 2868  391 1561 2868  89 1561 2869  773 1561 2869  1189 3800 4195  773 2870 3800  752 2934 3257  1025 2871 2934  2067 2872 3468  182 2067 2872  132 1557 2873  887 1557 2873  184 1757 2874  522 1369 3011  1148 3606 3607  9 2875 3606  1148 2542 3115  850 2876 3607  1389 2877 3756  850 1389 2877  559 1848 2878  1031 1848 2878  1404 2879 2880  431 1404 2879  148 2880 4121  1114 3358 4121  338 2525 2881  784 2525 2881  1364 3081 3455  1262 3081 3455  479 1809 2883  797 1809 2883  1217 2822 2884  457 1217 2884  602 2216 2885  1323 3593 3813  517 1879 3116  1879 3116 4058  1086 1835 2887  438 1835 2887  1381 2888 4325  1670 2888 4325  345 2213 4282  345 2889 4282  990 1824 2890  142 1824 2890  332 1237 2891  1237 1860 2891  360 1421 2892  360 3861 3862  755 2603 3490  755 2893 3490  756 1981 2894  161 1981 2894  798 1780 2895  163 1780 2895  758 2896 3424  128 2896 3424  791 1624 4327  758 1624 2897  613 2063 2898  2063 2092 2898  394 2287 2900  621 2287 2899  2287 2899 2900  765 2899 2900  765 1406 2901  126 2901 2951  14 1581 2902  771 1581 2902  771 1925 2903  561 1925 2903  39 1551 2904  39 1543 2904  1934 2375 2905  498 2375 2905  2591 3783 4066  768 1940 2906  1121 2907 3785  342 4123 4124  453 1297 3703  453 1481 2908  1564 2909 3216  528 2909 3216  1739 2263 2910  782 1739 2910  1667 2913 4220  144 1667 4220  1498 2911 2912  424 2142 3559  451 1667 2913  767 2913 4220  25 1519 3257  476 1519 2914  871 2196 2915  1492 2196 2915  425 1466 2916  982 1466 2916  464 1474 2917  860 1474 2917  1155 2477 2918  860 2477 2918  1095 2655 2919  59 2655 2919  332 2201 2920  781 2201 2920  1023 1720 3768  1023 2921 3768  584 1951 2922  786 1951 2922  892 2923 4126  366 2852 2923  6 8 4334  8 2924 4334  1417 2940 2993  352 2940 2993  1137 2203 2927  613 2203 2927  1137 4080 4157  1137 2927 3491  931 2406 2928  931 2154 2928  1549 2929 3646  772 1549 2929  1026 2930 3326  263 2931 3033  263 1986 3033  1214 2733 2932  787 2733 2932  1025 2933 2934  311 2933 3362  752 2564 2934  953 2564 2934  1566 2935 4217  1288 2935 3476  592 2156 2936  1050 2936 3513  1158 2937 3017  997 2937 3017  1092 2138 2938  319 2138 2938  93 1322 2939  672 1322 2939  352 2925 2993  895 1417 2940  894 2941 3526  350 2941 3526  895 2272 3093  895 2942 3093  1535 2941 2943  236 1535 2943  895 2944 4306  192 2944 4306  774 2259 2945  2259 2945 4117  696 1266 3689  774 2946 2948  108 2259 2947  774 2259 2947  1266 2600 2962  1266 2948 2962  772 1595 2949  1595 2949 3027  1490 2776 2950  1490 2950 3322  1406 2901 2951  775 1406 2951  775 1572 2952  436 1572 2952  92 1843 2953  738 1843 2953  1420 2043 2986  430 2043 2986  441 1626 2955  801 1626 2955  715 2622 2956  1076 2956 3388  404 1503 3013  196 1503 2957  2613 2958 3202  91 2613 2958  802 2960 3084  1077 1954 2960  1077 2959 2960  2959 2960 3084  319 2138 2961  1316 2138 2961  264 1678 2962  902 1678 2962  791 1598 2963  428 1598 2963  791 2333 2964  488 2964 3786  381 1976 2965  1211 1976 2965  425 2088 2966  831 2088 2966  1093 2369 2967  2369 2967 3848  708 1464 2968  708 1463 2968  456 1705 2969  456 1443 2969  1361 2408 2970  202 2408 2970  1929 2971 3405  1525 2989 4298  881 2861 2972  2861 2972 3740  519 1893 2973  519 1891 3323  804 1945 2974  106 1945 2974  1345 2753 2975  718 2753 2975  1298 2259 4117  1298 1304 2976  445 2977 4297  969 2977 4297  1856 2424 2978  335 2424 2978  283 1289 2979  929 1289 2979  376 1614 2980  376 1344 2980  810 1602 2981  253 1602 2981  85 1908 2982  952 1908 2982  1562 3442 3767  972 3442 3767  1892 2984 4204  13 2984 4336  821 2985 3482  821 3099 3482  1420 2892 4292  1420 3172 4292  918 3520 3522  918 1631 3522  1301 2155 2988  205 2155 2988  448 1808 2989  1011 1808 2989  1197 2990 3888  442 1508 3474  596 1368 2991  411 1368 2991  1852 2992 3610  439 1527 2992  892 2256 2993  1417 2256 2993  452 1683 2994  452 1682 2994  147 2482 2995  1294 2482 2995  840 1699 2996  378 1699 2996  388 1380 2997  840 1380 2997  1128 2277 4271  1128 2998 4271  142 1824 2999  813 1824 2999  113 2816 3001  113 3000 3001  823 1894 3001  822 1894 3001  631 2378 3002  1275 2378 3002  1323 2885 3003  602 2885 3003  1108 1955 3662  1108 1559 3662  1130 1879 3005  517 1879 3005  377 2011 3006  1090 2011 3006  477 1678 3264  264 1678 3007  655 1918 3008  1196 3008 3759  23 2030 3009  927 2030 3009  926 1803 3010  24 1803 3010  1369 2874 3011  184 2874 3011  823 1894 3012  823 1923 3012  1503 2957 3013  705 2957 3013  583 2335 3014  1296 2335 3014  767 2912 3015  1574 2912 3015  844 3052 4243  978 3016 3053  288 2242 3017  997 2242 3017  333 3018 4162  1162 3018 4162  1245 1598 3019  115 1245 3019  759 2755 3020  1024 3020 3602  1287 2688 3021  1287 3021 3199  796 3022 3628  337 3022 3628  606 2522 3023  796 2522 3023  2050 2483 3024  302 2050 3024  1977 2936 3025  794 1977 3025  795 1595 3026  225 1595 3026  90 1548 3510  415 1548 3027  934 2029 3028  180 2029 3028  772 1549 3029  225 1549 3029  469 1543 3030  782 1543 3030  408 1426 3031  408 1513 3031  657 1518 3032  305 1518 3032  876 2931 3033  876 1759 3033  839 1863 3034  274 1863 3034  757 1756 3035  757 1950 3035  1111 1753 3036  207 1753 3036  164 2294 3037  1309 2294 3037  229 1487 3038  792 1487 3038  40 1784 3039  1784 3039 3409  1781 3038 3040  793 1781 3040  283 1930 4186  283 3041 4186  1117 3304 3578  495 2670 3042  1079 1606 3043  249 1606 3043  18 2517 4313  18 3044 4313  3044 3045 4313  19 3044 3045  361 2641 3046  361 1239 3046  78 1460 4012  836 3047 4301  1679 3048 4105  1118 3048 4105  1110 2102 3811  341 2102 3811  253 1602 3050  830 1602 3050  812 1442 3051  400 1442 3051  844 3016 3052  114 3016 3052  844 1662 3053  505 1662 3053  946 2352 3054  628 2352 3054  1224 3056 3585  294 3055 3375  798 3055 3056  1081 2022 3057  555 2022 3057  1859 3058 3634  783 1583 3058  745 2758 3059  2758 3059 4061  1109 1761 3060  541 1761 3060  105 1499 3061  897 1499 3061  817 3113 3692  1741 3113 3692  1132 3063 3214  864 3064 4177  321 1382 3064  864 1382 3064  885 1889 3066  289 1889 3066  886 2429 3066  2429 3066 4115  1394 2664 3067  331 2664 3067  1002 1416 3068  31 3068 3817  711 1881 3069  711 2494 3069  1615 2819 3070  734 2819 3070  913 1716 3071  412 1716 3071  494 2072 3072  812 2072 3072  812 1939 3073  561 1939 3073  359 3074 3724  865 3074 3108  912 3108 3724  2104 3416 4167  297 1588 3111  297 3076 3111  1120 2008 3077  550 2008 3077  1194 1723 4095  1723 3078 4095  127 1397 3079  1341 1397 3079  908 2218 3080  587 2218 3080  130 1638 3081  1262 1638 3081  846 1991 3082  1306 1991 3082  937 1920 3083  356 1920 3083  99 1648 3084  802 1648 3084  802 1649 3085  265 1649 3085  801 1626 3086  133 1626 3086  2328 2620 3087  265 2620 3087  317 1849 3618  1849 3088 3618  434 1578 3089  806 1578 3089  1196 3091 3759  1020 3090 3091  322 2344 3091  1196 2344 3091  1146 1871 3092  335 1871 3092  1259 2272 3093  351 3093 3195  625 2266 3833  232 2266 3094  642 2085 3095  642 2006 3095  304 2222 3096  965 2222 3096  1214 2932 3098  314 2932 3098  1016 2327 3098  2327 3098 4196  624 2279 3482  624 3099 3482  2280 3099 3100  316 2280 3100  119 1684 3101  915 1684 3101  1326 2439 3102  460 1326 3102  1443 2969 3103  400 1939 3294  826 2064 3104  604 2064 3104  826 1267 3105  238 1267 3105  64 1240 3106  835 1240 3106  835 2051 3107  346 2051 3107  179 3075 3416  865 3075 3108  1589 3109 3543  829 1589 3109  393 1415 3110  719 1415 3110  462 1720 3111  462 1588 3111  404 1558 3112  1558 3112 3732  817 1967 3113  146 1967 3113  966 2701 3209  855 2701 3209  2876 3115 3607  330 2876 3115  907 2886 4058  907 3116 4058  846 2338 3117  2338 3117 4275  846 1627 3118  329 1627 3118  1918 3119 3470  369 3119 3470  172 1801 3120  936 1801 3120  401 1486 3121  401 1261 3121  83 1353 3122  1353 3122 3170  385 1352 3170  1352 3123 3127  729 1390 3124  491 3124 3150  2921 3125 3768  100 2921 3125  568 2026 3126  831 2026 3126  813 2393 3127  2393 3127 3496  960 2829 3128  298 3128 3916  154 1676 3129  960 1676 3129  719 1415 3130  169 1415 3130  1123 3131 3407  1123 3131 3165  1179 2848 3778  1179 3132 3778  396 1364 3133  534 2882 3455  124 1682 3134  1682 3134 3306  1285 2561 3135  595 2561 3135  1285 2561 4323  898 1285 3136  898 1340 3137  374 1340 3137  1423 2486 3595  1167 2486 3595  1142 2618 3139  743 2618 3139  1002 3140 3706  354 3140 3706  353 3141 3274  353 3240 3274  140 1769 4147  140 3142 4147  90 1845 3143  1325 1845 3143  212 1943 3144  1060 1707 3981  525 1772 3514  1772 3145 3514  88 1668 3146  88 1651 3146  1635 3137 3147  374 3137 3147  1696 3105 4262  827 1696 3148  917 2096 3149  89 2096 3149  1390 2556 3150  750 2556 3150  924 2710 3151  485 2710 3151  858 1734 3152  1734 3152 3204  2430 3019 3153  115 3019 3153  969 3312 3313  260 2485 3155  260 1333 3155  830 1947 3156  565 1947 3156  652 2083 3157  2083 3157 3171  852 2075 3158  648 2075 3158  874 3159 3557  121 3159 3557  391 1561 3160  832 1561 3160  1743 2628 3161  496 1743 3161  1745 3161 3162  221 1745 3162  449 1642 3163  449 1904 3163  807 1797 3164  807 2121 3164  967 2585 3165  407 2585 3165  1093 2190 3166  362 2521 3532  632 1473 3167  632 2042 3167  390 1447 3168  915 3101 3196  1241 3169 4208  1241 3169 3349  1352 3123 3170  814 3123 3170  198 2075 3171  852 2075 3171  981 2614 3172  506 2614 3172  756 1981 3173  756 1497 3173  1116 3042 3578  1116 3304 3578  1485 2820 3175  401 2820 3175  854 1457 3176  262 1457 3176  409 1457 3177  854 1457 3177  2612 2882 3178  1262 2882 3178  618 1716 3179  913 1716 3179  656 2342 3355  656 2343 3355  975 2826 3181  551 2826 3181  479 1580 3667  459 1580 3182  468 1440 3183  605 1440 3183  724 2345 3184  951 2345 3184  1278 1668 3185  544 2252 3265  741 1555 3186  131 1555 3186  948 2148 4107  948 3187 4107  21 3927 4071  21 3188 3189  1660 3188 3189  1522 3550 4312  349 2183 4293  349 3190 4293  2366 2367 3191  1027 2366 3191  841 1767 3192  1108 1767 3192  429 1541 3193  845 1541 3193  845 1541 3194  248 1541 3194  1259 3195 3205  1154 3195 3205  915 3168 3196  390 3168 3196  915 1684 3197  504 1684 3197  2618 3198 3853  914 3198 3853  2247 3199 4259  641 2247 3199  501 1830 3200  643 1830 3200  43 1833 3910  780 2555 3202  780 2613 3202  1007 1734 3203  357 1734 3203  1007 1291 3204  370 1291 3204  34 3205 4028  1154 3205 4315  1880 3116 3206  907 3116 3206  63 2167 3207  982 2167 3207  982 2916 4231  982 3208 4231  324 1895 3209  966 1895 3209  848 1609 3210  243 1609 3210  848 1652 3211  455 1652 3211  1461 3211 3212  124 1461 3212  802 1648 3213  526 1648 3213  482 3063 3214  482 944 3214  878 1564 3215  252 1564 3215  151 1928 3687  528 1928 3216  1170 2664 3217  716 2664 3217  1127 1488 3675  1488 3218 3675  464 2917 3219  1260 2917 3219  851 1728 3220  228 1728 3220  493 1728 3221  851 1728 3221  400 1442 3222  851 3221 3234  2107 3223 4267  1149 3223 4267  137 1661 3224  843 1661 3224  843 1661 3225  505 1661 3225  1387 2734 3226  46 2734 3226  537 1970 3227  879 3227 3277  1609 3228 3230  439 1609 3228  60 1822 3229  1822 3229 3683  499 1735 3683  243 1735 3230  170 2382 3231  170 1534 3231  985 3232 3754  402 3232 3754  148 2147 3238  148 3233 3238  851 3222 3234  1442 3222 3234  477 1677 3235  902 1677 3235  1559 3060 3236  341 1559 3236  135 2409 3237  1318 2409 3237  1271 3238 3825  1102 2147 3238  1160 1482 4109  1160 3239 4109  353 2764 3240  1721 3240 3274  666 2474 3241  1128 2474 3241  743 2618 3475  42 2618 3475  1252 3243 4244  396 3243 4244  396 3133 3244  1441 3133 3244  2068 3303 3449  1221 3245 3448  847 1735 3246  499 1735 3246  1798 2375 3247  847 2375 3247  777 2793 3248  777 1605 3248  541 2212 3249  1005 2212 3249  1315 2310 3605  1006 1315 3250  2709 2803 3251  112 2709 3251  900 1740 3252  427 1740 3252  35 3254 4249  35 3253 3254  1710 3254 4089  1414 3254 4089  881 1575 3509  736 1575 3255  237 1959 3256  1055 1740 3983  1519 2914 3257  752 2914 3257  793 2421 3258  793 3258 3410  886 3065 3259  1149 3065 3259  1122 2171 3260  181 2171 3260  2103 3261 4108  691 2103 3261  933 2059 3262  284 2059 3262  723 1579 3263  444 3263 4265  1678 3007 3264  904 3007 3264  544 3185 3265  1278 3185 3265  1496 3191 3266  490 2662 4272  1775 3039 3267  870 1775 3267  932 2144 4232  870 3268 3328  417 1787 3269  870 1787 3269  475 1602 3270  810 1602 3270  1941 2687 3271  637 1941 3271  779 1651 3272  455 1651 3272  1082 1777 3273  56 1777 3273  3140 3141 3274  1003 3140 3274  1515 3275 3784  1240 3275 3784  2086 3276 3277  49 3276 3277  1970 3227 3277  49 1970 3277  744 1677 3278  477 1677 3278  497 1771 3279  916 1771 3279  221 1956 3280  916 1956 3280  916 1454 3281  419 1454 3281  173 1645 3883  173 2199 3282  1194 1321 4094  1321 3283 4094  320 2434 3284  2434 3284 4308  1125 3285 4141  325 3285 4141  1107 1829 3286  500 1829 3286  437 1913 3287  564 1396 3658  1134 3357 3803  1134 3356 3357  523 1714 3289  1100 1714 3289  143 1820 3290  883 1820 3290  1864 3291 3334  883 1864 3291  883 1821 3292  255 1821 3292  279 1687 3293  949 1687 3293  400 3103 3294  1443 3103 3294  223 1739 3295  223 1630 3295  1356 1944 3296  557 1944 3296  1355 2350 3297  443 2350 3297  1199 2483 3298  626 2483 3298  890 1829 3299  261 1829 3299  306 3300 4261  306 3682 4261  684 2579 3301  1028 3301 3338  169 2918 3879  169 1415 3302  3245 3303 3448  261 3245 3303  323 1770 3304  1117 1770 3304  317 2466 3305  924 2466 3305  1681 3123 3425  815 1681 3306  1486 3175 4161  869 1486 4161  869 1486 3308  254 1486 3308  410 2276 3309  1273 2276 3309  908 3080 3310  130 3080 3310  419 1453 3311  857 1453 3311  467 1327 3312  969 1327 3312  969 3154 3313  171 3313 3911  891 2392 3314  891 2374 3458  517 1880 3315  909 1880 3315  909 1880 3316  280 1880 3316  355 1680 3317  887 1680 3317  1252 3242 3318  42 3242 3318  377 2122 3319  1103 2122 3319  492 1403 3320  431 1403 3320  999 3321 4007  639 1489 3322  463 1489 3322  1258 3323 3820  1242 3323 3820  2222 2456 3324  304 2222 3324  1555 3325 4276  432 1555 3325  2851 2930 3326  210 2851 3326  932 2257 3327  638 2257 3327  932 1703 3328  870 1703 3328  208 1483 3329  639 1483 3329  1491 3206 3330  907 3206 3330  1173 1851 3332  512 1851 3332  392 3333 3565  1173 3333 3565  1174 2073 3333  392 2073 3333  516 2788 3334  1182 2788 3334  1080 2322 3335  53 2322 3335  1408 3336 3655  388 1408 3336  1314 1614 3337  620 1314 3337  2579 3301 3338  96 2579 3338  413 1538 3339  951 1538 3339  217 1691 3340  951 1691 3340  499 1822 3480  60 1822 3341  986 2854 3342  534 2854 3342  397 2169 3343  875 2169 3343  68 1459 3344  875 1459 3344  292 1888 3999  2396 3346 4176  52 1409 3346  935 2368 3347  699 2368 3347  782 1543 3348  39 1543 3348  874 3159 3349  579 3159 3349  1312 2730 3863  874 2730 3863  1123 3351 3352  403 3351 3352  1008 1731 3352  403 1731 3352  52 2103 3353  1249 2103 3353  1468 3021 3354  641 3021 3354  2343 3180 3355  984 3180 3355  334 1504 3357  334 3356 3357  804 2974 3803  1504 2974 3803  985 3233 3358  148 3233 3358  1219 2223 3359  603 2223 3359  2136 2812 3360  904 2812 3360  424 1573 3361  953 3361 3362  1573 3361 3362  311 1573 3362  1346 2680 3363  58 2680 3363  267 3364 3888  922 3364 3888  284 2059 3365  2059 2111 3365  996 2181 3366  996 1449 3366  742 2632 3367  1295 2632 3367  358 1731 3368  1008 1731 3368  129 2329 3369  1008 2329 3369  1458 2693 3370  409 2693 3370  119 2509 3371  2509 3371 3629  286 1868 3372  872 1868 3372  872 3373 3617  58 1869 3373  748 2716 3374  1147 2716 3374  3055 3056 3375  634 3056 3375  384 2608 3376  1220 2608 3376  2437 3377 3434  97 2437 3377  1267 2065 3378  420 2065 3378  593 2275 3379  1438 2275 3379  1809 3380 4169  175 1746 3380  26 1587 4140  458 1587 3381  899 2081 3382  230 3382 3931  2645 3383 4044  259 3383 4044  30 1839 3384  1001 1839 3384  408 1513 3385  408 1675 3385  1518 2806 3386  1061 2806 3386  1005 2372 3387  460 2372 3387  2622 2956 3388  307 2622 3388  2543 3389 4247  863 3389 4247  224 1751 3632  1751 3390 3632  942 3391 4283  942 3448 4283  939 1876 3392  91 1876 3392  129 1550 3393  1550 2118 3393  1380 2798 3394  1380 1711 3394  282 1808 3395  880 1808 3395  949 1687 3396  1687 3396 4237  246 2053 4214  530 2053 3397  882 1988 3398  255 1988 3398  882 2002 3399  546 2002 3399  157 2002 3400  882 2002 3400  943 1658 3401  414 1658 3401  943 1817 3402  167 1817 3402  943 1960 3403  413 1960 3403  1524 3157 3404  852 3157 3404  1097 2623 3405  80 2623 3405  1476 2211 3406  1062 2211 3406  1183 2324 3407  129 2324 3407  1283 2105 3408  85 2105 3408  483 1781 3409  792 1781 3409  793 1781 3410  483 1781 3410  1512 3411 3590  1512 3411 4074  938 2177 3412  327 2177 3412  938 3000 3413  113 3000 3413  828 2809 3414  991 2809 3414  1181 2373 3415  427 2373 3415  3075 3108 3416  912 3108 3416  359 2433 3724  660 2433 3417  410 2214 3418  1010 2214 3418  74 3419 4233  956 3419 4233  442 1508 3420  1053 3420 4008  133 2288 3421  1513 2288 3421  947 1530 3422  378 1530 3422  128 1989 3423  1704 3423 4050  1251 2784 3424  128 3424 4050  1681 3306 3425  452 3306 3425  123 1392 3426  1293 1392 3426  919 2126 3427  615 2126 3427  2125 3427 3428  287 2125 3428  704 2417 3429  54 2417 3429  2009 3169 3430  579 3169 3430  1233 2734 3431  574 2734 3431  2308 3432 3457  1400 2308 3432  329 1835 3433  1086 1835 3433  1029 2081 3434  647 2081 3434  540 1974 3435  540 1973 3435  808 2995 3436  808 1927 3436  369 3437 3438  1553 3437 3438  1263 3438 4134  1553 3438 4134  1365 2517 3439  731 2517 3439  1001 1613 3440  1613 3440 3604  414 2106 3441  1001 2106 3441  972 2983 3767  1562 3442 3702  257 1828 3443  890 1828 3443  1017 2021 3444  163 2021 3444  418 2976 3445  1569 2976 3445  72 3446 3906  1557 3447 3788  1088 3447 3788  653 2449 4283  653 3448 4283  1840 3391 3449  942 3391 3449  771 1925 3450  771 1581 3450  1460 3047 4301  1460 1521 3451  134 1585 3452  134 1584 3452  842 2367 3453  842 1767 3453  549 3454 3566  1264 3454 3566  534 3133 3455  1364 3133 3455  754 2420 3456  1095 2420 3456  176 3432 3457  176 1947 3457  578 2120 3458  1410 2120 3458  86 1368 3730  86 2101 3459  121 1367 3460  1119 1367 3460  1119 3461 4241  379 3461 4241  1145 2148 3462  275 2148 3462  500 2671 3463  1233 2671 3463  901 2116 3464  204 2116 3464  1592 3464 3465  507 1592 3465  685 1727 3466  178 1727 3466  1619 2549 3467  441 2549 3467  903 2399 3468  573 2399 3468  1321 3387 3469  158 1321 3469  1263 3438 3470  369 3438 3470  267 2271 3471  921 2271 3471  763 2149 4326  763 3472 4326  3472 3473 4326  28 3472 3473  442 2990 3474  1197 2990 3474  42 3242 3475  889 3242 3475  433 2056 3476  911 2056 3476  911 2012 3477  674 2012 3477  1763 3341 3479  478 1763 3479  1822 3341 3480  906 3341 3480  906 1764 3481  255 1764 3481  2985 3482 3627  1084 3482 3627  1560 2737 3483  972 1560 3483  930 2253 3484  120 2253 3484  956 2076 3485  277 2076 3485  957 2221 3486  614 2221 3486  651 1866 3487  1104 1866 3487  1172 2476 3488  650 2476 3488  477 3278 3489  477 1846 3489  905 2451 3490  905 2603 3490  1138 2512 3491  349 2512 3491  1498 3347 3492  144 1498 3492  380 1487 3493  930 1487 3493  459 1599 3494  1599 3494 3699  334 2649 3495  1099 2649 3495  1085 1852 3496  240 1852 3496  141 2088 3497  1141 2088 3497  529 1915 3498  1045 3498 3963  609 2261 3499  609 2260 3499  627 2236 3500  964 2236 3500  964 2236 3501  645 2236 3501  74 2219 3502  964 2219 3502  214 2058 3503  933 2058 3503  1377 2991 3504  411 2991 3504  2229 3505 4249  1064 2229 3505  580 1324 3506  195 3506 3850  469 2213 3507  1226 2213 3507  1079 2239 3508  375 2239 3508  1575 3255 3509  205 3255 3509  1548 3027 3510  795 3027 3510  1080 3511 3608  323 3511 3608  1118 2323 3512  633 2323 3512  2156 2936 3513  293 2156 3513  994 1468 3514  525 1468 3514  33 2689 3516  923 2689 3516  923 3515 3516  739 3515 3516  923 1540 3517  347 1540 3517  358 2332 3673  358 3518 3673  152 2985 3627  152 2442 3627  554 1922 3520  918 1922 3520  271 1362 3521  918 1362 3521  1631 2987 3522  163 2987 3522  403 2631 3523  1715 2631 3523  213 1881 3524  213 2255 3524  421 1384 3525  421 1386 3525  926 1896 3526  350 1896 3526  1326 3143 3717  1325 3143 3717  1015 1964 3528  279 1964 3528  399 2078 3529  1477 2078 3529  1089 1945 3530  451 1945 3530  532 1833 3531  968 1833 3531  362 3166 3532  1093 3166 3532  996 2903 3533  561 2903 3533  928 1745 3534  496 1745 3534  1744 3534 3535  140 1744 3535  1956 3279 3536  928 1956 3536  940 2638 4148  940 3537 4148  1546 3537 3538  940 3537 3538  940 1757 3539  501 1757 3539  1632 3400 3540  882 3400 3540  721 2117 3541  721 1478 3541  342 1899 3542  1184 1899 3542  1927 3436 3543  941 1927 3543  256 1633 3544  762 1633 3544  1648 3545 4165  99 1648 3545  1224 3056 3546  798 3056 3546  925 1962 3547  562 1962 3547  197 1861 3548  968 1861 3548  181 2221 3549  957 2221 3549  1660 3325 4312  432 3325 4312  111 1818 3551  838 1818 3551  1061 1617 3990  794 3552 3740  2123 3553 4062  38 2123 3553  742 2440 3554  742 2016 3554  244 2644 3555  244 1987 3555  829 3109 3556  829 2050 3556  1228 2730 3557  121 1228 3557  887 2217 3558  602 2217 3558  424 2912 3559  1498 2912 3559  447 1531 3560  1016 1531 3560  1389 2876 3561  828 1389 3561  890 1828 3562  500 1828 3562  629 1379 3563  187 1379 3563  174 1304 3564  1304 1494 3564  1470 2402 3565  1173 1470 3565  1610 3566 3567  1264 3566 3567  1264 4217 4266  1264 3567 3568  448 2989 3568  1525 2989 3568  1364 3569 4175  1135 3569 4175  1151 2422 3570  156 2422 3570  359 2225 3571  2225 3571 3572  603 2223 3572  2223 3572 3573  327 1804 3573  963 1804 3573  146 2305 3574  1171 2305 3574  65 1980 3575  722 1980 3575  610 1521 3576  1030 3576 4005  1342 3006 3577  1090 3006 3577  1117 2670 3578  2670 3042 3578  378 1222 3579  378 1530 3579  159 1610 3580  159 2041 3580  1393 2275 3581  593 2275 3581  511 1853 3582  511 1370 3582  1143 3583 3805  1882 3805 3806  634 3056 3585  1224 3584 3585  66 3584 3585  1401 2677 3791  32 2677 3791  948 2148 3587  2148 3587 4286  132 2873 3588  948 2873 3588  513 1876 3589  939 1876 3589  268 1933 3590  939 1933 3590  291 3591 3592  680 3592 3593  680 3593 3813  3591 3592 3593  995 3591 3593  995 1546 3594  209 1546 3594  1336 2672 3801  1423 2672 3801  758 2896 3596  1125 2896 3596  533 2609 3597  1669 2609 3597  281 2220 3598  281 2320 3598  539 1966 4150  153 1966 3599  631 2377 3600  961 2377 3600  1492 2939 3601  672 2939 3601  2755 3020 3602  102 2755 3602  1296 2335 3603  284 2335 3603  1284 2923 3604  366 2923 3604  1315 3250 3605  444 3250 3605  1148 1938 3606  9 3606 3960  2875 3606 3607  850 2875 3607  1770 2488 3608  323 1770 3608  1176 2349 3609  347 2349 3609  1085 1608 3610  439 1608 3610  2191 2762 3611  958 2191 3611  1039 1983 3612  543 1983 3612  1112 2084 3613  340 2084 3613  671 3614 4314  671 1616 3614  1321 3387 3615  460 3387 3615  1921 2471 3616  877 1921 3616  872 1868 3617  531 1868 3617  2779 3618 3845  317 2779 3618  451 1506 3619  451 1945 3619  1949 2752 3620  980 1949 3620  980 1949 3621  58 1949 3621  531 1867 3622  980 1867 3622  149 2327 3623  1016 2327 3623  364 2484 3624  1199 2484 3624  184 2187 3625  811 2187 3625  1316 2614 3626  162 2614 3626  2442 3519 3627  1084 3519 3627  1128 2474 3628  337 2474 3628  709 2508 3629  950 2508 3629  950 2508 3630  321 2508 3630  1672 3630 3631  405 3631 4166  1195 2767 3632  224 2767 3632  2161 3633 3695  72 2161 3633  524 1857 3634  783 1857 3634  1143 2678 3635  1143 1203 3635  954 2480 3636  215 2480 3636  494 1590 3637  954 1590 3637  549 2301 3638  549 2004 3638  891 2077 3639  174 2077 3639  1091 3640 3845  1091 3618 3845  387 2018 3641  1402 2018 3641  978 2314 3642  319 2938 4203  952 2205 3643  585 2205 3643  766 2646 3644  971 2646 3644  9 2875 3645  9 1568 3645  416 2655 3646  1095 2655 3646  1883 1884 3647  1105 1883 3647  1183 3132 3648  1179 3132 3648  1179 2848 3649  480 2848 3649  952 1908 3650  527 1908 3650  62 2843 3651  1600 2843 3651  341 1559 3652  1108 1559 3652  719 1664 3653  465 1664 3653  1681 3123 3654  240 3123 3654  1152 2843 3655  62 2843 3655  600 2656 3656  1217 2656 3656  426 2275 3657  1393 2275 3657  1396 3287 3658  437 3287 3658  1458 3370 3659  1060 3370 3659  754 1398 3660  225 3026 4270  1366 2150 3661  866 3661 4025  1559 3004 3662  542 3004 3662  1166 2074 3663  278 2074 3663  1168 2902 3664  771 2902 3664  979 2105 3665  471 2105 3665  979 1665 3666  465 1665 3666  1580 3182 3667  753 3182 3667  132 3588 3668  1841 3588 3668  511 2466 3669  511 1887 3669  189 1814 3971  992 1814 3670  992 2464 3671  288 2464 3671  992 1814 3672  648 1814 3672  966 1895 3673  1895 2332 3673  73 2286 3674  73 1411 3674  550 2008 4090  550 3675 4090  492 1807 3676  1807 3676 3677  207 1488 3677  1127 1488 3677  1101 1873 3678  405 1873 3678  730 2282 3679  1101 2282 3679  635 2384 3680  1010 2384 3680  1010 2214 3681  385 2214 3681  1693 3682 4261  1068 1693 3682  1735 3230 3683  849 3230 3683  817 1882 3684  1882 3684 3805  925 2079 3685  339 2079 3685  1388 2475 3686  110 2475 3686  1928 3216 3687  878 3216 3687  779 3272 3688  1652 3272 3688  1266 2946 3689  226 2946 3689  1236 2434 3690  320 2434 3690  1100 2078 3691  399 2078 3691  818 2811 3692  817 2811 3692  1628 3533 3693  170 1628 3693  909 1737 3694  1737 3694 4309  1237 1860 4299  1237 3695 4299  1497 2772 3696  722 2772 3696  1234 3319 3697  1103 3319 3697  1433 3643 3698  585 3643 3698  279 1964 3699  970 1964 3699  539 2269 3700  970 2269 3700  941 1927 3701  423 1927 3701  601 1336 3702  422 3595 3801  453 2908 3703  975 2908 3703  1982 3704 4096  976 1982 3704  2090 2530 3705  976 2530 3705  1265 2238 3706  1265 3839 3840  1902 2077 3707  1484 1902 3707  524 1859 3708  994 1859 3708  231 1468 3709  994 1468 3709  678 2457 3710  1282 2457 3710  1100 1714 3711  183 1714 3711  654 2471 3712  1385 2471 3712  262 2652 3713  952 1909 4055  1418 2777 3714  98 2777 3714  2490 3715 3894  803 1615 3715  570 2469 3716  1089 2469 3716  398 3283 3717  1326 3283 3717  51 1856 3718  929 1856 3718  1105 2709 3719  732 2709 3719  1841 3668 3720  513 1841 3720  756 2894 3721  1226 2894 3721  232 2266 3722  977 2266 3722  1644 3722 3723  977 3722 3723  2433 3417 3724  912 3417 3724  821 2572 3725  520 2572 3725  824 2061 3726  11 2061 3726  590 1794 3727  1075 1794 3727  273 2340 3728  1428 2340 3728  1493 2177 3729  991 2177 3729  86 3459 3730  1830 3459 3730  1021 2343 3731  656 2343 3731  79 2343 3732  1021 2343 3732  2344 3731 3733  322 2344 3733  57 1834 3734  1092 1834 3734  1185 3542 3848  1184 3542 3735  285 1825 3736  989 1825 3736  243 1735 3737  847 1735 3737  989 1998 3738  989 1903 3738  463 1942 3739  1309 1942 3739  1617 3552 3740  406 1617 3740  1976 3297 3741  443 3297 3741  339 2391 3812  339 3742 3812  1014 1632 3743  478 1632 3743  2610 3736 3744  1014 2610 3744  1732 2728 3745  997 2728 3745  288 1526 3746  998 1526 3746  998 2152 3747  95 2152 3747  2243 3747 3748  616 2243 3748  520 1889 3749  520 1204 3749  829 1589 3750  476 1589 3750  1935 3181 3751  551 3181 3751  1096 2363 3752  1752 3752 4046  1695 3089 3753  806 3089 3753  1832 2007 3754  402 2007 3754  1130 3755 3815  328 3755 3815  1827 3756 4257  1389 1827 3756  155 1647 3757  1160 1647 3757  1514 2846 3758  726 1514 3758  655 2745 3759  1020 2745 3759  1177 1892 3760  1892 3760 4205  165 2467 3761  1157 2467 3761  536 1910 3762  536 1455 3762  2210 2769 3763  825 2210 3763  983 1837 3764  788 1837 3764  2650 3764 3765  106 2650 3765  2692 2791 3766  983 2791 3766  67 2159 3767  1562 2159 3767  949 3125 3768  949 1720 3768  165 2008 3769  1120 2008 3769  285 1810 3770  988 1810 3770  990 2890 3771  503 2890 3771  60 1712 3773  502 1712 3772  1712 3772 3773  988 3772 3773  1825 3771 3774  285 1825 3774  728 1948 3775  728 1517 3775  2339 2632 3776  287 2632 3776  1726 3316 3777  1726 3777 4174  407 1472 3778  1472 2848 3778  838 1471 3779  274 1471 3779  440 3537 4148  440 3780 4001  2321 3781 4234  1129 1700 3781  2007 3497 3782  986 2007 3782  768 2906 3783  2127 2906 3783  372 2009 3784  1240 2009 3784  430 2954 3785  430 2827 3785  2333 2964 3786  1372 2333 3786  1088 2033 3787  329 2033 3787  2143 3668 3788  1088 2143 3788  538 3789 3905  987 1969 3789  987 1971 3790  1971 3790 3792  2018 3586 3791  2018 3791 3830  1043 1970 3792  537 1970 3792  456 1705 3793  993 1705 3793  601 2159 3794  993 2159 3794  993 2159 3795  67 2159 3795  1441 2854 3796  326 2854 3796  548 1998 3797  1018 1998 3797  1139 3798 4160  3798 3799 4160  269 3798 3799  1189 2869 3800  773 2869 3800  422 3702 3801  1336 3702 3801  687 2593 3802  2147 2593 3802  1134 3288 3803  804 3288 3803  443 2350 3804  1613 2350 3804  1883 3583 3805  518 1883 3805  251 1203 3806  1143 1203 3806  239 2038 3807  1000 2038 3807  1683 3807 3808  1000 3807 3808  1000 2038 3809  606 2038 3809  734 1618 3810  122 1618 3810  842 2024 3811  1110 2024 3811  1208 2040 3812  2040 2391 3812  1323 3003 3813  10 3003 3813  977 2841 3814  977 2266 3814  1688 3005 3815  328 1688 3815  1243 2759 3816  1243 1953 3816  1416 3068 3817  893 1416 3817  2084 2733 3818  642 2084 3818  1242 3515 3819  200 3820 4029  200 3819 3820  1242 3819 3820  502 1712 3821  1085 1712 3821  593 1547 3822  593 1748 3822  826 1946 3823  92 1946 3823  834 3824 3972  311 1573 3996  630 2290 3825  1102 2290 3825  524 1857 3826  524 1958 3826  861 3437 3827  1553 3437 3827  522 1582 3828  728 1582 3828  1020 1872 3829  571 1872 3829  387 1400 3830  1400 1401 3830  152 1890 3831  885 1890 3831  588 1594 3832  790 3832 4127  2266 3094 3833  808 3094 3833  714 1807 3834  492 1807 3834  126 2859 3835  126 1274 3835  1520 2060 3836  242 2060 3836  1556 3733 3837  322 3733 3837  1011 2070 3838  576 2070 3838  1072 1257 4030  1257 3839 3842  1154 1693 3841  354 1693 3841  1332 3195 3841  1154 3195 3841  270 3842 3843  1265 3842 3843  1004 1265 3843  2556 3640 3844  1091 3640 3844  1390 3640 3845  729 1390 3845  1438 2275 3846  426 2275 3846  799 1597 3847  1436 2851 4015  3542 3735 3848  507 3735 3848  679 2540 3849  1212 2540 3849  1324 3506 3850  1324 1501 3850  628 2351 3851  1548 2351 3851  1505 2303 3852  871 2303 3852  1142 2176 3853  914 2176 3853  1142 3139 3854  338 3139 3854  641 2247 3855  1367 2247 3855  1081 1999 4146  547 1999 3856  156 3570 3857  156 1481 3857  555 2023 3858  1034 2023 3858  1098 4101 4104  1098 2040 4104  1909 3650 3860  527 3650 3860  1420 2892 3862  360 2892 3862  1585 2043 3862  1420 2043 3862  286 3372 3863  1312 3372 3863  724 2647 3864  2038 2647 3864  1467 2550 3865  737 2550 3865  1279 2110 3866  312 2110 3866  194 2479 3867  1395 2479 3867  1035 1984 3901  1009 1984 3868  1009 2002 3869  157 2002 3869  1009 2001 3870  546 2001 3870  868 2188 3871  216 2706 4129  315 2443 3872  2443 3872 3873  740 2185 3873  1083 2185 3873  77 1848 3874  1083 1848 3874  546 2025 3875  1013 2025 3875  101 2034 3876  1013 2034 3876  516 1874 3877  1013 1874 3877  1730 3302 3878  445 1730 3878  169 3302 3879  1155 3302 3879  603 2225 3880  1202 2225 3880  1215 2327 3881  149 2327 3881  1592 3464 3882  204 3464 3882  2373 3282 3883  1181 2373 3883  1015 2031 3884  2031 3884 3890  538 2031 3885  1015 2031 3885  539 1964 3886  1015 1964 3886  235 3887 3985  1062 1475 4011  2192 2990 3888  922 2192 3888  955 3889 3989  199 1563 3997  987 1972 3890  153 1972 3890  1017 2022 3891  2022 3891 4146  555 2022 3892  1017 2022 3892  1616 3614 3893  884 3893 3991  708 1958 3894  803 1958 3894  157 1997 3895  1019 3895 3896  1997 3895 3896  548 1997 3896  1999 3856 3897  1019 3856 3897  106 1945 3898  1089 1945 3898  554 2020 3899  1018 2020 3899  290 2019 3900  1018 2019 3900  1984 3868 3901  547 3868 3901  1545 2208 3902  37 3902 4000  1817 3401 3903  414 3401 3903  1009 1984 3904  296 3904 3946  538 1965 3905  1042 3905 3953  1440 3446 3906  1051 1440 3906  2860 3443 3907  703 2860 3907  1799 3384 3908  1067 1799 3908  1721 3300 3909  306 3300 3909  1833 3201 3910  1044 3201 3910  3154 3313 3911  1057 3154 3911  1722 3120 3912  1071 1722 3912  1896 3010 3913  24 3010 3913  1897 3009 3914  1072 1897 3914  2256 2924 3915  8 2924 3915  2829 3128 3916  1078 2829 3916  2149 2778 3917  266 2778 3917  910 2746 3918  199 2746 3918  2741 2857 3919  712 2741 3919  1046 2682 3920  50 2682 3920  637 2676 3921  15 2676 3921  1657 2667 3922  168 1657 3922  14 2581 3923  1059 2581 3923  669 2514 3924  1 2514 3924  2358 3925 4216  1074 2358 3925  1371 2300 3926  667 2300 3926  2289 3927 4071  1055 2289 3927  168 2209 3928  853 2209 3928  2174 3727 3929  1075 3727 3929  2110 3576 3930  1030 3576 3930  2081 3382 3931  1029 2081 3931  11 2061 3932  866 2061 3932  1035 2035 3933  27 2035 3933  1047 2034 3934  101 2034 3934  1071 2030 3935  23 2030 3935  567 2027 3936  300 2027 3936  2025 3876 3937  2025 3937 4087  1034 2023 3938  294 2023 3938  663 2015 3939  234 2015 3939  1074 2013 3940  303 2013 3940  2001 3904 3941  296 3904 3941  1037 1995 3942  545 1995 3942  1037 1996 3943  308 1996 3943  70 1995 3944  1037 1995 3944  26 1992 3945  1026 1992 3945  1984 3904 3946  1035 1984 3946  295 1983 3947  1039 1983 3947  45 1977 3948  1050 1977 3948  540 1974 3949  1041 3949 3950  1974 3949 3950  298 1974 3950  1971 3792 3951  1971 3951 4135  49 1970 3952  1043 1970 3952  1965 3905 3953  100 1965 3953  1038 1962 3954  1962 3954 4255  1960 3402 3955  167 3402 3955  237 1959 3956  1028 1959 3956  44 1955 3957  1040 1955 3957  1077 1954 3958  313 1954 3958  212 1943 3959  859 1943 3959  1938 3606 3960  1063 1938 3960  301 1931 3961  1032 1931 3961  1916 3498 3962  1045 3498 3962  1915 3498 3963  301 1915 3963  863 1885 3964  272 1885 3964  266 1860 3965  809 3695 4299  1031 1848 3966  77 1848 3966  1058 1839 3967  30 1839 3967  2131 3032 3968  305 3032 3968  1828 2671 3969  257 1828 3969  167 1817 3970  1058 1817 3970  1814 3670 3971  735 3670 3971  1805 3824 3972  103 1805 3972  1067 1801 3973  172 1801 3973  304 3096 3974  1022 3096 3974  22 1796 3975  1048 1796 3975  1075 1794 3976  47 1794 3976  193 2297 3977  1038 2297 3977  1773 3893 3978  884 3893 3978  859 1748 3979  48 1748 3979  1051 1718 3980  241 1718 3980  1707 3144 3981  212 3144 3981  1706 3382 3982  230 3382 3982  1740 3256 3983  237 3256 3983  649 1673 3984  189 1673 3984  1670 3887 3985  959 4023 4325  1376 2311 3986  668 2311 3986  310 1636 3987  670 1636 3987  2133 2689 3988  33 2689 3988  1629 3902 3989  37 3902 3989  1617 3552 3990  45 3552 3990  1616 3893 3991  310 1616 3991  877 1604 3992  171 1604 3992  799 1597 3993  69 1597 3993  1052 1587 3994  26 1587 3994  38 1586 3995  1076 1586 3995  1573 3824 3996  834 3824 3996  1563 3889 3997  955 3889 3997  272 1553 3998  1066 4027 4134  1888 3345 3999  1033 3345 3999  1545 3902 4000  1545 4000 4001  440 1544 4001  1054 4001 4002  1544 3591 4002  291 3591 4002  236 1535 4003  896 1535 4003  1524 3404 4004  649 3404 4004  1521 3576 4005  78 1521 4005  1509 3420 4006  1053 3420 4006  1519 3321 4007  25 1519 4007  1508 3473 4008  28 3473 4008  1969 3905 4009  1042 3905 4009  1496 3191 4010  1027 3191 4010  1475 3887 4011  235 3887 4011  1460 3047 4012  663 3047 4012  1063 1446 4013  292 1446 4013  48 1438 4014  1056 1438 4014  1436 3847 4015  799 3847 4015  895 1417 4306  962 1417 4016  1064 1413 4017  166 1413 4017  24 1803 4018  1069 1803 4018  307 1402 4019  1065 1402 4019  1386 3798 4020  1386 4020 4021  421 1385 4021  1070 4021 4022  1385 4021 4022  29 1385 4022  1381 4023 4325  36 1381 4023  2272 2944 4024  192 2944 4024  1366 2762 4025  191 2762 4025  1276 3020 4026  1024 3020 4026  1263 4027 4134  43 1263 4027  1259 3205 4028  973 1259 4028  1258 3820 4029  1073 1258 4029  1257 3842 4030  270 3842 4030  1233 2671 4031  1049 2671 4031  1227 2579 4032  1012 1227 4032  1156 2456 4033  677 2456 4033  3205 4034 4315  34 3205 4034  1975 3949 4035  1041 3949 4035  2130 3670 4036  22 2130 4036  1603 2515 4037  3 1603 4037  1588 2538 4038  1052 2538 4038  1774 3612 4039  76 1774 4039  1169 1671 4040  466 1671 4040  331 2496 4041  2496 4041 4082  597 1373 4042  597 2153 4042  435 2679 4043  1407 2679 4043  1180 2498 4044  259 2498 4044  506 2138 4045  1092 2138 4045  1096 2839 4046  111 2839 4046  316 2280 4047  1096 2280 4047  547 1999 4048  1081 1999 4048  27 2035 4049  1081 2035 4049  1251 3424 4050  1136 1251 4050  370 2740 4051  2740 4051 4052  836 2250 4052  1136 2250 4052  937 1636 4053  671 1636 4053  557 1932 4054  557 1944 4054  1909 3713 4055  262 3713 4055  471 1532 4056  1532 1533 4056  164 1851 4057  1173 1851 4057  139 1879 4058  139 2886 4058  908 1726 4059  280 1726 4059  278 1640 4060  786 1640 4060  84 2126 4061  919 2126 4061  1124 2191 4062  1124 2123 4062  867 2617 4065  867 4063 4065  253 2981 4064  253 2513 4064  770 2699 4065  1328 2699 4065  1205 2230 4066  768 2230 4066  84 2141 4067  1205 2141 4067  589 2179 4068  1147 2179 4068  1147 2179 4069  391 2179 4069  644 2371 4070  1596 2371 4070  21 3189 4071  1522 3189 4071  1187 2506 4072  487 2506 4072  1187 2314 4073  505 2314 4073  408 1426 4074  1094 1426 4074  227 2470 4075  1094 2470 4075  662 2495 4082  185 2495 4076  563 2032 4077  2032 4077 4079  1087 1835 4078  329 1835 4078  1620 3344 4079  1087 1620 4079  612 2182 4080  1137 2182 4080  566 2260 4081  566 2045 4081  2495 4076 4082  1169 4076 4082  202 2540 4083  1350 2540 4083  521 2833 4084  1113 2833 4084  740 2442 4085  1113 2442 4085  300 2027 4086  1113 2027 4086  2001 3941 4087  1036 3941 4087  888 1631 4088  1631 4088 4110  445 1730 4089  1414 1730 4089  1823 3676 4090  1127 3676 4090  1104 1866 4091  146 1866 4091  518 1884 4092  1104 1884 4092  1104 1884 4093  344 1884 4093  1194 1723 4245  1194 4094 4245  543 1982 4095  1194 1982 4095  158 1321 4096  1194 1321 4096  607 3751 4097  1936 3751 4097  1579 2783 4098  258 2783 4098  644 2212 4099  1761 2212 4099  318 2390 4100  2390 4100 4103  362 2521 4102  1302 2521 4102  1303 2400 4102  362 2400 4102  646 2040 4103  1098 2040 4103  2040 3859 4104  114 3859 4104  186 2323 4105  1118 2323 4105  1452 2298 4106  697 2298 4106  275 1190 4107  275 2148 4107  933 3262 4108  1249 3262 4108  462 3239 4109  1482 1599 4237  1362 4110 4195  382 4110 4195  2012 2520 4111  1097 2012 4111  522 1747 4112  1747 1840 4112  447 1530 4113  447 1542 4113  335 2978 4114  335 1871 4114  1901 3831 4115  885 3831 4115  1160 3239 4239  1160 4116 4239  1298 2976 4117  418 2976 4117  976 1982 4118  543 1982 4118  1523 2729 4119  1523 4119 4120  372 1515 4120  1198 1515 4120  2525 2880 4121  1114 2525 4121  2020 3891 4122  554 2020 4122  342 2907 4123  1121 2907 4123  553 1186 4124  553 1899 4124  552 1736 4125  1121 1736 4125  936 2852 4126  2852 2923 4126  1594 3832 4127  598 1594 4127  721 2117 4128  1329 2117 4128  216 3871 4129  2188 3871 4129  571 2460 4130  571 1872 4130  1290 2029 4132  527 2029 4132  686 2231 4133  1290 2231 4133  1235 2558 4133  686 2558 4133  1066 3998 4134  1553 3998 4134  1969 4009 4135  299 4009 4135  1816 2410 4253  917 1816 4136  88 1349 4137  1349 1650 4137  446 3117 4138  446 1557 4138  648 1253 4139  1253 1526 4139  1587 3381 4140  825 3381 4140  2202 2394 4141  325 2394 4141  365 2418 4142  1228 2418 4142  1278 1668 4143  498 1668 4143  1171 1446 4144  395 1446 4144  556 1888 4145  1171 1888 4145  1999 3897 4146  290 3897 4146  1117 1770 4147  1769 1770 4147  440 3780 4148  1300 3780 4148  594 2200 4149  594 1434 4149  1966 3599 4150  961 3599 4150  1659 2494 4151  711 2494 4151  611 2171 4152  1122 2171 4152  1107 2067 4153  573 2067 4153  1760 3286 4154  182 1760 4154  1334 2269 4156  510 1334 4155  1408 3655 4156  62 3655 4156  1137 3491 4157  349 3491 4157  1137 2182 4158  185 2182 4158  350 1891 4159  1229 1891 4159  726 1514 4160  1139 1514 4160  93 1485 4161  1485 3175 4161  590 2173 4162  590 1162 4162  375 2723 4163  1560 4163 4168  104 2094 4164  1701 2094 4164  1078 2829 4165  2206 2829 4165  1672 3631 4166  1672 3064 4177  1465 2186 4167  179 2186 4167  375 2239 4168  1159 2239 4168  1153 2672 4169  175 2672 4169  479 1765 4170  1153 1765 4170  1423 2672 4224  1153 2672 4224  642 2084 4172  1112 2084 4172  2388 3575 4173  722 3575 4173  908 1702 4174  474 1702 4174  1622 2458 4244  1135 1622 4175  1261 4176 4285  1261 1409 4176  864 3063 4177  1132 3063 4177  714 2719 4178  2719 4178 4180  1111 2363 4179  491 2363 4179  2363 4047 4180  1111 2363 4180  178 2180 4181  2180 4181 4183  1109 2178 4182  109 2178 4182  589 2102 4183  1110 2102 4183  700 1804 4184  700 2115 4184  1201 2274 4185  560 2274 4185  897 1499 4186  1499 1930 4186  536 1567 4187  536 1911 4187  608 2123 4188  1124 2123 4188  220 2017 4189  1124 2017 4189  2761 4189 4190  1124 4189 4190  618 2283 4191  1161 2283 4191  2186 4191 4192  1161 4191 4192  190 1951 4193  1244 1951 4193  1114 2524 4194  743 2524 4194  2870 3800 4195  382 2870 4195  340 2733 4196  1214 2733 4196  1218 1537 4197  410 1537 4197  727 2196 4198  871 2196 4198  495 1304 4199  1298 1304 4199  87 2241 4200  1133 2241 4200  1133 2241 4201  599 2241 4201  343 1329 4202  1133 1329 4202  319 3642 4203  2314 3642 4203  1535 4159 4204  1229 4159 4204  1229 1891 4205  519 1891 4205  605 2162 4206  1115 2162 4206  1906 3397 4207  187 1906 4207  1523 4120 4208  1241 1523 4208  1000 1838 4209  1000 2037 4209  1183 3648 4210  416 3648 4210  1695 3753 4211  245 3753 4211  1768 4201 4212  599 4201 4212  1623 3735 4213  1184 3735 4213  2053 3397 4214  946 3397 4214  558 2358 4215  1163 2358 4215  47 1794 4216  1163 1794 4216  433 1525 4266  433 4217 4266  578 1494 4218  1494 1495 4218  345 2306 4219  1478 2306 4219  144 2911 4220  767 2911 4220  1348 2770 4221  617 2770 4221  997 3745 4222  997 2242 4222  1357 2199 4223  173 2199 4223  367 2486 4224  1423 2486 4224  698 1751 4225  673 1751 4225  529 1916 4226  925 4226 4255  698 1511 4227  160 1511 4227  868 1692 4228  473 4176 4285  228 1654 4229  228 1937 4229  2336 2711 4230  681 2711 4230  402 2007 4231  1141 2007 4231  380 3268 4232  380 2144 4232  1260 2076 4233  956 2076 4233  627 2320 4234  1129 2320 4234  461 1700 4235  1129 1700 4235  1729 3577 4236  1090 3577 4236  1482 4109 4237  462 4109 4237  823 1912 4238  263 1912 4238  458 2538 4239  1588 2538 4239  1528 2537 4240  824 2537 4240  1367 2247 4241  379 2247 4241  373 2457 4242  1156 2457 4242  1208 3742 4243  2444 3742 4243  1622 4175 4244  396 4175 4244  398 1324 4245  1324 1723 4245  1213 2368 4246  273 2368 4246  1885 2666 4247  863 1885 4247  1567 2107 4248  769 2107 4248  1414 3254 4249  1414 2229 4249  188 2112 4251  598 2112 4250  2112 4250 4251  1144 4250 4251  256 1717 4321  468 1717 4252  1816 4136 4253  577 4136 4253  1370 2780 4254  111 2780 4254  1916 3962 4255  75 3962 4255  2111 2570 4256  2057 2111 4256  575 2071 4257  2071 4257 4258  139 1879 4258  1130 1879 4258  914 3199 4259  914 2176 4259  526 1676 4260  1188 1676 4260  1003 3300 4261  1003 1693 4261  1696 3148 4262  457 3148 4262  1131 2125 4263  615 2125 4263  1131 2244 4264  616 2244 4264  1579 4098 4265  837 4098 4265  1264 3568 4266  1525 3568 4266  154 1973 4267  1149 1973 4267  813 1824 4268  502 1824 4268  178 1727 4269  1223 1727 4269  225 3660 4270  1398 3660 4270  217 2312 4271  2277 2312 4271  490 3266 4272  1496 3266 4272  647 2438 4273  647 2081 4273  1308 2782 4274  10 2782 4274  1308 1576 4275  446 1576 4275  965 1993 4276  1555 1993 4276  2082 3245 4277  1221 3245 4277  142 4278 4279  1273 4278 4279  1330 3309 4279  1273 3309 4279  1273 2276 4280  583 2276 4280  1226 2894 4281  161 2894 4281  2889 3721 4282  1226 3721 4282  71 3391 4283  71 2449 4283  503 1296 4284  1140 1296 4284  473 4228 4285  1692 4228 4285  1145 1876 4286  513 1876 4286  597 2278 4287  1145 2278 4287  1626 2549 4288  737 2549 4288  1868 2587 4289  873 2587 4289  585 2357 4290  585 2205 4290  190 4193 4291  1528 4193 4291  506 1834 4292  1834 2892 4292  1139 1514 4293  1514 2183 4293  687 2270 4294  1256 2270 4294  1463 3071 4295  1463 1979 4295  2012 2623 4296  911 2012 4296  1710 3154 4297  969 3154 4297  80 2056 4298  1525 2056 4298  809 3965 4299  1860 3965 4299  1437 2065 4300  604 2065 4300  1460 3451 4301  429 3451 4301  1269 3077 4302  550 3077 4302  514 1501 4303  1325 1501 4303  6 1355 4304  1284 2924 4334  523 1714 4305  523 1510 4305  1417 4016 4306  192 4016 4306  474 1725 4307  1150 1725 4307  660 2432 4308  1150 2432 4308  1150 2432 4309  61 2432 4309  53 2322 4310  1305 2322 4310  563 2648 4311  563 2143 4311  1522 3189 4312  1660 3189 4312  1106 3045 4313  1106 2517 4313  1646 3506 4314  195 3506 4314  1068 1693 4315  1154 1693 4315  1844 3761 4316  1157 3761 4316  150 1313 4317  1313 1314 4317  1164 1798 4318  143 1798 4318  1164 2258 4319  558 2258 4319  1164 2307 4320  333 2307 4320  1717 4252 4321  1144 4252 4321  1285 3136 4322  82 3136 4322  1407 2952 4323  436 2952 4323  1578 2284 4324  51 2284 4324  959 3985 4325  1670 3985 4325  921 3473 4326  921 2149 4326  1624 2897 4327  247 2897 4327  1317 2452 4328  961 2452 4328  16 4331 4332  13 20 4333  4330 4333 4335  4329 4331 4332  16 17 4331  1365 1476 4332  16 1476 4332  19 3478 4335  19 4330 4335  1284 4304 4334  6 4304 4334  13 4335 4336  3478 4335 4336  1177 1892 4336  1177 3478 4336  </DataArray>
<DataArray  type="UInt32"  Name="offsets"  format="ascii">3 6 9 12 15 18 21 24 27 30 33 36 39 42 45 48 51 54 57 60 63 66 69 72 75 78 81 84 87 90 93 96 99 102 105 108 111 114 117 120 123 126 129 132 135 138 141 144 147 150 153 156 159 162 165 168 171 174 177 180 183 186 189 192 195 198 201 204 207 210 213 216 219 222 225 228 231 234 237 240 243 246 249 252 255 258 261 264 267 270 273 276 279 282 285 288 291 294 297 300 303 306 309 312 315 318 321 324 327 330 333 336 339 342 345 348 351 354 357 360 363 366 369 372 375 378 381 384 387 390 393 396 399 402 405 408 411 414 417 420 423 426 429 432 435 438 441 444 447 450 453 456 459 462 465 468 471 474 477 480 483 486 489 492 495 498 501 504 507 510 513 516 519 522 525 528 531 534 537 540 543 546 549 552 555 558 561 564 567 570 573 576 579 582 585 588 591 594 597 600 603 606 609 612 615 618 621 624 627 630 633 636 639 642 645 648 651 654 657 660 663 666 669 672 675 678 681 684 687 690 693 696 699 702 705 708 711 714 717 720 723 726 729 732 735 738 741 744 747 750 753 756 759 762 765 768 771 774 777 780 783 786 789 792 795 798 801 804 807 810 813 816 819 822 825 828 831 834 837 840 843 846 849 852 855 858 861 864 867 870 873 876 879 882 885 888 891 894 897 900 903 906 909 912 915 918 921 924 927 930 933 936 939 942 945 948 951 954 957 960 963 966 969 972 975 978 981 984 987 990 993 996 999 1002 1005 1008 1011 1014 1017 1020 1023 1026 1029 1032 1035 1038 1041 1044 1047 1050 1053 1056 1059 1062 1065 1068 1071 1074 1077 1080 1083 1086 1089 1092 1095 1098 1101 1104 1107 1110 1113 1116 1119 1122 1125 1128 1131 1134 1137 1140 1143 1146 1149 1152 1155 1158 1161 1164 1167 1170 1173 1176 1179 1182 1185 1188 1191 1194 1197 1200 1203 1206 1209 1212 1215 1218 1221 1224 1227 1230 1233 1236 1239 1242 1245 1248 1251 1254 1257 1260 1263 1266 1269 1272 1275 1278 1281 1284 1287 1290 1293 1296 1299 1302 1305 1308 1311 1314 1317 1320 1323 1326 1329 1332 1335 1338 1341 1344 1347 1350 1353 1356 1359 1362 1365 1368 1371 1374 1377 1380 1383 1386 1389 1392 1395 1398 1401 1404 1407 1410 1413 1416 1419 1422 1425 1428 1431 1434 1437 1440 1443 1446 1449 1452 1455 1458 1461 1464 1467 1470 1473 1476 1479 1482 1485 1488 1491 1494 1497 1500 1503 1506 1509 1512 1515 1518 1521 1524 1527 1530 1533 1536 1539 1542 1545 1548 1551 1554 1557 1560 1563 1566 1569 1572 1575 1578 1581 1584 1587 1590 1593 1596 1599 1602 1605 1608 1611 1614 1617 1620 1623 1626 1629 1632 1635 1638 1641 1644 1647 1650 1653 1656 1659 1662 1665 1668 1671 1674 1677 1680 1683 1686 1689 1692 1695 1698 1701 1704 1707 1710 1713 1716 1719 1722 1725 1728 1731 1734 1737 1740 1743 1746 1749 1752 1755 1758 1761 1764 1767 1770 1773 1776 1779 1782 1785 1788 1791 1794 1797 1800 1803 1806 1809 1812 1815 1818 1821 1824 1827 1830 1833 1836 1839 1842 1845 1848 1851 1854 1857 1860 1863 1866 1869 1872 1875 1878 1881 1884 1887 1890 1893 1896 1899 1902 1905 1908 1911 1914 1917 1920 1923 1926 1929 1932 1935 1938 1941 1944 1947 1950 1953 1956 1959 1962 1965 1968 1971 1974 1977 1980 1983 1986 1989 1992 1995 1998 2001 2004 2007 2010 2013 2016 2019 2022 2025 2028 2031 2034 2037 2040 2043 2046 2049 2052 2055 2058 2061 2064 2067 2070 2073 2076 2079 2082 2085 2088 2091 2094 2097 2100 2103 2106 2109 2112 2115 2118 2121 2124 2127 2130 2133 2136 2139 2142 2145 2148 2151 2154 2157 2160 2163 2166 2169 2172 2175 2178 2181 2184 2187 2190 2193 2196 2199 2202 2205 2208 2211 2214 2217 2220 2223 2226 2229 2232 2235 2238 2241 2244 2247 2250 2253 2256 2259 2262 2265 2268 2271 2274 2277 2280 2283 2286 2289 2292 2295 2298 2301 2304 2307 2310 2313 2316 2319 2322 2325 2328 2331 2334 2337 2340 2343 2346 2349 2352 2355 2358 2361 2364 2367 2370 2373 2376 2379 2382 2385 2388 2391 2394 2397 2400 2403 2406 2409 2412 2415 2418 2421 2424 2427 2430 2433 2436 2439 2442 2445 2448 2451 2454 2457 2460 2463 2466 2469 2472 2475 2478 2481 2484 2487 2490 2493 2496 2499 2502 2505 2508 2511 2514 2517 2520 2523 2526 2529 2532 2535 2538 2541 2544 2547 2550 2553 2556 2559 2562 2565 2568 2571 2574 2577 2580 2583 2586 2589 2592 2595 2598 2601 2604 2607 2610 2613 2616 2619 2622 2625 2628 2631 2634 2637 2640 2643 2646 2649 2652 2655 2658 2661 2664 2667 2670 2673 2676 2679 2682 2685 2688 2691 2694 2697 2700 2703 2706 2709 2712 2715 2718 2721 2724 2727 2730 2733 2736 2739 2742 2745 2748 2751 2754 2757 2760 2763 2766 2769 2772 2775 2778 2781 2784 2787 2790 2793 2796 2799 2802 2805 2808 2811 2814 2817 2820 2823 2826 2829 2832 2835 2838 2841 2844 2847 2850 2853 2856 2859 2862 2865 2868 2871 2874 2877 2880 2883 2886 2889 2892 2895 2898 2901 2904 2907 2910 2913 2916 2919 2922 2925 2928 2931 2934 2937 2940 2943 2946 2949 2952 2955 2958 2961 2964 2967 2970 2973 2976 2979 2982 2985 2988 2991 2994 2997 3000 3003 3006 3009 3012 3015 3018 3021 3024 3027 3030 3033 3036 3039 3042 3045 3048 3051 3054 3057 3060 3063 3066 3069 3072 3075 3078 3081 3084 3087 3090 3093 3096 3099 3102 3105 3108 3111 3114 3117 3120 3123 3126 3129 3132 3135 3138 3141 3144 3147 3150 3153 3156 3159 3162 3165 3168 3171 3174 3177 3180 3183 3186 3189 3192 3195 3198 3201 3204 3207 3210 3213 3216 3219 3222 3225 3228 3231 3234 3237 3240 3243 3246 3249 3252 3255 3258 3261 3264 3267 3270 3273 3276 3279 3282 3285 3288 3291 3294 3297 3300 3303 3306 3309 3312 3315 3318 3321 3324 3327 3330 3333 3336 3339 3342 3345 3348 3351 3354 3357 3360 3363 3366 3369 3372 3375 3378 3381 3384 3387 3390 3393 3396 3399 3402 3405 3408 3411 3414 3417 3420 3423 3426 3429 3432 3435 3438 3441 3444 3447 3450 3453 3456 3459 3462 3465 3468 3471 3474 3477 3480 3483 3486 3489 3492 3495 3498 3501 3504 3507 3510 3513 3516 3519 3522 3525 3528 3531 3534 3537 3540 3543 3546 3549 3552 3555 3558 3561 3564 3567 3570 3573 3576 3579 3582 3585 3588 3591 3594 3597 3600 3603 3606 3609 3612 3615 3618 3621 3624 3627 3630 3633 3636 3639 3642 3645 3648 3651 3654 3657 3660 3663 3666 3669 3672 3675 3678 3681 3684 3687 3690 3693 3696 3699 3702 3705 3708 3711 3714 3717 3720 3723 3726 3729 3732 3735 3738 3741 3744 3747 3750 3753 3756 3759 3762 3765 3768 3771 3774 3777 3780 3783 3786 3789 3792 3795 3798 3801 3804 3807 3810 3813 3816 3819 3822 3825 3828 3831 3834 3837 3840 3843 3846 3849 3852 3855 3858 3861 3864 3867 3870 3873 3876 3879 3882 3885 3888 3891 3894 3897 3900 3903 3906 3909 3912 3915 3918 3921 3924 3927 3930 3933 3936 3939 3942 3945 3948 3951 3954 3957 3960 3963 3966 3969 3972 3975 3978 3981 3984 3987 3990 3993 3996 3999 4002 4005 4008 4011 4014 4017 4020 4023 4026 4029 4032 4035 4038 4041 4044 4047 4050 4053 4056 4059 4062 4065 4068 4071 4074 4077 4080 4083 4086 4089 4092 4095 4098 4101 4104 4107 4110 4113 4116 4119 4122 4125 4128 4131 4134 4137 4140 4143 4146 4149 4152 4155 4158 4161 4164 4167 4170 4173 4176 4179 4182 4185 4188 4191 4194 4197 4200 4203 4206 4209 4212 4215 4218 4221 4224 4227 4230 4233 4236 4239 4242 4245 4248 4251 4254 4257 4260 4263 4266 4269 4272 4275 4278 4281 4284 4287 4290 4293 4296 4299 4302 4305 4308 4311 4314 4317 4320 4323 4326 4329 4332 4335 4338 4341 4344 4347 4350 4353 4356 4359 4362 4365 4368 4371 4374 4377 4380 4383 4386 4389 4392 4395 4398 4401 4404 4407 4410 4413 4416 4419 4422 4425 4428 4431 4434 4437 4440 4443 4446 4449 4452 4455 4458 4461 4464 4467 4470 4473 4476 4479 4482 4485 4488 4491 4494 4497 4500 4503 4506 4509 4512 4515 4518 4521 4524 4527 4530 4533 4536 4539 4542 4545 4548 4551 4554 4557 4560 4563 4566 4569 4572 4575 4578 4581 4584 4587 4590 4593 4596 4599 4602 4605 4608 4611 4614 4617 4620 4623 4626 4629 4632 4635 4638 4641 4644 4647 4650 4653 4656 4659 4662 4665 4668 4671 4674 4677 4680 4683 4686 4689 4692 4695 4698 4701 4704 4707 4710 4713 4716 4719 4722 4725 4728 4731 4734 4737 4740 4743 4746 4749 4752 4755 4758 4761 4764 4767 4770 4773 4776 4779 4782 4785 4788 4791 4794 4797 4800 4803 4806 4809 4812 4815 4818 4821 4824 4827 4830 4833 4836 4839 4842 4845 4848 4851 4854 4857 4860 4863 4866 4869 4872 4875 4878 4881 4884 4887 4890 4893 4896 4899 4902 4905 4908 4911 4914 4917 4920 4923 4926 4929 4932 4935 4938 4941 4944 4947 4950 4953 4956 4959 4962 4965 4968 4971 4974 4977 4980 4983 4986 4989 4992 4995 4998 5001 5004 5007 5010 5013 5016 5019 5022 5025 5028 5031 5034 5037 5040 5043 5046 5049 5052 5055 5058 5061 5064 5067 5070 5073 5076 5079 5082 5085 5088 5091 5094 5097 5100 5103 5106 5109 5112 5115 5118 5121 5124 5127 5130 5133 5136 5139 5142 5145 5148 5151 5154 5157 5160 5163 5166 5169 5172 5175 5178 5181 5184 5187 5190 5193 5196 5199 5202 5205 5208 5211 5214 5217 5220 5223 5226 5229 5232 5235 5238 5241 5244 5247 5250 5253 5256 5259 5262 5265 5268 5271 5274 5277 5280 5283 5286 5289 5292 5295 5298 5301 5304 5307 5310 5313 5316 5319 5322 5325 5328 5331 5334 5337 5340 5343 5346 5349 5352 5355 5358 5361 5364 5367 5370 5373 5376 5379 5382 5385 5388 5391 5394 5397 5400 5403 5406 5409 5412 5415 5418 5421 5424 5427 5430 5433 5436 5439 5442 5445 5448 5451 5454 5457 5460 5463 5466 5469 5472 5475 5478 5481 5484 5487 5490 5493 5496 5499 5502 5505 5508 5511 5514 5517 5520 5523 5526 5529 5532 5535 5538 5541 5544 5547 5550 5553 5556 5559 5562 5565 5568 5571 5574 5577 5580 5583 5586 5589 5592 5595 5598 5601 5604 5607 5610 5613 5616 5619 5622 5625 5628 5631 5634 5637 5640 5643 5646 5649 5652 5655 5658 5661 5664 5667 5670 5673 5676 5679 5682 5685 5688 5691 5694 5697 5700 5703 5706 5709 5712 5715 5718 5721 5724 5727 5730 5733 5736 5739 5742 5745 5748 5751 5754 5757 5760 5763 5766 5769 5772 5775 5778 5781 5784 5787 5790 5793 5796 5799 5802 5805 5808 5811 5814 5817 5820 5823 5826 5829 5832 5835 5838 5841 5844 5847 5850 5853 5856 5859 5862 5865 5868 5871 5874 5877 5880 5883 5886 5889 5892 5895 5898 5901 5904 5907 5910 5913 5916 5919 5922 5925 5928 5931 5934 5937 5940 5943 5946 5949 5952 5955 5958 5961 5964 5967 5970 5973 5976 5979 5982 5985 5988 5991 5994 5997 6000 6003 6006 6009 6012 6015 6018 6021 6024 6027 6030 6033 6036 6039 6042 6045 6048 6051 6054 6057 6060 6063 6066 6069 6072 6075 6078 6081 6084 6087 6090 6093 6096 6099 6102 6105 6108 6111 6114 6117 6120 6123 6126 6129 6132 6135 6138 6141 6144 6147 6150 6153 6156 6159 6162 6165 6168 6171 6174 6177 6180 6183 6186 6189 6192 6195 6198 6201 6204 6207 6210 6213 6216 6219 6222 6225 6228 6231 6234 6237 6240 6243 6246 6249 6252 6255 6258 6261 6264 6267 6270 6273 6276 6279 6282 6285 6288 6291 6294 6297 6300 6303 6306 6309 6312 6315 6318 6321 6324 6327 6330 6333 6336 6339 6342 6345 6348 6351 6354 6357 6360 6363 6366 6369 6372 6375 6378 6381 6384 6387 6390 6393 6396 6399 6402 6405 6408 6411 6414 6417 6420 6423 6426 6429 6432 6435 6438 6441 6444 6447 6450 6453 6456 6459 6462 6465 6468 6471 6474 6477 6480 6483 6486 6489 6492 6495 6498 6501 6504 6507 6510 6513 6516 6519 6522 6525 6528 6531 6534 6537 6540 6543 6546 6549 6552 6555 6558 6561 6564 6567 6570 6573 6576 6579 6582 6585 6588 6591 6594 6597 6600 6603 6606 6609 6612 6615 6618 6621 6624 6627 6630 6633 6636 6639 6642 6645 6648 6651 6654 6657 6660 6663 6666 6669 6672 6675 6678 6681 6684 6687 6690 6693 6696 6699 6702 6705 6708 6711 6714 6717 6720 6723 6726 6729 6732 6735 6738 6741 6744 6747 6750 6753 6756 6759 6762 6765 6768 6771 6774 6777 6780 6783 6786 6789 6792 6795 6798 6801 6804 6807 6810 6813 6816 6819 6822 6825 6828 6831 6834 6837 6840 6843 6846 6849 6852 6855 6858 6861 6864 6867 6870 6873 6876 6879 6882 6885 6888 6891 6894 6897 6900 6903 6906 6909 6912 6915 6918 6921 6924 6927 6930 6933 6936 6939 6942 6945 6948 6951 6954 6957 6960 6963 6966 6969 6972 6975 6978 6981 6984 6987 6990 6993 6996 6999 7002 7005 7008 7011 7014 7017 7020 7023 7026 7029 7032 7035 7038 7041 7044 7047 7050 7053 7056 7059 7062 7065 7068 7071 7074 7077 7080 7083 7086 7089 7092 7095 7098 7101 7104 7107 7110 7113 7116 7119 7122 7125 7128 7131 7134 7137 7140 7143 7146 7149 7152 7155 7158 7161 7164 7167 7170 7173 7176 7179 7182 7185 7188 7191 7194 7197 7200 7203 7206 7209 7212 7215 7218 7221 7224 7227 7230 7233 7236 7239 7242 7245 7248 7251 7254 7257 7260 7263 7266 7269 7272 7275 7278 7281 7284 7287 7290 7293 7296 7299 7302 7305 7308 7311 7314 7317 7320 7323 7326 7329 7332 7335 7338 7341 7344 7347 7350 7353 7356 7359 7362 7365 7368 7371 7374 7377 7380 7383 7386 7389 7392 7395 7398 7401 7404 7407 7410 7413 7416 7419 7422 7425 7428 7431 7434 7437 7440 7443 7446 7449 7452 7455 7458 7461 7464 7467 7470 7473 7476 7479 7482 7485 7488 7491 7494 7497 7500 7503 7506 7509 7512 7515 7518 7521 7524 7527 7530 7533 7536 7539 7542 7545 7548 7551 7554 7557 7560 7563 7566 7569 7572 7575 7578 7581 7584 7587 7590 7593 7596 7599 7602 7605 7608 7611 7614 7617 7620 7623 7626 7629 7632 7635 7638 7641 7644 7647 7650 7653 7656 7659 7662 7665 7668 7671 7674 7677 7680 7683 7686 7689 7692 7695 7698 7701 7704 7707 7710 7713 7716 7719 7722 7725 7728 7731 7734 7737 7740 7743 7746 7749 7752 7755 7758 7761 7764 7767 7770 7773 7776 7779 7782 7785 7788 7791 7794 7797 7800 7803 7806 7809 7812 7815 7818 7821 7824 7827 7830 7833 7836 7839 7842 7845 7848 7851 7854 7857 7860 7863 7866 7869 7872 7875 7878 7881 7884 7887 7890 7893 7896 7899 7902 7905 7908 7911 7914 7917 7920 7923 7926 7929 7932 7935 7938 7941 7944 7947 7950 7953 7956 7959 7962 7965 7968 7971 7974 7977 7980 7983 7986 7989 7992 7995 7998 8001 8004 8007 8010 8013 8016 8019 8022 8025 8028 8031 8034 8037 8040 8043 8046 8049 8052 8055 8058 8061 8064 8067 8070 8073 8076 8079 8082 8085 8088 8091 8094 8097 8100 8103 8106 8109 8112 8115 8118 8121 8124 8127 8130 8133 8136 8139 8142 8145 8148 8151 8154 8157 8160 8163 8166 8169 8172 8175 8178 8181 8184 8187 8190 8193 8196 8199 8202 8205 8208 8211 8214 8217 8220 8223 8226 8229 8232 8235 8238 8241 8244 8247 8250 8253 8256 8259 8262 8265 8268 8271 8274 8277 8280 8283 8286 8289 8292 8295 8298 8301 8304 8307 8310 8313 8316 8319 8322 8325 8328 8331 8334 8337 8340 8343 8346 8349 8352 8355 8358 8361 8364 8367 8370 8373 8376 8379 8382 8385 8388 8391 8394 8397 8400 8403 8406 8409 8412 8415 8418 8421 8424 8427 8430 8433 8436 8439 8442 8445 8448 8451 8454 8457 8460 8463 8466 8469 8472 8475 8478 8481 8484 8487 8490 8493 8496 8499 8502 8505 8508 8511 8514 8517 8520 8523 8526 8529 8532 8535 8538 8541 8544 8547 8550 8553 8556 8559 8562 8565 8568 8571 8574 8577 8580 8583 8586 8589 8592 8595 8598 8601 8604 8607 8610 8613 8616 8619 8622 8625 8628 8631 8634 8637 8640 8643 8646 8649 8652 8655 8658 8661 8664 8667 8670 8673 8676 8679 8682 8685 8688 8691 8694 8697 8700 8703 8706 8709 8712 8715 8718 8721 8724 8727 8730 8733 8736 8739 8742 8745 8748 8751 8754 8757 8760 8763 8766 8769 8772 8775 8778 8781 8784 8787 8790 8793 8796 8799 8802 8805 8808 8811 8814 8817 8820 8823 8826 8829 8832 8835 8838 8841 8844 8847 8850 8853 8856 8859 8862 8865 8868 8871 8874 8877 8880 8883 8886 8889 8892 8895 8898 8901 8904 8907 8910 8913 8916 8919 8922 8925 8928 8931 8934 8937 8940 8943 8946 8949 8952 8955 8958 8961 8964 8967 8970 8973 8976 8979 8982 8985 8988 8991 8994 8997 9000 9003 9006 9009 9012 9015 9018 9021 9024 9027 9030 9033 9036 9039 9042 9045 9048 9051 9054 9057 9060 9063 9066 9069 9072 9075 9078 9081 9084 9087 9090 9093 9096 9099 9102 9105 9108 9111 9114 9117 9120 9123 9126 9129 9132 9135 9138 9141 9144 9147 9150 9153 9156 9159 9162 9165 9168 9171 9174 9177 9180 9183 9186 9189 9192 9195 9198 9201 9204 9207 9210 9213 9216 9219 9222 9225 9228 9231 9234 9237 9240 9243 9246 9249 9252 9255 9258 9261 9264 9267 9270 9273 9276 9279 9282 9285 9288 9291 9294 9297 9300 9303 9306 9309 9312 9315 9318 9321 9324 9327 9330 9333 9336 9339 9342 9345 9348 9351 9354 9357 9360 9363 9366 9369 9372 9375 9378 9381 9384 9387 9390 9393 9396 9399 9402 9405 9408 9411 9414 9417 9420 9423 9426 9429 9432 9435 9438 9441 9444 9447 9450 9453 9456 9459 9462 9465 9468 9471 9474 9477 9480 9483 9486 9489 9492 9495 9498 9501 9504 9507 9510 9513 9516 9519 9522 9525 9528 9531 9534 9537 9540 9543 9546 9549 9552 9555 9558 9561 9564 9567 9570 9573 9576 9579 9582 9585 9588 9591 9594 9597 9600 9603 9606 9609 9612 9615 9618 9621 9624 9627 9630 9633 9636 9639 9642 9645 9648 9651 9654 9657 9660 9663 9666 9669 9672 9675 9678 9681 9684 9687 9690 9693 9696 9699 9702 9705 9708 9711 9714 9717 9720 9723 9726 9729 9732 9735 9738 9741 9744 9747 9750 9753 9756 9759 9762 9765 9768 9771 9774 9777 9780 9783 9786 9789 9792 9795 9798 9801 9804 9807 9810 9813 9816 9819 9822 9825 9828 9831 9834 9837 9840 9843 9846 9849 9852 9855 9858 9861 9864 9867 9870 9873 9876 9879 9882 9885 9888 9891 9894 9897 9900 9903 9906 9909 9912 9915 9918 9921 9924 9927 9930 9933 9936 9939 9942 9945 9948 9951 9954 9957 9960 9963 9966 9969 9972 9975 9978 9981 9984 9987 9990 9993 9996 9999 10002 10005 10008 10011 10014 10017 10020 10023 10026 10029 10032 10035 10038 10041 10044 10047 10050 10053 10056 10059 10062 10065 10068 10071 10074 10077 10080 10083 10086 10089 10092 10095 10098 10101 10104 10107 10110 10113 10116 10119 10122 10125 10128 10131 10134 10137 10140 10143 10146 10149 10152 10155 10158 10161 10164 10167 10170 10173 10176 10179 10182 10185 10188 10191 10194 10197 10200 10203 10206 10209 10212 10215 10218 10221 10224 10227 10230 10233 10236 10239 10242 10245 10248 10251 10254 10257 10260 10263 10266 10269 10272 10275 10278 10281 10284 10287 10290 10293 10296 10299 10302 10305 10308 10311 10314 10317 10320 10323 10326 10329 10332 10335 10338 10341 10344 10347 10350 10353 10356 10359 10362 10365 10368 10371 10374 10377 10380 10383 10386 10389 10392 10395 10398 10401 10404 10407 10410 10413 10416 10419 10422 10425 10428 10431 10434 10437 10440 10443 10446 10449 10452 10455 10458 10461 10464 10467 10470 10473 10476 10479 10482 10485 10488 10491 10494 10497 10500 10503 10506 10509 10512 10515 10518 10521 10524 10527 10530 10533 10536 10539 10542 10545 10548 10551 10554 10557 10560 10563 10566 10569 10572 10575 10578 10581 10584 10587 10590 10593 10596 10599 10602 10605 10608 10611 10614 10617 10620 10623 10626 10629 10632 10635 10638 10641 10644 10647 10650 10653 10656 10659 10662 10665 10668 10671 10674 10677 10680 10683 10686 10689 10692 10695 10698 10701 10704 10707 10710 10713 10716 10719 10722 10725 10728 10731 10734 10737 10740 10743 10746 10749 10752 10755 10758 10761 10764 10767 10770 10773 10776 10779 10782 10785 10788 10791 10794 10797 10800 10803 10806 10809 10812 10815 10818 10821 10824 10827 10830 10833 10836 10839 10842 10845 10848 10851 10854 10857 10860 10863 10866 10869 10872 10875 10878 10881 10884 10887 10890 10893 10896 10899 10902 10905 10908 10911 10914 10917 10920 10923 10926 10929 10932 10935 10938 10941 10944 10947 10950 10953 10956 10959 10962 10965 10968 10971 10974 10977 10980 10983 10986 10989 10992 10995 10998 11001 11004 11007 11010 11013 11016 11019 11022 11025 11028 11031 11034 11037 11040 11043 11046 11049 11052 11055 11058 11061 11064 11067 11070 11073 11076 11079 11082 11085 11088 11091 11094 11097 11100 11103 11106 11109 11112 11115 11118 11121 11124 11127 11130 11133 11136 11139 11142 11145 11148 11151 11154 11157 11160 11163 11166 11169 11172 11175 11178 11181 11184 11187 11190 11193 11196 11199 11202 11205 11208 11211 11214 11217 11220 11223 11226 11229 11232 11235 11238 11241 11244 11247 11250 11253 11256 11259 11262 11265 11268 11271 11274 11277 11280 11283 11286 11289 11292 11295 11298 11301 11304 11307 11310 11313 11316 11319 11322 11325 11328 11331 11334 11337 11340 11343 11346 11349 11352 11355 11358 11361 11364 11367 11370 11373 11376 11379 11382 11385 11388 11391 11394 11397 11400 11403 11406 11409 11412 11415 11418 11421 11424 11427 11430 11433 11436 11439 11442 11445 11448 11451 11454 11457 11460 11463 11466 11469 11472 11475 11478 11481 11484 11487 11490 11493 11496 11499 11502 11505 11508 11511 11514 11517 11520 11523 11526 11529 11532 11535 11538 11541 11544 11547 11550 11553 11556 11559 11562 11565 11568 11571 11574 11577 11580 11583 11586 11589 11592 11595 11598 11601 11604 11607 11610 11613 11616 11619 11622 11625 11628 11631 11634 11637 11640 11643 11646 11649 11652 11655 11658 11661 11664 11667 11670 11673 11676 11679 11682 11685 11688 11691 11694 11697 11700 11703 11706 11709 11712 11715 11718 11721 11724 11727 11730 11733 11736 11739 11742 11745 11748 11751 11754 11757 11760 11763 11766 11769 11772 11775 11778 11781 11784 11787 11790 11793 11796 11799 11802 11805 11808 11811 11814 11817 11820 11823 11826 11829 11832 11835 11838 11841 11844 11847 11850 11853 11856 11859 11862 11865 11868 11871 11874 11877 11880 11883 11886 11889 11892 11895 11898 11901 11904 11907 11910 11913 11916 11919 11922 11925 11928 11931 11934 11937 11940 11943 11946 11949 11952 11955 11958 11961 11964 11967 11970 11973 11976 11979 11982 11985 11988 11991 11994 11997 12000 12003 12006 12009 12012 12015 12018 12021 12024 12027 12030 12033 12036 12039 12042 12045 12048 12051 12054 12057 12060 12063 12066 12069 12072 12075 12078 12081 12084 12087 12090 12093 12096 12099 12102 12105 12108 12111 12114 12117 12120 12123 12126 12129 12132 12135 12138 12141 12144 12147 12150 12153 12156 12159 12162 12165 12168 12171 12174 12177 12180 12183 12186 12189 12192 12195 12198 12201 12204 12207 12210 12213 12216 12219 12222 12225 12228 12231 12234 12237 12240 12243 12246 12249 12252 12255 12258 12261 12264 12267 12270 12273 12276 12279 12282 12285 12288 12291 12294 12297 12300 12303 12306 12309 12312 12315 12318 12321 12324 12327 12330 12333 12336 12339 12342 12345 12348 12351 12354 12357 12360 12363 12366 12369 12372 12375 12378 12381 12384 12387 12390 12393 12396 12399 12402 12405 12408 12411 12414 12417 12420 12423 12426 12429 12432 12435 12438 12441 12444 12447 12450 12453 12456 12459 12462 12465 12468 12471 12474 12477 12480 12483 12486 12489 12492 12495 12498 12501 12504 12507 12510 12513 12516 12519 12522 12525 12528 12531 12534 12537 12540 12543 12546 12549 12552 12555 12558 12561 12564 12567 12570 12573 12576 12579 12582 12585 12588 12591 12594 12597 12600 12603 12606 12609 12612 12615 12618 12621 12624 12627 12630 12633 12636 12639 12642 12645 12648 12651 12654 12657 12660 12663 12666 12669 12672 12675 12678 12681 12684 12687 12690 12693 12696 12699 12702 12705 12708 12711 12714 12717 12720 12723 12726 12729 12732 12735 12738 12741 12744 12747 12750 12753 12756 12759 12762 12765 12768 12771 12774 12777 12780 12783 12786 12789 12792 12795 12798 12801 12804 12807 12810 12813 12816 12819 12822 12825 12828 12831 12834 12837 12840 12843 12846 12849 12852 12855 12858 12861 12864 12867 12870 12873 12876 12879 12882 12885 12888 12891 12894 12897 12900 12903 12906 12909 12912 12915 12918 12921 12924 12927 12930 12933 12936 12939 12942 12945 12948 12951 12954 12957 12960 12963 12966 12969 12972 12975 12978 12981 12984 12987 12990 12993 12996 12999 13002 13005 13008 13011 13014 13017 13020 13023 13026 13029 13032 13035 13038 13041 13044 13047 13050 13053 13056 13059 13062 13065 13068 13071 13074 13077 13080 13083 13086 13089 13092 13095 13098 13101 13104 13107 13110 13113 13116 13119 13122 13125 13128 13131 13134 13137 13140 13143 13146 13149 13152 13155 13158 13161 13164 13167 13170 13173 13176 13179 13182 13185 13188 13191 13194 13197 13200 13203 13206 13209 13212 13215 13218 13221 13224 13227 13230 13233 13236 13239 13242 13245 13248 13251 13254 13257 13260 13263 13266 13269 13272 13275 13278 13281 13284 13287 13290 13293 13296 13299 13302 13305 13308 13311 13314 13317 13320 13323 13326 13329 13332 13335 13338 13341 13344 13347 13350 13353 13356 13359 13362 13365 13368 13371 13374 13377 13380 13383 13386 13389 13392 13395 13398 13401 13404 13407 13410 13413 13416 13419 13422 13425 13428 13431 13434 13437 13440 13443 13446 13449 13452 13455 13458 13461 13464 13467 13470 13473 13476 13479 13482 13485 13488 13491 13494 13497 13500 13503 13506 13509 13512 13515 13518 13521 13524 13527 13530 13533 13536 13539 13542 13545 13548 13551 13554 13557 13560 13563 13566 13569 13572 13575 13578 13581 13584 13587 13590 13593 13596 13599 13602 13605 13608 13611 13614 13617 13620 13623 13626 13629 13632 13635 13638 13641 13644 13647 13650 13653 13656 13659 13662 13665 13668 13671 13674 13677 13680 13683 13686 13689 13692 13695 13698 13701 13704 13707 13710 13713 13716 13719 13722 13725 13728 13731 13734 13737 13740 13743 13746 13749 13752 13755 13758 13761 13764 13767 13770 13773 13776 13779 13782 13785 13788 13791 13794 13797 13800 13803 13806 13809 13812 13815 13818 13821 13824 13827 13830 13833 13836 13839 13842 13845 13848 13851 13854 13857 13860 13863 13866 13869 13872 13875 13878 13881 13884 13887 13890 13893 13896 13899 13902 13905 13908 13911 13914 13917 13920 13923 13926 13929 13932 13935 13938 13941 13944 13947 13950 13953 13956 13959 13962 13965 13968 13971 13974 13977 13980 13983 13986 13989 13992 13995 13998 14001 14004 14007 14010 14013 14016 14019 14022 14025 14028 14031 14034 14037 14040 14043 14046 14049 14052 14055 14058 14061 14064 14067 14070 14073 14076 14079 14082 14085 14088 14091 14094 14097 14100 14103 14106 14109 14112 14115 14118 14121 14124 14127 14130 14133 14136 14139 14142 14145 14148 14151 14154 14157 14160 14163 14166 14169 14172 14175 14178 14181 14184 14187 14190 14193 14196 14199 14202 14205 14208 14211 14214 14217 14220 14223 14226 14229 14232 14235 14238 14241 14244 14247 14250 14253 14256 14259 14262 14265 14268 14271 14274 14277 14280 14283 14286 14289 14292 14295 14298 14301 14304 14307 14310 14313 14316 14319 14322 14325 14328 14331 14334 14337 14340 14343 14346 14349 14352 14355 14358 14361 14364 14367 14370 14373 14376 14379 14382 14385 14388 14391 14394 14397 14400 14403 14406 14409 14412 14415 14418 14421 14424 14427 14430 14433 14436 14439 14442 14445 14448 14451 14454 14457 14460 14463 14466 14469 14472 14475 14478 14481 14484 14487 14490 14493 14496 14499 14502 14505 14508 14511 14514 14517 14520 14523 14526 14529 14532 14535 14538 14541 14544 14547 14550 14553 14556 14559 14562 14565 14568 14571 14574 14577 14580 14583 14586 14589 14592 14595 14598 14601 14604 14607 14610 14613 14616 14619 14622 14625 14628 14631 14634 14637 14640 14643 14646 14649 14652 14655 14658 14661 14664 14667 14670 14673 14676 14679 14682 14685 14688 14691 14694 14697 14700 14703 14706 14709 14712 14715 14718 14721 14724 14727 14730 14733 14736 14739 14742 14745 14748 14751 14754 14757 14760 14763 14766 14769 14772 14775 14778 14781 14784 14787 14790 14793 14796 14799 14802 14805 14808 14811 14814 14817 14820 14823 14826 14829 14832 14835 14838 14841 14844 14847 14850 14853 14856 14859 14862 14865 14868 14871 14874 14877 14880 14883 14886 14889 14892 14895 14898 14901 14904 14907 14910 14913 14916 14919 14922 14925 14928 14931 14934 14937 14940 14943 14946 14949 14952 14955 14958 14961 14964 14967 14970 14973 14976 14979 14982 14985 14988 14991 14994 14997 15000 15003 15006 15009 15012 15015 15018 15021 15024 15027 15030 15033 15036 15039 15042 15045 15048 15051 15054 15057 15060 15063 15066 15069 15072 15075 15078 15081 15084 15087 15090 15093 15096 15099 15102 15105 15108 15111 15114 15117 15120 15123 15126 15129 15132 15135 15138 15141 15144 15147 15150 15153 15156 15159 15162 15165 15168 15171 15174 15177 15180 15183 15186 15189 15192 15195 15198 15201 15204 15207 15210 15213 15216 15219 15222 15225 15228 15231 15234 15237 15240 15243 15246 15249 15252 15255 15258 15261 15264 15267 15270 15273 15276 15279 15282 15285 15288 15291 15294 15297 15300 15303 15306 15309 15312 15315 15318 15321 15324 15327 15330 15333 15336 15339 15342 15345 15348 15351 15354 15357 15360 15363 15366 15369 15372 15375 15378 15381 15384 15387 15390 15393 15396 15399 15402 15405 15408 15411 15414 15417 15420 15423 15426 15429 15432 15435 15438 15441 15444 15447 15450 15453 15456 15459 15462 15465 15468 15471 15474 15477 15480 15483 15486 15489 15492 15495 15498 15501 15504 15507 15510 15513 15516 15519 15522 15525 15528 15531 15534 15537 15540 15543 15546 15549 15552 15555 15558 15561 15564 15567 15570 15573 15576 15579 15582 15585 15588 15591 15594 15597 15600 15603 15606 15609 15612 15615 15618 15621 15624 15627 15630 15633 15636 15639 15642 15645 15648 15651 15654 15657 15660 15663 15666 15669 15672 15675 15678 15681 15684 15687 15690 15693 15696 15699 15702 15705 15708 15711 15714 15717 15720 15723 15726 15729 15732 15735 15738 15741 15744 15747 15750 15753 15756 15759 15762 15765 15768 15771 15774 15777 15780 15783 15786 15789 15792 15795 15798 15801 15804 15807 15810 15813 15816 15819 15822 15825 15828 15831 15834 15837 15840 15843 15846 15849 15852 15855 15858 15861 15864 15867 15870 15873 15876 15879 15882 15885 15888 15891 15894 15897 15900 15903 15906 15909 15912 15915 15918 15921 15924 15927 15930 15933 15936 15939 15942 15945 15948 15951 15954 15957 15960 15963 15966 15969 15972 15975 15978 15981 15984 15987 15990 15993 15996 15999 16002 16005 16008 16011 16014 16017 16020 16023 16026 16029 16032 16035 16038 16041 16044 16047 16050 16053 16056 16059 16062 16065 16068 16071 16074 16077 16080 16083 16086 16089 16092 16095 16098 16101 16104 16107 16110 16113 16116 16119 16122 16125 16128 16131 16134 16137 16140 16143 16146 16149 16152 16155 16158 16161 16164 16167 16170 16173 16176 16179 16182 16185 16188 16191 16194 16197 16200 16203 16206 16209 16212 16215 16218 16221 16224 16227 16230 16233 16236 16239 16242 16245 16248 16251 16254 16257 16260 16263 16266 16269 16272 16275 16278 16281 16284 16287 16290 16293 16296 16299 16302 16305 16308 16311 16314 16317 16320 16323 16326 16329 16332 16335 16338 16341 16344 16347 16350 16353 16356 16359 16362 16365 16368 16371 16374 16377 16380 16383 16386 16389 16392 16395 16398 16401 16404 16407 16410 16413 16416 16419 16422 16425 16428 16431 16434 16437 16440 16443 16446 16449 16452 16455 16458 16461 16464 16467 16470 16473 16476 16479 16482 16485 16488 16491 16494 16497 16500 16503 16506 16509 16512 16515 16518 16521 16524 16527 16530 16533 16536 16539 16542 16545 16548 16551 16554 16557 16560 16563 16566 16569 16572 16575 16578 16581 16584 16587 16590 16593 16596 16599 16602 16605 16608 16611 16614 16617 16620 16623 16626 16629 16632 16635 16638 16641 16644 16647 16650 16653 16656 16659 16662 16665 16668 16671 16674 16677 16680 16683 16686 16689 16692 16695 16698 16701 16704 16707 16710 16713 16716 16719 16722 16725 16728 16731 16734 16737 16740 16743 16746 16749 16752 16755 16758 16761 16764 16767 16770 16773 16776 16779 16782 16785 16788 16791 16794 16797 16800 16803 16806 16809 16812 16815 16818 16821 16824 16827 16830 16833 16836 16839 16842 16845 16848 16851 16854 16857 16860 16863 16866 16869 16872 16875 16878 16881 16884 16887 16890 16893 16896 16899 16902 16905 16908 16911 16914 16917 16920 16923 16926 16929 16932 16935 16938 16941 16944 16947 16950 16953 16956 16959 16962 16965 16968 16971 16974 16977 16980 16983 16986 16989 16992 16995 16998 17001 17004 17007 17010 17013 17016 17019 17022 17025 17028 17031 17034 17037 17040 17043 17046 17049 17052 17055 17058 17061 17064 17067 17070 17073 17076 17079 17082 17085 17088 17091 17094 17097 17100 17103 17106 17109 17112 17115 17118 17121 17124 17127 17130 17133 17136 17139 17142 17145 17148 17151 17154 17157 17160 17163 17166 17169 17172 17175 17178 17181 17184 17187 17190 17193 17196 17199 17202 17205 17208 17211 17214 17217 17220 17223 17226 17229 17232 17235 17238 17241 17244 17247 17250 17253 17256 17259 17262 17265 17268 17271 17274 17277 17280 17283 17286 17289 17292 17295 17298 17301 17304 17307 17310 17313 17316 17319 17322 17325 17328 17331 17334 17337 17340 17343 17346 17349 17352 17355 17358 17361 17364 17367 17370 17373 17376 17379 17382 17385 17388 17391 17394 17397 17400 17403 17406 17409 17412 17415 17418 17421 17424 17427 17430 17433 17436 17439 17442 17445 17448 17451 17454 17457 17460 17463 17466 17469 17472 17475 17478 17481 17484 17487 17490 17493 17496 17499 17502 17505 17508 17511 17514 17517 17520 17523 17526 17529 17532 17535 17538 17541 17544 17547 17550 17553 17556 17559 17562 17565 17568 17571 17574 17577 17580 17583 17586 17589 17592 17595 17598 17601 17604 17607 17610 17613 17616 17619 17622 17625 17628 17631 17634 17637 17640 17643 17646 17649 17652 17655 17658 17661 17664 17667 17670 17673 17676 17679 17682 17685 17688 17691 17694 17697 17700 17703 17706 17709 17712 17715 17718 17721 17724 17727 17730 17733 17736 17739 17742 17745 17748 17751 17754 17757 17760 17763 17766 17769 17772 17775 17778 17781 17784 17787 17790 17793 17796 17799 17802 17805 17808 17811 17814 17817 17820 17823 17826 17829 17832 17835 17838 17841 17844 17847 17850 17853 17856 17859 17862 17865 17868 17871 17874 17877 17880 17883 17886 17889 17892 17895 17898 17901 17904 17907 17910 17913 17916 17919 17922 17925 17928 17931 17934 17937 17940 17943 17946 17949 17952 17955 17958 17961 17964 17967 17970 17973 17976 17979 17982 17985 17988 17991 17994 17997 18000 18003 18006 18009 18012 18015 18018 18021 18024 18027 18030 18033 18036 18039 18042 18045 18048 18051 18054 18057 18060 18063 18066 18069 18072 18075 18078 18081 18084 18087 18090 18093 18096 18099 18102 18105 18108 18111 18114 18117 18120 18123 18126 18129 18132 18135 18138 18141 18144 18147 18150 18153 18156 18159 18162 18165 18168 18171 18174 18177 18180 18183 18186 18189 18192 18195 18198 18201 18204 18207 18210 18213 18216 18219 18222 18225 18228 18231 18234 18237 18240 18243 18246 18249 18252 18255 18258 18261 18264 18267 18270 18273 18276 18279 18282 18285 18288 18291 18294 18297 18300 18303 18306 18309 18312 18315 18318 18321 18324 18327 18330 18333 18336 18339 18342 18345 18348 18351 18354 18357 18360 18363 18366 18369 18372 18375 18378 18381 18384 18387 18390 18393 18396 18399 18402 18405 18408 18411 18414 18417 18420 18423 18426 18429 18432 18435 18438 18441 18444 18447 18450 18453 18456 18459 18462 18465 18468 18471 18474 18477 18480 18483 18486 18489 18492 18495 18498 18501 18504 18507 18510 18513 18516 18519 18522 18525 18528 18531 18534 18537 18540 18543 18546 18549 18552 18555 18558 18561 18564 18567 18570 18573 18576 18579 18582 18585 18588 18591 18594 18597 18600 18603 18606 18609 18612 18615 18618 18621 18624 18627 18630 18633 18636 18639 18642 18645 18648 18651 18654 18657 18660 18663 18666 18669 18672 18675 18678 18681 18684 18687 18690 18693 18696 18699 18702 18705 18708 18711 18714 18717 18720 18723 18726 18729 18732 18735 18738 18741 18744 18747 18750 18753 18756 18759 18762 18765 18768 18771 18774 18777 18780 18783 18786 18789 18792 18795 18798 18801 18804 18807 18810 18813 18816 18819 18822 18825 18828 18831 18834 18837 18840 18843 18846 18849 18852 18855 18858 18861 18864 18867 18870 18873 18876 18879 18882 18885 18888 18891 18894 18897 18900 18903 18906 18909 18912 18915 18918 18921 18924 18927 18930 18933 18936 18939 18942 18945 18948 18951 18954 18957 18960 18963 18966 18969 18972 18975 18978 18981 18984 18987 18990 18993 18996 18999 19002 19005 19008 19011 19014 19017 19020 19023 19026 19029 19032 19035 19038 19041 19044 19047 19050 19053 19056 19059 19062 19065 19068 19071 19074 19077 19080 19083 19086 19089 19092 19095 19098 19101 19104 19107 19110 19113 19116 19119 19122 19125 19128 19131 19134 19137 19140 19143 19146 19149 19152 19155 19158 19161 19164 19167 19170 19173 19176 19179 19182 19185 19188 19191 19194 19197 19200 19203 19206 19209 19212 19215 19218 19221 19224 19227 19230 19233 19236 19239 19242 19245 19248 19251 19254 19257 19260 19263 19266 19269 19272 19275 19278 19281 19284 19287 19290 19293 19296 19299 19302 19305 19308 19311 19314 19317 19320 19323 19326 19329 19332 19335 19338 19341 19344 19347 19350 19353 19356 19359 19362 19365 19368 19371 19374 19377 19380 19383 19386 19389 19392 19395 19398 19401 19404 19407 19410 19413 19416 19419 19422 19425 19428 19431 19434 19437 19440 19443 19446 19449 19452 19455 19458 19461 19464 19467 19470 19473 19476 19479 19482 19485 19488 19491 19494 19497 19500 19503 19506 19509 19512 19515 19518 19521 19524 19527 19530 19533 19536 19539 19542 19545 19548 19551 19554 19557 19560 19563 19566 19569 19572 19575 19578 19581 19584 19587 19590 19593 19596 19599 19602 19605 19608 19611 19614 19617 19620 19623 19626 19629 19632 19635 19638 19641 19644 19647 19650 19653 19656 19659 19662 19665 19668 19671 19674 19677 19680 19683 19686 19689 19692 19695 19698 19701 19704 19707 19710 19713 19716 19719 19722 19725 19728 19731 19734 19737 19740 19743 19746 19749 19752 19755 19758 19761 19764 19767 19770 19773 19776 19779 19782 19785 19788 19791 19794 19797 19800 19803 19806 19809 19812 19815 19818 19821 19824 19827 19830 19833 19836 19839 19842 19845 19848 19851 19854 19857 19860 19863 19866 19869 19872 19875 19878 19881 19884 19887 19890 19893 19896 19899 19902 19905 19908 19911 19914 19917 19920 19923 19926 19929 19932 19935 19938 19941 19944 19947 19950 19953 19956 19959 19962 19965 19968 19971 19974 19977 19980 19983 19986 19989 19992 19995 19998 20001 20004 20007 20010 20013 20016 20019 20022 20025 20028 20031 20034 20037 20040 20043 20046 20049 20052 20055 20058 20061 20064 20067 20070 20073 20076 20079 20082 20085 20088 20091 20094 20097 20100 20103 20106 20109 20112 20115 20118 20121 20124 20127 20130 20133 20136 20139 20142 20145 20148 20151 20154 20157 20160 20163 20166 20169 20172 20175 20178 20181 20184 20187 20190 20193 20196 20199 20202 20205 20208 20211 20214 20217 20220 20223 20226 20229 20232 20235 20238 20241 20244 20247 20250 20253 20256 20259 20262 20265 20268 20271 20274 20277 20280 20283 20286 20289 20292 20295 20298 20301 20304 20307 20310 20313 20316 20319 20322 20325 20328 20331 20334 20337 20340 20343 20346 20349 20352 20355 20358 20361 20364 20367 20370 20373 20376 20379 20382 20385 20388 20391 20394 20397 20400 20403 20406 20409 20412 20415 20418 20421 20424 20427 20430 20433 20436 20439 20442 20445 20448 20451 20454 20457 20460 20463 20466 20469 20472 20475 20478 20481 20484 20487 20490 20493 20496 20499 20502 20505 20508 20511 20514 20517 20520 20523 20526 20529 20532 20535 20538 20541 20544 20547 20550 20553 20556 20559 20562 20565 20568 20571 20574 20577 20580 20583 20586 20589 20592 20595 20598 20601 20604 20607 20610 20613 20616 20619 20622 20625 20628 20631 20634 20637 20640 20643 20646 20649 20652 20655 20658 20661 20664 20667 20670 20673 20676 20679 20682 20685 20688 20691 20694 20697 20700 20703 20706 20709 20712 20715 20718 20721 20724 20727 20730 20733 20736 20739 20742 20745 20748 20751 20754 20757 20760 20763 20766 20769 20772 20775 20778 20781 20784 20787 20790 20793 20796 20799 20802 20805 20808 20811 20814 20817 20820 20823 20826 20829 20832 20835 20838 20841 20844 20847 20850 20853 20856 20859 20862 20865 20868 20871 20874 20877 20880 20883 20886 20889 20892 20895 20898 20901 20904 20907 20910 20913 20916 20919 20922 20925 20928 20931 20934 20937 20940 20943 20946 20949 20952 20955 20958 20961 20964 20967 20970 20973 20976 20979 20982 20985 20988 20991 20994 20997 21000 21003 21006 21009 21012 21015 21018 21021 21024 21027 21030 21033 21036 21039 21042 21045 21048 21051 21054 21057 21060 21063 21066 21069 21072 21075 21078 21081 21084 21087 21090 21093 21096 21099 21102 21105 21108 21111 21114 21117 21120 21123 21126 21129 21132 21135 21138 21141 21144 21147 21150 21153 21156 21159 21162 21165 21168 21171 21174 21177 21180 21183 21186 21189 21192 21195 21198 21201 21204 21207 21210 21213 21216 21219 21222 21225 21228 21231 21234 21237 21240 21243 21246 21249 21252 21255 21258 21261 21264 21267 21270 21273 21276 21279 21282 21285 21288 21291 21294 21297 21300 21303 21306 21309 21312 21315 21318 21321 21324 21327 21330 21333 21336 21339 21342 21345 21348 21351 21354 21357 21360 21363 21366 21369 21372 21375 21378 21381 21384 21387 21390 21393 21396 21399 21402 21405 21408 21411 21414 21417 21420 21423 21426 21429 21432 21435 21438 21441 21444 21447 21450 21453 21456 21459 21462 21465 21468 21471 21474 21477 21480 21483 21486 21489 21492 21495 21498 21501 21504 21507 21510 21513 21516 21519 21522 21525 21528 21531 21534 21537 21540 21543 21546 21549 21552 21555 21558 21561 21564 21567 21570 21573 21576 21579 21582 21585 21588 21591 21594 21597 21600 21603 21606 21609 21612 21615 21618 21621 21624 21627 21630 21633 21636 21639 21642 21645 21648 21651 21654 21657 21660 21663 21666 21669 21672 21675 21678 21681 21684 21687 21690 21693 21696 21699 21702 21705 21708 21711 21714 21717 21720 21723 21726 21729 21732 21735 21738 21741 21744 21747 21750 21753 21756 21759 21762 21765 21768 21771 21774 21777 21780 21783 21786 21789 21792 21795 21798 21801 21804 21807 21810 21813 21816 21819 21822 21825 21828 21831 21834 21837 21840 21843 21846 21849 21852 21855 21858 21861 21864 21867 21870 21873 21876 21879 21882 21885 21888 21891 21894 21897 21900 21903 21906 21909 21912 21915 21918 21921 21924 21927 21930 21933 21936 21939 21942 21945 21948 21951 21954 21957 21960 21963 21966 21969 21972 21975 21978 21981 21984 21987 21990 21993 21996 21999 22002 22005 22008 22011 22014 22017 22020 22023 22026 22029 22032 22035 22038 22041 22044 22047 22050 22053 22056 22059 22062 22065 22068 22071 22074 22077 22080 22083 22086 22089 22092 22095 22098 22101 22104 22107 22110 22113 22116 22119 22122 22125 22128 22131 22134 22137 22140 22143 22146 22149 22152 22155 22158 22161 22164 22167 22170 22173 22176 22179 22182 22185 22188 22191 22194 22197 22200 22203 22206 22209 22212 22215 22218 22221 22224 22227 22230 22233 22236 22239 22242 22245 22248 22251 22254 22257 22260 22263 22266 22269 22272 22275 22278 22281 22284 22287 22290 22293 22296 22299 22302 22305 22308 22311 22314 22317 22320 22323 22326 22329 22332 22335 22338 22341 22344 22347 22350 22353 22356 22359 22362 22365 22368 22371 22374 22377 22380 22383 22386 22389 22392 22395 22398 22401 22404 22407 22410 22413 22416 22419 22422 22425 22428 22431 22434 22437 22440 22443 22446 22449 22452 22455 22458 22461 22464 22467 22470 22473 22476 22479 22482 22485 22488 22491 22494 22497 22500 22503 22506 22509 22512 22515 22518 22521 22524 22527 22530 22533 22536 22539 22542 22545 22548 22551 22554 22557 22560 22563 22566 22569 22572 22575 22578 22581 22584 22587 22590 22593 22596 22599 22602 22605 22608 22611 22614 22617 22620 22623 22626 22629 22632 22635 22638 22641 22644 22647 22650 22653 22656 22659 22662 22665 22668 22671 22674 22677 22680 22683 22686 22689 22692 22695 22698 22701 22704 22707 22710 22713 22716 22719 22722 22725 22728 22731 22734 22737 22740 22743 22746 22749 22752 22755 22758 22761 22764 22767 22770 22773 22776 22779 22782 22785 22788 22791 22794 22797 22800 22803 22806 22809 22812 22815 22818 22821 22824 22827 22830 22833 22836 22839 22842 22845 22848 22851 22854 22857 22860 22863 22866 22869 22872 22875 22878 22881 22884 22887 22890 22893 22896 22899 22902 22905 22908 22911 22914 22917 22920 22923 22926 22929 22932 22935 22938 22941 22944 22947 22950 22953 22956 22959 22962 22965 22968 22971 22974 22977 22980 22983 22986 22989 22992 22995 22998 23001 23004 23007 23010 23013 23016 23019 23022 23025 23028 23031 23034 23037 23040 23043 23046 23049 23052 23055 23058 23061 23064 23067 23070 23073 23076 23079 23082 23085 23088 23091 23094 23097 23100 23103 23106 23109 23112 23115 23118 23121 23124 23127 23130 23133 23136 23139 23142 23145 23148 23151 23154 23157 23160 23163 23166 23169 23172 23175 23178 23181 23184 23187 23190 23193 23196 23199 23202 23205 23208 23211 23214 23217 23220 23223 23226 23229 23232 23235 23238 23241 23244 23247 23250 23253 23256 23259 23262 23265 23268 23271 23274 23277 23280 23283 23286 23289 23292 23295 23298 23301 23304 23307 23310 23313 23316 23319 23322 23325 23328 23331 23334 23337 23340 23343 23346 23349 23352 23355 23358 23361 23364 23367 23370 23373 23376 23379 23382 23385 23388 23391 23394 23397 23400 23403 23406 23409 23412 23415 23418 23421 23424 23427 23430 23433 23436 23439 23442 23445 23448 23451 23454 23457 23460 23463 23466 23469 23472 23475 23478 23481 23484 23487 23490 23493 23496 23499 23502 23505 23508 23511 23514 23517 23520 23523 23526 23529 23532 23535 23538 23541 23544 23547 23550 23553 23556 23559 23562 23565 23568 23571 23574 23577 23580 23583 23586 23589 23592 23595 23598 23601 23604 23607 23610 23613 23616 23619 23622 23625 23628 23631 23634 23637 23640 23643 23646 23649 23652 23655 23658 23661 23664 23667 23670 23673 23676 23679 23682 23685 23688 23691 23694 23697 23700 23703 23706 23709 23712 23715 23718 23721 23724 23727 23730 23733 23736 23739 23742 23745 23748 23751 23754 23757 23760 23763 23766 23769 23772 23775 23778 23781 23784 23787 23790 23793 23796 23799 23802 23805 23808 23811 23814 23817 23820 23823 23826 23829 23832 23835 23838 23841 23844 23847 23850 23853 23856 23859 23862 23865 23868 23871 23874 23877 23880 23883 23886 23889 23892 23895 23898 23901 23904 23907 23910 23913 23916 23919 23922 23925 23928 23931 23934 23937 23940 23943 23946 23949 23952 23955 23958 23961 23964 23967 23970 23973 23976 23979 23982 23985 23988 23991 23994 23997 24000 24003 24006 24009 24012 24015 24018 24021 24024 24027 24030 24033 24036 24039 24042 24045 24048 24051 24054 24057 24060 24063 24066 24069 24072 24075 24078 24081 24084 24087 24090 24093 24096 24099 24102 24105 24108 24111 24114 24117 24120 24123 24126 24129 24132 24135 24138 24141 24144 24147 24150 24153 24156 24159 24162 24165 24168 24171 24174 24177 24180 24183 24186 24189 24192 24195 24198 24201 24204 24207 24210 24213 24216 24219 24222 24225 24228 24231 24234 24237 24240 24243 24246 24249 24252 24255 24258 24261 24264 24267 24270 24273 24276 24279 24282 24285 24288 24291 24294 24297 24300 24303 24306 24309 24312 24315 24318 24321 24324 24327 24330 24333 24336 24339 24342 24345 24348 24351 24354 24357 24360 24363 24366 24369 24372 24375 24378 24381 24384 24387 24390 24393 24396 24399 24402 24405 24408 24411 24414 24417 24420 24423 24426 24429 24432 24435 24438 24441 24444 24447 24450 24453 24456 24459 24462 24465 24468 24471 24474 24477 24480 24483 24486 24489 24492 24495 24498 24501 24504 24507 24510 24513 24516 24519 24522 24525 24528 24531 24534 24537 24540 24543 24546 24549 24552 24555 24558 24561 24564 24567 24570 24573 24576 24579 24582 24585 24588 24591 24594 24597 24600 24603 24606 24609 24612 24615 </DataArray>
<DataArray  type="UInt8"  Name="types"  format="ascii">5 5 5 5 5 5 5 5 5 5 5 5 5 5 5 5 5 5 5 5 5 5 5 5 5 5 5 5 5 5 5 5 5 5 5 5 5 5 5 5 5 5 5 5 5 5 5 5 5 5 5 5 5 5 5 5 5 5 5 5 5 5 5 5 5 5 5 5 5 5 5 5 5 5 5 5 5 5 5 5 5 5 5 5 5 5 5 5 5 5 5 5 5 5 5 5 5 5 5 5 5 5 5 5 5 5 5 5 5 5 5 5 5 5 5 5 5 5 5 5 5 5 5 5 5 5 5 5 5 5 5 5 5 5 5 5 5 5 5 5 5 5 5 5 5 5 5 5 5 5 5 5 5 5 5 5 5 5 5 5 5 5 5 5 5 5 5 5 5 5 5 5 5 5 5 5 5 5 5 5 5 5 5 5 5 5 5 5 5 5 5 5 5 5 5 5 5 5 5 5 5 5 5 5 5 5 5 5 5 5 5 5 5 5 5 5 5 5 5 5 5 5 5 5 5 5 5 5 5 5 5 5 5 5 5 5 5 5 5 5 5 5 5 5 5 5 5 5 5 5 5 5 5 5 5 5 5 5 5 5 5 5 5 5 5 5 5 5 5 5 5 5 5 5 5 5 5 5 5 5 5 5 5 5 5 5 5 5 5 5 5 5 5 5 5 5 5 5 5 5 5 5 5 5 5 5 5 5 5 5 5 5 5 5 5 5 5 5 5 5 5 5 5 5 5 5 5 5 5 5 5 5 5 5 5 5 5 5 5 5 5 5 5 5 5 5 5 5 5 5 5 5 5 5 5 5 5 5 5 5 5 5 5 5 5 5 5 5 5 5 5 5 5 5 5 5 5 5 5 5 5 5 5 5 5 5 5 5 5 5 5 5 5 5 5 5 5 5 5 5 5 5 5 5 5 5 5 5 5 5 5 5 5 5 5 5 5 5 5 5 5 5 5 5 5 5 5 5 5 5 5 5 5 5 5 5 5 5 5 5 5 5 5 5 5 5 5 5 5 5 5 5 5 5 5 5 5 5 5 5 5 5 5 5 5 5 5 5 5 5 5 5 5 5 5 5 5 5 5 5 5 5 5 5 5 5 5 5 5 5 5 5 5 5 5 5 5 5 5 5 5 5 5 5 5 5 5 5 5 5 5 5 5 5 5 5 5 5 5 5 5 5 5 5 5 5 5 5 5 5 5 5 5 5 5 5 5 5 5 5 5 5 5 5 5 5 5 5 5 5 5 5 5 5 5 5 5 5 5 5 5 5 5 5 5 5 5 5 5 5 5 5 5 5 5 5 5 5 5 5 5 5 5 5 5 5 5 5 5 5 5 5 5 5 5 5 5 5 5 5 5 5 5 5 5 5 5 5 5 5 5 5 5 5 5 5 5 5 5 5 5 5 5 5 5 5 5 5 5 5 5 5 5 5 5 5 5 5 5 5 5 5 5 5 5 5 5 5 5 5 5 5 5 5 5 5 5 5 5 5 5 5 5 5 5 5 5 5 5 5 5 5 5 5 5 5 5 5 5 5 5 5 5 5 5 5 5 5 5 5 5 5 5 5 5 5 5 5 5 5 5 5 5 5 5 5 5 5 5 5 5 5 5 5 5 5 5 5 5 5 5 5 5 5 5 5 5 5 5 5 5 5 5 5 5 5 5 5 5 5 5 5 5 5 5 5 5 5 5 5 5 5 5 5 5 5 5 5 5 5 5 5 5 5 5 5 5 5 5 5 5 5 5 5 5 5 5 5 5 5 5 5 5 5 5 5 5 5 5 5 5 5 5 5 5 5 5 5 5 5 5 5 5 5 5 5 5 5 5 5 5 5 5 5 5 5 5 5 5 5 5 5 5 5 5 5 5 5 5 5 5 5 5 5 5 5 5 5 5 5 5 5 5 5 5 5 5 5 5 5 5 5 5 5 5 5 5 5 5 5 5 5 5 5 5 5 5 5 5 5 5 5 5 5 5 5 5 5 5 5 5 5 5 5 5 5 5 5 5 5 5 5 5 5 5 5 5 5 5 5 5 5 5 5 5 5 5 5 5 5 5 5 5 5 5 5 5 5 5 5 5 5 5 5 5 5 5 5 5 5 5 5 5 5 5 5 5 5 5 5 5 5 5 5 5 5 5 5 5 5 5 5 5 5 5 5 5 5 5 5 5 5 5 5 5 5 5 5 5 5 5 5 5 5 5 5 5 5 5 5 5 5 5 5 5 5 5 5 5 5 5 5 5 5 5 5 5 5 5 5 5 5 5 5 5 5 5 5 5 5 5 5 5 5 5 5 5 5 5 5 5 5 5 5 5 5 5 5 5 5 5 5 5 5 5 5 5 5 5 5 5 5 5 5 5 5 5 5 5 5 5 5 5 5 5 5 5 5 5 5 5 5 5 5 5 5 5 5 5 5 5 5 5 5 5 5 5 5 5 5 5 5 5 5 5 5 5 5 5 5 5 5 5 5 5 5 5 5 5 5 5 5 5 5 5 5 5 5 5 5 5 5 5 5 5 5 5 5 5 5 5 5 5 5 5 5 5 5 5 5 5 5 5 5 5 5 5 5 5 5 5 5 5 5 5 5 5 5 5 5 5 5 5 5 5 5 5 5 5 5 5 5 5 5 5 5 5 5 5 5 5 5 5 5 5 5 5 5 5 5 5 5 5 5 5 5 5 5 5 5 5 5 5 5 5 5 5 5 5 5 5 5 5 5 5 5 5 5 5 5 5 5 5 5 5 5 5 5 5 5 5 5 5 5 5 5 5 5 5 5 5 5 5 5 5 5 5 5 5 5 5 5 5 5 5 5 5 5 5 5 5 5 5 5 5 5 5 5 5 5 5 5 5 5 5 5 5 5 5 5 5 5 5 5 5 5 5 5 5 5 5 5 5 5 5 5 5 5 5 5 5 5 5 5 5 5 5 5 5 5 5 5 5 5 5 5 5 5 5 5 5 5 5 5 5 5 5 5 5 5 5 5 5 5 5 5 5 5 5 5 5 5 5 5 5 5 5 5 5 5 5 5 5 5 5 5 5 5 5 5 5 5 5 5 5 5 5 5 5 5 5 5 5 5 5 5 5 5 5 5 5 5 5 5 5 5 5 5 5 5 5 5 5 5 5 5 5 5 5 5 5 5 5 5 5 5 5 5 5 5 5 5 5 5 5 5 5 5 5 5 5 5 5 5 5 5 5 5 5 5 5 5 5 5 5 5 5 5 5 5 5 5 5 5 5 5 5 5 5 5 5 5 5 5 5 5 5 5 5 5 5 5 5 5 5 5 5 5 5 5 5 5 5 5 5 5 5 5 5 5 5 5 5 5 5 5 5 5 5 5 5 5 5 5 5 5 5 5 5 5 5 5 5 5 5 5 5 5 5 5 5 5 5 5 5 5 5 5 5 5 5 5 5 5 5 5 5 5 5 5 5 5 5 5 5 5 5 5 5 5 5 5 5 5 5 5 5 5 5 5 5 5 5 5 5 5 5 5 5 5 5 5 5 5 5 5 5 5 5 5 5 5 5 5 5 5 5 5 5 5 5 5 5 5 5 5 5 5 5 5 5 5 5 5 5 5 5 5 5 5 5 5 5 5 5 5 5 5 5 5 5 5 5 5 5 5 5 5 5 5 5 5 5 5 5 5 5 5 5 5 5 5 5 5 5 5 5 5 5 5 5 5 5 5 5 5 5 5 5 5 5 5 5 5 5 5 5 5 5 5 5 5 5 5 5 5 5 5 5 5 5 5 5 5 5 5 5 5 5 5 5 5 5 5 5 5 5 5 5 5 5 5 5 5 5 5 5 5 5 5 5 5 5 5 5 5 5 5 5 5 5 5 5 5 5 5 5 5 5 5 5 5 5 5 5 5 5 5 5 5 5 5 5 5 5 5 5 5 5 5 5 5 5 5 5 5 5 5 5 5 5 5 5 5 5 5 5 5 5 5 5 5 5 5 5 5 5 5 5 5 5 5 5 5 5 5 5 5 5 5 5 5 5 5 5 5 5 5 5 5 5 5 5 5 5 5 5 5 5 5 5 5 5 5 5 5 5 5 5 5 5 5 5 5 5 5 5 5 5 5 5 5 5 5 5 5 5 5 5 5 5 5 5 5 5 5 5 5 5 5 5 5 5 5 5 5 5 5 5 5 5 5 5 5 5 5 5 5 5 5 5 5 5 5 5 5 5 5 5 5 5 5 5 5 5 5 5 5 5 5 5 5 5 5 5 5 5 5 5 5 5 5 5 5 5 5 5 5 5 5 5 5 5 5 5 5 5 5 5 5 5 5 5 5 5 5 5 5 5 5 5 5 5 5 5 5 5 5 5 5 5 5 5 5 5 5 5 5 5 5 5 5 5 5 5 5 5 5 5 5 5 5 5 5 5 5 5 5 5 5 5 5 5 5 5 5 5 5 5 5 5 5 5 5 5 5 5 5 5 5 5 5 5 5 5 5 5 5 5 5 5 5 5 5 5 5 5 5 5 5 5 5 5 5 5 5 5 5 5 5 5 5 5 5 5 5 5 5 5 5 5 5 5 5 5 5 5 5 5 5 5 5 5 5 5 5 5 5 5 5 5 5 5 5 5 5 5 5 5 5 5 5 5 5 5 5 5 5 5 5 5 5 5 5 5 5 5 5 5 5 5 5 5 5 5 5 5 5 5 5 5 5 5 5 5 5 5 5 5 5 5 5 5 5 5 5 5 5 5 5 5 5 5 5 5 5 5 5 5 5 5 5 5 5 5 5 5 5 5 5 5 5 5 5 5 5 5 5 5 5 5 5 5 5 5 5 5 5 5 5 5 5 5 5 5 5 5 5 5 5 5 5 5 5 5 5 5 5 5 5 5 5 5 5 5 5 5 5 5 5 5 5 5 5 5 5 5 5 5 5 5 5 5 5 5 5 5 5 5 5 5 5 5 5 5 5 5 5 5 5 5 5 5 5 5 5 5 5 5 5 5 5 5 5 5 5 5 5 5 5 5 5 5 5 5 5 5 5 5 5 5 5 5 5 5 5 5 5 5 5 5 5 5 5 5 5 5 5 5 5 5 5 5 5 5 5 5 5 5 5 5 5 5 5 5 5 5 5 5 5 5 5 5 5 5 5 5 5 5 5 5 5 5 5 5 5 5 5 5 5 5 5 5 5 5 5 5 5 5 5 5 5 5 5 5 5 5 5 5 5 5 5 5 5 5 5 5 5 5 5 5 5 5 5 5 5 5 5 5 5 5 5 5 5 5 5 5 5 5 5 5 5 5 5 5 5 5 5 5 5 5 5 5 5 5 5 5 5 5 5 5 5 5 5 5 5 5 5 5 5 5 5 5 5 5 5 5 5 5 5 5 5 5 5 5 5 5 5 5 5 5 5 5 5 5 5 5 5 5 5 5 5 5 5 5 5 5 5 5 5 5 5 5 5 5 5 5 5 5 5 5 5 5 5 5 5 5 5 5 5 5 5 5 5 5 5 5 5 5 5 5 5 5 5 5 5 5 5 5 5 5 5 5 5 5 5 5 5 5 5 5 5 5 5 5 5 5 5 5 5 5 5 5 5 5 5 5 5 5 5 5 5 5 5 5 5 5 5 5 5 5 5 5 5 5 5 5 5 5 5 5 5 5 5 5 5 5 5 5 5 5 5 5 5 5 5 5 5 5 5 5 5 5 5 5 5 5 5 5 5 5 5 5 5 5 5 5 5 5 5 5 5 5 5 5 5 5 5 5 5 5 5 5 5 5 5 5 5 5 5 5 5 5 5 5 5 5 5 5 5 5 5 5 5 5 5 5 5 5 5 5 5 5 5 5 5 5 5 5 5 5 5 5 5 5 5 5 5 5 5 5 5 5 5 5 5 5 5 5 5 5 5 5 5 5 5 5 5 5 5 5 5 5 5 5 5 5 5 5 5 5 5 5 5 5 5 5 5 5 5 5 5 5 5 5 5 5 5 5 5 5 5 5 5 5 5 5 5 5 5 5 5 5 5 5 5 5 5 5 5 5 5 5 5 5 5 5 5 5 5 5 5 5 5 5 5 5 5 5 5 5 5 5 5 5 5 5 5 5 5 5 5 5 5 5 5 5 5 5 5 5 5 5 5 5 5 5 5 5 5 5 5 5 5 5 5 5 5 5 5 5 5 5 5 5 5 5 5 5 5 5 5 5 5 5 5 5 5 5 5 5 5 5 5 5 5 5 5 5 5 5 5 5 5 5 5 5 5 5 5 5 5 5 5 5 5 5 5 5 5 5 5 5 5 5 5 5 5 5 5 5 5 5 5 5 5 5 5 5 5 5 5 5 5 5 5 5 5 5 5 5 5 5 5 5 5 5 5 5 5 5 5 5 5 5 5 5 5 5 5 5 5 5 5 5 5 5 5 5 5 5 5 5 5 5 5 5 5 5 5 5 5 5 5 5 5 5 5 5 5 5 5 5 5 5 5 5 5 5 5 5 5 5 5 5 5 5 5 5 5 5 5 5 5 5 5 5 5 5 5 5 5 5 5 5 5 5 5 5 5 5 5 5 5 5 5 5 5 5 5 5 5 5 5 5 5 5 5 5 5 5 5 5 5 5 5 5 5 5 5 5 5 5 5 5 5 5 5 5 5 5 5 5 5 5 5 5 5 5 5 5 5 5 5 5 5 5 5 5 5 5 5 5 5 5 5 5 5 5 5 5 5 5 5 5 5 5 5 5 5 5 5 5 5 5 5 5 5 5 5 5 5 5 5 5 5 5 5 5 5 5 5 5 5 5 5 5 5 5 5 5 5 5 5 5 5 5 5 5 5 5 5 5 5 5 5 5 5 5 5 5 5 5 5 5 5 5 5 5 5 5 5 5 5 5 5 5 5 5 5 5 5 5 5 5 5 5 5 5 5 5 5 5 5 5 5 5 5 5 5 5 5 5 5 5 5 5 5 5 5 5 5 5 5 5 5 5 5 5 5 5 5 5 5 5 5 5 5 5 5 5 5 5 5 5 5 5 5 5 5 5 5 5 5 5 5 5 5 5 5 5 5 5 5 5 5 5 5 5 5 5 5 5 5 5 5 5 5 5 5 5 5 5 5 5 5 5 5 5 5 5 5 5 5 5 5 5 5 5 5 5 5 5 5 5 5 5 5 5 5 5 5 5 5 5 5 5 5 5 5 5 5 5 5 5 5 5 5 5 5 5 5 5 5 5 5 5 5 5 5 5 5 5 5 5 5 5 5 5 5 5 5 5 5 5 5 5 5 5 5 5 5 5 5 5 5 5 5 5 5 5 5 5 5 5 5 5 5 5 5 5 5 5 5 5 5 5 5 5 5 5 5 5 5 5 5 5 5 5 5 5 5 5 5 5 5 5 5 5 5 5 5 5 5 5 5 5 5 5 5 5 5 5 5 5 5 5 5 5 5 5 5 5 5 5 5 5 5 5 5 5 5 5 5 5 5 5 5 5 5 5 5 5 5 5 5 5 5 5 5 5 5 5 5 5 5 5 5 5 5 5 5 5 5 5 5 5 5 5 5 5 5 5 5 5 5 5 5 5 5 5 5 5 5 5 5 5 5 5 5 5 5 5 5 5 5 5 5 5 5 5 5 5 5 5 5 5 5 5 5 5 5 5 5 5 5 5 5 5 5 5 5 5 5 5 5 5 5 5 5 5 5 5 5 5 5 5 5 5 5 5 5 5 5 5 5 5 5 5 5 5 5 5 5 5 5 5 5 5 5 5 5 5 5 5 5 5 5 5 5 5 5 5 5 5 5 5 5 5 5 5 5 5 5 5 5 5 5 5 5 5 5 5 5 5 5 5 5 5 5 5 5 5 5 5 5 5 5 5 5 5 5 5 5 5 5 5 5 5 5 5 5 5 5 5 5 5 5 5 5 5 5 5 5 5 5 5 5 5 5 5 5 5 5 5 5 5 5 5 5 5 5 5 5 5 5 5 5 5 5 5 5 5 5 5 5 5 5 5 5 5 5 5 5 5 5 5 5 5 5 5 5 5 5 5 5 5 5 5 5 5 5 5 5 5 5 5 5 5 5 5 5 5 5 5 5 5 5 5 5 5 5 5 5 5 5 5 5 5 5 5 5 5 5 5 5 5 5 5 5 5 5 5 5 5 5 5 5 5 5 5 5 5 5 5 5 5 5 5 5 5 5 5 5 5 5 5 5 5 5 5 5 5 5 5 5 5 5 5 5 5 5 5 5 5 5 5 5 5 5 5 5 5 5 5 5 5 5 5 5 5 5 5 5 5 5 5 5 5 5 5 5 5 5 5 5 5 5 5 5 5 5 5 5 5 5 5 5 5 5 5 5 5 5 5 5 5 5 5 5 5 5 5 5 5 5 5 5 5 5 5 5 5 5 5 5 5 5 5 5 5 5 5 5 5 5 5 5 5 5 5 5 5 5 5 5 5 5 5 5 5 5 5 5 5 5 5 5 5 5 5 5 5 5 5 5 5 5 5 5 5 5 5 5 5 5 5 5 5 5 5 5 5 5 5 5 5 5 5 5 5 5 5 5 5 5 5 5 5 5 5 5 5 5 5 5 5 5 5 5 5 5 5 5 5 5 5 5 5 5 5 5 5 5 5 5 5 5 5 5 5 5 5 5 5 5 5 5 5 5 5 5 5 5 5 5 5 5 5 5 5 5 5 5 5 5 5 5 5 5 5 5 5 5 5 5 5 5 5 5 5 5 5 5 5 5 5 5 5 5 5 5 5 5 5 5 5 5 5 5 5 5 5 5 5 5 5 5 5 5 5 5 5 5 5 5 5 5 5 5 5 5 5 5 5 5 5 5 5 5 5 5 5 5 5 5 5 5 5 5 5 5 5 5 5 5 5 5 5 5 5 5 5 5 5 5 5 5 5 5 5 5 5 5 5 5 5 5 5 5 5 5 5 5 5 5 5 5 5 5 5 5 5 5 5 5 5 5 5 5 5 5 5 5 5 5 5 5 5 5 5 5 5 5 5 5 5 5 5 5 5 5 5 5 5 5 5 5 5 5 5 5 5 5 5 5 5 5 5 5 5 5 5 5 5 5 5 5 5 5 5 5 5 5 5 5 5 5 5 5 5 5 5 5 5 5 5 5 5 5 5 5 5 5 5 5 5 5 5 5 5 5 5 5 5 5 5 5 5 5 5 5 5 5 5 5 5 5 5 5 5 5 5 5 5 5 5 5 5 5 5 5 5 5 5 5 5 5 5 5 5 5 5 5 5 5 5 5 5 5 5 5 5 5 5 5 5 5 5 5 5 5 5 5 5 5 5 5 5 5 5 5 5 5 5 5 5 5 5 5 5 5 5 5 5 5 5 5 5 5 5 5 5 5 5 5 5 5 5 5 5 5 5 5 5 5 5 5 5 5 5 5 5 5 5 5 5 5 5 5 5 5 5 5 5 5 5 5 5 5 5 5 5 5 5 5 5 5 5 5 5 5 5 5 5 5 5 5 5 5 5 5 5 5 5 5 5 5 5 5 5 5 5 5 5 5 5 5 5 5 5 5 5 5 5 5 5 5 5 5 5 5 5 5 5 5 5 5 5 5 5 5 5 5 5 5 5 5 5 5 5 5 5 5 5 5 5 5 5 5 5 5 5 5 5 5 5 5 5 5 5 5 5 5 5 5 5 5 5 5 5 5 5 5 5 5 5 5 5 5 5 5 5 5 5 5 5 5 5 5 5 5 5 5 5 5 5 5 5 5 5 5 5 5 5 5 5 5 5 5 5 5 5 5 5 5 5 5 5 5 5 5 5 5 5 5 5 5 5 5 5 5 5 5 5 5 5 5 5 5 5 5 5 5 5 5 5 5 5 5 5 5 5 5 5 5 5 5 5 5 5 5 5 5 5 5 5 5 5 5 5 5 5 5 5 5 5 5 5 5 5 5 5 5 5 5 5 5 5 5 5 5 5 5 5 5 5 5 5 5 5 5 5 5 5 5 5 5 5 5 5 5 5 5 5 5 5 5 5 5 5 5 5 5 5 5 5 5 5 5 5 5 5 5 5 5 5 5 5 5 5 5 5 5 5 5 5 5 5 5 5 5 5 5 5 5 5 5 5 5 5 5 5 5 5 5 5 5 5 5 5 5 5 5 5 5 5 5 5 5 5 5 5 5 5 5 5 5 5 5 5 5 5 5 5 5 5 5 5 5 5 5 5 5 5 5 5 5 5 5 5 5 5 5 5 5 5 5 5 5 5 5 5 5 5 5 5 5 5 5 5 5 5 5 5 5 5 5 5 5 5 5 5 5 5 5 5 5 5 5 5 5 5 5 5 5 5 5 5 5 5 5 5 5 5 5 5 5 5 5 5 5 5 5 5 5 5 5 5 5 5 5 5 5 5 5 5 5 5 5 5 5 5 5 5 5 5 5 5 5 5 5 5 5 5 5 5 5 5 5 5 5 5 5 5 5 5 5 5 5 5 5 5 5 5 5 5 5 5 5 5 5 5 5 5 5 5 5 5 5 5 5 5 5 5 5 5 5 5 5 5 5 5 5 5 5 5 5 5 5 5 5 5 5 5 5 5 5 5 5 5 5 5 5 5 5 5 5 5 5 5 5 5 5 5 5 5 5 5 5 5 5 5 5 5 5 5 5 5 5 5 5 5 5 5 5 5 5 5 5 5 5 5 5 5 5 5 5 5 5 5 5 5 5 5 5 5 5 5 5 5 5 5 5 5 5 5 5 5 5 5 5 5 5 5 5 5 5 5 5 5 5 5 5 5 5 5 5 5 5 5 5 5 5 5 5 5 5 5 5 5 5 5 5 5 5 5 5 5 5 5 5 5 5 5 5 5 5 5 5 5 5 5 5 5 5 5 5 5 5 5 5 5 5 5 5 5 5 5 5 5 5 5 5 5 5 5 5 5 5 5 5 5 5 5 5 5 5 5 5 5 5 5 5 5 5 5 5 5 5 5 5 5 5 5 5 5 5 5 5 5 5 5 5 5 5 5 5 5 5 5 5 5 5 5 5 5 5 5 5 5 5 5 5 5 5 5 5 5 5 5 5 5 5 5 5 5 5 5 5 5 5 5 5 5 5 5 5 5 5 5 5 5 5 5 5 5 5 5 5 5 5 5 5 5 5 5 5 5 5 5 5 5 5 5 5 5 5 5 5 5 5 5 5 5 5 5 5 5 5 5 5 5 5 5 5 5 5 5 5 5 5 5 5 5 5 5 5 5 5 5 5 5 5 5 5 5 5 5 5 5 5 5 5 5 5 5 5 5 5 5 5 5 5 5 5 5 5 5 5 5 5 5 5 5 5 5 5 5 5 5 5 5 5 5 5 5 5 5 5 5 5 5 5 5 5 5 5 5 5 5 5 5 5 5 5 5 5 5 5 5 5 5 5 5 5 5 5 5 5 5 5 5 5 5 5 5 5 5 5 5 5 5 5 5 5 5 5 5 5 5 5 5 5 5 5 5 5 5 5 5 5 5 5 5 5 5 5 5 5 5 5 5 5 5 5 5 5 5 5 5 5 5 5 5 5 5 5 5 5 5 5 5 5 5 5 5 5 5 5 5 5 5 5 5 5 5 5 5 5 5 5 5 5 5 5 5 5 5 5 5 5 5 5 5 5 5 5 5 5 5 5 5 5 5 5 5 5 5 5 5 5 5 5 5 5 5 5 5 5 5 5 5 5 5 5 5 5 5 5 5 5 5 5 5 5 5 5 5 5 5 5 5 5 5 5 5 5 5 5 5 5 5 5 5 5 5 5 5 5 5 5 5 5 5 5 5 5 5 5 5 5 5 5 5 5 5 5 5 5 5 5 5 5 5 5 5 5 5 5 5 5 5 5 5 5 5 5 5 5 5 5 5 5 5 5 5 5 5 5 5 5 5 5 5 5 5 5 5 5 5 5 5 5 5 5 5 5 5 5 5 5 5 5 5 5 5 5 5 5 5 5 5 5 5 5 5 5 5 5 5 5 5 5 5 5 5 5 5 5 5 5 5 5 5 5 5 5 5 5 5 5 5 5 5 5 5 5 5 5 5 5 5 5 5 5 5 5 5 5 5 5 5 5 5 5 5 5 5 5 5 5 5 5 5 5 5 5 5 5 5 5 5 5 5 5 5 5 5 5 5 5 5 5 5 5 5 5 5 5 5 5 5 5 5 5 5 5 5 5 5 5 5 5 5 5 5 5 5 5 5 5 5 5 5 5 5 5 5 5 5 5 5 5 5 5 5 5 5 5 5 5 5 5 5 5 5 5 5 5 5 5 5 5 5 5 5 5 5 5 5 5 5 5 5 5 5 5 5 5 5 5 5 5 5 5 5 5 5 5 5 5 5 5 5 5 5 5 5 5 5 5 5 5 5 5 5 5 5 5 5 5 5 5 5 5 5 5 5 5 5 5 5 5 5 5 5 5 5 5 5 5 5 5 5 5 5 5 5 5 5 5 5 5 5 5 5 5 5 5 5 5 5 5 5 5 5 5 5 5 5 5 5 5 5 5 5 5 5 5 5 5 5 5 5 5 5 5 5 5 5 5 5 5 5 5 5 5 5 5 5 5 5 5 5 5 5 5 5 5 5 5 5 5 5 5 5 5 5 5 5 5 5 5 5 5 5 5 5 5 5 5 5 5 5 5 5 5 5 5 5 5 5 5 5 5 5 5 5 5 5 5 5 5 5 5 5 5 5 5 5 5 5 5 5 5 5 5 5 5 5 5 5 5 5 5 5 5 5 5 5 5 5 5 5 5 5 5 5 5 5 5 5 5 5 5 5 5 5 5 5 5 5 5 5 5 5 5 5 5 5 5 5 5 5 5 5 5 5 5 5 5 5 5 5 5 5 5 5 5 5 5 5 5 5 5 5 5 5 5 5 5 5 5 5 5 5 5 5 5 5 5 5 5 5 5 5 5 5 5 5 5 5 5 5 5 5 5 5 5 5 5 5 5 5 5 5 5 5 5 5 5 5 5 5 5 5 5 5 5 5 5 5 5 5 5 5 5 5 5 5 5 5 5 5 5 5 5 5 5 5 5 5 5 5 5 5 5 5 5 5 5 5 5 5 5 5 5 5 5 5 5 5 5 5 5 5 5 5 5 5 5 5 5 5 5 5 5 5 5 5 5 5 5 5 5 5 5 5 5 5 5 5 5 5 5 5 5 5 5 5 5 5 5 5 5 5 5 5 5 5 5 5 5 5 5 5 5 5 5 5 5 5 5 5 5 5 5 5 5 5 5 5 5 5 5 5 5 5 5 5 5 5 5 5 5 5 5 5 5 5 5 5 5 5 5 5 5 5 5 5 5 5 5 5 5 5 5 5 5 5 5 5 5 5 5 5 5 5 5 5 5 5 5 5 5 5 5 5 5 5 5 5 5 5 5 5 5 5 5 5 5 5 5 5 5 5 5 5 5 5 5 5 5 5 5 5 5 5 5 5 5 5 5 5 5 5 5 5 5 5 5 5 5 5 5 5 5 5 5 5 5 5 5 5 5 5 5 5 5 5 5 5 5 5 5 5 5 5 5 5 5 5 5 5 5 5 5 5 5 5 5 5 5 5 5 5 5 5 5 5 5 5 5 5 5 5 5 5 5 5 5 5 5 5 5 5 5 5 5 5 5 5 5 5 5 5 5 5 5 5 5 5 5 5 5 5 5 5 5 5 5 5 5 5 5 5 5 5 5 5 5 5 5 5 5 5 5 5 5 5 5 5 5 5 5 5 5 5 5 5 5 5 5 5 5 5 5 5 5 5 5 5 5 5 5 5 5 5 5 5 5 5 5 5 5 5 5 5 5 5 5 5 5 5 5 5 5 5 5 5 5 5 5 5 5 5 5 5 5 5 5 5 5 5 5 5 5 5 5 5 5 5 5 5 5 5 5 5 5 5 5 5 5 5 5 5 5 5 5 5 5 5 5 5 5 5 5 5 5 5 5 5 5 5 5 5 5 5 5 5 5 5 5 5 5 5 5 5 5 5 5 5 5 5 5 5 5 5 5 5 5 5 5 5 5 5 5 5 5 5 5 5 5 5 5 5 5 5 5 5 5 5 5 5 5 5 5 5 5 5 5 5 5 5 5 5 5 5 5 5 5 5 5 5 5 5 5 5 5 5 5 5 5 5 5 5 5 5 5 5 5 5 5 5 5 5 5 5 5 5 5 5 5 5 5 5 5 5 5 5 5 5 5 5 5 5 5 5 5 5 5 5 5 5 5 5 5 5 5 5 5 5 5 5 5 5 5 5 5 5 5 5 5 5 5 5 5 5 5 5 5 5 5 5 5 5 5 5 5 5 5 5 5 5 5 5 5 5 5 5 5 5 5 5 5 5 5 5 5 5 5 5 5 5 5 5 5 5 5 5 5 5 5 5 5 5 5 5 5 5 5 5 5 5 5 5 5 5 5 5 5 5 5 5 5 5 5 5 5 5 5 5 5 5 5 5 5 5 5 5 5 5 5 5 5 5 5 5 5 5 5 5 5 5 5 5 5 5 5 5 5 5 5 5 5 5 5 5 5 5 5 5 5 5 5 5 5 5 5 5 5 5 5 5 5 5 5 5 5 5 5 5 5 5 5 5 5 5 5 5 5 5 5 5 5 5 5 5 5 5 5 5 5 5 5 5 5 5 5 5 5 5 5 5 5 5 5 5 5 5 5 5 5 5 5 5 5 5 5 5 5 5 5 5 5 5 5 5 5 5 5 5 5 5 5 5 5 5 5 5 5 5 5 5 5 5 5 5 5 5 5 5 5 5 5 5 5 5 5 5 5 5 5 5 5 5 5 5 5 5 5 5 5 5 5 5 5 5 5 5 5 5 5 5 5 5 5 5 5 5 5 5 5 5 5 5 5 5 5 5 5 5 5 5 5 5 5 5 5 5 5 5 5 5 5 5 5 5 5 5 5 5 5 5 5 5 5 5 5 5 5 5 5 5 5 5 5 5 5 5 5 5 5 5 5 5 5 5 5 5 5 5 5 5 5 5 5 5 5 5 5 5 5 5 5 5 5 5 5 5 5 5 5 5 5 5 5 5 5 5 5 5 5 5 5 5 5 5 5 5 5 5 5 5 5 5 5 5 5 5 5 5 5 5 5 5 5 5 5 5 5 5 5 5 5 5 5 5 5 5 5 5 5 5 5 5 5 5 5 5 5 5 5 5 5 5 5 5 5 5 5 5 5 5 5 5 5 5 5 5 5 5 5 5 5 5 5 5 5 5 5 5 5 5 5 5 5 5 5 5 5 5 5 5 5 5 5 5 5 5 5 5 5 5 5 5 5 5 5 5 5 5 5 5 5 5 5 5 5 5 5 5 5 5 5 5 5 5 5 5 5 5 5 5 5 5 5 5 5 5 5 5 5 5 5 5 5 5 5 5 5 5 5 5 5 5 5 5 5 5 5 5 5 5 5 5 5 5 5 5 5 5 5 5 5 5 5 5 5 5 5 5 5 5 5 5 5 5 5 5 5 5 5 5 5 5 5 5 5 5 5 5 5 5 5 5 5 5 5 5 5 5 5 5 5 5 5 5 5 5 5 5 5 5 5 5 5 5 5 5 5 5 5 5 5 5 5 5 5 5 5 5 5 5 5 5 5 5 5 5 5 5 5 5 5 5 5 5 5 5 5 5 5 5 5 5 5 5 5 5 5 5 5 5 5 5 5 5 5 5 5 5 5 5 5 5 5 5 5 5 5 5 5 5 5 5 5 5 5 5 5 5 5 5 5 5 5 5 5 5 5 5 5 5 5 5 5 5 5 5 5 5 5 5 5 5 5 5 5 5 5 5 5 5 5 5 5 5 5 5 5 5 5 5 5 5 5 5 5 5 5 5 5 5 5 5 5 5 5 5 5 5 5 5 5 5 5 5 5 5 5 5 5 5 5 5 5 5 5 5 5 5 5 5 5 5 5 5 5 5 5 5 5 5 5 5 5 5 5 5 5 5 5 5 5 5 5 5 5 5 5 5 5 5 5 5 5 5 5 5 5 5 5 5 5 5 5 5 5 5 5 5 5 5 5 5 5 5 5 5 5 5 5 5 5 5 5 5 5 5 5 5 5 5 5 5 5 5 5 5 5 5 5 5 5 5 5 5 5 5 5 5 5 5 5 5 5 5 5 5 5 5 5 5 5 5 5 5 5 5 5 5 5 5 5 5 5 5 5 5 5 5 5 5 5 5 5 5 5 5 5 5 5 5 5 5 5 5 5 5 5 5 5 5 5 5 5 5 5 5 5 5 5 5 5 5 5 5 5 5 5 5 5 5 5 5 5 5 5 5 5 5 5 5 5 5 5 5 5 5 5 5 5 5 5 5 5 5 5 5 5 5 5 5 5 5 5 5 5 5 5 5 5 5 5 5 5 5 5 5 5 5 5 5 5 5 5 5 5 5 5 5 5 5 5 5 5 5 5 5 5 5 5 5 5 5 5 5 5 5 5 5 5 5 5 5 5 5 5 5 5 5 5 5 5 5 5 5 5 5 5 5 5 5 5 5 5 5 5 5 5 5 5 5 5 5 5 5 5 5 5 5 5 5 5 5 5 5 5 5 5 5 5 5 5 5 5 5 5 5 5 5 5 5 5 5 5 5 5 5 5 5 5 5 5 5 5 5 5 5 5 5 5 5 5 5 5 5 5 5 5 5 5 5 5 5 5 5 5 5 5 5 5 5 5 5 5 5 5 5 5 5 5 5 5 5 5 5 5 5 5 5 5 5 5 5 5 5 5 5 5 5 5 5 5 5 5 5 5 5 5 5 5 5 5 5 5 5 5 5 5 5 5 5 5 5 5 5 5 5 5 5 5 5 5 5 5 5 5 5 5 5 5 5 5 5 5 5 5 5 5 5 5 5 5 5 5 5 5 5 5 5 5 5 5 5 5 5 5 5 5 5 5 5 5 5 5 5 5 5 5 5 5 5 5 5 5 5 5 5 5 5 5 5 5 5 5 5 5 5 5 5 5 5 5 5 5 5 5 5 5 5 5 5 5 5 5 5 5 5 5 5 5 5 5 5 5 5 5 5 5 5 5 5 5 5 5 5 5 5 5 5 5 5 5 5 5 5 5 5 5 5 5 5 5 5 5 5 5 5 5 5 5 5 5 5 5 5 5 5 5 5 5 5 5 5 5 5 5 5 5 5 5 5 5 5 5 5 5 5 5 5 5 5 5 5 5 5 5 5 5 5 5 5 5 5 5 5 5 5 5 5 5 5 5 5 5 5 5 5 5 5 5 5 5 5 5 5 5 5 5 5 5 5 5 5 5 5 5 5 5 5 5 5 5 5 5 5 5 5 5 5 5 5 5 5 5 5 5 5 5 5 5 5 5 5 5 5 5 5 5 5 5 5 5 5 5 5 5 5 5 5 5 5 5 5 5 5 5 5 5 5 5 5 5 5 5 5 5 5 5 5 5 5 5 5 5 5 5 5 5 5 5 5 5 5 5 5 5 5 5 5 5 5 5 5 5 5 5 5 5 5 5 5 5 5 5 5 5 5 5 5 5 5 5 5 5 5 5 5 5 5 5 5 5 5 5 5 5 5 5 5 5 5 5 5 5 5 5 5 5 5 5 5 5 5 5 5 5 5 5 5 5 5 5 5 5 5 5 5 5 5 5 5 5 5 5 5 5 5 5 5 5 5 5 5 5 5 5 5 5 5 5 5 5 5 5 5 5 5 5 5 5 5 5 5 5 5 5 5 5 5 5 5 5 5 5 5 5 5 5 5 5 5 5 5 5 5 5 5 5 5 5 5 5 5 5 5 5 5 5 5 5 5 5 5 5 5 5 5 5 5 5 5 5 5 5 5 5 5 5 5 5 5 5 5 5 5 5 5 5 5 5 5 5 5 5 5 5 5 5 5 5 5 5 5 5 5 5 5 5 5 5 5 5 5 5 5 5 5 5 5 5 5 5 5 5 5 5 5 5 5 5 5 5 5 5 5 5 5 5 5 5 5 5 5 5 5 5 5 5 5 5 5 5 5 5 5 5 5 5 5 5 5 5 5 5 5 5 5 5 5 5 5 5 5 5 5 5 5 5 5 5 5 5 5 5 5 5 5 5 5 5 5 5 5 5 5 5 5 5 5 5 5 5 5 5 5 5 5 5 5 5 5 5 5 5 5 5 5 5 5 5 5 5 5 5 5 5 5 5 5 5 5 5 5 5 5 5 5 5 5 5 5 5 5 5 5 5 5 5 5 5 5 5 5 5 5 5 5 5 5 5 5 5 5 5 5 5 5 5 5 5 5 5 5 5 5 5 5 5 5 5 5 5 5 5 5 5 5 5 5 5 5 5 5 5 5 5 5 5 5 5 5 5 5 5 5 5 5 5 5 5 5 5 5 5 5 5 5 5 5 5 5 5 5 5 5 5 5 5 5 5 5 5 5 5 5 5 5 5 5 5 5 5 5 5 5 5 5 5 5 5 5 5 5 5 5 5 5 5 5 5 5 5 5 5 5 5 5 5 5 5 5 5 5 5 5 5 5 5 5 5 5 5 5 5 5 5 5 5 5 5 5 5 5 5 5 5 5 5 5 5 5 </DataArray>
</Cells>
<PointData  Vectors="f_314581"> 
<DataArray  type="Float64"  Name="f_314581"  NumberOfComponents="3" format="ascii">1.5351795137089343e-04 -1.4322592690607999e-04 0.0000000000000000e+00  9.5040844485312108e-05 9.5642143653636204e-05 0.0000000000000000e+00  -1.8993105813075141e-04 1.8432072217442402e-04 0.0000000000000000e+00  -9.9802725399208479e-05 -9.6644276572842744e-05 0.0000000000000000e+00  1.0000000001317476e-01 0.0000000000000000e+00 0.0000000000000000e+00  1.0000000001317476e-01 0.0000000000000000e+00 0.0000000000000000e+00  1.0000000001317476e-01 0.0000000000000000e+00 0.0000000000000000e+00  1.0000000001317476e-01 0.0000000000000000e+00 0.0000000000000000e+00  1.0000000001317476e-01 0.0000000000000000e+00 0.0000000000000000e+00  1.0000000001317476e-01 0.0000000000000000e+00 0.0000000000000000e+00  1.0000000001317476e-01 0.0000000000000000e+00 0.0000000000000000e+00  1.0000000001317476e-01 0.0000000000000000e+00 0.0000000000000000e+00  1.0000000001317476e-01 0.0000000000000000e+00 0.0000000000000000e+00  -1.0000000001317476e-01 0.0000000000000000e+00 0.0000000000000000e+00  -1.0000000001317476e-01 0.0000000000000000e+00 0.0000000000000000e+00  -1.0000000001317476e-01 0.0000000000000000e+00 0.0000000000000000e+00  -1.0000000001317476e-01 0.0000000000000000e+00 0.0000000000000000e+00  -1.0000000001317476e-01 0.0000000000000000e+00 0.0000000000000000e+00  -1.0000000001317476e-01 0.0000000000000000e+00 0.0000000000000000e+00  -1.0000000001317476e-01 0.0000000000000000e+00 0.0000000000000000e+00  -1.0000000001317476e-01 0.0000000000000000e+00 0.0000000000000000e+00  5.6614938477725319e-04 -3.5368700624111853e-03 0.0000000000000000e+00  -6.7048630936154656e-04 3.1540076316439189e-03 0.0000000000000000e+00  -1.0000000001317476e-01 0.0000000000000000e+00 0.0000000000000000e+00  1.0000000001317476e-01 0.0000000000000000e+00 0.0000000000000000e+00  -2.1221766797690665e-04 -2.2767814015526942e-03 0.0000000000000000e+00  7.3297360024356125e-05 5.6809913251505226e-03 0.0000000000000000e+00  2.4669806965931825e-04 2.6300386754441107e-03 0.0000000000000000e+00  -1.2103385753601989e-04 -5.7664349635810205e-03 0.0000000000000000e+00  -1.0000000001317476e-01 0.0000000000000000e+00 0.0000000000000000e+00  -1.0000000001317476e-01 0.0000000000000000e+00 0.0000000000000000e+00  -1.0000000001317476e-01 0.0000000000000000e+00 0.0000000000000000e+00  1.0000000001317476e-01 0.0000000000000000e+00 0.0000000000000000e+00  1.0000000001317476e-01 0.0000000000000000e+00 0.0000000000000000e+00  1.0000000001317476e-01 0.0000000000000000e+00 0.0000000000000000e+00  -1.0000000001317476e-01 0.0000000000000000e+00 0.0000000000000000e+00  -1.0000000001317476e-01 0.0000000000000000e+00 0.0000000000000000e+00  1.0000000001317476e-01 0.0000000000000000e+00 0.0000000000000000e+00  1.0000000001317476e-01 0.0000000000000000e+00 0.0000000000000000e+00  -1.6944619828095915e-03 1.5761628570657154e-05 0.0000000000000000e+00  1.7441473830872125e-03 -4.0987934156443381e-05 0.0000000000000000e+00  -1.4253745711846223e-02 4.6108434243171087e-04 0.0000000000000000e+00  1.2238663056519192e-02 6.4688249099068944e-03 0.0000000000000000e+00  9.6825386195026807e-06 7.0316594576318918e-04 0.0000000000000000e+00  -8.1634081416087544e-06 -5.4650519921943996e-04 0.0000000000000000e+00  -8.0839038009313273e-04 -9.4471634161171734e-03 0.0000000000000000e+00  -5.5241071547316729e-04 -3.6022298449849134e-03 0.0000000000000000e+00  8.2208447167794903e-04 1.0008304747410069e-02 0.0000000000000000e+00  4.9796923885051826e-04 3.0579592741277585e-03 0.0000000000000000e+00  6.4741224791457349e-05 2.8875761009352439e-03 0.0000000000000000e+00  -2.9287335558901238e-05 -2.5834398768387460e-03 0.0000000000000000e+00  -1.3623414622642924e-03 2.5844008311913871e-03 0.0000000000000000e+00  5.2730238904808080e-03 -3.4986611978933056e-03 0.0000000000000000e+00  -5.8119551889184091e-04 -1.7020742608562388e-03 0.0000000000000000e+00  -9.3874684202091985e-03 -3.0742170547474563e-03 0.0000000000000000e+00  7.7660750340046109e-04 5.1921829133527196e-05 0.0000000000000000e+00  1.2388019131187229e-03 2.1239366838921129e-05 0.0000000000000000e+00  -1.3953631128068372e-03 -3.2585382508837329e-05 0.0000000000000000e+00  1.8382099314861583e-03 1.0805005161628502e-03 0.0000000000000000e+00  -7.1581448166011051e-04 -4.0984479931294609e-05 0.0000000000000000e+00  6.2455224632556724e-03 6.2119076065098779e-03 0.0000000000000000e+00  -7.4631273190455191e-03 9.5458297316306367e-03 0.0000000000000000e+00  -1.8132123084228576e-03 4.9334443142332171e-03 0.0000000000000000e+00  2.0601736488222730e-03 -4.4208772038291247e-03 0.0000000000000000e+00  1.6189572096434914e-03 -2.4457521890531284e-04 0.0000000000000000e+00  -1.9953329630221167e-03 -2.2443510197223365e-04 0.0000000000000000e+00  5.6595120062569671e-05 1.8317959708924722e-04 0.0000000000000000e+00  -1.3015963736366109e-02 7.0294546407851204e-03 0.0000000000000000e+00  2.8915587967025943e-03 -1.0664032510501133e-02 0.0000000000000000e+00  2.6280663169555652e-04 5.0473534665727840e-03 0.0000000000000000e+00  1.7172345443959593e-04 8.3487773303774198e-03 0.0000000000000000e+00  -3.2227541537917046e-03 -2.8930954786608909e-03 0.0000000000000000e+00  -2.5574713328731713e-04 -5.3449132041515218e-03 0.0000000000000000e+00  5.5831003509553773e-03 -9.2971368294211855e-03 0.0000000000000000e+00  3.3350456577513729e-03 1.8341907677370283e-03 0.0000000000000000e+00  -7.3213092966635074e-05 1.0610839011423732e-03 0.0000000000000000e+00  -5.0584057351718042e-05 -3.6961105163711076e-04 0.0000000000000000e+00  4.7135215660360015e-05 -9.5305164775950273e-04 0.0000000000000000e+00  5.1331767666585106e-05 4.3690308529684374e-04 0.0000000000000000e+00  4.1957886095116576e-04 8.7321129827413622e-04 0.0000000000000000e+00  -2.2405849673164122e-03 2.0893296206184473e-03 0.0000000000000000e+00  1.9667044290259139e-03 -1.8423575845030057e-03 0.0000000000000000e+00  -4.5367721072304100e-03 -1.3965957360399673e-02 0.0000000000000000e+00  1.7058349045197034e-02 -2.6490079481560156e-04 0.0000000000000000e+00  -7.9443745998324933e-03 9.6800615030352526e-03 0.0000000000000000e+00  2.7244895027240274e-03 4.8351810555601372e-03 0.0000000000000000e+00  -1.8501534115738427e-03 -4.9261395729636327e-03 0.0000000000000000e+00  -1.7008861803712481e-03 -4.7612404273669561e-04 0.0000000000000000e+00  3.0743339528162142e-03 1.4725853891943872e-02 0.0000000000000000e+00  1.3143478752921200e-03 -1.0850770156364726e-03 0.0000000000000000e+00  -4.5175419208150967e-04 -5.5506357771186799e-04 0.0000000000000000e+00  -2.1474982883540921e-04 -6.8284291795058299e-03 0.0000000000000000e+00  3.5224238648311487e-05 6.8395051168696269e-03 0.0000000000000000e+00  7.7889107223506004e-04 -1.0009487142042998e-02 0.0000000000000000e+00  3.4753278315835545e-03 1.2770126447573880e-03 0.0000000000000000e+00  -5.9330242876473455e-03 1.2674840757654498e-03 0.0000000000000000e+00  -2.3666525943367167e-04 -8.0613333670825748e-03 0.0000000000000000e+00  7.6742043577002043e-04 3.6390161842662775e-04 0.0000000000000000e+00  -8.0827553774314310e-04 -1.0184712912944492e-03 0.0000000000000000e+00  -7.5154513590064445e-05 -4.4507724643032985e-03 0.0000000000000000e+00  2.9493104268629149e-05 4.7370680033057781e-03 0.0000000000000000e+00  6.2724607808494165e-04 6.8013492069187468e-03 0.0000000000000000e+00  -5.9623307131719005e-04 -6.2636641915068602e-03 0.0000000000000000e+00  -3.8117048866920812e-05 7.6904324508731512e-05 0.0000000000000000e+00  6.7107767661797506e-03 -1.1581469873295654e-03 0.0000000000000000e+00  -3.2841872734661471e-04 1.0196138268256209e-03 0.0000000000000000e+00  -3.3300116538938639e-03 -5.1423772040147390e-04 0.0000000000000000e+00  6.6479502672449461e-04 6.8095097869903948e-03 0.0000000000000000e+00  -1.1574314207689013e-03 -4.2373836471068221e-03 0.0000000000000000e+00  8.7793861526011370e-05 -8.8396780320600229e-04 0.0000000000000000e+00  1.4682859633135040e-02 -1.5942054007530227e-02 0.0000000000000000e+00  9.7732985324238677e-04 -6.4038215858628245e-04 0.0000000000000000e+00  -2.0394906119818854e-02 -1.0470054515727675e-02 0.0000000000000000e+00  -1.5994692431007294e-02 5.4852484288339448e-03 0.0000000000000000e+00  -1.1071455033015542e-03 6.8992170924431196e-04 0.0000000000000000e+00  3.4722605627395838e-04 7.4960430034592192e-05 0.0000000000000000e+00  -3.0286257599121203e-03 -9.0088515877843845e-04 0.0000000000000000e+00  -6.2844726268435824e-03 2.9255182791777493e-03 0.0000000000000000e+00  1.2789008998491226e-03 1.4699652098694029e-05 0.0000000000000000e+00  1.0084778953064135e-03 4.7891383801884320e-04 0.0000000000000000e+00  1.8595823325754275e-03 1.0556393639839996e-04 0.0000000000000000e+00  4.4052891837297733e-03 -4.2952418808999906e-04 0.0000000000000000e+00  5.5770996500991116e-04 1.8850013223875423e-03 0.0000000000000000e+00  -4.4551087561884480e-03 -7.1500594996243083e-03 0.0000000000000000e+00  1.3369619945419322e-02 1.1283931702915530e-02 0.0000000000000000e+00  3.5619172610559247e-02 -9.0932715346938331e-05 0.0000000000000000e+00  3.5560138089171448e-04 -1.1133336967027152e-02 0.0000000000000000e+00  -3.0439976399287261e-04 -6.7135867140513650e-05 0.0000000000000000e+00  3.4309739209848340e-04 3.9150305928704041e-04 0.0000000000000000e+00  -9.9969060753176179e-04 -3.6400833228513000e-04 0.0000000000000000e+00  3.4357523419036057e-02 4.6304611010713759e-03 0.0000000000000000e+00  2.8988151042236014e-03 -1.2161799384558998e-03 0.0000000000000000e+00  -2.9158177289762776e-03 -9.1962821142287533e-03 0.0000000000000000e+00  1.0497302036392390e-03 -5.8900436201495404e-03 0.0000000000000000e+00  -1.8372963949476666e-03 -2.3995317574115612e-05 0.0000000000000000e+00  1.7876154274103042e-03 5.8118584337491774e-06 0.0000000000000000e+00  6.0349228291358727e-04 -7.3666304670551804e-05 0.0000000000000000e+00  -6.4473670622933426e-04 6.9687907598170581e-05 0.0000000000000000e+00  -1.2125621516779314e-03 -2.4378531022654638e-06 0.0000000000000000e+00  6.9361358553045288e-02 1.1301366689581479e-03 0.0000000000000000e+00  6.5655021919656064e-04 -2.6453895658383911e-03 0.0000000000000000e+00  4.4049479922341058e-03 -4.8508704851156137e-03 0.0000000000000000e+00  7.7041368595670099e-03 1.0535791515111710e-03 0.0000000000000000e+00  3.0089292160031754e-03 9.4556400054782580e-03 0.0000000000000000e+00  -1.1609868593765011e-03 2.9230443477424700e-04 0.0000000000000000e+00  3.0230446498094839e-03 8.2329577415645797e-03 0.0000000000000000e+00  -3.4921705286496713e-02 4.6024640798145921e-03 0.0000000000000000e+00  -2.5501737447844704e-03 -3.7256459286821161e-03 0.0000000000000000e+00  2.6980211743234694e-03 -3.3318135664044454e-03 0.0000000000000000e+00  -4.3036321799173275e-03 1.3987799850992439e-03 0.0000000000000000e+00  2.5785700473810054e-03 2.9525854500236860e-03 0.0000000000000000e+00  -7.6992039814874249e-04 1.7373932717725904e-03 0.0000000000000000e+00  6.2341677285580399e-04 -1.6887502334331078e-03 0.0000000000000000e+00  -8.8158248515716629e-04 3.8506418657082309e-03 0.0000000000000000e+00  8.5834295397320078e-04 -3.4676421952193940e-03 0.0000000000000000e+00  -7.9500671533809714e-04 5.8180252553247146e-03 0.0000000000000000e+00  -1.9112814076358887e-03 5.2983113916737446e-03 0.0000000000000000e+00  2.4194670105451110e-03 4.2127672240072902e-03 0.0000000000000000e+00  -7.8738014213670053e-05 -5.8655166793072358e-04 0.0000000000000000e+00  -3.0949801448871173e-03 4.1153541015881666e-03 0.0000000000000000e+00  -2.9969927508820699e-04 1.1071009622426669e-02 0.0000000000000000e+00  -1.8028166201824469e-03 -4.1938805019597801e-05 0.0000000000000000e+00  -1.7052338889143603e-03 1.8936357473214958e-04 0.0000000000000000e+00  1.1597846138922865e-03 8.4598500881835083e-04 0.0000000000000000e+00  1.5407143482524131e-03 -2.0473641623911293e-04 0.0000000000000000e+00  2.2331810533210740e-03 -1.0905503326005862e-03 0.0000000000000000e+00  -1.0000000001317476e-01 0.0000000000000000e+00 0.0000000000000000e+00  -1.0000000001317476e-01 0.0000000000000000e+00 0.0000000000000000e+00  -3.2338228162846620e-04 5.8600035596731532e-03 0.0000000000000000e+00  4.5144744460694636e-03 3.3235379751113563e-03 0.0000000000000000e+00  -8.4996719420440098e-02 1.4863050194200277e-03 0.0000000000000000e+00  -1.0000000001317476e-01 0.0000000000000000e+00 0.0000000000000000e+00  -1.0000000001317476e-01 0.0000000000000000e+00 0.0000000000000000e+00  4.2270453133225333e-03 -4.5727075703276580e-03 0.0000000000000000e+00  1.4885694168522970e-03 -5.0493321425991054e-03 0.0000000000000000e+00  -1.3220768677058752e-03 6.7767478961819399e-03 0.0000000000000000e+00  -5.6293492701731951e-03 -4.1972927158493625e-03 0.0000000000000000e+00  -1.4390866423820410e-02 -6.7527188857984650e-04 0.0000000000000000e+00  4.6404456306273716e-04 -4.5575308533999634e-04 0.0000000000000000e+00  -2.9053795944200536e-03 4.9579676074382965e-03 0.0000000000000000e+00  2.0725995303839118e-03 2.9931942574400413e-03 0.0000000000000000e+00  5.6956382459720321e-03 1.2520968946041259e-03 0.0000000000000000e+00  -1.7537357924454868e-03 -3.5916910146252304e-03 0.0000000000000000e+00  4.9510684515997622e-03 -1.8806767974232353e-02 0.0000000000000000e+00  -3.5040697187927704e-03 -4.2590986944294924e-03 0.0000000000000000e+00  1.4467561626187115e-02 -2.8546940396856693e-03 0.0000000000000000e+00  -1.8638368329702590e-03 -2.2016150576411563e-03 0.0000000000000000e+00  -8.2693093042973686e-04 -9.1165584795308745e-04 0.0000000000000000e+00  -9.9692291503150621e-04 -5.7497884070330666e-03 0.0000000000000000e+00  -7.9096920639375255e-04 8.4891708258019781e-04 0.0000000000000000e+00  -5.5826618906015760e-03 2.2097384146745693e-02 0.0000000000000000e+00  1.0000000001317476e-01 0.0000000000000000e+00 0.0000000000000000e+00  1.0000000001317476e-01 0.0000000000000000e+00 0.0000000000000000e+00  -9.3805188624076076e-05 4.3276541809098744e-04 0.0000000000000000e+00  1.2753879336269280e-04 -3.8227001699022675e-04 0.0000000000000000e+00  -2.2604463127282769e-04 -2.7686598218555077e-04 0.0000000000000000e+00  9.6353982444174981e-04 1.0890624839285995e-03 0.0000000000000000e+00  4.7141647145502552e-05 8.1916338921012293e-04 0.0000000000000000e+00  -2.8180456479696726e-03 -5.4078486323121447e-04 0.0000000000000000e+00  1.0000000001317476e-01 0.0000000000000000e+00 0.0000000000000000e+00  1.0000000001317476e-01 0.0000000000000000e+00 0.0000000000000000e+00  -3.0091215978009522e-02 -3.5387883023951078e-03 0.0000000000000000e+00  1.9814466936610250e-02 3.0449979557466242e-02 0.0000000000000000e+00  -4.1721707870014391e-03 5.4837479908092512e-03 0.0000000000000000e+00  -2.4081025601655750e-03 5.1805151639721368e-04 0.0000000000000000e+00  -2.3798906017291417e-03 -9.8291211081253712e-03 0.0000000000000000e+00  -9.0211443501784384e-03 -8.8914124566350557e-03 0.0000000000000000e+00  1.9418608454243517e-03 -6.1137575421384691e-04 0.0000000000000000e+00  1.7924980359755784e-03 -6.0152559037026201e-05 0.0000000000000000e+00  -4.6533761216292239e-03 -3.5318910309982713e-03 0.0000000000000000e+00  1.7645691994049338e-04 5.6533540332860807e-03 0.0000000000000000e+00  8.9865368448956726e-04 5.6377152770844177e-03 0.0000000000000000e+00  4.0179118119309593e-04 4.1287805201434781e-03 0.0000000000000000e+00  1.5482854355637456e-03 4.3046992246591962e-04 0.0000000000000000e+00  2.5088949280520616e-03 -2.3326062310200647e-03 0.0000000000000000e+00  4.1589488490723272e-03 4.0350132622540740e-03 0.0000000000000000e+00  1.0562588160508920e-02 -5.9173966695402385e-03 0.0000000000000000e+00  2.5554817831749760e-02 -5.4888107195778749e-03 0.0000000000000000e+00  3.4790400448756023e-04 3.3797144658197190e-03 0.0000000000000000e+00  -1.2117642360526381e-02 -2.6346154537656586e-02 0.0000000000000000e+00  -1.4486903117283904e-02 7.7484742801229925e-03 0.0000000000000000e+00  3.6230860943367734e-04 -1.4599155686724364e-03 0.0000000000000000e+00  -2.0113608523911462e-03 3.1283665912408045e-05 0.0000000000000000e+00  -1.5083980081137891e-03 -8.1751680643408670e-05 0.0000000000000000e+00  -2.8770590429231836e-03 9.1708488620736422e-03 0.0000000000000000e+00  -6.1451013391656552e-04 -2.4435071101738988e-04 0.0000000000000000e+00  -2.3512506620828304e-03 -6.5962404773226655e-03 0.0000000000000000e+00  2.5123999193193778e-03 -6.6520271909230573e-03 0.0000000000000000e+00  -4.4669637302199476e-04 9.0105069996073983e-03 0.0000000000000000e+00  1.5731764264044681e-03 3.0607733268237776e-05 0.0000000000000000e+00  7.2704809435993869e-04 1.7650517767139524e-03 0.0000000000000000e+00  4.0444577847134587e-03 5.9182589215973679e-03 0.0000000000000000e+00  -5.4107753384921853e-03 -3.8939563993015528e-03 0.0000000000000000e+00  1.8662920083773727e-03 -3.1636982044022511e-03 0.0000000000000000e+00  6.4426688675911744e-05 2.1452765794312948e-04 0.0000000000000000e+00  -1.0000000001317476e-01 0.0000000000000000e+00 0.0000000000000000e+00  -1.0000000001317476e-01 0.0000000000000000e+00 0.0000000000000000e+00  2.1928539488829548e-04 -5.8569347928926277e-03 0.0000000000000000e+00  -1.8882952904876257e-04 5.9740184527668190e-03 0.0000000000000000e+00  2.3409994638578728e-02 7.1711480204112990e-03 0.0000000000000000e+00  1.1442958268379837e-02 4.2817647167147149e-03 0.0000000000000000e+00  -3.4677920413957549e-04 -4.5245230600362623e-03 0.0000000000000000e+00  -1.4361707455555876e-03 -1.1253029044652218e-03 0.0000000000000000e+00  6.5391474007971562e-03 1.0473771431067183e-02 0.0000000000000000e+00  -6.0967082698128719e-03 -5.7940434913678323e-04 0.0000000000000000e+00  -2.2873807808296226e-03 1.1397043616400617e-03 0.0000000000000000e+00  -3.2971328424914791e-04 -9.1821301080664277e-04 0.0000000000000000e+00  6.6244777687753337e-04 2.5204398639685197e-04 0.0000000000000000e+00  2.0266432108290085e-04 6.3344154358755517e-04 0.0000000000000000e+00  -4.6653629461276463e-02 -1.0576725176510288e-02 0.0000000000000000e+00  4.0315252572338225e-04 1.1916262368345892e-02 0.0000000000000000e+00  -2.3347678800605353e-02 1.0817397295954337e-03 0.0000000000000000e+00  -8.4127926487541783e-04 2.7659107123381124e-03 0.0000000000000000e+00  -3.9902898404787814e-03 -3.5038769907560761e-03 0.0000000000000000e+00  6.5479486217604639e-03 -1.0310889335507188e-02 0.0000000000000000e+00  3.0919878655310982e-03 6.7511647850812592e-03 0.0000000000000000e+00  -1.2477648615003218e-03 -4.4940807672859207e-03 0.0000000000000000e+00  -6.7392909530420895e-04 -2.4024358156653205e-03 0.0000000000000000e+00  -1.5180687551314468e-02 -1.6900318449987735e-03 0.0000000000000000e+00  1.9301030287142121e-03 1.7014251534292410e-03 0.0000000000000000e+00  2.4634576552433943e-03 -7.0380530833692211e-03 0.0000000000000000e+00  -1.8202653492181155e-03 -2.2282889270002593e-03 0.0000000000000000e+00  1.2736970478483163e-03 4.1239650867583057e-03 0.0000000000000000e+00  -1.0385283834186333e-02 2.2621344289188877e-03 0.0000000000000000e+00  -3.5949642056844048e-03 -4.6302719945451876e-03 0.0000000000000000e+00  9.1945816335485531e-04 -4.8418301484984870e-03 0.0000000000000000e+00  -1.8378510822342388e-04 -5.7672095778235795e-03 0.0000000000000000e+00  3.0427581458883926e-04 -6.0679710524946390e-03 0.0000000000000000e+00  1.0451820668343976e-03 -8.4150143982378179e-03 0.0000000000000000e+00  -1.0000000001317476e-01 0.0000000000000000e+00 0.0000000000000000e+00  -1.0000000001317476e-01 0.0000000000000000e+00 0.0000000000000000e+00  2.2120066994741920e-03 -1.0970464122501621e-04 0.0000000000000000e+00  -1.2203319895809850e-05 5.6300853784424141e-04 0.0000000000000000e+00  -3.8892413348680930e-04 5.0937965126289812e-04 0.0000000000000000e+00  4.5692510223466730e-04 -3.6932128855136524e-04 0.0000000000000000e+00  -1.4405473129155666e-03 -7.1741014310218168e-03 0.0000000000000000e+00  -5.1138013092813007e-04 4.1235850913807131e-04 0.0000000000000000e+00  4.7259304413704555e-03 2.1813768763699164e-03 0.0000000000000000e+00  -2.2639651782647226e-03 1.3966460882050476e-02 0.0000000000000000e+00  -8.7491664594545359e-04 4.8070880529184441e-03 0.0000000000000000e+00  3.1008034709213327e-02 7.9742251770315922e-03 0.0000000000000000e+00  4.4940714912019373e-03 -8.7526592143326155e-05 0.0000000000000000e+00  -1.9377708820356144e-03 3.4669910355749505e-03 0.0000000000000000e+00  -1.0140056753416577e-03 1.3315575189981842e-03 0.0000000000000000e+00  4.1382575788216367e-03 -9.0803486521453278e-04 0.0000000000000000e+00  5.1767491281757829e-03 3.1631888441259431e-03 0.0000000000000000e+00  2.3267263659748623e-03 3.8593275786209656e-04 0.0000000000000000e+00  -8.3795601643392014e-03 3.9872971737658254e-03 0.0000000000000000e+00  -3.0571955069218478e-03 2.5108947416078099e-03 0.0000000000000000e+00  1.0814844348968334e-03 -2.4120871227338971e-03 0.0000000000000000e+00  1.7951608024077909e-03 2.2334491324927210e-03 0.0000000000000000e+00  1.0000000001317476e-01 0.0000000000000000e+00 0.0000000000000000e+00  1.0000000001317476e-01 0.0000000000000000e+00 0.0000000000000000e+00  -7.5912572756950067e-04 -8.2520773486324996e-03 0.0000000000000000e+00  1.2972985671220192e-04 1.1299039026058733e-03 0.0000000000000000e+00  -2.9684982190626725e-05 -5.2785522704945533e-04 0.0000000000000000e+00  4.2257583661344195e-04 4.5816867424267830e-03 0.0000000000000000e+00  7.4690169829433575e-05 5.3859120457951763e-03 0.0000000000000000e+00  -3.9413373820955402e-05 -3.5352334866912316e-03 0.0000000000000000e+00  4.2269356065550957e-05 3.9241485603519494e-03 0.0000000000000000e+00  5.7664180835110701e-06 -1.7122357153360307e-03 0.0000000000000000e+00  2.6009908418928264e-05 1.9139650566632868e-03 0.0000000000000000e+00  -3.8467131039660995e-04 -4.1480102722824047e-03 0.0000000000000000e+00  7.8123888280901281e-04 8.8416536490918476e-03 0.0000000000000000e+00  7.1244109128435168e-04 -1.3694268015665549e-03 0.0000000000000000e+00  -5.9197583209154010e-04 -9.4832918640225233e-03 0.0000000000000000e+00  1.0000000001317476e-01 0.0000000000000000e+00 0.0000000000000000e+00  1.0000000001317476e-01 0.0000000000000000e+00 0.0000000000000000e+00  6.0163589374459807e-04 9.9004213497191421e-03 0.0000000000000000e+00  1.9170452139808857e-05 -3.5121923244369174e-04 0.0000000000000000e+00  -6.1920357408756674e-05 -1.8724224128767190e-04 0.0000000000000000e+00  -1.1214383447624230e-04 -8.4749592333055956e-04 0.0000000000000000e+00  2.9292912543856150e-05 6.3022702830375660e-04 0.0000000000000000e+00  -7.6831578428606076e-05 -5.2552261721454923e-03 0.0000000000000000e+00  -3.0172402728041356e-03 -7.5953674758044731e-04 0.0000000000000000e+00  4.7659489291826298e-04 -9.5979844138991842e-04 0.0000000000000000e+00  1.3711464047716998e-03 -1.1582518230727915e-03 0.0000000000000000e+00  1.1298506519007833e-03 -1.7052895683939242e-04 0.0000000000000000e+00  -1.5017943279410674e-03 1.2929797196883017e-03 0.0000000000000000e+00  -1.2733764760179300e-03 1.6644788046349932e-04 0.0000000000000000e+00  -2.1984100853485221e-03 9.3770796697179009e-03 0.0000000000000000e+00  1.2399833494359876e-03 1.6220951321523617e-04 0.0000000000000000e+00  1.2589682670406012e-04 1.1395300189006728e-03 0.0000000000000000e+00  -6.2239997602191004e-04 -2.7413040641093081e-03 0.0000000000000000e+00  -1.2947476563371996e-03 -1.3140178069138229e-03 0.0000000000000000e+00  5.8061723190002312e-04 5.7024915929826121e-04 0.0000000000000000e+00  4.4600709358834697e-03 -1.5966930720950751e-03 0.0000000000000000e+00  -9.4569534622128987e-03 7.1166541580109793e-03 0.0000000000000000e+00  -1.2583417654103306e-02 1.1324173468973053e-02 0.0000000000000000e+00  1.7102883266500717e-02 -1.3784313397590509e-02 0.0000000000000000e+00  -2.1334742815081867e-02 7.8728180230304545e-03 0.0000000000000000e+00  1.0112488669826629e-02 -1.3258545115751199e-02 0.0000000000000000e+00  -1.7719606163641623e-04 -5.8785836111087762e-03 0.0000000000000000e+00  1.4178096839461279e-03 1.0808486974053507e-02 0.0000000000000000e+00  -4.1176440056012002e-03 1.3892702189419860e-03 0.0000000000000000e+00  -3.3130740225228365e-04 2.0030939156946378e-03 0.0000000000000000e+00  -3.6024916661961684e-02 -8.4768520840951649e-03 0.0000000000000000e+00  1.7367205455742229e-02 -7.5093211197085428e-03 0.0000000000000000e+00  9.5691337583333807e-04 -3.0599373171943294e-03 0.0000000000000000e+00  -5.6722413502553488e-04 1.0099462604928359e-03 0.0000000000000000e+00  -1.0843465999793793e-03 -7.3978645957396068e-04 0.0000000000000000e+00  1.2583384349924761e-04 -6.0427165319254766e-04 0.0000000000000000e+00  -1.8458938354263775e-03 6.4613543612279184e-06 0.0000000000000000e+00  -2.3737198278713781e-03 -9.6002830032341396e-04 0.0000000000000000e+00  -3.9495786072454173e-02 -2.0285094546151756e-02 0.0000000000000000e+00  -1.7365846288858206e-03 -1.5147471660253813e-04 0.0000000000000000e+00  1.2116471670866500e-03 -1.5713379111866391e-03 0.0000000000000000e+00  -2.8443182846167585e-02 7.3523681759263045e-03 0.0000000000000000e+00  -4.5873980010754014e-03 -1.5521569770855911e-03 0.0000000000000000e+00  4.0733209964422482e-03 2.1197720392563419e-03 0.0000000000000000e+00  -4.1556060878225306e-03 1.4108010954627334e-03 0.0000000000000000e+00  6.8328487562180156e-04 -7.9358539065140562e-04 0.0000000000000000e+00  1.7659221050058212e-03 -1.8156755128929645e-03 0.0000000000000000e+00  1.4920318616102300e-03 -1.2939574599483945e-04 0.0000000000000000e+00  3.6524345958634686e-04 -1.1530224564892883e-03 0.0000000000000000e+00  -3.4360008551187729e-03 -6.9894500743712083e-03 0.0000000000000000e+00  -1.3824190899525805e-04 -7.9273677273607664e-05 0.0000000000000000e+00  1.5555718025720268e-04 7.8924615732720783e-05 0.0000000000000000e+00  -1.2775834609742940e-03 -7.2076761692583722e-04 0.0000000000000000e+00  -5.6530834526334747e-03 5.9875444358972168e-03 0.0000000000000000e+00  -1.6937061394928180e-03 -5.8142027685380640e-05 0.0000000000000000e+00  1.5535479941404461e-03 4.9527648231456904e-05 0.0000000000000000e+00  -1.6548353874481501e-03 6.3274203471667923e-04 0.0000000000000000e+00  -2.2816850936376444e-03 -7.8767655216654270e-03 0.0000000000000000e+00  -2.4926207279087477e-03 -5.8150525543514721e-03 0.0000000000000000e+00  2.8528334992839110e-03 1.2670888578699556e-03 0.0000000000000000e+00  1.1716768067718366e-02 -6.5542441304404430e-03 0.0000000000000000e+00  -2.3450887895884532e-03 5.8218022339071654e-03 0.0000000000000000e+00  1.0656802065778161e-01 9.4852468343496494e-03 0.0000000000000000e+00  -9.8294034281415398e-05 7.3217723165667657e-04 0.0000000000000000e+00  1.9612179895106452e-04 1.9575844275642032e-04 0.0000000000000000e+00  -1.2782302416733574e-02 1.6286235650035803e-02 0.0000000000000000e+00  2.0744425801722450e-03 -1.9449232484217461e-04 0.0000000000000000e+00  1.9897888316976736e-03 3.1655637902164871e-04 0.0000000000000000e+00  -1.1124976683961979e-02 -1.4619871211789296e-02 0.0000000000000000e+00  -4.4135617759417337e-02 -8.3055444765311112e-03 0.0000000000000000e+00  1.3106945251826767e-03 1.6375156806569123e-03 0.0000000000000000e+00  2.0950120563789378e-03 6.6129804068166213e-03 0.0000000000000000e+00  -2.8939869036732281e-03 5.8259584677009179e-03 0.0000000000000000e+00  3.6531820029603794e-03 3.2593251901871426e-04 0.0000000000000000e+00  1.7727324807576962e-03 -2.3678421122484787e-05 0.0000000000000000e+00  4.1622361071655067e-02 1.7807906127127293e-02 0.0000000000000000e+00  1.0971025410172110e-03 -1.8263193601322298e-04 0.0000000000000000e+00  -5.2037874347781931e-03 -1.0014464189498159e-02 0.0000000000000000e+00  3.2192823063686184e-03 -1.2710295817718363e-02 0.0000000000000000e+00  1.1382666358766400e-02 -3.9139327516768478e-04 0.0000000000000000e+00  7.1529508817704170e-03 -5.2215082148979845e-03 0.0000000000000000e+00  1.7335039337547025e-02 -3.4601702430102736e-03 0.0000000000000000e+00  -2.5012948101253525e-03 5.1093494038600184e-03 0.0000000000000000e+00  4.8287663884094608e-03 2.1223507069946974e-02 0.0000000000000000e+00  1.3229716294104750e-03 8.0114685558690414e-04 0.0000000000000000e+00  6.0319348030007849e-04 -9.3528986525085421e-04 0.0000000000000000e+00  1.6651171623066055e-03 -1.7208797125483010e-05 0.0000000000000000e+00  -6.2380621692804906e-03 2.0939143411023023e-03 0.0000000000000000e+00  1.2260556053045103e-03 -9.0409109416049720e-03 0.0000000000000000e+00  -1.8619720339663321e-02 5.5897781540860045e-03 0.0000000000000000e+00  2.4642283795658235e-02 6.7222827863351884e-03 0.0000000000000000e+00  1.2513168353074639e-02 -5.8223619053111167e-03 0.0000000000000000e+00  -2.2949112930671509e-04 -4.8045384472513000e-04 0.0000000000000000e+00  9.9054962404641986e-03 -1.6314562245492430e-02 0.0000000000000000e+00  -3.3046316901082446e-03 1.0839648384047508e-02 0.0000000000000000e+00  2.7459857158379825e-03 -7.2152154961496653e-03 0.0000000000000000e+00  2.8537079872098079e-03 -3.5486937312924683e-03 0.0000000000000000e+00  -1.3668305604924557e-03 -3.3725046943425849e-04 0.0000000000000000e+00  5.2183211108651809e-04 1.2343133655631990e-03 0.0000000000000000e+00  9.3006229278822308e-04 1.7891754355228170e-04 0.0000000000000000e+00  -6.4403638830500974e-04 -9.9972580585629186e-03 0.0000000000000000e+00  -1.1634353657792224e-03 -1.0430345513415425e-04 0.0000000000000000e+00  1.0760153166626907e-03 -6.7965657254270995e-03 0.0000000000000000e+00  6.6876402155634142e-04 4.8115220488137512e-03 0.0000000000000000e+00  8.1143927700480269e-03 -2.5225467639501137e-03 0.0000000000000000e+00  -2.0521720338240452e-03 -3.7033464500023558e-03 0.0000000000000000e+00  -7.8097642192621701e-04 4.7570644193276222e-03 0.0000000000000000e+00  2.2338249313669591e-02 -3.8892605144371963e-03 0.0000000000000000e+00  1.5117239800349628e-02 -3.3664645672574840e-03 0.0000000000000000e+00  -7.1631879903647259e-04 -4.9552262400155581e-04 0.0000000000000000e+00  -8.5168837472499514e-04 -1.2217633633247759e-04 0.0000000000000000e+00  1.8298226516315298e-03 -2.8866461861845445e-05 0.0000000000000000e+00  -2.9843032135342540e-04 -5.8477925268058551e-03 0.0000000000000000e+00  -1.6199266698724301e-04 -1.2859402280530861e-03 0.0000000000000000e+00  2.1588648385055035e-04 5.7368927608151023e-03 0.0000000000000000e+00  -1.2224826045879123e-02 2.0106141557830288e-03 0.0000000000000000e+00  -1.6970523090266340e-03 6.7186648916227661e-03 0.0000000000000000e+00  -3.8280905411320317e-03 -2.2748874493336551e-03 0.0000000000000000e+00  -7.1358564812863299e-04 -4.0100740367759167e-04 0.0000000000000000e+00  2.7832718752260235e-03 -5.2958686121393154e-03 0.0000000000000000e+00  1.2104327047613001e-03 2.5009140589242174e-03 0.0000000000000000e+00  1.8652943869515788e-03 -4.8052148222639752e-03 0.0000000000000000e+00  4.2466424669636678e-04 1.7078329081522789e-04 0.0000000000000000e+00  1.4525955796820941e-04 4.5015193682848028e-04 0.0000000000000000e+00  -1.7694103378349860e-03 -2.5797924175222560e-05 0.0000000000000000e+00  3.0675466634886633e-03 -2.5113148439018440e-03 0.0000000000000000e+00  2.1878454339747172e-03 -2.7402095158831725e-03 0.0000000000000000e+00  -3.4041428956311870e-03 1.5113385289418973e-03 0.0000000000000000e+00  -2.7782362285503036e-03 2.4383874018943791e-03 0.0000000000000000e+00  -1.7020666054693493e-03 -1.1789357944899674e-02 0.0000000000000000e+00  -2.8017387735040765e-04 -1.5827029067024895e-02 0.0000000000000000e+00  -3.9400138907392813e-04 -1.5317028635565791e-04 0.0000000000000000e+00  4.8883011846939620e-02 -7.7827421444527766e-03 0.0000000000000000e+00  9.2228071386568303e-03 7.8468972527806092e-03 0.0000000000000000e+00  4.1653360491037744e-03 -1.6913143075951169e-03 0.0000000000000000e+00  1.6051805399872874e-03 -5.2875519079963141e-03 0.0000000000000000e+00  4.6718579294433173e-04 -5.6237932554041052e-03 0.0000000000000000e+00  3.8371865643409622e-02 -8.0289660089673063e-03 0.0000000000000000e+00  -1.3579058939087564e-02 -6.9503386044624275e-03 0.0000000000000000e+00  -6.4943857586393918e-03 7.8407785887688226e-04 0.0000000000000000e+00  1.2065748099590797e-02 -1.0253701342281461e-02 0.0000000000000000e+00  -4.5939434592557130e-03 4.4764816793637285e-03 0.0000000000000000e+00  -2.8939207213179103e-03 3.1037885518529892e-03 0.0000000000000000e+00  -7.4098291304682496e-03 -5.6773845028144573e-03 0.0000000000000000e+00  1.2490324681248566e-03 2.5438291159963944e-03 0.0000000000000000e+00  -2.1004449695464279e-03 1.1265954363809021e-05 0.0000000000000000e+00  1.6295168472655185e-02 6.0366834006649484e-03 0.0000000000000000e+00  -1.4231668927827349e-02 5.6747564069251294e-03 0.0000000000000000e+00  2.5492307849023245e-03 -5.2768552565694172e-03 0.0000000000000000e+00  7.7590350685690706e-03 1.4861190534774088e-02 0.0000000000000000e+00  -1.3791373226316801e-02 8.0208590844469945e-03 0.0000000000000000e+00  -5.5790523671901367e-04 6.3552356314806472e-03 0.0000000000000000e+00  -3.6186708632842356e-04 5.6345544890245543e-03 0.0000000000000000e+00  -1.1689123173361192e-03 5.4398654819624382e-03 0.0000000000000000e+00  -2.3219178269592438e-04 -6.7600039600576188e-04 0.0000000000000000e+00  4.4569967188097135e-03 -1.4259331779700813e-03 0.0000000000000000e+00  -5.4289419279647218e-04 5.2758016177082822e-03 0.0000000000000000e+00  1.7183515300392056e-03 -1.3705853659749375e-04 0.0000000000000000e+00  3.0960175435320644e-03 2.7419302269190791e-03 0.0000000000000000e+00  3.7745931535985624e-03 4.1385372849528671e-03 0.0000000000000000e+00  -1.9980283812215825e-04 -9.1484750408013810e-03 0.0000000000000000e+00  -4.6813600005866148e-03 2.0700202434154324e-03 0.0000000000000000e+00  -6.1030626707986302e-04 -5.0050629962724597e-03 0.0000000000000000e+00  -1.6902157854162653e-03 -9.9746467114999018e-06 0.0000000000000000e+00  -1.8253120030043053e-03 1.3354519769107238e-05 0.0000000000000000e+00  4.2636496331273704e-03 5.7716714489286875e-03 0.0000000000000000e+00  2.7682458552003497e-03 -1.4252258011090280e-02 0.0000000000000000e+00  6.6017065738437995e-03 -6.3655109240887027e-03 0.0000000000000000e+00  -3.5991925606560569e-03 1.2176040738424619e-02 0.0000000000000000e+00  1.0386263490395110e-02 -2.8106780570035235e-03 0.0000000000000000e+00  -1.4457976179933613e-03 -2.4836915732888267e-03 0.0000000000000000e+00  -2.7955353179008220e-03 -3.5514887111708030e-03 0.0000000000000000e+00  4.1968193623461445e-03 5.0693460227770716e-03 0.0000000000000000e+00  -1.4815458041608129e-03 6.0580651587405455e-03 0.0000000000000000e+00  -9.4944721858274746e-04 -2.1959956953646178e-05 0.0000000000000000e+00  -2.7546882825445391e-04 1.2621890872761130e-04 0.0000000000000000e+00  1.0312885325670586e-03 3.8578213239225033e-05 0.0000000000000000e+00  1.5241874100478173e-03 -3.7565954019349512e-05 0.0000000000000000e+00  -1.4753094574308085e-03 2.1222393015245576e-05 0.0000000000000000e+00  9.3405943099041078e-04 -2.3314256293888016e-05 0.0000000000000000e+00  2.4233444280749513e-04 -1.1934506747696454e-04 0.0000000000000000e+00  -1.0345012930103583e-03 1.1718359995892136e-05 0.0000000000000000e+00  5.4597235647628830e-04 7.0174770907315803e-05 0.0000000000000000e+00  -4.8965380975429557e-04 -5.9647761956577972e-05 0.0000000000000000e+00  4.9179422169693115e-04 2.6481623569904343e-05 0.0000000000000000e+00  1.4125263111444417e-03 -6.4896866707954469e-04 0.0000000000000000e+00  2.7032072573670816e-03 -1.0938044688745660e-03 0.0000000000000000e+00  2.1429520886225484e-04 8.1480746336833262e-03 0.0000000000000000e+00  4.8918705513377276e-03 8.0141482424155187e-03 0.0000000000000000e+00  3.2260273029518556e-04 -3.9194501347016089e-03 0.0000000000000000e+00  9.7745561350101010e-04 -1.8219504816974603e-03 0.0000000000000000e+00  -1.3830889951788664e-05 -2.1034130971851368e-03 0.0000000000000000e+00  3.2143278534545149e-03 1.1573118026146877e-02 0.0000000000000000e+00  4.6546604802197977e-03 8.1752790695194654e-03 0.0000000000000000e+00  -1.1627474569384246e-03 -2.8920852305866504e-03 0.0000000000000000e+00  -3.0625608079988239e-03 -3.7234170683528921e-03 0.0000000000000000e+00  7.5905400688799137e-03 3.7960165515882592e-03 0.0000000000000000e+00  5.2584840614971051e-03 1.0618037696217652e-03 0.0000000000000000e+00  8.1891603645545740e-04 7.4406138596447324e-04 0.0000000000000000e+00  -8.7488012807854058e-04 1.8803775851383394e-04 0.0000000000000000e+00  -1.5429501877841549e-03 2.2971564684476314e-05 0.0000000000000000e+00  -2.0274982881473805e-03 2.1276832046845267e-04 0.0000000000000000e+00  -1.9469299635093364e-03 4.6352903014880084e-03 0.0000000000000000e+00  -2.1481626180504133e-03 6.9438630716830646e-03 0.0000000000000000e+00  -2.2867416763948187e-03 4.1845309621260868e-03 0.0000000000000000e+00  8.2484301800116210e-04 -2.7322626841004848e-04 0.0000000000000000e+00  1.3876743691098325e-03 -3.2583511682622504e-05 0.0000000000000000e+00  -1.0251332756580610e-03 -8.0259920660926461e-03 0.0000000000000000e+00  -3.9675224611019169e-04 -3.4996723328747421e-04 0.0000000000000000e+00  1.8225063687423494e-03 -2.0608794449102056e-04 0.0000000000000000e+00  1.7043556750025942e-03 7.8286777233586499e-03 0.0000000000000000e+00  -4.8669053098081257e-03 1.0135293562480196e-02 0.0000000000000000e+00  -2.8805795742619256e-02 -5.3590285581673908e-03 0.0000000000000000e+00  -1.2801032260995595e-02 1.1979557937675403e-02 0.0000000000000000e+00  1.2400135446190379e-03 -1.8133039700409567e-03 0.0000000000000000e+00  2.2974561775013772e-04 -2.1007233217575439e-03 0.0000000000000000e+00  -2.5511897883887294e-03 -3.8940329680903288e-03 0.0000000000000000e+00  7.6925428402362028e-03 -4.0693648563159476e-02 0.0000000000000000e+00  2.4852056497087090e-03 4.9160611162111173e-03 0.0000000000000000e+00  4.4343592572649018e-03 2.2418770915876968e-03 0.0000000000000000e+00  6.4557245542809895e-04 -4.1685374607337350e-03 0.0000000000000000e+00  2.2002405045888304e-03 3.8381129505410489e-03 0.0000000000000000e+00  -1.4130299684486675e-03 1.9647132717017283e-03 0.0000000000000000e+00  -2.3708316058172787e-04 1.4726785251562549e-03 0.0000000000000000e+00  -5.5870031887670399e-04 -1.1860628804664134e-03 0.0000000000000000e+00  1.9062753275902269e-03 5.4379412419913275e-04 0.0000000000000000e+00  1.4966550570868658e-05 7.0879857454070620e-04 0.0000000000000000e+00  -7.7184155400100620e-04 7.9130395843793116e-04 0.0000000000000000e+00  1.1786736541679055e-02 -2.5471870598773854e-03 0.0000000000000000e+00  -3.1697781368954696e-03 -6.1860702032584590e-04 0.0000000000000000e+00  1.5138009147034435e-03 -3.8064034565889649e-03 0.0000000000000000e+00  -3.3449141960106203e-04 3.4058606104487564e-03 0.0000000000000000e+00  -4.0640690251962121e-04 4.3717769910438494e-03 0.0000000000000000e+00  -1.3721893231560518e-03 4.4042004903898499e-03 0.0000000000000000e+00  3.2009395643707225e-04 -3.0508145132281273e-03 0.0000000000000000e+00  7.7372728452706627e-06 -6.8101052503522863e-04 0.0000000000000000e+00  3.7466364046649117e-06 -5.8589671189146096e-04 0.0000000000000000e+00  -5.3644995023991719e-05 -4.7595610934235373e-04 0.0000000000000000e+00  5.6416010722972669e-04 1.2898202229866859e-02 0.0000000000000000e+00  -4.2126669414237574e-04 9.6600152196221461e-03 0.0000000000000000e+00  1.4642433902268034e-03 5.5512665476152509e-03 0.0000000000000000e+00  1.1275372851218591e-03 3.4152854496559810e-03 0.0000000000000000e+00  3.1422679340095362e-03 2.7976642036947252e-03 0.0000000000000000e+00  -4.4477221357272579e-03 3.6404892227932268e-03 0.0000000000000000e+00  1.9243171443719884e-03 7.0246818771339876e-05 0.0000000000000000e+00  -1.5305991139942699e-02 3.4611660293734957e-03 0.0000000000000000e+00  -1.8188993885958858e-03 -1.9630549768627805e-05 0.0000000000000000e+00  -1.8909451511032538e-03 -8.8318136535916000e-05 0.0000000000000000e+00  2.1713091684634886e-03 1.0856660122524999e-03 0.0000000000000000e+00  7.5243698805679566e-04 1.7073442889261128e-03 0.0000000000000000e+00  -9.8224793404112724e-03 8.3710425886811667e-03 0.0000000000000000e+00  -3.4578090160584349e-04 2.2512712584655675e-03 0.0000000000000000e+00  1.5129535384504928e-03 9.6699644485546341e-03 0.0000000000000000e+00  2.0586915612123277e-04 -6.3379938734141447e-04 0.0000000000000000e+00  -4.4496133646962602e-02 -1.1178157891990757e-02 0.0000000000000000e+00  -6.5545372790851181e-02 1.0586528229093997e-02 0.0000000000000000e+00  -2.2498193764105759e-04 7.1005209211270329e-04 0.0000000000000000e+00  -6.8404428644618998e-04 -1.0141977266423602e-02 0.0000000000000000e+00  -2.1977374476253930e-04 -1.1821702711946154e-04 0.0000000000000000e+00  -4.2156895239782973e-03 -3.2173002384046144e-03 0.0000000000000000e+00  -6.1532651106807413e-03 -1.1611282206202508e-03 0.0000000000000000e+00  2.3983015300722160e-05 -1.3377573221355001e-03 0.0000000000000000e+00  5.4286233056326022e-03 -7.4525938729807541e-03 0.0000000000000000e+00  3.5138684657316632e-03 -4.9488438465055788e-03 0.0000000000000000e+00  -2.5073091924763605e-03 -1.5971138063211824e-03 0.0000000000000000e+00  -1.7636302368694956e-04 1.4097152995524828e-03 0.0000000000000000e+00  2.1127320154476956e-04 3.9612471451349551e-02 0.0000000000000000e+00  -2.2767783864401543e-03 -2.8944509825282339e-03 0.0000000000000000e+00  -1.0237025946898970e-03 -3.8181861539710333e-03 0.0000000000000000e+00  2.5657165946208430e-02 1.5236092519580134e-02 0.0000000000000000e+00  -1.6371243326133464e-03 2.7073255925832707e-03 0.0000000000000000e+00  2.7637877585698911e-03 -1.0821163510017645e-03 0.0000000000000000e+00  1.6112958766217075e-03 -3.4449497600380235e-03 0.0000000000000000e+00  2.6415889453186786e-03 -5.9917325725471421e-04 0.0000000000000000e+00  -1.0159289564008696e-04 -3.5974781301572700e-04 0.0000000000000000e+00  -4.2465646541694976e-03 3.0500575964553622e-03 0.0000000000000000e+00  5.9017816043121663e-03 -2.8167084519919307e-03 0.0000000000000000e+00  5.9024983713840840e-03 -1.4489419481960293e-03 0.0000000000000000e+00  -1.1728443177984122e-02 1.4822852716569017e-02 0.0000000000000000e+00  1.4306856721139902e-03 5.2325094743755733e-03 0.0000000000000000e+00  -8.4793903924171594e-03 -2.4443185133107641e-04 0.0000000000000000e+00  5.0910974391919515e-02 -5.1686245960839384e-03 0.0000000000000000e+00  -2.5934486635458493e-03 -6.4558968411489006e-03 0.0000000000000000e+00  3.1170134032127773e-04 -7.4121672931205145e-04 0.0000000000000000e+00  6.2740981501594503e-04 1.0502087757527810e-02 0.0000000000000000e+00  -4.1907103396169208e-03 3.8029233461731627e-05 0.0000000000000000e+00  -1.4713458008669266e-03 -8.9246228995297893e-03 0.0000000000000000e+00  1.0250316902994090e-03 3.3288184393471605e-03 0.0000000000000000e+00  4.6775833667890244e-03 -6.4559721478782001e-03 0.0000000000000000e+00  -1.3498781907245385e-03 -2.1151251645389633e-02 0.0000000000000000e+00  -1.8668909241233941e-03 -4.2086828208628239e-03 0.0000000000000000e+00  -7.5661873228550103e-04 -6.4282983483809316e-03 0.0000000000000000e+00  -1.5600660603048411e-03 -5.1104558496690242e-03 0.0000000000000000e+00  -1.6632726648264135e-03 -9.3120806216842502e-04 0.0000000000000000e+00  -8.6145299929101969e-04 7.4768806243305395e-03 0.0000000000000000e+00  -2.2559297887557984e-03 8.2018974408598743e-03 0.0000000000000000e+00  -6.7529429018738426e-03 -3.8993594581366326e-03 0.0000000000000000e+00  -7.9447498239422938e-03 4.8055828014817881e-03 0.0000000000000000e+00  3.9144142944322384e-04 6.2976339852964759e-03 0.0000000000000000e+00  -3.8135932944645081e-04 -5.5181599160767378e-03 0.0000000000000000e+00  2.2582098297255663e-02 1.8234420653723951e-04 0.0000000000000000e+00  -1.5016283794860377e-02 -4.6356017536176592e-03 0.0000000000000000e+00  1.6516260047140397e-02 1.1912141738097490e-03 0.0000000000000000e+00  -8.3282037789402553e-03 1.8925472553893709e-04 0.0000000000000000e+00  7.0758059543587850e-05 5.7891801932487231e-04 0.0000000000000000e+00  5.9091793389824433e-03 5.2712029686893271e-04 0.0000000000000000e+00  -1.4783081671092074e-02 5.1762578317640097e-05 0.0000000000000000e+00  6.0630540499179665e-03 -1.7504649797424152e-03 0.0000000000000000e+00  4.5134908101150725e-03 1.4366316261133531e-03 0.0000000000000000e+00  -6.4608929589158445e-03 6.8481478255184953e-03 0.0000000000000000e+00  -4.8826808647178255e-03 3.3327711897731187e-03 0.0000000000000000e+00  -4.6274382909700768e-04 1.8205545504194637e-02 0.0000000000000000e+00  -2.0882312702025754e-03 3.5993780507456810e-03 0.0000000000000000e+00  -1.5543857862915583e-03 6.5529197414296763e-03 0.0000000000000000e+00  1.9967976121610205e-03 1.7067620057898050e-03 0.0000000000000000e+00  3.0753398214267663e-03 -8.9518047343013635e-03 0.0000000000000000e+00  1.7012476915501235e-03 -2.5392803318618142e-03 0.0000000000000000e+00  3.8252229716944616e-04 6.5399341445775258e-04 0.0000000000000000e+00  8.8634501758698620e-04 -1.0326071025903536e-03 0.0000000000000000e+00  -4.1047538334707907e-03 -5.2924722592335386e-03 0.0000000000000000e+00  -4.8686405558172080e-04 -5.1861253011011871e-03 0.0000000000000000e+00  3.0372669686633586e-03 9.4367041826914287e-06 0.0000000000000000e+00  -6.1174009448972577e-04 -7.1482653634965436e-04 0.0000000000000000e+00  -9.6756138938682923e-04 -6.3152410449732969e-04 0.0000000000000000e+00  2.3399242213599457e-03 -3.6656864870839119e-03 0.0000000000000000e+00  -1.2738073867142846e-03 3.3118301072515635e-03 0.0000000000000000e+00  -3.2472737920702563e-03 -1.8276720101126416e-03 0.0000000000000000e+00  -1.1804641242890539e-03 -1.8993232000116692e-03 0.0000000000000000e+00  8.1192580914620272e-05 5.9962563004291379e-04 0.0000000000000000e+00  1.3827248125757334e-02 -3.2603761247193596e-03 0.0000000000000000e+00  1.2952302468522482e-02 -9.4333953525014193e-03 0.0000000000000000e+00  -1.0000000001317476e-01 0.0000000000000000e+00 0.0000000000000000e+00  1.7953715848965681e-03 -1.2244512231043412e-05 0.0000000000000000e+00  1.8260463314806526e-03 -1.7567354258336658e-04 0.0000000000000000e+00  1.8326819899997752e-03 -2.1641318427832433e-05 0.0000000000000000e+00  5.1943356630596632e-03 3.5900522798523659e-03 0.0000000000000000e+00  -1.5453156836910929e-03 1.0043492311624713e-04 0.0000000000000000e+00  -2.9629777830123328e-03 -4.5800285756303601e-03 0.0000000000000000e+00  -1.1470703760856880e-04 -8.2492838625077003e-04 0.0000000000000000e+00  2.7123407974047643e-03 1.0682031786824126e-03 0.0000000000000000e+00  -1.0049123850238964e-03 1.2352617308648019e-03 0.0000000000000000e+00  1.2904634551034900e-03 1.0352405086027740e-03 0.0000000000000000e+00  -2.2580256749466132e-03 8.7225150113934735e-04 0.0000000000000000e+00  -7.7987976722686573e-04 -1.5614039084233471e-04 0.0000000000000000e+00  -9.3150753759883593e-03 -2.1431931198068110e-03 0.0000000000000000e+00  -4.8241746160753607e-02 1.5235166557091145e-02 0.0000000000000000e+00  -1.7231915773621399e-03 -1.1612363014630301e-03 0.0000000000000000e+00  -3.2826176990646450e-03 -1.7090305492543192e-03 0.0000000000000000e+00  -1.6925128852492630e-02 2.5187793270740133e-03 0.0000000000000000e+00  -9.6894421149568044e-05 8.8931638724796408e-04 0.0000000000000000e+00  1.9685795178250016e-04 9.0705951113308951e-04 0.0000000000000000e+00  9.4327521265618770e-05 -9.7372333113844561e-03 0.0000000000000000e+00  -2.7721521082816144e-04 -2.6632978996153009e-03 0.0000000000000000e+00  4.2558373563135324e-04 5.3575326629975769e-03 0.0000000000000000e+00  -4.6935859373131864e-03 7.9711542543978806e-03 0.0000000000000000e+00  2.5934119156015285e-03 -8.3584812008070056e-03 0.0000000000000000e+00  9.5752998391875187e-03 -7.2042916498832104e-03 0.0000000000000000e+00  6.6268287818840833e-05 3.2399136432949684e-04 0.0000000000000000e+00  2.5302431862172781e-02 1.5744038547054008e-02 0.0000000000000000e+00  -3.5157783584265794e-03 -8.7557946616745302e-03 0.0000000000000000e+00  1.9522842939165626e-02 -1.2288823500045325e-02 0.0000000000000000e+00  1.4487866672542848e-04 -1.8091802471521026e-04 0.0000000000000000e+00  -1.2260754995955980e-04 1.9367288997563568e-04 0.0000000000000000e+00  7.8711257537989834e-05 1.0938154128367114e-04 0.0000000000000000e+00  -6.4335673052749642e-05 -9.1199386025979078e-05 0.0000000000000000e+00  -1.1432741494562141e-04 -1.9934977558282060e-04 0.0000000000000000e+00  -1.4349867093457478e-02 -1.0388835587691976e-02 0.0000000000000000e+00  -4.5109014330645134e-03 1.1465019947366673e-02 0.0000000000000000e+00  -2.0093633359158790e-03 9.9025650100668613e-04 0.0000000000000000e+00  -1.5713885787943655e-03 -4.7213424325738759e-03 0.0000000000000000e+00  8.3677438186380130e-04 1.4624577831526301e-03 0.0000000000000000e+00  7.6983052468001460e-04 -4.8042629262786118e-04 0.0000000000000000e+00  1.6689930205809808e-03 -8.2141126906678564e-04 0.0000000000000000e+00  1.1950275257272144e-02 1.8389131503780829e-02 0.0000000000000000e+00  1.0000000001317476e-01 0.0000000000000000e+00 0.0000000000000000e+00  5.8018223648303308e-04 1.2370070354853853e-02 0.0000000000000000e+00  2.4095157023444197e-03 2.3496975487688303e-03 0.0000000000000000e+00  -7.0985145118886194e-03 -7.9391221220913733e-03 0.0000000000000000e+00  1.0372721369990817e-03 -7.5703867800910101e-03 0.0000000000000000e+00  2.2925633377574603e-04 -2.6680680934664723e-04 0.0000000000000000e+00  3.2755325623572886e-03 3.3936882427546269e-03 0.0000000000000000e+00  2.3488810176900458e-03 -2.7364321043395479e-03 0.0000000000000000e+00  9.6559717926347228e-03 1.2144889527127768e-03 0.0000000000000000e+00  3.6687035152029077e-02 4.2966595976666355e-02 0.0000000000000000e+00  2.2240531118576922e-04 1.4640481003811386e-03 0.0000000000000000e+00  3.5315841821804694e-03 -3.2098903769886169e-03 0.0000000000000000e+00  1.7387834991925059e-03 -1.7184449851542882e-03 0.0000000000000000e+00  -1.8650859988407276e-03 -1.4690152715021536e-03 0.0000000000000000e+00  -1.5827170088044459e-03 -2.5250206992783445e-04 0.0000000000000000e+00  -1.3439128534808590e-03 -1.9519092374828666e-05 0.0000000000000000e+00  -4.3863613713587060e-03 -5.5203338855525927e-03 0.0000000000000000e+00  1.6723120008682833e-02 -1.2477961205996908e-02 0.0000000000000000e+00  -1.9155147804987289e-03 1.1611402783678882e-02 0.0000000000000000e+00  -4.1149972564768448e-04 1.0353351000970668e-04 0.0000000000000000e+00  -1.0339385065279575e-02 9.4828845502690755e-03 0.0000000000000000e+00  -7.3836243914710345e-03 -1.1984030813431655e-02 0.0000000000000000e+00  -6.3752104804189642e-03 -7.9912282831845760e-03 0.0000000000000000e+00  -7.4332077475409368e-04 -1.6943604427033549e-03 0.0000000000000000e+00  -1.0201769830375657e-02 -5.9031327530236714e-03 0.0000000000000000e+00  6.6955869069970078e-04 9.6488240671153253e-04 0.0000000000000000e+00  2.1655830131766361e-04 -2.1410733975823343e-04 0.0000000000000000e+00  -2.5005554863044734e-04 2.3847434339442677e-04 0.0000000000000000e+00  7.3675525501045412e-04 4.4820110988503352e-03 0.0000000000000000e+00  1.2609125172153202e-03 4.0208634241103048e-04 0.0000000000000000e+00  1.6816059773193544e-03 1.8879365021651481e-04 0.0000000000000000e+00  1.4639663831843160e-03 1.9266786272255075e-04 0.0000000000000000e+00  -4.2878461347406282e-04 -4.0578805544362840e-03 0.0000000000000000e+00  1.3546507836390323e-03 -4.4531332830497240e-03 0.0000000000000000e+00  1.8797197004982494e-03 -1.2381010569131631e-03 0.0000000000000000e+00  3.9883364365684862e-02 -2.8090005756086760e-03 0.0000000000000000e+00  6.6273959785317386e-03 -1.4107258648005718e-02 0.0000000000000000e+00  -1.1722744722135470e-03 8.5857000281297034e-03 0.0000000000000000e+00  1.3620750343966252e-03 1.1333443067392133e-03 0.0000000000000000e+00  4.5637826082492701e-03 4.2011390443253537e-03 0.0000000000000000e+00  -8.8329634267208905e-03 2.5789128317890986e-03 0.0000000000000000e+00  -1.8905148760457577e-03 -2.6433580402721442e-04 0.0000000000000000e+00  -1.7622028295482643e-03 -9.2430536503113807e-05 0.0000000000000000e+00  -1.7910432469785239e-02 -4.9617112910635575e-03 0.0000000000000000e+00  2.8215935072802099e-02 2.3838372845994067e-03 0.0000000000000000e+00  -1.1444027893647530e-02 -7.3163988630500212e-04 0.0000000000000000e+00  -1.0000000001317476e-01 0.0000000000000000e+00 0.0000000000000000e+00  8.2208279349652068e-04 -7.3047449115288422e-03 0.0000000000000000e+00  -3.8237752091194190e-03 -3.9240500677460276e-03 0.0000000000000000e+00  1.1985114803073741e-03 -4.3658851910275412e-04 0.0000000000000000e+00  7.8065828134275198e-04 5.0390383729617921e-04 0.0000000000000000e+00  -2.9920183013541865e-02 -4.4824032640570076e-02 0.0000000000000000e+00  -1.6483542997970425e-02 -1.7466172780227027e-02 0.0000000000000000e+00  -4.4170913335566070e-04 2.7515355950755104e-03 0.0000000000000000e+00  4.7144276374437138e-04 2.5245880729719049e-03 0.0000000000000000e+00  -7.8984021764326744e-04 1.9555571947719335e-03 0.0000000000000000e+00  -3.4158560284410396e-03 -1.1125179597504921e-02 0.0000000000000000e+00  1.8132340555919847e-03 -5.9922857885896744e-03 0.0000000000000000e+00  1.0344092758468215e-03 6.8609562179845164e-03 0.0000000000000000e+00  1.0000000001317476e-01 0.0000000000000000e+00 0.0000000000000000e+00  2.7030145480500434e-04 -1.3570880507065652e-03 0.0000000000000000e+00  3.4081380577762714e-03 -2.2345474421304294e-03 0.0000000000000000e+00  -1.4658371345250514e-02 5.3747409908233993e-03 0.0000000000000000e+00  5.9082683239089539e-03 -1.2136427649102870e-03 0.0000000000000000e+00  -1.3674580960522657e-03 -3.3013594265761631e-03 0.0000000000000000e+00  -1.2038996342849021e-02 9.4976957387007659e-03 0.0000000000000000e+00  2.2020589344817470e-02 1.4938754149019108e-03 0.0000000000000000e+00  -1.4792015012762417e-03 3.5609639787103047e-04 0.0000000000000000e+00  1.3902217421549740e-04 -1.1537458409666434e-03 0.0000000000000000e+00  -3.4385943267956538e-05 5.7683904829775798e-03 0.0000000000000000e+00  1.6571365771698974e-03 -3.9710230064472611e-04 0.0000000000000000e+00  4.9785840217275398e-04 -5.2020591545897527e-03 0.0000000000000000e+00  -8.0957755870073294e-04 -1.7269653251133082e-03 0.0000000000000000e+00  -1.6824339127245686e-03 5.6166193799273602e-03 0.0000000000000000e+00  -5.3753727094713218e-04 -1.0342988841711444e-04 0.0000000000000000e+00  -5.5330459619214864e-03 -2.4036941559166074e-03 0.0000000000000000e+00  -1.7963202902022376e-03 -1.2270628433643077e-04 0.0000000000000000e+00  7.5531108336980926e-04 1.0072765036749547e-04 0.0000000000000000e+00  4.9648236958626016e-04 3.2405678221211190e-04 0.0000000000000000e+00  -1.5655451715554838e-03 -6.8175256126163973e-03 0.0000000000000000e+00  -2.6569730321605619e-03 -1.9052216421764007e-04 0.0000000000000000e+00  3.7069992603922719e-03 9.3615892875151575e-03 0.0000000000000000e+00  -6.9277246887498769e-04 -4.4316395153205105e-03 0.0000000000000000e+00  -1.4205379944826028e-04 -5.7974820453185524e-03 0.0000000000000000e+00  4.3090471796910055e-05 -5.9158641157147545e-03 0.0000000000000000e+00  1.7279642738059393e-03 -1.0432754645234410e-02 0.0000000000000000e+00  -5.8287253658286887e-02 5.4698943238537402e-03 0.0000000000000000e+00  -1.3912914223917789e-03 -3.2744381814995031e-04 0.0000000000000000e+00  -4.2797127284053835e-03 7.5917721197566483e-03 0.0000000000000000e+00  1.3123962680777776e-03 -2.9980746204221784e-03 0.0000000000000000e+00  4.4090549335925660e-03 -1.6795954616010161e-02 0.0000000000000000e+00  -1.0411501380339011e-01 -4.4763800072801616e-04 0.0000000000000000e+00  -7.9630424041717647e-04 -3.0203525501596866e-04 0.0000000000000000e+00  9.6107770095473291e-04 -6.7442088734416354e-04 0.0000000000000000e+00  -1.8808845758363296e-03 -5.2340295276251236e-03 0.0000000000000000e+00  8.0495753716449558e-05 -1.2904398427316071e-02 0.0000000000000000e+00  -5.3714446801005986e-03 -2.1499724736622219e-03 0.0000000000000000e+00  -7.0602721723893626e-03 -2.9756079837411761e-03 0.0000000000000000e+00  -1.7894393162661711e-03 8.8818250089902420e-06 0.0000000000000000e+00  5.0691035817746703e-03 1.2756390409122511e-02 0.0000000000000000e+00  4.3640874733383842e-04 -6.5049415135245330e-03 0.0000000000000000e+00  8.5503265247487553e-06 -6.2229029643960480e-03 0.0000000000000000e+00  -1.5765393896127430e-03 2.1536763665416932e-05 0.0000000000000000e+00  2.6432406746953155e-03 7.1540695700871926e-03 0.0000000000000000e+00  2.7268973545715993e-03 -3.0284697293404359e-03 0.0000000000000000e+00  1.8977880772807303e-02 1.1828899132119904e-02 0.0000000000000000e+00  -5.9112519524095620e-03 1.5968809605228774e-02 0.0000000000000000e+00  -6.9989467151177626e-04 -1.0432451687393636e-03 0.0000000000000000e+00  -4.5583838939287583e-03 3.5508133108891225e-05 0.0000000000000000e+00  -6.8566252027186421e-03 1.0560978593340698e-03 0.0000000000000000e+00  -1.7135838185489396e-03 -6.0605757208691382e-03 0.0000000000000000e+00  5.7425632781801751e-04 1.1603420930656909e-04 0.0000000000000000e+00  1.6482227743120576e-03 -4.5719930250611338e-05 0.0000000000000000e+00  1.4238145538135257e-03 -1.4398248943240413e-05 0.0000000000000000e+00  -1.1310521860316888e-03 -9.6035606975216885e-03 0.0000000000000000e+00  -5.5145320570733553e-04 -4.0500922077769686e-04 0.0000000000000000e+00  2.0672413307561543e-02 -3.6514811589469158e-03 0.0000000000000000e+00  -1.1661009671093711e-03 6.5093623172408832e-03 0.0000000000000000e+00  5.2605499955445914e-04 7.7410311555413988e-04 0.0000000000000000e+00  2.0061994326539244e-04 5.3931997274255239e-03 0.0000000000000000e+00  3.2735634959477821e-03 3.1579734096778005e-05 0.0000000000000000e+00  1.0287071749841303e-03 -5.3787509497144111e-03 0.0000000000000000e+00  4.2651888232460723e-04 -4.6302267937157939e-03 0.0000000000000000e+00  1.3809418186425039e-03 3.4893997112448861e-03 0.0000000000000000e+00  -2.8832600101546427e-03 4.4659743387264194e-04 0.0000000000000000e+00  -1.4898850275946712e-03 8.9285792231010670e-04 0.0000000000000000e+00  -1.9519196797936629e-03 1.9172475382830722e-03 0.0000000000000000e+00  1.0397578300567929e-04 7.2023790711087110e-04 0.0000000000000000e+00  -3.8645133480120462e-03 -3.8182689931166125e-03 0.0000000000000000e+00  -1.7735295135144094e-04 -5.6327628356495438e-03 0.0000000000000000e+00  2.1590709580760276e-02 -2.6183339588295848e-03 0.0000000000000000e+00  -4.6906848654555810e-03 -4.8530685566844940e-03 0.0000000000000000e+00  -1.0396843180964191e-03 1.0234452611136069e-02 0.0000000000000000e+00  9.4487051012341287e-03 2.5044492464238273e-03 0.0000000000000000e+00  1.4366630077574161e-02 2.6347818041489073e-03 0.0000000000000000e+00  1.2440139541066333e-02 7.3756700638034078e-03 0.0000000000000000e+00  -3.9264563869090263e-04 -7.3140519582359765e-04 0.0000000000000000e+00  -2.9154609821929245e-02 1.9780714394261253e-03 0.0000000000000000e+00  -2.8892985994522221e-02 4.5704161513839747e-03 0.0000000000000000e+00  -2.0918853966857418e-02 5.4022620775032925e-03 0.0000000000000000e+00  1.4185800327466609e-03 -2.4731154297036868e-03 0.0000000000000000e+00  1.0012992381398459e-03 -1.4225333506415912e-03 0.0000000000000000e+00  -1.7376098477026352e-02 1.4462826694648199e-03 0.0000000000000000e+00  -1.3543272184404369e-02 2.6465038933663589e-03 0.0000000000000000e+00  -1.0905022244828014e-02 2.4071720038400763e-02 0.0000000000000000e+00  -2.1539598497456017e-04 5.7707778738636892e-03 0.0000000000000000e+00  -3.2313285579129633e-05 6.3137533779079906e-03 0.0000000000000000e+00  -4.7630210786632618e-04 5.9737004520391841e-03 0.0000000000000000e+00  -1.7461229476304643e-02 9.4755227188199637e-03 0.0000000000000000e+00  -1.3798877467391946e-03 -3.5491311591846295e-03 0.0000000000000000e+00  -5.6560120105893759e-03 -3.4081086317461367e-03 0.0000000000000000e+00  3.9354816584158941e-03 -6.0190361727377730e-03 0.0000000000000000e+00  7.6423366671917370e-04 -1.3271515892525709e-03 0.0000000000000000e+00  2.5169887511581907e-04 8.8588010480160177e-03 0.0000000000000000e+00  -6.9217977558039032e-05 -3.1933255602809582e-04 0.0000000000000000e+00  1.6932876017223728e-03 -5.4840821858944387e-04 0.0000000000000000e+00  1.1676393423567444e-04 3.1469410609561213e-04 0.0000000000000000e+00  -1.2419427854171232e-02 -3.8561117462836028e-03 0.0000000000000000e+00  6.5390572023842487e-04 -6.3569558463718407e-04 0.0000000000000000e+00  5.9387802751045544e-04 -1.5086712609600430e-04 0.0000000000000000e+00  -3.1660132756476016e-03 5.1613036622214529e-03 0.0000000000000000e+00  3.1250762819392666e-06 -4.8717197737541308e-04 0.0000000000000000e+00  1.2982014296189018e-04 -4.5625622344467253e-04 0.0000000000000000e+00  -5.8700123824415864e-04 1.5874877828376505e-04 0.0000000000000000e+00  -8.3297501886328562e-04 4.8731009159572468e-04 0.0000000000000000e+00  2.6848018857068032e-04 5.1033072412489495e-04 0.0000000000000000e+00  5.9420760175353020e-02 -8.8388123361513218e-03 0.0000000000000000e+00  4.5036277882033807e-03 9.9361837475427026e-03 0.0000000000000000e+00  9.3672502228508980e-03 1.1317822742202541e-02 0.0000000000000000e+00  6.7773546094378277e-03 8.1842360664999871e-03 0.0000000000000000e+00  1.7930490888847374e-02 1.2826904276641803e-02 0.0000000000000000e+00  1.2232556208639346e-03 9.2367111725933891e-03 0.0000000000000000e+00  -1.7881560288773009e-03 -2.0716713927511075e-04 0.0000000000000000e+00  -6.3607295305686008e-05 7.2028867397954501e-03 0.0000000000000000e+00  7.1344773388205146e-04 4.2107294174868505e-03 0.0000000000000000e+00  -9.0142975228955371e-04 -1.2033658860936729e-03 0.0000000000000000e+00  3.0350168502123443e-03 -5.6672816193512800e-03 0.0000000000000000e+00  -9.3696990393675564e-05 -1.0187245144455182e-03 0.0000000000000000e+00  2.9471029593761925e-04 1.0708349965118741e-04 0.0000000000000000e+00  4.8494540204350805e-04 3.5841047932880479e-03 0.0000000000000000e+00  4.3006147494980412e-03 2.4825163717412430e-03 0.0000000000000000e+00  -1.6124515940276596e-04 5.9949594462262200e-04 0.0000000000000000e+00  -2.8384554617327036e-04 7.6256790693975259e-04 0.0000000000000000e+00  -3.5071275618996969e-05 3.6954457901478655e-04 0.0000000000000000e+00  1.1741956673039155e-03 3.0198046807725371e-05 0.0000000000000000e+00  -4.5707950595847528e-03 4.5396972815864413e-03 0.0000000000000000e+00  1.0000000001317476e-01 0.0000000000000000e+00 0.0000000000000000e+00  9.0536563688011305e-03 -1.2339061824538720e-02 0.0000000000000000e+00  8.5866697871271273e-03 -8.3427891433770617e-03 0.0000000000000000e+00  3.5999190636786900e-03 -1.1064980344990804e-02 0.0000000000000000e+00  1.7966080953229894e-03 -4.2372572375154828e-05 0.0000000000000000e+00  -6.7698501900664257e-04 -7.5581797861706294e-03 0.0000000000000000e+00  2.2256765101355542e-03 7.9226623952030682e-04 0.0000000000000000e+00  2.0021730033606619e-03 2.8919285335810463e-04 0.0000000000000000e+00  2.9980027958288404e-03 9.2455151852219365e-05 0.0000000000000000e+00  1.6776749719790627e-02 -1.1346912810284606e-02 0.0000000000000000e+00  -8.2218250780397815e-03 2.6839615774839985e-03 0.0000000000000000e+00  -1.0000000001317476e-01 0.0000000000000000e+00 0.0000000000000000e+00  -9.2750461134455484e-04 2.2188356166023995e-03 0.0000000000000000e+00  -2.9757286189478760e-04 2.7788693525543848e-03 0.0000000000000000e+00  -2.5257821413411517e-03 3.6868805446824272e-03 0.0000000000000000e+00  -1.4002994435128582e-03 -1.0383541119132995e-02 0.0000000000000000e+00  2.7365860003587361e-03 5.4424046625965580e-03 0.0000000000000000e+00  2.9357786052562618e-03 8.1261043101982094e-03 0.0000000000000000e+00  -6.2858166324466637e-05 -2.8631066609264969e-04 0.0000000000000000e+00  7.0846017629303318e-04 -2.0705580944071628e-03 0.0000000000000000e+00  5.6329509124172111e-04 -2.5614091354219802e-03 0.0000000000000000e+00  -5.6887373471370770e-03 -9.0931064982115156e-03 0.0000000000000000e+00  8.6902379696848428e-04 2.9574071192253092e-04 0.0000000000000000e+00  1.6444534631568329e-02 2.0806553945594756e-03 0.0000000000000000e+00  -1.0962915005023081e-03 -2.2381968990684564e-03 0.0000000000000000e+00  2.4847241773979021e-03 -4.1800668567702334e-03 0.0000000000000000e+00  9.8757756425739002e-03 -9.2212219917555821e-03 0.0000000000000000e+00  -1.0000000001317476e-01 0.0000000000000000e+00 0.0000000000000000e+00  -1.6551187888200800e-02 1.0278206591919244e-03 0.0000000000000000e+00  1.5604758355510930e-02 -2.1413546474389812e-03 0.0000000000000000e+00  -1.0000000001317476e-01 0.0000000000000000e+00 0.0000000000000000e+00  -5.5766860258883114e-04 1.2928530419517193e-03 0.0000000000000000e+00  -6.1970305890386140e-03 -1.7424534205094811e-02 0.0000000000000000e+00  1.1975920810643294e-03 1.8030048722166162e-03 0.0000000000000000e+00  1.3346520071152506e-03 -6.1464440666115488e-03 0.0000000000000000e+00  -2.4362102753049350e-03 -5.9534853059460503e-05 0.0000000000000000e+00  -2.8112288183330092e-03 -4.5898619568765803e-03 0.0000000000000000e+00  -2.0206281477258472e-03 -3.6651365522699158e-03 0.0000000000000000e+00  -3.9828538816009196e-03 -3.4653639155940085e-03 0.0000000000000000e+00  -1.7256990143682560e-03 -3.4163822328313236e-03 0.0000000000000000e+00  4.5152368675694310e-03 6.5247097083238996e-03 0.0000000000000000e+00  6.5053790536572662e-02 -7.2830126512230745e-04 0.0000000000000000e+00  3.1009255916833088e-02 7.9440850565802249e-03 0.0000000000000000e+00  -9.7099595529032516e-03 1.2839294539166582e-02 0.0000000000000000e+00  1.0000000001317476e-01 0.0000000000000000e+00 0.0000000000000000e+00  -2.5421181500861713e-03 1.1193437362106546e-03 0.0000000000000000e+00  -3.8732264280963509e-03 6.1745522758342112e-03 0.0000000000000000e+00  -9.2117440995430377e-04 3.5169230244973095e-03 0.0000000000000000e+00  5.9018140352526498e-03 5.4016857153284031e-03 0.0000000000000000e+00  1.0606204321990393e-03 7.1591088131391209e-04 0.0000000000000000e+00  -6.3185441183668160e-06 -1.6244100873765667e-03 0.0000000000000000e+00  1.9616941250843829e-03 -8.2447649436053914e-04 0.0000000000000000e+00  1.7285723876248639e-03 4.3339025930156852e-04 0.0000000000000000e+00  -9.2752625346913808e-03 6.9140041932297825e-03 0.0000000000000000e+00  -7.4054086010222524e-03 2.7065302866659978e-03 0.0000000000000000e+00  1.9324416892083258e-04 -5.8718980682789480e-03 0.0000000000000000e+00  6.3856732182254012e-04 -6.1114000265026537e-03 0.0000000000000000e+00  1.2120463327010590e-02 5.1112994976688095e-03 0.0000000000000000e+00  9.3704386137493127e-04 -8.3318860564964969e-05 0.0000000000000000e+00  -2.3320567259152574e-04 1.0631435656430442e-03 0.0000000000000000e+00  2.0478008034265204e-02 9.3625562141008288e-04 0.0000000000000000e+00  -1.7833152244729252e-02 -1.2506974742060675e-03 0.0000000000000000e+00  4.9644688327712028e-04 -2.0282326888453480e-03 0.0000000000000000e+00  -9.6374425619713956e-04 1.9510870232204241e-03 0.0000000000000000e+00  1.7319850297752540e-03 4.9733214666298070e-05 0.0000000000000000e+00  3.1310431501318674e-02 9.1765128057528008e-03 0.0000000000000000e+00  1.8057922257653030e-03 -3.1729487512764526e-05 0.0000000000000000e+00  3.5610987630486741e-03 -1.9832635095700293e-03 0.0000000000000000e+00  1.7297288660908946e-03 3.6353627121416951e-03 0.0000000000000000e+00  -7.0953043203197312e-04 3.5373247815628789e-04 0.0000000000000000e+00  -1.4328636296446135e-02 -2.3960799318430216e-04 0.0000000000000000e+00  -1.1174938273516015e-04 -9.8109919662819442e-05 0.0000000000000000e+00  -1.2485140689050584e-02 5.6896805817704520e-03 0.0000000000000000e+00  1.5136396207482864e-04 -7.5276110237934464e-03 0.0000000000000000e+00  -4.3549936177134626e-03 -3.5785913806083195e-03 0.0000000000000000e+00  -2.7125310200037406e-03 -2.6046212502072313e-03 0.0000000000000000e+00  -2.5854805478937805e-03 -2.4915800453973939e-03 0.0000000000000000e+00  9.4648356525185145e-03 -2.5287876426797677e-03 0.0000000000000000e+00  9.0709789338291966e-04 4.0488710008230583e-05 0.0000000000000000e+00  5.8352347411373619e-04 7.6052030924138130e-04 0.0000000000000000e+00  -5.4947802865724547e-04 -9.3175954631732666e-04 0.0000000000000000e+00  -3.7943845393197673e-03 4.6037021839534361e-03 0.0000000000000000e+00  -2.4381296167199141e-03 -8.0413348636975048e-03 0.0000000000000000e+00  -4.1019007322322349e-04 4.9307106734694820e-03 0.0000000000000000e+00  1.0841503103729210e-03 2.9061292507094383e-04 0.0000000000000000e+00  3.0036877581415680e-02 -2.5470077421298797e-03 0.0000000000000000e+00  1.8903017707254301e-03 4.3694003604187260e-03 0.0000000000000000e+00  -6.0920570783645821e-04 -1.0078721496218762e-03 0.0000000000000000e+00  -1.2435132243482380e-03 2.6752383950420793e-03 0.0000000000000000e+00  1.0000000001317476e-01 0.0000000000000000e+00 0.0000000000000000e+00  3.9953139448646582e-03 2.5516666106215231e-03 0.0000000000000000e+00  4.7773806903814347e-03 2.4507455286372029e-03 0.0000000000000000e+00  1.0000000001317476e-01 0.0000000000000000e+00 0.0000000000000000e+00  -1.0000000001317476e-01 0.0000000000000000e+00 0.0000000000000000e+00  3.8025161846868703e-04 -3.7234735352870293e-03 0.0000000000000000e+00  -1.4002953313438620e-03 3.8707787344839902e-03 0.0000000000000000e+00  1.0000000001317476e-01 0.0000000000000000e+00 0.0000000000000000e+00  -7.4449373011458604e-03 6.7713327872070362e-03 0.0000000000000000e+00  3.5047811007736592e-03 8.3538604459474231e-04 0.0000000000000000e+00  1.5127385948463040e-03 -1.8221645060160826e-03 0.0000000000000000e+00  -1.1476691435088769e-03 -1.0030369453823791e-03 0.0000000000000000e+00  -1.3391893058555936e-03 -1.4902962134244824e-04 0.0000000000000000e+00  -2.0336977408440431e-05 7.5323684223663667e-04 0.0000000000000000e+00  -2.7155297432890420e-02 1.4592113471465855e-03 0.0000000000000000e+00  -1.3048389994531014e-03 4.8699766428492502e-03 0.0000000000000000e+00  -7.9049342876268899e-02 -1.4084962867340167e-03 0.0000000000000000e+00  -5.4731694603208760e-03 5.2927747028123527e-03 0.0000000000000000e+00  1.0000000001317476e-01 0.0000000000000000e+00 0.0000000000000000e+00  -3.7516693192554484e-04 -9.4315668358426301e-03 0.0000000000000000e+00  -1.4964306184557522e-02 6.3266622889227506e-03 0.0000000000000000e+00  -2.8434559434205042e-05 -5.4795780181625604e-04 0.0000000000000000e+00  -5.5835770222740916e-03 -5.4802729511255069e-03 0.0000000000000000e+00  -1.0824184478728054e-03 3.5277195417813460e-04 0.0000000000000000e+00  3.9668500847070279e-03 5.7898831757061805e-03 0.0000000000000000e+00  1.6641411318035733e-03 7.6090827022620093e-04 0.0000000000000000e+00  -1.7182081576634120e-03 5.6638948547651831e-05 0.0000000000000000e+00  2.7095471520863518e-03 -4.4683673029370730e-03 0.0000000000000000e+00  -4.2116900066193185e-03 -1.1693519374908169e-03 0.0000000000000000e+00  2.6388915677856567e-04 7.6084349800642048e-04 0.0000000000000000e+00  2.3147840877449388e-03 -3.0480566159561051e-03 0.0000000000000000e+00  3.6794764496221066e-03 -2.6031300624199793e-03 0.0000000000000000e+00  -3.6912523971150243e-04 3.9047030307135097e-03 0.0000000000000000e+00  5.9130530253866959e-03 4.5139170089330211e-03 0.0000000000000000e+00  4.1791626320372283e-03 2.2207208987285844e-03 0.0000000000000000e+00  6.3609197382075945e-03 2.1602089365693154e-03 0.0000000000000000e+00  -1.3258013743257174e-02 8.9613474603308652e-03 0.0000000000000000e+00  -1.8429588890024023e-03 2.0482388564925132e-03 0.0000000000000000e+00  -3.1012128042107448e-03 8.0729240829495365e-03 0.0000000000000000e+00  3.8112147533040201e-03 4.0543948418623405e-03 0.0000000000000000e+00  2.2107118208059530e-02 -1.9479872789012218e-03 0.0000000000000000e+00  -1.0635394773012170e-01 -1.6190814123207356e-03 0.0000000000000000e+00  -3.4075805252372217e-03 3.9709947735234079e-03 0.0000000000000000e+00  -4.3194524066663600e-03 1.7504339642430613e-03 0.0000000000000000e+00  -3.0029019363582324e-04 -3.1723497693794292e-03 0.0000000000000000e+00  1.9876127673444322e-02 3.7619815971833030e-03 0.0000000000000000e+00  1.3683753901090833e-03 -5.6039890678839634e-03 0.0000000000000000e+00  -1.7953684079949316e-02 5.1727915797624227e-04 0.0000000000000000e+00  2.0853068955343976e-02 -3.3187977385915378e-03 0.0000000000000000e+00  -1.0000000001317476e-01 0.0000000000000000e+00 0.0000000000000000e+00  -1.0223600967699198e-04 -6.8781779819324204e-04 0.0000000000000000e+00  -1.4616975610232374e-02 -1.1372975667023647e-02 0.0000000000000000e+00  1.1752542718682209e-04 1.1572653127519381e-04 0.0000000000000000e+00  -1.1824922597109713e-03 -4.8013544072464831e-04 0.0000000000000000e+00  1.3258186027835892e-03 4.4400320537607719e-03 0.0000000000000000e+00  1.0747071359949711e-02 -2.9116030857341516e-03 0.0000000000000000e+00  -2.2836525218151377e-03 2.7990300787436059e-03 0.0000000000000000e+00  -4.0735564133923273e-04 -8.8212865102752537e-03 0.0000000000000000e+00  1.5740046353392074e-03 6.6957015769026386e-03 0.0000000000000000e+00  3.9041413196473965e-03 3.7190401875677047e-03 0.0000000000000000e+00  -8.9833150128506309e-04 4.3558621340694728e-03 0.0000000000000000e+00  -3.5274455867150062e-03 2.1064143830903269e-03 0.0000000000000000e+00  1.4553717819134524e-03 1.4778920718502304e-03 0.0000000000000000e+00  2.6399259469256963e-03 1.8392834385067786e-03 0.0000000000000000e+00  2.1388163871947485e-03 3.1602574515970537e-03 0.0000000000000000e+00  -9.4281027809878221e-05 1.0765485558858815e-03 0.0000000000000000e+00  3.2783161336900224e-04 1.0489033671901543e-03 0.0000000000000000e+00  6.3896472081236791e-04 -2.3493047532441805e-03 0.0000000000000000e+00  6.2035381531507964e-05 5.1071815186307908e-03 0.0000000000000000e+00  -6.8285578923477780e-04 -7.3371327849790398e-03 0.0000000000000000e+00  -1.5399165106479498e-04 -1.4804900397516864e-03 0.0000000000000000e+00  1.0555949705064840e-04 5.6999246112410650e-03 0.0000000000000000e+00  3.0988719110661177e-05 -1.3806120577357462e-04 0.0000000000000000e+00  -3.5088765961771684e-05 -6.9977121436829021e-03 0.0000000000000000e+00  7.4190384891520053e-04 1.1098732391917974e-03 0.0000000000000000e+00  4.2629796249624539e-05 5.4152962607701240e-04 0.0000000000000000e+00  8.6151238560460566e-05 -6.3434868747053966e-04 0.0000000000000000e+00  3.7422755123264585e-05 2.3975183562653150e-03 0.0000000000000000e+00  1.0000000001317476e-01 0.0000000000000000e+00 0.0000000000000000e+00  1.8180712797239551e-04 1.8144648317899399e-03 0.0000000000000000e+00  3.2580764452939069e-04 3.5573518509216667e-03 0.0000000000000000e+00  5.2954902708501645e-04 5.6725657598915603e-03 0.0000000000000000e+00  4.1262066744167120e-04 9.2570322837363678e-03 0.0000000000000000e+00  -8.4916809907096695e-05 7.2759649504831512e-04 0.0000000000000000e+00  -3.0900213381423397e-05 -4.6148548632189408e-04 0.0000000000000000e+00  -2.0600738781506317e-05 -5.6071687788154573e-04 0.0000000000000000e+00  -3.9179323993530869e-05 -3.0746554063833587e-03 0.0000000000000000e+00  2.9844247257138112e-05 4.3748085955493208e-03 0.0000000000000000e+00  7.0078357720337539e-05 3.4188999745640488e-03 0.0000000000000000e+00  1.9751628350247252e-05 6.8377011839754751e-04 0.0000000000000000e+00  -3.0415963552996651e-05 1.4610859902080878e-03 0.0000000000000000e+00  -1.6994631994745427e-05 -2.1088659623235409e-03 0.0000000000000000e+00  7.4178959814123497e-04 7.8725406706858479e-03 0.0000000000000000e+00  -5.3292996212856315e-04 4.4721926336707537e-03 0.0000000000000000e+00  -6.3619706625844819e-04 -2.9659351201372754e-03 0.0000000000000000e+00  -7.8288289141964355e-04 -8.9575127480521627e-03 0.0000000000000000e+00  -2.9452674435810844e-04 -5.0076868888116986e-03 0.0000000000000000e+00  7.7920502020541781e-05 5.6008813658163922e-03 0.0000000000000000e+00  -8.1132536843805272e-05 -5.5500001905553218e-03 0.0000000000000000e+00  1.0000000001317476e-01 0.0000000000000000e+00 0.0000000000000000e+00  3.8150070493791024e-04 -4.5596965323986818e-03 0.0000000000000000e+00  6.3817548411740214e-04 2.4354548247458581e-03 0.0000000000000000e+00  -1.0000000001317476e-01 0.0000000000000000e+00 0.0000000000000000e+00  -1.0000000001317476e-01 0.0000000000000000e+00 0.0000000000000000e+00  -1.0000000001317476e-01 0.0000000000000000e+00 0.0000000000000000e+00  3.4177701823350209e-04 4.6398032286572403e-03 0.0000000000000000e+00  -7.3166667424646645e-04 -9.6026661629902248e-03 0.0000000000000000e+00  -1.0000000001317476e-01 0.0000000000000000e+00 0.0000000000000000e+00  1.0000000001317476e-01 0.0000000000000000e+00 0.0000000000000000e+00  -1.0000000001317476e-01 0.0000000000000000e+00 0.0000000000000000e+00  1.0000000001317476e-01 0.0000000000000000e+00 0.0000000000000000e+00  1.6548713147891526e-06 6.6077643119722524e-04 0.0000000000000000e+00  -1.0000000001317476e-01 0.0000000000000000e+00 0.0000000000000000e+00  1.0000000001317476e-01 0.0000000000000000e+00 0.0000000000000000e+00  1.0000000001317476e-01 0.0000000000000000e+00 0.0000000000000000e+00  -1.0000000001317476e-01 0.0000000000000000e+00 0.0000000000000000e+00  -1.0000000001317476e-01 0.0000000000000000e+00 0.0000000000000000e+00  -1.0000000001317476e-01 0.0000000000000000e+00 0.0000000000000000e+00  1.0000000001317476e-01 0.0000000000000000e+00 0.0000000000000000e+00  8.6483495993870901e-04 9.5913166470249049e-03 0.0000000000000000e+00  7.7459533428105205e-04 1.0198193364010906e-02 0.0000000000000000e+00  1.0000000001317476e-01 0.0000000000000000e+00 0.0000000000000000e+00  -6.2841596266871818e-05 -4.8580353874519084e-03 0.0000000000000000e+00  -5.7496514756062780e-05 -4.0109798216704084e-03 0.0000000000000000e+00  -2.4871028666332069e-02 -1.3957128552636221e-02 0.0000000000000000e+00  -7.0337550092872483e-04 -2.1689304533281319e-03 0.0000000000000000e+00  9.1974919681214328e-04 2.5083088642478811e-03 0.0000000000000000e+00  1.1206581732540596e-03 -1.5801858401943321e-05 0.0000000000000000e+00  1.8353502743969729e-04 -1.0081017565878141e-03 0.0000000000000000e+00  6.3183687152977455e-04 -1.2881175320119567e-03 0.0000000000000000e+00  9.1091145873804080e-03 5.3043167140548395e-03 0.0000000000000000e+00  6.5411812203333961e-02 -4.9954878420493138e-03 0.0000000000000000e+00  5.8748042414298778e-03 -1.2339701164870169e-02 0.0000000000000000e+00  7.0915245056160452e-04 -1.1472213619190151e-02 0.0000000000000000e+00  -2.4260371905647361e-03 -7.1535377708816384e-04 0.0000000000000000e+00  1.3322678497447555e-03 7.5669802424978179e-03 0.0000000000000000e+00  1.3310866351003692e-03 -2.3422689014583446e-04 0.0000000000000000e+00  -1.3499072270503907e-03 1.2326422526768941e-05 0.0000000000000000e+00  -1.8324676624961800e-03 3.9295183957366943e-04 0.0000000000000000e+00  1.7621620996518456e-03 -7.2120409060333302e-03 0.0000000000000000e+00  -6.8807328402232506e-04 -8.7613710048766978e-05 0.0000000000000000e+00  1.1812550717869577e-03 -8.5191342481338395e-04 0.0000000000000000e+00  -1.8029143352900436e-03 1.6506649087487564e-03 0.0000000000000000e+00  -1.2568389722035298e-03 9.6971629272114021e-04 0.0000000000000000e+00  -5.3334733882412343e-03 1.0435265069530877e-03 0.0000000000000000e+00  2.9439766392090820e-03 -1.9815244719458246e-02 0.0000000000000000e+00  8.1876425556293196e-04 3.2032193254316366e-04 0.0000000000000000e+00  2.4695825486295273e-03 -3.2237068906698146e-03 0.0000000000000000e+00  1.6191665949892697e-03 5.8125736001262201e-03 0.0000000000000000e+00  -3.6296536707446952e-02 -3.0368223137713672e-03 0.0000000000000000e+00  -2.4173519051505728e-02 -1.7609521927094061e-02 0.0000000000000000e+00  -6.5483581027607651e-02 -2.7163378825814148e-02 0.0000000000000000e+00  -1.7628426772744316e-03 -2.9472062080189176e-03 0.0000000000000000e+00  4.2927490935539262e-05 -5.7520918134411510e-04 0.0000000000000000e+00  1.3439833780580390e-04 -7.2831585175499151e-04 0.0000000000000000e+00  2.5812600844858945e-04 -5.5029661826205476e-04 0.0000000000000000e+00  1.6099401405977342e-03 -8.9312299066150681e-04 0.0000000000000000e+00  -1.3842733282075927e-03 -2.3493059128975669e-04 0.0000000000000000e+00  1.9225192288150245e-04 -1.7249803864741388e-03 0.0000000000000000e+00  1.7785351799066735e-03 -3.8118709232732558e-03 0.0000000000000000e+00  -5.3855410393929858e-04 -5.9045812625369816e-03 0.0000000000000000e+00  -5.8285268332473655e-04 -3.4366589634716436e-03 0.0000000000000000e+00  2.9410415685285538e-05 -2.9796659626196791e-03 0.0000000000000000e+00  -1.2682769222932980e-03 -2.5284343643799108e-03 0.0000000000000000e+00  2.9050166666958087e-03 -1.7263650005601061e-03 0.0000000000000000e+00  8.6387040943501636e-04 -9.8734335956763013e-04 0.0000000000000000e+00  -1.8083854202388617e-03 -1.4602457774982553e-05 0.0000000000000000e+00  6.7432063290392245e-03 1.8273510488167474e-03 0.0000000000000000e+00  -1.1807366472228690e-03 -2.7857658272843218e-04 0.0000000000000000e+00  2.7872914572366576e-02 1.0591570361230538e-03 0.0000000000000000e+00  4.6202191910173142e-04 4.6396232150572195e-04 0.0000000000000000e+00  6.2587319425467353e-04 4.0942514935598222e-04 0.0000000000000000e+00  2.3933021685160908e-03 -3.5337177301071647e-04 0.0000000000000000e+00  2.1936659640801114e-02 -8.3290199362010091e-03 0.0000000000000000e+00  3.8285200695067989e-03 -5.6877056791666402e-04 0.0000000000000000e+00  9.7990638533211327e-03 1.3594464938349078e-02 0.0000000000000000e+00  -5.7867645805788973e-03 4.7046113157883573e-03 0.0000000000000000e+00  1.0019173320308058e-03 6.1871341607251835e-05 0.0000000000000000e+00  -1.9560519788263220e-03 -6.8849473235418782e-04 0.0000000000000000e+00  -3.0919748870657320e-03 1.3080734994349648e-03 0.0000000000000000e+00  1.7547656788104698e-02 9.2283119824468404e-03 0.0000000000000000e+00  2.3012825706730648e-04 3.1845727157158143e-04 0.0000000000000000e+00  1.5485857451408496e-02 -1.2284453622689296e-03 0.0000000000000000e+00  1.0733147395266339e-02 -2.0479239893227783e-03 0.0000000000000000e+00  -4.6277584470661742e-02 1.1904467815686062e-03 0.0000000000000000e+00  4.1732779831567630e-03 4.8195336845333438e-04 0.0000000000000000e+00  3.5734254553922394e-03 -4.4285981016009054e-03 0.0000000000000000e+00  6.7261910632432538e-03 1.3068534029156678e-03 0.0000000000000000e+00  -2.3151191814609885e-02 -4.0118302155422404e-03 0.0000000000000000e+00  -1.0667697068679962e-03 -4.9913190903253975e-03 0.0000000000000000e+00  -8.4211111234661301e-04 -6.9936736440313202e-03 0.0000000000000000e+00  1.0497213333181335e-04 1.8280086598435586e-03 0.0000000000000000e+00  3.1123315166474121e-04 -9.6930171723907639e-04 0.0000000000000000e+00  -1.0132565359926111e-02 5.3099124726833377e-03 0.0000000000000000e+00  7.8469752887136066e-04 -3.0007372335463588e-03 0.0000000000000000e+00  -4.4520244556260384e-03 1.0684367824936664e-02 0.0000000000000000e+00  -2.7618772431162097e-03 5.6013474066301952e-03 0.0000000000000000e+00  -2.1570278904175298e-03 5.3068161603297831e-03 0.0000000000000000e+00  -1.8695402694305903e-03 6.4243389756305563e-03 0.0000000000000000e+00  3.2562169246049648e-02 -2.4276151352992860e-04 0.0000000000000000e+00  5.8674876330431043e-03 1.9896859537347667e-03 0.0000000000000000e+00  1.2524197555693780e-03 -1.1889190981004334e-05 0.0000000000000000e+00  1.1331341288348699e-03 -2.7921954665238793e-03 0.0000000000000000e+00  -2.0616078320202691e-03 3.2867499660871554e-03 0.0000000000000000e+00  -5.1796810369688188e-02 -2.5332323240745338e-04 0.0000000000000000e+00  -6.4056320583645316e-04 5.5811924211301468e-03 0.0000000000000000e+00  -3.2334927123368429e-03 3.6369918567368555e-03 0.0000000000000000e+00  6.3229330382929606e-04 1.1233347246122207e-02 0.0000000000000000e+00  1.1225675254066170e-03 1.0215255262215379e-02 0.0000000000000000e+00  2.1850464121809673e-03 1.0270006574433986e-02 0.0000000000000000e+00  -4.1585331277956741e-03 5.0329604159866778e-03 0.0000000000000000e+00  1.6667041528384049e-04 1.4670961135632080e-02 0.0000000000000000e+00  -2.4816963842212753e-03 6.5858549214234171e-03 0.0000000000000000e+00  -6.0691641565694267e-02 -1.3201155545508159e-02 0.0000000000000000e+00  1.5234094300549318e-02 -8.5787585505816728e-03 0.0000000000000000e+00  8.2371568353045068e-03 -1.1076826174256860e-02 0.0000000000000000e+00  -2.2780860986538691e-02 5.4720641964275275e-03 0.0000000000000000e+00  2.3024472384530659e-03 -4.1729451840903783e-03 0.0000000000000000e+00  1.5604615002734359e-03 -6.2212641538670379e-05 0.0000000000000000e+00  1.5580918334528291e-03 2.3335151672494235e-05 0.0000000000000000e+00  6.1467145291766180e-05 1.0284884801521293e-02 0.0000000000000000e+00  -3.2570989684919026e-02 6.4556049997220727e-03 0.0000000000000000e+00  -2.3302674057187774e-02 2.1723806632061377e-02 0.0000000000000000e+00  -1.0829364420519899e-03 -1.2727438372246029e-05 0.0000000000000000e+00  -9.9968552505915105e-04 -5.6765303619052896e-05 0.0000000000000000e+00  1.8096401466315441e-03 2.3430216456025617e-03 0.0000000000000000e+00  2.8000760661025356e-03 -4.0175065221365793e-03 0.0000000000000000e+00  1.5248976690938202e-03 8.8100409145160635e-03 0.0000000000000000e+00  -9.9768808467737106e-04 -1.8697438749361100e-04 0.0000000000000000e+00  -1.9738013714871456e-03 1.6223328270135659e-08 0.0000000000000000e+00  -1.8667098551687718e-03 1.0852223743186368e-04 0.0000000000000000e+00  -1.8383921124367920e-03 -4.2644994141273264e-05 0.0000000000000000e+00  -1.0790009153930319e-03 6.3802490955186861e-05 0.0000000000000000e+00  1.0772370213144047e-03 -3.9982466415897410e-03 0.0000000000000000e+00  1.4176226986746664e-03 -5.5774984825909259e-04 0.0000000000000000e+00  -2.6951066077541227e-03 -6.7070062407933138e-03 0.0000000000000000e+00  -7.1047405507924568e-03 -4.0816756852823472e-03 0.0000000000000000e+00  5.1699348387558956e-03 -4.9718289309014436e-04 0.0000000000000000e+00  -7.2501575483350051e-03 2.2112241383315805e-03 0.0000000000000000e+00  -1.2639298986757833e-04 -5.0613355498010145e-04 0.0000000000000000e+00  -1.5546399516478886e-03 1.0127212251638861e-02 0.0000000000000000e+00  3.6728042203576969e-05 9.4935790197324811e-04 0.0000000000000000e+00  4.5259468462516397e-04 -5.9031365208995065e-03 0.0000000000000000e+00  1.9621745599110365e-03 -1.3076867305629321e-05 0.0000000000000000e+00  -1.3151974403732779e-03 -5.7669583834692052e-03 0.0000000000000000e+00  -6.7703165537425824e-03 1.2369510355267824e-02 0.0000000000000000e+00  4.4546395723649001e-03 -1.7324651024887963e-02 0.0000000000000000e+00  -6.0445119078821859e-03 4.4882346510631641e-03 0.0000000000000000e+00  -1.9647816228629031e-02 -6.8936342682312103e-04 0.0000000000000000e+00  1.5648395509077740e-03 -2.1374952878068414e-03 0.0000000000000000e+00  -5.4943516934629630e-03 9.1344469709961490e-03 0.0000000000000000e+00  1.7628353874069313e-03 3.6650886095635713e-04 0.0000000000000000e+00  -6.2580751516933442e-04 1.3514504154663659e-03 0.0000000000000000e+00  -8.1735807295478156e-04 7.9139953971869641e-04 0.0000000000000000e+00  -5.0416975115943040e-04 6.9983071265777960e-04 0.0000000000000000e+00  -1.2226800000372498e-03 1.5819004613545195e-03 0.0000000000000000e+00  3.9828906945279061e-02 2.7215968597120102e-04 0.0000000000000000e+00  1.8425933973103673e-02 1.7681974680499674e-02 0.0000000000000000e+00  -2.1226195446794716e-04 3.2505338491374634e-04 0.0000000000000000e+00  -1.9722738699002387e-03 -6.0013089548955863e-04 0.0000000000000000e+00  -2.6755830033689527e-03 -3.5355535108853078e-04 0.0000000000000000e+00  -2.1258382223690638e-03 -6.8170348165354753e-04 0.0000000000000000e+00  -6.0974878652238728e-04 6.8632177898991639e-03 0.0000000000000000e+00  8.2789373046551935e-03 -4.6910411969524864e-03 0.0000000000000000e+00  -9.9996048027933514e-03 4.3238708067176237e-03 0.0000000000000000e+00  3.4356997653634635e-03 -1.0881901511315028e-02 0.0000000000000000e+00  -2.3798774669209228e-03 -1.5816811699363579e-03 0.0000000000000000e+00  -9.4630808189970026e-03 4.1962369974345324e-03 0.0000000000000000e+00  6.9632805717115514e-04 -2.6634820086037745e-04 0.0000000000000000e+00  3.3498988236494457e-04 3.5323050146249247e-04 0.0000000000000000e+00  -1.6267799636446145e-03 -1.2443515300560119e-04 0.0000000000000000e+00  -1.7615618569994671e-03 -6.3587425610909593e-05 0.0000000000000000e+00  3.2707475550053079e-04 -8.7623021933452803e-03 0.0000000000000000e+00  3.7504958356195969e-03 7.6868317865075363e-04 0.0000000000000000e+00  -1.5745507160398714e-02 9.1383205170679060e-03 0.0000000000000000e+00  1.5141016187435676e-03 -1.5068168131483926e-03 0.0000000000000000e+00  1.3361474825727901e-02 -6.6522048650382313e-03 0.0000000000000000e+00  1.7024050322102583e-02 -3.5991748022882971e-03 0.0000000000000000e+00  -7.8625175347266454e-04 -3.2994842603416129e-03 0.0000000000000000e+00  1.0876361749306512e-03 6.1896544622724158e-03 0.0000000000000000e+00  2.8963061968354281e-03 3.9291363594168962e-03 0.0000000000000000e+00  -2.6774543878622620e-03 7.5004181272962187e-03 0.0000000000000000e+00  -1.5631453781154937e-04 -5.7339560963554845e-03 0.0000000000000000e+00  3.3593851474053140e-03 -1.6173446373307695e-02 0.0000000000000000e+00  1.7114429985845229e-03 4.3085849102455981e-05 0.0000000000000000e+00  1.8682093735550276e-03 -3.4124422190286277e-04 0.0000000000000000e+00  2.4369235324954342e-03 3.4773985627157399e-05 0.0000000000000000e+00  2.6339925865152755e-02 3.6778222419931610e-03 0.0000000000000000e+00  -1.8824789614436621e-02 1.1660911098040188e-02 0.0000000000000000e+00  -1.4930530214452512e-02 2.3917600257733655e-02 0.0000000000000000e+00  4.4358722208303773e-04 6.6884451658822720e-05 0.0000000000000000e+00  -5.1514603003196208e-03 -2.0986806206739483e-03 0.0000000000000000e+00  -3.6583490105752087e-03 -7.9302646626069082e-04 0.0000000000000000e+00  -3.8005734302476190e-03 -2.4564864772543844e-03 0.0000000000000000e+00  4.6799493504260893e-03 -1.9362504289339463e-03 0.0000000000000000e+00  -1.5263246693138441e-03 -6.4733437976708622e-04 0.0000000000000000e+00  3.4165686791234981e-04 2.6320280280469531e-04 0.0000000000000000e+00  1.1795259714221028e-02 9.7519724842773485e-03 0.0000000000000000e+00  -3.0593568649874615e-03 3.7682062353325854e-04 0.0000000000000000e+00  -3.2035340731999068e-02 1.1154768720073141e-02 0.0000000000000000e+00  -1.9800706320212756e-03 5.6332976896299864e-04 0.0000000000000000e+00  2.1882608722167715e-03 -2.3809017689929604e-03 0.0000000000000000e+00  -3.4938100551649039e-02 4.0545727727603386e-04 0.0000000000000000e+00  3.5337033378396804e-02 4.6135837381878190e-04 0.0000000000000000e+00  3.4126812106237171e-02 9.0204821760529708e-04 0.0000000000000000e+00  3.2693196261010743e-03 2.3094851230595647e-03 0.0000000000000000e+00  4.2996446051079681e-03 -6.5002333894536354e-03 0.0000000000000000e+00  2.7699215936991029e-02 -3.2514547650244014e-03 0.0000000000000000e+00  -3.6777269720063054e-05 7.1047585345734333e-04 0.0000000000000000e+00  -3.7184567744680645e-03 2.6166975241433605e-03 0.0000000000000000e+00  -3.5690467206708640e-02 -3.5999445957474765e-04 0.0000000000000000e+00  -3.1513565675909973e-03 -5.7899677989562354e-03 0.0000000000000000e+00  8.1126479603396719e-05 6.0207042115420269e-03 0.0000000000000000e+00  -1.2192672564987487e-02 5.9475284901117018e-03 0.0000000000000000e+00  1.1705210838860269e-03 -2.0646759031809624e-04 0.0000000000000000e+00  -1.2172540213395394e-03 7.3579379668533094e-03 0.0000000000000000e+00  2.4774833861109253e-03 -3.6126286149059115e-03 0.0000000000000000e+00  -8.3959007378011697e-04 3.8440509528601167e-05 0.0000000000000000e+00  7.4454169469248908e-03 -8.6628647720662639e-04 0.0000000000000000e+00  -5.4126333593720259e-04 -1.0671164475747254e-02 0.0000000000000000e+00  -7.7470172794638886e-04 3.2327595602501852e-03 0.0000000000000000e+00  -1.2902878916212712e-03 -7.7809589395809063e-03 0.0000000000000000e+00  6.0433521255791482e-02 1.7567925326966716e-02 0.0000000000000000e+00  1.7304672203577618e-03 1.1930151453397427e-02 0.0000000000000000e+00  3.8719741066014997e-05 6.5132547320731840e-04 0.0000000000000000e+00  -1.4379128240940584e-03 -4.0624451831349512e-03 0.0000000000000000e+00  1.9315292947013380e-03 1.0315745040282509e-03 0.0000000000000000e+00  2.3557685787547315e-03 -3.7184633568627500e-04 0.0000000000000000e+00  2.7178862001644676e-03 6.0666290503756746e-03 0.0000000000000000e+00  1.5995152285919162e-02 -1.9385284808401300e-02 0.0000000000000000e+00  -3.1370045018441462e-03 -1.5930666450885651e-02 0.0000000000000000e+00  5.4426634766735222e-03 -5.2645517019445252e-03 0.0000000000000000e+00  4.5568946996957030e-03 6.9019413375705626e-03 0.0000000000000000e+00  -3.2925010346733299e-03 3.6799705875145569e-04 0.0000000000000000e+00  -1.4009917371899765e-03 1.6471298683693775e-03 0.0000000000000000e+00  2.4734801516278189e-03 3.4128639283309021e-03 0.0000000000000000e+00  1.0111589172285095e-04 2.0926852160009664e-04 0.0000000000000000e+00  4.6175639364647338e-03 -2.5309624406517905e-03 0.0000000000000000e+00  -2.6042149985067370e-03 -6.9159009807485267e-03 0.0000000000000000e+00  -2.5809338038600858e-03 -4.7661861868064448e-03 0.0000000000000000e+00  -1.1180840919408222e-02 2.2086952030924084e-03 0.0000000000000000e+00  5.1383480629164612e-03 -2.5759260962898028e-04 0.0000000000000000e+00  -3.8659454679950134e-02 -3.3974922347956675e-03 0.0000000000000000e+00  -3.2039504252346913e-04 -4.6292309019547251e-03 0.0000000000000000e+00  -1.6356258332482503e-03 -4.7222100252064568e-03 0.0000000000000000e+00  -3.8735506004317958e-03 -3.3202989647818592e-03 0.0000000000000000e+00  -2.4737253262401247e-03 -8.8837841406216901e-03 0.0000000000000000e+00  -1.5914383255900770e-03 9.1658368228681776e-04 0.0000000000000000e+00  -1.3678836310327047e-03 7.0756431857782020e-04 0.0000000000000000e+00  6.1491204407937894e-04 -4.7707625262675690e-03 0.0000000000000000e+00  -9.3174723447518116e-04 -1.5322606296402086e-03 0.0000000000000000e+00  8.9410397240745787e-02 3.5572312204010365e-03 0.0000000000000000e+00  8.5681370002209226e-02 4.1250407530280097e-03 0.0000000000000000e+00  9.0041726911151060e-02 -2.0345580082293075e-03 0.0000000000000000e+00  1.6630978206483829e-03 -2.1995869752960412e-04 0.0000000000000000e+00  2.4503529674519712e-03 1.7952553094202452e-03 0.0000000000000000e+00  2.2231995903019396e-03 1.2743257965159849e-03 0.0000000000000000e+00  2.6505237408157196e-03 7.1115222849160817e-04 0.0000000000000000e+00  2.6448399041986430e-03 2.0801068093649817e-03 0.0000000000000000e+00  1.8903578431110767e-03 2.3539488940834252e-03 0.0000000000000000e+00  -1.1658624177120590e-02 -9.4402847807398323e-03 0.0000000000000000e+00  -1.5275146701439351e-03 1.6598538331402083e-04 0.0000000000000000e+00  -1.9439435115790977e-03 3.9900571856532861e-03 0.0000000000000000e+00  1.7416759078584477e-03 1.1987667447011999e-05 0.0000000000000000e+00  1.7556632074551314e-03 -2.8196253425945494e-05 0.0000000000000000e+00  -3.6310750071297095e-05 7.5698481916317570e-03 0.0000000000000000e+00  -1.7136201878291700e-04 -5.8552507459987038e-04 0.0000000000000000e+00  -1.0030549831215670e-03 -1.2677622067611772e-02 0.0000000000000000e+00  1.7501562876801810e-02 4.6344229866425657e-04 0.0000000000000000e+00  -1.9583866248877008e-04 -3.7869739077656247e-04 0.0000000000000000e+00  -3.4541659359464065e-04 -4.6695449147587692e-04 0.0000000000000000e+00  -2.8941079107493763e-04 -5.6933033736013717e-04 0.0000000000000000e+00  4.7363076701781737e-03 2.2785386568639956e-03 0.0000000000000000e+00  5.9890065498648289e-03 -1.2948878152279871e-02 0.0000000000000000e+00  -2.1759286625090447e-03 -4.2914965827355397e-04 0.0000000000000000e+00  9.1036549728187519e-03 -7.1119736782998782e-05 0.0000000000000000e+00  5.3072154058602912e-04 1.5474122754589943e-03 0.0000000000000000e+00  1.4754394350273879e-03 -1.5273256915760488e-04 0.0000000000000000e+00  1.9603600422938342e-03 -8.1565550488111142e-03 0.0000000000000000e+00  -1.8154265960054732e-03 4.3802309287698168e-03 0.0000000000000000e+00  7.8319022830445305e-04 5.2554180974955763e-03 0.0000000000000000e+00  -2.4593956717735930e-03 6.7274382557586977e-03 0.0000000000000000e+00  1.4024480186037786e-03 2.9990456270081304e-05 0.0000000000000000e+00  6.3502263733529159e-03 2.7192570128600047e-04 0.0000000000000000e+00  1.7441591289867647e-03 -1.6359193082600989e-03 0.0000000000000000e+00  -1.1457886651048039e-02 -1.8958163687733606e-02 0.0000000000000000e+00  -4.2892186666490078e-04 -7.6627012499369564e-05 0.0000000000000000e+00  2.7834970490769775e-03 7.8119197782506615e-03 0.0000000000000000e+00  -8.3199293130319899e-04 8.0395780822070453e-03 0.0000000000000000e+00  9.4633175690593757e-04 1.8307089004496865e-03 0.0000000000000000e+00  1.1204299307467850e-03 1.3223032949904068e-03 0.0000000000000000e+00  1.6080601503232360e-03 1.4028023495710413e-03 0.0000000000000000e+00  4.7963649181584972e-03 4.6093114550933416e-04 0.0000000000000000e+00  1.3979864024978673e-04 2.3055431019812448e-02 0.0000000000000000e+00  3.3058052106374582e-03 1.7579779911932009e-02 0.0000000000000000e+00  9.7458912193198136e-03 2.5130459476172304e-02 0.0000000000000000e+00  3.7679063855996337e-04 -1.2295212906265627e-04 0.0000000000000000e+00  1.1582444220767598e-02 1.9502265648033458e-03 0.0000000000000000e+00  1.4042554014169201e-02 -9.7118997260172907e-05 0.0000000000000000e+00  -5.0982476646813952e-03 2.2550513603629141e-03 0.0000000000000000e+00  6.5214575853398904e-02 -3.7060983940029275e-02 0.0000000000000000e+00  -3.7652480409236668e-04 1.8334406415087870e-03 0.0000000000000000e+00  5.6127101770287631e-03 -5.2479035678820720e-03 0.0000000000000000e+00  8.8822910254777870e-03 -4.8215971048471071e-03 0.0000000000000000e+00  7.3788007033110392e-03 -7.6710319158477189e-03 0.0000000000000000e+00  -2.3344260979328572e-02 -2.2433630156403289e-02 0.0000000000000000e+00  3.0186253265157736e-02 2.0165960553083537e-02 0.0000000000000000e+00  1.6304372999428210e-03 -1.1572561802050304e-04 0.0000000000000000e+00  8.3582802343744073e-04 -9.9916703040852876e-03 0.0000000000000000e+00  2.9413143542604537e-02 7.0831103168037337e-04 0.0000000000000000e+00  3.2002929289415578e-03 -5.5553937652985483e-02 0.0000000000000000e+00  5.2188103161151030e-02 8.0878741048826149e-03 0.0000000000000000e+00  4.7491833726089104e-03 2.5687877766918202e-04 0.0000000000000000e+00  -2.3624047987047979e-03 -4.5062924435386505e-03 0.0000000000000000e+00  -2.3821676735890575e-03 -4.1915468708019462e-03 0.0000000000000000e+00  1.0328390771488954e-03 -3.3554955475366746e-04 0.0000000000000000e+00  1.3176738846465584e-04 -1.3138289522058349e-04 0.0000000000000000e+00  6.5080137214031531e-04 6.3625217029168239e-05 0.0000000000000000e+00  -3.7506620453223063e-04 -6.4133631402191593e-03 0.0000000000000000e+00  -5.0201817214180844e-03 -1.1702784979405408e-02 0.0000000000000000e+00  -4.8671010793539405e-03 -8.3780073061963025e-03 0.0000000000000000e+00  -1.5419343487329515e-04 1.3521565546225758e-04 0.0000000000000000e+00  -2.0722399879594903e-03 -3.7142103374858361e-03 0.0000000000000000e+00  1.2311518293919074e-03 5.8941834677376506e-04 0.0000000000000000e+00  -7.8885939292653911e-04 -7.0868421217717427e-04 0.0000000000000000e+00  -2.8110895686696892e-03 4.7693549625086786e-03 0.0000000000000000e+00  -5.7302824801146991e-02 -1.6112274638322761e-04 0.0000000000000000e+00  1.3201931421440681e-03 4.7325472634470716e-05 0.0000000000000000e+00  -4.2842277658381029e-05 2.3594996383357629e-03 0.0000000000000000e+00  -1.6746654366063133e-03 1.6973719426340323e-03 0.0000000000000000e+00  -5.0605584771794748e-02 6.3824842858913134e-05 0.0000000000000000e+00  -5.3550827353308204e-02 2.8970853729721677e-03 0.0000000000000000e+00  -6.9761774307681599e-04 -3.9645294251257294e-03 0.0000000000000000e+00  1.6604814204477885e-02 -1.1163849145012226e-02 0.0000000000000000e+00  -2.2837995160788566e-02 1.3560027295291823e-02 0.0000000000000000e+00  1.4301905227678876e-03 -4.6410354696934557e-04 0.0000000000000000e+00  2.6293648753008868e-03 2.9057969491157075e-03 0.0000000000000000e+00  -3.5481484051526637e-03 -6.3251380558968099e-03 0.0000000000000000e+00  1.5003529416405142e-03 3.0715726622045792e-03 0.0000000000000000e+00  7.7609895176154065e-03 -1.5780563967498339e-02 0.0000000000000000e+00  1.7594502829398393e-04 -3.9682366283735470e-04 0.0000000000000000e+00  -2.9177842886159524e-04 -1.9175881349832081e-04 0.0000000000000000e+00  -3.1761262926429290e-04 -8.8332928818527225e-05 0.0000000000000000e+00  -4.9712155047291725e-04 -2.0410342725258438e-04 0.0000000000000000e+00  3.7239326526457756e-02 -6.1483117911138845e-03 0.0000000000000000e+00  -1.6133211440621223e-03 -4.6139643582738402e-03 0.0000000000000000e+00  3.7911618706953233e-02 -2.0249610885661145e-03 0.0000000000000000e+00  5.9832199044949630e-02 -3.5531557275519964e-04 0.0000000000000000e+00  3.3384139209290727e-03 -1.5898675011202250e-03 0.0000000000000000e+00  2.9553875892425604e-03 -2.9030334781375467e-03 0.0000000000000000e+00  2.5292761690972137e-03 -1.9352077199784280e-03 0.0000000000000000e+00  1.5272458171018517e-03 -1.1980338048618025e-02 0.0000000000000000e+00  -2.3540083450861800e-03 -1.3598994233876133e-02 0.0000000000000000e+00  -2.2321137522355156e-03 4.6218581014388456e-03 0.0000000000000000e+00  5.0863129808696537e-03 -4.8727109997225519e-03 0.0000000000000000e+00  2.4603277543989769e-03 -3.2036072902526472e-03 0.0000000000000000e+00  5.3997793190113230e-03 -1.1556735645498155e-02 0.0000000000000000e+00  -1.7475409169709138e-04 4.4377804946012743e-04 0.0000000000000000e+00  -3.4263148738900802e-02 6.8222368292975569e-05 0.0000000000000000e+00  -2.5282318444846252e-02 2.5425101677241740e-03 0.0000000000000000e+00  4.7691409853658183e-03 3.9948231019968292e-03 0.0000000000000000e+00  -3.2826914462329798e-02 -7.0446559829843590e-04 0.0000000000000000e+00  3.0038244089957412e-02 -5.3476665519504351e-04 0.0000000000000000e+00  -1.1666446384717164e-03 -1.6154885405410644e-03 0.0000000000000000e+00  -7.0073062814690196e-03 -9.5306390693398902e-03 0.0000000000000000e+00  -1.6787623634781717e-03 -3.9356460791506752e-05 0.0000000000000000e+00  -1.5433706717346053e-03 -5.1854267877548799e-05 0.0000000000000000e+00  2.8207084338259052e-03 7.1715296431737181e-04 0.0000000000000000e+00  -2.0513034013080198e-03 6.6689180904647479e-03 0.0000000000000000e+00  1.5769129816938917e-04 7.9632250707694437e-04 0.0000000000000000e+00  -6.2454099571417204e-03 7.8327830891246376e-03 0.0000000000000000e+00  1.8152867352392867e-03 -6.7105828729763480e-03 0.0000000000000000e+00  -2.7532911848153706e-03 1.1356575715640589e-02 0.0000000000000000e+00  -4.8904101900003978e-04 7.3276006286334436e-04 0.0000000000000000e+00  4.3521720790650224e-03 -3.2223005924425468e-03 0.0000000000000000e+00  -6.1113620742397814e-04 1.6440377229542951e-03 0.0000000000000000e+00  6.3522599977928313e-04 -6.5320563902675959e-04 0.0000000000000000e+00  4.7116398473360225e-04 -1.1954270368770908e-03 0.0000000000000000e+00  2.0483893414519746e-03 5.3812418719204266e-03 0.0000000000000000e+00  4.2211519147369956e-03 -7.9830441264229293e-03 0.0000000000000000e+00  -1.8212085311938022e-03 -9.4738285040994334e-05 0.0000000000000000e+00  7.8199087298154492e-05 5.6013295353261666e-03 0.0000000000000000e+00  5.0999101660078130e-04 5.7065436079360111e-03 0.0000000000000000e+00  7.9095551894088525e-04 2.7650764970654287e-03 0.0000000000000000e+00  1.8555853620042968e-04 -2.4885485590875936e-03 0.0000000000000000e+00  -3.6137423096523698e-04 -5.1574744733605335e-03 0.0000000000000000e+00  1.4361532659109883e-02 -4.9950738865254163e-04 0.0000000000000000e+00  2.8735544784690712e-03 9.9867511500397188e-03 0.0000000000000000e+00  -2.8693428827119345e-02 1.0938910041538772e-02 0.0000000000000000e+00  8.5106836013003838e-04 9.6480348212693509e-03 0.0000000000000000e+00  -4.5954453418341566e-03 -3.0186734825163120e-03 0.0000000000000000e+00  9.7039823184795777e-03 -3.0150581976534338e-05 0.0000000000000000e+00  1.1749540918420402e-03 9.6747153105082508e-04 0.0000000000000000e+00  1.4460329016314445e-03 6.0925838616664489e-04 0.0000000000000000e+00  -8.4422725918065503e-02 -4.3436615825994517e-03 0.0000000000000000e+00  7.7782212318587801e-04 -4.0153180835886623e-05 0.0000000000000000e+00  -8.1061987625540184e-03 -1.8157774408125830e-03 0.0000000000000000e+00  1.0285859279328661e-02 -3.7452947433306541e-03 0.0000000000000000e+00  -2.8139969246808802e-04 -1.0951944118399958e-03 0.0000000000000000e+00  -2.9664925098905605e-04 -1.5292068788543263e-03 0.0000000000000000e+00  1.9001894082024027e-03 -3.5899480071415824e-03 0.0000000000000000e+00  -3.3337785637946376e-03 -1.4662457357624797e-03 0.0000000000000000e+00  1.0874860249556260e-03 4.6292507869051293e-03 0.0000000000000000e+00  3.6825272640671674e-04 5.0421719471498263e-03 0.0000000000000000e+00  4.5291305983939188e-03 -1.0410381807445711e-02 0.0000000000000000e+00  7.3550159395033101e-05 4.0331330106316542e-04 0.0000000000000000e+00  1.1134390887595946e-02 1.4493317206919740e-02 0.0000000000000000e+00  -1.5129907023880883e-03 -4.4016779448884010e-04 0.0000000000000000e+00  8.1704163370680362e-06 4.0534210138684071e-03 0.0000000000000000e+00  1.0868823989416883e-04 5.4945853531260290e-03 0.0000000000000000e+00  -1.7900737486948749e-03 5.2385341340255923e-03 0.0000000000000000e+00  2.3774277602891395e-03 -4.9410658961508095e-03 0.0000000000000000e+00  2.4064412117720500e-03 -5.9469569444335485e-03 0.0000000000000000e+00  4.8972580761706269e-03 3.9790414836459271e-03 0.0000000000000000e+00  -5.6624009921446205e-03 8.9593207883501308e-06 0.0000000000000000e+00  1.6453186920643490e-03 -9.8120684768104391e-05 0.0000000000000000e+00  4.1823627282572327e-04 -5.9731111823803460e-04 0.0000000000000000e+00  -1.1587299611911213e-03 -1.5231947678534490e-05 0.0000000000000000e+00  -2.9890625056259853e-03 -8.6273405891850504e-04 0.0000000000000000e+00  3.4702246855812381e-03 2.9887542562689606e-03 0.0000000000000000e+00  -4.0788289377207701e-02 -6.9803772605278210e-03 0.0000000000000000e+00  1.1325171133954558e-02 -2.0400000893907422e-02 0.0000000000000000e+00  1.9082588041483481e-02 -1.7654001312393253e-02 0.0000000000000000e+00  -1.6947755301580281e-03 -3.0403372007970625e-04 0.0000000000000000e+00  1.3272854864633057e-03 -9.1301081041093284e-03 0.0000000000000000e+00  1.0453191467889704e-03 9.0188019296792207e-03 0.0000000000000000e+00  -2.9242891924220835e-04 7.7568437840455475e-03 0.0000000000000000e+00  -8.1741572111440565e-04 5.3669811324807181e-03 0.0000000000000000e+00  1.8405871478681915e-03 -8.0877411510256919e-05 0.0000000000000000e+00  1.9126279192690605e-03 -6.2404472827031678e-03 0.0000000000000000e+00  2.0861358585736916e-03 -8.0537211738912658e-03 0.0000000000000000e+00  4.0240470626148033e-03 -8.8298935669744050e-03 0.0000000000000000e+00  1.6894018803915371e-03 -8.4211127653767359e-06 0.0000000000000000e+00  2.0519150687537857e-03 -2.4864899020017535e-04 0.0000000000000000e+00  1.7210030632835327e-03 -1.7055292576805095e-04 0.0000000000000000e+00  1.7651520304102677e-03 -1.1464781211586498e-04 0.0000000000000000e+00  6.4600531145368623e-02 -4.2640649769488384e-03 0.0000000000000000e+00  -2.3651916246684307e-03 -9.8164821644479306e-03 0.0000000000000000e+00  -1.2131033754330573e-02 9.7468334886073732e-03 0.0000000000000000e+00  1.0809860141294165e-03 -4.0326534334731183e-03 0.0000000000000000e+00  7.8314786080874209e-04 -3.2915744945306684e-03 0.0000000000000000e+00  2.1561758155141131e-04 -1.6794809389230672e-05 0.0000000000000000e+00  -1.8440996537377496e-03 -8.1149173397466949e-05 0.0000000000000000e+00  -8.6263226374122201e-04 7.3556087036776012e-06 0.0000000000000000e+00  -5.7126477585014621e-04 1.0002560831074499e-03 0.0000000000000000e+00  -3.2296429167990607e-03 -7.6760595164330134e-03 0.0000000000000000e+00  -2.9412258972030125e-04 -3.7330911815709983e-04 0.0000000000000000e+00  -5.8820961332647480e-04 -5.6704699200078496e-05 0.0000000000000000e+00  7.3591232495395819e-04 1.1629615184781780e-03 0.0000000000000000e+00  -3.6985846544421793e-03 5.1746206917749674e-04 0.0000000000000000e+00  -1.3761940301125560e-03 -6.3338231081571036e-03 0.0000000000000000e+00  -1.9488521850487511e-03 6.1772196362477991e-04 0.0000000000000000e+00  7.6632581015286362e-04 -5.6249440904540772e-03 0.0000000000000000e+00  1.6282455474299874e-04 -5.6841669995650818e-03 0.0000000000000000e+00  2.3952895188358777e-04 -5.4146277500123916e-03 0.0000000000000000e+00  -4.4385372384728693e-03 -2.5862323432957871e-02 0.0000000000000000e+00  -6.6168425250839684e-04 1.2083661899138079e-02 0.0000000000000000e+00  8.9875987662178195e-04 -7.3586541264262515e-03 0.0000000000000000e+00  1.0683448820992263e-03 -6.3421173556803155e-03 0.0000000000000000e+00  -5.2984560975568744e-02 -7.5434430371583907e-05 0.0000000000000000e+00  1.8981850418377344e-03 -1.8023483222130712e-04 0.0000000000000000e+00  -8.1515255322608590e-04 6.1465855726724958e-03 0.0000000000000000e+00  -5.0659977963449752e-03 -3.3438970368532442e-03 0.0000000000000000e+00  -4.0530518889378853e-04 -9.6219660522023284e-03 0.0000000000000000e+00  -7.3113096245659009e-04 -2.4048995779395893e-03 0.0000000000000000e+00  -1.4606029696329923e-03 -1.7669802303238585e-03 0.0000000000000000e+00  5.2649731442556409e-05 4.9860720953570886e-04 0.0000000000000000e+00  1.5332982684173155e-03 -3.7979446100121000e-03 0.0000000000000000e+00  2.1106081946690230e-03 4.7524345975483032e-05 0.0000000000000000e+00  -1.2000576052462672e-03 -6.5984278547369748e-04 0.0000000000000000e+00  -2.9440890556844189e-03 2.2537704983220529e-03 0.0000000000000000e+00  -3.2741822903936371e-03 1.3971570982023469e-03 0.0000000000000000e+00  1.0831532224055385e-02 9.3771841720065360e-03 0.0000000000000000e+00  -9.3183107567591534e-03 3.1725944302383756e-02 0.0000000000000000e+00  -8.3033435522158778e-04 -3.1998404938010607e-05 0.0000000000000000e+00  -4.1417503734780215e-03 5.6033399128550343e-03 0.0000000000000000e+00  -4.4763826005752450e-03 3.2859107671483357e-03 0.0000000000000000e+00  4.9683745884481897e-03 7.7322571569859574e-03 0.0000000000000000e+00  6.0725177369959195e-03 4.6391738022047236e-03 0.0000000000000000e+00  -5.8826333819365584e-02 5.3083423909883109e-03 0.0000000000000000e+00  -3.3981594681878710e-02 2.4128070443387871e-04 0.0000000000000000e+00  2.9336434594866741e-03 2.1703265167002314e-03 0.0000000000000000e+00  6.8692595346405601e-03 -3.5603825535651563e-03 0.0000000000000000e+00  2.7777360093383188e-02 -7.1451637169117977e-03 0.0000000000000000e+00  3.1817156595249696e-02 -3.8049205696873865e-03 0.0000000000000000e+00  -6.2244679113828381e-03 5.2917739706776091e-03 0.0000000000000000e+00  1.7121383688733152e-04 5.4179410332443653e-04 0.0000000000000000e+00  -7.9864002552526500e-03 4.3210835145408534e-03 0.0000000000000000e+00  -1.6773469295982679e-03 1.8613301452652740e-05 0.0000000000000000e+00  3.8068746492014617e-02 -1.5294691012972465e-03 0.0000000000000000e+00  4.0788406386654291e-02 -2.3069480398349982e-03 0.0000000000000000e+00  -2.0113152262187677e-03 -2.9641887453262946e-03 0.0000000000000000e+00  1.0376560465672720e-03 3.8465138167459610e-03 0.0000000000000000e+00  -5.8074735321497870e-04 -5.3247141425325861e-04 0.0000000000000000e+00  -7.2809832837686904e-04 -1.8399020175263920e-04 0.0000000000000000e+00  -8.5824156124345908e-04 -4.3927969522882340e-04 0.0000000000000000e+00  -1.7599952182566002e-03 4.2633811036786161e-07 0.0000000000000000e+00  -1.8022348943871533e-03 4.7631034295163103e-05 0.0000000000000000e+00  -6.8168131087420719e-05 6.4107945712829249e-04 0.0000000000000000e+00  -5.6046299029676944e-03 -3.4360048175166469e-02 0.0000000000000000e+00  2.5752236124138273e-03 -1.9666525045417080e-03 0.0000000000000000e+00  3.0333771333300967e-04 1.2374839927485346e-03 0.0000000000000000e+00  -5.0349454548880204e-03 -1.0917247811173916e-02 0.0000000000000000e+00  4.9476664427418066e-04 1.0146363297606775e-03 0.0000000000000000e+00  5.5008314344603955e-05 -6.2894328612425122e-04 0.0000000000000000e+00  -3.7644612801322121e-02 -1.2703762785072641e-03 0.0000000000000000e+00  9.2603782101206378e-04 -1.0203754024478526e-03 0.0000000000000000e+00  -1.9363765268380689e-03 6.3193713615896721e-03 0.0000000000000000e+00  4.5450426511872352e-02 -1.9217387662460606e-03 0.0000000000000000e+00  -1.2074410580099624e-03 2.5468803283890829e-03 0.0000000000000000e+00  -2.3012946260356016e-03 -1.7958665423719869e-03 0.0000000000000000e+00  -4.3870086279744636e-03 1.7418985222650675e-03 0.0000000000000000e+00  1.5315739743979998e-03 -3.3673621624576585e-03 0.0000000000000000e+00  1.0000000001317476e-01 0.0000000000000000e+00 0.0000000000000000e+00  8.9277264694085550e-04 -5.5837431338469400e-03 0.0000000000000000e+00  1.3237404767788648e-03 -4.8817973463943396e-03 0.0000000000000000e+00  1.7474008618924071e-03 -1.6747636792630742e-02 0.0000000000000000e+00  1.4080668410977315e-03 -1.3321497386329220e-02 0.0000000000000000e+00  -3.3667627146719307e-04 -5.2629974805229972e-04 0.0000000000000000e+00  -1.0290539326228360e-03 -7.3099185143514760e-04 0.0000000000000000e+00  -2.1750011956617171e-03 -1.0829853938834436e-02 0.0000000000000000e+00  3.3377998456332048e-02 -5.4535585144775463e-03 0.0000000000000000e+00  -3.6615166380819255e-03 2.2477513972462594e-03 0.0000000000000000e+00  -2.0616104508661007e-03 2.5736233167734839e-03 0.0000000000000000e+00  -1.4868796469161128e-02 -4.3868764396714551e-03 0.0000000000000000e+00  -1.3059898364126048e-03 5.6970678394330692e-03 0.0000000000000000e+00  -1.0000000001317476e-01 0.0000000000000000e+00 0.0000000000000000e+00  -3.0232409111227905e-03 -4.2111760259060764e-03 0.0000000000000000e+00  2.8599120422575799e-03 8.1979123984588509e-03 0.0000000000000000e+00  -1.8118891280871601e-03 -3.0962974821799203e-05 0.0000000000000000e+00  -1.7947110343325601e-03 -4.1251501661800881e-05 0.0000000000000000e+00  6.9677688665889081e-02 1.5061455421152252e-04 0.0000000000000000e+00  -1.4806012113458548e-04 5.6796975736853874e-03 0.0000000000000000e+00  -2.8786519305228038e-04 5.4620606477816030e-03 0.0000000000000000e+00  -1.9949522689643616e-03 -3.0257139513157369e-03 0.0000000000000000e+00  -1.5588684222532038e-02 2.3347439428551466e-03 0.0000000000000000e+00  5.0026094117305653e-03 1.1182856173911372e-03 0.0000000000000000e+00  -2.1380712935383725e-03 3.6612234992071076e-04 0.0000000000000000e+00  5.1191562105045553e-03 -4.6851672676514970e-03 0.0000000000000000e+00  -1.9672189010846871e-03 -5.1016009090364715e-03 0.0000000000000000e+00  -6.6962894937198437e-04 -3.5671852791652929e-04 0.0000000000000000e+00  -2.7203035289822484e-04 -7.8332121326036316e-04 0.0000000000000000e+00  2.1428211585336601e-04 5.3248482968487306e-03 0.0000000000000000e+00  4.6686956221457624e-04 8.8529284392557659e-05 0.0000000000000000e+00  -1.0168244944393965e-03 5.0980324835662519e-03 0.0000000000000000e+00  -1.4766815467099263e-03 5.2123849223227915e-03 0.0000000000000000e+00  -9.5275229459067983e-04 5.6052508717010854e-03 0.0000000000000000e+00  -8.9511270323053597e-04 -3.6823885852412205e-03 0.0000000000000000e+00  -7.9641546515931582e-05 -8.4337779210334605e-05 0.0000000000000000e+00  -4.8624758939288075e-02 6.9484942023271401e-05 0.0000000000000000e+00  -6.4825907679706054e-03 -1.7038959325533407e-03 0.0000000000000000e+00  -8.0524434286799659e-03 -1.6049526765808970e-02 0.0000000000000000e+00  -3.4218303288290576e-03 -9.9088333158221398e-03 0.0000000000000000e+00  7.7014606013267265e-03 6.8398864509668566e-03 0.0000000000000000e+00  8.1380214419688943e-03 9.6447574480132987e-03 0.0000000000000000e+00  -3.4534855355784614e-03 3.6441835593867028e-03 0.0000000000000000e+00  -2.7259669496747644e-03 -3.9255881051246857e-03 0.0000000000000000e+00  -1.2627318715100067e-03 5.0219285485527830e-04 0.0000000000000000e+00  2.9578271746213802e-02 -1.2755255436238839e-02 0.0000000000000000e+00  1.4264789148733369e-03 2.0323042126633608e-03 0.0000000000000000e+00  9.2795017374845440e-04 3.0297500418806390e-03 0.0000000000000000e+00  -6.1261148006093894e-05 -2.4215070504062693e-04 0.0000000000000000e+00  -7.9377439725746598e-04 -9.6917303218390996e-03 0.0000000000000000e+00  8.1534106874607993e-04 2.2012350776014519e-03 0.0000000000000000e+00  2.1807093689336920e-03 -5.4534006498603432e-03 0.0000000000000000e+00  1.7077226388008987e-02 -1.0793150165192621e-02 0.0000000000000000e+00  -1.6819042393426194e-02 -8.0522358815859722e-03 0.0000000000000000e+00  7.8173107526865980e-03 1.1708296192729431e-02 0.0000000000000000e+00  -2.1568281563724319e-03 1.8996215948712833e-05 0.0000000000000000e+00  5.4668058769067793e-04 2.1308213531559894e-04 0.0000000000000000e+00  1.8094822609399785e-03 -4.8760359791011265e-03 0.0000000000000000e+00  1.3499365862130067e-03 -5.6124584690696189e-03 0.0000000000000000e+00  6.4371961471662688e-03 -1.4242620395974227e-02 0.0000000000000000e+00  -5.8952584768905802e-02 7.3063370273714727e-03 0.0000000000000000e+00  4.3315470018798062e-02 -9.9667224771254914e-04 0.0000000000000000e+00  -1.6085325178338162e-03 -3.8805024321730257e-05 0.0000000000000000e+00  1.2769548380915060e-03 1.8809378436368638e-04 0.0000000000000000e+00  3.2605987204598320e-03 4.6300293543707896e-03 0.0000000000000000e+00  -9.7203687369865782e-04 -4.1453731434036942e-03 0.0000000000000000e+00  -1.0652633500732723e-03 7.4410813314804746e-03 0.0000000000000000e+00  -7.1158760603198257e-03 -1.4070357474466735e-02 0.0000000000000000e+00  -7.0259382142588697e-05 -1.4595051925420387e-04 0.0000000000000000e+00  6.2380687878956891e-03 2.7627661391811712e-03 0.0000000000000000e+00  4.3793086621284782e-02 -1.8503073612198076e-03 0.0000000000000000e+00  -9.9273986400918168e-03 -1.1523772492356850e-02 0.0000000000000000e+00  -4.0722275261408048e-03 1.3829612342055415e-02 0.0000000000000000e+00  -1.4862372109517574e-03 -1.6175817309231160e-03 0.0000000000000000e+00  -8.4950983231308601e-03 -6.9631253551691290e-03 0.0000000000000000e+00  -7.9834569664898221e-03 -4.1172025735087617e-03 0.0000000000000000e+00  -6.4976745738899097e-03 -4.5411449353437855e-03 0.0000000000000000e+00  3.7242507107490457e-03 -3.1764148253345995e-03 0.0000000000000000e+00  -1.3591878666109137e-04 -2.8418032345544090e-04 0.0000000000000000e+00  -5.7401680294228720e-04 5.7720533668876011e-03 0.0000000000000000e+00  2.7189865068346503e-04 -4.3328374289834156e-03 0.0000000000000000e+00  7.8417155804849279e-04 -4.5201566999561486e-03 0.0000000000000000e+00  5.8364020428120274e-03 1.7230923353476365e-02 0.0000000000000000e+00  5.2861353824754896e-03 1.4723771238505743e-02 0.0000000000000000e+00  7.1853341314297645e-03 1.2358462322150611e-02 0.0000000000000000e+00  -1.7778640167868409e-03 -1.7812049976820450e-05 0.0000000000000000e+00  -8.2367443277719531e-04 7.9925261615562387e-03 0.0000000000000000e+00  -2.2993843425791926e-02 7.1978141672632062e-03 0.0000000000000000e+00  -1.0263539383392375e-03 -8.1841077506090347e-04 0.0000000000000000e+00  -1.4195089502194111e-03 5.8185394640740875e-03 0.0000000000000000e+00  3.4560446965394315e-02 -2.5558984365205294e-03 0.0000000000000000e+00  1.4510432094330405e-03 6.7782547946535783e-05 0.0000000000000000e+00  1.2881801689632120e-03 -2.5697253988873256e-03 0.0000000000000000e+00  -7.7123649325755623e-04 7.2194037881102748e-05 0.0000000000000000e+00  -6.9920375973542065e-04 3.0582678359580932e-04 0.0000000000000000e+00  1.5414514395880721e-02 1.4195171637942733e-02 0.0000000000000000e+00  4.0220201163593591e-03 3.8318960616465681e-03 0.0000000000000000e+00  4.2414513397702113e-03 4.0003429955576793e-03 0.0000000000000000e+00  3.2526238725042165e-03 4.4688156202304513e-03 0.0000000000000000e+00  -1.6146270954448146e-03 2.3590610753078235e-04 0.0000000000000000e+00  2.5676348402628702e-03 1.2919308808397778e-02 0.0000000000000000e+00  -1.1012717359695512e-03 6.8032681393369061e-04 0.0000000000000000e+00  -5.7117216106876437e-02 -2.1847439896327484e-03 0.0000000000000000e+00  1.3437163142467016e-02 -6.7713191472092262e-03 0.0000000000000000e+00  1.0657292168967617e-03 1.4566677427521339e-04 0.0000000000000000e+00  -1.2109328391945720e-03 3.3591445721878907e-04 0.0000000000000000e+00  1.6597483413844760e-02 -1.1949352719292414e-02 0.0000000000000000e+00  4.8386865733719302e-04 -7.0629346907415593e-03 0.0000000000000000e+00  7.6028253094067699e-04 -3.8305988217456014e-03 0.0000000000000000e+00  -1.8009540333248329e-03 -3.8304082214321309e-03 0.0000000000000000e+00  -3.5312846495461603e-03 -4.1661371342304274e-03 0.0000000000000000e+00  -1.9522719896298544e-03 -2.9365733507204566e-03 0.0000000000000000e+00  -4.0190800373967901e-03 -8.3295236004439725e-03 0.0000000000000000e+00  1.3616508270865078e-02 5.1774514122463538e-03 0.0000000000000000e+00  1.4930484604486241e-02 8.6674852989648329e-03 0.0000000000000000e+00  1.9405876543377974e-02 7.1991578135639552e-03 0.0000000000000000e+00  9.2547395667412870e-04 6.1244143798784448e-04 0.0000000000000000e+00  9.4708164928720322e-04 8.7941538494615995e-04 0.0000000000000000e+00  6.9033071567727012e-04 6.5563631529557223e-04 0.0000000000000000e+00  -6.8484279678810399e-04 5.0736056011823280e-03 0.0000000000000000e+00  -1.1483181654482496e-02 1.1571374723936483e-02 0.0000000000000000e+00  4.8350442994408785e-03 7.3005429529374666e-02 0.0000000000000000e+00  1.7793536640841458e-02 2.9823199625120332e-02 0.0000000000000000e+00  2.5780550540674019e-02 -2.3891218368667848e-03 0.0000000000000000e+00  6.1613095389883481e-03 -8.3082411205567998e-03 0.0000000000000000e+00  3.6482005491602736e-02 -4.0845526576481955e-04 0.0000000000000000e+00  -9.6468031769996205e-03 -1.4448120180940488e-03 0.0000000000000000e+00  -2.5419635380976094e-03 1.7022992604827881e-03 0.0000000000000000e+00  -3.2246343782633507e-04 6.1475115241233407e-03 0.0000000000000000e+00  1.8368360901263780e-03 2.4348850979967097e-04 0.0000000000000000e+00  6.4262974716466058e-05 -1.3675368781527030e-03 0.0000000000000000e+00  -3.2439721904645056e-03 5.0368040306131264e-03 0.0000000000000000e+00  3.6758844679047799e-03 -1.5119093232402571e-03 0.0000000000000000e+00  5.7121136114567502e-03 -1.3725647499757184e-03 0.0000000000000000e+00  4.6236745291952175e-03 1.1901883402544871e-02 0.0000000000000000e+00  1.8134827583738300e-03 -3.2822516080789437e-05 0.0000000000000000e+00  2.3586563544707997e-04 4.1941132577102275e-04 0.0000000000000000e+00  -1.5125755590863186e-03 9.6281456964201692e-03 0.0000000000000000e+00  8.5328045881650182e-04 2.1461690740586415e-03 0.0000000000000000e+00  4.8294248573543173e-04 4.5335073333989014e-03 0.0000000000000000e+00  -4.0852493979332705e-03 3.9627214821150039e-04 0.0000000000000000e+00  -2.1877225154946333e-04 -1.0302369515611117e-02 0.0000000000000000e+00  -3.8940286383195064e-02 2.1184590294782485e-05 0.0000000000000000e+00  -2.5465710366480857e-03 4.5121725471542196e-03 0.0000000000000000e+00  7.3751255597378808e-03 5.2852539377283986e-03 0.0000000000000000e+00  -1.0067741166593610e-03 5.9821665157108505e-03 0.0000000000000000e+00  7.0378973857636766e-03 -2.3993487279972036e-02 0.0000000000000000e+00  -1.4650042699387406e-03 -1.9781327083112215e-04 0.0000000000000000e+00  -1.4272400301897528e-03 4.1684644036044036e-03 0.0000000000000000e+00  -9.0277561335920281e-04 -4.6986077680795588e-03 0.0000000000000000e+00  -4.2341732536691152e-04 -4.7921455698973449e-03 0.0000000000000000e+00  -7.9302010163699718e-04 -5.3278266796807474e-03 0.0000000000000000e+00  -2.5726797052017187e-04 5.1825663451618058e-03 0.0000000000000000e+00  3.9126261043291539e-02 1.9629481855427608e-04 0.0000000000000000e+00  -3.1613787080657603e-02 -8.0211252574394795e-04 0.0000000000000000e+00  -1.3628556461552679e-04 -4.3148678002497996e-04 0.0000000000000000e+00  -4.1447187076493315e-02 -1.3713582682312141e-02 0.0000000000000000e+00  -5.2333928757365917e-03 1.0984619484895285e-02 0.0000000000000000e+00  5.0356278188664599e-03 1.3121727929143297e-02 0.0000000000000000e+00  4.3074701733718495e-04 -2.3247676813512838e-04 0.0000000000000000e+00  2.4727725601262263e-04 7.9144749601173844e-03 0.0000000000000000e+00  1.4499246442771579e-03 8.6370502169267442e-03 0.0000000000000000e+00  -9.8917036743528333e-05 3.8382386252355655e-03 0.0000000000000000e+00  -1.3586723564053698e-03 -5.3109240350757885e-04 0.0000000000000000e+00  -2.6806060908908338e-03 5.6712846315604606e-03 0.0000000000000000e+00  -2.1758781083975492e-03 8.0554877070279831e-03 0.0000000000000000e+00  1.9778524321898514e-04 8.7083021058132756e-05 0.0000000000000000e+00  5.6516175876098985e-03 9.2296615408568247e-03 0.0000000000000000e+00  -1.8232086310203900e-03 -2.1715857187328040e-05 0.0000000000000000e+00  -7.9635336073742256e-03 1.1155340504740985e-02 0.0000000000000000e+00  -3.1979569840302849e-04 -2.8162567736945022e-04 0.0000000000000000e+00  -1.4659017567551047e-03 -6.0092536078529683e-06 0.0000000000000000e+00  1.0020412708115110e-03 -5.2518951075590662e-03 0.0000000000000000e+00  -2.9113900543271481e-02 4.0570217288690954e-03 0.0000000000000000e+00  -1.8266137436655196e-02 -1.2905970688227023e-02 0.0000000000000000e+00  1.2715650859419735e-03 -1.5211149973999908e-03 0.0000000000000000e+00  9.2982680842228303e-04 -2.2808799163577037e-03 0.0000000000000000e+00  6.1466466953764896e-04 -1.6856178778880239e-03 0.0000000000000000e+00  -1.2792917399786225e-03 6.9535346006785433e-03 0.0000000000000000e+00  -3.0560452808535022e-03 -3.1857865564877451e-03 0.0000000000000000e+00  6.8923751312137546e-04 3.3858002883374785e-03 0.0000000000000000e+00  -2.0258026438401194e-03 -2.1135655503368490e-03 0.0000000000000000e+00  4.1925092312601062e-03 -4.0531060129597478e-03 0.0000000000000000e+00  -2.8460771105925028e-03 1.0545257145372499e-02 0.0000000000000000e+00  1.1967521062476345e-03 -6.2700470854942921e-04 0.0000000000000000e+00  1.6612403657240312e-03 -6.0193256035278209e-04 0.0000000000000000e+00  -1.8420135510114921e-03 -1.9175518790206592e-06 0.0000000000000000e+00  -5.2243187124324571e-03 3.4972004036866278e-03 0.0000000000000000e+00  8.5077143455106847e-04 4.7132547631755267e-05 0.0000000000000000e+00  -3.5175800794394699e-03 -3.5797262830049013e-03 0.0000000000000000e+00  -1.7986940227309601e-03 -6.6126245020656162e-04 0.0000000000000000e+00  -8.1978236468903034e-03 1.3206813860535838e-03 0.0000000000000000e+00  -1.3683627201296217e-03 -3.3901796588879885e-03 0.0000000000000000e+00  3.7343353639895272e-05 -7.6720001842396190e-04 0.0000000000000000e+00  -2.7760642580320363e-05 -6.2047388334589141e-04 0.0000000000000000e+00  5.2150604753922912e-03 5.4973233999258660e-03 0.0000000000000000e+00  3.6489170940218903e-03 5.9279940023218205e-03 0.0000000000000000e+00  -1.7187244146270504e-03 5.8344934363054402e-03 0.0000000000000000e+00  9.9993210063123556e-05 2.8197051767192270e-03 0.0000000000000000e+00  6.7528741987269892e-05 -5.2087822341169920e-04 0.0000000000000000e+00  -2.0150144013260061e-03 -1.0981242279308686e-03 0.0000000000000000e+00  2.4342418713227041e-04 -2.3644426488332857e-03 0.0000000000000000e+00  -1.8491326738570579e-04 -2.4783981649512772e-03 0.0000000000000000e+00  -2.7689120187502411e-04 -1.8407131278484873e-03 0.0000000000000000e+00  3.3246396220902872e-03 2.5090664415469881e-03 0.0000000000000000e+00  -5.7453343222574060e-05 -3.3550241357519043e-04 0.0000000000000000e+00  -4.8538768884271839e-05 -4.1139321489163869e-04 0.0000000000000000e+00  1.7398893357254571e-03 -4.5320509994563866e-05 0.0000000000000000e+00  4.0751023404677098e-04 -8.7571853511721673e-05 0.0000000000000000e+00  1.0989512805554505e-03 6.6592012114619175e-06 0.0000000000000000e+00  8.7731431113329813e-05 8.3996284379927335e-05 0.0000000000000000e+00  -4.5537357725070683e-04 1.0112308783069496e-04 0.0000000000000000e+00  7.8330492287035085e-04 1.1527534184930363e-03 0.0000000000000000e+00  1.5406951310125456e-03 -3.8723612448266000e-05 0.0000000000000000e+00  1.1566636555053775e-03 3.0698434712109202e-05 0.0000000000000000e+00  1.3942812910388456e-03 -1.5847472686753626e-05 0.0000000000000000e+00  1.6466228712187605e-03 -4.3178341925379217e-05 0.0000000000000000e+00  -1.5894281870724256e-03 1.7217027675709961e-05 0.0000000000000000e+00  -1.3468706466191604e-03 8.1742295736125260e-06 0.0000000000000000e+00  1.8035121797585515e-03 -3.9945425560917165e-05 0.0000000000000000e+00  1.8245414805231675e-03 -1.7882062328264599e-05 0.0000000000000000e+00  -3.9411417615891985e-04 -6.7878695338260728e-05 0.0000000000000000e+00  -2.1692242823142342e-04 -7.5949698366429777e-05 0.0000000000000000e+00  -1.2319076942348829e-03 -1.9128969861596830e-05 0.0000000000000000e+00  2.4770186840618856e-04 7.6218027982481235e-05 0.0000000000000000e+00  -1.8532532639392856e-03 7.2209967712070269e-06 0.0000000000000000e+00  8.0870745287344044e-04 1.0284456512110856e-02 0.0000000000000000e+00  -3.8569081146196587e-04 1.3874619968080895e-04 0.0000000000000000e+00  -1.1942000782634952e-03 3.8519811253868237e-03 0.0000000000000000e+00  9.2594560769960660e-05 6.4468893032184965e-04 0.0000000000000000e+00  3.0745286011107306e-03 1.0468549772659746e-02 0.0000000000000000e+00  -2.4846943811807735e-02 -3.2685648305247413e-03 0.0000000000000000e+00  1.3401744903535713e-03 -2.2824169089615109e-03 0.0000000000000000e+00  -4.7817948417297335e-02 4.8154860237765841e-06 0.0000000000000000e+00  3.6951220480771719e-03 -9.3049529215487974e-03 0.0000000000000000e+00  5.4460066269752423e-02 2.7807152739067108e-04 0.0000000000000000e+00  -8.8663628401965521e-03 7.7696499651369868e-03 0.0000000000000000e+00  -2.2127529177541139e-04 -7.7680001320561649e-05 0.0000000000000000e+00  -4.7786701762201017e-04 -1.1565149108585963e-02 0.0000000000000000e+00  2.1526316431293188e-03 -8.5675754411768232e-04 0.0000000000000000e+00  -2.4523080719329564e-03 3.2800310307999599e-03 0.0000000000000000e+00  -1.5366853507758193e-03 6.3396741005664762e-03 0.0000000000000000e+00  4.8023126859318213e-03 4.1743133328203102e-03 0.0000000000000000e+00  1.7969085157434281e-03 1.1999508388694827e-05 0.0000000000000000e+00  1.6620087363595955e-03 -1.7903776692862340e-02 0.0000000000000000e+00  1.7152705937222657e-03 -3.7406432191585777e-05 0.0000000000000000e+00  -1.3588936920094024e-03 1.2238844103134941e-03 0.0000000000000000e+00  -1.6212854262678082e-03 1.6084965972253858e-04 0.0000000000000000e+00  2.1553488728344237e-03 -1.3686911842415272e-03 0.0000000000000000e+00  -3.4216344980816389e-02 7.4437069196656806e-05 0.0000000000000000e+00  8.2084787173629273e-04 -7.9384517475599413e-04 0.0000000000000000e+00  1.7886886700139595e-03 2.9079532921548617e-02 0.0000000000000000e+00  3.7086234197196938e-03 8.7647377086802775e-03 0.0000000000000000e+00  3.7263632973190187e-03 7.5155718898852093e-03 0.0000000000000000e+00  5.6369178313840414e-03 7.3708415598453423e-03 0.0000000000000000e+00  2.8122575660543716e-03 -6.0677880686653071e-04 0.0000000000000000e+00  7.6086052082488280e-03 2.3972576244236190e-03 0.0000000000000000e+00  5.2120480064411483e-03 2.0893505681161668e-03 0.0000000000000000e+00  6.2876708822950881e-03 3.3500140618752329e-03 0.0000000000000000e+00  -1.5048632385239961e-02 1.6115279315027615e-02 0.0000000000000000e+00  -8.5636710237432779e-04 -2.6125460453505470e-03 0.0000000000000000e+00  -1.4607965892003778e-03 -2.5092884676811656e-03 0.0000000000000000e+00  -2.7514389896484944e-03 -4.9291305611635725e-03 0.0000000000000000e+00  -4.0923342314290248e-03 -4.4690026460197990e-03 0.0000000000000000e+00  2.3904077447869897e-03 -2.6173202427275271e-03 0.0000000000000000e+00  -1.1956426729931859e-05 7.1949031566269437e-04 0.0000000000000000e+00  -1.4820639580534604e-03 -3.7556048802509544e-05 0.0000000000000000e+00  2.9857850442800735e-02 -1.1231639856167394e-02 0.0000000000000000e+00  2.8579594105723500e-04 2.1319106032895436e-03 0.0000000000000000e+00  -5.0800197451109346e-03 -7.7631379527729697e-04 0.0000000000000000e+00  1.7018350144189266e-02 3.3089177320503780e-03 0.0000000000000000e+00  -3.6790983182321185e-02 -1.2802522782832032e-04 0.0000000000000000e+00  -2.9089409640787921e-03 -3.0518982900720058e-03 0.0000000000000000e+00  -1.5496101410734351e-03 -8.0763818020215244e-03 0.0000000000000000e+00  2.1890490324979355e-03 -1.4660399506170767e-03 0.0000000000000000e+00  3.6970801382997114e-04 7.1415030026500490e-03 0.0000000000000000e+00  3.1912107965747622e-03 -2.4364644766137001e-03 0.0000000000000000e+00  -4.4547952627796384e-04 -4.3884582278044842e-04 0.0000000000000000e+00  -3.5635207044799901e-03 -2.9689038361727883e-03 0.0000000000000000e+00  5.9700901523582926e-03 8.1140336851020459e-03 0.0000000000000000e+00  1.0642250695802031e-04 -7.8867784444879019e-04 0.0000000000000000e+00  1.2337899998997007e-03 -6.1092156981523528e-05 0.0000000000000000e+00  1.3324370712042141e-03 2.2626357678632927e-05 0.0000000000000000e+00  1.4429252058993814e-03 -1.1899545159624997e-04 0.0000000000000000e+00  1.0736346744277448e-02 6.0846097042800851e-03 0.0000000000000000e+00  8.1660632237557241e-04 -4.8608417274154434e-04 0.0000000000000000e+00  -1.8326612183205127e-03 1.4039808200992142e-03 0.0000000000000000e+00  4.5377072853379705e-03 2.5483683192051711e-03 0.0000000000000000e+00  -8.4544756410483580e-04 2.3992245514350445e-03 0.0000000000000000e+00  1.8399856493975112e-03 5.9084135086542892e-03 0.0000000000000000e+00  2.8564890690696717e-03 3.9793877586371497e-03 0.0000000000000000e+00  3.6171027184277366e-03 5.5182403086086913e-03 0.0000000000000000e+00  -4.7112073582901828e-05 -5.7480927353412686e-03 0.0000000000000000e+00  3.2999573719951064e-05 7.5517873885562275e-04 0.0000000000000000e+00  -5.2693811936863162e-03 7.3531058833561629e-03 0.0000000000000000e+00  6.3705993846594931e-04 -3.0108730881906181e-04 0.0000000000000000e+00  2.3433864066954584e-03 8.8292170390472328e-03 0.0000000000000000e+00  -1.6629643569502728e-03 -9.8460795092778202e-03 0.0000000000000000e+00  -4.1586674293515709e-02 3.4724221598984471e-03 0.0000000000000000e+00  1.6830779550281230e-03 5.3021716480497840e-04 0.0000000000000000e+00  2.1067206794408767e-03 5.2801990224793025e-04 0.0000000000000000e+00  1.9131445873990446e-03 8.1001235988397693e-04 0.0000000000000000e+00  3.2641812760338105e-05 1.3209281285814234e-03 0.0000000000000000e+00  -1.8658164199897436e-04 1.6959261114678785e-03 0.0000000000000000e+00  -2.4176946884068068e-04 1.1987922068606004e-03 0.0000000000000000e+00  9.5229722056835932e-04 3.0679624635331125e-04 0.0000000000000000e+00  2.2807030904602836e-03 7.2059868821532170e-03 0.0000000000000000e+00  -6.6489022491512274e-03 -2.0982689699213835e-02 0.0000000000000000e+00  -4.4490554286971879e-04 -7.1457337520465652e-03 0.0000000000000000e+00  -4.2473253489246302e-03 -6.0747767423201095e-03 0.0000000000000000e+00  4.3625228340546815e-02 -1.6202619036423027e-03 0.0000000000000000e+00  2.6682382520016493e-02 7.5195002926082737e-03 0.0000000000000000e+00  1.1140140985343517e-02 1.0685889009892899e-02 0.0000000000000000e+00  1.4056992788735224e-03 3.2555935974815396e-04 0.0000000000000000e+00  -2.6439749705916334e-02 -1.0059762646428196e-03 0.0000000000000000e+00  -2.5742045351123514e-02 -9.5717530367218362e-03 0.0000000000000000e+00  -3.3150654259381337e-02 -9.4183388576104549e-03 0.0000000000000000e+00  -9.6725722957316076e-05 4.9638738231254300e-04 0.0000000000000000e+00  2.1433530567743814e-03 1.1085030542059090e-02 0.0000000000000000e+00  7.7560042817976670e-04 -1.2961947104843139e-04 0.0000000000000000e+00  1.1036277365258562e-02 3.9698322974828113e-03 0.0000000000000000e+00  1.0866974966314512e-03 -2.1180987060552253e-03 0.0000000000000000e+00  9.0158799693238042e-04 -1.8449148334020514e-03 0.0000000000000000e+00  -1.2334928758078814e-03 5.7301783064411145e-03 0.0000000000000000e+00  -1.7118664581991714e-02 1.5632130119031439e-02 0.0000000000000000e+00  -2.1990509723838404e-02 9.7270021847602646e-03 0.0000000000000000e+00  -1.4653185555058844e-02 8.4169345396653658e-04 0.0000000000000000e+00  -1.4012924454707744e-03 -1.0706783731408460e-03 0.0000000000000000e+00  3.1844234227200216e-02 1.0239706882973995e-03 0.0000000000000000e+00  -3.0407923990398003e-02 3.1825301416224218e-04 0.0000000000000000e+00  -7.1317121670331173e-04 -1.3672420915323965e-03 0.0000000000000000e+00  -1.8994280355795650e-03 -4.0007635211098305e-05 0.0000000000000000e+00  -1.2895271944242111e-03 2.9133061352252828e-03 0.0000000000000000e+00  4.4214389304326524e-04 -1.9122883622418496e-03 0.0000000000000000e+00  2.8210462414258869e-03 -6.1543841349593125e-03 0.0000000000000000e+00  4.3219936668027759e-03 1.3111073002349432e-03 0.0000000000000000e+00  -6.2752311363082677e-03 -6.5159350612956878e-03 0.0000000000000000e+00  -6.1282479176825028e-03 -5.7436988247129197e-03 0.0000000000000000e+00  -7.2908080809448933e-04 -1.0777868651451910e-03 0.0000000000000000e+00  -3.7729837364940133e-04 -1.3057278646321114e-03 0.0000000000000000e+00  2.3402173034104841e-03 4.5058868222908307e-03 0.0000000000000000e+00  1.7507375459354119e-03 4.1470887337521859e-03 0.0000000000000000e+00  1.6527867413741813e-03 -4.1441409324458828e-03 0.0000000000000000e+00  1.1519159687610652e-03 -3.6578451059693434e-03 0.0000000000000000e+00  -1.1652856887328041e-02 3.5357025675881522e-03 0.0000000000000000e+00  -4.1078538436132932e-04 -2.5318988579802880e-04 0.0000000000000000e+00  6.8904528945739327e-02 1.1796990804230155e-02 0.0000000000000000e+00  -1.1838316888761923e-04 1.7629685647467439e-03 0.0000000000000000e+00  -1.0614050849714864e-04 1.2492459388018281e-03 0.0000000000000000e+00  -2.5614950733623787e-03 -4.1761248683716322e-03 0.0000000000000000e+00  -3.0017899531489410e-05 8.1888747899666766e-04 0.0000000000000000e+00  -1.9275379799522468e-04 -1.9428046013285829e-04 0.0000000000000000e+00  -1.7269570344103123e-04 -7.8117406330243281e-05 0.0000000000000000e+00  -4.7307085407431212e-02 7.1155009379322593e-04 0.0000000000000000e+00  2.2642597488016347e-03 4.5600870379958419e-04 0.0000000000000000e+00  -1.1898690798316139e-02 9.8383932150303754e-04 0.0000000000000000e+00  -4.9462854594187504e-04 -3.1158433232986274e-04 0.0000000000000000e+00  -9.3641978250023059e-02 1.1938796405816705e-03 0.0000000000000000e+00  -8.7468601849175224e-04 -4.7088770684973650e-05 0.0000000000000000e+00  -3.4076256451447289e-03 -3.0492055563835076e-03 0.0000000000000000e+00  -1.0708569158359299e-03 1.8698680389200406e-03 0.0000000000000000e+00  -1.8005356019193917e-03 2.2833688702020593e-03 0.0000000000000000e+00  -8.3012884059085784e-04 1.0639348828756826e-03 0.0000000000000000e+00  -8.7550998989811623e-05 2.1609428178057492e-03 0.0000000000000000e+00  -5.5006738482442483e-04 2.5340985689672768e-03 0.0000000000000000e+00  -4.4707411168104444e-05 -8.4254032211309206e-03 0.0000000000000000e+00  5.1340735984356962e-03 1.1092890140499337e-02 0.0000000000000000e+00  -2.4306113488839279e-02 -1.2260572391705206e-03 0.0000000000000000e+00  -1.7290404628323333e-02 5.3837249933383878e-04 0.0000000000000000e+00  -5.5822298530562066e-04 8.0278117339929681e-03 0.0000000000000000e+00  5.6505275565579367e-03 3.9016238608818167e-03 0.0000000000000000e+00  -1.7261859371508773e-02 1.1836422624954785e-02 0.0000000000000000e+00  -3.3009582907202522e-03 6.7409746522790791e-03 0.0000000000000000e+00  -2.9003225154854671e-02 2.1327617593352981e-03 0.0000000000000000e+00  1.7253357981762509e-03 -1.8092846001407407e-04 0.0000000000000000e+00  5.4969368430209087e-04 3.9297873433488161e-03 0.0000000000000000e+00  -6.1576690437305866e-04 2.0677387311699175e-03 0.0000000000000000e+00  -2.6374227160475324e-03 -1.3823578254896503e-04 0.0000000000000000e+00  -2.5298142887470950e-04 6.5397394805956329e-03 0.0000000000000000e+00  -4.9327393397566735e-03 -3.1850896798754887e-03 0.0000000000000000e+00  -3.4204056814540352e-03 -2.9125644511608976e-03 0.0000000000000000e+00  1.5699330175146619e-03 9.8222402361380825e-04 0.0000000000000000e+00  7.7481385692302924e-04 2.0411751771915910e-04 0.0000000000000000e+00  -7.9600435384064149e-03 1.8132722881997822e-02 0.0000000000000000e+00  -9.1167254038180268e-03 1.2388892522409187e-02 0.0000000000000000e+00  -1.5572814771655183e-02 1.3396929203027107e-02 0.0000000000000000e+00  1.8272272031904287e-04 -5.0684883254858903e-03 0.0000000000000000e+00  5.4239479097579301e-06 -5.7149377374179011e-04 0.0000000000000000e+00  2.7648492364233234e-04 -1.7497579719822241e-03 0.0000000000000000e+00  1.3834105923799596e-03 8.0417733394240448e-03 0.0000000000000000e+00  1.6902533200711196e-03 4.2585066548111884e-03 0.0000000000000000e+00  6.1269470742059595e-04 -6.4784326265704814e-03 0.0000000000000000e+00  -1.5407208984524023e-02 -2.9231436210306852e-03 0.0000000000000000e+00  -3.4395634257144763e-03 -1.2622623705177152e-02 0.0000000000000000e+00  -1.1506119305483532e-04 9.0321945130718544e-04 0.0000000000000000e+00  -5.4771689308043888e-04 4.6590234895452073e-03 0.0000000000000000e+00  -1.0984992070948735e-03 4.5804053001957798e-03 0.0000000000000000e+00  -1.8303556788509782e-04 4.5677647888392094e-03 0.0000000000000000e+00  -1.1312169202577643e-03 4.0960550829056237e-03 0.0000000000000000e+00  -3.3070614405274083e-02 -6.6830173615578211e-04 0.0000000000000000e+00  -2.5821634529948970e-03 -2.4350332996914466e-03 0.0000000000000000e+00  -1.5651540850473281e-04 4.1404236221286410e-03 0.0000000000000000e+00  -8.3590805097241998e-05 3.1560251751404163e-03 0.0000000000000000e+00  -1.1098246472709314e-04 3.6648753173210719e-03 0.0000000000000000e+00  -6.0144900042713532e-04 3.6231733089248583e-03 0.0000000000000000e+00  5.7313357605857874e-04 -3.2847317952332329e-03 0.0000000000000000e+00  1.2748290506706781e-04 -3.2974272165722882e-03 0.0000000000000000e+00  9.2305385865027842e-05 -2.8153375147999199e-03 0.0000000000000000e+00  5.0592034020224691e-02 8.2647115626275323e-03 0.0000000000000000e+00  -9.6955366513798858e-04 -9.3349206808735902e-03 0.0000000000000000e+00  -1.5196903853254712e-03 -6.3338525551329570e-03 0.0000000000000000e+00  -3.0557141937314193e-04 3.2949257319869474e-03 0.0000000000000000e+00  -1.8617114614239364e-03 -1.2873025690591237e-04 0.0000000000000000e+00  -1.8214466830253728e-03 -6.7845967671849590e-05 0.0000000000000000e+00  -6.7334687280616264e-05 -5.2974363109171215e-04 0.0000000000000000e+00  -2.5834699078484700e-05 -5.0537592926527244e-04 0.0000000000000000e+00  7.3793361481279841e-04 4.0088322691368894e-03 0.0000000000000000e+00  -2.0836501435483434e-02 1.8918600846599702e-03 0.0000000000000000e+00  -1.0045462638210744e-02 4.4712185716442638e-04 0.0000000000000000e+00  -7.3045234323702614e-03 -7.7653748478168040e-04 0.0000000000000000e+00  2.3174191369566164e-03 6.2411013596737428e-03 0.0000000000000000e+00  3.5897105263775378e-04 4.8511556564790622e-04 0.0000000000000000e+00  1.6044468575880746e-03 1.3694731176240191e-02 0.0000000000000000e+00  7.0646388421740230e-02 -6.3374612784837586e-03 0.0000000000000000e+00  -5.5014430278766500e-05 5.7299389513082583e-03 0.0000000000000000e+00  2.0766964108591582e-03 -1.2871830986143553e-03 0.0000000000000000e+00  -6.4781837843547836e-04 1.0351365258285531e-02 0.0000000000000000e+00  -1.8476442934829365e-04 8.9291359118277881e-03 0.0000000000000000e+00  2.1018402991724284e-04 9.8117514288973504e-03 0.0000000000000000e+00  3.0016618683369532e-03 3.6086854396232323e-03 0.0000000000000000e+00  3.3714884468137403e-03 2.0143647939588074e-03 0.0000000000000000e+00  1.4792490617107250e-03 2.8303418731225336e-03 0.0000000000000000e+00  1.7440713595882000e-03 3.7977042628450160e-03 0.0000000000000000e+00  8.7446209438070269e-04 5.0652714306532931e-03 0.0000000000000000e+00  1.9627166900163143e-03 4.9160855094776586e-03 0.0000000000000000e+00  -3.8438294608697293e-04 5.8057303642991614e-03 0.0000000000000000e+00  -4.3754249024808047e-03 4.4407141448111007e-03 0.0000000000000000e+00  3.1527628148928983e-03 -1.2140472768963468e-03 0.0000000000000000e+00  -2.1153430671169019e-03 1.3053387013539655e-04 0.0000000000000000e+00  3.5979554156973861e-03 -3.6305613307916198e-03 0.0000000000000000e+00  2.1190254413128808e-03 -4.2103237995635116e-04 0.0000000000000000e+00  2.1090163286508787e-03 -4.2631964511243557e-04 0.0000000000000000e+00  2.9526447040065723e-04 -8.2350380926455658e-04 0.0000000000000000e+00  1.4154987685313319e-03 6.7739017542876485e-03 0.0000000000000000e+00  -2.0937412586781723e-03 1.3361757163492312e-03 0.0000000000000000e+00  1.1586645952092428e-03 9.2693779060002788e-03 0.0000000000000000e+00  -9.9053523988018935e-04 1.9874243061507456e-03 0.0000000000000000e+00  7.8156853081882020e-05 2.7143129894772219e-04 0.0000000000000000e+00  -1.3997297612516552e-02 1.9331634234003028e-03 0.0000000000000000e+00  -8.3044708541860617e-03 5.3481544262241514e-03 0.0000000000000000e+00  5.6419076481807717e-02 -2.3116439395784181e-03 0.0000000000000000e+00  2.4291271561619299e-03 2.5000509083170069e-03 0.0000000000000000e+00  2.0209256278259976e-03 1.6453637930819132e-03 0.0000000000000000e+00  1.6268246068940030e-03 9.6839729775349706e-04 0.0000000000000000e+00  1.2218798264444536e-03 1.9852752712541835e-03 0.0000000000000000e+00  3.6762372235608567e-04 1.4423526772456262e-03 0.0000000000000000e+00  2.4612403225330811e-04 -4.0987021507628269e-04 0.0000000000000000e+00  9.9017152745735641e-04 6.1833652003793959e-03 0.0000000000000000e+00  3.3366163534485926e-03 -6.9546133222234182e-03 0.0000000000000000e+00  6.8064476838015651e-05 -1.5343428336864712e-03 0.0000000000000000e+00  -4.0528383061691035e-03 -2.4512167780383781e-03 0.0000000000000000e+00  1.9960247951228151e-03 3.5466224213291327e-03 0.0000000000000000e+00  -5.0775984756335379e-02 -1.0058725997532549e-05 0.0000000000000000e+00  -6.3893468451820467e-04 4.0984647796801612e-03 0.0000000000000000e+00  1.7519328610768130e-03 -1.0481217523329223e-02 0.0000000000000000e+00  1.1131317614737504e-03 -1.0693531634743412e-02 0.0000000000000000e+00  1.0955228848769014e-03 7.3066349939717853e-03 0.0000000000000000e+00  5.9916171681088470e-04 3.0272731394883397e-03 0.0000000000000000e+00  -3.5519348231899140e-04 5.4293163598804995e-04 0.0000000000000000e+00  1.9521499846391992e-02 8.1861473463193109e-04 0.0000000000000000e+00  2.3087614936119164e-02 3.4055226001634808e-03 0.0000000000000000e+00  -3.0066932410511846e-03 1.2508649697652797e-02 0.0000000000000000e+00  -1.0055586853075181e-03 9.6973018589947238e-04 0.0000000000000000e+00  -2.6801998502570135e-03 4.1564515902162260e-03 0.0000000000000000e+00  -3.9222990529561392e-03 -1.9230712037791593e-03 0.0000000000000000e+00  -1.7779139978750227e-03 -4.5966454064290568e-05 0.0000000000000000e+00  2.0767687280887718e-04 2.2046252009161479e-03 0.0000000000000000e+00  -6.4400665368271126e-03 -2.2077309815041772e-03 0.0000000000000000e+00  -5.3426624929968610e-03 -1.3348063806543837e-03 0.0000000000000000e+00  -6.6407499703073324e-03 3.9159004304826779e-04 0.0000000000000000e+00  -1.6918661932502764e-02 -5.8884702163056832e-03 0.0000000000000000e+00  -6.2468463530033561e-03 -6.8318520623274429e-03 0.0000000000000000e+00  -9.7745944306835064e-04 -4.1925585027523162e-03 0.0000000000000000e+00  1.9806737684175198e-03 -9.9085479446754622e-04 0.0000000000000000e+00  1.1021481430370181e-03 -2.8882881354177145e-03 0.0000000000000000e+00  -4.3857246241847322e-04 -1.0500761818569256e-03 0.0000000000000000e+00  -1.0101356135561977e-03 -2.9697994421616974e-03 0.0000000000000000e+00  1.2015586749788065e-03 5.4184899993618627e-03 0.0000000000000000e+00  -2.6164770012360580e-03 1.6957056612068601e-03 0.0000000000000000e+00  2.4025884816849391e-03 -6.3080959104961959e-04 0.0000000000000000e+00  2.8472251719666940e-03 -1.8054091783360341e-03 0.0000000000000000e+00  3.4052392021069861e-03 -1.2347342727485975e-03 0.0000000000000000e+00  -1.8980148814123562e-03 -1.3913931690857752e-03 0.0000000000000000e+00  5.0673172265870016e-02 9.1408674858950109e-04 0.0000000000000000e+00  -7.2940787454931041e-06 -1.9071452186454434e-03 0.0000000000000000e+00  7.4713275688949102e-03 -4.1108189118180599e-03 0.0000000000000000e+00  2.3993702107181732e-04 6.4435053490521418e-03 0.0000000000000000e+00  3.1573594835285657e-04 5.9661001586886206e-03 0.0000000000000000e+00  7.2019854248146808e-04 6.0383604580247947e-03 0.0000000000000000e+00  -2.1454994714277791e-03 -3.2947434887719393e-03 0.0000000000000000e+00  -2.0958595892003229e-03 -2.6887579698549780e-03 0.0000000000000000e+00  2.2651355653802006e-04 5.5244830140625551e-03 0.0000000000000000e+00  -1.9160088673844551e-03 3.0257570664901172e-03 0.0000000000000000e+00  6.6889178865573565e-02 1.3630923685736559e-02 0.0000000000000000e+00  3.8780890423935452e-03 1.0445850650292318e-02 0.0000000000000000e+00  1.6692160076768245e-03 2.9555705385708971e-05 0.0000000000000000e+00  -8.6583686252953969e-04 1.3584883316262064e-02 0.0000000000000000e+00  -2.4120922932530891e-03 8.9537717593710697e-05 0.0000000000000000e+00  3.7219200142073316e-03 2.5539589255569777e-03 0.0000000000000000e+00  2.3141850037606227e-03 -5.0541313364153321e-03 0.0000000000000000e+00  1.4252170104003092e-02 -1.7608836628383105e-02 0.0000000000000000e+00  -3.6783351850492636e-04 8.7722333492118454e-04 0.0000000000000000e+00  9.1016693890241390e-03 2.7830377273149909e-02 0.0000000000000000e+00  9.8236928152813595e-04 1.3416818465418099e-03 0.0000000000000000e+00  -1.6649056370361256e-03 -1.7066413278314387e-03 0.0000000000000000e+00  -2.3234815456079122e-03 -9.4711785418969752e-04 0.0000000000000000e+00  -8.6119280647767966e-04 -2.9273319844774824e-04 0.0000000000000000e+00  -1.7107736093761631e-03 -3.4746852707617061e-04 0.0000000000000000e+00  -1.4511444877390571e-04 2.4894006418080734e-03 0.0000000000000000e+00  -6.2200975756906182e-02 -3.0368045255191266e-03 0.0000000000000000e+00  3.6801932730820032e-03 -5.3150061210526945e-03 0.0000000000000000e+00  2.1984396974604786e-03 -2.5724906615152516e-03 0.0000000000000000e+00  -2.5087520285777320e-05 -5.4894240275654021e-04 0.0000000000000000e+00  -1.1466898360104503e-03 1.0278497213637606e-03 0.0000000000000000e+00  6.6325188163874702e-03 -4.3774640084624878e-03 0.0000000000000000e+00  4.9381269890187065e-03 -3.5630902181892788e-03 0.0000000000000000e+00  6.0160289725953277e-03 -1.8538055592003048e-03 0.0000000000000000e+00  1.8082221929180996e-03 -3.6053014733658978e-04 0.0000000000000000e+00  1.6756113680808495e-03 -1.2462633063500912e-03 0.0000000000000000e+00  4.2345248177771177e-03 4.2780691389863856e-03 0.0000000000000000e+00  -3.8562114722927966e-04 1.2526795629749514e-03 0.0000000000000000e+00  -1.9986918098120646e-03 -6.2734805776895981e-03 0.0000000000000000e+00  -3.9518201048091804e-03 -5.5124755439010485e-03 0.0000000000000000e+00  -2.5131951638471079e-03 -5.0968708523115155e-03 0.0000000000000000e+00  2.0736794085928799e-04 -6.4941117671950786e-04 0.0000000000000000e+00  4.4230311833392908e-03 -2.8264147172467986e-03 0.0000000000000000e+00  -2.7287844557836900e-03 6.3908358857396787e-03 0.0000000000000000e+00  3.0832761416059807e-03 5.7402119487042734e-03 0.0000000000000000e+00  2.4476099540229810e-02 -4.4220287898249742e-03 0.0000000000000000e+00  1.1926275119000429e-03 -3.3280556869589003e-03 0.0000000000000000e+00  -6.1381903931096429e-03 -5.9452857941701843e-03 0.0000000000000000e+00  -1.2716623533720231e-02 -3.1004501798407194e-03 0.0000000000000000e+00  3.3540317022504630e-05 6.0074357751931833e-04 0.0000000000000000e+00  3.0048408299341205e-03 -5.3351536949319117e-04 0.0000000000000000e+00  -1.5132993102198017e-03 -5.3635242559361132e-03 0.0000000000000000e+00  -2.1638364799997276e-03 -5.2121709573686248e-03 0.0000000000000000e+00  -1.3888896323032184e-03 -4.7902926316597564e-03 0.0000000000000000e+00  -1.0218443481210001e-02 1.0248695178279331e-02 0.0000000000000000e+00  -2.8801310251467616e-03 -4.6750939892905080e-05 0.0000000000000000e+00  -1.8812743128390520e-03 -4.3940006637705435e-04 0.0000000000000000e+00  -8.2872714384909943e-04 -5.6768440286828186e-04 0.0000000000000000e+00  1.4449159292780018e-04 -2.7127746183991234e-04 0.0000000000000000e+00  1.8577317070348810e-03 -2.9276218892531174e-03 0.0000000000000000e+00  1.8134461027676161e-04 7.1798322239044140e-04 0.0000000000000000e+00  1.9166883700038801e-03 5.6087952421062306e-03 0.0000000000000000e+00  6.7657149732147592e-02 -2.5751318245164137e-04 0.0000000000000000e+00  1.6236296740868605e-03 2.8685762553883917e-03 0.0000000000000000e+00  -7.5445707370113977e-03 5.1604566762555133e-03 0.0000000000000000e+00  -7.3138158723853961e-03 8.3429528116582222e-03 0.0000000000000000e+00  -5.3617102864642946e-03 6.0136522776605261e-03 0.0000000000000000e+00  1.6378007431084329e-03 -2.8801340379144900e-03 0.0000000000000000e+00  1.3925079949937420e-03 -2.4416561950782916e-03 0.0000000000000000e+00  -1.2977694770747623e-03 2.7649857498542132e-03 0.0000000000000000e+00  -8.9586875989696609e-06 -9.1611276309356664e-03 0.0000000000000000e+00  -1.5279095786532523e-04 3.0294961701160869e-04 0.0000000000000000e+00  3.1663033291914063e-02 2.8439373665883646e-03 0.0000000000000000e+00  6.0044747894875492e-03 -2.5356877659969148e-03 0.0000000000000000e+00  -1.6282163375826745e-03 -1.2824067148077295e-03 0.0000000000000000e+00  -1.2797284271978153e-03 -1.6405628727698318e-03 0.0000000000000000e+00  -6.0232000044303045e-03 1.8620706257001848e-03 0.0000000000000000e+00  -1.4261729849411034e-03 8.4093669731005567e-05 0.0000000000000000e+00  -1.8071373745923054e-03 -9.2387266423962954e-06 0.0000000000000000e+00  8.2753023368538955e-04 -1.3608415211470907e-05 0.0000000000000000e+00  -6.0456901643796057e-03 1.1137146165879627e-02 0.0000000000000000e+00  -4.3149499063483923e-04 -2.3053418414767260e-04 0.0000000000000000e+00  -3.8120720472451067e-04 -1.1151671457530011e-02 0.0000000000000000e+00  1.7981966618761201e-03 -2.0038848664888788e-05 0.0000000000000000e+00  2.2117515652642391e-03 1.9595900534469311e-03 0.0000000000000000e+00  -3.0517361549088186e-03 -3.0467925462348384e-04 0.0000000000000000e+00  2.5362346377122902e-03 -3.0062544796397002e-03 0.0000000000000000e+00  -1.6032219765594305e-03 -6.9423040484530522e-03 0.0000000000000000e+00  6.8902633958425115e-05 -5.8838196051983031e-03 0.0000000000000000e+00  7.7215436485074569e-03 1.8891816238272977e-02 0.0000000000000000e+00  -4.4574254847793565e-03 -7.0532002310018415e-04 0.0000000000000000e+00  -4.8566523753186229e-03 8.2546743729351019e-04 0.0000000000000000e+00  -9.7009727402963910e-04 -5.8705539764783102e-03 0.0000000000000000e+00  3.5112863526099158e-02 3.5160118601122708e-03 0.0000000000000000e+00  -1.9063036878740917e-03 -9.3346045611802340e-03 0.0000000000000000e+00  -1.1971413031766276e-03 -8.4356642960623784e-03 0.0000000000000000e+00  -1.8595730455453032e-03 -8.4744544788416011e-03 0.0000000000000000e+00  -6.0577686933241523e-03 3.3720565672344968e-03 0.0000000000000000e+00  -1.9486704035923559e-03 8.1906667649716998e-03 0.0000000000000000e+00  -3.3835545970846670e-04 -3.6256081785928408e-03 0.0000000000000000e+00  -2.3088243906100266e-04 -5.4541841642700871e-03 0.0000000000000000e+00  -3.2692896783463490e-04 -5.7423402554711766e-03 0.0000000000000000e+00  -1.6193358747384248e-04 8.0002343931427796e-04 0.0000000000000000e+00  -1.7371118976894362e-04 6.9931924772447191e-04 0.0000000000000000e+00  -2.4229902018149777e-04 8.9007407539948345e-04 0.0000000000000000e+00  2.0094060372425810e-03 -4.0223740543250197e-03 0.0000000000000000e+00  2.4068330605904790e-03 -4.0065152220439800e-03 0.0000000000000000e+00  -4.6276012670403897e-04 6.4873464926418047e-03 0.0000000000000000e+00  2.7126574164426237e-02 -8.1851452439304934e-03 0.0000000000000000e+00  4.3821178346946724e-02 -8.2091004326678343e-03 0.0000000000000000e+00  6.1761816978975793e-03 9.2872561092374923e-04 0.0000000000000000e+00  5.7908597052919088e-03 -1.8990769357705081e-04 0.0000000000000000e+00  9.9689111354303475e-04 1.0595704391004740e-02 0.0000000000000000e+00  4.6988162026886563e-04 1.0182474511656180e-02 0.0000000000000000e+00  -2.2802200435883747e-02 9.2724691030487156e-03 0.0000000000000000e+00  5.2421839896373921e-03 1.8520997567523024e-03 0.0000000000000000e+00  -1.1858981180156479e-02 7.6646779956693525e-03 0.0000000000000000e+00  2.0235456790592573e-04 -8.1541354498857767e-04 0.0000000000000000e+00  4.3340238406462379e-04 -8.3971321758352765e-04 0.0000000000000000e+00  4.3901015818308901e-04 -6.3499196583043321e-04 0.0000000000000000e+00  -8.0159554885830445e-02 -8.3041059448965612e-03 0.0000000000000000e+00  1.4964997507594145e-02 -2.0370850081311907e-03 0.0000000000000000e+00  -9.5959160963127298e-03 4.7466564620184614e-05 0.0000000000000000e+00  3.3333028839423052e-05 -1.1462082797966758e-03 0.0000000000000000e+00  9.7828490627811462e-05 -1.2276722030277781e-03 0.0000000000000000e+00  -2.2534358199727206e-03 4.4162043333345734e-03 0.0000000000000000e+00  -3.4952031185179811e-03 -4.3999387489227345e-03 0.0000000000000000e+00  8.2774845901647538e-03 -6.3444753419351057e-03 0.0000000000000000e+00  -1.4719774591191313e-03 2.0859821886668175e-03 0.0000000000000000e+00  -1.6640989703380327e-03 3.3385191170049719e-04 0.0000000000000000e+00  6.7253597002217225e-02 8.5677050876000849e-04 0.0000000000000000e+00  7.6661126042370457e-04 -5.8984472510872962e-03 0.0000000000000000e+00  -2.7065116578044203e-03 1.6106855133914626e-02 0.0000000000000000e+00  7.9130172353196243e-04 8.3954859271425687e-03 0.0000000000000000e+00  1.7916940489097716e-03 9.8332844870432333e-03 0.0000000000000000e+00  -3.4107736188725119e-06 -8.5323783138843215e-03 0.0000000000000000e+00  -1.6885726528281287e-03 -3.9363776605191849e-03 0.0000000000000000e+00  5.9180141502494267e-03 -6.4396973490064803e-03 0.0000000000000000e+00  4.2176822647306414e-03 -5.3474467619756064e-03 0.0000000000000000e+00  3.3917208316564381e-03 -6.6059467751591640e-03 0.0000000000000000e+00  1.8118180187388033e-07 -6.0224708233290337e-03 0.0000000000000000e+00  4.2308763936882752e-04 5.5966127048187044e-04 0.0000000000000000e+00  9.0385910557012339e-03 -2.2553667883423749e-03 0.0000000000000000e+00  2.8138553982785895e-04 1.0635526708075400e-02 0.0000000000000000e+00  1.4472793698003144e-03 4.6112738896193217e-03 0.0000000000000000e+00  3.3865303003625176e-04 -4.0369622862434541e-03 0.0000000000000000e+00  3.9905598437935640e-03 3.4766265382028981e-03 0.0000000000000000e+00  1.4432114615636614e-02 -2.6711519466756724e-03 0.0000000000000000e+00  -8.0889146371070910e-04 6.5191389562926855e-03 0.0000000000000000e+00  -1.1777929687417325e-04 5.8012948544203472e-03 0.0000000000000000e+00  -3.3052095089397292e-02 6.2933091227715464e-04 0.0000000000000000e+00  -4.9775211249980918e-05 -7.4944279515709231e-04 0.0000000000000000e+00  -1.6956775375061256e-03 -7.0294250705987886e-05 0.0000000000000000e+00  9.4852506255130743e-03 -1.7039031837733508e-03 0.0000000000000000e+00  -3.8836722728502878e-03 1.9555053418404737e-02 0.0000000000000000e+00  -6.2822338405235309e-03 -5.6706500799399446e-03 0.0000000000000000e+00  -3.1875732915088214e-03 -1.0510183433834565e-02 0.0000000000000000e+00  4.8728139840091715e-02 3.7460788036829994e-03 0.0000000000000000e+00  4.0016808628006665e-03 1.5678620327275782e-03 0.0000000000000000e+00  4.1601186416106214e-03 1.1971614362553827e-03 0.0000000000000000e+00  5.5987865891852038e-03 1.5860508726713229e-03 0.0000000000000000e+00  1.1947617921091763e-03 -1.2040470356101986e-03 0.0000000000000000e+00  -9.2029310874897872e-03 5.5225051902584154e-03 0.0000000000000000e+00  -7.2314023788739952e-03 3.5906345671429568e-03 0.0000000000000000e+00  -6.7475904695666394e-03 5.4709246088939165e-03 0.0000000000000000e+00  1.8170533428848810e-03 -4.4895245609518099e-05 0.0000000000000000e+00  1.8839536361241610e-02 -1.8755396604363290e-03 0.0000000000000000e+00  4.5360531929431765e-04 7.4594836660996371e-04 0.0000000000000000e+00  -3.8837719859874456e-02 1.1375077833029521e-03 0.0000000000000000e+00  -4.0677426609472545e-03 8.9214191359213661e-03 0.0000000000000000e+00  2.8851341050334972e-03 2.9219203037818835e-03 0.0000000000000000e+00  2.6811460944879237e-03 -3.8228503950459647e-03 0.0000000000000000e+00  1.0000000001317476e-01 0.0000000000000000e+00 0.0000000000000000e+00  -4.4887198874342133e-04 2.5682276463727773e-04 0.0000000000000000e+00  -2.5230294899013374e-03 -7.6295704579439115e-03 0.0000000000000000e+00  2.8568322951074308e-03 7.1061106885009532e-04 0.0000000000000000e+00  -1.0000000001317476e-01 0.0000000000000000e+00 0.0000000000000000e+00  -4.1989831310564316e-02 6.4098862302974194e-04 0.0000000000000000e+00  -5.2425053734915017e-02 -7.4383440819623808e-03 0.0000000000000000e+00  -3.1289763223229849e-02 -7.6782087163036741e-03 0.0000000000000000e+00  -1.7126409546916030e-03 -6.7009475187212780e-04 0.0000000000000000e+00  -3.9244961914124497e-03 2.9944350543470262e-03 0.0000000000000000e+00  -5.6284076142099453e-03 2.3202528873199034e-03 0.0000000000000000e+00  -4.7148335050539707e-03 4.3525871845195340e-03 0.0000000000000000e+00  2.8525390824826025e-04 6.6679613180302270e-04 0.0000000000000000e+00  1.0323146212596196e-04 5.1164852353614506e-04 0.0000000000000000e+00  4.6796991945190188e-03 2.4484044845391991e-03 0.0000000000000000e+00  -5.8319248966030336e-03 4.7658817045855284e-03 0.0000000000000000e+00  -9.1750695703969305e-04 6.1341896855101989e-03 0.0000000000000000e+00  1.6516289913179642e-04 3.7598545460298439e-04 0.0000000000000000e+00  -1.8733104570989565e-02 4.7899900670927933e-02 0.0000000000000000e+00  3.8199494824820156e-04 1.1811006737124831e-02 0.0000000000000000e+00  1.7706735649240934e-03 1.4267884591862202e-04 0.0000000000000000e+00  1.6567021847895176e-03 9.2808470633215935e-05 0.0000000000000000e+00  1.6182309010995548e-03 3.1829034196196817e-04 0.0000000000000000e+00  3.8649957066867330e-02 -2.5379179130094048e-03 0.0000000000000000e+00  1.7839418320275289e-03 -2.7491020430491048e-05 0.0000000000000000e+00  2.1483679687413948e-03 9.5223053870636207e-03 0.0000000000000000e+00  -1.0276594341957102e-03 -4.6787643924755184e-03 0.0000000000000000e+00  -7.5809957361603732e-03 -6.2907059776874392e-04 0.0000000000000000e+00  -1.0806849158257994e-02 4.1032271503242912e-04 0.0000000000000000e+00  4.5986341483913627e-04 -4.9306881316370970e-03 0.0000000000000000e+00  -1.4093703712896107e-03 1.8603045109409146e-05 0.0000000000000000e+00  5.7115535727946106e-04 -9.3248484749697009e-03 0.0000000000000000e+00  1.8856770199635849e-03 -2.2543054191478170e-03 0.0000000000000000e+00  -4.8726082600629621e-03 -4.7434267566621733e-03 0.0000000000000000e+00  -3.1847612642051837e-03 -5.3187687763850341e-03 0.0000000000000000e+00  -4.4157147709297387e-03 -6.1485860906295058e-03 0.0000000000000000e+00  -1.5647103787003317e-03 4.6996363091551287e-03 0.0000000000000000e+00  1.9780215785969667e-03 -2.8368280475147192e-03 0.0000000000000000e+00  1.9072773568080587e-04 -5.9029623271562876e-03 0.0000000000000000e+00  4.3244960166574836e-02 -4.7791147248781929e-04 0.0000000000000000e+00  -1.0000000001317476e-01 0.0000000000000000e+00 0.0000000000000000e+00  -4.3350965420823631e-02 -1.1884779785419866e-02 0.0000000000000000e+00  1.1329851915464590e-03 3.0034514515055425e-03 0.0000000000000000e+00  6.9651984937923166e-03 -1.8709847369375806e-03 0.0000000000000000e+00  2.3004215701975087e-02 -1.0688321651671349e-02 0.0000000000000000e+00  -6.8243084680464554e-04 -6.5471689676697784e-03 0.0000000000000000e+00  6.7500475238714249e-04 -1.0425499741318523e-03 0.0000000000000000e+00  1.1116854010698382e-03 -1.0638807112725252e-03 0.0000000000000000e+00  1.5629823724101477e-03 -1.8257778681256354e-03 0.0000000000000000e+00  8.8519813160685076e-04 4.2423704842722842e-04 0.0000000000000000e+00  -2.6390808290353458e-03 3.1073152868127661e-03 0.0000000000000000e+00  -1.6582847799471567e-03 3.0693411268915612e-03 0.0000000000000000e+00  3.1975888938985154e-03 -7.9751286021032541e-03 0.0000000000000000e+00  4.4230105489024719e-03 -9.5532805907048331e-03 0.0000000000000000e+00  2.0123581296797883e-03 -9.1568877775440993e-03 0.0000000000000000e+00  1.3641204070140383e-03 -6.1364879810799069e-03 0.0000000000000000e+00  1.0514479388208928e-03 -4.4133761255047838e-03 0.0000000000000000e+00  2.1801571808018521e-03 -3.3707151147833883e-03 0.0000000000000000e+00  -5.6268050637820041e-04 2.9793337630359402e-03 0.0000000000000000e+00  6.8046171190484621e-04 -7.0534374374470497e-05 0.0000000000000000e+00  3.2923620622439238e-04 5.7551373600254650e-04 0.0000000000000000e+00  1.6064272404499047e-03 -1.4386186032084864e-04 0.0000000000000000e+00  -1.8894303336177743e-02 -8.2729331625808044e-03 0.0000000000000000e+00  -2.1356701398536938e-03 -9.7223896258396062e-04 0.0000000000000000e+00  -1.3707344102277264e-04 6.0262289628019614e-04 0.0000000000000000e+00  -3.2194118486481599e-02 -1.2478239469476527e-02 0.0000000000000000e+00  -4.3740942928002839e-04 -8.4034044772844782e-04 0.0000000000000000e+00  1.3338679451681122e-04 -1.4706150785394703e-04 0.0000000000000000e+00  -3.7794747816144612e-03 3.9950912319936509e-03 0.0000000000000000e+00  1.0802236021002487e-04 -4.9705490306516228e-04 0.0000000000000000e+00  -5.9798428191862221e-04 -6.5636919104470840e-03 0.0000000000000000e+00  -3.4638975483470545e-03 2.9480034421906437e-03 0.0000000000000000e+00  -2.7085897805570247e-02 5.1705857411168763e-03 0.0000000000000000e+00  -1.6785134181087186e-03 -2.0792483709665123e-04 0.0000000000000000e+00  1.5755753057062577e-03 1.0288916702839435e-02 0.0000000000000000e+00  -3.2398431889513689e-03 -4.5672912304749970e-03 0.0000000000000000e+00  -2.5123485705158610e-02 6.0617680142734465e-03 0.0000000000000000e+00  -1.0456263159624160e-02 -7.7510141785120988e-03 0.0000000000000000e+00  -1.4048897937069351e-04 1.6314376548471097e-04 0.0000000000000000e+00  2.7640154901467515e-02 -7.4511896970649912e-03 0.0000000000000000e+00  -1.7312874355794015e-02 -9.8838821629062927e-03 0.0000000000000000e+00  -1.0499961925167830e-03 1.8864751104996446e-04 0.0000000000000000e+00  1.2634516353661638e-02 -1.2001258355642118e-03 0.0000000000000000e+00  8.3013716616900341e-05 1.6559153103148241e-04 0.0000000000000000e+00  -4.1603238090262042e-04 8.8074201964840509e-04 0.0000000000000000e+00  2.8473501688342341e-04 -4.7954194855931697e-04 0.0000000000000000e+00  2.6128986944627670e-03 2.6180779863202685e-04 0.0000000000000000e+00  3.5611771643176047e-03 1.4939939919679605e-04 0.0000000000000000e+00  2.9909117924812219e-03 -5.6520000246258089e-04 0.0000000000000000e+00  -8.3605549166782640e-04 -1.8136275939039681e-03 0.0000000000000000e+00  -1.4926176062110984e-03 -2.1194368742184552e-03 0.0000000000000000e+00  -9.1075879171822398e-04 -2.7386741929665822e-04 0.0000000000000000e+00  -3.5672721872655848e-03 -4.5980120707518586e-03 0.0000000000000000e+00  3.4533760063882929e-04 1.7077699793958488e-03 0.0000000000000000e+00  -2.9197352579751531e-03 1.0377027453476401e-03 0.0000000000000000e+00  7.4533898592263001e-04 -5.3520019980823098e-03 0.0000000000000000e+00  -1.0372720051669568e-03 -4.9657020871959033e-04 0.0000000000000000e+00  -1.1135871908762379e-03 -6.8343721578933015e-04 0.0000000000000000e+00  1.0051522977707603e-02 1.0787103502249012e-03 0.0000000000000000e+00  -1.4565656493086214e-03 -8.4266424083711915e-04 0.0000000000000000e+00  6.5960131505907833e-04 6.6126570577792354e-05 0.0000000000000000e+00  1.0434895440739806e-03 -2.7744120803989388e-03 0.0000000000000000e+00  5.0266569697009437e-03 -1.0797256767002921e-03 0.0000000000000000e+00  3.5297889781605854e-03 1.2027168731781310e-02 0.0000000000000000e+00  4.7838712043195027e-05 1.5796991211316609e-03 0.0000000000000000e+00  8.5941847538434840e-02 -6.3853656432270238e-04 0.0000000000000000e+00  -8.5323938408983762e-03 2.6588371118572659e-03 0.0000000000000000e+00  -5.9145164580117588e-04 5.5608896928444551e-04 0.0000000000000000e+00  1.1477543225011060e-01 1.8646556084126130e-03 0.0000000000000000e+00  1.1585931830642441e-04 8.6549272220081265e-04 0.0000000000000000e+00  3.1285481808971007e-04 9.2279080270765267e-04 0.0000000000000000e+00  1.4753753098253455e-04 1.0052976406859156e-03 0.0000000000000000e+00  3.1868199906387173e-02 -6.2494296516300504e-04 0.0000000000000000e+00  -3.6769821424732438e-03 -5.4481090137170817e-03 0.0000000000000000e+00  2.4081338492027062e-03 6.4493656802019222e-04 0.0000000000000000e+00  2.8259268003175773e-03 1.3766905430977105e-03 0.0000000000000000e+00  -3.5806983733136524e-02 1.2226201399755566e-02 0.0000000000000000e+00  3.1417883401555047e-02 -2.4556572091298013e-02 0.0000000000000000e+00  -6.7020597110160364e-04 -6.0515966905698773e-04 0.0000000000000000e+00  -6.7220027512619306e-04 -8.4046993337154199e-04 0.0000000000000000e+00  -4.9341322847087888e-04 -6.6404998212134486e-04 0.0000000000000000e+00  -5.1900722986909280e-02 1.5880808306069347e-02 0.0000000000000000e+00  -5.8642608714083923e-02 -9.5272286635183397e-03 0.0000000000000000e+00  2.9063219402230599e-03 -3.0501945099959517e-03 0.0000000000000000e+00  9.1135158608723801e-04 4.8853719925796308e-03 0.0000000000000000e+00  1.0881338858220286e-03 9.8295240836108154e-03 0.0000000000000000e+00  1.4882036034780381e-02 -8.3809962809333997e-03 0.0000000000000000e+00  1.1001488936394764e-02 -7.8745253294214730e-03 0.0000000000000000e+00  1.0321758891122780e-02 -1.0443928172072608e-02 0.0000000000000000e+00  1.1925285420926740e-02 -1.2446598323905147e-02 0.0000000000000000e+00  1.3885659535630428e-03 -8.3875248236508593e-04 0.0000000000000000e+00  2.8695990051552879e-05 6.6099683268390583e-04 0.0000000000000000e+00  -1.3098302181273037e-03 3.2538500897147420e-04 0.0000000000000000e+00  2.5428028697453703e-05 -2.5784288662875277e-04 0.0000000000000000e+00  1.1254057828860395e-04 -3.4266108922822552e-04 0.0000000000000000e+00  -3.9764442426441597e-04 3.1861797250938182e-04 0.0000000000000000e+00  -1.8248246040390194e-03 2.2107419870457298e-04 0.0000000000000000e+00  -3.5394118864019776e-05 -8.9534501999343136e-04 0.0000000000000000e+00  -1.9726805046288808e-04 -9.1945259995375700e-04 0.0000000000000000e+00  -1.6820480148104254e-04 -7.3993774974412993e-04 0.0000000000000000e+00  2.7400775260455383e-03 -4.8099981669546942e-03 0.0000000000000000e+00  1.7605419355042871e-03 -4.2114648425639117e-03 0.0000000000000000e+00  3.9268710449041552e-03 1.0851965391436983e-02 0.0000000000000000e+00  -2.8594304286272821e-03 -1.2354499516674074e-03 0.0000000000000000e+00  -1.6119282825284408e-03 3.5692461678497171e-03 0.0000000000000000e+00  -9.8239045275623125e-04 3.5530617011267380e-03 0.0000000000000000e+00  -1.4464764557543862e-03 1.2726694182416502e-03 0.0000000000000000e+00  6.2327377120979311e-04 6.3759094235291171e-03 0.0000000000000000e+00  -2.6455644893269577e-02 -1.7169145349409793e-02 0.0000000000000000e+00  -8.0609635709327304e-02 -3.1686934518559092e-03 0.0000000000000000e+00  1.8423582189666394e-03 1.7477704312059214e-05 0.0000000000000000e+00  1.2462747196131090e-02 -4.6773046452179877e-03 0.0000000000000000e+00  1.2716941395195641e-02 -1.6593232766183605e-03 0.0000000000000000e+00  1.5365944931514242e-02 -1.9620569878245116e-03 0.0000000000000000e+00  -7.0010080854959276e-03 1.5897082849512204e-03 0.0000000000000000e+00  -1.7624307747422286e-03 -4.3914811605603343e-04 0.0000000000000000e+00  -9.3643341220881480e-04 1.5011975953011499e-03 0.0000000000000000e+00  -1.2389198595185943e-03 1.2763180608943486e-03 0.0000000000000000e+00  -7.6224721201561521e-04 1.1463074599233089e-03 0.0000000000000000e+00  3.3164108032620429e-03 -4.0533121300678791e-03 0.0000000000000000e+00  8.9044447507004108e-03 3.8668311302750224e-03 0.0000000000000000e+00  5.2111501343691212e-04 6.6203743232183152e-04 0.0000000000000000e+00  -9.4263982256050406e-03 4.7780273263067601e-03 0.0000000000000000e+00  6.7845362843490364e-03 -4.7689511957009151e-03 0.0000000000000000e+00  -5.1583666827912126e-04 -1.4538600624904099e-03 0.0000000000000000e+00  -1.2837134939887158e-02 1.7209038223409911e-03 0.0000000000000000e+00  -2.6642968351328613e-03 -3.3661386646240805e-03 0.0000000000000000e+00  -1.4422380752283168e-03 5.2443244294558616e-04 0.0000000000000000e+00  3.3500208570522622e-04 1.7316034388495234e-04 0.0000000000000000e+00  1.7161426035426047e-03 -5.8012124785114648e-05 0.0000000000000000e+00  -3.6319006418116737e-03 -2.4070456651103649e-04 0.0000000000000000e+00  1.5516879480972572e-02 1.1909137130346244e-02 0.0000000000000000e+00  2.6936095693715585e-02 1.0376167439205485e-02 0.0000000000000000e+00  2.7497025482415702e-02 5.1193070567847002e-03 0.0000000000000000e+00  3.3029328354703236e-02 1.5490214909088520e-02 0.0000000000000000e+00  2.3409747931946768e-02 2.0137822874400257e-02 0.0000000000000000e+00  1.7964201276983453e-03 -2.3890849707542299e-06 0.0000000000000000e+00  2.3277211534140285e-03 -1.8300232778989710e-03 0.0000000000000000e+00  -2.2701761342828384e-03 -3.4123624263624836e-04 0.0000000000000000e+00  1.6158747708571169e-03 1.7401811462695062e-03 0.0000000000000000e+00  5.5013735599886474e-04 8.8750393113578630e-04 0.0000000000000000e+00  3.6585149264094290e-04 -2.3700444125874788e-04 0.0000000000000000e+00  -1.2868214441593456e-02 -1.9011945149922840e-03 0.0000000000000000e+00  -1.0928493633869978e-02 -2.5401514059014457e-03 0.0000000000000000e+00  -1.0539299845932082e-02 -4.0862797944174129e-03 0.0000000000000000e+00  3.4010374654733508e-03 1.6272205716010809e-03 0.0000000000000000e+00  -1.5489342713269710e-04 -1.3924773629729503e-04 0.0000000000000000e+00  -6.3343956798476812e-04 -1.4882510704450528e-04 0.0000000000000000e+00  1.2798370652213457e-03 1.0759597556628163e-05 0.0000000000000000e+00  -2.8963358890368700e-03 5.5309434450729464e-03 0.0000000000000000e+00  5.0609443215257189e-05 7.7918520585048079e-03 0.0000000000000000e+00  -4.6663118412373699e-04 2.3193161623043883e-03 0.0000000000000000e+00  -9.4913123040104186e-04 2.9074021727934166e-03 0.0000000000000000e+00  7.1362448956597397e-04 3.4820581180789042e-04 0.0000000000000000e+00  -1.5012938682887982e-03 1.6350299868906175e-03 0.0000000000000000e+00  1.7403156799295758e-03 -2.5005197869773304e-04 0.0000000000000000e+00  4.0548665314094474e-04 -2.3076654277412734e-03 0.0000000000000000e+00  3.8365406279182695e-04 1.0975682383054432e-04 0.0000000000000000e+00  1.5729537362360517e-03 1.5653829922771198e-04 0.0000000000000000e+00  -5.7146017120946703e-03 8.6222293628627940e-03 0.0000000000000000e+00  -5.2334005664649366e-03 7.0234007344499201e-03 0.0000000000000000e+00  -3.0936140068525274e-03 9.0536309065750355e-03 0.0000000000000000e+00  -2.4627545245918542e-04 -7.6879849751387358e-05 0.0000000000000000e+00  1.6118371079822992e-03 6.3755500134740097e-04 0.0000000000000000e+00  1.0808969063565612e-03 5.2126128547075714e-04 0.0000000000000000e+00  1.6013492793270818e-03 1.2794089105841835e-03 0.0000000000000000e+00  -3.6730232571301018e-04 -6.2407736462400277e-04 0.0000000000000000e+00  -1.6149892717330448e-02 6.0155927326301165e-03 0.0000000000000000e+00  -4.8322254207832716e-04 -6.0889444034847428e-03 0.0000000000000000e+00  3.8380454178123474e-04 -1.5816915213343042e-03 0.0000000000000000e+00  4.2849700367252047e-04 -1.1789501273587460e-03 0.0000000000000000e+00  -6.4447764911872369e-04 5.5420409030436477e-04 0.0000000000000000e+00  -3.8280385502355825e-03 8.3434864627459032e-04 0.0000000000000000e+00  6.3580878660877860e-02 5.1826251710835158e-02 0.0000000000000000e+00  2.9636003400969496e-03 -2.8472639807538705e-03 0.0000000000000000e+00  -3.9471530037661177e-03 -1.6994647417125884e-03 0.0000000000000000e+00  -3.2150995949246741e-03 -2.3514785628526210e-03 0.0000000000000000e+00  -2.2443264125093722e-03 3.8335044225431586e-03 0.0000000000000000e+00  -1.3319750391109855e-03 -2.1347544714260583e-03 0.0000000000000000e+00  -1.6523836198150163e-03 4.1782516995164665e-03 0.0000000000000000e+00  -2.1936167191091236e-03 -4.3021925503007553e-03 0.0000000000000000e+00  2.4014781489150368e-03 -6.1157490762722908e-03 0.0000000000000000e+00  -4.6646053717930274e-03 2.7199434371231110e-03 0.0000000000000000e+00  1.1157277734219876e-03 -5.0935782747085789e-04 0.0000000000000000e+00  1.7863355115618677e-03 -1.8832845817508555e-04 0.0000000000000000e+00  4.3926930866452921e-03 1.1322709935677565e-02 0.0000000000000000e+00  -3.6536413602429371e-03 -6.1280886258816515e-03 0.0000000000000000e+00  -3.8698053723015217e-04 1.4967674670317628e-03 0.0000000000000000e+00  5.1675177432920587e-04 -7.9041482190072800e-05 0.0000000000000000e+00  -5.2201993178079052e-04 1.5974831464428572e-03 0.0000000000000000e+00  5.5133271418045802e-04 -2.1980687535623111e-02 0.0000000000000000e+00  -2.5796973051401394e-03 1.8585348891103210e-03 0.0000000000000000e+00  1.8202348520329535e-03 2.8059894671582631e-03 0.0000000000000000e+00  1.0026426908659705e-03 -1.8210787936384306e-04 0.0000000000000000e+00  5.8229832393348038e-04 -2.0975684117649981e-03 0.0000000000000000e+00  1.7327958692611679e-03 -1.8610584116362937e-03 0.0000000000000000e+00  -2.8315575289785790e-03 -1.1040838863314315e-03 0.0000000000000000e+00  2.4988439650004933e-03 -7.3468953300143240e-03 0.0000000000000000e+00  -5.3706422850992384e-02 8.4245452619472003e-04 0.0000000000000000e+00  -2.4567675077526736e-03 -3.4990262837103882e-03 0.0000000000000000e+00  -1.3779784282241128e-02 -9.0685115000414720e-04 0.0000000000000000e+00  1.8979989590208711e-02 -9.2689771745859614e-03 0.0000000000000000e+00  1.5940965849907014e-02 -1.2265383930739103e-02 0.0000000000000000e+00  -1.2219469323352408e-02 -2.8276221582954281e-03 0.0000000000000000e+00  4.3900646568687312e-03 2.9027403908203457e-03 0.0000000000000000e+00  -1.8451896107905947e-03 -1.7978704442995208e-05 0.0000000000000000e+00  1.3212216530809431e-04 -2.4568939495017825e-04 0.0000000000000000e+00  4.8032447319695942e-03 4.2577352354374260e-03 0.0000000000000000e+00  1.4269273270207650e-03 1.5632295341211140e-02 0.0000000000000000e+00  -2.0549526573023016e-03 -4.2371896159871152e-03 0.0000000000000000e+00  -1.0166608349480191e-03 -5.1344859192427638e-03 0.0000000000000000e+00  -2.0332840461740518e-03 -5.2277407188928730e-03 0.0000000000000000e+00  1.3254125726882607e-03 -6.9612071833098487e-03 0.0000000000000000e+00  -2.4454471194471261e-03 6.0920152104841840e-03 0.0000000000000000e+00  -1.5430704692650328e-04 2.9502019502216677e-04 0.0000000000000000e+00  -3.3687953435824217e-04 -2.1994905529423730e-03 0.0000000000000000e+00  -1.7339944758840780e-03 1.1433729135975235e-05 0.0000000000000000e+00  6.3140580871810738e-04 3.8995109631904971e-03 0.0000000000000000e+00  2.8765543142123391e-04 -1.9863506094071307e-03 0.0000000000000000e+00  5.6746193056218192e-03 -7.7274718027780199e-03 0.0000000000000000e+00  6.6078992041152722e-04 -6.4052813940510761e-03 0.0000000000000000e+00  1.3607946703006653e-03 1.3090629619969094e-04 0.0000000000000000e+00  1.2194639772634975e-02 -5.9836102846373522e-03 0.0000000000000000e+00  1.0416901213017448e-02 -1.1102220888404466e-02 0.0000000000000000e+00  -2.6926428803366216e-03 -1.3896392166473108e-03 0.0000000000000000e+00  2.2103743512652649e-03 1.9756253620850073e-03 0.0000000000000000e+00  2.6741643458307565e-03 2.4899201023154734e-03 0.0000000000000000e+00  2.1262214661791068e-03 2.6153577688753011e-03 0.0000000000000000e+00  2.2822393746305416e-03 1.3802406802618137e-03 0.0000000000000000e+00  -1.4008586471019476e-03 5.4556341969255870e-04 0.0000000000000000e+00  1.8907536233756133e-03 -8.3498435926199072e-03 0.0000000000000000e+00  2.3994668097635260e-03 1.5511441087102027e-03 0.0000000000000000e+00  -5.2006768802849044e-04 -4.0614377658994951e-03 0.0000000000000000e+00  -9.4004053337619733e-04 3.7015942384403969e-05 0.0000000000000000e+00  1.3898790261694571e-03 4.6211005234048926e-04 0.0000000000000000e+00  1.2113413601321787e-03 2.7545232336529405e-04 0.0000000000000000e+00  1.1411283331078286e-03 4.7504818937111948e-04 0.0000000000000000e+00  -4.3586689733588757e-03 -9.2876330756264027e-03 0.0000000000000000e+00  -7.9869557201323890e-05 -3.0292414616978642e-03 0.0000000000000000e+00  1.0345545015827285e-02 7.3841820072983056e-04 0.0000000000000000e+00  -4.7372153910424835e-03 -3.5856224868642040e-03 0.0000000000000000e+00  8.1534662141414475e-05 8.6873477786604788e-05 0.0000000000000000e+00  -7.4774468892851805e-05 -7.4750641123999905e-05 0.0000000000000000e+00  5.5517927517026878e-03 -7.2520406774088777e-03 0.0000000000000000e+00  -4.4248642032377848e-02 -6.6187898163215186e-02 0.0000000000000000e+00  -3.4611775114561094e-02 -2.5494945623699597e-02 0.0000000000000000e+00  -2.1547436148565201e-03 7.6025416071048412e-04 0.0000000000000000e+00  -1.7911858340927587e-03 1.2028825462477421e-03 0.0000000000000000e+00  -1.8322444654611796e-03 7.6537306398090257e-04 0.0000000000000000e+00  2.3265892162711958e-02 -3.4259308278222962e-03 0.0000000000000000e+00  -3.0125108266527293e-03 7.6749131366400962e-03 0.0000000000000000e+00  2.0859507780699466e-03 -3.2245985519088463e-03 0.0000000000000000e+00  1.5244193000781656e-03 -3.8483282664748698e-03 0.0000000000000000e+00  6.3493525788121410e-04 -8.3488388357564833e-04 0.0000000000000000e+00  1.0917881532739602e-03 5.4492737253342563e-03 0.0000000000000000e+00  7.7006009391078890e-04 -4.9563157904755520e-04 0.0000000000000000e+00  2.4196861293049478e-04 -1.2019439731083424e-04 0.0000000000000000e+00  -6.5084413814928015e-06 -5.6730230547487174e-04 0.0000000000000000e+00  1.8798753706340513e-03 -2.2290651102817799e-03 0.0000000000000000e+00  -1.7192769228719387e-02 -3.4423259143283078e-02 0.0000000000000000e+00  -7.5645821186982303e-03 8.3923849025302356e-03 0.0000000000000000e+00  3.5797355888144556e-03 -7.2936976568949638e-03 0.0000000000000000e+00  2.2641457983452379e-02 1.0820544853355107e-02 0.0000000000000000e+00  9.1816823238272073e-04 1.2731190508380554e-03 0.0000000000000000e+00  -1.4028829600424101e-02 2.8011293318182414e-02 0.0000000000000000e+00  -1.6228550094345737e-04 5.5729081436865363e-03 0.0000000000000000e+00  8.8032192754785039e-03 2.0937252909349394e-02 0.0000000000000000e+00  1.5527384880990527e-02 2.1817582004949210e-02 0.0000000000000000e+00  9.5921405158862442e-03 1.6782199528582918e-02 0.0000000000000000e+00  -2.5317032142173079e-02 7.2865316400235400e-03 0.0000000000000000e+00  -1.8224839288094165e-04 1.4039549955351384e-04 0.0000000000000000e+00  -1.3576151284901707e-03 -3.5814059562491942e-03 0.0000000000000000e+00  4.9010071227702703e-03 5.1054200920040650e-04 0.0000000000000000e+00  1.3495272109980772e-03 -1.9043300909812203e-03 0.0000000000000000e+00  7.1160625258161127e-04 1.6779113288334980e-03 0.0000000000000000e+00  6.6862283323903117e-04 1.3291598133980955e-03 0.0000000000000000e+00  1.7166059878559838e-03 -5.5311746644805294e-03 0.0000000000000000e+00  2.0053659279157415e-03 -6.2934817226701772e-03 0.0000000000000000e+00  -1.1044335202969033e-02 1.0392375005612672e-02 0.0000000000000000e+00  -1.2015233957182617e-03 8.2834387935170704e-07 0.0000000000000000e+00  -2.4245120280704142e-03 5.4934395683725211e-03 0.0000000000000000e+00  1.5662258454865504e-04 -6.1831708639727380e-03 0.0000000000000000e+00  1.9937526554499892e-04 -6.1922033545274988e-03 0.0000000000000000e+00  1.5311952062767014e-03 -3.3456936157693636e-04 0.0000000000000000e+00  3.7451639756239793e-03 3.2823074466871924e-03 0.0000000000000000e+00  3.1105765839711422e-03 3.5923230615087626e-03 0.0000000000000000e+00  -1.2363469949838737e-03 -1.1226677099600586e-02 0.0000000000000000e+00  -3.2947357010873111e-02 1.7938099527518227e-03 0.0000000000000000e+00  -6.2510632160818523e-04 -1.7308887581286743e-02 0.0000000000000000e+00  1.0455458937634631e-03 1.5523708262967040e-03 0.0000000000000000e+00  -3.0967748227560344e-03 1.9144390110901798e-03 0.0000000000000000e+00  -9.7859252794068783e-04 -1.1697960882230446e-03 0.0000000000000000e+00  -7.8909226930023589e-04 -3.6036896058465099e-03 0.0000000000000000e+00  -2.6027589877391515e-03 -5.3477238050918827e-04 0.0000000000000000e+00  1.8910853893038336e-03 -4.3637759595316897e-04 0.0000000000000000e+00  3.5186126601628644e-03 5.9852865473920239e-04 0.0000000000000000e+00  3.8802712616344726e-03 -2.1022441472639194e-04 0.0000000000000000e+00  2.6681786770111991e-03 1.2413804335182447e-04 0.0000000000000000e+00  -4.1121001798146116e-03 -7.9837559653641137e-03 0.0000000000000000e+00  1.2457153957221225e-03 -1.5511257245830873e-03 0.0000000000000000e+00  2.4631404819002345e-03 1.0059718250791589e-03 0.0000000000000000e+00  1.7197180064815877e-03 -1.0432820014411120e-04 0.0000000000000000e+00  -1.2905169253704198e-03 1.0737729221114432e-02 0.0000000000000000e+00  -2.9496252129961316e-03 -2.0088665846965258e-03 0.0000000000000000e+00  -1.1553080953961266e-03 2.5291338672441669e-03 0.0000000000000000e+00  1.2451014143311989e-03 -8.3384324236370801e-03 0.0000000000000000e+00  3.6184190257308480e-04 -8.0531278652660725e-03 0.0000000000000000e+00  2.3823624365048184e-02 -2.4814514449148593e-03 0.0000000000000000e+00  -2.7762453918792233e-02 -2.8850088936530245e-04 0.0000000000000000e+00  7.9690828156281227e-04 8.8001370123537361e-04 0.0000000000000000e+00  6.5749806808738974e-04 -4.5674844224101907e-04 0.0000000000000000e+00  -1.4027985690881705e-03 -6.5927868606203627e-05 0.0000000000000000e+00  -1.2715605048731172e-03 -7.2646607459123254e-05 0.0000000000000000e+00  -1.2589530962323946e-03 4.8621881102029475e-06 0.0000000000000000e+00  2.2044810923796533e-03 1.9437758106712489e-04 0.0000000000000000e+00  -8.7366126878118261e-03 -5.3129294323744757e-03 0.0000000000000000e+00  -1.2154956979591866e-02 -1.2223477090423342e-02 0.0000000000000000e+00  -3.3639913615863594e-04 3.6552393622400151e-04 0.0000000000000000e+00  -6.0996240902935778e-03 8.0758054626151876e-03 0.0000000000000000e+00  2.0868014727019597e-03 -2.9786802061028319e-03 0.0000000000000000e+00  2.7041818619482874e-03 -2.7120997404210994e-03 0.0000000000000000e+00  -1.7491417031081887e-03 1.0374215777238933e-04 0.0000000000000000e+00  5.7489364415626741e-03 5.4975905635942981e-03 0.0000000000000000e+00  3.3415846313337237e-02 2.5655902572488950e-02 0.0000000000000000e+00  -1.9815863090529985e-03 -5.2313037091401530e-05 0.0000000000000000e+00  -2.3364216561298324e-02 2.8799543102577688e-03 0.0000000000000000e+00  -7.4172516454272547e-03 3.7433931070228080e-03 0.0000000000000000e+00  -3.3029663903168293e-03 -5.3422123048444316e-03 0.0000000000000000e+00  -3.3906215202680525e-03 -4.5590551635747920e-03 0.0000000000000000e+00  -9.5313295056252030e-03 -3.4358721488942649e-03 0.0000000000000000e+00  -2.3148632001927685e-03 -4.2426786039012516e-03 0.0000000000000000e+00  1.1039740586923081e-02 -1.4952881275617419e-02 0.0000000000000000e+00  8.6275383183377977e-03 -1.1367727699142689e-03 0.0000000000000000e+00  5.7731561177252330e-03 2.3267167418313463e-03 0.0000000000000000e+00  6.6417350643474017e-03 3.6628134067749515e-04 0.0000000000000000e+00  2.6174567032335684e-03 -1.1411553843939076e-02 0.0000000000000000e+00  -8.5999014937212484e-04 5.5142227176314333e-04 0.0000000000000000e+00  3.8641114235826329e-03 2.9242093755033598e-03 0.0000000000000000e+00  -1.4734189742181272e-03 -4.2545550506845999e-03 0.0000000000000000e+00  6.5222719807514484e-03 -4.7774433564120719e-03 0.0000000000000000e+00  1.1244710855609464e-04 -6.6687578060512171e-03 0.0000000000000000e+00  -1.6105093023999850e-03 9.3388603033788372e-05 0.0000000000000000e+00  -5.4782937883647120e-04 -5.9371488797415058e-05 0.0000000000000000e+00  -7.1287944912729842e-04 -5.5652166186564364e-03 0.0000000000000000e+00  1.0071069426559921e-02 -1.6215105919848337e-02 0.0000000000000000e+00  1.0203577954047893e-02 2.0485353096555362e-03 0.0000000000000000e+00  7.5279926477634538e-03 -6.6860370734830486e-04 0.0000000000000000e+00  7.5335364853640200e-04 -5.0807306606613090e-03 0.0000000000000000e+00  1.9025878725742480e-03 -2.9414235164889279e-03 0.0000000000000000e+00  6.7252450061140417e-02 -2.1260539580277059e-03 0.0000000000000000e+00  -2.1880724404677431e-03 1.6587362193323909e-03 0.0000000000000000e+00  -2.9265032841386380e-04 5.9280670622507302e-03 0.0000000000000000e+00  5.2113657048455022e-03 2.3039339557587492e-02 0.0000000000000000e+00  1.1025018531704144e-03 -4.5764432099390864e-03 0.0000000000000000e+00  1.6906195845859274e-03 -2.8794912091062880e-04 0.0000000000000000e+00  1.0511736491250435e-03 -1.2657216426710928e-03 0.0000000000000000e+00  -1.1970272865013952e-02 -5.7008569805797205e-03 0.0000000000000000e+00  -1.6326533217159277e-03 -3.7838688497183185e-04 0.0000000000000000e+00  -1.4801949056748337e-03 -3.0003367632482379e-04 0.0000000000000000e+00  -1.0342039617766191e-02 3.2543729857547358e-03 0.0000000000000000e+00  -8.1336240636762269e-04 5.6035994425149387e-03 0.0000000000000000e+00  1.3256984254025675e-03 7.3919481469413599e-03 0.0000000000000000e+00  -1.7720265943763703e-03 -1.8023459553160809e-03 0.0000000000000000e+00  -1.7921349725973364e-03 -1.8715934727729796e-04 0.0000000000000000e+00  -1.9758090993082025e-03 -1.6642086137425547e-04 0.0000000000000000e+00  -4.2132233261411431e-03 -3.3039766344573011e-03 0.0000000000000000e+00  -1.2063984347738422e-03 -1.5562089370460192e-03 0.0000000000000000e+00  8.5456761810424331e-03 -6.9214667015082996e-03 0.0000000000000000e+00  1.4793404345509087e-03 4.1737130653372856e-05 0.0000000000000000e+00  -5.8253250176713465e-04 8.0486104128137375e-03 0.0000000000000000e+00  -3.9953391863882101e-03 3.8467378876387722e-03 0.0000000000000000e+00  -6.0938485121496749e-03 4.6903171258289521e-04 0.0000000000000000e+00  1.3854124822791655e-03 2.0715638044493641e-03 0.0000000000000000e+00  -7.0921184525113451e-02 -4.9199495047663796e-03 0.0000000000000000e+00  2.5941025825945110e-02 9.9969672970042639e-04 0.0000000000000000e+00  1.3542800717622680e-03 -9.4599620655984908e-03 0.0000000000000000e+00  -4.5583520742688869e-03 7.7615251805938001e-04 0.0000000000000000e+00  -3.8377206639952249e-03 -1.2815952736091519e-04 0.0000000000000000e+00  4.1828312835124194e-06 -4.2948289253843988e-04 0.0000000000000000e+00  1.2613608017841566e-03 3.6929466251044295e-03 0.0000000000000000e+00  -2.1649073361896818e-03 -5.0217356749094654e-03 0.0000000000000000e+00  8.3025148187818830e-03 -1.0821001768278337e-02 0.0000000000000000e+00  -7.6865859452341105e-04 -4.8265736776102123e-05 0.0000000000000000e+00  -4.6568861003331387e-04 7.2429950649655359e-03 0.0000000000000000e+00  -8.1962042082369610e-03 -1.0526185935040984e-02 0.0000000000000000e+00  -7.6258019328152354e-03 -8.0754984301279944e-03 0.0000000000000000e+00  -5.7792024987556060e-03 -9.0318393656315683e-03 0.0000000000000000e+00  -5.9316092071393925e-03 -1.0836287500967056e-02 0.0000000000000000e+00  -5.3705791187087862e-03 -7.4945435325103641e-03 0.0000000000000000e+00  5.8010854164385528e-04 2.6059690617199653e-04 0.0000000000000000e+00  6.5658661465633665e-03 -1.5652682252696667e-02 0.0000000000000000e+00  9.2963249849222183e-03 -1.4270931150719974e-02 0.0000000000000000e+00  4.4836356336436243e-03 -1.2379983410393730e-02 0.0000000000000000e+00  -2.0554755221591697e-04 4.8386291275164710e-04 0.0000000000000000e+00  -1.1353315554939794e-03 4.9245328127292360e-03 0.0000000000000000e+00  1.9218278896724653e-03 -9.6267227974526637e-03 0.0000000000000000e+00  -1.1232541014294163e-03 -5.9592089619471293e-03 0.0000000000000000e+00  2.5807498976567589e-04 -3.3506042904586897e-03 0.0000000000000000e+00  -7.7147880114317819e-04 -3.0228530280002053e-03 0.0000000000000000e+00  -1.8101479401147224e-03 6.6148744112025822e-03 0.0000000000000000e+00  -1.5395166828439523e-03 3.1888240232055792e-03 0.0000000000000000e+00  2.6934735015258620e-04 2.2234125551216755e-04 0.0000000000000000e+00  4.0910286404043398e-04 1.3719347501043057e-03 0.0000000000000000e+00  -4.5396688988895158e-02 2.2680838753375983e-04 0.0000000000000000e+00  5.4181771823650707e-02 -1.3847181172328837e-04 0.0000000000000000e+00  -2.0416952190007068e-02 -6.9154070594334444e-03 0.0000000000000000e+00  -8.6524849808148631e-04 -1.2990268332417901e-02 0.0000000000000000e+00  1.9127126658285661e-03 1.3221062871225510e-03 0.0000000000000000e+00  3.5401850186487203e-04 7.4620436525106365e-04 0.0000000000000000e+00  7.0756137793999286e-05 -2.2570164276951733e-03 0.0000000000000000e+00  -1.7944473035296266e-03 1.2906775556415945e-05 0.0000000000000000e+00  -1.8303288653172396e-02 6.4299879574880557e-03 0.0000000000000000e+00  -2.2117873552587085e-03 -1.2610362875420817e-04 0.0000000000000000e+00  3.7806391609685588e-02 -5.8296610886690299e-04 0.0000000000000000e+00  -4.2890621123791876e-02 2.4295692102308441e-04 0.0000000000000000e+00  3.4325410458855483e-03 7.3450821376468889e-03 0.0000000000000000e+00  3.6538844542683323e-02 4.0530934742885280e-04 0.0000000000000000e+00  8.2127923739232389e-02 3.7574016924886579e-04 0.0000000000000000e+00  -5.4356212396687162e-03 -3.0299024898778311e-03 0.0000000000000000e+00  -4.5270734049880365e-03 -2.1986709083425039e-03 0.0000000000000000e+00  5.5956938388374033e-04 5.1144266443131376e-03 0.0000000000000000e+00  -1.0761698023361405e-03 7.9474174162339345e-03 0.0000000000000000e+00  2.8724087316857137e-03 1.2851896540355839e-03 0.0000000000000000e+00  -2.3927110426023765e-03 6.7975247582849102e-04 0.0000000000000000e+00  1.3968555685729028e-04 6.0460719281642294e-04 0.0000000000000000e+00  -1.8412677734036622e-03 9.9501966948243995e-04 0.0000000000000000e+00  5.0402740676394695e-03 -1.5662310849580939e-02 0.0000000000000000e+00  -1.8444488048928873e-02 -1.6131024856675343e-02 0.0000000000000000e+00  -9.7649986578838080e-04 -9.7841415452149818e-04 0.0000000000000000e+00  -9.7837960025993131e-04 9.6114614482287024e-03 0.0000000000000000e+00  -1.9140936668623026e-04 9.9965212873633184e-03 0.0000000000000000e+00  1.5644474211517969e-04 7.6071275065518421e-03 0.0000000000000000e+00  2.0991006017673521e-03 3.5222281755907785e-03 0.0000000000000000e+00  9.8405352129178596e-03 -4.3911917854547551e-03 0.0000000000000000e+00  -1.4557793771834403e-02 -2.2445625882613705e-02 0.0000000000000000e+00  -1.3798320709040647e-02 -1.5697828507058514e-02 0.0000000000000000e+00  -2.1155992657657784e-02 -1.4388051421956973e-02 0.0000000000000000e+00  8.2487890538532923e-04 -5.9352330776640084e-05 0.0000000000000000e+00  -1.8195691346777204e-03 1.1895943525041979e-02 0.0000000000000000e+00  -4.3494583390241232e-02 5.7579996460943019e-03 0.0000000000000000e+00  -4.0706972442010818e-02 8.1701119162885302e-03 0.0000000000000000e+00  2.7722417862239472e-04 -1.2643061398481148e-03 0.0000000000000000e+00  -3.3235334515719320e-05 -1.2117210139641022e-03 0.0000000000000000e+00  1.7324501237786204e-04 -9.9844287990910282e-04 0.0000000000000000e+00  -8.8062879598879205e-05 -3.0448564301548180e-04 0.0000000000000000e+00  -5.2922177223638815e-03 -1.3843070119290044e-02 0.0000000000000000e+00  1.5919891507711506e-03 -1.2361347661064136e-03 0.0000000000000000e+00  1.8699037000233685e-03 -1.5461657518053625e-03 0.0000000000000000e+00  -1.6711862868471709e-03 6.9371970774537994e-03 0.0000000000000000e+00  9.0811764807286182e-04 8.9953746723523331e-05 0.0000000000000000e+00  -3.4915478540618272e-02 -9.4756552887974750e-03 0.0000000000000000e+00  8.6025546965965728e-05 1.4483779345734511e-04 0.0000000000000000e+00  -9.6651863919956487e-03 9.2261987155986633e-03 0.0000000000000000e+00  8.9170477084727834e-02 1.2532129867057384e-02 0.0000000000000000e+00  2.5257522124625528e-03 -2.3229541786590059e-03 0.0000000000000000e+00  -2.8293466015597950e-03 4.6948014489184174e-03 0.0000000000000000e+00  1.9840862349490684e-03 1.3502208935046588e-04 0.0000000000000000e+00  3.1499431376581493e-03 5.1693633583157084e-04 0.0000000000000000e+00  2.5182054882529523e-03 -1.1178889201538138e-02 0.0000000000000000e+00  -1.6784906764648493e-02 -4.9450310645340358e-04 0.0000000000000000e+00  -8.7560954997203022e-04 -7.1939661255918726e-04 0.0000000000000000e+00  -6.5702501363458748e-04 -3.5857784838124744e-03 0.0000000000000000e+00  -3.1035852916798362e-02 1.3754853748024296e-02 0.0000000000000000e+00  2.9131781507040978e-03 -6.3926960693329394e-03 0.0000000000000000e+00  -3.0040885493159215e-02 3.0041653838823157e-03 0.0000000000000000e+00  6.7072440906914611e-04 5.0359619189270163e-04 0.0000000000000000e+00  8.0633665397530560e-04 6.2247935797624468e-04 0.0000000000000000e+00  1.4499930034140746e-04 2.4978938747607633e-04 0.0000000000000000e+00  -5.4389379005231149e-04 -4.1893182706642202e-03 0.0000000000000000e+00  -4.4479210038195514e-02 2.7659383723555612e-03 0.0000000000000000e+00  1.8255471320189013e-03 -2.4903445002922337e-05 0.0000000000000000e+00  2.9619898254628411e-02 -4.9254173059743332e-03 0.0000000000000000e+00  -1.9114998503312643e-04 9.9227644467090237e-04 0.0000000000000000e+00  6.0542205140757421e-02 -1.7287804988724780e-04 0.0000000000000000e+00  4.5076686898465630e-03 -5.7492912389744098e-03 0.0000000000000000e+00  -4.2904000799954710e-03 9.8817295022386818e-03 0.0000000000000000e+00  1.1758007454842207e-05 6.8138093132697787e-04 0.0000000000000000e+00  -2.8808602092589611e-03 -8.3755967273603134e-03 0.0000000000000000e+00  1.8723148340681007e-03 3.5402568059922612e-04 0.0000000000000000e+00  1.3694442172077171e-03 9.6060583550163685e-04 0.0000000000000000e+00  1.3660228141620439e-03 1.3723892408391252e-03 0.0000000000000000e+00  -2.0315861944917397e-03 -7.2710123620205788e-03 0.0000000000000000e+00  -1.0636625362534374e-03 -6.3887949305671196e-03 0.0000000000000000e+00  -2.0813613350989927e-03 -6.3959046125254592e-03 0.0000000000000000e+00  -1.1517732765471149e-02 1.1443408349666189e-02 0.0000000000000000e+00  -1.0448095435121962e-02 9.7805087716553683e-03 0.0000000000000000e+00  -1.4963074774109299e-02 7.5521513256443769e-03 0.0000000000000000e+00  1.9867576357588249e-03 1.2872051481276811e-02 0.0000000000000000e+00  -1.2248885104270194e-02 6.7723088789057844e-03 0.0000000000000000e+00  7.0284707895277160e-02 -4.0201864517270001e-04 0.0000000000000000e+00  -1.3442979661824447e-02 1.8463948857044127e-03 0.0000000000000000e+00  3.2067813956482838e-03 1.0636114983477497e-03 0.0000000000000000e+00  1.5274231418418747e-02 -4.7236956250569315e-03 0.0000000000000000e+00  -1.0342099059259550e-03 9.3643116272110073e-03 0.0000000000000000e+00  -1.8583604332581647e-03 9.1464932317486865e-03 0.0000000000000000e+00  -2.2302864824244040e-03 -1.3853644800931497e-03 0.0000000000000000e+00  -4.6513431213645283e-05 5.8711807809034202e-03 0.0000000000000000e+00  2.5828265911366378e-03 1.9443406582553700e-02 0.0000000000000000e+00  -2.3056858405342156e-03 1.2388578265507129e-02 0.0000000000000000e+00  -1.7740630522294198e-03 4.5500028010092714e-05 0.0000000000000000e+00  6.2329985549556351e-04 5.5080011310448089e-03 0.0000000000000000e+00  -2.4406089841304338e-03 5.7321232066071979e-03 0.0000000000000000e+00  -1.5847601022099937e-03 1.2536665097176840e-02 0.0000000000000000e+00  1.7573980571980901e-03 -6.8782942866347572e-05 0.0000000000000000e+00  -1.0585188042590594e-03 -1.1035569291707533e-03 0.0000000000000000e+00  -1.2050005335911092e-05 -5.8239480047289098e-03 0.0000000000000000e+00  1.1564450269668540e-03 -3.0404757985963893e-04 0.0000000000000000e+00  1.0842093878406039e-03 -5.2430921082406376e-04 0.0000000000000000e+00  -5.2360687040395020e-03 2.3143994291279635e-04 0.0000000000000000e+00  1.0092072191634505e-01 6.5885310110028513e-03 0.0000000000000000e+00  -1.6823151549852942e-02 -3.0058206876951640e-03 0.0000000000000000e+00  4.2650165374636962e-04 2.6092226166676911e-04 0.0000000000000000e+00  4.3643570502908341e-03 -1.1665414186376236e-02 0.0000000000000000e+00  7.6083934637741794e-03 -9.0973451179892709e-03 0.0000000000000000e+00  2.6272536849904827e-03 6.4620300450758976e-03 0.0000000000000000e+00  1.2308578780731738e-03 8.2812153592978516e-03 0.0000000000000000e+00  -4.1942314358645412e-03 -1.0401071946829538e-02 0.0000000000000000e+00  -2.5669421710423118e-03 -1.1681532664114128e-02 0.0000000000000000e+00  -4.8390545648545813e-03 -1.5319910516707431e-03 0.0000000000000000e+00  -2.7712179808721867e-03 7.7595345153242692e-04 0.0000000000000000e+00  -6.2463341864686999e-03 -3.5117185124449073e-03 0.0000000000000000e+00  -8.0669536528615998e-03 -3.0153095731909980e-03 0.0000000000000000e+00  1.7139557475597277e-03 -4.4989196030223479e-03 0.0000000000000000e+00  1.4237830078672453e-03 -2.7639481896139955e-03 0.0000000000000000e+00  -7.2334587133140093e-03 -3.1971829186729947e-03 0.0000000000000000e+00  -3.3976845885323598e-03 4.6807036814993565e-03 0.0000000000000000e+00  -2.4646673446981427e-04 1.4850338183785647e-04 0.0000000000000000e+00  6.8436568376035024e-04 1.6075012209121897e-04 0.0000000000000000e+00  5.0697405548247765e-04 -5.4210448776047786e-03 0.0000000000000000e+00  1.8858792237805848e-03 -8.6719969289050479e-05 0.0000000000000000e+00  -1.5581035310179688e-02 -1.3701652620910828e-02 0.0000000000000000e+00  8.1488288733200774e-04 -7.5653924375918371e-04 0.0000000000000000e+00  -2.6754230024024473e-04 6.4126126651386389e-04 0.0000000000000000e+00  -6.6519633232572006e-04 -9.8314001526599495e-03 0.0000000000000000e+00  2.1390918647036232e-02 1.4567478094222217e-02 0.0000000000000000e+00  1.5631098074853623e-02 1.1355400243882032e-02 0.0000000000000000e+00  -1.5711514629503428e-02 1.1557434686216407e-02 0.0000000000000000e+00  4.6472046757110359e-04 -7.6912907780905143e-04 0.0000000000000000e+00  -2.6141330402441577e-02 2.3889618771769602e-03 0.0000000000000000e+00  -3.3986128962720159e-03 -2.3763347787377209e-03 0.0000000000000000e+00  -1.0752793223694570e-03 -3.5947645984923914e-03 0.0000000000000000e+00  -1.1015369159121618e-03 -2.9281876175632068e-03 0.0000000000000000e+00  -1.0434985914785136e-02 1.6392389244704237e-03 0.0000000000000000e+00  -1.7449660127787550e-02 4.7371688067197370e-03 0.0000000000000000e+00  4.1952540651206416e-05 -1.0390360147358702e-03 0.0000000000000000e+00  3.9814032040650146e-03 -1.7704115438532720e-03 0.0000000000000000e+00  8.3560082711727466e-04 2.5638702206057808e-03 0.0000000000000000e+00  2.0439386063229896e-03 -7.0096943088307799e-03 0.0000000000000000e+00  5.9012309910458715e-05 6.8823301007452662e-04 0.0000000000000000e+00  -9.5507178290388055e-04 6.6938370376587774e-03 0.0000000000000000e+00  -5.6831725164975290e-03 -1.3111602109701706e-03 0.0000000000000000e+00  9.3336982389204994e-04 -4.2609295510868559e-03 0.0000000000000000e+00  5.3776289126528359e-03 -1.2191472504498888e-03 0.0000000000000000e+00  -8.9355697396186085e-03 5.1395892604331533e-03 0.0000000000000000e+00  -1.8072097904294471e-03 -2.4183939711780113e-05 0.0000000000000000e+00  -1.1627232329832532e-02 -3.1287439101643226e-03 0.0000000000000000e+00  1.3150950831864185e-04 -3.8413540686775345e-03 0.0000000000000000e+00  -2.5492886046469863e-05 -5.7954621004280976e-04 0.0000000000000000e+00  -2.8789973818965729e-03 3.4946636724740433e-03 0.0000000000000000e+00  1.3733704327610736e-03 -4.0562961315983130e-03 0.0000000000000000e+00  9.2820797371858004e-05 -1.9144610346326519e-03 0.0000000000000000e+00  2.4336987897290983e-03 -1.5132225759347494e-03 0.0000000000000000e+00  -4.3405244519213269e-03 2.3118014529968636e-03 0.0000000000000000e+00  1.7830743626880575e-03 -1.5459203392511183e-02 0.0000000000000000e+00  -6.2453613166272984e-04 6.0111481150957819e-03 0.0000000000000000e+00  7.7787405324821076e-05 7.6244415388519737e-04 0.0000000000000000e+00  9.8734788540049681e-04 -8.6657610688056200e-04 0.0000000000000000e+00  6.9840845683378540e-04 7.7291403845277827e-04 0.0000000000000000e+00  -5.3295892192499897e-03 -6.4092965250765743e-03 0.0000000000000000e+00  -1.9186721453489561e-03 5.6991095423424626e-03 0.0000000000000000e+00  -1.7074188986276784e-03 5.3662407226895362e-03 0.0000000000000000e+00  -7.5887547197939498e-03 3.9568392489665473e-04 0.0000000000000000e+00  -7.0599649967480879e-03 2.2725110040066189e-03 0.0000000000000000e+00  -5.3008411864509580e-02 1.3634623471886316e-04 0.0000000000000000e+00  -2.8427879805706558e-03 -5.3680633976801147e-03 0.0000000000000000e+00  -1.0577855347062889e-03 -1.8523897872828413e-05 0.0000000000000000e+00  -1.5470899965188602e-03 -1.5562922319718912e-04 0.0000000000000000e+00  6.1882871996851735e-05 5.7394826362834961e-03 0.0000000000000000e+00  4.1060116824318330e-05 5.6881353378279501e-03 0.0000000000000000e+00  -4.2063950640887984e-03 -7.4386928834788138e-03 0.0000000000000000e+00  2.7144459347563726e-04 -3.3605298880070423e-04 0.0000000000000000e+00  5.8773931714426403e-03 -2.5046073688471471e-03 0.0000000000000000e+00  -4.6304468573921088e-04 -1.1873294219879971e-04 0.0000000000000000e+00  -5.9173530294102212e-04 -4.7049941924617086e-03 0.0000000000000000e+00  -4.8121377322956428e-04 -4.4691214634314169e-03 0.0000000000000000e+00  -2.2711037662544002e-02 -1.2062126699363462e-02 0.0000000000000000e+00  3.0882527044839885e-04 -1.0008934056875085e-02 0.0000000000000000e+00  -9.1854459188271892e-04 -1.8882842035060018e-03 0.0000000000000000e+00  -1.2346319004493322e-03 -1.0122463727041701e-02 0.0000000000000000e+00  3.2742661514230257e-04 -2.7544080769405389e-03 0.0000000000000000e+00  4.3747517070595243e-03 -3.5145049251138178e-04 0.0000000000000000e+00  -4.2613603020011932e-06 -5.2844751530552192e-04 0.0000000000000000e+00  -2.5310847493397425e-03 -5.6732996522821147e-04 0.0000000000000000e+00  7.5012165638362873e-04 5.3096008190060983e-05 0.0000000000000000e+00  -5.8733994147288238e-03 -1.2664658373340548e-02 0.0000000000000000e+00  7.7083278692080537e-04 -7.9987545536957519e-04 0.0000000000000000e+00  1.1327543227613044e-03 -8.4260359625258564e-04 0.0000000000000000e+00  1.0011495071533777e-03 -4.2604571507438415e-04 0.0000000000000000e+00  -1.9214982216809258e-04 -1.8532895066861634e-03 0.0000000000000000e+00  -2.0989216568365427e-03 -3.4303158351484324e-03 0.0000000000000000e+00  -2.8348423405541575e-03 -8.5673718944207500e-03 0.0000000000000000e+00  -2.7206380484333451e-03 -3.6935384816296746e-03 0.0000000000000000e+00  6.1950742505795318e-02 1.7475772311307897e-02 0.0000000000000000e+00  -2.0543859011198207e-02 7.8349809291244649e-03 0.0000000000000000e+00  2.3598710961338483e-02 1.2528584634660172e-02 0.0000000000000000e+00  1.1848729082500007e-04 -5.8083318268003679e-04 0.0000000000000000e+00  3.3431845977929314e-03 -2.7477596422860752e-03 0.0000000000000000e+00  2.8791509978380852e-03 -3.4095723691593234e-03 0.0000000000000000e+00  1.4348220111180096e-03 -3.6223271908984219e-03 0.0000000000000000e+00  1.3172240036569570e-02 -4.0746756493487057e-03 0.0000000000000000e+00  -1.2375444094277479e-03 6.0992005915204237e-03 0.0000000000000000e+00  -7.9391847452942011e-04 6.3568811156551001e-03 0.0000000000000000e+00  -6.7740232625211573e-04 -5.0835389768756276e-03 0.0000000000000000e+00  7.5572327821285062e-02 1.2545160915730421e-03 0.0000000000000000e+00  6.7270858652172208e-02 -6.8580125828192123e-03 0.0000000000000000e+00  -3.8387526095697976e-02 -2.6440205991131380e-03 0.0000000000000000e+00  -1.8022670906637224e-03 -1.4485666702044220e-04 0.0000000000000000e+00  6.6368032084766189e-03 1.1900150877819579e-03 0.0000000000000000e+00  -1.4389864023020706e-04 -5.8575465510932040e-03 0.0000000000000000e+00  -1.5946480114934442e-03 -5.2388541914155057e-05 0.0000000000000000e+00  -5.0156737317926013e-03 -1.1133647061138891e-03 0.0000000000000000e+00  -1.8034418302929429e-03 -7.1381060669628284e-05 0.0000000000000000e+00  8.3313208320175331e-04 6.3761370194032301e-04 0.0000000000000000e+00  4.3048837929408098e-04 3.8218561189126406e-04 0.0000000000000000e+00  5.8258269180323482e-04 2.9531559856898771e-04 0.0000000000000000e+00  6.9436594828519238e-03 -3.2859493497754324e-03 0.0000000000000000e+00  2.7618111115667492e-03 -9.7899089896086606e-03 0.0000000000000000e+00  1.6447669051774258e-03 -9.7374668807735619e-03 0.0000000000000000e+00  1.2257804869136011e-03 -1.0673698387601026e-02 0.0000000000000000e+00  -1.0349937867142248e-01 4.7239004151186240e-03 0.0000000000000000e+00  -9.5941788012799553e-02 -3.5580278163567366e-03 0.0000000000000000e+00  -1.7424371948233208e-03 1.4879216560345085e-05 0.0000000000000000e+00  3.7416620524286116e-03 1.2541849816118793e-02 0.0000000000000000e+00  -4.2900677658738008e-03 6.6219524364593161e-03 0.0000000000000000e+00  -1.8175620740226892e-03 -2.6468656772129694e-06 0.0000000000000000e+00  -6.2362785003048961e-03 6.8634445003325894e-03 0.0000000000000000e+00  -1.4320830847462948e-03 2.2918708865858374e-03 0.0000000000000000e+00  -1.5337237949023417e-03 2.1210954274786804e-05 0.0000000000000000e+00  -1.1640842826569316e-03 -4.4946015076199247e-05 0.0000000000000000e+00  -1.0454341641979263e-03 -3.9275031943481126e-04 0.0000000000000000e+00  -1.7655363199308085e-03 -2.4871735544048995e-04 0.0000000000000000e+00  -1.1110522903167175e-03 -2.0951531897658313e-03 0.0000000000000000e+00  -2.2401701168521756e-03 -8.1056848270223258e-03 0.0000000000000000e+00  2.9941482082118187e-03 -4.8649491651747735e-03 0.0000000000000000e+00  3.4717530985282972e-03 2.5416775002096003e-03 0.0000000000000000e+00  3.6167635583203126e-03 2.8089370691524547e-03 0.0000000000000000e+00  -6.5530480130015784e-04 -4.7866099159254957e-05 0.0000000000000000e+00  -1.5457651051652840e-04 -6.1755319972743600e-03 0.0000000000000000e+00  4.0736194926021875e-05 4.9307117120643961e-03 0.0000000000000000e+00  -8.3762750910115237e-03 1.5456925758482079e-02 0.0000000000000000e+00  1.5247185766141640e-02 -1.1505269092995351e-02 0.0000000000000000e+00  3.8893426022031490e-02 -4.6578442150821244e-03 0.0000000000000000e+00  6.9389544154483153e-03 -3.3546990578837365e-03 0.0000000000000000e+00  7.4343421559616351e-03 -2.2742835931015386e-03 0.0000000000000000e+00  1.1161499736776175e-02 -2.5439154220326010e-03 0.0000000000000000e+00  3.2461634269898620e-02 2.4034142788170493e-03 0.0000000000000000e+00  -8.2381976393112273e-04 -2.0877204593642922e-04 0.0000000000000000e+00  -2.3178988591195692e-05 5.7433637839229479e-03 0.0000000000000000e+00  -9.3579963228188970e-03 3.2024958211549015e-03 0.0000000000000000e+00  -1.0417087330101570e-03 -1.2277053518978565e-03 0.0000000000000000e+00  -1.3930411276161792e-04 -1.1646357449751111e-03 0.0000000000000000e+00  -4.7567317678808116e-04 -1.4166124823273617e-03 0.0000000000000000e+00  -3.7436456284960697e-03 9.1832597991420490e-04 0.0000000000000000e+00  -1.0496727092616641e-03 -8.9855459442999275e-03 0.0000000000000000e+00  -2.4168635842273275e-03 3.9154985028670248e-03 0.0000000000000000e+00  -1.2409676460849628e-03 6.7737550261543869e-05 0.0000000000000000e+00  -2.7530983420642908e-03 -1.1132339303186979e-02 0.0000000000000000e+00  5.5954427539559358e-03 -2.8329120297989237e-03 0.0000000000000000e+00  -9.3206216865441924e-03 4.2707529602842350e-03 0.0000000000000000e+00  2.9029257011043419e-03 -6.6421700588470010e-04 0.0000000000000000e+00  -4.8708017983619060e-02 -8.5490968743978820e-04 0.0000000000000000e+00  5.1143767356711313e-02 -2.5365409641657710e-03 0.0000000000000000e+00  -1.1891096006363768e-03 -5.5241781757782420e-03 0.0000000000000000e+00  -2.0160905583696534e-03 -5.9078617436576870e-03 0.0000000000000000e+00  -1.9444114403636302e-03 -4.6625802753655970e-03 0.0000000000000000e+00  -2.6103858017307228e-03 -5.1421472814750834e-03 0.0000000000000000e+00  -7.5993115583554741e-04 -4.0287856514358125e-04 0.0000000000000000e+00  1.7328983468423084e-03 -9.5592748431815250e-05 0.0000000000000000e+00  3.9750373595704791e-04 -1.1364359849455127e-02 0.0000000000000000e+00  -4.5339655599149672e-04 -1.3636216195243071e-02 0.0000000000000000e+00  4.6940973951835487e-04 6.8055780857427068e-03 0.0000000000000000e+00  -1.7682227680084340e-03 1.8811907881738938e-05 0.0000000000000000e+00  1.2714592010034246e-03 -5.1605487677747579e-03 0.0000000000000000e+00  7.2609153524782699e-02 -1.5638236339405586e-04 0.0000000000000000e+00  7.9917638939272224e-04 1.0231217723621004e-03 0.0000000000000000e+00  -2.0620696657759293e-04 -6.4015665701663976e-03 0.0000000000000000e+00  -6.1361653440539576e-05 -4.6508858499638116e-03 0.0000000000000000e+00  1.9508064378982536e-04 -4.7963330677185693e-03 0.0000000000000000e+00  -1.4013710171558542e-03 2.0781769212365527e-04 0.0000000000000000e+00  -3.4261037260926658e-03 -4.9548975107482360e-03 0.0000000000000000e+00  5.0192275738783975e-04 1.4987089675872376e-04 0.0000000000000000e+00  5.3984970995797632e-04 7.6447365771174073e-05 0.0000000000000000e+00  4.0119061201647946e-02 6.1123696379569679e-03 0.0000000000000000e+00  3.0958084660743799e-03 -5.8746563796626631e-03 0.0000000000000000e+00  -1.9909941647691925e-03 3.6330799176186604e-04 0.0000000000000000e+00  7.4307030757559862e-05 4.8391453372683604e-03 0.0000000000000000e+00  -4.8694852930905525e-03 1.2120791253032703e-02 0.0000000000000000e+00  2.9846700401740561e-02 3.2685920081094298e-02 0.0000000000000000e+00  -2.0846807473848573e-03 2.4168713865322130e-03 0.0000000000000000e+00  -9.4897977120918871e-04 -1.0300714116962211e-02 0.0000000000000000e+00  -7.6636231548080870e-03 4.8252110330809913e-03 0.0000000000000000e+00  -3.2670080719633308e-03 5.6195756815609700e-05 0.0000000000000000e+00  1.1773227457589038e-03 1.1247223105096211e-03 0.0000000000000000e+00  1.1506003959949297e-04 -5.3052422488577191e-03 0.0000000000000000e+00  -1.3365820652974831e-03 4.5415854631653922e-03 0.0000000000000000e+00  -6.3096912574367925e-04 1.9282375367124878e-03 0.0000000000000000e+00  -8.9778568522057701e-04 1.6336145349757608e-03 0.0000000000000000e+00  1.0982849847931027e-03 2.0501779646272720e-03 0.0000000000000000e+00  2.0562905282273383e-03 -3.3640969954674247e-03 0.0000000000000000e+00  2.1574045523503321e-03 5.1315115382635198e-03 0.0000000000000000e+00  -2.2409969557722634e-02 3.1807857112219461e-03 0.0000000000000000e+00  -1.0000000001317476e-01 0.0000000000000000e+00 0.0000000000000000e+00  8.6709647627967676e-04 -1.6159707920893806e-03 0.0000000000000000e+00  -1.7115066163571342e-03 -5.0579960760210922e-06 0.0000000000000000e+00  1.1351596959061454e-03 4.8824637964371882e-04 0.0000000000000000e+00  -2.8666184975779051e-03 -9.3216032591595561e-03 0.0000000000000000e+00  -2.6244570140431466e-03 2.6002703690055392e-03 0.0000000000000000e+00  5.8237981836152942e-04 -5.7512341783584860e-03 0.0000000000000000e+00  -2.1344154765722818e-03 -4.0138422810213643e-03 0.0000000000000000e+00  1.0942621106465282e-02 7.7926496919676633e-03 0.0000000000000000e+00  9.0630973984255972e-03 -3.4531819152438252e-03 0.0000000000000000e+00  1.7795273823208339e-02 9.2610864925595174e-03 0.0000000000000000e+00  -2.9890292612161857e-03 -4.2176815167347627e-03 0.0000000000000000e+00  -3.3496814746715874e-03 5.1471053019739770e-03 0.0000000000000000e+00  -2.6314923454305180e-03 4.7687636905759927e-03 0.0000000000000000e+00  2.2831963029721947e-02 -5.1454107056450333e-03 0.0000000000000000e+00  8.8025441089985036e-03 9.9602910461501983e-04 0.0000000000000000e+00  -1.3510134198645121e-02 4.1995495971181521e-03 0.0000000000000000e+00  -1.5378349842765883e-02 3.0266602108829904e-03 0.0000000000000000e+00  -1.0523369845841216e-03 3.1079257446717553e-03 0.0000000000000000e+00  1.6371716257652220e-02 -2.0699907561818015e-03 0.0000000000000000e+00  1.2800242348739566e-05 -6.1539721526338812e-04 0.0000000000000000e+00  -2.7821496945614125e-03 1.0831486743221415e-02 0.0000000000000000e+00  2.4195539778848053e-03 6.5195236019039695e-03 0.0000000000000000e+00  -3.8326495200523025e-03 -4.2177397820511026e-03 0.0000000000000000e+00  -1.6157803990625077e-05 8.8542769733171206e-04 0.0000000000000000e+00  -5.6972897396467305e-02 -8.7768632805718854e-04 0.0000000000000000e+00  5.8386419071040356e-02 -2.0835285077266995e-04 0.0000000000000000e+00  -2.7341316899697132e-03 -3.5852016934896642e-03 0.0000000000000000e+00  -1.3156048799750355e-02 -2.1728600427569028e-04 0.0000000000000000e+00  6.0375899038386750e-04 1.0933193839620353e-03 0.0000000000000000e+00  5.9252865665771473e-03 -5.6729271747450901e-04 0.0000000000000000e+00  -1.3826593278560464e-03 -6.8174776024149521e-04 0.0000000000000000e+00  -1.0968414386989351e-03 5.1015152704074430e-04 0.0000000000000000e+00  -2.7550592567636588e-03 3.2537209372241029e-03 0.0000000000000000e+00  1.2192941826505298e-03 1.1344959191831434e-02 0.0000000000000000e+00  4.0423411476190295e-04 7.6949926409753094e-05 0.0000000000000000e+00  -1.0975477591893524e-03 -7.2199464175193434e-03 0.0000000000000000e+00  4.8868567368098954e-03 5.2757751722757214e-03 0.0000000000000000e+00  1.8747869787896710e-02 -5.1731512454064746e-03 0.0000000000000000e+00  2.1326294671038047e-02 -1.4902654820180203e-03 0.0000000000000000e+00  -4.3524043325027321e-04 -4.6595448418613721e-03 0.0000000000000000e+00  -1.4519579198256480e-03 -9.3621030589972603e-03 0.0000000000000000e+00  -5.7589528058860778e-04 -3.2439999068749207e-04 0.0000000000000000e+00  -6.3241596826297945e-04 -4.4658053791574664e-04 0.0000000000000000e+00  1.8651004960393682e-03 3.2362073710487222e-03 0.0000000000000000e+00  -6.9974549141331216e-04 -2.7251934496766911e-04 0.0000000000000000e+00  -1.6442974353103701e-03 1.2004886004048224e-06 0.0000000000000000e+00  1.2988410627517617e-03 -6.4806636572167179e-03 0.0000000000000000e+00  -3.0824698958583090e-04 -9.4858026897187281e-03 0.0000000000000000e+00  -9.3787388442560238e-03 1.4601208092874113e-03 0.0000000000000000e+00  5.0639319948335643e-04 -2.3603547898746642e-04 0.0000000000000000e+00  8.3509044086668596e-04 1.4110308545865158e-04 0.0000000000000000e+00  1.8493584267014779e-03 -8.1420061344013902e-04 0.0000000000000000e+00  1.6136217238305692e-03 -2.9222822196847990e-04 0.0000000000000000e+00  1.6057446357948617e-03 -1.8175479314457040e-05 0.0000000000000000e+00  1.7145541608682940e-03 -5.0386706003471486e-05 0.0000000000000000e+00  1.4988030137494815e-03 1.0152300891739898e-05 0.0000000000000000e+00  -7.2488502700866796e-04 1.4267027873221647e-03 0.0000000000000000e+00  -2.1380514567438186e-04 -3.7560043769371458e-03 0.0000000000000000e+00  -4.5298639757298108e-02 -8.0434185113989597e-03 0.0000000000000000e+00  -1.0000000001317476e-01 0.0000000000000000e+00 0.0000000000000000e+00  -9.3207716294689991e-02 5.6098788795870146e-04 0.0000000000000000e+00  1.6207304832401496e-03 4.5595770104045522e-05 0.0000000000000000e+00  7.4112563585269610e-05 3.3476073246886581e-04 0.0000000000000000e+00  -1.4975733492898283e-03 -2.8216677597865118e-03 0.0000000000000000e+00  1.2036867259592997e-04 -5.3690768838085524e-04 0.0000000000000000e+00  -4.4872906669248900e-03 -3.8832777310996705e-03 0.0000000000000000e+00  -1.4808428018889041e-04 1.0381637571644415e-02 0.0000000000000000e+00  -9.3551793570875437e-04 6.4610129315088361e-04 0.0000000000000000e+00  -9.2106508367170313e-04 3.3901971001667748e-04 0.0000000000000000e+00  -5.4233901395838780e-04 -8.0317448188687972e-04 0.0000000000000000e+00  3.5693165654457695e-04 1.0542273485642565e-03 0.0000000000000000e+00  2.7932800086979921e-04 6.1939862436111051e-04 0.0000000000000000e+00  5.5746077958182614e-04 2.1441265111320365e-03 0.0000000000000000e+00  3.1023685251764456e-03 6.4683729753148411e-03 0.0000000000000000e+00  -9.4605963321624416e-03 7.2991836597066815e-03 0.0000000000000000e+00  6.2718743875666283e-05 -7.0476223058163587e-04 0.0000000000000000e+00  -3.8761376856324205e-04 1.1586168904709952e-03 0.0000000000000000e+00  -2.8821279587788764e-02 3.7960963303864605e-03 0.0000000000000000e+00  1.0972136252849483e-03 2.9275481219292835e-05 0.0000000000000000e+00  1.1617827264720321e-03 9.5936527797457809e-05 0.0000000000000000e+00  8.3677130736511300e-04 -2.5970267265747367e-03 0.0000000000000000e+00  7.1131657922995602e-04 -2.3252862155494687e-03 0.0000000000000000e+00  1.2369468159713428e-02 -1.5926572112171217e-02 0.0000000000000000e+00  -5.5238048119954940e-02 -6.2103296288163937e-05 0.0000000000000000e+00  1.3292768584531969e-03 2.3549572816159006e-04 0.0000000000000000e+00  5.1112599392511514e-04 2.9070636701395078e-03 0.0000000000000000e+00  -8.1308922875380357e-04 4.1105265635399393e-03 0.0000000000000000e+00  -1.1514140591752672e-03 1.0546501526676454e-02 0.0000000000000000e+00  -2.1770164040175986e-02 1.0695921635566367e-02 0.0000000000000000e+00  -5.3782715167320231e-03 5.0259018217556767e-03 0.0000000000000000e+00  -3.7425315673700510e-03 4.5519368560199324e-03 0.0000000000000000e+00  5.6927598204804186e-05 5.2434060960555515e-03 0.0000000000000000e+00  1.3480386682048191e-03 -2.6024440799111135e-04 0.0000000000000000e+00  -8.2303362790988577e-05 -4.3650325635959889e-04 0.0000000000000000e+00  -3.6582891942597552e-04 -7.0946568420024802e-05 0.0000000000000000e+00  4.5211983439752232e-02 7.4885109389901598e-04 0.0000000000000000e+00  3.7061537292583983e-02 2.0169024114065357e-03 0.0000000000000000e+00  9.3947050037738761e-02 -1.2750264614161135e-03 0.0000000000000000e+00  -1.0505275350016462e-04 -7.8262204537296961e-05 0.0000000000000000e+00  1.7818194735763434e-04 -4.5544300306898829e-03 0.0000000000000000e+00  6.9913344414742435e-04 -4.7428158772961733e-03 0.0000000000000000e+00  1.0891473866885839e-03 -5.5913418811006348e-03 0.0000000000000000e+00  1.0293755904901827e-03 -5.1254162201108322e-03 0.0000000000000000e+00  1.3359647464170692e-03 -1.1114572090825565e-04 0.0000000000000000e+00  -2.3431289267032383e-03 2.1268854663767083e-03 0.0000000000000000e+00  -1.1657816655199954e-05 1.1766500602785415e-03 0.0000000000000000e+00  2.9545555477628544e-05 1.0534563418302849e-03 0.0000000000000000e+00  -9.5697705895115454e-06 2.0563988155467942e-03 0.0000000000000000e+00  1.5561824164223911e-02 3.3173096674602988e-04 0.0000000000000000e+00  -4.5851562765655378e-03 -3.7495592771773193e-03 0.0000000000000000e+00  -2.3386248881571026e-03 1.6232132437836664e-04 0.0000000000000000e+00  1.0266958428683513e-03 -2.0633822617184749e-03 0.0000000000000000e+00  -5.0000312242496400e-03 1.3604761123175023e-03 0.0000000000000000e+00  -2.9783062497957071e-03 4.3120703768764686e-04 0.0000000000000000e+00  9.7131288975966157e-04 -1.2247034227208693e-03 0.0000000000000000e+00  1.2199707242416971e-03 -1.3047618728826477e-03 0.0000000000000000e+00  1.0703595085327646e-03 5.8188863015856457e-04 0.0000000000000000e+00  -3.0829476895466489e-04 -7.0413732725275199e-04 0.0000000000000000e+00  -5.9811714753110817e-03 1.0096084039050308e-02 0.0000000000000000e+00  2.0379670514937082e-04 6.2686840186557541e-03 0.0000000000000000e+00  -1.3773272829449955e-04 6.1074657325635891e-03 0.0000000000000000e+00  1.5467967205986010e-03 -2.9783555522878784e-04 0.0000000000000000e+00  1.3909446951925544e-03 -8.3495755822199814e-04 0.0000000000000000e+00  -4.4629099162114307e-03 5.4853217443468832e-03 0.0000000000000000e+00  -1.9363163122902019e-03 -3.6573636924475167e-03 0.0000000000000000e+00  3.5263785772086274e-03 2.6267819979986619e-03 0.0000000000000000e+00  -1.5878438014628866e-04 5.3331694229546310e-03 0.0000000000000000e+00  4.0296322579325762e-04 1.1432419061114443e-03 0.0000000000000000e+00  -3.2356707030058114e-02 2.9192486226309691e-03 0.0000000000000000e+00  -1.0658970293744802e-03 -1.3595869361208014e-03 0.0000000000000000e+00  -2.2233804915152113e-02 1.0329292971007941e-02 0.0000000000000000e+00  3.2455372703056998e-02 7.6902014456744286e-03 0.0000000000000000e+00  2.4515413076956045e-02 -1.1067975995290505e-02 0.0000000000000000e+00  3.7758700546276773e-02 -1.1955468478512133e-02 0.0000000000000000e+00  -8.8953632828869941e-05 7.9544525626745386e-04 0.0000000000000000e+00  -5.3405291848494435e-02 -2.5313621815470193e-04 0.0000000000000000e+00  4.8357563211239305e-03 -7.8879523489927723e-03 0.0000000000000000e+00  1.5938432944216891e-02 1.3917953289444757e-03 0.0000000000000000e+00  1.2950313222958688e-02 3.5878860691959500e-03 0.0000000000000000e+00  1.3234649552791276e-03 -5.4705571541436584e-04 0.0000000000000000e+00  -1.9019805036992989e-04 4.7881895042424464e-03 0.0000000000000000e+00  4.9069508094710685e-03 -6.7599659344198832e-03 0.0000000000000000e+00  1.0621143574003965e-02 3.1363956971339796e-03 0.0000000000000000e+00  1.5613657548149871e-04 -3.5660576429198993e-03 0.0000000000000000e+00  6.0482125332679830e-04 -3.5446934276735687e-03 0.0000000000000000e+00  4.3626686844120965e-03 2.6618294069997513e-03 0.0000000000000000e+00  -1.1053096897512878e-03 -1.9169252257743841e-04 0.0000000000000000e+00  -1.0543218236907766e-03 -1.1200950448801647e-04 0.0000000000000000e+00  2.1813031104821367e-02 -9.1280379167873039e-04 0.0000000000000000e+00  1.2896947844360501e-02 9.3303553800688603e-03 0.0000000000000000e+00  -6.3689165648486536e-03 -1.8877840473711261e-02 0.0000000000000000e+00  -5.6780792521806773e-03 -1.5876000939228314e-02 0.0000000000000000e+00  -8.9698032245080096e-03 -1.5872857020337690e-02 0.0000000000000000e+00  -1.2080398635377959e-03 6.6566134774039528e-03 0.0000000000000000e+00  4.5782681826805989e-03 -1.3790465034701042e-03 0.0000000000000000e+00  -7.1661197403136807e-04 -9.1517570441850427e-04 0.0000000000000000e+00  -1.0788508039722443e-02 -6.6264117480044620e-04 0.0000000000000000e+00  4.4492407773630190e-04 -2.9412606101409593e-03 0.0000000000000000e+00  -3.7019694152300587e-04 -5.3877956365024613e-04 0.0000000000000000e+00  4.9706747388342210e-04 4.2689535734518735e-03 0.0000000000000000e+00  3.1439814714977659e-03 3.2016569451571112e-03 0.0000000000000000e+00  4.0973797690235826e-03 1.3732077550717422e-02 0.0000000000000000e+00  -8.7838636547129430e-03 -1.3135525746891650e-02 0.0000000000000000e+00  -5.3670592840958516e-04 6.1456702005805580e-03 0.0000000000000000e+00  1.5809029391673204e-03 -9.2171638062599269e-04 0.0000000000000000e+00  1.5257156610582060e-03 -5.0145970015902028e-04 0.0000000000000000e+00  1.0007610809263637e-03 -1.5947397068303308e-05 0.0000000000000000e+00  2.4892205742350833e-04 1.5923654096121735e-04 0.0000000000000000e+00  2.9454056548860964e-04 7.6411979054343291e-05 0.0000000000000000e+00  -6.0148291063694848e-02 -4.5717422943325622e-04 0.0000000000000000e+00  1.6454829165836796e-03 -7.5200742389755684e-03 0.0000000000000000e+00  -4.7612006608486702e-03 -3.1159255906638979e-03 0.0000000000000000e+00  -1.6665406409923896e-03 -6.9247833749693649e-04 0.0000000000000000e+00  -1.7732866491498938e-03 3.9547965093077495e-04 0.0000000000000000e+00  3.5115091218284613e-03 -4.0881378194262779e-04 0.0000000000000000e+00  6.4444020572848332e-04 -1.1346757500781477e-03 0.0000000000000000e+00  8.1429419801523520e-04 -1.5867199503146853e-03 0.0000000000000000e+00  5.2874389343235818e-04 -1.3637505563227569e-03 0.0000000000000000e+00  -7.3520457963169297e-03 -6.7794558156945312e-03 0.0000000000000000e+00  1.4729866104067052e-04 6.6499509071084870e-04 0.0000000000000000e+00  -1.2362332452044336e-03 -1.8222921008477513e-04 0.0000000000000000e+00  -1.6023863555853417e-03 4.8231148982075928e-04 0.0000000000000000e+00  -3.5758774752717316e-03 -1.0185972077369448e-03 0.0000000000000000e+00  1.0880715528381497e-03 8.5460602156125522e-04 0.0000000000000000e+00  2.4097048293755027e-03 -3.4486797440034075e-04 0.0000000000000000e+00  1.2993332699423075e-02 1.3524181416609121e-03 0.0000000000000000e+00  -2.2499918126645279e-03 -4.2314542023540603e-04 0.0000000000000000e+00  -1.6355891502393860e-03 1.7222026494183321e-05 0.0000000000000000e+00  -1.8170173355760899e-03 -9.9820098417780994e-05 0.0000000000000000e+00  -7.5666294083608326e-04 -3.1342488981392675e-03 0.0000000000000000e+00  2.9240261319669258e-03 -8.4915138763220037e-03 0.0000000000000000e+00  9.4042184250316433e-04 4.1663891404532354e-03 0.0000000000000000e+00  6.5858650367986817e-04 4.5002708812250658e-03 0.0000000000000000e+00  2.5045133063940465e-02 -3.5297691630758851e-03 0.0000000000000000e+00  -1.4588021780408578e-03 3.5634229983810268e-03 0.0000000000000000e+00  3.2006745235186500e-04 8.2464995114440456e-04 0.0000000000000000e+00  -2.1336800341007319e-02 2.2649272020799625e-03 0.0000000000000000e+00  -1.3572344179348824e-03 5.4643285621409016e-03 0.0000000000000000e+00  -4.4025692739978059e-04 -5.3469488754430763e-03 0.0000000000000000e+00  2.8250109050146546e-02 -3.2675320401253077e-04 0.0000000000000000e+00  1.4657378159307198e-03 1.2606931368802267e-02 0.0000000000000000e+00  3.0680731719786389e-03 -1.6567391353387261e-03 0.0000000000000000e+00  -3.2311264284720842e-03 -6.9960659844569431e-03 0.0000000000000000e+00  6.2507450081070528e-04 -2.9278271046564389e-03 0.0000000000000000e+00  1.0313092293686593e-03 -3.1134891841177368e-03 0.0000000000000000e+00  -1.2951183227518290e-02 3.3361656513308047e-03 0.0000000000000000e+00  1.3681538980693598e-04 -1.5783684593871216e-04 0.0000000000000000e+00  2.7647976811078541e-05 -5.4775203927512556e-04 0.0000000000000000e+00  2.0405614056607138e-04 4.8203094620823822e-04 0.0000000000000000e+00  2.5345818189578898e-04 5.8498512752653241e-04 0.0000000000000000e+00  2.0064954219813715e-02 -3.2491629075286293e-05 0.0000000000000000e+00  1.1961407827145141e-03 7.2000297864654680e-04 0.0000000000000000e+00  9.4119443580633255e-04 7.4929760985189523e-04 0.0000000000000000e+00  8.8474297860365314e-03 5.9837592472301469e-03 0.0000000000000000e+00  5.1382534510711663e-03 4.8680799367455006e-03 0.0000000000000000e+00  -4.2262772587680275e-03 -4.0449703975355003e-03 0.0000000000000000e+00  1.1834991883357910e-06 7.0565939439694802e-04 0.0000000000000000e+00  1.4787820467311469e-04 -6.5316649668365565e-03 0.0000000000000000e+00  1.1441030864335212e-04 7.7368466472676521e-05 0.0000000000000000e+00  1.7286187713911550e-04 1.3233839691081776e-04 0.0000000000000000e+00  5.1777314693800737e-02 2.7335988600702598e-04 0.0000000000000000e+00  5.3942148223686343e-02 2.1547304241366404e-03 0.0000000000000000e+00  2.3350651957646110e-03 -4.4844890107914549e-03 0.0000000000000000e+00  2.8380898866768858e-03 -4.0871539377745339e-03 0.0000000000000000e+00  -1.1600739920585607e-03 -1.1947760832899069e-03 0.0000000000000000e+00  7.8515048735027775e-03 1.1031340184959429e-02 0.0000000000000000e+00  9.1639789850986326e-03 1.3702933857956220e-02 0.0000000000000000e+00  1.1251578906096699e-02 1.1206151105354780e-02 0.0000000000000000e+00  5.5149294838515242e-04 -4.3924081640076395e-03 0.0000000000000000e+00  9.7026320551836748e-04 3.8599600521340982e-05 0.0000000000000000e+00  -8.3308407267635072e-04 2.4948988773977592e-03 0.0000000000000000e+00  -1.1869223920347809e-03 2.1359736598637793e-03 0.0000000000000000e+00  6.5271895282246056e-03 -1.1822975677404680e-02 0.0000000000000000e+00  1.9664022058588403e-03 -7.2952121376919910e-05 0.0000000000000000e+00  2.9581527178664650e-03 2.3824897848243368e-03 0.0000000000000000e+00  1.2101786753047879e-04 9.2191533966747233e-03 0.0000000000000000e+00  8.7645666457979816e-04 9.0900972235978140e-03 0.0000000000000000e+00  2.0415860843817761e-03 1.0682043712108208e-02 0.0000000000000000e+00  1.0262245396809458e-03 -3.0831224166311929e-03 0.0000000000000000e+00  -5.6524416511207669e-04 8.5570733963710198e-05 0.0000000000000000e+00  -7.2535431536338807e-04 1.7962816535910128e-04 0.0000000000000000e+00  -4.8882288638346291e-04 -3.8561244344578033e-03 0.0000000000000000e+00  -3.0301370118888390e-04 3.0515062562076730e-03 0.0000000000000000e+00  7.8786759880665538e-03 7.9371368078536460e-03 0.0000000000000000e+00  6.5963954040997065e-03 7.1416891871420160e-03 0.0000000000000000e+00  6.8145127735389716e-03 9.4104914093294835e-03 0.0000000000000000e+00  -8.2594010743502796e-02 -5.8083125996210238e-04 0.0000000000000000e+00  2.7899194656037522e-03 -3.1763371289784677e-03 0.0000000000000000e+00  2.5527081901397623e-03 -3.3175881686059675e-03 0.0000000000000000e+00  1.8998190764142695e-03 9.6402166887062084e-03 0.0000000000000000e+00  -2.8270174712525173e-03 -4.0495577692794176e-03 0.0000000000000000e+00  1.0041366085510308e-04 -6.5745074098030540e-04 0.0000000000000000e+00  1.7142415380428230e-03 2.9556574237608405e-05 0.0000000000000000e+00  2.6141316556300728e-03 -3.1287035338124066e-03 0.0000000000000000e+00  -4.9918184267186319e-04 5.4592466840502687e-03 0.0000000000000000e+00  2.2188820194998071e-02 -8.7395052162668281e-05 0.0000000000000000e+00  2.1004497256979230e-02 -9.9003433826387894e-03 0.0000000000000000e+00  1.6672820032619017e-02 6.6902696210519707e-03 0.0000000000000000e+00  2.0176303802212629e-02 6.2790065074047746e-03 0.0000000000000000e+00  2.0847807038882931e-02 4.0099038592963975e-03 0.0000000000000000e+00  -2.0951470702442868e-03 -1.9760796925858042e-03 0.0000000000000000e+00  4.4939478176819429e-03 8.9988918208877382e-03 0.0000000000000000e+00  3.6995241096216733e-03 9.5320498912037695e-03 0.0000000000000000e+00  -6.0759175604196995e-03 -2.4890666608204785e-03 0.0000000000000000e+00  -4.9596618443029248e-05 -6.6046259726608425e-04 0.0000000000000000e+00  -1.4386534702421063e-02 -9.1205802296018216e-03 0.0000000000000000e+00  -1.7645070832542690e-02 -1.1069306591638099e-02 0.0000000000000000e+00  1.8909687324036230e-03 -5.4528988772833799e-03 0.0000000000000000e+00  -1.0000000001317476e-01 0.0000000000000000e+00 0.0000000000000000e+00  -5.4119444084628751e-02 2.0192566395966665e-03 0.0000000000000000e+00  -2.8569188410586801e-03 -1.0390155273888728e-02 0.0000000000000000e+00  7.9747377948652951e-04 -5.8418494143285026e-03 0.0000000000000000e+00  -4.7827024918090658e-04 -2.0191004785488974e-03 0.0000000000000000e+00  1.3539273310784641e-03 -4.5486915618675518e-06 0.0000000000000000e+00  5.6643008373621613e-04 -2.8227401618199778e-03 0.0000000000000000e+00  5.7742402927180563e-03 1.9334246365764936e-03 0.0000000000000000e+00  3.5630922689031254e-03 -2.6728148410796173e-03 0.0000000000000000e+00  3.9750473568074662e-03 -1.5044746809853152e-03 0.0000000000000000e+00  -1.5678276660847909e-02 -6.2939885194982174e-03 0.0000000000000000e+00  -3.6564421206722710e-03 -3.6303587717346677e-03 0.0000000000000000e+00  9.5454075024886621e-04 1.1874575787903636e-02 0.0000000000000000e+00  3.5254765222710748e-04 -1.0064484501909823e-04 0.0000000000000000e+00  1.7713081592471347e-03 -4.4953253515115396e-05 0.0000000000000000e+00  1.7779907059044665e-03 -4.1872339896396824e-05 0.0000000000000000e+00  1.8182726530378381e-03 -3.4990281037460118e-05 0.0000000000000000e+00  1.6651950620130800e-02 -3.7632925412798219e-03 0.0000000000000000e+00  -1.0000000001317476e-01 0.0000000000000000e+00 0.0000000000000000e+00  6.3800879350703167e-03 1.3566466882606255e-02 0.0000000000000000e+00  1.2244895535973611e-03 1.6218154122151012e-05 0.0000000000000000e+00  1.0470795491031854e-02 2.8128359403464928e-04 0.0000000000000000e+00  1.8822865506692120e-03 -2.4002429894668433e-04 0.0000000000000000e+00  5.3446349096320207e-05 2.6344497121025714e-03 0.0000000000000000e+00  -9.5870159486526350e-05 2.7409714969441400e-03 0.0000000000000000e+00  -1.9621080038603827e-03 -3.3994199875373842e-03 0.0000000000000000e+00  5.0008389582645325e-05 -1.8651336346653888e-03 0.0000000000000000e+00  1.8270067169000629e-04 -1.5550406902325852e-03 0.0000000000000000e+00  -9.2861071100451187e-05 -1.4593009393025957e-03 0.0000000000000000e+00  3.5678917533685768e-03 -4.8628995134504891e-03 0.0000000000000000e+00  -2.1958161049994576e-04 -5.4566660488979634e-04 0.0000000000000000e+00  -3.0217705215317202e-03 1.0016347808637843e-02 0.0000000000000000e+00  5.5468644179548006e-04 4.7286706468543764e-04 0.0000000000000000e+00  -1.4320448563215371e-03 -3.1550999131466895e-03 0.0000000000000000e+00  -3.5285857159687742e-04 -2.0892526779960820e-04 0.0000000000000000e+00  -2.7769925894257138e-03 9.1706938997168630e-04 0.0000000000000000e+00  1.4661653597138604e-02 -2.0674630217590893e-02 0.0000000000000000e+00  2.9440509345738750e-03 8.7797342300416619e-03 0.0000000000000000e+00  2.3086417555999166e-03 7.8535593161371334e-03 0.0000000000000000e+00  3.0141034090073486e-03 7.4442240019211422e-03 0.0000000000000000e+00  -6.2941537416579733e-04 4.8374007016334739e-03 0.0000000000000000e+00  -1.8653277950563946e-02 1.0871515707986130e-02 0.0000000000000000e+00  -1.5338436493796163e-03 -2.6907990610546322e-05 0.0000000000000000e+00  -2.4955288306541376e-04 2.0289706155310759e-03 0.0000000000000000e+00  6.2964020616177591e-02 -7.0106855081919564e-03 0.0000000000000000e+00  -5.1966853928722310e-04 -5.7078359555228940e-03 0.0000000000000000e+00  -1.4608820666195909e-03 -2.1071302392261025e-03 0.0000000000000000e+00  5.5333302984999652e-02 -2.1330096784811865e-03 0.0000000000000000e+00  5.3771991587263747e-04 -7.1813659417789459e-03 0.0000000000000000e+00  4.5559218122227354e-03 3.8057977382352347e-03 0.0000000000000000e+00  -2.2120706231181144e-03 -2.2171520992545612e-03 0.0000000000000000e+00  -3.4394521595830735e-04 -2.9665289682291635e-03 0.0000000000000000e+00  1.0669473795863599e-03 -7.6833935392599668e-05 0.0000000000000000e+00  1.4392689807882338e-02 6.8313090257918381e-03 0.0000000000000000e+00  2.4766198571023407e-03 -1.0097350360550809e-02 0.0000000000000000e+00  4.5852516239293078e-03 -1.1070018742568983e-02 0.0000000000000000e+00  8.2478553854118397e-03 -1.3638742296299110e-03 0.0000000000000000e+00  2.5629639233370343e-02 7.0502155849639309e-03 0.0000000000000000e+00  -1.4526763681390662e-04 -1.1521096737418218e-03 0.0000000000000000e+00  -2.3745262390575825e-02 2.2996588708017350e-03 0.0000000000000000e+00  -5.8531123117723460e-02 1.3589295130667961e-03 0.0000000000000000e+00  2.8877410294860066e-03 -3.6169387842045499e-03 0.0000000000000000e+00  -8.7356476961612216e-03 1.0042745265342233e-02 0.0000000000000000e+00  4.2207720434618212e-03 1.2099293225351500e-02 0.0000000000000000e+00  -6.0705897167094031e-03 -5.8698014516994053e-03 0.0000000000000000e+00  9.1934028820914396e-03 8.8653572183688377e-03 0.0000000000000000e+00  1.5503299498102006e-03 6.0225892123964963e-03 0.0000000000000000e+00  3.0440300581051527e-03 -1.9054130160178404e-03 0.0000000000000000e+00  -5.6423694171775691e-04 -2.8398060124603503e-03 0.0000000000000000e+00  1.7435016545219000e-03 -1.5005653146179347e-04 0.0000000000000000e+00  1.7520389308721733e-02 2.0111498029258424e-03 0.0000000000000000e+00  7.2573391498548202e-04 -8.8411001760876462e-04 0.0000000000000000e+00  1.8083938146963030e-03 -2.3114025015605589e-03 0.0000000000000000e+00  1.2564151127910473e-04 5.6998487695965171e-03 0.0000000000000000e+00  1.8038764709338117e-03 -3.2448563543805606e-05 0.0000000000000000e+00  1.8022813989928140e-03 -3.8979658093155214e-05 0.0000000000000000e+00  1.8129192508921377e-03 -1.1687513986409364e-04 0.0000000000000000e+00  6.7247631678178835e-02 -2.6425678611782947e-03 0.0000000000000000e+00  1.4514299175864634e-03 1.5009573653924733e-05 0.0000000000000000e+00  1.5075203043424374e-03 -1.6429900585678150e-05 0.0000000000000000e+00  1.5907573910315907e-03 -8.9094593238601619e-06 0.0000000000000000e+00  1.9227473623665739e-03 8.3995490089150866e-03 0.0000000000000000e+00  -4.8262914516524364e-04 -1.9848074334492872e-03 0.0000000000000000e+00  -2.5537455107193800e-03 5.5488327484703118e-03 0.0000000000000000e+00  1.7718882036638014e-03 2.0145737099040847e-03 0.0000000000000000e+00  -9.9737879838547922e-05 -7.5088220018204484e-03 0.0000000000000000e+00  3.2322337958696580e-02 -3.9152325233250112e-03 0.0000000000000000e+00  2.8537226935081476e-02 -5.2330724962039330e-03 0.0000000000000000e+00  5.3495821401421586e-03 6.3608308727276623e-03 0.0000000000000000e+00  4.6139826374488177e-03 -3.3391056413948992e-03 0.0000000000000000e+00  1.0024640383496963e-02 -9.3797742714742498e-03 0.0000000000000000e+00  7.9850454466795801e-03 -1.1021254471335435e-02 0.0000000000000000e+00  2.8440238710754538e-02 3.0909685450888335e-05 0.0000000000000000e+00  5.8542883643272368e-03 -4.3443090105005728e-03 0.0000000000000000e+00  -6.2183246440956387e-04 1.4083423861849579e-04 0.0000000000000000e+00  -1.6398189949024418e-03 2.0537816023829882e-05 0.0000000000000000e+00  2.7346094839460384e-03 -2.1028980340750343e-04 0.0000000000000000e+00  2.5634423149202812e-03 2.1692910883700954e-04 0.0000000000000000e+00  -1.2849677038880647e-03 -2.6230767953936297e-04 0.0000000000000000e+00  -1.2464076340338343e-03 -3.7270647652672660e-04 0.0000000000000000e+00  5.1733650858782950e-03 -2.5657336470481882e-03 0.0000000000000000e+00  5.2274046322145365e-03 2.6288355667714591e-03 0.0000000000000000e+00  2.1953435414810859e-04 8.2911325725462432e-04 0.0000000000000000e+00  -3.5709077450198452e-03 1.6651511980700776e-03 0.0000000000000000e+00  -3.6068301315679411e-03 1.0874885236022459e-03 0.0000000000000000e+00  1.8473059825763185e-03 -3.4162939490589503e-03 0.0000000000000000e+00  -8.7448292840232936e-03 4.3146542220500999e-03 0.0000000000000000e+00  -3.0865860385715853e-03 -3.5205582453798562e-03 0.0000000000000000e+00  -7.0639507080941027e-04 -6.9894741210250197e-04 0.0000000000000000e+00  -3.0406206838952252e-04 -9.5382036766020900e-04 0.0000000000000000e+00  1.6453505124612369e-03 1.1552580762532582e-03 0.0000000000000000e+00  4.6589181647177811e-04 -6.1651301326512845e-03 0.0000000000000000e+00  3.5132039075391631e-03 -6.7224882080624770e-04 0.0000000000000000e+00  -7.0422195140011065e-02 -5.9264052646090404e-03 0.0000000000000000e+00  -1.4482617108397456e-02 1.4189649279292447e-03 0.0000000000000000e+00  -1.2172695279053657e-03 -6.0555141272325354e-04 0.0000000000000000e+00  -1.1183444194669157e-03 -3.7614664372459685e-04 0.0000000000000000e+00  4.4056108611804538e-04 4.7949981560280420e-03 0.0000000000000000e+00  1.0265607830015223e-03 3.7258896046885124e-04 0.0000000000000000e+00  2.3800445123678968e-03 6.4971400841295980e-04 0.0000000000000000e+00  2.0302515370281514e-03 9.4883179015490637e-04 0.0000000000000000e+00  2.7796797132270055e-04 -1.1012602427896688e-03 0.0000000000000000e+00  1.1493144137630920e-04 8.5348457643698934e-04 0.0000000000000000e+00  4.4619420843082227e-03 -1.1870015832445013e-02 0.0000000000000000e+00  7.4567424924596836e-04 8.0090459842809924e-04 0.0000000000000000e+00  8.6703480793470100e-05 5.8670446512304221e-03 0.0000000000000000e+00  8.7509556037728504e-04 3.1435908301353371e-03 0.0000000000000000e+00  -1.4321359472483283e-03 6.5133658109444350e-03 0.0000000000000000e+00  -2.9621344859057672e-04 5.7259197474740318e-03 0.0000000000000000e+00  8.4134841773204547e-04 1.7766477194910498e-03 0.0000000000000000e+00  1.5334520947718896e-03 1.6967660644705541e-03 0.0000000000000000e+00  -4.3283982965670383e-02 -1.4932378385304676e-03 0.0000000000000000e+00  7.0289341526351596e-04 -6.6320655705202382e-03 0.0000000000000000e+00  -7.2898955940075639e-04 -9.5902538580188157e-03 0.0000000000000000e+00  -1.6114991580488315e-04 -6.4927769412504029e-04 0.0000000000000000e+00  1.0000000001317476e-01 0.0000000000000000e+00 0.0000000000000000e+00  -3.7893322219388444e-05 2.2425587170603280e-04 0.0000000000000000e+00  -2.0255280969365516e-03 1.0647498935441596e-02 0.0000000000000000e+00  -2.7684949473525755e-03 -2.5237416646326548e-03 0.0000000000000000e+00  1.3477665792559698e-04 -7.1720691330118104e-03 0.0000000000000000e+00  -9.2735927066501329e-04 -5.2602347885629677e-04 0.0000000000000000e+00  -2.7347600821794812e-03 4.2381671063930126e-03 0.0000000000000000e+00  -2.3552306626945679e-03 3.5982433751600273e-03 0.0000000000000000e+00  -4.9787836696515866e-04 5.1233655353545848e-03 0.0000000000000000e+00  -5.7088477729717901e-04 -1.0458717483052167e-03 0.0000000000000000e+00  2.9580237796003861e-03 6.0712264329241053e-03 0.0000000000000000e+00  2.1019440252402523e-03 5.6283536382675655e-03 0.0000000000000000e+00  2.6183350886338150e-03 4.8131753945451815e-03 0.0000000000000000e+00  1.0637350818704426e-02 -4.8432328968461358e-04 0.0000000000000000e+00  -3.7563481754732779e-02 4.0648371409769213e-04 0.0000000000000000e+00  1.6736173248263386e-02 -1.4698709871647901e-03 0.0000000000000000e+00  -1.2642903008773451e-03 -1.7443822761297132e-04 0.0000000000000000e+00  -1.8987774419522362e-03 1.9601104450036474e-03 0.0000000000000000e+00  -1.0000000001317476e-01 0.0000000000000000e+00 0.0000000000000000e+00  -1.0406332088814269e-03 -2.7493104886280894e-04 0.0000000000000000e+00  2.4093486556285184e-03 5.2210749285908934e-03 0.0000000000000000e+00  1.6043081613031729e-03 -4.8305635686844613e-05 0.0000000000000000e+00  1.4749756014675534e-03 -2.9629314925202283e-05 0.0000000000000000e+00  1.5972991028275049e-03 -8.0136136458954753e-03 0.0000000000000000e+00  -1.0597002109484364e-02 5.8578062053109246e-03 0.0000000000000000e+00  -1.4009485674739234e-02 6.1556834730286053e-03 0.0000000000000000e+00  -1.7489927460277461e-02 8.5807072839162359e-03 0.0000000000000000e+00  2.0831134016389744e-03 -4.0038621076205665e-03 0.0000000000000000e+00  -3.2962745385847576e-03 5.6046214906813226e-03 0.0000000000000000e+00  -3.8146208438237465e-03 7.1865256710483714e-03 0.0000000000000000e+00  9.4157005652137724e-03 -3.0461985531932013e-03 0.0000000000000000e+00  3.8397413600693145e-03 1.8765328285398977e-03 0.0000000000000000e+00  1.4009723759754163e-04 -5.5527176849831704e-03 0.0000000000000000e+00  8.6965691698082928e-04 -6.0315039234856817e-03 0.0000000000000000e+00  -3.8151292473748684e-03 4.7291491546634897e-03 0.0000000000000000e+00  2.9728685400442118e-04 4.4815162366095842e-04 0.0000000000000000e+00  3.8142076391525011e-04 3.2004558594247675e-04 0.0000000000000000e+00  1.5255894360874106e-02 4.3941954297529963e-03 0.0000000000000000e+00  -3.2341911440104203e-03 -6.9673263870312198e-03 0.0000000000000000e+00  -7.6964738300046003e-03 6.8495913606838685e-03 0.0000000000000000e+00  -8.8343127067715410e-03 6.2093889282582894e-03 0.0000000000000000e+00  -9.2421689017698153e-03 -4.2200901910336933e-03 0.0000000000000000e+00  2.1835532925182626e-03 -5.9270628979705292e-04 0.0000000000000000e+00  -1.0184477249548713e-03 -3.4885562394955539e-03 0.0000000000000000e+00  -6.1952218832528778e-03 -3.8657778131867609e-03 0.0000000000000000e+00  4.5741019394182826e-02 -1.1074346621270376e-02 0.0000000000000000e+00  9.4501350014851448e-04 9.5431040518117809e-04 0.0000000000000000e+00  3.4189655135757424e-04 -3.3964776948174125e-03 0.0000000000000000e+00  -3.2168844400774057e-03 -3.6235511661191432e-03 0.0000000000000000e+00  -1.1443787572917677e-04 6.7887086787168688e-04 0.0000000000000000e+00  -6.5450043224835907e-05 7.0261288723494678e-04 0.0000000000000000e+00  -9.4581032840907360e-03 -4.9556061537374199e-02 0.0000000000000000e+00  6.2740699252973511e-03 -6.6305038348781990e-03 0.0000000000000000e+00  7.1260702543619369e-03 -2.0952116419024431e-03 0.0000000000000000e+00  -9.6393939187068318e-04 6.8862601011338443e-03 0.0000000000000000e+00  -8.3525357369120521e-04 -2.2651926959736638e-03 0.0000000000000000e+00  1.1482907698591978e-03 1.2052001787668707e-03 0.0000000000000000e+00  1.1835526615763829e-04 -6.2513539290866725e-03 0.0000000000000000e+00  -2.4790863911862323e-04 -5.2792609827199922e-03 0.0000000000000000e+00  6.2640999095060993e-05 -1.4614667392997589e-02 0.0000000000000000e+00  -2.7690258914292313e-03 -1.8813890161527859e-03 0.0000000000000000e+00  -2.3705565499494347e-03 -2.7026347314561571e-03 0.0000000000000000e+00  -1.0000000001317476e-01 0.0000000000000000e+00 0.0000000000000000e+00  8.1499057386026039e-05 4.6108534983619638e-04 0.0000000000000000e+00  -1.8051447695341836e-03 -3.1025524701978096e-05 0.0000000000000000e+00  6.0094412702431336e-05 -4.6316041243713214e-04 0.0000000000000000e+00  -4.3634868424145710e-03 2.9139544639002046e-03 0.0000000000000000e+00  2.2585839272308707e-02 -1.7928711244293936e-03 0.0000000000000000e+00  -6.0625981891883796e-04 -7.3993485831467824e-05 0.0000000000000000e+00  -5.8544403206419312e-03 -3.0745569078969382e-03 0.0000000000000000e+00  2.0700742301405120e-03 -3.6690266061321702e-03 0.0000000000000000e+00  -3.7212187153246460e-03 -5.0526513851880351e-03 0.0000000000000000e+00  3.8705874855975682e-03 -1.0190342039210936e-03 0.0000000000000000e+00  2.6175080765013805e-03 -1.4719278641358647e-03 0.0000000000000000e+00  -1.1878931974643844e-03 -6.8562156987201405e-03 0.0000000000000000e+00  -9.4005123287232008e-04 -3.1574297461735945e-03 0.0000000000000000e+00  -2.3644224720396670e-03 2.8700198193912512e-04 0.0000000000000000e+00  -2.2095571648904373e-03 1.2038627646172416e-04 0.0000000000000000e+00  3.5551946431862624e-04 -3.7094793104678714e-04 0.0000000000000000e+00  1.9097345720409634e-03 -5.1654334547547110e-03 0.0000000000000000e+00  -2.3505103010808817e-03 -3.1578305920772908e-03 0.0000000000000000e+00  -8.7357661343761802e-05 -6.3188174955019485e-04 0.0000000000000000e+00  -5.9173617432321359e-05 7.5172915333558557e-04 0.0000000000000000e+00  3.2227282792998484e-04 -5.8961638377311269e-03 0.0000000000000000e+00  -1.0809203638617894e-04 -5.8321189330493720e-03 0.0000000000000000e+00  9.8906267476592935e-05 -5.7850317130053426e-03 0.0000000000000000e+00  2.8670037455731797e-04 -5.7859112080496265e-03 0.0000000000000000e+00  1.1942708626508447e-02 1.2191802370447545e-03 0.0000000000000000e+00  -2.9265066176662039e-03 1.2006558484257172e-03 0.0000000000000000e+00  -2.2338980717692214e-03 1.0029779890152739e-03 0.0000000000000000e+00  -5.5520120478277118e-02 2.2429809746602799e-02 0.0000000000000000e+00  4.3511421439302355e-03 5.7686501793304708e-03 0.0000000000000000e+00  4.4943998241420598e-03 7.3429068827271134e-03 0.0000000000000000e+00  3.8022062153969067e-03 6.7839295329802140e-03 0.0000000000000000e+00  8.2775755091656870e-04 -1.3358763139517181e-03 0.0000000000000000e+00  -8.8998421631858015e-03 8.8961356648515934e-03 0.0000000000000000e+00  1.8128203427683479e-03 6.9008813524136661e-05 0.0000000000000000e+00  4.6486795645803375e-03 2.5115128673306674e-03 0.0000000000000000e+00  4.4315707888749238e-03 2.3220219693006654e-03 0.0000000000000000e+00  -4.1396454488068612e-02 -8.8311089565729659e-04 0.0000000000000000e+00  -7.1121033955061225e-03 -4.6861472336766474e-03 0.0000000000000000e+00  -2.6370422905913683e-03 -3.0234587973974650e-03 0.0000000000000000e+00  -2.5490198288942879e-03 -3.0471455820977517e-03 0.0000000000000000e+00  1.2760879158583482e-02 -1.2056932765966326e-03 0.0000000000000000e+00  -9.3650469810329360e-04 3.3459834689635796e-04 0.0000000000000000e+00  1.7579735609613417e-03 9.6301504373117397e-06 0.0000000000000000e+00  -1.2592467242540082e-03 5.1518786310465661e-03 0.0000000000000000e+00  -4.6265221767740382e-03 1.7331479666096059e-03 0.0000000000000000e+00  1.0032658525756031e-02 4.3088317995158242e-03 0.0000000000000000e+00  4.1325700767567202e-03 -4.1932039523095380e-03 0.0000000000000000e+00  -9.2817864194302588e-05 1.4660294918229055e-03 0.0000000000000000e+00  -9.5207018991135452e-03 -1.2211162585750506e-03 0.0000000000000000e+00  3.6298750792982046e-03 5.1990377924725543e-04 0.0000000000000000e+00  3.1158852806713647e-03 1.1775239400128286e-03 0.0000000000000000e+00  3.4064879479976311e-03 1.3837805641074054e-03 0.0000000000000000e+00  3.0780549448606361e-03 -2.2098186389295058e-03 0.0000000000000000e+00  -2.4210039920066605e-03 -4.0579715711431420e-03 0.0000000000000000e+00  -1.0000000001317476e-01 0.0000000000000000e+00 0.0000000000000000e+00  -1.8381336736458703e-04 -3.1865463336209788e-04 0.0000000000000000e+00  -1.7324793244975615e-03 -3.8683645679061042e-05 0.0000000000000000e+00  -3.6817977621255056e-02 -1.3727950045265292e-02 0.0000000000000000e+00  -2.0288484760806174e-03 -1.0247681554506199e-02 0.0000000000000000e+00  -5.1232316621593584e-04 -4.7974801118851957e-04 0.0000000000000000e+00  -8.6236395930336211e-04 -2.4686851352941942e-03 0.0000000000000000e+00  -1.0843101133502970e-03 -2.1890152412879526e-03 0.0000000000000000e+00  -7.9842919013080359e-04 -8.6553875316572638e-03 0.0000000000000000e+00  3.9673308349857323e-03 3.0269299491378831e-03 0.0000000000000000e+00  4.6572288140146446e-02 7.8258343217594463e-05 0.0000000000000000e+00  1.0000000001317476e-01 0.0000000000000000e+00 0.0000000000000000e+00  -1.4601483196846296e-02 8.4704855478373205e-03 0.0000000000000000e+00  -1.1566515070773023e-03 -8.2473788846635753e-04 0.0000000000000000e+00  4.5872241724357303e-04 -1.3810354042904332e-03 0.0000000000000000e+00  1.9446501914169713e-03 7.3903807726322351e-04 0.0000000000000000e+00  1.9875976931317120e-03 1.5782704792857547e-04 0.0000000000000000e+00  1.4569803628118065e-03 6.5266814340151779e-04 0.0000000000000000e+00  -1.3815790939349485e-03 -2.3832675938417839e-04 0.0000000000000000e+00  1.5469769343127648e-03 2.4276689563494509e-04 0.0000000000000000e+00  -2.3951209403576649e-02 1.3237065730620750e-03 0.0000000000000000e+00  8.9308078426039144e-03 2.7048701244237906e-03 0.0000000000000000e+00  -2.8027459131338726e-04 -4.3952130943296743e-04 0.0000000000000000e+00  -7.9025965029361699e-04 4.5694858788351547e-03 0.0000000000000000e+00  2.9049929503841454e-03 -1.3074435970262718e-02 0.0000000000000000e+00  -2.0957457799443821e-03 -4.2315436574181413e-04 0.0000000000000000e+00  9.7250916675304512e-07 7.3190835637494190e-04 0.0000000000000000e+00  -1.8144585441650007e-03 5.2739443963621376e-04 0.0000000000000000e+00  -7.4426468275503019e-02 7.1912198249225335e-03 0.0000000000000000e+00  7.4462119175313702e-04 -1.9928662670386215e-03 0.0000000000000000e+00  5.6212689912530907e-04 -2.3002817259257656e-03 0.0000000000000000e+00  2.2810410020716139e-04 -2.0749708632457138e-03 0.0000000000000000e+00  -1.3144791486538246e-03 -3.0467009751661491e-03 0.0000000000000000e+00  -4.2499883812149126e-03 -3.6391901617158426e-03 0.0000000000000000e+00  -4.0530491628337174e-03 -3.8180496888398970e-03 0.0000000000000000e+00  3.3820160921689268e-03 5.2849334060617063e-03 0.0000000000000000e+00  -1.8246683862719205e-03 -3.3606133674272932e-04 0.0000000000000000e+00  -1.9003912934749650e-03 5.2775127420569866e-05 0.0000000000000000e+00  -2.5411912966836745e-03 -3.1595867498819597e-03 0.0000000000000000e+00  -9.2325593419244703e-04 -4.4569600696346976e-03 0.0000000000000000e+00  -7.7099753624205211e-05 -4.2229905423949738e-03 0.0000000000000000e+00  5.2586361540589725e-04 5.0679181810479661e-04 0.0000000000000000e+00  -2.2903053049824916e-04 8.7177410756391542e-04 0.0000000000000000e+00  9.5774616613758335e-06 7.7938704934273030e-04 0.0000000000000000e+00  4.5728981939267164e-03 2.5981407965588927e-03 0.0000000000000000e+00  2.0507868267685223e-03 -3.3166743693288404e-03 0.0000000000000000e+00  7.9831815068654105e-04 -6.4150267531578957e-04 0.0000000000000000e+00  -8.8600116812950715e-04 -9.5915682406410244e-03 0.0000000000000000e+00  1.0000000001317476e-01 0.0000000000000000e+00 0.0000000000000000e+00  -1.6792427135436636e-02 5.2832013521813097e-03 0.0000000000000000e+00  -6.7046578021015060e-03 2.1366712658774128e-05 0.0000000000000000e+00  -1.5100887085011455e-03 -4.1490427362915758e-03 0.0000000000000000e+00  3.7930897726634748e-03 1.0521455296393526e-04 0.0000000000000000e+00  -6.5255695914905468e-03 -7.3954830186475943e-03 0.0000000000000000e+00  -6.6891050586810575e-04 -1.4173901627833501e-04 0.0000000000000000e+00  -4.6141994099138817e-03 3.2197615599173618e-03 0.0000000000000000e+00  -2.1458882236769502e-02 1.1619231126717392e-02 0.0000000000000000e+00  -1.1545766145947009e-03 -2.6428773278997274e-03 0.0000000000000000e+00  -8.7876852005902063e-04 -7.9582319724340886e-04 0.0000000000000000e+00  1.3624837067706347e-03 -4.5079077399475228e-03 0.0000000000000000e+00  1.6310670197298028e-03 -5.4077639846445620e-05 0.0000000000000000e+00  -3.8609505890390130e-03 3.4317769856025779e-03 0.0000000000000000e+00  -3.3521052267205926e-03 3.1393198329695846e-03 0.0000000000000000e+00  -3.1980405938744350e-03 2.6872045653116104e-03 0.0000000000000000e+00  3.0164293865818412e-02 6.9742553507883649e-03 0.0000000000000000e+00  -2.9131620879655176e-03 6.0318451005844974e-03 0.0000000000000000e+00  -6.5229799582129655e-03 6.6985512192823367e-03 0.0000000000000000e+00  -7.5787504806812721e-03 5.8788797952212370e-03 0.0000000000000000e+00  -8.2747386961616876e-03 6.9302651439663706e-03 0.0000000000000000e+00  -2.8935225189046235e-02 4.2790664414573791e-03 0.0000000000000000e+00  -1.9078776996735015e-03 -1.6409699913673222e-04 0.0000000000000000e+00  3.8082915023963133e-05 5.4962275141285603e-04 0.0000000000000000e+00  2.6129512247882519e-03 8.2180057835535489e-03 0.0000000000000000e+00  -1.5795922556467910e-04 -3.2934597211725881e-03 0.0000000000000000e+00  -6.2983340882622613e-03 5.1155704101745010e-03 0.0000000000000000e+00  -2.8339296515445134e-03 3.8827541043283450e-03 0.0000000000000000e+00  1.3936848823522204e-03 3.3478000541638342e-03 0.0000000000000000e+00  9.1476929814468262e-04 -3.8517619768228307e-04 0.0000000000000000e+00  -2.3428264336452377e-02 -6.6331099069242951e-03 0.0000000000000000e+00  2.0145279097587656e-04 1.8688267651458633e-04 0.0000000000000000e+00  7.5138415188518194e-05 3.8613048372885574e-04 0.0000000000000000e+00  1.0000000001317476e-01 0.0000000000000000e+00 0.0000000000000000e+00  -1.2678302371352443e-03 -7.6361958540848785e-03 0.0000000000000000e+00  -2.4195795775456396e-03 -8.8433264327829834e-03 0.0000000000000000e+00  -3.9145614758660829e-04 -7.4829929660338535e-03 0.0000000000000000e+00  2.9154796679927461e-04 -8.0582685687304728e-03 0.0000000000000000e+00  4.2682072808584826e-02 -7.3238211298837675e-04 0.0000000000000000e+00  1.0000000001317476e-01 0.0000000000000000e+00 0.0000000000000000e+00  4.0909528721044815e-02 -3.4965141604451950e-04 0.0000000000000000e+00  -3.3276593524762710e-03 -6.8155936330082192e-04 0.0000000000000000e+00  -2.4750474843977894e-03 6.5805171339226197e-03 0.0000000000000000e+00  5.1042234409421716e-04 4.0272345207884274e-04 0.0000000000000000e+00  -9.4756715115636354e-04 8.6807188091965026e-04 0.0000000000000000e+00  4.0653497032443909e-03 4.0947146615682241e-04 0.0000000000000000e+00  -1.1497001556889121e-03 3.8608992705550091e-03 0.0000000000000000e+00  -1.2689369152206345e-03 3.5720974314069568e-03 0.0000000000000000e+00  -9.1630820809801092e-03 -1.0547763202120985e-02 0.0000000000000000e+00  -6.2139599699286734e-04 -6.7965365648818233e-03 0.0000000000000000e+00  4.5146253426656038e-03 -4.0283557862789098e-04 0.0000000000000000e+00  2.3320543383276868e-02 -1.6131150764143294e-02 0.0000000000000000e+00  -1.2148965838348248e-02 -7.3003861197710714e-03 0.0000000000000000e+00  1.7085364272224172e-02 4.6582349922930826e-03 0.0000000000000000e+00  -1.1025942405945073e-02 1.1145833686451634e-02 0.0000000000000000e+00  -4.9959627137180235e-04 -2.4919740938682110e-03 0.0000000000000000e+00  -2.6065751877778855e-02 7.7253603850905468e-03 0.0000000000000000e+00  9.3460894200801739e-03 6.5475948335493098e-03 0.0000000000000000e+00  1.0000000001317476e-01 0.0000000000000000e+00 0.0000000000000000e+00  -4.1332237347618417e-05 -4.4977637969722341e-04 0.0000000000000000e+00  -1.5249669269428870e-03 -5.7182903949624855e-04 0.0000000000000000e+00  -9.6895397937658573e-05 -2.4872375954010487e-04 0.0000000000000000e+00  -2.2535398872978158e-04 -6.0897091650294994e-04 0.0000000000000000e+00  -1.0000000001317476e-01 0.0000000000000000e+00 0.0000000000000000e+00  2.0118559818324551e-03 6.6806973419378745e-04 0.0000000000000000e+00  1.2387790693175773e-03 -1.7017882764143672e-04 0.0000000000000000e+00  -2.4734213109549410e-03 2.6020630398164316e-04 0.0000000000000000e+00  1.4808589618808545e-03 7.3010481360518071e-04 0.0000000000000000e+00  1.7480162749932285e-03 8.7905397088813505e-04 0.0000000000000000e+00  1.8009547675544204e-03 6.6303194240979291e-04 0.0000000000000000e+00  -3.9447270275090969e-03 2.4238357850153479e-03 0.0000000000000000e+00  -1.8982671280251603e-03 -5.8438312450921886e-03 0.0000000000000000e+00  -3.8614347182060597e-03 -4.9790764903515786e-03 0.0000000000000000e+00  -1.5959813365638538e-03 2.3087877467345210e-04 0.0000000000000000e+00  6.7979489203768401e-04 -1.4921698085352702e-03 0.0000000000000000e+00  1.9943493726309859e-02 -6.9595568387059029e-03 0.0000000000000000e+00  1.1503963057346949e-03 3.6203483791974429e-04 0.0000000000000000e+00  1.1458400234794993e-03 2.0263331934483036e-04 0.0000000000000000e+00  9.9972641304433272e-04 2.2768075541950347e-04 0.0000000000000000e+00  -2.3880933987048235e-03 9.9405632792139657e-03 0.0000000000000000e+00  -1.9200030430411829e-04 -5.5236844716507437e-03 0.0000000000000000e+00  2.8007975559638980e-03 6.0685160289197558e-03 0.0000000000000000e+00  -1.8655720132783576e-02 -3.0312040026404547e-03 0.0000000000000000e+00  2.8923063838602516e-03 4.6979799647888839e-03 0.0000000000000000e+00  5.6941817397550953e-03 5.2433504764337786e-03 0.0000000000000000e+00  -4.3391639696192304e-03 4.3002339195135995e-03 0.0000000000000000e+00  1.9015298680521338e-03 -4.5677111639953862e-03 0.0000000000000000e+00  1.4088653385726038e-03 -3.3042896646651588e-04 0.0000000000000000e+00  2.6075710333334508e-02 -4.6831433757316037e-03 0.0000000000000000e+00  -1.1910787554957874e-03 2.6443075131731041e-04 0.0000000000000000e+00  1.6680610650682947e-03 4.8453556729924126e-03 0.0000000000000000e+00  -7.2185973859979838e-02 4.0187799909582834e-03 0.0000000000000000e+00  1.0657712576650087e-01 -6.7611026286996268e-03 0.0000000000000000e+00  -7.5766019106466350e-04 -1.0980989410454757e-04 0.0000000000000000e+00  -3.2486858760763196e-02 -1.6711390720794857e-02 0.0000000000000000e+00  -9.2117372191439161e-04 -8.5473906837840537e-05 0.0000000000000000e+00  -9.7191796793782254e-04 -2.9595598010266672e-05 0.0000000000000000e+00  2.1786627448439626e-03 4.2940126330896127e-03 0.0000000000000000e+00  -1.5130837259054474e-03 4.9761606332315925e-03 0.0000000000000000e+00  8.3063520522504169e-05 -5.7654836297472880e-04 0.0000000000000000e+00  4.5042904425555167e-03 3.5059146750493417e-03 0.0000000000000000e+00  1.2088435459774512e-02 5.6318491653914145e-03 0.0000000000000000e+00  -2.0017080307193334e-03 5.1546874904383625e-03 0.0000000000000000e+00  -8.3740267157600488e-04 7.0855417305402593e-03 0.0000000000000000e+00  1.3757476510003876e-03 2.7388553398431776e-03 0.0000000000000000e+00  -3.2493991095694638e-04 -1.4028474437871431e-04 0.0000000000000000e+00  3.0619788577944168e-04 4.8481028703113559e-03 0.0000000000000000e+00  -5.6964202329126451e-04 -1.8030128244743597e-04 0.0000000000000000e+00  5.5200742604082143e-02 5.9631072645126232e-03 0.0000000000000000e+00  1.7363190172856906e-05 -5.8100059761602050e-04 0.0000000000000000e+00  -1.2473742030576960e-03 1.5344297421209898e-02 0.0000000000000000e+00  -1.0927767038254935e-01 -3.2421392521749118e-03 0.0000000000000000e+00  3.9268386600549345e-03 4.4168175715038642e-03 0.0000000000000000e+00  3.6842326530769115e-03 4.5014553315543071e-03 0.0000000000000000e+00  -1.5343678213234123e-03 5.7644797797224102e-03 0.0000000000000000e+00  -8.6251960322183898e-04 -9.4709347901588813e-03 0.0000000000000000e+00  8.9550182838675550e-04 -1.7174824818839868e-04 0.0000000000000000e+00  -1.2066148177488686e-03 2.1158480893918152e-03 0.0000000000000000e+00  -2.2776513622029702e-03 2.5826171828002170e-03 0.0000000000000000e+00  -2.0450518015237679e-03 1.4747753992154801e-03 0.0000000000000000e+00  -1.2984828292533690e-03 -9.0951559883889130e-04 0.0000000000000000e+00  4.7710504627244315e-03 -9.6880543969503734e-03 0.0000000000000000e+00  2.2751299291627622e-03 -1.6529639454453441e-04 0.0000000000000000e+00  2.6602170433070406e-03 -6.7104772743830699e-04 0.0000000000000000e+00  2.2044412503433837e-03 -5.8068603324975372e-04 0.0000000000000000e+00  8.5972333214043425e-04 2.3373169495400359e-04 0.0000000000000000e+00  7.9151565375123350e-04 4.0379873891325304e-04 0.0000000000000000e+00  1.2247834863413265e-02 -3.1037695394411356e-03 0.0000000000000000e+00  1.1245780890478591e-02 -1.7029177485939318e-03 0.0000000000000000e+00  1.0000000001317476e-01 0.0000000000000000e+00 0.0000000000000000e+00  5.8062303070420592e-03 8.2646475156391598e-03 0.0000000000000000e+00  -2.9635867447613363e-02 -1.7432450249224741e-03 0.0000000000000000e+00  -3.9723178763054342e-04 1.0646561255668210e-03 0.0000000000000000e+00  1.5670316037888876e-02 -1.4565127485267521e-02 0.0000000000000000e+00  -8.5484214687589748e-04 1.9920831089701618e-03 0.0000000000000000e+00  5.9500635510757625e-03 1.2038087352518880e-02 0.0000000000000000e+00  -3.2156991710735727e-03 -6.6339806632929243e-03 0.0000000000000000e+00  -2.1561314942130519e-03 8.3821923610529585e-03 0.0000000000000000e+00  2.2606268277827593e-02 -3.4618833547940396e-02 0.0000000000000000e+00  -3.0085666694173532e-02 4.8022760994114533e-03 0.0000000000000000e+00  -9.2721906837203674e-02 7.4915969670932437e-03 0.0000000000000000e+00  -8.0516825912748929e-03 1.1382405301093369e-02 0.0000000000000000e+00  -1.7209149877507233e-04 -5.6136879151098412e-03 0.0000000000000000e+00  -1.8513601440740763e-03 -9.5362699626685645e-05 0.0000000000000000e+00  1.1439497512753976e-03 5.7314941333129112e-03 0.0000000000000000e+00  1.2760062893043939e-03 5.2093762205410368e-03 0.0000000000000000e+00  -1.0886074830227864e-03 4.8620429639074005e-03 0.0000000000000000e+00  -1.3749540670491760e-03 4.6233971548400579e-03 0.0000000000000000e+00  -3.2561362187434485e-03 -2.4651675658865918e-03 0.0000000000000000e+00  -1.8746946973174701e-03 6.5855912944546716e-03 0.0000000000000000e+00  -1.6207197791855862e-02 3.6184514650920200e-03 0.0000000000000000e+00  -4.7701597569621528e-05 -5.6015305316720098e-04 0.0000000000000000e+00  -1.9384736543697729e-05 -5.3590327788829279e-04 0.0000000000000000e+00  -1.0994385050164463e-02 -4.5879359434861962e-04 0.0000000000000000e+00  2.1151277549335047e-03 -5.6516515051016694e-03 0.0000000000000000e+00  3.1364393713791353e-03 4.4966322929740968e-03 0.0000000000000000e+00  3.9485377939527276e-03 4.9594555307288617e-03 0.0000000000000000e+00  2.1086855708994301e-03 -7.9000758682166950e-04 0.0000000000000000e+00  8.4402096133253703e-03 -2.0960727594136627e-02 0.0000000000000000e+00  -2.2009677638386883e-02 2.1885889503254056e-03 0.0000000000000000e+00  1.5164248724522079e-03 3.8425599713788360e-03 0.0000000000000000e+00  -7.9971943414713161e-04 -1.3595382906457778e-03 0.0000000000000000e+00  7.6527583423890370e-04 3.3961482363737039e-03 0.0000000000000000e+00  -2.3018911621522135e-03 -1.1509023319167672e-03 0.0000000000000000e+00  -2.8417854748943525e-04 -5.0382136277233236e-04 0.0000000000000000e+00  -1.1294020765970306e-03 2.2143112203793151e-03 0.0000000000000000e+00  -2.1976312068955835e-02 -1.8476116533694863e-02 0.0000000000000000e+00  -6.6276744140415377e-04 -8.4331015278084551e-03 0.0000000000000000e+00  -1.7733533901671298e-03 -1.0331592091886871e-04 0.0000000000000000e+00  -5.6747474835466202e-03 -4.6582504860660200e-03 0.0000000000000000e+00  -6.4660059937522597e-03 -5.6485448139656207e-03 0.0000000000000000e+00  -4.8255556750822588e-03 6.2608818244375575e-03 0.0000000000000000e+00  1.0913880358999286e-03 -1.6928199126566299e-03 0.0000000000000000e+00  2.9033538126282080e-02 1.2449010470244187e-02 0.0000000000000000e+00  6.3932979342586234e-04 1.0236537324806632e-02 0.0000000000000000e+00  -3.7174455827454175e-04 6.4237962411248944e-04 0.0000000000000000e+00  -1.3120619099735945e-02 1.0457171093872711e-02 0.0000000000000000e+00  -2.6225270186993857e-03 -4.2291624669275338e-03 0.0000000000000000e+00  2.4057743474890838e-04 9.8328185636513171e-04 0.0000000000000000e+00  3.9523647371635269e-04 9.7278849481608766e-04 0.0000000000000000e+00  2.3494899502173112e-04 1.1295507035932626e-03 0.0000000000000000e+00  -1.3080978315888078e-03 -1.5947456415767686e-05 0.0000000000000000e+00  -2.0175453859799905e-03 1.0225458575331518e-04 0.0000000000000000e+00  4.5241714623467273e-03 2.7869988587456663e-03 0.0000000000000000e+00  5.4176623773484435e-03 1.0181423428043717e-02 0.0000000000000000e+00  3.8386249805504075e-03 1.6979130137143312e-03 0.0000000000000000e+00  1.6854471239277243e-03 -1.5110565933449465e-04 0.0000000000000000e+00  -9.9903451991203572e-04 -9.8007526137446361e-03 0.0000000000000000e+00  4.1156454583671294e-02 -7.3252909107384030e-03 0.0000000000000000e+00  -6.3276174129505466e-04 8.2754079721912414e-04 0.0000000000000000e+00  4.1299167497250450e-03 4.3410766025356656e-03 0.0000000000000000e+00  4.5443809104446526e-03 3.5048637895612614e-03 0.0000000000000000e+00  -3.8639190401141351e-03 4.6538386515985915e-03 0.0000000000000000e+00  -3.6968963925988895e-03 2.3134804967004973e-03 0.0000000000000000e+00  -5.1341719037373036e-03 1.8051916568044976e-03 0.0000000000000000e+00  -4.5340038590534421e-03 2.5948951677745823e-03 0.0000000000000000e+00  1.2984265157979515e-03 -2.1732873893970895e-03 0.0000000000000000e+00  -1.4862603644316406e-03 -2.9685219253746259e-03 0.0000000000000000e+00  -2.1781068590977740e-02 -1.7581109908592135e-04 0.0000000000000000e+00  1.2813302494216565e-03 -7.3763468649026495e-04 0.0000000000000000e+00  -2.1461204279857446e-03 1.5804327006498887e-03 0.0000000000000000e+00  3.1582508562176806e-03 -3.4218855872640099e-03 0.0000000000000000e+00  -1.0162174058025074e-02 1.4409450832874374e-02 0.0000000000000000e+00  -7.7494271025644083e-04 1.6881611266163513e-02 0.0000000000000000e+00  -7.7472130689121483e-04 5.6894097599781476e-03 0.0000000000000000e+00  -1.0000000001317476e-01 0.0000000000000000e+00 0.0000000000000000e+00  -8.7010140253405985e-05 9.8264349084322897e-04 0.0000000000000000e+00  -1.6722128062213251e-02 1.3920199784752460e-02 0.0000000000000000e+00  2.4450797816342653e-03 -2.0163626219936435e-03 0.0000000000000000e+00  1.7917825678750953e-03 -3.8133534456022424e-03 0.0000000000000000e+00  -2.1400182542890216e-04 5.8696988253978989e-03 0.0000000000000000e+00  -4.2644957830185537e-03 -5.4143765854951210e-04 0.0000000000000000e+00  -3.6225066070106082e-03 -9.9191155002062285e-04 0.0000000000000000e+00  -3.8806843943059673e-03 -1.6507294236233995e-03 0.0000000000000000e+00  -3.9016118183453942e-03 5.9022196059857774e-03 0.0000000000000000e+00  -1.5572878187103978e-04 4.9648754102653457e-03 0.0000000000000000e+00  1.0889901158330380e-03 -1.2208133844426193e-03 0.0000000000000000e+00  5.5861423412786075e-03 3.7687701086184262e-03 0.0000000000000000e+00  5.7554459793669474e-03 1.6024650840567966e-03 0.0000000000000000e+00  6.6622405044706604e-03 4.1258021580975329e-03 0.0000000000000000e+00  6.0632889531768387e-03 5.3565847170924750e-03 0.0000000000000000e+00  5.7987934470356411e-03 2.7337502394618376e-03 0.0000000000000000e+00  -3.6400637292489991e-03 -3.1498791032848975e-03 0.0000000000000000e+00  -7.6601900879218563e-03 2.6836184493227964e-03 0.0000000000000000e+00  -3.4605198441968782e-03 1.3160417798210170e-02 0.0000000000000000e+00  -1.0929318596455666e-03 -5.6372656238081828e-05 0.0000000000000000e+00  5.2471454157548359e-04 -4.9985933082907644e-04 0.0000000000000000e+00  1.0641549183895222e-02 -1.5642556581046791e-03 0.0000000000000000e+00  3.2194950778415485e-03 -8.0443480120815606e-04 0.0000000000000000e+00  4.2704211211928135e-03 -3.9833031864116028e-03 0.0000000000000000e+00  -5.4933924348353411e-03 7.1646765730399480e-03 0.0000000000000000e+00  1.9603347756523152e-03 -2.4238723718166054e-04 0.0000000000000000e+00  -1.8041165988314874e-03 3.7825099659386424e-06 0.0000000000000000e+00  5.9764533765758803e-04 6.0959060085711394e-05 0.0000000000000000e+00  3.0722366850863695e-03 -1.1203672983685761e-02 0.0000000000000000e+00  -2.5220022041027570e-03 -1.0162483504860450e-02 0.0000000000000000e+00  -3.8592644815735718e-04 4.1454499701970380e-03 0.0000000000000000e+00  -3.5079410366196712e-04 3.6513320439864236e-03 0.0000000000000000e+00  6.7445556899841150e-02 -7.3049044786329840e-04 0.0000000000000000e+00  -9.6458928826938638e-05 3.4056966185371370e-03 0.0000000000000000e+00  -6.1538224555076557e-03 8.5754533899090359e-03 0.0000000000000000e+00  -1.7152744656248639e-03 9.3504576502675494e-03 0.0000000000000000e+00  -6.5529700488022400e-03 8.6093768981848964e-03 0.0000000000000000e+00  9.5219539736437400e-03 -2.0169537026355902e-04 0.0000000000000000e+00  2.9016511514131076e-03 2.2785857070420543e-03 0.0000000000000000e+00  -6.4793480660478506e-02 6.2874928614241107e-05 0.0000000000000000e+00  -1.0000000001317476e-01 0.0000000000000000e+00 0.0000000000000000e+00  1.1609772059273304e-03 -6.1596673280001589e-04 0.0000000000000000e+00  -2.5071171619835421e-03 6.5591786336433797e-03 0.0000000000000000e+00  2.4103708066723346e-03 -2.9628839484175024e-03 0.0000000000000000e+00  -3.2287735849153257e-03 7.6399625317940547e-04 0.0000000000000000e+00  3.5952245619133932e-02 -3.3467656274766117e-03 0.0000000000000000e+00  -2.6009452905474937e-02 -4.3858457723140939e-03 0.0000000000000000e+00  -2.3469526921356221e-02 -1.8704475944786815e-03 0.0000000000000000e+00  2.1450596602046672e-02 5.8153211130943178e-03 0.0000000000000000e+00  1.8079599961096447e-02 4.7722338233287531e-03 0.0000000000000000e+00  2.1566520200352390e-02 2.1892496575143579e-03 0.0000000000000000e+00  5.5747283930920953e-04 2.1420243585937096e-03 0.0000000000000000e+00  1.8776163436630096e-04 -5.0542518771362122e-04 0.0000000000000000e+00  -7.5563045472905441e-04 9.5817412330254602e-04 0.0000000000000000e+00  1.0000000001317476e-01 0.0000000000000000e+00 0.0000000000000000e+00  -4.7938074753744748e-03 -5.4854203936705159e-03 0.0000000000000000e+00  -1.1051131702016593e-02 1.2294594989130351e-02 0.0000000000000000e+00  -1.2811932961766923e-02 1.1923928329176537e-02 0.0000000000000000e+00  -1.0000000001317476e-01 0.0000000000000000e+00 0.0000000000000000e+00  -1.0981906481146663e-03 -3.9686262539771218e-04 0.0000000000000000e+00  1.0000000001317476e-01 0.0000000000000000e+00 0.0000000000000000e+00  5.8073748194494096e-02 2.0911851380138585e-04 0.0000000000000000e+00  8.2194445209002858e-03 4.6326277612107440e-03 0.0000000000000000e+00  6.9191838977610812e-04 3.7088814564317629e-03 0.0000000000000000e+00  -6.9990513570988930e-05 6.6022484677954714e-03 0.0000000000000000e+00  -2.2634743152436036e-04 -3.0493260527112299e-04 0.0000000000000000e+00  2.4273318832723932e-03 -3.3053110951486281e-03 0.0000000000000000e+00  1.7045621005299292e-03 5.0656344309768101e-03 0.0000000000000000e+00  -9.1757030181735308e-05 5.7880261863448956e-04 0.0000000000000000e+00  -3.3953364587192315e-03 -3.4205684393960930e-03 0.0000000000000000e+00  -1.0519117259423968e-04 1.2762559955561987e-03 0.0000000000000000e+00  2.8398313432060375e-02 -5.0698197815551398e-03 0.0000000000000000e+00  6.8785401320287868e-04 -1.9045090071829001e-03 0.0000000000000000e+00  -2.0508408842711883e-03 -5.4862827689461015e-03 0.0000000000000000e+00  -4.2517526315011068e-03 -4.3879755102061253e-03 0.0000000000000000e+00  2.2522998400594249e-03 -1.2144877206280141e-03 0.0000000000000000e+00  5.2053486412229820e-06 -1.0358860344873979e-02 0.0000000000000000e+00  -1.2345238388980896e-03 -1.4431224688823327e-03 0.0000000000000000e+00  1.7323474307506386e-04 1.2551266471049637e-03 0.0000000000000000e+00  -1.9274653936218031e-03 2.7369449080267812e-03 0.0000000000000000e+00  -2.1894829997003727e-02 -6.6254967523987878e-04 0.0000000000000000e+00  -4.0729897800284949e-03 1.6900145995020367e-03 0.0000000000000000e+00  1.0426805914124414e-02 4.9630519539219922e-04 0.0000000000000000e+00  -5.6439511914407450e-02 -1.8066844932122361e-04 0.0000000000000000e+00  -1.0000000001317476e-01 0.0000000000000000e+00 0.0000000000000000e+00  1.4451546598426332e-03 -2.1556778234486557e-04 0.0000000000000000e+00  1.2598559207424424e-03 -3.2759429977588782e-04 0.0000000000000000e+00  8.9520001588550425e-04 2.4685816209925838e-03 0.0000000000000000e+00  1.6210802123417872e-04 5.4695526217172583e-03 0.0000000000000000e+00  -1.9102332856747635e-03 1.9780261457014062e-04 0.0000000000000000e+00  1.4708822905981642e-02 1.7306676796177933e-02 0.0000000000000000e+00  -2.7154934373855525e-04 -3.1774965728039600e-04 0.0000000000000000e+00  -5.7082167244987064e-04 -6.2038061359053051e-04 0.0000000000000000e+00  -1.5980684265780227e-03 -7.0111201622052909e-03 0.0000000000000000e+00  7.4975864413698483e-03 3.8503509985854836e-03 0.0000000000000000e+00  3.3436172913339167e-03 -1.4071425835306295e-03 0.0000000000000000e+00  5.2373963845661559e-03 1.7918370672874782e-03 0.0000000000000000e+00  1.6175810521791912e-03 3.2931468677680205e-03 0.0000000000000000e+00  -2.4097627395029430e-03 6.8821298364328334e-03 0.0000000000000000e+00  4.2293454659033519e-04 1.7891149153406603e-03 0.0000000000000000e+00  -9.8764955808542092e-04 7.8882079539478484e-04 0.0000000000000000e+00  1.9437017533687174e-03 3.8023488642174716e-03 0.0000000000000000e+00  -1.7497417911037959e-03 -4.7571186401020557e-05 0.0000000000000000e+00  -1.7203290057066633e-03 -6.1821907310940222e-05 0.0000000000000000e+00  2.6197159598043080e-03 4.3861609990974391e-04 0.0000000000000000e+00  2.6124774379275337e-02 3.9895632491581618e-03 0.0000000000000000e+00  2.1063850766231437e-03 -5.7573119980029444e-03 0.0000000000000000e+00  1.9474510360510719e-05 6.4718685021132615e-04 0.0000000000000000e+00  1.2070446462951408e-04 -4.5165486335479809e-04 0.0000000000000000e+00  1.2179400960691451e-03 3.9190306505861626e-03 0.0000000000000000e+00  1.8657676690021054e-03 4.3351999036090813e-03 0.0000000000000000e+00  1.4014553179138016e-03 4.9900788738104340e-03 0.0000000000000000e+00  9.6780905816834985e-03 -6.9796743389058434e-03 0.0000000000000000e+00  3.1330203144402106e-04 -9.7865196172169694e-04 0.0000000000000000e+00  2.2099524484793596e-04 -1.1737352185586288e-03 0.0000000000000000e+00  7.5202105925180644e-05 -1.0266750746513325e-03 0.0000000000000000e+00  1.6979626224068688e-03 6.1164860178675408e-03 0.0000000000000000e+00  1.0475171971158321e-03 6.7480474694683254e-03 0.0000000000000000e+00  1.6092778431272424e-03 7.2793315870286601e-03 0.0000000000000000e+00  3.2743719848994058e-03 1.3446126105961936e-03 0.0000000000000000e+00  5.6655448788811343e-03 2.9357640300155833e-03 0.0000000000000000e+00  -7.0569295084230502e-03 4.4372840477918318e-03 0.0000000000000000e+00  -3.6612616438113478e-03 1.4844220530781552e-04 0.0000000000000000e+00  -2.2073898974200308e-03 5.3753010927951592e-04 0.0000000000000000e+00  3.4143582205023223e-03 -3.9947606192860590e-03 0.0000000000000000e+00  -8.8206747646142852e-04 4.1242040852805511e-03 0.0000000000000000e+00  -6.4666503942024587e-04 4.3873657773921756e-03 0.0000000000000000e+00  -1.1355473582148707e-03 4.3248350284344076e-03 0.0000000000000000e+00  -6.3941809919041609e-02 1.3472607101222941e-04 0.0000000000000000e+00  4.9645872035319503e-04 -5.9904421666326707e-03 0.0000000000000000e+00  5.3207241023882815e-02 -5.0923735610165304e-05 0.0000000000000000e+00  -6.3297469870130386e-04 3.8729200478761199e-03 0.0000000000000000e+00  1.6353366873129891e-03 1.8318595349776391e-03 0.0000000000000000e+00  1.0849816208247103e-03 1.5689465799227054e-03 0.0000000000000000e+00  -6.0645441517002761e-05 -2.9216229169572302e-04 0.0000000000000000e+00  1.1209833376180653e-03 3.9855103584798676e-03 0.0000000000000000e+00  2.2688237133680024e-03 3.6777372996645570e-03 0.0000000000000000e+00  2.6244784911727739e-03 2.9748913261192569e-03 0.0000000000000000e+00  1.9607665760237214e-03 2.6999821851752580e-03 0.0000000000000000e+00  -2.8485128776112871e-03 -6.1653098696951339e-04 0.0000000000000000e+00  2.4267676228619879e-03 1.4224772957562165e-03 0.0000000000000000e+00  2.2089605044117088e-03 2.0521291399577925e-03 0.0000000000000000e+00  6.7615991247125271e-04 3.4976495323157525e-03 0.0000000000000000e+00  4.6667024395643956e-02 -3.2457561990701464e-05 0.0000000000000000e+00  -1.6549685019778552e-02 -1.2512651040397971e-03 0.0000000000000000e+00  8.0080009133999075e-04 4.5332216084593095e-03 0.0000000000000000e+00  -1.5984886513517883e-04 4.3558337087843298e-03 0.0000000000000000e+00  -2.7068964292199858e-04 -5.1787354637873335e-03 0.0000000000000000e+00  -6.9647625806370432e-04 -2.0302252119026132e-03 0.0000000000000000e+00  -1.0000000001317476e-01 0.0000000000000000e+00 0.0000000000000000e+00  1.0000000001317476e-01 0.0000000000000000e+00 0.0000000000000000e+00  1.1754344935952723e-05 6.9898700218535279e-04 0.0000000000000000e+00  -1.0000000001317476e-01 0.0000000000000000e+00 0.0000000000000000e+00  -1.0000000001317476e-01 0.0000000000000000e+00 0.0000000000000000e+00  1.0000000001317476e-01 0.0000000000000000e+00 0.0000000000000000e+00  -1.0000000001317476e-01 0.0000000000000000e+00 0.0000000000000000e+00  1.0000000001317476e-01 0.0000000000000000e+00 0.0000000000000000e+00  -4.8513767350111717e-05 -3.7660285100702172e-03 0.0000000000000000e+00  -1.4521342154550447e-04 -5.7916442090522012e-03 0.0000000000000000e+00  1.0000000001317476e-01 0.0000000000000000e+00 0.0000000000000000e+00  -3.9973105237380729e-04 -4.2837875119282843e-03 0.0000000000000000e+00  -2.3450713247638117e-05 -2.3458794554859167e-03 0.0000000000000000e+00  -1.0000000001317476e-01 0.0000000000000000e+00 0.0000000000000000e+00  -4.2500535358682031e-04 5.1982620770447616e-03 0.0000000000000000e+00  -1.0000000001317476e-01 0.0000000000000000e+00 0.0000000000000000e+00  8.1581133322268336e-05 7.1696389207393757e-05 0.0000000000000000e+00  8.7860350157235650e-04 9.9062874945494185e-03 0.0000000000000000e+00  1.4730885785523403e-04 -1.2271363264893960e-04 0.0000000000000000e+00  4.7310357760710033e-04 -4.0473353489222461e-03 0.0000000000000000e+00  -2.0061035489269576e-04 6.5316921382139181e-03 0.0000000000000000e+00  6.8713295571448012e-04 1.0107599226918089e-02 0.0000000000000000e+00  3.1497988991295834e-05 5.8997727635659851e-04 0.0000000000000000e+00  6.9736586161411645e-04 1.4689833631289515e-03 0.0000000000000000e+00  1.0000000001317476e-01 0.0000000000000000e+00 0.0000000000000000e+00  2.8416009685491069e-04 3.0689744717444481e-03 0.0000000000000000e+00  6.9489879109164282e-04 7.3499910754107117e-03 0.0000000000000000e+00  -1.0000000001317476e-01 0.0000000000000000e+00 0.0000000000000000e+00  2.5185167322052373e-05 -1.5260907174251314e-03 0.0000000000000000e+00  5.8287314783790482e-04 6.2407735757580764e-03 0.0000000000000000e+00  1.5926131803812744e-04 1.4564066135315439e-03 0.0000000000000000e+00  8.2191041099581271e-05 2.6611267798559327e-04 0.0000000000000000e+00  8.5077320282304285e-04 9.2636355527614834e-03 0.0000000000000000e+00  4.6939838760764644e-04 5.1239468905129697e-03 0.0000000000000000e+00  3.8615174298367970e-05 9.4369249824901563e-03 0.0000000000000000e+00  5.3187697119202093e-04 9.6824960438755218e-03 0.0000000000000000e+00  3.1166245710673531e-04 8.8592650756235784e-03 0.0000000000000000e+00  9.7442598815371332e-05 5.7142197302816307e-03 0.0000000000000000e+00  3.6270547322213081e-04 4.0654423087512883e-03 0.0000000000000000e+00  -3.7486010102153888e-05 -4.9538134187348854e-04 0.0000000000000000e+00  -8.3369657581215933e-04 -9.2772452747104783e-03 0.0000000000000000e+00  1.0997319822040829e-04 -3.0616098269583576e-03 0.0000000000000000e+00  -4.6911139336770914e-05 -3.3138270291488774e-03 0.0000000000000000e+00  5.9218560790281177e-05 3.6929660589222922e-03 0.0000000000000000e+00  5.2669378837588429e-05 3.1464314970454546e-03 0.0000000000000000e+00  4.0493575119568966e-05 4.5878887975768856e-03 0.0000000000000000e+00  -7.5707728128078039e-05 8.7836212191827673e-04 0.0000000000000000e+00  -1.0000000001317476e-01 0.0000000000000000e+00 0.0000000000000000e+00  1.0085484582354886e-04 -6.4674472063328946e-03 0.0000000000000000e+00  -1.0647108380656868e-05 -5.6471323302102153e-04 0.0000000000000000e+00  -6.7161987928620478e-05 -5.0718001303991711e-03 0.0000000000000000e+00  4.4374902523262898e-04 3.8917648883871080e-03 0.0000000000000000e+00  1.0000000001317476e-01 0.0000000000000000e+00 0.0000000000000000e+00  2.1370329116201858e-05 2.1633203143903703e-03 0.0000000000000000e+00  -3.4942906925069493e-05 1.2524293425238845e-03 0.0000000000000000e+00  -7.8891846423814594e-06 1.6788122611447272e-03 0.0000000000000000e+00  -1.6014332386890929e-05 4.8416778957395540e-04 0.0000000000000000e+00  -1.8719588560937902e-04 -5.7215155043827525e-03 0.0000000000000000e+00  7.7893228524774036e-05 -7.8623141216186180e-04 0.0000000000000000e+00  -1.0000000001317476e-01 0.0000000000000000e+00 0.0000000000000000e+00  -5.6927051752633361e-04 -9.1542725951816485e-03 0.0000000000000000e+00  -6.2020548580035088e-04 -2.7132051615523295e-03 0.0000000000000000e+00  -1.0000000001317476e-01 0.0000000000000000e+00 0.0000000000000000e+00  -8.0073852222779774e-04 1.4006516923045617e-03 0.0000000000000000e+00  -5.8978736289782545e-05 -1.0780855669574309e-04 0.0000000000000000e+00  -1.0000000001317476e-01 0.0000000000000000e+00 0.0000000000000000e+00  7.1990925206237295e-04 -1.8596800855014786e-03 0.0000000000000000e+00  -6.2488600480473284e-04 3.7694087029974880e-03 0.0000000000000000e+00  8.3144661061175886e-04 1.0264904133377648e-02 0.0000000000000000e+00  -1.2845788088993332e-04 5.7535140369774644e-04 0.0000000000000000e+00  -5.4156941754008769e-05 -3.3403754705800727e-04 0.0000000000000000e+00  5.3192959372036128e-04 3.3056970531682895e-03 0.0000000000000000e+00  -3.3731176228820882e-04 -4.7684166598521696e-03 0.0000000000000000e+00  3.7095244927074980e-04 4.4097361010953778e-03 0.0000000000000000e+00  6.4577366230372075e-04 2.0785736580215320e-03 0.0000000000000000e+00  2.9539951450001649e-04 -5.1863963691362530e-03 0.0000000000000000e+00  -8.7689963929088802e-04 3.0566238193353455e-04 0.0000000000000000e+00  -1.0000000001317476e-01 0.0000000000000000e+00 0.0000000000000000e+00  -1.4226524182856399e-04 1.5383601354924102e-04 0.0000000000000000e+00  -6.9359873255725121e-05 -1.3435726636614793e-04 0.0000000000000000e+00  1.0000000001317476e-01 0.0000000000000000e+00 0.0000000000000000e+00  1.0000000001317476e-01 0.0000000000000000e+00 0.0000000000000000e+00  -7.6127482803322406e-04 -9.5829058448318981e-03 0.0000000000000000e+00  -6.4288301078638304e-05 -2.3475832021191162e-04 0.0000000000000000e+00  -1.0000000001317476e-01 0.0000000000000000e+00 0.0000000000000000e+00  2.4358848982485457e-04 5.2470809491763602e-03 0.0000000000000000e+00  8.5680908067971233e-05 5.6800629346550656e-03 0.0000000000000000e+00  1.0000000001317476e-01 0.0000000000000000e+00 0.0000000000000000e+00  -9.6960821227702235e-05 -5.8440570045604871e-04 0.0000000000000000e+00  1.0000000001317476e-01 0.0000000000000000e+00 0.0000000000000000e+00  -4.3157325604805002e-06 6.2560082494009716e-04 0.0000000000000000e+00  1.0000000001317476e-01 0.0000000000000000e+00 0.0000000000000000e+00  1.0000000001317476e-01 0.0000000000000000e+00 0.0000000000000000e+00  5.0148344453624268e-02 1.8442471551060008e-04 0.0000000000000000e+00  1.0000000001317476e-01 0.0000000000000000e+00 0.0000000000000000e+00  -1.0000000001317476e-01 0.0000000000000000e+00 0.0000000000000000e+00  -7.9134509123612244e-04 -6.0014742842406401e-04 0.0000000000000000e+00  5.1818727791650931e-05 4.8591749357712659e-04 0.0000000000000000e+00  -6.2422609063726882e-05 -5.4109219748172633e-03 0.0000000000000000e+00  -2.6152576523533335e-04 -2.6837413104101493e-03 0.0000000000000000e+00  -1.0068552885709556e-04 -5.6571134325780117e-03 0.0000000000000000e+00  4.8213954835406407e-05 4.1719915744471304e-03 0.0000000000000000e+00  4.9874815840678675e-05 -3.3397539016261193e-06 0.0000000000000000e+00  -1.0000000001317476e-01 0.0000000000000000e+00 0.0000000000000000e+00  5.8249405262064105e-05 3.7757016900924375e-04 0.0000000000000000e+00  1.0000000001317476e-01 0.0000000000000000e+00 0.0000000000000000e+00  6.1941047559980382e-04 2.7532860880134027e-03 0.0000000000000000e+00  1.6379653770699215e-04 5.5188762296010333e-03 0.0000000000000000e+00  1.0000000001317476e-01 0.0000000000000000e+00 0.0000000000000000e+00  -1.0000000001317476e-01 0.0000000000000000e+00 0.0000000000000000e+00  1.0000000001317476e-01 0.0000000000000000e+00 0.0000000000000000e+00  1.0000000001317476e-01 0.0000000000000000e+00 0.0000000000000000e+00  -1.0000000001317476e-01 0.0000000000000000e+00 0.0000000000000000e+00  -6.2213286037224508e-02 -9.3898115546124021e-05 0.0000000000000000e+00  -1.0000000001317476e-01 0.0000000000000000e+00 0.0000000000000000e+00  -1.0000000001317476e-01 0.0000000000000000e+00 0.0000000000000000e+00  1.0000000001317476e-01 0.0000000000000000e+00 0.0000000000000000e+00  1.0000000001317476e-01 0.0000000000000000e+00 0.0000000000000000e+00  -7.1404674791228026e-04 -7.8052955985209371e-03 0.0000000000000000e+00  1.4360617337411574e-05 6.9407161745501560e-04 0.0000000000000000e+00  1.0000000001317476e-01 0.0000000000000000e+00 0.0000000000000000e+00  1.0000000001317476e-01 0.0000000000000000e+00 0.0000000000000000e+00  -1.0000000001317476e-01 0.0000000000000000e+00 0.0000000000000000e+00  -5.7674074186767565e-04 -3.3217897781292090e-03 0.0000000000000000e+00  -3.2247913553166984e-04 -8.4900186235450387e-03 0.0000000000000000e+00  7.5196049668984862e-04 -3.4361486139912253e-05 0.0000000000000000e+00  1.0000000001317476e-01 0.0000000000000000e+00 0.0000000000000000e+00  -5.2913391824135467e-05 -2.8292643227714942e-03 0.0000000000000000e+00  -7.3718008895568357e-04 2.5563494951241533e-03 0.0000000000000000e+00  -7.8654615193861927e-05 -6.7964991889923077e-05 0.0000000000000000e+00  8.0775769073515211e-05 5.5143441139894169e-03 0.0000000000000000e+00  -3.7489184084221560e-05 -4.2009071546993587e-04 0.0000000000000000e+00  1.4780731661142283e-02 -1.0515974409611431e-02 0.0000000000000000e+00  1.4490546721698500e-02 -1.3133796849783538e-02 0.0000000000000000e+00  -6.6259628937260075e-04 -6.0433960158926625e-03 0.0000000000000000e+00  -2.1775573329074196e-03 -1.2689442968857944e-02 0.0000000000000000e+00  1.7277113790233264e-03 1.9923175734907440e-03 0.0000000000000000e+00  -1.4543811791442667e-03 1.3527227477150768e-05 0.0000000000000000e+00  1.0656505414417853e-03 -7.5309839528148604e-04 0.0000000000000000e+00  1.2821859568764181e-03 -9.8318935366433630e-04 0.0000000000000000e+00  1.0143048288572543e-03 2.9435870909899436e-03 0.0000000000000000e+00  5.3506387420767750e-04 2.5573363298885435e-03 0.0000000000000000e+00  2.7763478535947490e-04 3.6966604075398254e-04 0.0000000000000000e+00  2.1785941884086562e-04 2.5836005089781164e-04 0.0000000000000000e+00  1.6870244302251414e-04 3.1257767829981006e-04 0.0000000000000000e+00  -1.0430271649009434e-04 -1.5164366487040488e-04 0.0000000000000000e+00  -6.5663538566901282e-04 2.3081026134335455e-03 0.0000000000000000e+00  1.6274482905686252e-03 4.4148589610200446e-03 0.0000000000000000e+00  4.5195480408903657e-03 6.5578937992517086e-03 0.0000000000000000e+00  1.5519564280341354e-03 -1.3351268369017505e-04 0.0000000000000000e+00  5.8970746743153335e-02 6.5496952306261652e-03 0.0000000000000000e+00  2.7865696922783782e-02 7.8909132814581669e-03 0.0000000000000000e+00  -4.4509616558872688e-03 1.5135693923447062e-02 0.0000000000000000e+00  -9.0789441032784728e-03 8.9278886538465586e-03 0.0000000000000000e+00  7.7603225647596308e-02 -5.0551736559166719e-06 0.0000000000000000e+00  6.5378204802450154e-03 -1.2469263420236448e-02 0.0000000000000000e+00  -4.0303305199112377e-03 -4.7338813649501514e-03 0.0000000000000000e+00  7.7713868738636697e-03 -1.5302394213837332e-02 0.0000000000000000e+00  -4.7451674954994069e-03 8.3574876074718144e-03 0.0000000000000000e+00  -6.3146524547828195e-03 9.2363835840876124e-03 0.0000000000000000e+00  3.1162129701374172e-04 -8.4966845535429153e-04 0.0000000000000000e+00  4.5073819700897023e-04 -9.7276570242591550e-04 0.0000000000000000e+00  -2.0268557817983311e-04 -8.0964055725642246e-04 0.0000000000000000e+00  8.8444673884971827e-04 -3.7109820855518124e-03 0.0000000000000000e+00  -1.0753685347302797e-03 1.1272937082824218e-05 0.0000000000000000e+00  -9.5225971742976252e-04 1.0422876872720469e-04 0.0000000000000000e+00  1.2295133280508957e-03 -7.2132700894799191e-03 0.0000000000000000e+00  2.0805912805034969e-03 -7.1059593122881348e-03 0.0000000000000000e+00  1.3759531009028856e-02 -7.4730243282720250e-03 0.0000000000000000e+00  3.1743787325781518e-04 -1.1212015820987610e-02 0.0000000000000000e+00  1.1201064041989539e-02 -1.0325891718613917e-02 0.0000000000000000e+00  2.9133420927400237e-03 -1.1683493884591717e-02 0.0000000000000000e+00  4.3542633896753056e-03 -2.3727838913113649e-04 0.0000000000000000e+00  -7.6435507681889931e-03 -2.3184898684893355e-03 0.0000000000000000e+00  1.2182993386039339e-02 -9.2847448612686893e-03 0.0000000000000000e+00  1.0992179099306019e-02 2.8974029699629027e-02 0.0000000000000000e+00  2.5195686574488253e-04 -1.9085719733982929e-03 0.0000000000000000e+00  1.9197797921896483e-04 -1.5252471186269060e-03 0.0000000000000000e+00  6.8596590614057097e-05 -1.7352198983952188e-03 0.0000000000000000e+00  9.3358841553728531e-04 5.6247252069705498e-03 0.0000000000000000e+00  1.0576056504853298e-03 4.8154976726963293e-05 0.0000000000000000e+00  -2.2332157304159054e-02 2.7365342961719824e-03 0.0000000000000000e+00  2.4737514563030988e-03 -2.7255401953524158e-04 0.0000000000000000e+00  -3.7121637398344225e-02 -1.6647514817623072e-04 0.0000000000000000e+00  -3.2644721330097645e-02 -3.6128120987840647e-03 0.0000000000000000e+00  -4.1424757250898711e-02 -8.7711526393062511e-03 0.0000000000000000e+00  -1.7207125558268009e-04 -5.0573286618644023e-04 0.0000000000000000e+00  -8.4409757830364865e-05 -4.8272357534980134e-04 0.0000000000000000e+00  -1.0163769955691195e-04 -5.4608813153241269e-04 0.0000000000000000e+00  -1.7257789720661006e-02 -2.7145777678667981e-03 0.0000000000000000e+00  -1.3977008934017396e-02 -2.8665028841569577e-03 0.0000000000000000e+00  -2.5003398277624755e-05 -8.0561039381020299e-04 0.0000000000000000e+00  -1.4455693864191897e-03 1.0909792385708278e-03 0.0000000000000000e+00  -1.4070940480544582e-03 8.7631160494357511e-04 0.0000000000000000e+00  -1.5593932724429125e-03 7.5899623370693473e-04 0.0000000000000000e+00  -1.1501278630952163e-03 1.1306202934088048e-03 0.0000000000000000e+00  -1.2427575185251043e-03 8.0136970632531596e-04 0.0000000000000000e+00  -1.5620047918549996e-03 -2.4641405476520462e-03 0.0000000000000000e+00  2.5044781699753119e-02 -7.6922190801300624e-03 0.0000000000000000e+00  -1.8566429668299459e-03 -7.5125882126821208e-03 0.0000000000000000e+00  4.0969898295029564e-03 -2.2500090989656845e-03 0.0000000000000000e+00  -6.8116605466874986e-04 5.4159082735017088e-03 0.0000000000000000e+00  1.3390356663963723e-03 -8.2689810602487864e-05 0.0000000000000000e+00  -1.6359203292438658e-03 1.4725767916846191e-03 0.0000000000000000e+00  -2.6838697465416702e-03 -3.2319503515155505e-03 0.0000000000000000e+00  -5.6876715456957916e-03 4.7389122455492039e-03 0.0000000000000000e+00  -3.8649411409666162e-04 1.6853890610599282e-03 0.0000000000000000e+00  4.7357380025365037e-04 -2.1186936183453906e-03 0.0000000000000000e+00  -5.0960041399801493e-04 5.6493546719474461e-03 0.0000000000000000e+00  -6.4284396705464040e-04 -5.0356291233370765e-03 0.0000000000000000e+00  -4.0173421313355910e-05 -5.1029094097217176e-04 0.0000000000000000e+00  1.9181803443423270e-03 4.5894491667001062e-05 0.0000000000000000e+00  2.0401185511905347e-03 -1.0233168810722327e-04 0.0000000000000000e+00  2.3749361074544362e-03 -3.6123613810961036e-03 0.0000000000000000e+00  1.8378971265729568e-03 1.2988166133426407e-03 0.0000000000000000e+00  -1.8431110603220730e-03 -3.2605793294547326e-06 0.0000000000000000e+00  -1.8397697026698212e-03 -3.8882682212135455e-05 0.0000000000000000e+00  -1.8305686274053363e-03 -1.9435381905087859e-05 0.0000000000000000e+00  6.6752384574054512e-03 -3.2494768043593789e-03 0.0000000000000000e+00  -1.6523973539669711e-03 -5.7983865683002454e-03 0.0000000000000000e+00  -1.9997279627330142e-03 -2.6659201855382993e-04 0.0000000000000000e+00  9.2356543111800932e-03 -5.4665159564679152e-03 0.0000000000000000e+00  -3.5314579658395160e-04 1.3073720965997547e-03 0.0000000000000000e+00  2.5782889666095894e-03 4.2059725758453901e-03 0.0000000000000000e+00  2.7363688603764375e-03 3.6503646882542380e-03 0.0000000000000000e+00  3.1656908759462934e-03 3.6470474207415090e-03 0.0000000000000000e+00  -3.8983990916094339e-05 6.7422433070055674e-04 0.0000000000000000e+00  -1.2715298974838406e-04 3.9104969792924417e-03 0.0000000000000000e+00  2.2696463728761242e-03 -1.0044958342969933e-03 0.0000000000000000e+00  4.8096005957568820e-03 1.6601003734909470e-02 0.0000000000000000e+00  3.0968636200646034e-03 -1.1235916629490847e-02 0.0000000000000000e+00  -2.6497271234163502e-03 1.2168970629435900e-03 0.0000000000000000e+00  -1.2020183443933918e-04 5.7131464645303271e-03 0.0000000000000000e+00  5.0188877919651463e-04 5.3621630187300116e-04 0.0000000000000000e+00  3.1121431161190410e-03 9.1298334052550853e-04 0.0000000000000000e+00  2.3904325766462035e-03 1.1795493951516745e-02 0.0000000000000000e+00  -2.5399880567478026e-02 3.6014097393355436e-03 0.0000000000000000e+00  -1.6906654484776889e-02 3.4583493656292052e-03 0.0000000000000000e+00  1.3796759798793059e-03 2.3737661821329925e-03 0.0000000000000000e+00  2.4108231582921000e-04 -2.6778157599014777e-03 0.0000000000000000e+00  -2.3845960210202152e-03 -4.1992275112804111e-03 0.0000000000000000e+00  3.7212295665499887e-03 -7.4090473869879289e-03 0.0000000000000000e+00  -1.3497960610094480e-03 4.0621150519291986e-03 0.0000000000000000e+00  1.5039217938597595e-03 1.2104938557882841e-04 0.0000000000000000e+00  7.3597653195729045e-03 6.7551965544025911e-04 0.0000000000000000e+00  -1.9944108747740824e-03 -2.9086011712616778e-03 0.0000000000000000e+00  -1.7589963238312635e-03 -3.0940629358881229e-03 0.0000000000000000e+00  -2.1402557558392742e-03 4.6543332874793893e-03 0.0000000000000000e+00  -2.0116195527806508e-03 4.8345893970778596e-03 0.0000000000000000e+00  1.0896992773233425e-02 -1.4108892741361997e-03 0.0000000000000000e+00  1.3373871645971270e-02 -8.2665339506552554e-04 0.0000000000000000e+00  -8.8469169692066037e-03 -3.7216360752190047e-04 0.0000000000000000e+00  -7.3767711170470499e-02 4.3964886675752269e-04 0.0000000000000000e+00  2.9158315665089758e-03 -8.9597580935554134e-03 0.0000000000000000e+00  1.0329337568138358e-03 1.0899887214842642e-02 0.0000000000000000e+00  -4.4820142982953039e-02 -3.6806693799056882e-03 0.0000000000000000e+00  5.2462341108937454e-03 -1.5651361556453724e-03 0.0000000000000000e+00  1.0790833994231190e-04 -4.1086697414987466e-03 0.0000000000000000e+00  9.8908728495521615e-04 1.1677472034953007e-04 0.0000000000000000e+00  -2.4949702770895605e-03 5.5346445132689768e-03 0.0000000000000000e+00  -5.0653016182921125e-02 -3.6056895119161922e-03 0.0000000000000000e+00  -1.4822579363099879e-03 6.3027576012837077e-03 0.0000000000000000e+00  -1.5319562292668487e-03 6.1692798013271493e-03 0.0000000000000000e+00  -1.8409730139696200e-03 6.1120596228464632e-03 0.0000000000000000e+00  -1.4293332361684963e-03 2.8710324339691180e-05 0.0000000000000000e+00  -1.5867100907089834e-03 -5.4445566667164592e-05 0.0000000000000000e+00  1.8307468529241203e-03 1.2875310060972008e-02 0.0000000000000000e+00  2.4384766802937566e-02 7.1270062575199454e-03 0.0000000000000000e+00  5.8766748943695222e-03 -5.4241081717901953e-03 0.0000000000000000e+00  1.0924669862074068e-03 5.7056598772039157e-05 0.0000000000000000e+00  1.7473902379303876e-03 -1.0208301899173159e-03 0.0000000000000000e+00  1.5324415271436094e-03 -7.3234013232243507e-04 0.0000000000000000e+00  1.5276655448252120e-03 -1.0293502010954188e-03 0.0000000000000000e+00  3.4636872265252961e-04 -4.9440164654301574e-04 0.0000000000000000e+00  1.1434536759699942e-04 -7.9965556204106270e-04 0.0000000000000000e+00  3.2574710602198192e-04 -6.3028948674841796e-04 0.0000000000000000e+00  -8.3573588417847830e-03 8.9454897457036005e-03 0.0000000000000000e+00  -6.1639473287667538e-03 -1.6591719774668959e-02 0.0000000000000000e+00  -7.0826439003610206e-04 1.2314376625638364e-03 0.0000000000000000e+00  1.3012093974841146e-03 -3.4855908328042190e-03 0.0000000000000000e+00  2.0947755726268988e-02 3.5856089438915727e-03 0.0000000000000000e+00  -1.8201092404638781e-03 5.8094094646456368e-03 0.0000000000000000e+00  2.4803277272602717e-02 3.8736977174337098e-03 0.0000000000000000e+00  -2.6184448480403005e-03 3.6721765957568116e-03 0.0000000000000000e+00  -3.1873278316938906e-03 4.2672156825385756e-03 0.0000000000000000e+00  -9.9444820102400286e-03 2.6094383953836838e-02 0.0000000000000000e+00  2.5283632765134446e-03 -3.2018954480364796e-03 0.0000000000000000e+00  1.2768807517962979e-03 -3.5184486251974988e-04 0.0000000000000000e+00  -1.8490872305716001e-03 4.8456175153790709e-06 0.0000000000000000e+00  8.3799287088604547e-03 -3.4474957133071782e-03 0.0000000000000000e+00  -3.7522252300987953e-04 -7.5330289422495637e-03 0.0000000000000000e+00  -2.8865067686843739e-05 -4.1906163463130220e-03 0.0000000000000000e+00  -1.8285772067722572e-03 -5.6132102089685926e-04 0.0000000000000000e+00  -1.8360200641514587e-03 -8.5734964557321748e-04 0.0000000000000000e+00  -2.0920949677305438e-03 -8.3342000966802503e-04 0.0000000000000000e+00  -1.1517133694090419e-03 1.3058684086012502e-04 0.0000000000000000e+00  -5.9224852266384437e-02 2.2938606083339519e-04 0.0000000000000000e+00  -1.2415263400745983e-02 1.3451413691817434e-02 0.0000000000000000e+00  -4.3077791748726723e-04 -5.6082500580878873e-03 0.0000000000000000e+00  -7.0533570458582401e-04 -9.4035266671894696e-04 0.0000000000000000e+00  2.2454262475440018e-03 -1.4173966987420441e-04 0.0000000000000000e+00  1.7847931450418825e-02 1.4961565664410891e-03 0.0000000000000000e+00  -9.0472462290567505e-04 -1.7731166518274814e-04 0.0000000000000000e+00  -2.6435727168278365e-03 1.3140061359144613e-03 0.0000000000000000e+00  -1.8079317725402928e-03 -1.0994825352285587e-03 0.0000000000000000e+00  -2.0352345242863434e-03 -6.5659762745474016e-05 0.0000000000000000e+00  -4.4417384059317164e-04 -9.3058264607324590e-04 0.0000000000000000e+00  1.3374842993366127e-03 1.0025250703837902e-02 0.0000000000000000e+00  9.7571021494949524e-04 1.0072900816738834e-02 0.0000000000000000e+00  -3.8250393149101354e-03 2.0100867646755927e-03 0.0000000000000000e+00  1.1774982805845269e-03 -3.3431833487682491e-03 0.0000000000000000e+00  -1.7465821248495109e-03 -2.3409506434399243e-04 0.0000000000000000e+00  -1.5093816723573919e-03 -3.7191096670208070e-05 0.0000000000000000e+00  -1.8633812652149725e-03 2.0248319090105518e-02 0.0000000000000000e+00  -4.2090873658550019e-03 3.6527452854781513e-03 0.0000000000000000e+00  4.8311368574852596e-03 -4.3878928009511301e-03 0.0000000000000000e+00  -2.2481751260159414e-03 6.2108315860384252e-03 0.0000000000000000e+00  -3.5194466706947995e-03 1.1408569621064816e-02 0.0000000000000000e+00  -2.2939379510048154e-04 1.2456393795727153e-03 0.0000000000000000e+00  -8.6964202893883105e-04 1.1299336173031279e-02 0.0000000000000000e+00  7.0671984986458445e-03 -7.2751461590329549e-03 0.0000000000000000e+00  -5.7512790697465037e-04 8.4508342174902870e-03 0.0000000000000000e+00  6.9516804782302722e-03 1.1481574046587754e-02 0.0000000000000000e+00  3.2775033502284827e-03 -4.0235525875821918e-03 0.0000000000000000e+00  1.7870991928638539e-03 -3.3375315057703530e-05 0.0000000000000000e+00  3.5661773321208567e-03 2.1708787081249205e-03 0.0000000000000000e+00  3.4663310299108420e-03 -3.5397086753997150e-04 0.0000000000000000e+00  4.1390500541167580e-03 -7.6295662230680273e-04 0.0000000000000000e+00  1.3157644458057433e-03 7.5606191449765110e-03 0.0000000000000000e+00  -7.1377715379622399e-04 5.2652203710433785e-03 0.0000000000000000e+00  -1.1820876708515287e-02 2.3219565809525855e-03 0.0000000000000000e+00  -4.0433248213639611e-04 5.5667751678099555e-03 0.0000000000000000e+00  -1.1998973617578903e-02 3.9452005477041550e-02 0.0000000000000000e+00  4.1389494279643778e-03 3.1658009700748463e-04 0.0000000000000000e+00  1.5678837342508356e-03 2.2488645417325243e-04 0.0000000000000000e+00  -7.8377672198358308e-04 6.2779373338022414e-04 0.0000000000000000e+00  1.5112100731854651e-02 9.6251661232170885e-03 0.0000000000000000e+00  -1.7940278530616512e-04 -4.5373691135035184e-04 0.0000000000000000e+00  -3.0271596575927274e-04 4.3049235121981889e-04 0.0000000000000000e+00  -1.0560723620318915e-04 3.2879915478126979e-04 0.0000000000000000e+00  1.5034883669908588e-03 -3.1320193060715876e-03 0.0000000000000000e+00  -5.6659073877457021e-02 -4.3775483744355303e-04 0.0000000000000000e+00  -1.4733820461563965e-03 -5.2650621826675729e-03 0.0000000000000000e+00  -8.8786379124362966e-04 -5.4368657462217120e-03 0.0000000000000000e+00  -8.4241594302728723e-04 -5.1311428103815266e-03 0.0000000000000000e+00  2.5109168941829930e-03 -1.4675584778973418e-03 0.0000000000000000e+00  9.4237012038080341e-04 -5.0390007205781690e-04 0.0000000000000000e+00  -1.0586669811099391e-04 1.0692938872604893e-03 0.0000000000000000e+00  2.5568355860780276e-03 -2.5613255065637722e-04 0.0000000000000000e+00  1.1265778017873028e-02 1.5301230260714378e-02 0.0000000000000000e+00  4.7220681412181040e-02 9.5452866325173701e-03 0.0000000000000000e+00  4.9118072262817700e-03 2.7534712831858992e-03 0.0000000000000000e+00  8.8054668507454327e-04 -4.0493028842234378e-03 0.0000000000000000e+00  5.9665893037194488e-02 1.2409549969845716e-03 0.0000000000000000e+00  -3.0943290695212685e-04 6.3291549574497046e-03 0.0000000000000000e+00  -6.0466027715202321e-03 5.7735198165696335e-03 0.0000000000000000e+00  -5.5277489482185721e-03 3.9790668454935839e-03 0.0000000000000000e+00  -1.3324126871054449e-02 -4.8878143141531322e-03 0.0000000000000000e+00  -3.3105071498850023e-03 2.2616717875537339e-03 0.0000000000000000e+00  8.4219478101321579e-04 -3.2312033548105097e-03 0.0000000000000000e+00  8.1909718178612388e-03 3.1288671459718718e-03 0.0000000000000000e+00  6.2124505287891780e-04 -4.0866836375498240e-04 0.0000000000000000e+00  -5.4043377862281314e-04 -2.5908687474498723e-04 0.0000000000000000e+00  2.5539230972616612e-02 -6.5780850771558052e-03 0.0000000000000000e+00  3.2806522753101356e-04 9.2504096124228647e-05 0.0000000000000000e+00  1.2424743313564045e-03 1.4982922411286717e-03 0.0000000000000000e+00  8.5390752149928112e-02 1.0921852078706249e-03 0.0000000000000000e+00  5.4863477851160851e-02 -6.5655956229262865e-03 0.0000000000000000e+00  2.0348108906302542e-03 -1.8353341059361608e-03 0.0000000000000000e+00  -2.0357310499366796e-03 -1.2985227966109481e-03 0.0000000000000000e+00  7.1802914974801440e-03 1.6868916971227136e-04 0.0000000000000000e+00  8.1519350562559590e-03 -8.5333782376212892e-05 0.0000000000000000e+00  6.6135381970385994e-03 -1.0003110012994974e-03 0.0000000000000000e+00  -1.7696241818541698e-03 -4.5961491430033883e-05 0.0000000000000000e+00  -1.7343842347784097e-03 -1.0725551616544178e-04 0.0000000000000000e+00  -2.9503496718306815e-03 -2.2602512605278510e-03 0.0000000000000000e+00  4.6930575686508500e-03 8.2497755713488192e-04 0.0000000000000000e+00  5.7210647976618199e-03 -7.0221269996299978e-03 0.0000000000000000e+00  -9.7539123757679823e-04 -7.3222306905457394e-03 0.0000000000000000e+00  -7.8082031623643580e-04 -6.5862365439767721e-03 0.0000000000000000e+00  1.5065532169342883e-03 -5.8533149364429797e-03 0.0000000000000000e+00  1.9953687639462899e-03 4.0224246276226864e-04 0.0000000000000000e+00  1.2537640716948669e-03 4.6051008559377590e-03 0.0000000000000000e+00  -3.8850842733730430e-03 2.6253633764864805e-02 0.0000000000000000e+00  -1.6040784500572019e-03 -2.0573063182581296e-05 0.0000000000000000e+00  -2.0537133714864285e-02 1.9341150614208547e-03 0.0000000000000000e+00  2.3070092622753105e-03 -2.6104604741110744e-03 0.0000000000000000e+00  -4.9279378784050643e-04 3.6555873361986827e-03 0.0000000000000000e+00  -2.4201971940536033e-03 1.4410649867433744e-03 0.0000000000000000e+00  -1.6702080507590866e-02 2.4761827633966683e-03 0.0000000000000000e+00  -2.5092753547334887e-03 2.3342950508324170e-03 0.0000000000000000e+00  -1.1026523291626463e-04 -5.6911800000224513e-03 0.0000000000000000e+00  5.4999292552616581e-04 5.9270996785627901e-03 0.0000000000000000e+00  1.1843403609618021e-04 4.0478058210760635e-04 0.0000000000000000e+00  1.6332544271689894e-03 5.1295288923379500e-05 0.0000000000000000e+00  -3.8160467959938991e-04 -4.0994628773688955e-04 0.0000000000000000e+00  3.2219810310778467e-02 -3.5403250974178811e-02 0.0000000000000000e+00  -2.8508978094528726e-03 -2.4335640164636300e-02 0.0000000000000000e+00  6.2273775674845259e-02 2.3814124880802839e-03 0.0000000000000000e+00  -6.9913062271539156e-03 1.1642392739260403e-02 0.0000000000000000e+00  -4.3050048841287384e-03 9.4314777684512338e-03 0.0000000000000000e+00  -5.6647545026455174e-03 1.0101010966976597e-02 0.0000000000000000e+00  -6.7574830433228550e-04 -1.5256790524237063e-03 0.0000000000000000e+00  4.1313354035680638e-04 -1.0358988922093901e-02 0.0000000000000000e+00  1.6212993768104002e-03 -3.0489792829098560e-03 0.0000000000000000e+00  -9.3300994900582995e-02 -2.1992127528174681e-02 0.0000000000000000e+00  -1.7885303914005207e-04 -2.5107316313527703e-04 0.0000000000000000e+00  6.3577609870644855e-02 -5.2308520437941352e-04 0.0000000000000000e+00  2.3356936128831681e-03 -3.0774754760158462e-03 0.0000000000000000e+00  2.1157137514687700e-03 2.7718554397165780e-03 0.0000000000000000e+00  2.5396929435322862e-03 9.8941367681413799e-03 0.0000000000000000e+00  1.8067993509761821e-03 9.9418657150892389e-03 0.0000000000000000e+00  1.8573399531727531e-03 1.0670097790975872e-02 0.0000000000000000e+00  -1.0288270706001398e-03 -4.9478603930603222e-03 0.0000000000000000e+00  -3.0579731531985258e-03 -1.4600455932622958e-02 0.0000000000000000e+00  -1.6505093878811143e-03 -1.5016657849431122e-02 0.0000000000000000e+00  -1.7096044521744977e-03 2.3564697016006581e-03 0.0000000000000000e+00  -7.0042843930496854e-02 -2.9511009201186147e-04 0.0000000000000000e+00  2.0186302644494070e-05 -5.7861552445143127e-03 0.0000000000000000e+00  6.1858749217138609e-04 1.9148857071139380e-04 0.0000000000000000e+00  -1.6246441927713830e-03 3.7494968548356556e-03 0.0000000000000000e+00  -1.0000000001317476e-01 0.0000000000000000e+00 0.0000000000000000e+00  -1.0000000001317476e-01 0.0000000000000000e+00 0.0000000000000000e+00  -1.0000000001317476e-01 0.0000000000000000e+00 0.0000000000000000e+00  -5.8163038692851381e-02 -2.1003502905982570e-02 0.0000000000000000e+00  -1.0000000001317476e-01 0.0000000000000000e+00 0.0000000000000000e+00  4.7752364983800026e-02 -8.4196559828473416e-03 0.0000000000000000e+00  -8.0538711919450640e-02 1.0276749077682786e-02 0.0000000000000000e+00  -4.2165501004393736e-02 1.0812734647839845e-02 0.0000000000000000e+00  </DataArray> 
</PointData> 
</Piece>
</UnstructuredGrid>
</VTKFile>