[[-3.46015428e-03  1.00377758e+00]
 [-3.45688766e-03  1.01115830e+00]
 [-3.45627272e-03  1.01853901e+00]
 [-3.45001435e-03  1.02591973e+00]
 [-3.44838056e-03  1.03330045e+00]
 [-3.44377854e-03  1.04068117e+00]
 [-3.44072092e-03  1.04806188e+00]
 [-3.43659944e-03  1.05544260e+00]
 [-3.43291809e-03  1.06282332e+00]
 [-3.42874696e-03  1.07020404e+00]
 [-3.42457276e-03  1.07758475e+00]
 [-3.42017498e-03  1.08496547e+00]
 [-3.41619572e-03  1.09234619e+00]
 [-3.41286783e-03  1.09972691e+00]
 [-3.40771950e-03  1.10710762e+00]
 [-3.40371373e-03  1.11448834e+00]
 [-3.39868821e-03  1.12186906e+00]
 [-3.39417008e-03  1.12924978e+00]
 [-3.38911171e-03  1.13663049e+00]
 [-3.38423441e-03  1.14401121e+00]
 [-3.37908609e-03  1.15139193e+00]
 [-3.37393582e-03  1.15877265e+00]
 [-3.36864241e-03  1.16615336e+00]
 [-3.36324911e-03  1.17353408e+00]
 [-3.35769534e-03  1.18091480e+00]
 [-3.35421603e-03  1.18829552e+00]
 [-3.34602119e-03  1.19567623e+00]
 [-3.34153107e-03  1.20305695e+00]
 [-3.33500848e-03  1.21043767e+00]
 [-3.32934058e-03  1.21781839e+00]
 [-3.32310385e-03  1.22519910e+00]
 [-3.31717827e-03  1.23257982e+00]
 [-3.31233446e-03  1.23996054e+00]
 [-3.30362688e-03  1.24734126e+00]
 [-3.29801714e-03  1.25472197e+00]
 [-3.29218224e-03  1.26210269e+00]
 [-3.28511405e-03  1.26948341e+00]
 [-3.27913839e-03  1.27686413e+00]
 [-3.27234274e-03  1.28424484e+00]
 [-3.26594188e-03  1.29162556e+00]
 [-3.25932442e-03  1.29900628e+00]
 [-3.25271485e-03  1.30638700e+00]
 [-3.24587447e-03  1.31376771e+00]
 [-3.23903670e-03  1.32114843e+00]
 [-3.23200063e-03  1.32852915e+00]
 [-3.22499125e-03  1.33590987e+00]
 [-3.21775939e-03  1.34329058e+00]
 [-3.21196164e-03  1.35067130e+00]
 [-3.20293866e-03  1.35805202e+00]
 [-3.19723290e-03  1.36543274e+00]
 [-3.18860325e-03  1.37281345e+00]
 [-3.18120706e-03  1.38019417e+00]
 [-3.17342034e-03  1.38757489e+00]
 [-3.16580971e-03  1.39495561e+00]
 [-3.15772199e-03  1.40233632e+00]
 [-3.14940751e-03  1.40971704e+00]
 [-3.14329518e-03  1.41709776e+00]
 [-3.13369162e-03  1.42447848e+00]
 [-3.12637979e-03  1.43185919e+00]
 [-3.11739896e-03  1.43923991e+00]
 [-3.10945227e-03  1.44662063e+00]
 [-3.10079182e-03  1.45400135e+00]
 [-3.09242061e-03  1.46138206e+00]
 [-3.08375389e-03  1.46876278e+00]
 [-3.07519833e-03  1.47614350e+00]
 [-3.06647560e-03  1.48352422e+00]
 [-3.05778522e-03  1.49090493e+00]
 [-3.04901599e-03  1.49828565e+00]
 [-3.04018897e-03  1.50566637e+00]
 [-3.03136573e-03  1.51304709e+00]
 [-3.02246960e-03  1.52042780e+00]
 [-3.01354773e-03  1.52780852e+00]
 [-3.00459619e-03  1.53518924e+00]
 [-2.99578127e-03  1.54256996e+00]
 [-2.98694025e-03  1.54995067e+00]
 [-2.97728943e-03  1.55733139e+00]
 [-2.96987838e-03  1.56471211e+00]
 [-2.96149509e-03  1.57209283e+00]
 [-2.95150020e-03  1.57947354e+00]
 [-2.94233526e-03  1.58685426e+00]
 [-2.93317708e-03  1.59423498e+00]
 [-2.92355511e-03  1.60161570e+00]
 [-2.91425552e-03  1.60899641e+00]
 [-2.90451562e-03  1.61637713e+00]
 [-2.89530850e-03  1.62375785e+00]
 [-2.88559729e-03  1.63113857e+00]
 [-2.87614449e-03  1.63851928e+00]
 [-2.86646597e-03  1.64590000e+00]
 [-2.85643285e-03  1.65328072e+00]
 [-2.84669881e-03  1.66066144e+00]
 [-2.83687783e-03  1.66804215e+00]
 [-2.82714023e-03  1.67542287e+00]
 [-2.81726247e-03  1.68280359e+00]
 [-2.80944074e-03  1.69018431e+00]
 [-2.79953423e-03  1.69756502e+00]
 [-2.78840176e-03  1.70494574e+00]
 [-2.77951778e-03  1.71232646e+00]
 [-2.76913297e-03  1.71970718e+00]
 [-2.75957322e-03  1.72708789e+00]
 [-2.74947387e-03  1.73446861e+00]
 [-2.73950489e-03  1.74184933e+00]
 [-2.72999889e-03  1.74923005e+00]
 [-2.72080507e-03  1.75661076e+00]
 [-2.70996419e-03  1.76399148e+00]
 [-2.70043064e-03  1.77137220e+00]
 [-2.68986439e-03  1.77875292e+00]
 [-2.67991628e-03  1.78613363e+00]
 [-2.66940302e-03  1.79351435e+00]
 [-2.65954032e-03  1.80089507e+00]
 [-2.64885552e-03  1.80827578e+00]
 [-2.63918203e-03  1.81565650e+00]
 [-2.62772828e-03  1.82303722e+00]
 [-2.61779511e-03  1.83041794e+00]
 [-2.60698143e-03  1.83779865e+00]
 [-2.59668829e-03  1.84517937e+00]
 [-2.58592425e-03  1.85256009e+00]
 [-2.57542731e-03  1.85994081e+00]
 [-2.56432532e-03  1.86732152e+00]
 [-2.55589739e-03  1.87470224e+00]
 [-2.54307103e-03  1.88208296e+00]
 [-2.53363527e-03  1.88946368e+00]
 [-2.52212966e-03  1.89684439e+00]
 [-2.51364966e-03  1.90422511e+00]
 [-2.50008870e-03  1.91160583e+00]
 [-2.49166032e-03  1.91898655e+00]
 [-2.47992009e-03  1.92636726e+00]
 [-2.47328555e-03  1.93374798e+00]
 [-2.45374053e-03  1.94112870e+00]
 [-2.42182297e-03  1.94850942e+00]
 [-2.37807082e-03  1.95589013e+00]
 [-2.32302201e-03  1.96327085e+00]
 [-2.25721447e-03  1.97065157e+00]
 [-2.18118615e-03  1.97803229e+00]
 [-2.09547497e-03  1.98541300e+00]
 [-2.00061887e-03  1.99279372e+00]
 [-1.89715579e-03  2.00017444e+00]
 [-1.78562367e-03  2.00755516e+00]
 [-1.66656044e-03  2.01493587e+00]
 [-1.54050404e-03  2.02231659e+00]
 [-1.40799240e-03  2.02969731e+00]
 [-1.26956347e-03  2.03707803e+00]
 [-1.12575517e-03  2.04445874e+00]
 [-9.77105447e-04  2.05183946e+00]
 [-8.24152232e-04  2.05922018e+00]
 [-6.67433464e-04  2.06660090e+00]
 [-5.07487077e-04  2.07398161e+00]
 [-3.44851009e-04  2.08136233e+00]
 [-1.80063197e-04  2.08874305e+00]
 [-1.36615750e-05  2.09612377e+00]
 [ 1.53815919e-04  2.10350448e+00]
 [ 3.21831350e-04  2.11088520e+00]
 [ 4.89846780e-04  2.11826592e+00]
 [ 6.57324274e-04  2.12564664e+00]
 [ 8.23725896e-04  2.13302735e+00]
 [ 9.88513709e-04  2.14040807e+00]
 [ 1.15114978e-03  2.14778879e+00]
 [ 1.31109616e-03  2.15516951e+00]
 [ 1.46781493e-03  2.16255022e+00]
 [ 1.62076815e-03  2.16993094e+00]
 [ 1.76941787e-03  2.17731166e+00]
 [ 1.91322617e-03  2.18469238e+00]
 [ 2.05165510e-03  2.19207309e+00]
 [ 2.18416674e-03  2.19945381e+00]
 [ 2.31022314e-03  2.20683453e+00]
 [ 2.42928637e-03  2.21421525e+00]
 [ 2.54081849e-03  2.22159596e+00]
 [ 2.64428157e-03  2.22897668e+00]
 [ 2.73913767e-03  2.23635740e+00]
 [ 2.82484885e-03  2.24373812e+00]
 [ 2.90087717e-03  2.25111883e+00]
 [ 2.96668471e-03  2.25849955e+00]
 [ 3.02173352e-03  2.26588027e+00]
 [ 3.06548567e-03  2.27326099e+00]
 [ 3.09740323e-03  2.28064170e+00]
 [ 3.11694824e-03  2.28802242e+00]
 [ 3.12358279e-03  2.29540314e+00]
 [ 2.32975492e-03  2.30278386e+00]
 [ 2.25535208e-03  2.31016457e+00]
 [ 2.18402541e-03  2.31754529e+00]
 [ 2.11736567e-03  2.32492601e+00]
 [ 2.05394170e-03  2.33230673e+00]
 [ 1.99441166e-03  2.33968744e+00]
 [ 1.93791729e-03  2.34706816e+00]
 [ 1.88170338e-03  2.35444888e+00]
 [ 1.83516848e-03  2.36182960e+00]
 [ 1.78676701e-03  2.36921031e+00]
 [ 1.74218275e-03  2.37659103e+00]
 [ 1.69948755e-03  2.38397175e+00]
 [ 1.65926470e-03  2.39135247e+00]
 [ 1.61884555e-03  2.39873318e+00]
 [ 1.58659811e-03  2.40611390e+00]
 [ 1.55018487e-03  2.41349462e+00]
 [ 1.51932530e-03  2.42087534e+00]
 [ 1.48813280e-03  2.42825605e+00]
 [ 1.45706351e-03  2.43563677e+00]
 [ 1.43405783e-03  2.44301749e+00]
 [ 1.40580639e-03  2.45039821e+00]
 [ 1.38298232e-03  2.45777892e+00]
 [ 1.35914480e-03  2.46515964e+00]
 [ 1.33788046e-03  2.47254036e+00]
 [ 1.31709614e-03  2.47992108e+00]
 [ 1.29787697e-03  2.48730179e+00]
 [ 1.27954427e-03  2.49468251e+00]
 [ 1.26232269e-03  2.50206323e+00]
 [ 1.24610286e-03  2.50944395e+00]
 [ 1.23078068e-03  2.51682466e+00]
 [ 1.21646197e-03  2.52420538e+00]
 [ 1.20291191e-03  2.53158610e+00]
 [ 1.19023569e-03  2.53896682e+00]
 [ 1.17829569e-03  2.54634753e+00]
 [ 1.16716467e-03  2.55372825e+00]
 [ 1.15632517e-03  2.56110897e+00]
 [ 1.14722937e-03  2.56848969e+00]
 [ 1.13771577e-03  2.57587040e+00]
 [ 1.12946050e-03  2.58325112e+00]
 [ 1.12134215e-03  2.59063184e+00]
 [ 1.11412572e-03  2.59801256e+00]
 [ 1.10724866e-03  2.60539327e+00]
 [ 1.10103532e-03  2.61277399e+00]
 [ 1.09520961e-03  2.62015471e+00]
 [ 1.08994829e-03  2.62753543e+00]
 [ 1.08508655e-03  2.63491614e+00]
 [ 1.08074183e-03  2.64229686e+00]
 [ 1.07674158e-03  2.64967758e+00]
 [ 1.07291986e-03  2.65705830e+00]
 [ 1.06781438e-03  2.66443901e+00]
 [ 1.06582027e-03  2.67181973e+00]
 [ 1.06286806e-03  2.67920045e+00]
 [ 1.06361821e-03  2.68658117e+00]
 [ 1.06012062e-03  2.69396188e+00]
 [ 1.05959285e-03  2.70134260e+00]
 [ 1.05795047e-03  2.70872332e+00]
 [ 1.05746079e-03  2.71610404e+00]
 [ 1.05675820e-03  2.72348475e+00]
 [ 1.05664393e-03  2.73086547e+00]
 [ 1.05662325e-03  2.73824619e+00]
 [ 1.05709729e-03  2.74562691e+00]
 [ 1.05734685e-03  2.75300762e+00]
 [ 1.05782022e-03  2.76038834e+00]
 [ 1.05867415e-03  2.76776906e+00]
 [ 1.05991957e-03  2.77514978e+00]
 [ 1.06201058e-03  2.78253049e+00]
 [ 1.06350089e-03  2.78991121e+00]
 [ 1.06572025e-03  2.79729193e+00]
 [ 1.06779352e-03  2.80467265e+00]
 [ 1.06974791e-03  2.81205336e+00]
 [ 1.07190697e-03  2.81943408e+00]
 [ 1.08165183e-03  2.82681480e+00]
 [ 1.08612146e-03  2.83419552e+00]
 [ 1.09262156e-03  2.84157623e+00]
 [ 1.09768658e-03  2.84895695e+00]
 [ 1.10333495e-03  2.85633767e+00]
 [ 1.10848097e-03  2.86371839e+00]
 [ 1.11396130e-03  2.87109910e+00]
 [ 1.11908015e-03  2.87847982e+00]
 [ 1.12369126e-03  2.88586054e+00]
 [ 1.12890685e-03  2.89324126e+00]
 [ 1.13371144e-03  2.90062197e+00]
 [ 1.13869081e-03  2.90800269e+00]
 [ 1.14354702e-03  2.91538341e+00]
 [ 1.14854697e-03  2.92276413e+00]
 [ 1.15346350e-03  2.93014484e+00]
 [ 1.15844107e-03  2.93752556e+00]
 [ 1.16341852e-03  2.94490628e+00]
 [ 1.16832340e-03  2.95228700e+00]
 [ 1.17340196e-03  2.95966771e+00]
 [ 1.17875005e-03  2.96704843e+00]
 [ 1.18320594e-03  2.97442915e+00]
 [ 1.18645503e-03  2.98180987e+00]
 [ 1.19483253e-03  2.98919058e+00]
 [ 1.19799206e-03  2.99657130e+00]
 [ 1.20420187e-03  3.00395202e+00]
 [ 1.20719797e-03  3.01133274e+00]
 [ 1.21449667e-03  3.01871345e+00]
 [ 1.21931774e-03  3.02609417e+00]
 [ 1.22421049e-03  3.03347489e+00]
 [ 1.23030988e-03  3.04085561e+00]
 [ 1.23523654e-03  3.04823632e+00]
 [ 1.24089122e-03  3.05561704e+00]
 [ 1.24626543e-03  3.06299776e+00]
 [ 1.25175522e-03  3.07037848e+00]
 [ 1.25729964e-03  3.07775919e+00]
 [ 1.26268690e-03  3.08513991e+00]
 [ 1.26843855e-03  3.09252063e+00]
 [ 1.27396141e-03  3.09990135e+00]
 [ 1.27757069e-03  3.10728206e+00]
 [ 1.28679229e-03  3.11466278e+00]
 [ 1.29052933e-03  3.12204350e+00]
 [ 1.29753944e-03  3.12942422e+00]
 [ 1.30280658e-03  3.13680493e+00]
 [ 1.30893567e-03  3.14418565e+00]
 [ 1.31509225e-03  3.15156637e+00]
 [ 1.32095327e-03  3.15894709e+00]
 [ 1.32622067e-03  3.16632780e+00]
 [ 1.33231990e-03  3.17370852e+00]
 [ 1.33827753e-03  3.18108924e+00]
 [ 1.34452747e-03  3.18846996e+00]
 [ 1.35080801e-03  3.19585067e+00]
 [ 1.35712876e-03  3.20323139e+00]
 [ 1.36375621e-03  3.21061211e+00]
 [ 1.37040710e-03  3.21799283e+00]
 [ 1.37674613e-03  3.22537354e+00]
 [ 1.38423679e-03  3.23275426e+00]
 [ 1.39040467e-03  3.24013498e+00]
 [ 1.39737892e-03  3.24751570e+00]
 [ 1.40395695e-03  3.25489641e+00]
 [ 1.41089252e-03  3.26227713e+00]
 [ 1.41769523e-03  3.26965785e+00]
 [ 1.42472242e-03  3.27703857e+00]
 [ 1.43170287e-03  3.28441928e+00]
 [ 1.43879043e-03  3.29180000e+00]
 [ 1.44602710e-03  3.29918072e+00]
 [ 1.45324676e-03  3.30656144e+00]
 [ 1.46058985e-03  3.31394215e+00]
 [ 1.46792262e-03  3.32132287e+00]
 [ 1.47490755e-03  3.32870359e+00]
 [ 1.48316203e-03  3.33608431e+00]
 [ 1.49192029e-03  3.34346502e+00]
 [ 1.50041757e-03  3.35084574e+00]
 [ 1.50900105e-03  3.35822646e+00]
 [ 1.51755946e-03  3.36560718e+00]
 [ 1.52428148e-03  3.37298789e+00]
 [ 1.53209722e-03  3.38036861e+00]
 [ 1.54432913e-03  3.38774933e+00]
 [ 1.55058909e-03  3.39513005e+00]
 [ 1.55875549e-03  3.40251076e+00]
 [ 1.56931243e-03  3.40989148e+00]
 [ 1.57676962e-03  3.41727220e+00]
 [ 1.58614082e-03  3.42465292e+00]
 [ 1.59490847e-03  3.43203363e+00]
 [ 1.60306573e-03  3.43941435e+00]
 [ 1.61190042e-03  3.44679507e+00]
 [ 1.62022534e-03  3.45417579e+00]
 [ 1.62907382e-03  3.46155650e+00]
 [ 1.63762368e-03  3.46893722e+00]
 [ 1.64629042e-03  3.47631794e+00]
 [ 1.65507950e-03  3.48369866e+00]
 [ 1.66379246e-03  3.49107937e+00]
 [ 1.67271293e-03  3.49846009e+00]
 [ 1.68145826e-03  3.50584081e+00]
 [ 1.69045780e-03  3.51322153e+00]
 [ 1.69932441e-03  3.52060224e+00]
 [ 1.70749700e-03  3.52798296e+00]
 [ 1.71790868e-03  3.53536368e+00]
 [ 1.72616602e-03  3.54274440e+00]
 [ 1.73575665e-03  3.55012511e+00]
 [ 1.74475906e-03  3.55750583e+00]
 [ 1.75406643e-03  3.56488655e+00]
 [ 1.76337412e-03  3.57226727e+00]
 [ 1.77199136e-03  3.57964798e+00]
 [ 1.78150309e-03  3.58702870e+00]
 [ 1.79846407e-03  3.59440942e+00]
 [ 1.81081156e-03  3.60179013e+00]
 [ 1.82505640e-03  3.60917085e+00]
 [ 1.83820566e-03  3.61655157e+00]
 [ 1.85127303e-03  3.62393229e+00]
 [ 1.86445008e-03  3.63131300e+00]
 [ 1.87742596e-03  3.63869372e+00]
 [ 1.88995163e-03  3.64607444e+00]
 [ 1.90341453e-03  3.65345516e+00]
 [ 1.91634521e-03  3.66083587e+00]
 [ 1.92858442e-03  3.66821659e+00]
 [ 1.94145179e-03  3.67559731e+00]
 [ 1.95415608e-03  3.68297803e+00]
 [ 1.96686840e-03  3.69035874e+00]
 [ 1.97956098e-03  3.69773946e+00]
 [ 1.99219959e-03  3.70512018e+00]
 [ 2.00512165e-03  3.71250090e+00]
 [ 2.01742783e-03  3.71988161e+00]
 [ 2.02955462e-03  3.72726233e+00]
 [ 2.04178537e-03  3.73464305e+00]
 [ 2.05144134e-03  3.74202377e+00]
 [ 2.06503882e-03  3.74940448e+00]
 [ 2.07832764e-03  3.75678520e+00]
 [ 2.08948449e-03  3.76416592e+00]
 [ 2.10252188e-03  3.77154664e+00]
 [ 2.11441445e-03  3.77892735e+00]
 [ 2.12484160e-03  3.78630807e+00]
 [ 2.14054359e-03  3.79368879e+00]
 [ 2.15116603e-03  3.80106951e+00]
 [ 2.16344995e-03  3.80845022e+00]
 [ 2.17740226e-03  3.81583094e+00]
 [ 2.18934749e-03  3.82321166e+00]
 [ 2.20243834e-03  3.83059238e+00]
 [ 2.21525292e-03  3.83797309e+00]
 [ 2.22808785e-03  3.84535381e+00]
 [ 2.24121973e-03  3.85273453e+00]
 [ 2.25419301e-03  3.86011525e+00]
 [ 2.26733877e-03  3.86749596e+00]
 [ 2.28052829e-03  3.87487668e+00]
 [ 2.29368062e-03  3.88225740e+00]
 [ 2.30702369e-03  3.88963812e+00]
 [ 2.32053745e-03  3.89701883e+00]
 [ 2.33385159e-03  3.90439955e+00]
 [ 2.34735894e-03  3.91178027e+00]
 [ 2.35941476e-03  3.91916099e+00]
 [ 2.37509521e-03  3.92654170e+00]
 [ 2.38733559e-03  3.93392242e+00]
 [ 2.40166434e-03  3.94130314e+00]
 [ 2.41484509e-03  3.94868386e+00]
 [ 2.42882464e-03  3.95606457e+00]
 [ 2.44253169e-03  3.96344529e+00]
 [ 2.45639553e-03  3.97082601e+00]
 [ 2.47028706e-03  3.97820673e+00]
 [ 2.48436232e-03  3.98558744e+00]
 [ 2.49838982e-03  3.99296816e+00]
 [ 2.51263607e-03  4.00034888e+00]
 [ 2.52679775e-03  4.00772960e+00]
 [ 2.54135254e-03  4.01511031e+00]
 [ 2.55552306e-03  4.02249103e+00]
 [ 2.57016301e-03  4.02987175e+00]
 [ 2.58469221e-03  4.03725247e+00]
 [ 2.59954230e-03  4.04463318e+00]
 [ 2.61430864e-03  4.05201390e+00]
 [ 2.61850567e-03  4.05939462e+00]
 [ 2.63086990e-03  4.06677534e+00]
 [ 2.65106102e-03  4.07415605e+00]
 [ 2.67873873e-03  4.08153677e+00]
 [ 2.71356274e-03  4.08891749e+00]
 [ 2.75519275e-03  4.09629821e+00]
 [ 2.80328845e-03  4.10367892e+00]
 [ 2.85750955e-03  4.11105964e+00]
 [ 2.91751574e-03  4.11844036e+00]
 [ 2.98296673e-03  4.12582108e+00]
 [ 3.05352222e-03  4.13320179e+00]
 [ 3.12884190e-03  4.14058251e+00]
 [ 3.20858548e-03  4.14796323e+00]
 [ 3.29241265e-03  4.15534395e+00]
 [ 3.37998313e-03  4.16272466e+00]
 [ 3.47095660e-03  4.17010538e+00]
 [ 3.56499277e-03  4.17748610e+00]
 [ 3.66175134e-03  4.18486682e+00]
 [ 3.76089201e-03  4.19224753e+00]
 [ 3.86207447e-03  4.19962825e+00]
 [ 3.96495844e-03  4.20700897e+00]
 [ 4.06920360e-03  4.21438969e+00]
 [ 4.17446966e-03  4.22177040e+00]
 [ 4.28041632e-03  4.22915112e+00]
 [ 4.38670329e-03  4.23653184e+00]
 [ 4.49299025e-03  4.24391256e+00]
 [ 4.59893691e-03  4.25129327e+00]
 [ 4.70420297e-03  4.25867399e+00]
 [ 4.80844813e-03  4.26605471e+00]
 [ 4.91133210e-03  4.27343543e+00]
 [ 5.01251456e-03  4.28081614e+00]
 [ 5.11165523e-03  4.28819686e+00]
 [ 5.20841380e-03  4.29557758e+00]
 [ 5.30244997e-03  4.30295830e+00]
 [ 5.39342344e-03  4.31033901e+00]
 [ 5.48099392e-03  4.31771973e+00]
 [ 5.56482109e-03  4.32510045e+00]
 [ 5.64456467e-03  4.33248117e+00]
 [ 5.71988435e-03  4.33986188e+00]
 [ 5.79043984e-03  4.34724260e+00]
 [ 5.85589083e-03  4.35462332e+00]
 [ 5.91589702e-03  4.36200404e+00]
 [ 5.97011812e-03  4.36938475e+00]
 [ 6.01821382e-03  4.37676547e+00]
 [ 6.05984383e-03  4.38414619e+00]
 [ 6.09466784e-03  4.39152691e+00]
 [ 6.12234555e-03  4.39890762e+00]
 [ 6.14253667e-03  4.40628834e+00]
 [ 6.15490090e-03  4.41366906e+00]
 [ 6.15909793e-03  4.42104978e+00]
 [ 5.65461423e-03  4.42843049e+00]
 [ 5.60595248e-03  4.43581121e+00]
 [ 5.55860840e-03  4.44319193e+00]
 [ 5.51418254e-03  4.45057265e+00]
 [ 5.47171352e-03  4.45795336e+00]
 [ 5.43151683e-03  4.46533408e+00]
 [ 5.39235675e-03  4.47271480e+00]
 [ 5.35699242e-03  4.48009552e+00]
 [ 5.32211508e-03  4.48747623e+00]
 [ 5.28996454e-03  4.49485695e+00]
 [ 5.25922660e-03  4.50223767e+00]
 [ 5.23020127e-03  4.50961839e+00]
 [ 5.20263576e-03  4.51699910e+00]
 [ 5.17659281e-03  4.52437982e+00]
 [ 5.14997219e-03  4.53176054e+00]
 [ 5.12953313e-03  4.53914126e+00]
 [ 5.10663583e-03  4.54652197e+00]
 [ 5.08506270e-03  4.55390269e+00]
 [ 5.06596737e-03  4.56128341e+00]
 [ 5.04748010e-03  4.56866413e+00]
 [ 5.03034356e-03  4.57604484e+00]
 [ 5.01455978e-03  4.58342556e+00]
 [ 4.99867733e-03  4.59080628e+00]
 [ 4.98517553e-03  4.59818700e+00]
 [ 4.97180019e-03  4.60556771e+00]
 [ 4.95993100e-03  4.61294843e+00]
 [ 4.94864477e-03  4.62032915e+00]
 [ 4.93786574e-03  4.62770987e+00]
 [ 4.92940988e-03  4.63509058e+00]
 [ 4.92027253e-03  4.64247130e+00]
 [ 4.91291903e-03  4.64985202e+00]
 [ 4.90583428e-03  4.65723274e+00]
 [ 4.89954876e-03  4.66461345e+00]
 [ 4.89392800e-03  4.67199417e+00]
 [ 4.88913755e-03  4.67937489e+00]
 [ 4.88501775e-03  4.68675561e+00]
 [ 4.88168035e-03  4.69413632e+00]
 [ 4.87907994e-03  4.70151704e+00]
 [ 4.87709949e-03  4.70889776e+00]
 [ 4.87577003e-03  4.71627848e+00]
 [ 4.87504041e-03  4.72365919e+00]
 [ 4.87491763e-03  4.73103991e+00]
 [ 4.87539892e-03  4.73842063e+00]
 [ 4.87640132e-03  4.74580135e+00]
 [ 4.87826342e-03  4.75318206e+00]
 [ 4.88048738e-03  4.76056278e+00]
 [ 4.88335088e-03  4.76794350e+00]
 [ 4.88665859e-03  4.77532422e+00]
 [ 4.89049059e-03  4.78270493e+00]
 [ 4.89478847e-03  4.79008565e+00]
 [ 4.89960976e-03  4.79746637e+00]
 [ 4.90471752e-03  4.80484709e+00]
 [ 4.91021182e-03  4.81222780e+00]
 [ 4.91712115e-03  4.81960852e+00]
 [ 4.92539151e-03  4.82698924e+00]
 [ 4.93261415e-03  4.83436996e+00]
 [ 4.94152216e-03  4.84175067e+00]
 [ 4.94993540e-03  4.84913139e+00]
 [ 4.95929801e-03  4.85651211e+00]
 [ 4.96495720e-03  4.86389283e+00]
 [ 4.98018931e-03  4.87127354e+00]
 [ 4.98711671e-03  4.87865426e+00]
 [ 4.99737129e-03  4.88603498e+00]
 [ 5.01021444e-03  4.89341570e+00]
 [ 5.02020939e-03  4.90079641e+00]
 [ 5.03211014e-03  4.90817713e+00]
 [ 5.04334571e-03  4.91555785e+00]
 [ 5.05514491e-03  4.92293857e+00]
 [ 5.06723075e-03  4.93031928e+00]
 [ 5.07974737e-03  4.93770000e+00]
 [ 5.09221162e-03  4.94508072e+00]
 [ 5.10533007e-03  4.95246144e+00]
 [ 5.11847951e-03  4.95984215e+00]
 [ 5.12966978e-03  4.96722287e+00]
 [ 5.14897364e-03  4.97460359e+00]
 [ 5.16894140e-03  4.98198431e+00]
 [ 5.18765961e-03  4.98936502e+00]
 [ 5.20603291e-03  4.99674574e+00]
 [ 5.22560894e-03  5.00412646e+00]
 [ 5.24426356e-03  5.01150718e+00]
 [ 5.26357876e-03  5.01888789e+00]
 [ 5.28260590e-03  5.02626861e+00]
 [ 5.30198920e-03  5.03364933e+00]
 [ 5.32132203e-03  5.04103005e+00]
 [ 5.34092037e-03  5.04841076e+00]
 [ 5.35737517e-03  5.05579148e+00]
 [ 5.38094905e-03  5.06317220e+00]
 [ 5.39889376e-03  5.07055292e+00]
 [ 5.42060904e-03  5.07793363e+00]
 [ 5.43987774e-03  5.08531435e+00]
 [ 5.46119744e-03  5.09269507e+00]
 [ 5.47726008e-03  5.10007579e+00]
 [ 5.50308105e-03  5.10745650e+00]
 [ 5.52105244e-03  5.11483722e+00]
 [ 5.54369936e-03  5.12221794e+00]
 [ 5.56392985e-03  5.12959866e+00]
 [ 5.58587181e-03  5.13697937e+00]
 [ 5.60703612e-03  5.14436009e+00]
 [ 5.62884077e-03  5.15174081e+00]
 [ 5.65064273e-03  5.15912153e+00]
 [ 5.67267815e-03  5.16650224e+00]
 [ 5.69481663e-03  5.17388296e+00]
 [ 5.71721932e-03  5.18126368e+00]
 [ 5.73927970e-03  5.18864440e+00]
 [ 5.76166504e-03  5.19602511e+00]
 [ 5.78422872e-03  5.20340583e+00]
 [ 5.80679802e-03  5.21078655e+00]
 [ 5.82990392e-03  5.21816727e+00]
 [ 5.85289581e-03  5.22554798e+00]
 [ 5.87617273e-03  5.23292870e+00]
 [ 5.89929494e-03  5.24030942e+00]
 [ 5.92336632e-03  5.24769014e+00]
 [ 5.94668670e-03  5.25507085e+00]
 [ 5.97095948e-03  5.26245157e+00]
 [ 5.99492397e-03  5.26983229e+00]
 [ 6.01882893e-03  5.27721301e+00]
 [ 6.04236376e-03  5.28459372e+00]
 [ 6.06630206e-03  5.29197444e+00]
 [ 6.08995997e-03  5.29935516e+00]
 [ 6.11469792e-03  5.30673588e+00]
 [ 6.13961142e-03  5.31411659e+00]
 [ 6.16259081e-03  5.32149731e+00]
 [ 6.18834621e-03  5.32887803e+00]
 [ 6.21268949e-03  5.33625875e+00]
 [ 6.23804723e-03  5.34363946e+00]
 [ 6.26305310e-03  5.35102018e+00]
 [ 6.28843967e-03  5.35840090e+00]
 [ 6.31404251e-03  5.36578162e+00]
 [ 6.33973882e-03  5.37316233e+00]
 [ 6.36565892e-03  5.38054305e+00]
 [ 6.39166626e-03  5.38792377e+00]
 [ 6.41816395e-03  5.39530448e+00]
 [ 6.44399735e-03  5.40268520e+00]
 [ 6.47065430e-03  5.41006592e+00]
 [ 6.49725637e-03  5.41744664e+00]
 [ 6.52404916e-03  5.42482735e+00]
 [ 6.55117757e-03  5.43220807e+00]
 [ 6.57812076e-03  5.43958879e+00]
 [ 6.60550886e-03  5.44696951e+00]
 [ 6.63275450e-03  5.45435022e+00]
 [ 6.66037149e-03  5.46173094e+00]
 [ 6.68798758e-03  5.46911166e+00]
 [ 6.71593637e-03  5.47649238e+00]
 [ 6.74387357e-03  5.48387309e+00]
 [ 6.77199273e-03  5.49125381e+00]
 [ 6.80009749e-03  5.49863453e+00]
 [ 6.82863892e-03  5.50601525e+00]
 [ 6.85543255e-03  5.51339596e+00]
 [ 6.88612581e-03  5.52077668e+00]
 [ 6.91373894e-03  5.52815740e+00]
 [ 6.94319739e-03  5.53553812e+00]
 [ 6.97200248e-03  5.54291883e+00]
 [ 7.00104175e-03  5.55029955e+00]
 [ 7.03043648e-03  5.55768027e+00]
 [ 7.05967467e-03  5.56506099e+00]
 [ 7.08672540e-03  5.57244170e+00]
 [ 7.11989961e-03  5.57982242e+00]
 [ 7.14753189e-03  5.58720314e+00]
 [ 7.17843006e-03  5.59458386e+00]
 [ 7.20768262e-03  5.60196457e+00]
 [ 7.23811717e-03  5.60934529e+00]
 [ 7.26817223e-03  5.61672601e+00]
 [ 7.29821105e-03  5.62410673e+00]
 [ 7.32879730e-03  5.63148744e+00]
 [ 7.35909633e-03  5.63886816e+00]
 [ 7.38976861e-03  5.64624888e+00]
 [ 7.41734607e-03  5.65362960e+00]
 [ 7.45261264e-03  5.66101031e+00]
 [ 7.48125339e-03  5.66839103e+00]
 [ 7.51145457e-03  5.67577175e+00]
 [ 7.54441598e-03  5.68315247e+00]
 [ 7.57475224e-03  5.69053318e+00]
 [ 7.60638565e-03  5.69791390e+00]
 [ 7.63878283e-03  5.70529462e+00]
 [ 7.66833830e-03  5.71267534e+00]
 [ 7.70160451e-03  5.72005605e+00]
 [ 7.73226709e-03  5.72743677e+00]
 [ 7.76458306e-03  5.73481749e+00]
 [ 7.79663623e-03  5.74219821e+00]
 [ 7.82851886e-03  5.74957892e+00]
 [ 7.86085641e-03  5.75695964e+00]
 [ 7.89314754e-03  5.76434036e+00]
 [ 7.92571091e-03  5.77172108e+00]
 [ 7.95662384e-03  5.77910179e+00]
 [ 7.99176704e-03  5.78648251e+00]
 [ 8.02305758e-03  5.79386323e+00]
 [ 8.05703625e-03  5.80124395e+00]
 [ 8.08927678e-03  5.80862466e+00]
 [ 8.12288313e-03  5.81600538e+00]
 [ 8.15592240e-03  5.82338610e+00]
 [ 8.18848153e-03  5.83076682e+00]
 [ 8.22280655e-03  5.83814753e+00]
 [ 8.25589719e-03  5.84552825e+00]
 [ 8.28996854e-03  5.85290897e+00]
 [ 8.32373852e-03  5.86028969e+00]
 [ 8.35655729e-03  5.86767040e+00]
 [ 8.39200274e-03  5.87505112e+00]
 [ 8.42593618e-03  5.88243184e+00]
 [ 8.46057823e-03  5.88981256e+00]
 [ 8.49503814e-03  5.89719327e+00]
 [ 8.53017406e-03  5.90457399e+00]
 [ 8.56421695e-03  5.91195471e+00]
 [ 8.59961460e-03  5.91933543e+00]
 [ 8.63438780e-03  5.92671614e+00]
 [ 8.66970928e-03  5.93409686e+00]
 [ 8.70491078e-03  5.94147758e+00]
 [ 8.74038098e-03  5.94885830e+00]
 [ 8.77589582e-03  5.95623901e+00]
 [ 8.81158839e-03  5.96361973e+00]
 [ 8.84737730e-03  5.97100045e+00]
 [ 8.88305708e-03  5.97838117e+00]
 [ 8.91950770e-03  5.98576188e+00]
 [ 8.95544683e-03  5.99314260e+00]
 [ 8.99191987e-03  6.00052332e+00]
 [ 9.02834997e-03  6.00790404e+00]
 [ 9.06500957e-03  6.01528475e+00]
 [ 9.10174361e-03  6.02266547e+00]
 [ 9.13842094e-03  6.03004619e+00]
 [ 9.17577664e-03  6.03742691e+00]
 [ 9.21273471e-03  6.04480762e+00]
 [ 9.25013314e-03  6.05218834e+00]
 [ 9.28832773e-03  6.05956906e+00]
 [ 9.32427838e-03  6.06694978e+00]
 [ 9.36338457e-03  6.07433049e+00]
 [ 9.39984814e-03  6.08171121e+00]
 [ 9.43845616e-03  6.08909193e+00]
 [ 9.47592555e-03  6.09647265e+00]
 [ 9.51418942e-03  6.10385336e+00]
 [ 9.55233000e-03  6.11123408e+00]
 [ 9.59074176e-03  6.11861480e+00]
 [ 9.62924256e-03  6.12599552e+00]
 [ 9.66780043e-03  6.13337623e+00]
 [ 9.70668407e-03  6.14075695e+00]
 [ 9.74552724e-03  6.14813767e+00]
 [ 9.78462468e-03  6.15551839e+00]
 [ 9.82378325e-03  6.16289910e+00]
 [ 9.86316803e-03  6.17027982e+00]
 [ 9.90209693e-03  6.17766054e+00]
 [ 9.94173690e-03  6.18504126e+00]
 [ 9.98065075e-03  6.19242197e+00]
 [ 1.00206181e-02  6.19980269e+00]
 [ 1.00601179e-02  6.20718341e+00]
 [ 1.01002253e-02  6.21456413e+00]
 [ 1.01402052e-02  6.22194484e+00]
 [ 1.01804479e-02  6.22932556e+00]
 [ 1.02182803e-02  6.23670628e+00]
 [ 1.02608920e-02  6.24408700e+00]
 [ 1.03014683e-02  6.25146771e+00]
 [ 1.03423415e-02  6.25884843e+00]
 [ 1.03831566e-02  6.26622915e+00]
 [ 1.04243492e-02  6.27360987e+00]
 [ 1.04630727e-02  6.28099058e+00]
 [ 1.05081672e-02  6.28837130e+00]
 [ 1.05473903e-02  6.29575202e+00]
 [ 1.05905666e-02  6.30313274e+00]
 [ 1.06313592e-02  6.31051345e+00]
 [ 1.06740585e-02  6.31789417e+00]
 [ 1.07157127e-02  6.32527489e+00]
 [ 1.07567529e-02  6.33265561e+00]
 [ 1.08010585e-02  6.34003632e+00]
 [ 1.08426824e-02  6.34741704e+00]
 [ 1.08858705e-02  6.35479776e+00]
 [ 1.09285704e-02  6.36217848e+00]
 [ 1.09716952e-02  6.36955919e+00]
 [ 1.10148602e-02  6.37693991e+00]
 [ 1.10582015e-02  6.38432063e+00]
 [ 1.11017061e-02  6.39170135e+00]
 [ 1.11452955e-02  6.39908206e+00]
 [ 1.11891230e-02  6.40646278e+00]
 [ 1.12330883e-02  6.41384350e+00]
 [ 1.12775602e-02  6.42122422e+00]
 [ 1.13211734e-02  6.42860493e+00]
 [ 1.13257921e-02  6.43598565e+00]
 [ 1.13393987e-02  6.44336637e+00]
 [ 1.13616187e-02  6.45074709e+00]
 [ 1.13920776e-02  6.45812780e+00]
 [ 1.14304008e-02  6.46550852e+00]
 [ 1.14762139e-02  6.47288924e+00]
 [ 1.15291424e-02  6.48026996e+00]
 [ 1.15888117e-02  6.48765067e+00]
 [ 1.16548475e-02  6.49503139e+00]
 [ 1.17268752e-02  6.50241211e+00]
 [ 1.18045203e-02  6.50979283e+00]
 [ 1.18874083e-02  6.51717354e+00]
 [ 1.19751647e-02  6.52455426e+00]
 [ 1.20674151e-02  6.53193498e+00]
 [ 1.21637849e-02  6.53931570e+00]
 [ 1.22638996e-02  6.54669641e+00]
 [ 1.23673848e-02  6.55407713e+00]
 [ 1.24738659e-02  6.56145785e+00]
 [ 1.25829685e-02  6.56883857e+00]
 [ 1.26943180e-02  6.57621928e+00]
 [ 1.28075400e-02  6.58360000e+00]
 [ 1.29222600e-02  6.59098072e+00]
 [ 1.30381035e-02  6.59836144e+00]
 [ 1.31546960e-02  6.60574215e+00]
 [ 1.32716629e-02  6.61312287e+00]
 [ 1.33886299e-02  6.62050359e+00]
 [ 1.35052224e-02  6.62788431e+00]
 [ 1.36210658e-02  6.63526502e+00]
 [ 1.37357858e-02  6.64264574e+00]
 [ 1.38490078e-02  6.65002646e+00]
 [ 1.39603574e-02  6.65740718e+00]
 [ 1.40694600e-02  6.66478789e+00]
 [ 1.41759411e-02  6.67216861e+00]
 [ 1.42794263e-02  6.67954933e+00]
 [ 1.43795410e-02  6.68693005e+00]
 [ 1.44759108e-02  6.69431076e+00]
 [ 1.45681612e-02  6.70169148e+00]
 [ 1.46559176e-02  6.70907220e+00]
 [ 1.47388056e-02  6.71645292e+00]
 [ 1.48164507e-02  6.72383363e+00]
 [ 1.48884784e-02  6.73121435e+00]
 [ 1.49545141e-02  6.73859507e+00]
 [ 1.50141835e-02  6.74597579e+00]
 [ 1.50671120e-02  6.75335650e+00]
 [ 1.51129251e-02  6.76073722e+00]
 [ 1.51512483e-02  6.76811794e+00]
 [ 1.51817072e-02  6.77549866e+00]
 [ 1.52039271e-02  6.78287937e+00]
 [ 1.52175337e-02  6.79026009e+00]
 [ 1.52221525e-02  6.79764081e+00]
 [ 1.56956961e-02  6.80502153e+00]
 [ 1.57566579e-02  6.81240224e+00]
 [ 1.58177505e-02  6.81978296e+00]
 [ 1.58801969e-02  6.82716368e+00]
 [ 1.59380673e-02  6.83454440e+00]
 [ 1.60052793e-02  6.84192511e+00]
 [ 1.60643140e-02  6.84930583e+00]
 [ 1.61286143e-02  6.85668655e+00]
 [ 1.61901264e-02  6.86406727e+00]
 [ 1.62535179e-02  6.87144798e+00]
 [ 1.63167544e-02  6.87882870e+00]
 [ 1.63797505e-02  6.88620942e+00]
 [ 1.64423881e-02  6.89359014e+00]
 [ 1.65052873e-02  6.90097085e+00]
 [ 1.65680693e-02  6.90835157e+00]
 [ 1.66307309e-02  6.91573229e+00]
 [ 1.66939588e-02  6.92311301e+00]
 [ 1.67555943e-02  6.93049372e+00]
 [ 1.68208478e-02  6.93787444e+00]
 [ 1.68825128e-02  6.94525516e+00]
 [ 1.69462391e-02  6.95263588e+00]
 [ 1.70092493e-02  6.96001659e+00]
 [ 1.70716346e-02  6.96739731e+00]
 [ 1.71350104e-02  6.97477803e+00]
 [ 1.71985662e-02  6.98215875e+00]
 [ 1.72603457e-02  6.98953946e+00]
 [ 1.73241606e-02  6.99692018e+00]
 [ 1.73865709e-02  7.00430090e+00]
 [ 1.74498251e-02  7.01168162e+00]
 [ 1.75125905e-02  7.01906233e+00]
 [ 1.75762189e-02  7.02644305e+00]
 [ 1.76365335e-02  7.03382377e+00]
 [ 1.76990724e-02  7.04120449e+00]
 [ 1.77602604e-02  7.04858520e+00]
 [ 1.78232237e-02  7.05596592e+00]
 [ 1.78847921e-02  7.06334664e+00]
 [ 1.79471278e-02  7.07072736e+00]
 [ 1.80090600e-02  7.07810807e+00]
 [ 1.80707159e-02  7.08548879e+00]
 [ 1.81334972e-02  7.09286951e+00]
 [ 1.81951463e-02  7.10025023e+00]
 [ 1.82578509e-02  7.10763094e+00]
 [ 1.83198947e-02  7.11501166e+00]
 [ 1.83822585e-02  7.12239238e+00]
 [ 1.84453799e-02  7.12977310e+00]
 [ 1.85078490e-02  7.13715381e+00]
 [ 1.85701719e-02  7.14453453e+00]
 [ 1.86323519e-02  7.15191525e+00]
 [ 1.86920548e-02  7.15929596e+00]
 [ 1.87583833e-02  7.16667668e+00]
 [ 1.88160642e-02  7.17405740e+00]
 [ 1.88821109e-02  7.18143812e+00]
 [ 1.89427685e-02  7.18881883e+00]
 [ 1.90065332e-02  7.19619955e+00]
 [ 1.90676999e-02  7.20358027e+00]
 [ 1.91309079e-02  7.21096099e+00]
 [ 1.91941114e-02  7.21834170e+00]
 [ 1.92557142e-02  7.22572242e+00]
 [ 1.93179001e-02  7.23310314e+00]
 [ 1.93798945e-02  7.24048386e+00]
 [ 1.94415912e-02  7.24786457e+00]
 [ 1.95036731e-02  7.25524529e+00]
 [ 1.95654012e-02  7.26262601e+00]
 [ 1.96251792e-02  7.27000673e+00]
 [ 1.96908350e-02  7.27738744e+00]
 [ 1.97506850e-02  7.28476816e+00]
 [ 1.98143269e-02  7.29214888e+00]
 [ 1.98759374e-02  7.29952960e+00]
 [ 1.99386410e-02  7.30691031e+00]
 [ 2.00005835e-02  7.31429103e+00]
 [ 2.00629809e-02  7.32167175e+00]
 [ 2.01252996e-02  7.32905247e+00]
 [ 2.01877083e-02  7.33643318e+00]
 [ 2.02500634e-02  7.34381390e+00]
 [ 2.03126088e-02  7.35119462e+00]
 [ 2.03750176e-02  7.35857534e+00]
 [ 2.04377106e-02  7.36595605e+00]
 [ 2.05005505e-02  7.37333677e+00]
 [ 2.05619713e-02  7.38071749e+00]
 [ 2.06244020e-02  7.38809821e+00]
 [ 2.06864011e-02  7.39547892e+00]
 [ 2.07489059e-02  7.40285964e+00]
 [ 2.08113732e-02  7.41024036e+00]
 [ 2.08741190e-02  7.41762108e+00]
 [ 2.09367310e-02  7.42500179e+00]
 [ 2.09995293e-02  7.43238251e+00]
 [ 2.10623073e-02  7.43976323e+00]
 [ 2.11252305e-02  7.44714395e+00]
 [ 2.11881785e-02  7.45452466e+00]
 [ 2.12511927e-02  7.46190538e+00]
 [ 2.13143143e-02  7.46928610e+00]
 [ 2.13773960e-02  7.47666682e+00]
 [ 2.14409616e-02  7.48404753e+00]
 [ 2.15037173e-02  7.49142825e+00]
 [ 2.15648108e-02  7.49880897e+00]
 [ 2.16328505e-02  7.50618969e+00]
 [ 2.16937848e-02  7.51357040e+00]
 [ 2.17587585e-02  7.52095112e+00]
 [ 2.18217306e-02  7.52833184e+00]
 [ 2.18861199e-02  7.53571256e+00]
 [ 2.19498153e-02  7.54309327e+00]
 [ 2.20137210e-02  7.55047399e+00]
 [ 2.20735161e-02  7.55785471e+00]
 [ 2.21452400e-02  7.56523543e+00]
 [ 2.22048989e-02  7.57261614e+00]
 [ 2.22739013e-02  7.57999686e+00]
 [ 2.23364410e-02  7.58737758e+00]
 [ 2.24026412e-02  7.59475830e+00]
 [ 2.24668714e-02  7.60213901e+00]
 [ 2.25322755e-02  7.60951973e+00]
 [ 2.25972125e-02  7.61690045e+00]
 [ 2.26624465e-02  7.62428117e+00]
 [ 2.27279363e-02  7.63166188e+00]
 [ 2.27930596e-02  7.63904260e+00]
 [ 2.28582715e-02  7.64642332e+00]
 [ 2.29238327e-02  7.65380404e+00]
 [ 2.29886457e-02  7.66118475e+00]
 [ 2.30559893e-02  7.66856547e+00]
 [ 2.31214806e-02  7.67594619e+00]
 [ 2.31877356e-02  7.68332691e+00]
 [ 2.32535787e-02  7.69070762e+00]
 [ 2.33202425e-02  7.69808834e+00]
 [ 2.33853004e-02  7.70546906e+00]
 [ 2.34534806e-02  7.71284978e+00]
 [ 2.35181049e-02  7.72023049e+00]
 [ 2.35856726e-02  7.72761121e+00]
 [ 2.36516689e-02  7.73499193e+00]
 [ 2.37187765e-02  7.74237265e+00]
 [ 2.37852757e-02  7.74975336e+00]
 [ 2.38520117e-02  7.75713408e+00]
 [ 2.39204621e-02  7.76451480e+00]
 [ 2.39857827e-02  7.77189552e+00]
 [ 2.40529513e-02  7.77927623e+00]
 [ 2.41216550e-02  7.78665695e+00]
 [ 2.41880295e-02  7.79403767e+00]
 [ 2.42555918e-02  7.80141839e+00]
 [ 2.43233625e-02  7.80879910e+00]
 [ 2.43908427e-02  7.81617982e+00]
 [ 2.44586663e-02  7.82356054e+00]
 [ 2.45264476e-02  7.83094126e+00]
 [ 2.45944220e-02  7.83832197e+00]
 [ 2.46624422e-02  7.84570269e+00]
 [ 2.47306255e-02  7.85308341e+00]
 [ 2.47988681e-02  7.86046413e+00]
 [ 2.48672499e-02  7.86784484e+00]
 [ 2.49357486e-02  7.87522556e+00]
 [ 2.50012075e-02  7.88260628e+00]
 [ 2.50754806e-02  7.88998700e+00]
 [ 2.51410243e-02  7.89736771e+00]
 [ 2.52111186e-02  7.90474843e+00]
 [ 2.52803739e-02  7.91212915e+00]
 [ 2.53493905e-02  7.91950987e+00]
 [ 2.54187526e-02  7.92689058e+00]
 [ 2.54880944e-02  7.93427130e+00]
 [ 2.55582103e-02  7.94165202e+00]
 [ 2.56271221e-02  7.94903274e+00]
 [ 2.56974112e-02  7.95641345e+00]
 [ 2.57669370e-02  7.96379417e+00]
 [ 2.58372862e-02  7.97117489e+00]
 [ 2.59044060e-02  7.97855561e+00]
 [ 2.59736568e-02  7.98593632e+00]
 [ 2.60435455e-02  7.99331704e+00]
 [ 2.61132635e-02  8.00069776e+00]
 [ 2.61826968e-02  8.00807848e+00]
 [ 2.62532582e-02  8.01545919e+00]
 [ 2.63211145e-02  8.02283991e+00]
 [ 2.63954809e-02  8.03022063e+00]
 [ 2.64637552e-02  8.03760135e+00]
 [ 2.65359530e-02  8.04498206e+00]
 [ 2.66063996e-02  8.05236278e+00]
 [ 2.66776705e-02  8.05974350e+00]
 [ 2.67490490e-02  8.06712422e+00]
 [ 2.68203959e-02  8.07450493e+00]
 [ 2.68921023e-02  8.08188565e+00]
 [ 2.69637299e-02  8.08926637e+00]
 [ 2.70356880e-02  8.09664709e+00]
 [ 2.71076169e-02  8.10402780e+00]
 [ 2.71798446e-02  8.11140852e+00]
 [ 2.72521115e-02  8.11878924e+00]
 [ 2.73246155e-02  8.12616996e+00]
 [ 2.73947999e-02  8.13355067e+00]
 [ 2.74717634e-02  8.14093139e+00]
 [ 2.75411526e-02  8.14831211e+00]
 [ 2.76175100e-02  8.15569283e+00]
 [ 2.76886219e-02  8.16307354e+00]
 [ 2.77634375e-02  8.17045426e+00]
 [ 2.78364074e-02  8.17783498e+00]
 [ 2.79107145e-02  8.18521570e+00]
 [ 2.79844874e-02  8.19259641e+00]
 [ 2.80583224e-02  8.19997713e+00]
 [ 2.81326065e-02  8.20735785e+00]
 [ 2.82065894e-02  8.21473857e+00]
 [ 2.82810146e-02  8.22211928e+00]
 [ 2.83552634e-02  8.22950000e+00]
 [ 2.84298235e-02  8.23688072e+00]
 [ 2.85044014e-02  8.24426144e+00]
 [ 2.85791882e-02  8.25164215e+00]
 [ 2.86539547e-02  8.25902287e+00]
 [ 2.87289142e-02  8.26640359e+00]
 [ 2.88011924e-02  8.27378431e+00]
 [ 2.88813742e-02  8.28116502e+00]
 [ 2.89537198e-02  8.28854574e+00]
 [ 2.90306857e-02  8.29592646e+00]
 [ 2.91051640e-02  8.30330718e+00]
 [ 2.91813978e-02  8.31068789e+00]
 [ 2.92566526e-02  8.31806861e+00]
 [ 2.93333449e-02  8.32544933e+00]
 [ 2.94067784e-02  8.33283005e+00]
 [ 2.94836522e-02  8.34021076e+00]
 [ 2.95584709e-02  8.34759148e+00]
 [ 2.96350558e-02  8.35497220e+00]
 [ 2.97103150e-02  8.36235292e+00]
 [ 2.97868758e-02  8.36973363e+00]
 [ 2.98624552e-02  8.37711435e+00]
 [ 2.99389906e-02  8.38449507e+00]
 [ 3.00150433e-02  8.39187579e+00]
 [ 3.00914100e-02  8.39925650e+00]
 [ 3.01675856e-02  8.40663722e+00]
 [ 3.02444105e-02  8.41401794e+00]
 [ 3.03185714e-02  8.42139866e+00]
 [ 3.04000099e-02  8.42877937e+00]
 [ 3.04744316e-02  8.43616009e+00]
 [ 3.05531010e-02  8.44354081e+00]
 [ 3.06295372e-02  8.45092153e+00]
 [ 3.07061811e-02  8.45830224e+00]
 [ 3.07851797e-02  8.46568296e+00]
 [ 3.08627735e-02  8.47306368e+00]
 [ 3.09404117e-02  8.48044440e+00]
 [ 3.10183858e-02  8.48782511e+00]
 [ 3.10962514e-02  8.49520583e+00]
 [ 3.11744016e-02  8.50258655e+00]
 [ 3.12525072e-02  8.50996727e+00]
 [ 3.13308517e-02  8.51734798e+00]
 [ 3.14091902e-02  8.52472870e+00]
 [ 3.14887255e-02  8.53210942e+00]
 [ 3.15659909e-02  8.53949014e+00]
 [ 3.16445590e-02  8.54687085e+00]
 [ 3.17246737e-02  8.55425157e+00]
 [ 3.18028333e-02  8.56163229e+00]
 [ 3.18812779e-02  8.56901301e+00]
 [ 3.19618484e-02  8.57639372e+00]
 [ 3.20378183e-02  8.58377444e+00]
 [ 3.21219741e-02  8.59115516e+00]
 [ 3.21986243e-02  8.59853588e+00]
 [ 3.22797118e-02  8.60591659e+00]
 [ 3.23584565e-02  8.61329731e+00]
 [ 3.24391022e-02  8.62067803e+00]
 [ 3.25180637e-02  8.62805875e+00]
 [ 3.25984054e-02  8.63543946e+00]
 [ 3.26783198e-02  8.64282018e+00]
 [ 3.27584650e-02  8.65020090e+00]
 [ 3.28386131e-02  8.65758162e+00]
 [ 3.29188271e-02  8.66496233e+00]
 [ 3.29992799e-02  8.67234305e+00]
 [ 3.30797006e-02  8.67972377e+00]
 [ 3.31603635e-02  8.68710449e+00]
 [ 3.32410531e-02  8.69448520e+00]
 [ 3.33218727e-02  8.70186592e+00]
 [ 3.34027951e-02  8.70924664e+00]
 [ 3.34838719e-02  8.71662736e+00]
 [ 3.35650278e-02  8.72400807e+00]
 [ 3.36461471e-02  8.73138879e+00]
 [ 3.37276326e-02  8.73876951e+00]
 [ 3.38089505e-02  8.74615023e+00]
 [ 3.38905513e-02  8.75353094e+00]
 [ 3.39722223e-02  8.76091166e+00]
 [ 3.40539379e-02  8.76829238e+00]
 [ 3.41357452e-02  8.77567310e+00]
 [ 3.42166158e-02  8.78305381e+00]
 [ 3.43010345e-02  8.79043453e+00]
 [ 3.43815283e-02  8.79781525e+00]
 [ 3.43838170e-02  8.80519597e+00]
 [ 3.43905595e-02  8.81257668e+00]
 [ 3.44015701e-02  8.81995740e+00]
 [ 3.44166633e-02  8.82733812e+00]
 [ 3.44356536e-02  8.83471884e+00]
 [ 3.44583553e-02  8.84209955e+00]
 [ 3.44845828e-02  8.84948027e+00]
 [ 3.45141507e-02  8.85686099e+00]
 [ 3.45468733e-02  8.86424171e+00]
 [ 3.45825650e-02  8.87162242e+00]
 [ 3.46210404e-02  8.87900314e+00]
 [ 3.46621137e-02  8.88638386e+00]
 [ 3.47055995e-02  8.89376458e+00]
 [ 3.47513122e-02  8.90114529e+00]
 [ 3.47990661e-02  8.90852601e+00]
 [ 3.48486758e-02  8.91590673e+00]
 [ 3.48999556e-02  8.92328745e+00]
 [ 3.49527200e-02  8.93066816e+00]
 [ 3.50067834e-02  8.93804888e+00]
 [ 3.50619603e-02  8.94542960e+00]
 [ 3.51180650e-02  8.95281031e+00]
 [ 3.51749120e-02  8.96019103e+00]
 [ 3.52323157e-02  8.96757175e+00]
 [ 3.52900906e-02  8.97495247e+00]
 [ 3.53480510e-02  8.98233318e+00]
 [ 3.54060114e-02  8.98971390e+00]
 [ 3.54637863e-02  8.99709462e+00]
 [ 3.55211900e-02  9.00447534e+00]
 [ 3.55780370e-02  9.01185605e+00]
 [ 3.56341417e-02  9.01923677e+00]
 [ 3.56893186e-02  9.02661749e+00]
 [ 3.57433820e-02  9.03399821e+00]
 [ 3.57961464e-02  9.04137892e+00]
 [ 3.58474262e-02  9.04875964e+00]
 [ 3.58970359e-02  9.05614036e+00]
 [ 3.59447899e-02  9.06352108e+00]
 [ 3.59905025e-02  9.07090179e+00]
 [ 3.60339883e-02  9.07828251e+00]
 [ 3.60750617e-02  9.08566323e+00]
 [ 3.61135370e-02  9.09304395e+00]
 [ 3.61492288e-02  9.10042466e+00]
 [ 3.61819513e-02  9.10780538e+00]
 [ 3.62115192e-02  9.11518610e+00]
 [ 3.62377468e-02  9.12256682e+00]
 [ 3.62604485e-02  9.12994753e+00]
 [ 3.62794387e-02  9.13732825e+00]
 [ 3.62945319e-02  9.14470897e+00]
 [ 3.63055425e-02  9.15208969e+00]
 [ 3.63122850e-02  9.15947040e+00]
 [ 3.63145737e-02  9.16685112e+00]
 [ 3.63349834e-02  9.17423184e+00]
 [ 3.63452726e-02  9.18161256e+00]
 [ 3.63611010e-02  9.18899327e+00]
 [ 3.63755726e-02  9.19637399e+00]
 [ 3.63925705e-02  9.20375471e+00]
 [ 3.64105615e-02  9.21113543e+00]
 [ 3.64298239e-02  9.21851614e+00]
 [ 3.64507931e-02  9.22589686e+00]
 [ 3.64723091e-02  9.23327758e+00]
 [ 3.64953019e-02  9.24065830e+00]
 [ 3.65204591e-02  9.24803901e+00]
 [ 3.65454056e-02  9.25541973e+00]
 [ 3.65709381e-02  9.26280045e+00]
 [ 3.65990644e-02  9.27018117e+00]
 [ 3.66262122e-02  9.27756188e+00]
 [ 3.66553758e-02  9.28494260e+00]
 [ 3.66848692e-02  9.29232332e+00]
 [ 3.67147955e-02  9.29970404e+00]
 [ 3.67465864e-02  9.30708475e+00]
 [ 3.67776871e-02  9.31446547e+00]
 [ 3.68112150e-02  9.32184619e+00]
 [ 3.68439678e-02  9.32922691e+00]
 [ 3.68782785e-02  9.33660762e+00]
 [ 3.69128670e-02  9.34398834e+00]
 [ 3.69487553e-02  9.35136906e+00]
 [ 3.69837135e-02  9.35874978e+00]
 [ 3.70211396e-02  9.36613049e+00]
 [ 3.70580747e-02  9.37351121e+00]
 [ 3.70959205e-02  9.38089193e+00]
 [ 3.71343843e-02  9.38827265e+00]
 [ 3.71717043e-02  9.39565336e+00]
 [ 3.72130704e-02  9.40303408e+00]
 [ 3.72523490e-02  9.41041480e+00]
 [ 3.72931110e-02  9.41779552e+00]
 [ 3.73338417e-02  9.42517623e+00]
 [ 3.73749227e-02  9.43255695e+00]
 [ 3.74171732e-02  9.43993767e+00]
 [ 3.74588850e-02  9.44731839e+00]
 [ 3.75016378e-02  9.45469910e+00]
 [ 3.75446247e-02  9.46207982e+00]
 [ 3.75877584e-02  9.46946054e+00]
 [ 3.76312752e-02  9.47684126e+00]
 [ 3.76752670e-02  9.48422197e+00]
 [ 3.77197971e-02  9.49160269e+00]
 [ 3.77640836e-02  9.49898341e+00]
 [ 3.78094690e-02  9.50636413e+00]
 [ 3.78530419e-02  9.51374484e+00]
 [ 3.79010147e-02  9.52112556e+00]
 [ 3.79458172e-02  9.52850628e+00]
 [ 3.79930893e-02  9.53588700e+00]
 [ 3.80408884e-02  9.54326771e+00]
 [ 3.80886108e-02  9.55064843e+00]
 [ 3.81369925e-02  9.55802915e+00]
 [ 3.81849088e-02  9.56540987e+00]
 [ 3.82336060e-02  9.57279058e+00]
 [ 3.82817184e-02  9.58017130e+00]
 [ 3.83312345e-02  9.58755202e+00]
 [ 3.83803809e-02  9.59493274e+00]
 [ 3.84285624e-02  9.60231345e+00]
 [ 3.84787223e-02  9.60969417e+00]
 [ 3.85271510e-02  9.61707489e+00]
 [ 3.85773401e-02  9.62445561e+00]
 [ 3.86264592e-02  9.63183632e+00]
 [ 3.86765986e-02  9.63921704e+00]
 [ 3.87258990e-02  9.64659776e+00]
 [ 3.87763559e-02  9.65397848e+00]
 [ 3.88260456e-02  9.66135919e+00]
 [ 3.88763478e-02  9.66873991e+00]
 [ 3.89265993e-02  9.67612063e+00]
 [ 3.89766152e-02  9.68350135e+00]
 [ 3.90271582e-02  9.69088206e+00]
 [ 3.90777222e-02  9.69826278e+00]
 [ 3.91281284e-02  9.70564350e+00]
 [ 3.91787315e-02  9.71302422e+00]
 [ 3.92290374e-02  9.72040493e+00]
 [ 3.92816513e-02  9.72778565e+00]
 [ 3.93304417e-02  9.73516637e+00]
 [ 3.93830696e-02  9.74254709e+00]
 [ 3.94327697e-02  9.74992780e+00]
 [ 3.94842731e-02  9.75730852e+00]
 [ 3.95347583e-02  9.76468924e+00]
 [ 3.95854671e-02  9.77206996e+00]
 [ 3.96363973e-02  9.77945067e+00]
 [ 3.96871705e-02  9.78683139e+00]
 [ 3.97378881e-02  9.79421211e+00]
 [ 3.97884434e-02  9.80159283e+00]
 [ 3.98398162e-02  9.80897354e+00]
 [ 3.98902406e-02  9.81635426e+00]
 [ 3.99414884e-02  9.82373498e+00]
 [ 3.99923630e-02  9.83111570e+00]
 [ 4.00428000e-02  9.83849641e+00]
 [ 4.00896259e-02  9.84587713e+00]
 [ 4.01455275e-02  9.85325785e+00]
 [ 4.01955629e-02  9.86063857e+00]
 [ 4.02470023e-02  9.86801928e+00]
 [ 4.02974101e-02  9.87540000e+00]
 [ 4.03488816e-02  9.88278072e+00]
 [ 4.03991690e-02  9.89016144e+00]
 [ 4.04507928e-02  9.89754215e+00]
 [ 4.05002692e-02  9.90492287e+00]
 [ 4.05509951e-02  9.91230359e+00]
 [ 4.06009870e-02  9.91968431e+00]
 [ 4.06528672e-02  9.92706502e+00]
 [ 4.07005454e-02  9.93444574e+00]
 [ 4.07526388e-02  9.94182646e+00]
 [ 4.08011771e-02  9.94920718e+00]
 [ 4.08525519e-02  9.95658789e+00]
 [ 4.09018400e-02  9.96396861e+00]
 [ 4.09525568e-02  9.97134933e+00]
 [ 4.10017508e-02  9.97873005e+00]
 [ 4.10522495e-02  9.98611076e+00]
 [ 4.11021804e-02  9.99349148e+00]
 [ 4.11516557e-02  1.00008722e+01]
 [ 4.12027299e-02  1.00082529e+01]
 [ 4.12501054e-02  1.00156336e+01]
 [ 4.13016338e-02  1.00230144e+01]
 [ 4.13501858e-02  1.00303951e+01]
 [ 4.14008120e-02  1.00377758e+01]
 [ 4.14495010e-02  1.00451565e+01]
 [ 4.14994566e-02  1.00525372e+01]
 [ 4.15475520e-02  1.00599179e+01]
 [ 4.15989872e-02  1.00672987e+01]
 [ 4.16447704e-02  1.00746794e+01]
 [ 4.16980671e-02  1.00820601e+01]
 [ 4.17454432e-02  1.00894408e+01]
 [ 4.17949635e-02  1.00968215e+01]
 [ 4.18438764e-02  1.01042022e+01]
 [ 4.18928409e-02  1.01115830e+01]
 [ 4.19410609e-02  1.01189637e+01]
 [ 4.19893545e-02  1.01263444e+01]
 [ 4.20387764e-02  1.01337251e+01]
 [ 4.20870812e-02  1.01411058e+01]
 [ 4.21341110e-02  1.01484865e+01]
 [ 4.21849885e-02  1.01558673e+01]
 [ 4.22315019e-02  1.01632480e+01]
 [ 4.22809903e-02  1.01706287e+01]
 [ 4.23282382e-02  1.01780094e+01]
 [ 4.23768514e-02  1.01853901e+01]
 [ 4.24235897e-02  1.01927709e+01]
 [ 4.24724382e-02  1.02001516e+01]
 [ 4.25194781e-02  1.02075323e+01]
 [ 4.25690253e-02  1.02149130e+01]
 [ 4.26133596e-02  1.02222937e+01]
 [ 4.26632429e-02  1.02296744e+01]
 [ 4.27089801e-02  1.02370552e+01]
 [ 4.27566937e-02  1.02444359e+01]
 [ 4.28030801e-02  1.02518166e+01]
 [ 4.28501963e-02  1.02591973e+01]
 [ 4.28972746e-02  1.02665780e+01]
 [ 4.29432069e-02  1.02739587e+01]
 [ 4.29904172e-02  1.02813395e+01]
 [ 4.30366162e-02  1.02887202e+01]
 [ 4.30827409e-02  1.02961009e+01]
 [ 4.31286766e-02  1.03034816e+01]
 [ 4.31753131e-02  1.03108623e+01]
 [ 4.32216136e-02  1.03182431e+01]
 [ 4.32662052e-02  1.03256238e+01]
 [ 4.33135050e-02  1.03330045e+01]
 [ 4.33582864e-02  1.03403852e+01]
 [ 4.34041563e-02  1.03477659e+01]
 [ 4.34495577e-02  1.03551466e+01]
 [ 4.34947434e-02  1.03625274e+01]
 [ 4.35409567e-02  1.03699081e+01]
 [ 4.35843915e-02  1.03772888e+01]
 [ 4.36309590e-02  1.03846695e+01]
 [ 4.36755964e-02  1.03920502e+01]
 [ 4.37199455e-02  1.03994309e+01]
 [ 4.37648524e-02  1.04068117e+01]
 [ 4.38104039e-02  1.04141924e+01]
 [ 4.38541769e-02  1.04215731e+01]
 [ 4.38973155e-02  1.04289538e+01]
 [ 4.39432601e-02  1.04363345e+01]
 [ 4.39868884e-02  1.04437152e+01]
 [ 4.39916174e-02  1.04510960e+01]
 [ 4.40055488e-02  1.04584767e+01]
 [ 4.40282992e-02  1.04658574e+01]
 [ 4.40594852e-02  1.04732381e+01]
 [ 4.40987232e-02  1.04806188e+01]
 [ 4.41456300e-02  1.04879996e+01]
 [ 4.41998219e-02  1.04953803e+01]
 [ 4.42609157e-02  1.05027610e+01]
 [ 4.43285279e-02  1.05101417e+01]
 [ 4.44022750e-02  1.05175224e+01]
 [ 4.44817736e-02  1.05249031e+01]
 [ 4.45666402e-02  1.05322839e+01]
 [ 4.46564916e-02  1.05396646e+01]
 [ 4.47509441e-02  1.05470453e+01]
 [ 4.48496144e-02  1.05544260e+01]
 [ 4.49521190e-02  1.05618067e+01]
 [ 4.50580745e-02  1.05691874e+01]
 [ 4.51670975e-02  1.05765682e+01]
 [ 4.52788046e-02  1.05839489e+01]
 [ 4.53928122e-02  1.05913296e+01]
 [ 4.55087370e-02  1.05987103e+01]
 [ 4.56261956e-02  1.06060910e+01]
 [ 4.57448044e-02  1.06134718e+01]
 [ 4.58641801e-02  1.06208525e+01]
 [ 4.59839393e-02  1.06282332e+01]
 [ 4.61036984e-02  1.06356139e+01]
 [ 4.62230742e-02  1.06429946e+01]
 [ 4.63416830e-02  1.06503753e+01]
 [ 4.64591415e-02  1.06577561e+01]
 [ 4.65750664e-02  1.06651368e+01]
 [ 4.66890740e-02  1.06725175e+01]
 [ 4.68007810e-02  1.06798982e+01]
 [ 4.69098040e-02  1.06872789e+01]
 [ 4.70157596e-02  1.06946596e+01]
 [ 4.71182642e-02  1.07020404e+01]
 [ 4.72169345e-02  1.07094211e+01]
 [ 4.73113870e-02  1.07168018e+01]
 [ 4.74012383e-02  1.07241825e+01]
 [ 4.74861050e-02  1.07315632e+01]
 [ 4.75656036e-02  1.07389439e+01]
 [ 4.76393507e-02  1.07463247e+01]
 [ 4.77069629e-02  1.07537054e+01]
 [ 4.77680566e-02  1.07610861e+01]
 [ 4.78222486e-02  1.07684668e+01]
 [ 4.78691554e-02  1.07758475e+01]
 [ 4.79083934e-02  1.07832283e+01]
 [ 4.79395794e-02  1.07906090e+01]
 [ 4.79623298e-02  1.07979897e+01]
 [ 4.79762612e-02  1.08053704e+01]
 [ 4.79809902e-02  1.08127511e+01]
 [ 4.72793074e-02  1.08201318e+01]
 [ 4.72071442e-02  1.08275126e+01]
 [ 4.71395448e-02  1.08348933e+01]
 [ 4.70741676e-02  1.08422740e+01]
 [ 4.70123948e-02  1.08496547e+01]
 [ 4.69520224e-02  1.08570354e+01]
 [ 4.68958515e-02  1.08644161e+01]
 [ 4.68408682e-02  1.08717969e+01]
 [ 4.67902064e-02  1.08791776e+01]
 [ 4.67384653e-02  1.08865583e+01]
 [ 4.66925560e-02  1.08939390e+01]
 [ 4.66462341e-02  1.09013197e+01]
 [ 4.66035389e-02  1.09087004e+01]
 [ 4.65619341e-02  1.09160812e+01]
 [ 4.65229469e-02  1.09234619e+01]
 [ 4.64851290e-02  1.09308426e+01]
 [ 4.64523663e-02  1.09382233e+01]
 [ 4.64116515e-02  1.09456040e+01]
 [ 4.63788265e-02  1.09529848e+01]
 [ 4.63438912e-02  1.09603655e+01]
 [ 4.63130381e-02  1.09677462e+01]
 [ 4.62820506e-02  1.09751269e+01]
 [ 4.62537157e-02  1.09825076e+01]
 [ 4.62269922e-02  1.09898883e+01]
 [ 4.62010941e-02  1.09972691e+01]
 [ 4.61772051e-02  1.10046498e+01]
 [ 4.61540351e-02  1.10120305e+01]
 [ 4.61327481e-02  1.10194112e+01]
 [ 4.61119918e-02  1.10267919e+01]
 [ 4.60930642e-02  1.10341726e+01]
 [ 4.60746056e-02  1.10415534e+01]
 [ 4.60576036e-02  1.10489341e+01]
 [ 4.60412694e-02  1.10563148e+01]
 [ 4.60262212e-02  1.10636955e+01]
 [ 4.60118139e-02  1.10710762e+01]
 [ 4.59987115e-02  1.10784570e+01]
 [ 4.59861712e-02  1.10858377e+01]
 [ 4.59747265e-02  1.10932184e+01]
 [ 4.59617850e-02  1.11005991e+01]
 [ 4.59552838e-02  1.11079798e+01]
 [ 4.59441699e-02  1.11153605e+01]
 [ 4.59369283e-02  1.11227413e+01]
 [ 4.59287089e-02  1.11301220e+01]
 [ 4.59221384e-02  1.11375027e+01]
 [ 4.59157292e-02  1.11448834e+01]
 [ 4.59102870e-02  1.11522641e+01]
 [ 4.59035321e-02  1.11596448e+01]
 [ 4.59021246e-02  1.11670256e+01]
 [ 4.58959192e-02  1.11744063e+01]
 [ 4.58950883e-02  1.11817870e+01]
 [ 4.58916825e-02  1.11891677e+01]
 [ 4.58901033e-02  1.11965484e+01]
 [ 4.58889658e-02  1.12039291e+01]
 [ 4.58873564e-02  1.12113099e+01]
 [ 4.58878290e-02  1.12186906e+01]
 [ 4.58874421e-02  1.12260713e+01]
 [ 4.58885880e-02  1.12334520e+01]
 [ 4.58892693e-02  1.12408327e+01]
 [ 4.58913711e-02  1.12482135e+01]
 [ 4.58924955e-02  1.12555942e+01]
 [ 4.58953628e-02  1.12629749e+01]
 [ 4.58982726e-02  1.12703556e+01]
 [ 4.59016834e-02  1.12777363e+01]
 [ 4.59063463e-02  1.12851170e+01]
 [ 4.59083696e-02  1.12924978e+01]
 [ 4.59145428e-02  1.12998785e+01]
 [ 4.59183136e-02  1.13072592e+01]
 [ 4.59240406e-02  1.13146399e+01]
 [ 4.59299170e-02  1.13220206e+01]
 [ 4.59359861e-02  1.13294013e+01]
 [ 4.59416775e-02  1.13367821e+01]
 [ 4.59486464e-02  1.13441628e+01]
 [ 4.59554588e-02  1.13515435e+01]
 [ 4.59631979e-02  1.13589242e+01]
 [ 4.59706906e-02  1.13663049e+01]
 [ 4.59789250e-02  1.13736857e+01]
 [ 4.59869808e-02  1.13810664e+01]
 [ 4.59969338e-02  1.13884471e+01]
 [ 4.60034205e-02  1.13958278e+01]
 [ 4.60125188e-02  1.14032085e+01]
 [ 4.60213133e-02  1.14105892e+01]
 [ 4.60306957e-02  1.14179700e+01]
 [ 4.60404550e-02  1.14253507e+01]
 [ 4.60482582e-02  1.14327314e+01]
 [ 4.60604415e-02  1.14401121e+01]
 [ 4.60687118e-02  1.14474928e+01]
 [ 4.60798227e-02  1.14548735e+01]
 [ 4.60893899e-02  1.14622543e+01]
 [ 4.60999345e-02  1.14696350e+01]
 [ 4.61099799e-02  1.14770157e+01]
 [ 4.61210614e-02  1.14843964e+01]
 [ 4.61305247e-02  1.14917771e+01]
 [ 4.61420151e-02  1.14991578e+01]
 [ 4.61506746e-02  1.15065386e+01]
 [ 4.61639167e-02  1.15139193e+01]
 [ 4.61735642e-02  1.15213000e+01]
 [ 4.61851734e-02  1.15286807e+01]
 [ 4.61958462e-02  1.15360614e+01]
 [ 4.62071171e-02  1.15434422e+01]
 [ 4.62181175e-02  1.15508229e+01]
 [ 4.62272838e-02  1.15582036e+01]
 [ 4.62417833e-02  1.15655843e+01]
 [ 4.62509567e-02  1.15729650e+01]
 [ 4.62634709e-02  1.15803457e+01]
 [ 4.62741148e-02  1.15877265e+01]
 [ 4.62863439e-02  1.15951072e+01]
 [ 4.62966155e-02  1.16024879e+01]
 [ 4.63077088e-02  1.16098686e+01]
 [ 4.63199811e-02  1.16172493e+01]
 [ 4.63309455e-02  1.16246300e+01]
 [ 4.63427012e-02  1.16320108e+01]
 [ 4.63540242e-02  1.16393915e+01]
 [ 4.63653019e-02  1.16467722e+01]
 [ 4.63768190e-02  1.16541529e+01]
 [ 4.63878598e-02  1.16615336e+01]
 [ 4.63992375e-02  1.16689144e+01]
 [ 4.64102772e-02  1.16762951e+01]
 [ 4.64216636e-02  1.16836758e+01]
 [ 4.64327068e-02  1.16910565e+01]
 [ 4.64427396e-02  1.16984372e+01]
 [ 4.64544060e-02  1.17058179e+01]
 [ 4.64660947e-02  1.17131987e+01]
 [ 4.64744413e-02  1.17205794e+01]
 [ 4.64868792e-02  1.17279601e+01]
 [ 4.64962635e-02  1.17353408e+01]
 [ 4.65076439e-02  1.17427215e+01]
 [ 4.65176262e-02  1.17501022e+01]
 [ 4.65281787e-02  1.17574830e+01]
 [ 4.65369310e-02  1.17648637e+01]
 [ 4.65494242e-02  1.17722444e+01]
 [ 4.65578454e-02  1.17796251e+01]
 [ 4.65693024e-02  1.17870058e+01]
 [ 4.65783810e-02  1.17943865e+01]
 [ 4.65889723e-02  1.18017673e+01]
 [ 4.65979093e-02  1.18091480e+01]
 [ 4.66081878e-02  1.18165287e+01]
 [ 4.66181433e-02  1.18239094e+01]
 [ 4.66264343e-02  1.18312901e+01]
 [ 4.66345180e-02  1.18386709e+01]
 [ 4.66462526e-02  1.18460516e+01]
 [ 4.66538145e-02  1.18534323e+01]
 [ 4.66634284e-02  1.18608130e+01]
 [ 4.66717902e-02  1.18681937e+01]
 [ 4.66805524e-02  1.18755744e+01]
 [ 4.66892221e-02  1.18829552e+01]
 [ 4.66959000e-02  1.18903359e+01]
 [ 4.67041914e-02  1.18977166e+01]
 [ 4.67109841e-02  1.19050973e+01]
 [ 4.67186915e-02  1.19124780e+01]
 [ 4.67252192e-02  1.19198587e+01]
 [ 4.67322589e-02  1.19272395e+01]
 [ 4.67389763e-02  1.19346202e+01]
 [ 4.67456977e-02  1.19420009e+01]
 [ 4.67522105e-02  1.19493816e+01]
 [ 4.67583398e-02  1.19567623e+01]
 [ 4.67647098e-02  1.19641431e+01]
 [ 4.67709094e-02  1.19715238e+01]
 [ 4.67766999e-02  1.19789045e+01]
 [ 4.67825137e-02  1.19862852e+01]
 [ 4.67880237e-02  1.19936659e+01]
 [ 4.67931650e-02  1.20010466e+01]
 [ 4.67985856e-02  1.20084274e+01]
 [ 4.68032582e-02  1.20158081e+01]
 [ 4.68083184e-02  1.20231888e+01]
 [ 4.68127717e-02  1.20305695e+01]
 [ 4.68184387e-02  1.20379502e+01]
 [ 4.68204219e-02  1.20453309e+01]
 [ 4.68262694e-02  1.20527117e+01]
 [ 4.68309929e-02  1.20600924e+01]
 [ 4.68306573e-02  1.20674731e+01]
 [ 4.68369032e-02  1.20748538e+01]
 [ 4.68380859e-02  1.20822345e+01]
 [ 4.68421366e-02  1.20896152e+01]
 [ 4.68439295e-02  1.20969960e+01]
 [ 4.68467747e-02  1.21043767e+01]
 [ 4.68472682e-02  1.21117574e+01]
 [ 4.68511334e-02  1.21191381e+01]
 [ 4.68499156e-02  1.21265188e+01]
 [ 4.68561964e-02  1.21338996e+01]
 [ 4.68505239e-02  1.21412803e+01]
 [ 4.68338132e-02  1.21486610e+01]
 [ 4.68065241e-02  1.21560417e+01]
 [ 4.67691166e-02  1.21634224e+01]
 [ 4.67220506e-02  1.21708031e+01]
 [ 4.66657860e-02  1.21781839e+01]
 [ 4.66007828e-02  1.21855646e+01]
 [ 4.65275008e-02  1.21929453e+01]
 [ 4.64464001e-02  1.22003260e+01]
 [ 4.63579405e-02  1.22077067e+01]
 [ 4.62625820e-02  1.22150874e+01]
 [ 4.61607845e-02  1.22224682e+01]
 [ 4.60530079e-02  1.22298489e+01]
 [ 4.59397122e-02  1.22372296e+01]
 [ 4.58213573e-02  1.22446103e+01]
 [ 4.56984030e-02  1.22519910e+01]
 [ 4.55713095e-02  1.22593718e+01]
 [ 4.54405365e-02  1.22667525e+01]
 [ 4.53065440e-02  1.22741332e+01]
 [ 4.51697919e-02  1.22815139e+01]
 [ 4.50307402e-02  1.22888946e+01]
 [ 4.48898488e-02  1.22962753e+01]
 [ 4.47475775e-02  1.23036561e+01]
 [ 4.46043865e-02  1.23110368e+01]
 [ 4.44607355e-02  1.23184175e+01]
 [ 4.43170845e-02  1.23257982e+01]
 [ 4.41738934e-02  1.23331789e+01]
 [ 4.40316222e-02  1.23405596e+01]
 [ 4.38907308e-02  1.23479404e+01]
 [ 4.37516790e-02  1.23553211e+01]
 [ 4.36149270e-02  1.23627018e+01]
 [ 4.34809345e-02  1.23700825e+01]
 [ 4.33501615e-02  1.23774632e+01]
 [ 4.32230679e-02  1.23848439e+01]
 [ 4.31001137e-02  1.23922247e+01]
 [ 4.29817587e-02  1.23996054e+01]
 [ 4.28684630e-02  1.24069861e+01]
 [ 4.27606864e-02  1.24143668e+01]
 [ 4.26588889e-02  1.24217475e+01]
 [ 4.25635304e-02  1.24291283e+01]
 [ 4.24750708e-02  1.24365090e+01]
 [ 4.23939701e-02  1.24438897e+01]
 [ 4.23206882e-02  1.24512704e+01]
 [ 4.22556850e-02  1.24586511e+01]
 [ 4.21994204e-02  1.24660318e+01]
 [ 4.21523543e-02  1.24734126e+01]
 [ 4.21149468e-02  1.24807933e+01]
 [ 4.20876577e-02  1.24881740e+01]
 [ 4.20709470e-02  1.24955547e+01]
 [ 4.20652746e-02  1.25029354e+01]
 [ 4.18973399e-02  1.25103161e+01]
 [ 4.18833864e-02  1.25176969e+01]
 [ 4.18671077e-02  1.25250776e+01]
 [ 4.18512308e-02  1.25324583e+01]
 [ 4.18382907e-02  1.25398390e+01]
 [ 4.18244588e-02  1.25472197e+01]
 [ 4.18123158e-02  1.25546004e+01]
 [ 4.17998293e-02  1.25619812e+01]
 [ 4.17879665e-02  1.25693619e+01]
 [ 4.17763750e-02  1.25767426e+01]
 [ 4.17635360e-02  1.25841233e+01]
 [ 4.17556186e-02  1.25915040e+01]
 [ 4.17427662e-02  1.25988848e+01]
 [ 4.17335672e-02  1.26062655e+01]
 [ 4.17222623e-02  1.26136462e+01]
 [ 4.17122330e-02  1.26210269e+01]
 [ 4.17014706e-02  1.26284076e+01]
 [ 4.16913562e-02  1.26357883e+01]
 [ 4.16807567e-02  1.26431691e+01]
 [ 4.16704171e-02  1.26505498e+01]
 [ 4.16559364e-02  1.26579305e+01]
 [ 4.16516906e-02  1.26653112e+01]
 [ 4.16371018e-02  1.26726919e+01]
 [ 4.16303014e-02  1.26800726e+01]
 [ 4.16155033e-02  1.26874534e+01]
 [ 4.16069304e-02  1.26948341e+01]
 [ 4.15946122e-02  1.27022148e+01]
 [ 4.15842390e-02  1.27095955e+01]
 [ 4.15725621e-02  1.27169762e+01]
 [ 4.15614015e-02  1.27243570e+01]
 [ 4.15497470e-02  1.27317377e+01]
 [ 4.15380870e-02  1.27391184e+01]
 [ 4.15263996e-02  1.27464991e+01]
 [ 4.15145372e-02  1.27538798e+01]
 [ 4.15023358e-02  1.27612605e+01]
 [ 4.14908128e-02  1.27686413e+01]
 [ 4.14773454e-02  1.27760220e+01]
 [ 4.14658809e-02  1.27834027e+01]
 [ 4.14523353e-02  1.27907834e+01]
 [ 4.14388807e-02  1.27981641e+01]
 [ 4.14268204e-02  1.28055448e+01]
 [ 4.14126344e-02  1.28129256e+01]
 [ 4.13992777e-02  1.28203063e+01]
 [ 4.13853161e-02  1.28276870e+01]
 [ 4.13703543e-02  1.28350677e+01]
 [ 4.13582490e-02  1.28424484e+01]
 [ 4.13433533e-02  1.28498291e+01]
 [ 4.13290921e-02  1.28572099e+01]
 [ 4.13138506e-02  1.28645906e+01]
 [ 4.12992962e-02  1.28719713e+01]
 [ 4.12838351e-02  1.28793520e+01]
 [ 4.12678340e-02  1.28867327e+01]
 [ 4.12499717e-02  1.28941135e+01]
 [ 4.12368068e-02  1.29014942e+01]
 [ 4.12185075e-02  1.29088749e+01]
 [ 4.12030203e-02  1.29162556e+01]
 [ 4.11856904e-02  1.29236363e+01]
 [ 4.11692487e-02  1.29310170e+01]
 [ 4.11519625e-02  1.29383978e+01]
 [ 4.11330881e-02  1.29457785e+01]
 [ 4.11182782e-02  1.29531592e+01]
 [ 4.10996551e-02  1.29605399e+01]
 [ 4.10815498e-02  1.29679206e+01]
 [ 4.10639896e-02  1.29753013e+01]
 [ 4.10451589e-02  1.29826821e+01]
 [ 4.10271339e-02  1.29900628e+01]
 [ 4.10067488e-02  1.29974435e+01]
 [ 4.09906201e-02  1.30048242e+01]
 [ 4.09772507e-02  1.30122049e+01]
 [ 4.09623576e-02  1.30195857e+01]
 [ 4.09458113e-02  1.30269664e+01]
 [ 4.09318345e-02  1.30343471e+01]
 [ 4.09148000e-02  1.30417278e+01]
 [ 4.08978559e-02  1.30491085e+01]
 [ 4.08806139e-02  1.30564892e+01]
 [ 4.08633680e-02  1.30638700e+01]
 [ 4.08446948e-02  1.30712507e+01]
 [ 4.08268968e-02  1.30786314e+01]
 [ 4.08078398e-02  1.30860121e+01]
 [ 4.07890847e-02  1.30933928e+01]
 [ 4.07696807e-02  1.31007735e+01]
 [ 4.07497898e-02  1.31081543e+01]
 [ 4.07334176e-02  1.31155350e+01]
 [ 4.07109946e-02  1.31229157e+01]
 [ 4.06919573e-02  1.31302964e+01]
 [ 4.06718109e-02  1.31376771e+01]
 [ 4.06515459e-02  1.31450578e+01]
 [ 4.06312867e-02  1.31524386e+01]
 [ 4.06103076e-02  1.31598193e+01]
 [ 4.05895201e-02  1.31672000e+01]
 [ 4.05678054e-02  1.31745807e+01]
 [ 4.05463791e-02  1.31819614e+01]
 [ 4.05242139e-02  1.31893422e+01]
 [ 4.05020781e-02  1.31967229e+01]
 [ 4.04794100e-02  1.32041036e+01]
 [ 4.04568533e-02  1.32114843e+01]
 [ 4.04336596e-02  1.32188650e+01]
 [ 4.04116512e-02  1.32262457e+01]
 [ 4.03864970e-02  1.32336265e+01]
 [ 4.03630015e-02  1.32410072e+01]
 [ 4.03398175e-02  1.32483879e+01]
 [ 4.03143030e-02  1.32557686e+01]
 [ 4.02918029e-02  1.32631493e+01]
 [ 4.02662309e-02  1.32705300e+01]
 [ 4.02423138e-02  1.32779108e+01]
 [ 4.02170439e-02  1.32852915e+01]
 [ 4.01918845e-02  1.32926722e+01]
 [ 4.01644741e-02  1.33000529e+01]
 [ 4.01429137e-02  1.33074336e+01]
 [ 4.01150789e-02  1.33148144e+01]
 [ 4.00912887e-02  1.33221951e+01]
 [ 4.00630518e-02  1.33295758e+01]
 [ 4.00380076e-02  1.33369565e+01]
 [ 4.00108986e-02  1.33443372e+01]
 [ 3.99843826e-02  1.33517179e+01]
 [ 3.99574701e-02  1.33590987e+01]
 [ 3.99307592e-02  1.33664794e+01]
 [ 3.99037608e-02  1.33738601e+01]
 [ 3.98755619e-02  1.33812408e+01]
 [ 3.98487980e-02  1.33886215e+01]
 [ 3.98203581e-02  1.33960022e+01]
 [ 3.97927360e-02  1.34033830e+01]
 [ 3.97640763e-02  1.34107637e+01]
 [ 3.97358000e-02  1.34181444e+01]
 [ 3.97068782e-02  1.34255251e+01]
 [ 3.96780390e-02  1.34329058e+01]
 [ 3.96487681e-02  1.34402865e+01]
 [ 3.96194382e-02  1.34476673e+01]
 [ 3.95897633e-02  1.34550480e+01]
 [ 3.95599767e-02  1.34624287e+01]
 [ 3.95301974e-02  1.34698094e+01]
 [ 3.94994103e-02  1.34771901e+01]
 [ 3.94691984e-02  1.34845709e+01]
 [ 3.94382839e-02  1.34919516e+01]
 [ 3.94045099e-02  1.34993323e+01]
 [ 3.93780837e-02  1.35067130e+01]
 [ 3.93438356e-02  1.35140937e+01]
 [ 3.93133981e-02  1.35214744e+01]
 [ 3.92805525e-02  1.35288552e+01]
 [ 3.92499005e-02  1.35362359e+01]
 [ 3.92170202e-02  1.35436166e+01]
 [ 3.91851537e-02  1.35509973e+01]
 [ 3.91530896e-02  1.35583780e+01]
 [ 3.91192146e-02  1.35657587e+01]
 [ 3.90870606e-02  1.35731395e+01]
 [ 3.90532267e-02  1.35805202e+01]
 [ 3.90200626e-02  1.35879009e+01]
 [ 3.89845003e-02  1.35952816e+01]
 [ 3.89530963e-02  1.36026623e+01]
 [ 3.89173382e-02  1.36100431e+01]
 [ 3.88838359e-02  1.36174238e+01]
 [ 3.88486619e-02  1.36248045e+01]
 [ 3.88141185e-02  1.36321852e+01]
 [ 3.87763365e-02  1.36395659e+01]
 [ 3.87458892e-02  1.36469466e+01]
 [ 3.87045368e-02  1.36543274e+01]
 [ 3.86743984e-02  1.36617081e+01]
 [ 3.86349119e-02  1.36690888e+01]
 [ 3.86013095e-02  1.36764695e+01]
 [ 3.85641519e-02  1.36838502e+01]
 [ 3.85286274e-02  1.36912309e+01]
 [ 3.84918909e-02  1.36986117e+01]
 [ 3.84553585e-02  1.37059924e+01]
 [ 3.84184796e-02  1.37133731e+01]
 [ 3.83810594e-02  1.37207538e+01]
 [ 3.83438618e-02  1.37281345e+01]
 [ 3.83059085e-02  1.37355152e+01]
 [ 3.82692282e-02  1.37428960e+01]
 [ 3.82309051e-02  1.37502767e+01]
 [ 3.81930435e-02  1.37576574e+01]
 [ 3.81544903e-02  1.37650381e+01]
 [ 3.81163458e-02  1.37724188e+01]
 [ 3.80764053e-02  1.37797996e+01]
 [ 3.80404457e-02  1.37871803e+01]
 [ 3.79961998e-02  1.37945610e+01]
 [ 3.79592860e-02  1.38019417e+01]
 [ 3.79567537e-02  1.38093224e+01]
 [ 3.79492935e-02  1.38167031e+01]
 [ 3.79371109e-02  1.38240839e+01]
 [ 3.79204110e-02  1.38314646e+01]
 [ 3.78993994e-02  1.38388453e+01]
 [ 3.78742812e-02  1.38462260e+01]
 [ 3.78452618e-02  1.38536067e+01]
 [ 3.78125466e-02  1.38609874e+01]
 [ 3.77763408e-02  1.38683682e+01]
 [ 3.77368498e-02  1.38757489e+01]
 [ 3.76942790e-02  1.38831296e+01]
 [ 3.76488336e-02  1.38905103e+01]
 [ 3.76007189e-02  1.38978910e+01]
 [ 3.75501403e-02  1.39052718e+01]
 [ 3.74973032e-02  1.39126525e+01]
 [ 3.74424128e-02  1.39200332e+01]
 [ 3.73856744e-02  1.39274139e+01]
 [ 3.73272935e-02  1.39347946e+01]
 [ 3.72674753e-02  1.39421753e+01]
 [ 3.72064251e-02  1.39495561e+01]
 [ 3.71443483e-02  1.39569368e+01]
 [ 3.70814502e-02  1.39643175e+01]
 [ 3.70179361e-02  1.39716982e+01]
 [ 3.69540113e-02  1.39790789e+01]
 [ 3.68898813e-02  1.39864596e+01]
 [ 3.68257512e-02  1.39938404e+01]
 [ 3.67618265e-02  1.40012211e+01]
 [ 3.66983124e-02  1.40086018e+01]
 [ 3.66354143e-02  1.40159825e+01]
 [ 3.65733375e-02  1.40233632e+01]
 [ 3.65122873e-02  1.40307439e+01]
 [ 3.64524691e-02  1.40381247e+01]
 [ 3.63940881e-02  1.40455054e+01]
 [ 3.63373498e-02  1.40528861e+01]
 [ 3.62824594e-02  1.40602668e+01]
 [ 3.62296222e-02  1.40676475e+01]
 [ 3.61790436e-02  1.40750283e+01]
 [ 3.61309290e-02  1.40824090e+01]
 [ 3.60854836e-02  1.40897897e+01]
 [ 3.60429127e-02  1.40971704e+01]
 [ 3.60034217e-02  1.41045511e+01]
 [ 3.59672159e-02  1.41119318e+01]
 [ 3.59345007e-02  1.41193126e+01]
 [ 3.59054814e-02  1.41266933e+01]
 [ 3.58803632e-02  1.41340740e+01]
 [ 3.58593515e-02  1.41414547e+01]
 [ 3.58426517e-02  1.41488354e+01]
 [ 3.58304690e-02  1.41562161e+01]
 [ 3.58230089e-02  1.41635969e+01]
 [ 3.58204765e-02  1.41709776e+01]
 [ 3.50330812e-02  1.41783583e+01]
 [ 3.49461182e-02  1.41857390e+01]
 [ 3.48662735e-02  1.41931197e+01]
 [ 3.47897052e-02  1.42005005e+01]
 [ 3.47141407e-02  1.42078812e+01]
 [ 3.46419943e-02  1.42152619e+01]
 [ 3.45701580e-02  1.42226426e+01]
 [ 3.45013283e-02  1.42300233e+01]
 [ 3.44336830e-02  1.42374040e+01]
 [ 3.43695635e-02  1.42447848e+01]
 [ 3.43053279e-02  1.42521655e+01]
 [ 3.42438189e-02  1.42595462e+01]
 [ 3.41832719e-02  1.42669269e+01]
 [ 3.41244146e-02  1.42743076e+01]
 [ 3.40665749e-02  1.42816883e+01]
 [ 3.40106765e-02  1.42890691e+01]
 [ 3.39553768e-02  1.42964498e+01]
 [ 3.39012941e-02  1.43038305e+01]
 [ 3.38480850e-02  1.43112112e+01]
 [ 3.37968929e-02  1.43185919e+01]
 [ 3.37450105e-02  1.43259726e+01]
 [ 3.36960966e-02  1.43333534e+01]
 [ 3.36477665e-02  1.43407341e+01]
 [ 3.35965308e-02  1.43481148e+01]
 [ 3.35479347e-02  1.43554955e+01]
 [ 3.34974626e-02  1.43628762e+01]
 [ 3.34531442e-02  1.43702570e+01]
 [ 3.34020983e-02  1.43776377e+01]
 [ 3.33578913e-02  1.43850184e+01]
 [ 3.33107564e-02  1.43923991e+01]
 [ 3.32662968e-02  1.43997798e+01]
 [ 3.32216248e-02  1.44071605e+01]
 [ 3.31743056e-02  1.44145413e+01]
 [ 3.31370647e-02  1.44219220e+01]
 [ 3.30885583e-02  1.44293027e+01]
 [ 3.30518592e-02  1.44366834e+01]
 [ 3.30067857e-02  1.44440641e+01]
 [ 3.29668321e-02  1.44514448e+01]
 [ 3.29234622e-02  1.44588256e+01]
 [ 3.28830547e-02  1.44662063e+01]
 [ 3.28440969e-02  1.44735870e+01]
 [ 3.27996909e-02  1.44809677e+01]
 [ 3.27641318e-02  1.44883484e+01]
 [ 3.27222895e-02  1.44957291e+01]
 [ 3.26848740e-02  1.45031099e+01]
 [ 3.26447464e-02  1.45104906e+01]
 [ 3.26060112e-02  1.45178713e+01]
 [ 3.25678835e-02  1.45252520e+01]
 [ 3.25293635e-02  1.45326327e+01]
 [ 3.24911569e-02  1.45400135e+01]
 [ 3.24530969e-02  1.45473942e+01]
 [ 3.24145933e-02  1.45547749e+01]
 [ 3.23780604e-02  1.45621556e+01]
 [ 3.23398537e-02  1.45695363e+01]
 [ 3.23026892e-02  1.45769170e+01]
 [ 3.22654853e-02  1.45842978e+01]
 [ 3.22278713e-02  1.45916785e+01]
 [ 3.21919003e-02  1.45990592e+01]
 [ 3.21525905e-02  1.46064399e+01]
 [ 3.21180964e-02  1.46138206e+01]
 [ 3.20770064e-02  1.46212013e+01]
 [ 3.20440081e-02  1.46285821e+01]
 [ 3.20043960e-02  1.46359628e+01]
 [ 3.19691395e-02  1.46433435e+01]
 [ 3.19304455e-02  1.46507242e+01]
 [ 3.18944049e-02  1.46581049e+01]
 [ 3.18569529e-02  1.46654857e+01]
 [ 3.18209216e-02  1.46728664e+01]
 [ 3.17830359e-02  1.46802471e+01]
 [ 3.17443488e-02  1.46876278e+01]
 [ 3.17114855e-02  1.46950085e+01]
 [ 3.16721470e-02  1.47023892e+01]
 [ 3.16358163e-02  1.47097700e+01]
 [ 3.15968307e-02  1.47171507e+01]
 [ 3.15626737e-02  1.47245314e+01]
 [ 3.15235897e-02  1.47319121e+01]
 [ 3.14873503e-02  1.47392928e+01]
 [ 3.14490125e-02  1.47466735e+01]
 [ 3.14119402e-02  1.47540543e+01]
 [ 3.13739213e-02  1.47614350e+01]
 [ 3.13363781e-02  1.47688157e+01]
 [ 3.12984535e-02  1.47761964e+01]
 [ 3.12608374e-02  1.47835771e+01]
 [ 3.12242335e-02  1.47909578e+01]
 [ 3.11834578e-02  1.47983386e+01]
 [ 3.11485886e-02  1.48057193e+01]
 [ 3.11062660e-02  1.48131000e+01]
 [ 3.10696110e-02  1.48204807e+01]
 [ 3.10274147e-02  1.48278614e+01]
 [ 3.09919731e-02  1.48352422e+01]
 [ 3.09503673e-02  1.48426229e+01]
 [ 3.09096676e-02  1.48500036e+01]
 [ 3.08729521e-02  1.48573843e+01]
 [ 3.08312911e-02  1.48647650e+01]
 [ 3.07921074e-02  1.48721457e+01]
 [ 3.07511768e-02  1.48795265e+01]
 [ 3.07109337e-02  1.48869072e+01]
 [ 3.06699848e-02  1.48942879e+01]
 [ 3.06291578e-02  1.49016686e+01]
 [ 3.05879445e-02  1.49090493e+01]
 [ 3.05468914e-02  1.49164300e+01]
 [ 3.05048943e-02  1.49238108e+01]
 [ 3.04635415e-02  1.49311915e+01]
 [ 3.04212449e-02  1.49385722e+01]
 [ 3.03792635e-02  1.49459529e+01]
 [ 3.03356700e-02  1.49533336e+01]
 [ 3.02948309e-02  1.49607144e+01]
 [ 3.02508780e-02  1.49680951e+01]
 [ 3.02085109e-02  1.49754758e+01]
 [ 3.01650113e-02  1.49828565e+01]
 [ 3.01217862e-02  1.49902372e+01]
 [ 3.00797037e-02  1.49976179e+01]
 [ 3.00330205e-02  1.50049987e+01]
 [ 2.99906009e-02  1.50123794e+01]
 [ 2.99453370e-02  1.50197601e+01]
 [ 2.99011821e-02  1.50271408e+01]
 [ 2.98561436e-02  1.50345215e+01]
 [ 2.98104457e-02  1.50419022e+01]
 [ 2.97665615e-02  1.50492830e+01]
 [ 2.97202709e-02  1.50566637e+01]
 [ 2.96750233e-02  1.50640444e+01]
 [ 2.96293233e-02  1.50714251e+01]
 [ 2.95837392e-02  1.50788058e+01]
 [ 2.95369208e-02  1.50861865e+01]
 [ 2.94889727e-02  1.50935673e+01]
 [ 2.94433522e-02  1.51009480e+01]
 [ 2.93949170e-02  1.51083287e+01]
 [ 2.93481869e-02  1.51157094e+01]
 [ 2.92991664e-02  1.51230901e+01]
 [ 2.92536423e-02  1.51304709e+01]
 [ 2.92012688e-02  1.51378516e+01]
 [ 2.91556508e-02  1.51452323e+01]
 [ 2.91044868e-02  1.51526130e+01]
 [ 2.90564768e-02  1.51599937e+01]
 [ 2.90058438e-02  1.51673744e+01]
 [ 2.89567246e-02  1.51747552e+01]
 [ 2.89046977e-02  1.51821359e+01]
 [ 2.88564857e-02  1.51895166e+01]
 [ 2.88040125e-02  1.51968973e+01]
 [ 2.87537759e-02  1.52042780e+01]
 [ 2.87010550e-02  1.52116587e+01]
 [ 2.86506088e-02  1.52190395e+01]
 [ 2.85970702e-02  1.52264202e+01]
 [ 2.85459021e-02  1.52338009e+01]
 [ 2.84916912e-02  1.52411816e+01]
 [ 2.84405449e-02  1.52485623e+01]
 [ 2.83840769e-02  1.52559431e+01]
 [ 2.83332370e-02  1.52633238e+01]
 [ 2.82774962e-02  1.52707045e+01]
 [ 2.82240038e-02  1.52780852e+01]
 [ 2.81688802e-02  1.52854659e+01]
 [ 2.81100725e-02  1.52928466e+01]
 [ 2.80607609e-02  1.53002274e+01]
 [ 2.80016065e-02  1.53076081e+01]
 [ 2.79475688e-02  1.53149888e+01]
 [ 2.78909477e-02  1.53223695e+01]
 [ 2.78842416e-02  1.53297502e+01]
 [ 2.78644856e-02  1.53371309e+01]
 [ 2.78322237e-02  1.53445117e+01]
 [ 2.77879994e-02  1.53518924e+01]
 [ 2.77323565e-02  1.53592731e+01]
 [ 2.76658389e-02  1.53666538e+01]
 [ 2.75889901e-02  1.53740345e+01]
 [ 2.75023540e-02  1.53814152e+01]
 [ 2.74064743e-02  1.53887960e+01]
 [ 2.73018948e-02  1.53961767e+01]
 [ 2.71891591e-02  1.54035574e+01]
 [ 2.70688111e-02  1.54109381e+01]
 [ 2.69413944e-02  1.54183188e+01]
 [ 2.68074528e-02  1.54256996e+01]
 [ 2.66675301e-02  1.54330803e+01]
 [ 2.65221699e-02  1.54404610e+01]
 [ 2.63719161e-02  1.54478417e+01]
 [ 2.62173124e-02  1.54552224e+01]
 [ 2.60589025e-02  1.54626031e+01]
 [ 2.58972301e-02  1.54699839e+01]
 [ 2.57328390e-02  1.54773646e+01]
 [ 2.55662730e-02  1.54847453e+01]
 [ 2.53980757e-02  1.54921260e+01]
 [ 2.52287909e-02  1.54995067e+01]
 [ 2.50589625e-02  1.55068874e+01]
 [ 2.48891340e-02  1.55142682e+01]
 [ 2.47198492e-02  1.55216489e+01]
 [ 2.45516519e-02  1.55290296e+01]
 [ 2.43850859e-02  1.55364103e+01]
 [ 2.42206948e-02  1.55437910e+01]
 [ 2.40590225e-02  1.55511718e+01]
 [ 2.39006125e-02  1.55585525e+01]
 [ 2.37460088e-02  1.55659332e+01]
 [ 2.35957550e-02  1.55733139e+01]
 [ 2.34503948e-02  1.55806946e+01]
 [ 2.33104721e-02  1.55880753e+01]
 [ 2.31765305e-02  1.55954561e+01]
 [ 2.30491139e-02  1.56028368e+01]
 [ 2.29287658e-02  1.56102175e+01]
 [ 2.28160301e-02  1.56175982e+01]
 [ 2.27114506e-02  1.56249789e+01]
 [ 2.26155709e-02  1.56323596e+01]
 [ 2.25289348e-02  1.56397404e+01]
 [ 2.24520861e-02  1.56471211e+01]
 [ 2.23855684e-02  1.56545018e+01]
 [ 2.23299255e-02  1.56618825e+01]
 [ 2.22857013e-02  1.56692632e+01]
 [ 2.22534393e-02  1.56766439e+01]
 [ 2.22336834e-02  1.56840247e+01]
 [ 2.22269772e-02  1.56914054e+01]
 [ 2.17407490e-02  1.56987861e+01]
 [ 2.16783560e-02  1.57061668e+01]
 [ 2.16168296e-02  1.57135475e+01]
 [ 2.15545878e-02  1.57209283e+01]
 [ 2.14925191e-02  1.57283090e+01]
 [ 2.14282311e-02  1.57356897e+01]
 [ 2.13683216e-02  1.57430704e+01]
 [ 2.13022004e-02  1.57504511e+01]
 [ 2.12421685e-02  1.57578318e+01]
 [ 2.11812255e-02  1.57652126e+01]
 [ 2.11201616e-02  1.57725933e+01]
 [ 2.10551991e-02  1.57799740e+01]
 [ 2.09890754e-02  1.57873547e+01]
 [ 2.09302236e-02  1.57947354e+01]
 [ 2.08646070e-02  1.58021161e+01]
 [ 2.08016619e-02  1.58094969e+01]
 [ 2.07402361e-02  1.58168776e+01]
 [ 2.06729012e-02  1.58242583e+01]
 [ 2.06112371e-02  1.58316390e+01]
 [ 2.05454766e-02  1.58390197e+01]
 [ 2.04854309e-02  1.58464005e+01]
 [ 2.04152981e-02  1.58537812e+01]
 [ 2.03551377e-02  1.58611619e+01]
 [ 2.02881885e-02  1.58685426e+01]
 [ 2.02257225e-02  1.58759233e+01]
 [ 2.01593074e-02  1.58833040e+01]
 [ 2.00959594e-02  1.58906848e+01]
 [ 2.00292784e-02  1.58980655e+01]
 [ 1.99626691e-02  1.59054462e+01]
 [ 1.98980365e-02  1.59128269e+01]
 [ 1.98313974e-02  1.59202076e+01]
 [ 1.97651833e-02  1.59275883e+01]
 [ 1.96989365e-02  1.59349691e+01]
 [ 1.96324737e-02  1.59423498e+01]
 [ 1.95659779e-02  1.59497305e+01]
 [ 1.94970999e-02  1.59571112e+01]
 [ 1.94339612e-02  1.59644919e+01]
 [ 1.93656883e-02  1.59718726e+01]
 [ 1.92996215e-02  1.59792534e+01]
 [ 1.92325160e-02  1.59866341e+01]
 [ 1.91610487e-02  1.59940148e+01]
 [ 1.90985374e-02  1.60013955e+01]
 [ 1.90268684e-02  1.60087762e+01]
 [ 1.89574358e-02  1.60161570e+01]
 [ 1.88929592e-02  1.60235377e+01]
 [ 1.88206762e-02  1.60309184e+01]
 [ 1.87536550e-02  1.60382991e+01]
 [ 1.86828077e-02  1.60456798e+01]
 [ 1.86143607e-02  1.60530605e+01]
 [ 1.85445715e-02  1.60604413e+01]
 [ 1.84740588e-02  1.60678220e+01]
 [ 1.84058898e-02  1.60752027e+01]
 [ 1.83323987e-02  1.60825834e+01]
 [ 1.82641128e-02  1.60899641e+01]
 [ 1.81901663e-02  1.60973448e+01]
 [ 1.81222717e-02  1.61047256e+01]
 [ 1.80506797e-02  1.61121063e+01]
 [ 1.79766840e-02  1.61194870e+01]
 [ 1.79060478e-02  1.61268677e+01]
 [ 1.78332968e-02  1.61342484e+01]
 [ 1.77610987e-02  1.61416291e+01]
 [ 1.76882838e-02  1.61490099e+01]
 [ 1.76151465e-02  1.61563906e+01]
 [ 1.75417485e-02  1.61637713e+01]
 [ 1.74668176e-02  1.61711520e+01]
 [ 1.73949025e-02  1.61785327e+01]
 [ 1.73194018e-02  1.61859135e+01]
 [ 1.72452935e-02  1.61932942e+01]
 [ 1.71702043e-02  1.62006749e+01]
 [ 1.70952228e-02  1.62080556e+01]
 [ 1.70195997e-02  1.62154363e+01]
 [ 1.69439017e-02  1.62228170e+01]
 [ 1.68677412e-02  1.62301978e+01]
 [ 1.67912814e-02  1.62375785e+01]
 [ 1.67145673e-02  1.62449592e+01]
 [ 1.66351936e-02  1.62523399e+01]
 [ 1.65607173e-02  1.62597206e+01]
 [ 1.64827063e-02  1.62671013e+01]
 [ 1.64054541e-02  1.62744821e+01]
 [ 1.63261970e-02  1.62818628e+01]
 [ 1.62483634e-02  1.62892435e+01]
 [ 1.61687924e-02  1.62966242e+01]
 [ 1.60895571e-02  1.63040049e+01]
 [ 1.60104775e-02  1.63113857e+01]
 [ 1.59297077e-02  1.63187664e+01]
 [ 1.58497884e-02  1.63261471e+01]
 [ 1.57688705e-02  1.63335278e+01]
 [ 1.56878115e-02  1.63409085e+01]
 [ 1.56061863e-02  1.63482892e+01]
 [ 1.55242680e-02  1.63556700e+01]
 [ 1.54419594e-02  1.63630507e+01]
 [ 1.53594499e-02  1.63704314e+01]
 [ 1.52763495e-02  1.63778121e+01]
 [ 1.51929077e-02  1.63851928e+01]
 [ 1.51087869e-02  1.63925735e+01]
 [ 1.50248070e-02  1.63999543e+01]
 [ 1.49398480e-02  1.64073350e+01]
 [ 1.48523514e-02  1.64147157e+01]
 [ 1.47711044e-02  1.64220964e+01]
 [ 1.47615096e-02  1.64294771e+01]
 [ 1.47332439e-02  1.64368578e+01]
 [ 1.46870852e-02  1.64442386e+01]
 [ 1.46238114e-02  1.64516193e+01]
 [ 1.45442006e-02  1.64590000e+01]
 [ 1.44490306e-02  1.64663807e+01]
 [ 1.43390795e-02  1.64737614e+01]
 [ 1.42151252e-02  1.64811422e+01]
 [ 1.40779456e-02  1.64885229e+01]
 [ 1.39283188e-02  1.64959036e+01]
 [ 1.37670225e-02  1.65032843e+01]
 [ 1.35948349e-02  1.65106650e+01]
 [ 1.34125339e-02  1.65180457e+01]
 [ 1.32208974e-02  1.65254265e+01]
 [ 1.30207034e-02  1.65328072e+01]
 [ 1.28127299e-02  1.65401879e+01]
 [ 1.25977547e-02  1.65475686e+01]
 [ 1.23765559e-02  1.65549493e+01]
 [ 1.21499113e-02  1.65623300e+01]
 [ 1.19185991e-02  1.65697108e+01]
 [ 1.16833971e-02  1.65770915e+01]
 [ 1.14450832e-02  1.65844722e+01]
 [ 1.12044355e-02  1.65918529e+01]
 [ 1.09622318e-02  1.65992336e+01]
 [ 1.07192503e-02  1.66066144e+01]
 [ 1.04762687e-02  1.66139951e+01]
 [ 1.02340650e-02  1.66213758e+01]
 [ 9.99341731e-03  1.66287565e+01]
 [ 9.75510345e-03  1.66361372e+01]
 [ 9.51990142e-03  1.66435179e+01]
 [ 9.28858917e-03  1.66508987e+01]
 [ 9.06194466e-03  1.66582794e+01]
 [ 8.84074583e-03  1.66656601e+01]
 [ 8.62577066e-03  1.66730408e+01]
 [ 8.41779709e-03  1.66804215e+01]
 [ 8.21760308e-03  1.66878022e+01]
 [ 8.02596658e-03  1.66951830e+01]
 [ 7.84366556e-03  1.67025637e+01]
 [ 7.67147796e-03  1.67099444e+01]
 [ 7.51018175e-03  1.67173251e+01]
 [ 7.36055488e-03  1.67247058e+01]
 [ 7.22337531e-03  1.67320865e+01]
 [ 7.09942099e-03  1.67394673e+01]
 [ 6.98946987e-03  1.67468480e+01]
 [ 6.89429992e-03  1.67542287e+01]
 [ 6.81468909e-03  1.67616094e+01]
 [ 6.75141534e-03  1.67689901e+01]
 [ 6.70525661e-03  1.67763709e+01]
 [ 6.67699088e-03  1.67837516e+01]
 [ 6.66739609e-03  1.67911323e+01]
 [ 5.18356868e-03  1.67985130e+01]
 [ 5.01853261e-03  1.68058937e+01]
 [ 4.85938167e-03  1.68132744e+01]
 [ 4.69283190e-03  1.68206552e+01]
 [ 4.55102415e-03  1.68280359e+01]
 [ 4.39150006e-03  1.68354166e+01]
 [ 4.24827738e-03  1.68427973e+01]
 [ 4.09992317e-03  1.68501780e+01]
 [ 3.95881346e-03  1.68575587e+01]
 [ 3.81604773e-03  1.68649395e+01]
 [ 3.68039220e-03  1.68723202e+01]
 [ 3.54282753e-03  1.68797009e+01]
 [ 3.40929080e-03  1.68870816e+01]
 [ 3.27660699e-03  1.68944623e+01]
 [ 3.14601958e-03  1.69018431e+01]
 [ 3.01479857e-03  1.69092238e+01]
 [ 2.89013054e-03  1.69166045e+01]
 [ 2.76221054e-03  1.69239852e+01]
 [ 2.63781877e-03  1.69313659e+01]
 [ 2.51364812e-03  1.69387466e+01]
 [ 2.39087315e-03  1.69461274e+01]
 [ 2.26878793e-03  1.69535081e+01]
 [ 2.14801235e-03  1.69608888e+01]
 [ 2.02930206e-03  1.69682695e+01]
 [ 1.90917750e-03  1.69756502e+01]
 [ 1.79117314e-03  1.69830309e+01]
 [ 1.67256190e-03  1.69904117e+01]
 [ 1.55774426e-03  1.69977924e+01]
 [ 1.44299921e-03  1.70051731e+01]
 [ 1.32962336e-03  1.70125538e+01]
 [ 1.21293664e-03  1.70199345e+01]
 [ 1.09900644e-03  1.70273152e+01]
 [ 9.84189301e-04  1.70346960e+01]
 [ 8.70351459e-04  1.70420767e+01]
 [ 7.56607715e-04  1.70494574e+01]
 [ 6.43235400e-04  1.70568381e+01]
 [ 5.30166239e-04  1.70642188e+01]
 [ 4.17291096e-04  1.70715996e+01]
 [ 3.04237706e-04  1.70789803e+01]
 [ 1.92179731e-04  1.70863610e+01]
 [ 7.93785525e-05  1.70937417e+01]
 [-3.30127107e-05  1.71011224e+01]
 [-1.45095559e-04  1.71085031e+01]
 [-2.57896134e-04  1.71158839e+01]
 [-3.71325848e-04  1.71232646e+01]
 [-4.80487408e-04  1.71306453e+01]
 [-6.00016559e-04  1.71380260e+01]
 [-7.09754286e-04  1.71454067e+01]
 [-8.24833915e-04  1.71527874e+01]
 [-9.38029727e-04  1.71601682e+01]
 [-1.04489239e-03  1.71675489e+01]
 [-1.16133075e-03  1.71749296e+01]
 [-1.26959632e-03  1.71823103e+01]
 [-1.38411047e-03  1.71896910e+01]
 [-1.49631679e-03  1.71970718e+01]
 [-1.61032376e-03  1.72044525e+01]
 [-1.72387911e-03  1.72118332e+01]
 [-1.83832387e-03  1.72192139e+01]
 [-1.95316502e-03  1.72265946e+01]
 [-2.06824732e-03  1.72339753e+01]
 [-2.18338214e-03  1.72413561e+01]
 [-2.29944438e-03  1.72487368e+01]
 [-2.41431853e-03  1.72561175e+01]
 [-2.53121377e-03  1.72634982e+01]
 [-2.64919374e-03  1.72708789e+01]
 [-2.76370273e-03  1.72782596e+01]
 [-2.87677900e-03  1.72856404e+01]
 [-2.98548600e-03  1.72930211e+01]
 [-3.10321566e-03  1.73004018e+01]
 [-3.21604447e-03  1.73077825e+01]
 [-3.33172963e-03  1.73151632e+01]
 [-3.44627571e-03  1.73225439e+01]
 [-3.56292122e-03  1.73299247e+01]
 [-3.67898473e-03  1.73373054e+01]
 [-3.79406050e-03  1.73446861e+01]
 [-3.91347789e-03  1.73520668e+01]
 [-4.03155245e-03  1.73594475e+01]
 [-4.14749978e-03  1.73668283e+01]
 [-4.26558740e-03  1.73742090e+01]
 [-4.38670312e-03  1.73815897e+01]
 [-4.50464550e-03  1.73889704e+01]
 [-4.62553048e-03  1.73963511e+01]
 [-4.74556632e-03  1.74037318e+01]
 [-4.86874954e-03  1.74111126e+01]
 [-4.99199173e-03  1.74184933e+01]
 [-5.11152322e-03  1.74258740e+01]
 [-5.23604106e-03  1.74332547e+01]
 [-5.35648519e-03  1.74406354e+01]
 [-5.48159737e-03  1.74480161e+01]
 [-5.60684223e-03  1.74553969e+01]
 [-5.73021503e-03  1.74627776e+01]
 [-5.85650207e-03  1.74701583e+01]
 [-5.98398692e-03  1.74775390e+01]
 [-6.10609346e-03  1.74849197e+01]
 [-6.23549700e-03  1.74923005e+01]
 [-6.36146526e-03  1.74996812e+01]
 [-6.48932449e-03  1.75070619e+01]
 [-6.61774917e-03  1.75144426e+01]
 [-6.74593474e-03  1.75218233e+01]
 [-6.87459629e-03  1.75292040e+01]
 [-7.00338850e-03  1.75365848e+01]
 [-7.13369709e-03  1.75439655e+01]
 [-7.26251563e-03  1.75513462e+01]
 [-7.39781679e-03  1.75587269e+01]
 [-7.52634220e-03  1.75661076e+01]
 [-7.66047487e-03  1.75734883e+01]
 [-7.79171399e-03  1.75808691e+01]
 [-7.92569421e-03  1.75882498e+01]
 [-8.05848137e-03  1.75956305e+01]
 [-8.19275407e-03  1.76030112e+01]
 [-8.32677512e-03  1.76103919e+01]
 [-8.46166748e-03  1.76177726e+01]
 [-8.59670348e-03  1.76251534e+01]
 [-8.73186893e-03  1.76325341e+01]
 [-8.86866606e-03  1.76399148e+01]
 [-9.00453260e-03  1.76472955e+01]
 [-9.14172818e-03  1.76546762e+01]
 [-9.27878864e-03  1.76620570e+01]
 [-9.41673678e-03  1.76694377e+01]
 [-9.55465377e-03  1.76768184e+01]
 [-9.69341282e-03  1.76841991e+01]
 [-9.83247146e-03  1.76915798e+01]
 [-9.97210360e-03  1.76989605e+01]
 [-1.01120352e-02  1.77063413e+01]
 [-1.02558124e-02  1.77137220e+01]
 [-1.03918530e-02  1.77211027e+01]
 [-1.05358974e-02  1.77284834e+01]
 [-1.06771867e-02  1.77358641e+01]
 [-1.08188594e-02  1.77432448e+01]
 [-1.09634570e-02  1.77506256e+01]
 [-1.11043413e-02  1.77580063e+01]
 [-1.12491900e-02  1.77653870e+01]
 [-1.13906505e-02  1.77727677e+01]
 [-1.15390084e-02  1.77801484e+01]
 [-1.16813390e-02  1.77875292e+01]
 [-1.18311554e-02  1.77949099e+01]
 [-1.19712587e-02  1.78022906e+01]
 [-1.21205789e-02  1.78096713e+01]
 [-1.22663731e-02  1.78170520e+01]
 [-1.24149599e-02  1.78244327e+01]
 [-1.25625238e-02  1.78318135e+01]
 [-1.27113502e-02  1.78391942e+01]
 [-1.28598225e-02  1.78465749e+01]
 [-1.30097517e-02  1.78539556e+01]
 [-1.31590805e-02  1.78613363e+01]
 [-1.33094988e-02  1.78687170e+01]
 [-1.34617100e-02  1.78760978e+01]
 [-1.36100472e-02  1.78834785e+01]
 [-1.37628389e-02  1.78908592e+01]
 [-1.39138971e-02  1.78982399e+01]
 [-1.40664016e-02  1.79056206e+01]
 [-1.42225917e-02  1.79130013e+01]
 [-1.43698659e-02  1.79203821e+01]
 [-1.45263873e-02  1.79277628e+01]
 [-1.46787362e-02  1.79351435e+01]
 [-1.48337424e-02  1.79425242e+01]
 [-1.48422650e-02  1.79499049e+01]
 [-1.48673719e-02  1.79572857e+01]
 [-1.49083722e-02  1.79646664e+01]
 [-1.49645749e-02  1.79720471e+01]
 [-1.50352889e-02  1.79794278e+01]
 [-1.51198233e-02  1.79868085e+01]
 [-1.52174870e-02  1.79941892e+01]
 [-1.53275889e-02  1.80015700e+01]
 [-1.54494382e-02  1.80089507e+01]
 [-1.55823437e-02  1.80163314e+01]
 [-1.57256145e-02  1.80237121e+01]
 [-1.58785595e-02  1.80310928e+01]
 [-1.60404877e-02  1.80384735e+01]
 [-1.62107081e-02  1.80458543e+01]
 [-1.63885297e-02  1.80532350e+01]
 [-1.65732614e-02  1.80606157e+01]
 [-1.67642123e-02  1.80679964e+01]
 [-1.69606914e-02  1.80753771e+01]
 [-1.71620075e-02  1.80827578e+01]
 [-1.73674698e-02  1.80901386e+01]
 [-1.75763871e-02  1.80975193e+01]
 [-1.77880685e-02  1.81049000e+01]
 [-1.80018230e-02  1.81122807e+01]
 [-1.82169595e-02  1.81196614e+01]
 [-1.84327870e-02  1.81270422e+01]
 [-1.86486145e-02  1.81344229e+01]
 [-1.88637509e-02  1.81418036e+01]
 [-1.90775054e-02  1.81491843e+01]
 [-1.92891868e-02  1.81565650e+01]
 [-1.94981041e-02  1.81639457e+01]
 [-1.97035664e-02  1.81713265e+01]
 [-1.99048825e-02  1.81787072e+01]
 [-2.01013616e-02  1.81860879e+01]
 [-2.02923125e-02  1.81934686e+01]
 [-2.04770442e-02  1.82008493e+01]
 [-2.06548658e-02  1.82082300e+01]
 [-2.08250862e-02  1.82156108e+01]
 [-2.09870144e-02  1.82229915e+01]
 [-2.11399594e-02  1.82303722e+01]
 [-2.12832302e-02  1.82377529e+01]
 [-2.14161357e-02  1.82451336e+01]
 [-2.15379850e-02  1.82525144e+01]
 [-2.16480869e-02  1.82598951e+01]
 [-2.17457506e-02  1.82672758e+01]
 [-2.18302850e-02  1.82746565e+01]
 [-2.19009990e-02  1.82820372e+01]
 [-2.19572017e-02  1.82894179e+01]
 [-2.19982020e-02  1.82967987e+01]
 [-2.20233089e-02  1.83041794e+01]
 [-2.20318315e-02  1.83115601e+01]
 [-2.38739221e-02  1.83189408e+01]
 [-2.40854699e-02  1.83263215e+01]
 [-2.42912077e-02  1.83337022e+01]
 [-2.44976903e-02  1.83410830e+01]
 [-2.46988791e-02  1.83484637e+01]
 [-2.48981583e-02  1.83558444e+01]
 [-2.50964761e-02  1.83632251e+01]
 [-2.52914860e-02  1.83706058e+01]
 [-2.54853786e-02  1.83779865e+01]
 [-2.56769811e-02  1.83853673e+01]
 [-2.58676665e-02  1.83927480e+01]
 [-2.60562047e-02  1.84001287e+01]
 [-2.62433057e-02  1.84075094e+01]
 [-2.64294055e-02  1.84148901e+01]
 [-2.66121881e-02  1.84222709e+01]
 [-2.67965969e-02  1.84296516e+01]
 [-2.69775543e-02  1.84370323e+01]
 [-2.71582371e-02  1.84444130e+01]
 [-2.73375616e-02  1.84517937e+01]
 [-2.75157751e-02  1.84591744e+01]
 [-2.76932080e-02  1.84665552e+01]
 [-2.78696324e-02  1.84739359e+01]
 [-2.80452920e-02  1.84813166e+01]
 [-2.82199538e-02  1.84886973e+01]
 [-2.83939676e-02  1.84960780e+01]
 [-2.85671826e-02  1.85034587e+01]
 [-2.87395506e-02  1.85108395e+01]
 [-2.89115713e-02  1.85182202e+01]
 [-2.90828778e-02  1.85256009e+01]
 [-2.92546317e-02  1.85329816e+01]
 [-2.94234689e-02  1.85403623e+01]
 [-2.95949782e-02  1.85477431e+01]
 [-2.97613350e-02  1.85551238e+01]
 [-2.99358602e-02  1.85625045e+01]
 [-3.01010293e-02  1.85698852e+01]
 [-3.02717592e-02  1.85772659e+01]
 [-3.04379289e-02  1.85846466e+01]
 [-3.06070119e-02  1.85920274e+01]
 [-3.07742750e-02  1.85994081e+01]
 [-3.09409973e-02  1.86067888e+01]
 [-3.11080414e-02  1.86141695e+01]
 [-3.12746627e-02  1.86215502e+01]
 [-3.14408710e-02  1.86289309e+01]
 [-3.16070009e-02  1.86363117e+01]
 [-3.17726615e-02  1.86436924e+01]
 [-3.19381868e-02  1.86510731e+01]
 [-3.21059476e-02  1.86584538e+01]
 [-3.22669111e-02  1.86658345e+01]
 [-3.24341659e-02  1.86732152e+01]
 [-3.25975188e-02  1.86805960e+01]
 [-3.27625936e-02  1.86879767e+01]
 [-3.29271871e-02  1.86953574e+01]
 [-3.30915843e-02  1.87027381e+01]
 [-3.32553748e-02  1.87101188e+01]
 [-3.34202689e-02  1.87174996e+01]
 [-3.35823400e-02  1.87248803e+01]
 [-3.37477062e-02  1.87322610e+01]
 [-3.39108227e-02  1.87396417e+01]
 [-3.40746837e-02  1.87470224e+01]
 [-3.42380608e-02  1.87544031e+01]
 [-3.44012687e-02  1.87617839e+01]
 [-3.45641641e-02  1.87691646e+01]
 [-3.47242340e-02  1.87765453e+01]
 [-3.48938468e-02  1.87839260e+01]
 [-3.50532248e-02  1.87913067e+01]
 [-3.52186911e-02  1.87986874e+01]
 [-3.53804934e-02  1.88060682e+01]
 [-3.55445940e-02  1.88134489e+01]
 [-3.57071224e-02  1.88208296e+01]
 [-3.58702000e-02  1.88282103e+01]
 [-3.60325041e-02  1.88355910e+01]
 [-3.61951366e-02  1.88429718e+01]
 [-3.63581460e-02  1.88503525e+01]
 [-3.65196249e-02  1.88577332e+01]
 [-3.66823343e-02  1.88651139e+01]
 [-3.68475317e-02  1.88724946e+01]
 [-3.70103705e-02  1.88798753e+01]
 [-3.71740129e-02  1.88872561e+01]
 [-3.73325529e-02  1.88946368e+01]
 [-3.74946990e-02  1.89020175e+01]
 [-3.76566380e-02  1.89093982e+01]
 [-3.78171059e-02  1.89167789e+01]
 [-3.79783720e-02  1.89241596e+01]
 [-3.81393385e-02  1.89315404e+01]
 [-3.83007602e-02  1.89389211e+01]
 [-3.84617208e-02  1.89463018e+01]
 [-3.86194632e-02  1.89536825e+01]
 [-3.87861066e-02  1.89610632e+01]
 [-3.89433866e-02  1.89684439e+01]
 [-3.91068309e-02  1.89758247e+01]
 [-3.92648854e-02  1.89832054e+01]
 [-3.94289463e-02  1.89905861e+01]
 [-3.95879473e-02  1.89979668e+01]
 [-3.97497921e-02  1.90053475e+01]
 [-3.99097767e-02  1.90127283e+01]
 [-4.00710054e-02  1.90201090e+01]
 [-4.02312758e-02  1.90274897e+01]
 [-4.03921698e-02  1.90348704e+01]
 [-4.05528106e-02  1.90422511e+01]
 [-4.07132453e-02  1.90496318e+01]
 [-4.08727853e-02  1.90570126e+01]
 [-4.10329669e-02  1.90643933e+01]
 [-4.11927775e-02  1.90717740e+01]
 [-4.13511752e-02  1.90791547e+01]
 [-4.15089231e-02  1.90865354e+01]
 [-4.16762205e-02  1.90939161e+01]
 [-4.18318310e-02  1.91012969e+01]
 [-4.19938924e-02  1.91086776e+01]
 [-4.21534523e-02  1.91160583e+01]
 [-4.23153181e-02  1.91234390e+01]
 [-4.24720186e-02  1.91308197e+01]
 [-4.26321900e-02  1.91382005e+01]
 [-4.27916490e-02  1.91455812e+01]
 [-4.29479520e-02  1.91529619e+01]
 [-4.31112598e-02  1.91603426e+01]
 [-4.32673803e-02  1.91677233e+01]
 [-4.34274482e-02  1.91751040e+01]
 [-4.35861444e-02  1.91824848e+01]
 [-4.37444939e-02  1.91898655e+01]
 [-4.39036266e-02  1.91972462e+01]
 [-4.40616289e-02  1.92046269e+01]
 [-4.42203431e-02  1.92120076e+01]
 [-4.43784833e-02  1.92193883e+01]
 [-4.45370729e-02  1.92267691e+01]
 [-4.46932836e-02  1.92341498e+01]
 [-4.48514417e-02  1.92415305e+01]
 [-4.50088772e-02  1.92489112e+01]
 [-4.51653762e-02  1.92562919e+01]
 [-4.53233447e-02  1.92636726e+01]
 [-4.54807677e-02  1.92710534e+01]
 [-4.56361987e-02  1.92784341e+01]
 [-4.57918988e-02  1.92858148e+01]
 [-4.59463143e-02  1.92931955e+01]
 [-4.61019044e-02  1.93005762e+01]
 [-4.62576730e-02  1.93079570e+01]
 [-4.64123310e-02  1.93153377e+01]
 [-4.65670399e-02  1.93227184e+01]
 [-4.67219412e-02  1.93300991e+01]
 [-4.68754833e-02  1.93374798e+01]
 [-4.70310939e-02  1.93448605e+01]
 [-4.71846797e-02  1.93522413e+01]
 [-4.73389798e-02  1.93596220e+01]
 [-4.74929734e-02  1.93670027e+01]
 [-4.76433110e-02  1.93743834e+01]
 [-4.78009928e-02  1.93817641e+01]
 [-4.79501264e-02  1.93891448e+01]
 [-4.81019098e-02  1.93965256e+01]
 [-4.82590508e-02  1.94039063e+01]
 [-4.84084117e-02  1.94112870e+01]
 [-4.85629897e-02  1.94186677e+01]
 [-4.87137140e-02  1.94260484e+01]
 [-4.88661696e-02  1.94334292e+01]
 [-4.90173452e-02  1.94408099e+01]
 [-4.91681183e-02  1.94481906e+01]
 [-4.93202095e-02  1.94555713e+01]
 [-4.94707012e-02  1.94629520e+01]
 [-4.96214731e-02  1.94703327e+01]
 [-4.96292863e-02  1.94777135e+01]
 [-4.96523035e-02  1.94850942e+01]
 [-4.96898912e-02  1.94924749e+01]
 [-4.97414159e-02  1.94998556e+01]
 [-4.98062441e-02  1.95072363e+01]
 [-4.98837424e-02  1.95146170e+01]
 [-4.99732771e-02  1.95219978e+01]
 [-5.00742149e-02  1.95293785e+01]
 [-5.01859222e-02  1.95367592e+01]
 [-5.03077655e-02  1.95441399e+01]
 [-5.04391113e-02  1.95515206e+01]
 [-5.05793261e-02  1.95589013e+01]
 [-5.07277764e-02  1.95662821e+01]
 [-5.08838287e-02  1.95736628e+01]
 [-5.10468496e-02  1.95810435e+01]
 [-5.12162054e-02  1.95884242e+01]
 [-5.13912628e-02  1.95958049e+01]
 [-5.15713881e-02  1.96031857e+01]
 [-5.17559480e-02  1.96105664e+01]
 [-5.19443088e-02  1.96179471e+01]
 [-5.21358372e-02  1.96253278e+01]
 [-5.23298996e-02  1.96327085e+01]
 [-5.25258625e-02  1.96400892e+01]
 [-5.27230923e-02  1.96474700e+01]
 [-5.29209557e-02  1.96548507e+01]
 [-5.31188191e-02  1.96622314e+01]
 [-5.33160489e-02  1.96696121e+01]
 [-5.35120118e-02  1.96769928e+01]
 [-5.37060742e-02  1.96843735e+01]
 [-5.38976025e-02  1.96917543e+01]
 [-5.40859634e-02  1.96991350e+01]
 [-5.42705233e-02  1.97065157e+01]
 [-5.44506486e-02  1.97138964e+01]
 [-5.46257060e-02  1.97212771e+01]
 [-5.47950618e-02  1.97286578e+01]
 [-5.49580826e-02  1.97360386e+01]
 [-5.51141350e-02  1.97434193e+01]
 [-5.52625853e-02  1.97508000e+01]
 [-5.54028001e-02  1.97581807e+01]
 [-5.55341459e-02  1.97655614e+01]
 [-5.56559892e-02  1.97729422e+01]
 [-5.57676965e-02  1.97803229e+01]
 [-5.58686343e-02  1.97877036e+01]
 [-5.59581690e-02  1.97950843e+01]
 [-5.60356673e-02  1.98024650e+01]
 [-5.61004955e-02  1.98098457e+01]
 [-5.61520202e-02  1.98172265e+01]
 [-5.61896079e-02  1.98246072e+01]
 [-5.62126251e-02  1.98319879e+01]
 [-5.62204383e-02  1.98393686e+01]
 [-5.70202133e-02  1.98467493e+01]
 [-5.71132981e-02  1.98541300e+01]
 [-5.72052954e-02  1.98615108e+01]
 [-5.72961518e-02  1.98688915e+01]
 [-5.73857974e-02  1.98762722e+01]
 [-5.74737337e-02  1.98836529e+01]
 [-5.75622469e-02  1.98910336e+01]
 [-5.76488997e-02  1.98984144e+01]
 [-5.77343643e-02  1.99057951e+01]
 [-5.78185466e-02  1.99131758e+01]
 [-5.79028559e-02  1.99205565e+01]
 [-5.79829532e-02  1.99279372e+01]
 [-5.80668501e-02  1.99353179e+01]
 [-5.81454005e-02  1.99426987e+01]
 [-5.82244283e-02  1.99500794e+01]
 [-5.83036984e-02  1.99574601e+01]
 [-5.83802047e-02  1.99648408e+01]
 [-5.84563002e-02  1.99722215e+01]
 [-5.85313911e-02  1.99796022e+01]
 [-5.86055764e-02  1.99869830e+01]
 [-5.86783981e-02  1.99943637e+01]
 [-5.87505639e-02  2.00017444e+01]
 [-5.88190667e-02  2.00091251e+01]
 [-5.88966122e-02  2.00165058e+01]
 [-5.89588278e-02  2.00238865e+01]
 [-5.90315612e-02  2.00312673e+01]
 [-5.90967044e-02  2.00386480e+01]
 [-5.91650035e-02  2.00460287e+01]
 [-5.92302442e-02  2.00534094e+01]
 [-5.92954790e-02  2.00607901e+01]
 [-5.93601887e-02  2.00681709e+01]
 [-5.94222572e-02  2.00755516e+01]
 [-5.94849045e-02  2.00829323e+01]
 [-5.95462582e-02  2.00903130e+01]
 [-5.96080869e-02  2.00976937e+01]
 [-5.96662525e-02  2.01050744e+01]
 [-5.97263362e-02  2.01124552e+01]
 [-5.97843762e-02  2.01198359e+01]
 [-5.98419372e-02  2.01272166e+01]
 [-5.98983415e-02  2.01345973e+01]
 [-5.99544455e-02  2.01419780e+01]
 [-6.00086665e-02  2.01493587e+01]
 [-6.00628799e-02  2.01567395e+01]
 [-6.01157973e-02  2.01641202e+01]
 [-6.01680711e-02  2.01715009e+01]
 [-6.02193941e-02  2.01788816e+01]
 [-6.02699452e-02  2.01862623e+01]
 [-6.03195603e-02  2.01936431e+01]
 [-6.03684339e-02  2.02010238e+01]
 [-6.04164977e-02  2.02084045e+01]
 [-6.04637074e-02  2.02157852e+01]
 [-6.05100444e-02  2.02231659e+01]
 [-6.05556037e-02  2.02305466e+01]
 [-6.06023345e-02  2.02379274e+01]
 [-6.06431581e-02  2.02453081e+01]
 [-6.06877006e-02  2.02526888e+01]
 [-6.07289533e-02  2.02600695e+01]
 [-6.07704501e-02  2.02674502e+01]
 [-6.08106393e-02  2.02748309e+01]
 [-6.08502975e-02  2.02822117e+01]
 [-6.08908153e-02  2.02895924e+01]
 [-6.09254288e-02  2.02969731e+01]
 [-6.09642324e-02  2.03043538e+01]
 [-6.09992872e-02  2.03117345e+01]
 [-6.10342856e-02  2.03191152e+01]
 [-6.10699379e-02  2.03264960e+01]
 [-6.11003368e-02  2.03338767e+01]
 [-6.11349927e-02  2.03412574e+01]
 [-6.11656864e-02  2.03486381e+01]
 [-6.11971618e-02  2.03560188e+01]
 [-6.12277734e-02  2.03633996e+01]
 [-6.12584524e-02  2.03707803e+01]
 [-6.12842769e-02  2.03781610e+01]
 [-6.13168166e-02  2.03855417e+01]
 [-6.13387060e-02  2.03929224e+01]
 [-6.13691534e-02  2.04003031e+01]
 [-6.13925625e-02  2.04076839e+01]
 [-6.14187740e-02  2.04150646e+01]
 [-6.14431966e-02  2.04224453e+01]
 [-6.14657775e-02  2.04298260e+01]
 [-6.14897485e-02  2.04372067e+01]
 [-6.15119031e-02  2.04445874e+01]
 [-6.15337655e-02  2.04519682e+01]
 [-6.15533160e-02  2.04593489e+01]
 [-6.15762234e-02  2.04667296e+01]
 [-6.15948068e-02  2.04741103e+01]
 [-6.16145606e-02  2.04814910e+01]
 [-6.16327907e-02  2.04888718e+01]
 [-6.16502758e-02  2.04962525e+01]
 [-6.16689598e-02  2.05036332e+01]
 [-6.16845365e-02  2.05110139e+01]
 [-6.16988128e-02  2.05183946e+01]
 [-6.17144340e-02  2.05257753e+01]
 [-6.17282833e-02  2.05331561e+01]
 [-6.17419819e-02  2.05405368e+01]
 [-6.17562691e-02  2.05479175e+01]
 [-6.17658649e-02  2.05552982e+01]
 [-6.17792176e-02  2.05626789e+01]
 [-6.17891246e-02  2.05700596e+01]
 [-6.17996362e-02  2.05774404e+01]
 [-6.18071053e-02  2.05848211e+01]
 [-6.18185121e-02  2.05922018e+01]
 [-6.18251942e-02  2.05995825e+01]
 [-6.18335541e-02  2.06069632e+01]
 [-6.18389384e-02  2.06143439e+01]
 [-6.18461437e-02  2.06217247e+01]
 [-6.18520443e-02  2.06291054e+01]
 [-6.18559022e-02  2.06364861e+01]
 [-6.18618033e-02  2.06438668e+01]
 [-6.18648207e-02  2.06512475e+01]
 [-6.18682002e-02  2.06586283e+01]
 [-6.18694697e-02  2.06660090e+01]
 [-6.18752307e-02  2.06733897e+01]
 [-6.18707050e-02  2.06807704e+01]
 [-6.18708595e-02  2.06881511e+01]
 [-6.18722628e-02  2.06955318e+01]
 [-6.18703297e-02  2.07029126e+01]
 [-6.18693553e-02  2.07102933e+01]
 [-6.18657550e-02  2.07176740e+01]
 [-6.18633921e-02  2.07250547e+01]
 [-6.18605284e-02  2.07324354e+01]
 [-6.18545190e-02  2.07398161e+01]
 [-6.18507646e-02  2.07471969e+01]
 [-6.18447323e-02  2.07545776e+01]
 [-6.18383354e-02  2.07619583e+01]
 [-6.18324075e-02  2.07693390e+01]
 [-6.18240819e-02  2.07767197e+01]
 [-6.18178012e-02  2.07841005e+01]
 [-6.18088587e-02  2.07914812e+01]
 [-6.17983903e-02  2.07988619e+01]
 [-6.17917593e-02  2.08062426e+01]
 [-6.17814495e-02  2.08136233e+01]
 [-6.17733557e-02  2.08210040e+01]
 [-6.17495121e-02  2.08283848e+01]
 [-6.17105747e-02  2.08357655e+01]
 [-6.16571998e-02  2.08431462e+01]
 [-6.15900438e-02  2.08505269e+01]
 [-6.15097627e-02  2.08579076e+01]
 [-6.14170130e-02  2.08652883e+01]
 [-6.13124508e-02  2.08726691e+01]
 [-6.11967324e-02  2.08800498e+01]
 [-6.10705140e-02  2.08874305e+01]
 [-6.09344519e-02  2.08948112e+01]
 [-6.07892023e-02  2.09021919e+01]
 [-6.06354214e-02  2.09095726e+01]
 [-6.04737656e-02  2.09169534e+01]
 [-6.03048911e-02  2.09243341e+01]
 [-6.01294541e-02  2.09317148e+01]
 [-5.99481109e-02  2.09390955e+01]
 [-5.97615176e-02  2.09464762e+01]
 [-5.95703307e-02  2.09538570e+01]
 [-5.93752062e-02  2.09612377e+01]
 [-5.91768005e-02  2.09686184e+01]
 [-5.89757699e-02  2.09759991e+01]
 [-5.87727704e-02  2.09833798e+01]
 [-5.85684585e-02  2.09907605e+01]
 [-5.83634903e-02  2.09981413e+01]
 [-5.81585221e-02  2.10055220e+01]
 [-5.79542102e-02  2.10129027e+01]
 [-5.77512108e-02  2.10202834e+01]
 [-5.75501801e-02  2.10276641e+01]
 [-5.73517744e-02  2.10350448e+01]
 [-5.71566500e-02  2.10424256e+01]
 [-5.69654630e-02  2.10498063e+01]
 [-5.67788698e-02  2.10571870e+01]
 [-5.65975265e-02  2.10645677e+01]
 [-5.64220895e-02  2.10719484e+01]
 [-5.62532150e-02  2.10793292e+01]
 [-5.60915592e-02  2.10867099e+01]
 [-5.59377784e-02  2.10940906e+01]
 [-5.57925288e-02  2.11014713e+01]
 [-5.56564667e-02  2.11088520e+01]
 [-5.55302483e-02  2.11162327e+01]
 [-5.54145298e-02  2.11236135e+01]
 [-5.53099676e-02  2.11309942e+01]
 [-5.52172179e-02  2.11383749e+01]
 [-5.51369369e-02  2.11457556e+01]
 [-5.50697808e-02  2.11531363e+01]
 [-5.50164060e-02  2.11605170e+01]
 [-5.49774686e-02  2.11678978e+01]
 [-5.49536249e-02  2.11752785e+01]
 [-5.49455312e-02  2.11826592e+01]
 [-5.42851180e-02  2.11900399e+01]
 [-5.42053023e-02  2.11974206e+01]
 [-5.41288170e-02  2.12048013e+01]
 [-5.40506563e-02  2.12121821e+01]
 [-5.39705061e-02  2.12195628e+01]
 [-5.39001722e-02  2.12269435e+01]
 [-5.38209222e-02  2.12343242e+01]
 [-5.37472598e-02  2.12417049e+01]
 [-5.36716375e-02  2.12490857e+01]
 [-5.35990779e-02  2.12564664e+01]
 [-5.35150085e-02  2.12638471e+01]
 [-5.34473594e-02  2.12712278e+01]
 [-5.33680810e-02  2.12786085e+01]
 [-5.32946183e-02  2.12859892e+01]
 [-5.32185244e-02  2.12933700e+01]
 [-5.31441431e-02  2.13007507e+01]
 [-5.30691885e-02  2.13081314e+01]
 [-5.29895652e-02  2.13155121e+01]
 [-5.29236102e-02  2.13228928e+01]
 [-5.28440631e-02  2.13302735e+01]
 [-5.27736172e-02  2.13376543e+01]
 [-5.26978091e-02  2.13450350e+01]
 [-5.26245204e-02  2.13524157e+01]
 [-5.25507245e-02  2.13597964e+01]
 [-5.24761512e-02  2.13671771e+01]
 [-5.24015831e-02  2.13745579e+01]
 [-5.23270792e-02  2.13819386e+01]
 [-5.22527128e-02  2.13893193e+01]
 [-5.21768278e-02  2.13967000e+01]
 [-5.21044832e-02  2.14040807e+01]
 [-5.20301445e-02  2.14114614e+01]
 [-5.19558155e-02  2.14188422e+01]
 [-5.18818342e-02  2.14262229e+01]
 [-5.18076572e-02  2.14336036e+01]
 [-5.17276930e-02  2.14409843e+01]
 [-5.16630470e-02  2.14483650e+01]
 [-5.15841482e-02  2.14557457e+01]
 [-5.15122205e-02  2.14631265e+01]
 [-5.14370665e-02  2.14705072e+01]
 [-5.13642225e-02  2.14778879e+01]
 [-5.12890609e-02  2.14852686e+01]
 [-5.12159314e-02  2.14926493e+01]
 [-5.11413363e-02  2.15000300e+01]
 [-5.10619481e-02  2.15074108e+01]
 [-5.09972448e-02  2.15147915e+01]
 [-5.09178872e-02  2.15221722e+01]
 [-5.08452021e-02  2.15295529e+01]
 [-5.07708236e-02  2.15369336e+01]
 [-5.06995551e-02  2.15443144e+01]
 [-5.06217489e-02  2.15516951e+01]
 [-5.05499659e-02  2.15590758e+01]
 [-5.04742618e-02  2.15664565e+01]
 [-5.03990767e-02  2.15738372e+01]
 [-5.03271718e-02  2.15812179e+01]
 [-5.02526420e-02  2.15885987e+01]
 [-5.01782725e-02  2.15959794e+01]
 [-5.01046651e-02  2.16033601e+01]
 [-5.00303786e-02  2.16107408e+01]
 [-4.99559175e-02  2.16181215e+01]
 [-4.98824592e-02  2.16255022e+01]
 [-4.98082631e-02  2.16328830e+01]
 [-4.97342918e-02  2.16402637e+01]
 [-4.96601556e-02  2.16476444e+01]
 [-4.95861571e-02  2.16550251e+01]
 [-4.95114465e-02  2.16624058e+01]
 [-4.94381868e-02  2.16697865e+01]
 [-4.93637022e-02  2.16771673e+01]
 [-4.92892102e-02  2.16845480e+01]
 [-4.92175193e-02  2.16919287e+01]
 [-4.91400388e-02  2.16993094e+01]
 [-4.90695907e-02  2.17066901e+01]
 [-4.89932235e-02  2.17140709e+01]
 [-4.89208635e-02  2.17214516e+01]
 [-4.88460656e-02  2.17288323e+01]
 [-4.87729180e-02  2.17362130e+01]
 [-4.86913984e-02  2.17435937e+01]
 [-4.86298123e-02  2.17509744e+01]
 [-4.85482555e-02  2.17583552e+01]
 [-4.84793725e-02  2.17657359e+01]
 [-4.84027414e-02  2.17731166e+01]
 [-4.83306092e-02  2.17804973e+01]
 [-4.82558842e-02  2.17878780e+01]
 [-4.81827492e-02  2.17952587e+01]
 [-4.81087573e-02  2.18026395e+01]
 [-4.80298852e-02  2.18100202e+01]
 [-4.79646405e-02  2.18174009e+01]
 [-4.78867121e-02  2.18247816e+01]
 [-4.78154830e-02  2.18321623e+01]
 [-4.77372035e-02  2.18395431e+01]
 [-4.76697846e-02  2.18469238e+01]
 [-4.75939115e-02  2.18543045e+01]
 [-4.75194564e-02  2.18616852e+01]
 [-4.74494941e-02  2.18690659e+01]
 [-4.73746585e-02  2.18764466e+01]
 [-4.73027164e-02  2.18838274e+01]
 [-4.72289958e-02  2.18912081e+01]
 [-4.71566406e-02  2.18985888e+01]
 [-4.70837354e-02  2.19059695e+01]
 [-4.70114850e-02  2.19133502e+01]
 [-4.69382040e-02  2.19207309e+01]
 [-4.68664424e-02  2.19281117e+01]
 [-4.68586412e-02  2.19354924e+01]
 [-4.68356593e-02  2.19428731e+01]
 [-4.67981291e-02  2.19502538e+01]
 [-4.67466833e-02  2.19576345e+01]
 [-4.66819543e-02  2.19650152e+01]
 [-4.66045747e-02  2.19723960e+01]
 [-4.65151771e-02  2.19797767e+01]
 [-4.64143938e-02  2.19871574e+01]
 [-4.63028576e-02  2.19945381e+01]
 [-4.61812009e-02  2.20019188e+01]
 [-4.60500562e-02  2.20092996e+01]
 [-4.59100560e-02  2.20166803e+01]
 [-4.57618330e-02  2.20240610e+01]
 [-4.56060196e-02  2.20314417e+01]
 [-4.54432484e-02  2.20388224e+01]
 [-4.52741519e-02  2.20462031e+01]
 [-4.50993626e-02  2.20535839e+01]
 [-4.49195130e-02  2.20609646e+01]
 [-4.47352357e-02  2.20683453e+01]
 [-4.45471633e-02  2.20757260e+01]
 [-4.43559282e-02  2.20831067e+01]
 [-4.41621629e-02  2.20904874e+01]
 [-4.39665001e-02  2.20978682e+01]
 [-4.37695722e-02  2.21052489e+01]
 [-4.35720118e-02  2.21126296e+01]
 [-4.33744514e-02  2.21200103e+01]
 [-4.31775235e-02  2.21273910e+01]
 [-4.29818607e-02  2.21347718e+01]
 [-4.27880954e-02  2.21421525e+01]
 [-4.25968603e-02  2.21495332e+01]
 [-4.24087879e-02  2.21569139e+01]
 [-4.22245106e-02  2.21642946e+01]
 [-4.20446610e-02  2.21716753e+01]
 [-4.18698717e-02  2.21790561e+01]
 [-4.17007752e-02  2.21864368e+01]
 [-4.15380040e-02  2.21938175e+01]
 [-4.13821906e-02  2.22011982e+01]
 [-4.12339675e-02  2.22085789e+01]
 [-4.10939674e-02  2.22159596e+01]
 [-4.09628227e-02  2.22233404e+01]
 [-4.08411660e-02  2.22307211e+01]
 [-4.07296297e-02  2.22381018e+01]
 [-4.06288465e-02  2.22454825e+01]
 [-4.05394488e-02  2.22528632e+01]
 [-4.04620693e-02  2.22602439e+01]
 [-4.03973403e-02  2.22676247e+01]
 [-4.03458945e-02  2.22750054e+01]
 [-4.03083643e-02  2.22823861e+01]
 [-4.02853824e-02  2.22897668e+01]
 [-4.02775811e-02  2.22971475e+01]
 [-3.88070805e-02  2.23045283e+01]
 [-3.86434593e-02  2.23119090e+01]
 [-3.84857362e-02  2.23192897e+01]
 [-3.83304134e-02  2.23266704e+01]
 [-3.81793651e-02  2.23340511e+01]
 [-3.80311507e-02  2.23414318e+01]
 [-3.78865400e-02  2.23488126e+01]
 [-3.77391824e-02  2.23561933e+01]
 [-3.76087625e-02  2.23635740e+01]
 [-3.74673573e-02  2.23709547e+01]
 [-3.73307946e-02  2.23783354e+01]
 [-3.72066506e-02  2.23857161e+01]
 [-3.70726072e-02  2.23930969e+01]
 [-3.69477305e-02  2.24004776e+01]
 [-3.68209871e-02  2.24078583e+01]
 [-3.66964586e-02  2.24152390e+01]
 [-3.65782066e-02  2.24226197e+01]
 [-3.64579420e-02  2.24300005e+01]
 [-3.63389528e-02  2.24373812e+01]
 [-3.62219800e-02  2.24447619e+01]
 [-3.61128139e-02  2.24521426e+01]
 [-3.59970093e-02  2.24595233e+01]
 [-3.58881804e-02  2.24669040e+01]
 [-3.57762464e-02  2.24742848e+01]
 [-3.56685984e-02  2.24816655e+01]
 [-3.55577224e-02  2.24890462e+01]
 [-3.54528817e-02  2.24964269e+01]
 [-3.53496801e-02  2.25038076e+01]
 [-3.52458591e-02  2.25111883e+01]
 [-3.51422647e-02  2.25185691e+01]
 [-3.50409171e-02  2.25259498e+01]
 [-3.49389417e-02  2.25333305e+01]
 [-3.48389524e-02  2.25407112e+01]
 [-3.47389070e-02  2.25480919e+01]
 [-3.46403275e-02  2.25554726e+01]
 [-3.45421204e-02  2.25628534e+01]
 [-3.44448342e-02  2.25702341e+01]
 [-3.43444434e-02  2.25776148e+01]
 [-3.42538853e-02  2.25849955e+01]
 [-3.41557034e-02  2.25923762e+01]
 [-3.40569556e-02  2.25997570e+01]
 [-3.39720995e-02  2.26071377e+01]
 [-3.38724739e-02  2.26145184e+01]
 [-3.37824760e-02  2.26218991e+01]
 [-3.36899051e-02  2.26292798e+01]
 [-3.35996208e-02  2.26366605e+01]
 [-3.35066739e-02  2.26440413e+01]
 [-3.34193178e-02  2.26514220e+01]
 [-3.33258777e-02  2.26588027e+01]
 [-3.32392842e-02  2.26661834e+01]
 [-3.31483152e-02  2.26735641e+01]
 [-3.30612743e-02  2.26809448e+01]
 [-3.29684866e-02  2.26883256e+01]
 [-3.28871753e-02  2.26957063e+01]
 [-3.27981663e-02  2.27030870e+01]
 [-3.27140183e-02  2.27104677e+01]
 [-3.26270928e-02  2.27178484e+01]
 [-3.25422286e-02  2.27252292e+01]
 [-3.24564975e-02  2.27326099e+01]
 [-3.23716662e-02  2.27399906e+01]
 [-3.22867772e-02  2.27473713e+01]
 [-3.22028658e-02  2.27547520e+01]
 [-3.21122729e-02  2.27621327e+01]
 [-3.20391174e-02  2.27695135e+01]
 [-3.19489848e-02  2.27768942e+01]
 [-3.18693645e-02  2.27842749e+01]
 [-3.17787995e-02  2.27916556e+01]
 [-3.17067953e-02  2.27990363e+01]
 [-3.16188804e-02  2.28064170e+01]
 [-3.15400081e-02  2.28137978e+01]
 [-3.14569168e-02  2.28211785e+01]
 [-3.13764419e-02  2.28285592e+01]
 [-3.12938387e-02  2.28359399e+01]
 [-3.12147575e-02  2.28433206e+01]
 [-3.11338482e-02  2.28507013e+01]
 [-3.10537739e-02  2.28580821e+01]
 [-3.09737548e-02  2.28654628e+01]
 [-3.08940576e-02  2.28728435e+01]
 [-3.08145362e-02  2.28802242e+01]
 [-3.07325649e-02  2.28876049e+01]
 [-3.06576153e-02  2.28949857e+01]
 [-3.05696759e-02  2.29023664e+01]
 [-3.05027587e-02  2.29097471e+01]
 [-3.04174398e-02  2.29171278e+01]
 [-3.03431825e-02  2.29245085e+01]
 [-3.02636559e-02  2.29318892e+01]
 [-3.01859447e-02  2.29392700e+01]
 [-3.01090527e-02  2.29466507e+01]
 [-3.00309001e-02  2.29540314e+01]
 [-2.99544627e-02  2.29614121e+01]
 [-2.98769924e-02  2.29687928e+01]
 [-2.98005444e-02  2.29761735e+01]
 [-2.97241167e-02  2.29835543e+01]
 [-2.96485834e-02  2.29909350e+01]
 [-2.95733167e-02  2.29983157e+01]
 [-2.94948848e-02  2.30056964e+01]
 [-2.94194804e-02  2.30130771e+01]
 [-2.93435666e-02  2.30204579e+01]
 [-2.92685467e-02  2.30278386e+01]
 [-2.91943975e-02  2.30352193e+01]
 [-2.91189124e-02  2.30426000e+01]
 [-2.90456216e-02  2.30499807e+01]
 [-2.89703554e-02  2.30573614e+01]
 [-2.88910428e-02  2.30647422e+01]
 [-2.88264562e-02  2.30721229e+01]
 [-2.87495229e-02  2.30795036e+01]
 [-2.86786063e-02  2.30868843e+01]
 [-2.86040840e-02  2.30942650e+01]
 [-2.85329126e-02  2.31016457e+01]
 [-2.84548484e-02  2.31090265e+01]
 [-2.83910675e-02  2.31164072e+01]
 [-2.83143350e-02  2.31237879e+01]
 [-2.82451982e-02  2.31311686e+01]
 [-2.81723395e-02  2.31385493e+01]
 [-2.81008597e-02  2.31459300e+01]
 [-2.80293611e-02  2.31533108e+01]
 [-2.79582979e-02  2.31606915e+01]
 [-2.78870051e-02  2.31680722e+01]
 [-2.78162972e-02  2.31754529e+01]
 [-2.77434688e-02  2.31828336e+01]
 [-2.76705668e-02  2.31902144e+01]
 [-2.76068461e-02  2.31975951e+01]
 [-2.75333952e-02  2.32049758e+01]
 [-2.74639925e-02  2.32123565e+01]
 [-2.73943556e-02  2.32197372e+01]
 [-2.73255729e-02  2.32271179e+01]
 [-2.72553055e-02  2.32344987e+01]
 [-2.71866647e-02  2.32418794e+01]
 [-2.71174407e-02  2.32492601e+01]
 [-2.70461639e-02  2.32566408e+01]
 [-2.69798391e-02  2.32640215e+01]
 [-2.69099771e-02  2.32714022e+01]
 [-2.68420493e-02  2.32787830e+01]
 [-2.67735880e-02  2.32861637e+01]
 [-2.67055752e-02  2.32935444e+01]
 [-2.66354174e-02  2.33009251e+01]
 [-2.65708198e-02  2.33083058e+01]
 [-2.65013027e-02  2.33156865e+01]
 [-2.64357410e-02  2.33230673e+01]
 [-2.63662265e-02  2.33304480e+01]
 [-2.63012522e-02  2.33378287e+01]
 [-2.62319479e-02  2.33452094e+01]
 [-2.61672597e-02  2.33525901e+01]
 [-2.60978215e-02  2.33599709e+01]
 [-2.60334344e-02  2.33673516e+01]
 [-2.59631833e-02  2.33747323e+01]
 [-2.59019200e-02  2.33821130e+01]
 [-2.58324479e-02  2.33894937e+01]
 [-2.57684719e-02  2.33968744e+01]
 [-2.56994376e-02  2.34042552e+01]
 [-2.56379455e-02  2.34116359e+01]
 [-2.55704811e-02  2.34190166e+01]
 [-2.55018078e-02  2.34263973e+01]
 [-2.54433658e-02  2.34337780e+01]
 [-2.53743837e-02  2.34411587e+01]
 [-2.53120332e-02  2.34485395e+01]
 [-2.52452286e-02  2.34559202e+01]
 [-2.51774424e-02  2.34633009e+01]
 [-2.51160828e-02  2.34706816e+01]
 [-2.50536790e-02  2.34780623e+01]
 [-2.49884389e-02  2.34854431e+01]
 [-2.49251840e-02  2.34928238e+01]
 [-2.48571967e-02  2.35002045e+01]
 [-2.47999473e-02  2.35075852e+01]
 [-2.47326964e-02  2.35149659e+01]
 [-2.46720959e-02  2.35223466e+01]
 [-2.46075541e-02  2.35297274e+01]
 [-2.45365686e-02  2.35371081e+01]
 [-2.44857182e-02  2.35444888e+01]
 [-2.44154333e-02  2.35518695e+01]
 [-2.43555922e-02  2.35592502e+01]
 [-2.42907862e-02  2.35666309e+01]
 [-2.42296122e-02  2.35740117e+01]
 [-2.41658886e-02  2.35813924e+01]
 [-2.41054016e-02  2.35887731e+01]
 [-2.40378100e-02  2.35961538e+01]
 [-2.39835899e-02  2.36035345e+01]
 [-2.39172028e-02  2.36109152e+01]
 [-2.38584017e-02  2.36182960e+01]
 [-2.37954108e-02  2.36256767e+01]
 [-2.37352150e-02  2.36330574e+01]
 [-2.36735362e-02  2.36404381e+01]
 [-2.36130482e-02  2.36478188e+01]
 [-2.35512339e-02  2.36551996e+01]
 [-2.34919412e-02  2.36625803e+01]
 [-2.34307537e-02  2.36699610e+01]
 [-2.33709288e-02  2.36773417e+01]
 [-2.33108185e-02  2.36847224e+01]
 [-2.32504372e-02  2.36921031e+01]
 [-2.31919065e-02  2.36994839e+01]
 [-2.31318627e-02  2.37068646e+01]
 [-2.30726953e-02  2.37142453e+01]
 [-2.30133056e-02  2.37216260e+01]
 [-2.29488462e-02  2.37290067e+01]
 [-2.28981682e-02  2.37363874e+01]
 [-2.28330863e-02  2.37437682e+01]
 [-2.27789417e-02  2.37511489e+01]
 [-2.27217538e-02  2.37585296e+01]
 [-2.26662065e-02  2.37659103e+01]
 [-2.26098000e-02  2.37732910e+01]
 [-2.25530576e-02  2.37806718e+01]
 [-2.24973079e-02  2.37880525e+01]
 [-2.24407161e-02  2.37954332e+01]
 [-2.23840515e-02  2.38028139e+01]
 [-2.23285181e-02  2.38101946e+01]
 [-2.22726150e-02  2.38175753e+01]
 [-2.22161324e-02  2.38249561e+01]
 [-2.21546646e-02  2.38323368e+01]
 [-2.21079931e-02  2.38397175e+01]
 [-2.20456125e-02  2.38470982e+01]
 [-2.19946279e-02  2.38544789e+01]
 [-2.19371344e-02  2.38618596e+01]
 [-2.18805057e-02  2.38692404e+01]
 [-2.18279810e-02  2.38766211e+01]
 [-2.18215169e-02  2.38840018e+01]
 [-2.18024743e-02  2.38913825e+01]
 [-2.17713770e-02  2.38987632e+01]
 [-2.17287494e-02  2.39061439e+01]
 [-2.16751154e-02  2.39135247e+01]
 [-2.16109992e-02  2.39209054e+01]
 [-2.15369249e-02  2.39282861e+01]
 [-2.14534166e-02  2.39356668e+01]
 [-2.13609984e-02  2.39430475e+01]
 [-2.12601945e-02  2.39504283e+01]
 [-2.11515289e-02  2.39578090e+01]
 [-2.10355257e-02  2.39651897e+01]
 [-2.09127091e-02  2.39725704e+01]
 [-2.07836032e-02  2.39799511e+01]
 [-2.06487321e-02  2.39873318e+01]
 [-2.05086199e-02  2.39947126e+01]
 [-2.03637906e-02  2.40020933e+01]
 [-2.02147685e-02  2.40094740e+01]
 [-2.00620776e-02  2.40168547e+01]
 [-1.99062420e-02  2.40242354e+01]
 [-1.97477859e-02  2.40316161e+01]
 [-1.95872334e-02  2.40389969e+01]
 [-1.94251085e-02  2.40463776e+01]
 [-1.92619354e-02  2.40537583e+01]
 [-1.90982382e-02  2.40611390e+01]
 [-1.89345410e-02  2.40685197e+01]
 [-1.87713679e-02  2.40759005e+01]
 [-1.86092430e-02  2.40832812e+01]
 [-1.84486904e-02  2.40906619e+01]
 [-1.82902343e-02  2.40980426e+01]
 [-1.81343987e-02  2.41054233e+01]
 [-1.79817079e-02  2.41128040e+01]
 [-1.78326857e-02  2.41201848e+01]
 [-1.76878565e-02  2.41275655e+01]
 [-1.75477443e-02  2.41349462e+01]
 [-1.74128731e-02  2.41423269e+01]
 [-1.72837672e-02  2.41497076e+01]
 [-1.71609506e-02  2.41570883e+01]
 [-1.70449475e-02  2.41644691e+01]
 [-1.69362819e-02  2.41718498e+01]
 [-1.68354779e-02  2.41792305e+01]
 [-1.67430598e-02  2.41866112e+01]
 [-1.66595515e-02  2.41939919e+01]
 [-1.65854772e-02  2.42013726e+01]
 [-1.65213610e-02  2.42087534e+01]
 [-1.64677270e-02  2.42161341e+01]
 [-1.64250993e-02  2.42235148e+01]
 [-1.63940021e-02  2.42308955e+01]
 [-1.63749594e-02  2.42382762e+01]
 [-1.63684954e-02  2.42456570e+01]
 [-1.56220468e-02  2.42530377e+01]
 [-1.55327794e-02  2.42604184e+01]
 [-1.54442934e-02  2.42677991e+01]
 [-1.53568769e-02  2.42751798e+01]
 [-1.52686979e-02  2.42825605e+01]
 [-1.51833518e-02  2.42899413e+01]
 [-1.50964196e-02  2.42973220e+01]
 [-1.50120767e-02  2.43047027e+01]
 [-1.49265138e-02  2.43120834e+01]
 [-1.48385613e-02  2.43194641e+01]
 [-1.47480921e-02  2.43268448e+01]
 [-1.46862520e-02  2.43342256e+01]
 [-1.45910983e-02  2.43416063e+01]
 [-1.45180759e-02  2.43489870e+01]
 [-1.44241752e-02  2.43563677e+01]
 [-1.43612101e-02  2.43637484e+01]
 [-1.42695687e-02  2.43711292e+01]
 [-1.41989835e-02  2.43785099e+01]
 [-1.41142778e-02  2.43858906e+01]
 [-1.40407897e-02  2.43932713e+01]
 [-1.39609994e-02  2.44006520e+01]
 [-1.38859737e-02  2.44080327e+01]
 [-1.38088510e-02  2.44154135e+01]
 [-1.37328693e-02  2.44227942e+01]
 [-1.36591203e-02  2.44301749e+01]
 [-1.35829597e-02  2.44375556e+01]
 [-1.35103649e-02  2.44449363e+01]
 [-1.34350128e-02  2.44523170e+01]
 [-1.33628994e-02  2.44596978e+01]
 [-1.32890929e-02  2.44670785e+01]
 [-1.32176323e-02  2.44744592e+01]
 [-1.31443537e-02  2.44818399e+01]
 [-1.30720940e-02  2.44892206e+01]
 [-1.30004370e-02  2.44966013e+01]
 [-1.29296365e-02  2.45039821e+01]
 [-1.28539581e-02  2.45113628e+01]
 [-1.27939794e-02  2.45187435e+01]
 [-1.27193367e-02  2.45261242e+01]
 [-1.26536603e-02  2.45335049e+01]
 [-1.25836620e-02  2.45408857e+01]
 [-1.25168499e-02  2.45482664e+01]
 [-1.24489037e-02  2.45556471e+01]
 [-1.23823260e-02  2.45630278e+01]
 [-1.23153016e-02  2.45704085e+01]
 [-1.22499329e-02  2.45777892e+01]
 [-1.21839385e-02  2.45851700e+01]
 [-1.21189057e-02  2.45925507e+01]
 [-1.20539770e-02  2.45999314e+01]
 [-1.19896644e-02  2.46073121e+01]
 [-1.19255998e-02  2.46146928e+01]
 [-1.18619549e-02  2.46220735e+01]
 [-1.17987330e-02  2.46294543e+01]
 [-1.17358659e-02  2.46368350e+01]
 [-1.16733683e-02  2.46442157e+01]
 [-1.16074699e-02  2.46515964e+01]
 [-1.15506756e-02  2.46589771e+01]
 [-1.14869758e-02  2.46663579e+01]
 [-1.14269476e-02  2.46737386e+01]
 [-1.13654460e-02  2.46811193e+01]
 [-1.13052995e-02  2.46885000e+01]
 [-1.12447817e-02  2.46958807e+01]
 [-1.11851371e-02  2.47032614e+01]
 [-1.11254978e-02  2.47106422e+01]
 [-1.10649944e-02  2.47180229e+01]
 [-1.10080962e-02  2.47254036e+01]
 [-1.09478236e-02  2.47327843e+01]
 [-1.08890292e-02  2.47401650e+01]
 [-1.08314874e-02  2.47475457e+01]
 [-1.07722581e-02  2.47549265e+01]
 [-1.07163107e-02  2.47623072e+01]
 [-1.06580924e-02  2.47696879e+01]
 [-1.05961391e-02  2.47770686e+01]
 [-1.05478036e-02  2.47844493e+01]
 [-1.04825603e-02  2.47918300e+01]
 [-1.04360362e-02  2.47992108e+01]
 [-1.03744616e-02  2.48065915e+01]
 [-1.03190845e-02  2.48139722e+01]
 [-1.02664596e-02  2.48213529e+01]
 [-1.02101080e-02  2.48287336e+01]
 [-1.01562456e-02  2.48361144e+01]
 [-1.00938983e-02  2.48434951e+01]
 [-1.00517425e-02  2.48508758e+01]
 [-9.99028246e-03  2.48582565e+01]
 [-9.94081133e-03  2.48656372e+01]
 [-9.87388616e-03  2.48730179e+01]
 [-9.84026180e-03  2.48803987e+01]
 [-9.77526278e-03  2.48877794e+01]
 [-9.72928775e-03  2.48951601e+01]
 [-9.67284461e-03  2.49025408e+01]
 [-9.62200420e-03  2.49099215e+01]
 [-9.56904300e-03  2.49173022e+01]
 [-9.51726976e-03  2.49246830e+01]
 [-9.46498119e-03  2.49320637e+01]
 [-9.41379227e-03  2.49394444e+01]
 [-9.36168105e-03  2.49468251e+01]
 [-9.31085553e-03  2.49542058e+01]
 [-9.25607538e-03  2.49615866e+01]
 [-9.20965172e-03  2.49689673e+01]
 [-9.15699988e-03  2.49763480e+01]
 [-9.10751002e-03  2.49837287e+01]
 [-9.05615855e-03  2.49911094e+01]
 [-9.00667558e-03  2.49984901e+01]
 [-8.95603876e-03  2.50058709e+01]
 [-8.90629484e-03  2.50132516e+01]
 [-8.85649535e-03  2.50206323e+01]
 [-8.80713599e-03  2.50280130e+01]
 [-8.75741131e-03  2.50353937e+01]
 [-8.70888501e-03  2.50427744e+01]
 [-8.65945095e-03  2.50501552e+01]
 [-8.61102039e-03  2.50575359e+01]
 [-8.56244485e-03  2.50649166e+01]
 [-8.51391177e-03  2.50722973e+01]
 [-8.46589367e-03  2.50796780e+01]
 [-8.41755453e-03  2.50870587e+01]
 [-8.36993576e-03  2.50944395e+01]
 [-8.32135480e-03  2.51018202e+01]
 [-8.27454032e-03  2.51092009e+01]
 [-8.22667609e-03  2.51165816e+01]
 [-8.17970010e-03  2.51239623e+01]
 [-8.13129468e-03  2.51313431e+01]
 [-8.08566491e-03  2.51387238e+01]
 [-8.03716035e-03  2.51461045e+01]
 [-7.99144256e-03  2.51534852e+01]
 [-7.94354403e-03  2.51608659e+01]
 [-7.89595878e-03  2.51682466e+01]
 [-7.84993293e-03  2.51756274e+01]
 [-7.80293343e-03  2.51830081e+01]
 [-7.75644128e-03  2.51903888e+01]
 [-7.71075713e-03  2.51977695e+01]
 [-7.66423632e-03  2.52051502e+01]
 [-7.61409417e-03  2.52125309e+01]
 [-7.57735218e-03  2.52199117e+01]
 [-7.52804191e-03  2.52272924e+01]
 [-7.48518188e-03  2.52346731e+01]
 [-7.44076735e-03  2.52420538e+01]
 [-7.39179265e-03  2.52494345e+01]
 [-7.35464026e-03  2.52568152e+01]
 [-7.30544405e-03  2.52641960e+01]
 [-7.26440350e-03  2.52715767e+01]
 [-7.21791441e-03  2.52789574e+01]
 [-7.17526238e-03  2.52863381e+01]
 [-7.13009045e-03  2.52937188e+01]
 [-7.08681571e-03  2.53010996e+01]
 [-7.04210349e-03  2.53084803e+01]
 [-7.00072232e-03  2.53158610e+01]
 [-6.94532114e-03  2.53232417e+01]
 [-6.92342817e-03  2.53306224e+01]
 [-6.86823483e-03  2.53380031e+01]
 [-6.83317769e-03  2.53453839e+01]
 [-6.78637771e-03  2.53527646e+01]
 [-6.74660259e-03  2.53601453e+01]
 [-6.70264360e-03  2.53675260e+01]
 [-6.66133318e-03  2.53749067e+01]
 [-6.61847342e-03  2.53822874e+01]
 [-6.57585512e-03  2.53896682e+01]
 [-6.53481427e-03  2.53970489e+01]
 [-6.49084113e-03  2.54044296e+01]
 [-6.45052724e-03  2.54118103e+01]
 [-6.40297120e-03  2.54191910e+01]
 [-6.40254891e-03  2.54265718e+01]
 [-6.40130489e-03  2.54339525e+01]
 [-6.39927338e-03  2.54413332e+01]
 [-6.39648860e-03  2.54487139e+01]
 [-6.39298480e-03  2.54560946e+01]
 [-6.38879622e-03  2.54634753e+01]
 [-6.38395710e-03  2.54708561e+01]
 [-6.37850167e-03  2.54782368e+01]
 [-6.37246418e-03  2.54856175e+01]
 [-6.36587887e-03  2.54929982e+01]
 [-6.35877997e-03  2.55003789e+01]
 [-6.35120172e-03  2.55077596e+01]
 [-6.34317836e-03  2.55151404e+01]
 [-6.33474414e-03  2.55225211e+01]
 [-6.32593328e-03  2.55299018e+01]
 [-6.31678004e-03  2.55372825e+01]
 [-6.30731864e-03  2.55446632e+01]
 [-6.29758333e-03  2.55520439e+01]
 [-6.28760835e-03  2.55594247e+01]
 [-6.27742793e-03  2.55668054e+01]
 [-6.26707632e-03  2.55741861e+01]
 [-6.25658775e-03  2.55815668e+01]
 [-6.24599646e-03  2.55889475e+01]
 [-6.23533670e-03  2.55963283e+01]
 [-6.22464270e-03  2.56037090e+01]
 [-6.21394869e-03  2.56110897e+01]
 [-6.20328893e-03  2.56184704e+01]
 [-6.19269764e-03  2.56258511e+01]
 [-6.18220907e-03  2.56332318e+01]
 [-6.17185746e-03  2.56406126e+01]
 [-6.16167704e-03  2.56479933e+01]
 [-6.15170206e-03  2.56553740e+01]
 [-6.14196675e-03  2.56627547e+01]
 [-6.13250535e-03  2.56701354e+01]
 [-6.12335211e-03  2.56775161e+01]
 [-6.11454125e-03  2.56848969e+01]
 [-6.10610703e-03  2.56922776e+01]
 [-6.09808367e-03  2.56996583e+01]
 [-6.09050542e-03  2.57070390e+01]
 [-6.08340652e-03  2.57144197e+01]
 [-6.07682121e-03  2.57218005e+01]
 [-6.07078372e-03  2.57291812e+01]
 [-6.06532829e-03  2.57365619e+01]
 [-6.06048917e-03  2.57439426e+01]
 [-6.05630059e-03  2.57513233e+01]
 [-6.05279679e-03  2.57587040e+01]
 [-6.05001202e-03  2.57660848e+01]
 [-6.04798050e-03  2.57734655e+01]
 [-6.04673648e-03  2.57808462e+01]
 [-6.04631420e-03  2.57882269e+01]
 [-5.47192834e-03  2.57956076e+01]
 [-5.40272424e-03  2.58029883e+01]
 [-5.33866271e-03  2.58103691e+01]
 [-5.27277067e-03  2.58177498e+01]
 [-5.20997888e-03  2.58251305e+01]
 [-5.14658446e-03  2.58325112e+01]
 [-5.08261773e-03  2.58398919e+01]
 [-5.02561035e-03  2.58472726e+01]
 [-4.96309755e-03  2.58546534e+01]
 [-4.90530191e-03  2.58620341e+01]
 [-4.84000789e-03  2.58694148e+01]
 [-4.79289771e-03  2.58767955e+01]
 [-4.72933731e-03  2.58841762e+01]
 [-4.67718452e-03  2.58915570e+01]
 [-4.61940121e-03  2.58989377e+01]
 [-4.56605437e-03  2.59063184e+01]
 [-4.51104350e-03  2.59136991e+01]
 [-4.45810289e-03  2.59210798e+01]
 [-4.40445481e-03  2.59284605e+01]
 [-4.35257817e-03  2.59358413e+01]
 [-4.30030838e-03  2.59432220e+01]
 [-4.24505308e-03  2.59506027e+01]
 [-4.20145069e-03  2.59579834e+01]
 [-4.14640273e-03  2.59653641e+01]
 [-4.09992148e-03  2.59727448e+01]
 [-4.04832976e-03  2.59801256e+01]
 [-4.00065238e-03  2.59875063e+01]
 [-3.95164633e-03  2.59948870e+01]
 [-3.90405716e-03  2.60022677e+01]
 [-3.85598701e-03  2.60096484e+01]
 [-3.80215023e-03  2.60170292e+01]
 [-3.76237373e-03  2.60244099e+01]
 [-3.71554249e-03  2.60317906e+01]
 [-3.66957841e-03  2.60391713e+01]
 [-3.62324587e-03  2.60465520e+01]
 [-3.57838451e-03  2.60539327e+01]
 [-3.53261086e-03  2.60613135e+01]
 [-3.48831207e-03  2.60686942e+01]
 [-3.44052056e-03  2.60760749e+01]
 [-3.40130818e-03  2.60834556e+01]
 [-3.35430979e-03  2.60908363e+01]
 [-3.31262225e-03  2.60982170e+01]
 [-3.26762566e-03  2.61055978e+01]
 [-3.22481755e-03  2.61129785e+01]
 [-3.18077479e-03  2.61203592e+01]
 [-3.13825253e-03  2.61277399e+01]
 [-3.09643867e-03  2.61351206e+01]
 [-3.05344083e-03  2.61425013e+01]
 [-3.01181923e-03  2.61498821e+01]
 [-2.96957965e-03  2.61572628e+01]
 [-2.92824872e-03  2.61646435e+01]
 [-2.88673650e-03  2.61720242e+01]
 [-2.84562947e-03  2.61794049e+01]
 [-2.80436726e-03  2.61867857e+01]
 [-2.76402663e-03  2.61941664e+01]
 [-2.72308647e-03  2.62015471e+01]
 [-2.67913957e-03  2.62089278e+01]
 [-2.64461005e-03  2.62163085e+01]
 [-2.59996405e-03  2.62236892e+01]
 [-2.56282394e-03  2.62310700e+01]
 [-2.52084189e-03  2.62384507e+01]
 [-2.48205992e-03  2.62458314e+01]
 [-2.44157909e-03  2.62532121e+01]
 [-2.40135992e-03  2.62605928e+01]
 [-2.35633317e-03  2.62679735e+01]
 [-2.32692756e-03  2.62753543e+01]
 [-2.27525819e-03  2.62827350e+01]
 [-2.25041726e-03  2.62901157e+01]
 [-2.20282632e-03  2.62974964e+01]
 [-2.16973394e-03  2.63048771e+01]
 [-2.12730536e-03  2.63122579e+01]
 [-2.09145792e-03  2.63196386e+01]
 [-2.05133970e-03  2.63270193e+01]
 [-2.01368468e-03  2.63344000e+01]
 [-1.97573268e-03  2.63417807e+01]
 [-1.93760643e-03  2.63491614e+01]
 [-1.89965041e-03  2.63565422e+01]
 [-1.86183361e-03  2.63639229e+01]
 [-1.82393972e-03  2.63713036e+01]
 [-1.78589755e-03  2.63786843e+01]
 [-1.74789578e-03  2.63860650e+01]
 [-1.71053493e-03  2.63934457e+01]
 [-1.67303809e-03  2.64008265e+01]
 [-1.62961734e-03  2.64082072e+01]
 [-1.60284796e-03  2.64155879e+01]
 [-1.55786821e-03  2.64229686e+01]
 [-1.52512929e-03  2.64303493e+01]
 [-1.48499158e-03  2.64377300e+01]
 [-1.44974732e-03  2.64451108e+01]
 [-1.41156671e-03  2.64524915e+01]
 [-1.37548104e-03  2.64598722e+01]
 [-1.33814109e-03  2.64672529e+01]
 [-1.30182209e-03  2.64746336e+01]
 [-1.26473314e-03  2.64820144e+01]
 [-1.22873318e-03  2.64893951e+01]
 [-1.19179880e-03  2.64967758e+01]
 [-1.15572666e-03  2.65041565e+01]
 [-1.11943236e-03  2.65115372e+01]
 [-1.08314738e-03  2.65189179e+01]
 [-1.04709027e-03  2.65262987e+01]
 [-1.01098112e-03  2.65336794e+01]
 [-9.70363002e-04  2.65410601e+01]
 [-9.41567586e-04  2.65484408e+01]
 [-9.01394441e-04  2.65558215e+01]
 [-8.68075500e-04  2.65632022e+01]
 [-8.31735024e-04  2.65705830e+01]
 [-7.97049094e-04  2.65779637e+01]
 [-7.60658877e-04  2.65853444e+01]
 [-7.19453762e-04  2.65927251e+01]
 [-6.90085919e-04  2.66001058e+01]
 [-6.55950525e-04  2.66074866e+01]
 [-6.19754073e-04  2.66148673e+01]
 [-5.85110849e-04  2.66222480e+01]
 [-5.49644079e-04  2.66296287e+01]
 [-5.14595891e-04  2.66370094e+01]
 [-4.79403998e-04  2.66443901e+01]
 [-4.44461587e-04  2.66517709e+01]
 [-4.09303952e-04  2.66591516e+01]
 [-3.74417353e-04  2.66665323e+01]
 [-3.39441209e-04  2.66739130e+01]
 [-3.04045485e-04  2.66812937e+01]
 [-2.69845288e-04  2.66886744e+01]
 [-2.34619775e-04  2.66960552e+01]
 [-2.00538262e-04  2.67034359e+01]
 [-1.65848306e-04  2.67108166e+01]
 [-1.31493402e-04  2.67181973e+01]
 [-9.72653623e-05  2.67255780e+01]
 [-6.25283607e-05  2.67329587e+01]
 [-2.84918024e-05  2.67403395e+01]
 [ 6.10468848e-06  2.67477202e+01]
 [ 4.02842454e-05  2.67551009e+01]
 [ 7.48698608e-05  2.67624816e+01]
 [ 1.08382987e-04  2.67698623e+01]
 [ 1.42940069e-04  2.67772431e+01]
 [ 1.37309984e-04  2.67846238e+01]
 [ 1.20724056e-04  2.67920045e+01]
 [ 9.36387793e-05  2.67993852e+01]
 [ 5.65106474e-05  2.68067659e+01]
 [ 9.79615348e-06  2.68141466e+01]
 [-4.60482089e-05  2.68215274e+01]
 [-1.10565946e-04  2.68289081e+01]
 [-1.83300566e-04  2.68362888e+01]
 [-2.63795573e-04  2.68436695e+01]
 [-3.51594475e-04  2.68510502e+01]
 [-4.46240779e-04  2.68584309e+01]
 [-5.47277990e-04  2.68658117e+01]
 [-6.54249616e-04  2.68731924e+01]
 [-7.66699164e-04  2.68805731e+01]
 [-8.84170139e-04  2.68879538e+01]
 [-1.00620605e-03  2.68953345e+01]
 [-1.13235040e-03  2.69027152e+01]
 [-1.26214670e-03  2.69100960e+01]
 [-1.39513845e-03  2.69174767e+01]
 [-1.53086916e-03  2.69248574e+01]
 [-1.66888234e-03  2.69322381e+01]
 [-1.80872149e-03  2.69396188e+01]
 [-1.94993012e-03  2.69469996e+01]
 [-2.09205174e-03  2.69543803e+01]
 [-2.23462986e-03  2.69617610e+01]
 [-2.37720797e-03  2.69691417e+01]
 [-2.51932959e-03  2.69765224e+01]
 [-2.66053822e-03  2.69839031e+01]
 [-2.80037738e-03  2.69912839e+01]
 [-2.93839055e-03  2.69986646e+01]
 [-3.07412127e-03  2.70060453e+01]
 [-3.20711302e-03  2.70134260e+01]
 [-3.33690931e-03  2.70208067e+01]
 [-3.46305366e-03  2.70281874e+01]
 [-3.58508957e-03  2.70355682e+01]
 [-3.70256055e-03  2.70429489e+01]
 [-3.81501010e-03  2.70503296e+01]
 [-3.92198172e-03  2.70577103e+01]
 [-4.02301893e-03  2.70650910e+01]
 [-4.11766524e-03  2.70724718e+01]
 [-4.20546414e-03  2.70798525e+01]
 [-4.28595915e-03  2.70872332e+01]
 [-4.35869377e-03  2.70946139e+01]
 [-4.42321150e-03  2.71019946e+01]
 [-4.47905587e-03  2.71093753e+01]
 [-4.52577036e-03  2.71167561e+01]
 [-4.56289849e-03  2.71241368e+01]
 [-4.58998377e-03  2.71315175e+01]
 [-4.60656970e-03  2.71388982e+01]
 [-4.61219978e-03  2.71462789e+01]
 [-4.24206821e-03  2.71536596e+01]
 [-4.19575922e-03  2.71610404e+01]
 [-4.15018891e-03  2.71684211e+01]
 [-4.10111155e-03  2.71758018e+01]
 [-4.06117269e-03  2.71831825e+01]
 [-4.01289413e-03  2.71905632e+01]
 [-3.96986333e-03  2.71979439e+01]
 [-3.92419463e-03  2.72053247e+01]
 [-3.88038022e-03  2.72127054e+01]
 [-3.83590261e-03  2.72200861e+01]
 [-3.79250522e-03  2.72274668e+01]
 [-3.74844376e-03  2.72348475e+01]
 [-3.70219070e-03  2.72422283e+01]
 [-3.66428798e-03  2.72496090e+01]
 [-3.61890661e-03  2.72569897e+01]
 [-3.57698484e-03  2.72643704e+01]
 [-3.53617857e-03  2.72717511e+01]
 [-3.49391547e-03  2.72791318e+01]
 [-3.45310458e-03  2.72865126e+01]
 [-3.41200046e-03  2.72938933e+01]
 [-3.37181562e-03  2.73012740e+01]
 [-3.32721796e-03  2.73086547e+01]
 [-3.29427233e-03  2.73160354e+01]
 [-3.24793623e-03  2.73234161e+01]
 [-3.21538991e-03  2.73307969e+01]
 [-3.17213618e-03  2.73381776e+01]
 [-3.13648443e-03  2.73455583e+01]
 [-3.09156635e-03  2.73529390e+01]
 [-3.06291757e-03  2.73603197e+01]
 [-3.01959136e-03  2.73677005e+01]
 [-2.98588941e-03  2.73750812e+01]
 [-2.94708381e-03  2.73824619e+01]
 [-2.91173889e-03  2.73898426e+01]
 [-2.87502899e-03  2.73972233e+01]
 [-2.83928432e-03  2.74046040e+01]
 [-2.80361478e-03  2.74119848e+01]
 [-2.76350879e-03  2.74193655e+01]
 [-2.73706911e-03  2.74267462e+01]
 [-2.69745596e-03  2.74341269e+01]
 [-2.66608112e-03  2.74415076e+01]
 [-2.63043867e-03  2.74488883e+01]
 [-2.59770104e-03  2.74562691e+01]
 [-2.56355335e-03  2.74636498e+01]
 [-2.53064640e-03  2.74710305e+01]
 [-2.49304958e-03  2.74784112e+01]
 [-2.46773086e-03  2.74857919e+01]
 [-2.43078704e-03  2.74931726e+01]
 [-2.40122301e-03  2.75005534e+01]
 [-2.36367627e-03  2.75079341e+01]
 [-2.33950795e-03  2.75153148e+01]
 [-2.30379866e-03  2.75226955e+01]
 [-2.27518731e-03  2.75300762e+01]
 [-2.24291831e-03  2.75374570e+01]
 [-2.21317225e-03  2.75448377e+01]
 [-2.18229706e-03  2.75522184e+01]
 [-2.15244574e-03  2.75595991e+01]
 [-2.12222258e-03  2.75669798e+01]
 [-2.09277794e-03  2.75743605e+01]
 [-2.06313095e-03  2.75817413e+01]
 [-2.03404795e-03  2.75891220e+01]
 [-2.00481171e-03  2.75965027e+01]
 [-1.97607299e-03  2.76038834e+01]
 [-1.94588519e-03  2.76112641e+01]
 [-1.91953975e-03  2.76186448e+01]
 [-1.88961438e-03  2.76260256e+01]
 [-1.86263804e-03  2.76334063e+01]
 [-1.83185564e-03  2.76407870e+01]
 [-1.80852738e-03  2.76481677e+01]
 [-1.77815524e-03  2.76555484e+01]
 [-1.75257033e-03  2.76629292e+01]
 [-1.72435705e-03  2.76703099e+01]
 [-1.69278229e-03  2.76776906e+01]
 [-1.67422874e-03  2.76850713e+01]
 [-1.64255937e-03  2.76924520e+01]
 [-1.61903915e-03  2.76998327e+01]
 [-1.59119902e-03  2.77072135e+01]
 [-1.56567308e-03  2.77145942e+01]
 [-1.53955842e-03  2.77219749e+01]
 [-1.51326699e-03  2.77293556e+01]
 [-1.48783085e-03  2.77367363e+01]
 [-1.46205697e-03  2.77441170e+01]
 [-1.43559916e-03  2.77514978e+01]
 [-1.41158645e-03  2.77588785e+01]
 [-1.38584502e-03  2.77662592e+01]
 [-1.35959405e-03  2.77736399e+01]
 [-1.33676773e-03  2.77810206e+01]
 [-1.31084922e-03  2.77884013e+01]
 [-1.28026854e-03  2.77957821e+01]
 [-1.26749369e-03  2.78031628e+01]
 [-1.23381931e-03  2.78105435e+01]
 [-1.21209158e-03  2.78179242e+01]
 [-1.18441426e-03  2.78253049e+01]
 [-1.15974710e-03  2.78326857e+01]
 [-1.13110868e-03  2.78400664e+01]
 [-1.11105441e-03  2.78474471e+01]
 [-1.08340324e-03  2.78548278e+01]
 [-1.05103084e-03  2.78622085e+01]
 [-1.04008323e-03  2.78695892e+01]
 [-1.00861270e-03  2.78769700e+01]
 [-9.89107421e-04  2.78843507e+01]
 [-9.62892349e-04  2.78917314e+01]
 [-9.40621533e-04  2.78991121e+01]
 [-9.16181834e-04  2.79064928e+01]
 [-8.93068014e-04  2.79138735e+01]
 [-8.59883548e-04  2.79212543e+01]
 [-8.49048836e-04  2.79286350e+01]
 [-8.21179291e-04  2.79360157e+01]
 [-8.00327976e-04  2.79433964e+01]
 [-7.75659933e-04  2.79507771e+01]
 [-7.53369126e-04  2.79581579e+01]
 [-7.29662415e-04  2.79655386e+01]
 [-7.06985888e-04  2.79729193e+01]
 [-6.83737795e-04  2.79803000e+01]
 [-6.60917194e-04  2.79876807e+01]
 [-6.37698839e-04  2.79950614e+01]
 [-6.15218438e-04  2.80024422e+01]
 [-5.92182627e-04  2.80098229e+01]
 [-5.69529360e-04  2.80172036e+01]
 [-5.73427224e-04  2.80245843e+01]
 [-5.84910120e-04  2.80319650e+01]
 [-6.03662005e-04  2.80393457e+01]
 [-6.29366837e-04  2.80467265e+01]
 [-6.61708572e-04  2.80541072e+01]
 [-7.00371168e-04  2.80614879e+01]
 [-7.45038580e-04  2.80688686e+01]
 [-7.95394767e-04  2.80762493e+01]
 [-8.51123685e-04  2.80836300e+01]
 [-9.11909292e-04  2.80910108e+01]
 [-9.77435543e-04  2.80983915e+01]
 [-1.04738640e-03  2.81057722e+01]
 [-1.12144581e-03  2.81131529e+01]
 [-1.19929774e-03  2.81205336e+01]
 [-1.28062614e-03  2.81279144e+01]
 [-1.36511497e-03  2.81352951e+01]
 [-1.45244819e-03  2.81426758e+01]
 [-1.54230976e-03  2.81500565e+01]
 [-1.63438362e-03  2.81574372e+01]
 [-1.72835375e-03  2.81648179e+01]
 [-1.82390408e-03  2.81721987e+01]
 [-1.92071859e-03  2.81795794e+01]
 [-2.01848123e-03  2.81869601e+01]
 [-2.11687596e-03  2.81943408e+01]
 [-2.21558673e-03  2.82017215e+01]
 [-2.31429749e-03  2.82091022e+01]
 [-2.41269222e-03  2.82164830e+01]
 [-2.51045486e-03  2.82238637e+01]
 [-2.60726937e-03  2.82312444e+01]
 [-2.70281971e-03  2.82386251e+01]
 [-2.79678983e-03  2.82460058e+01]
 [-2.88886369e-03  2.82533866e+01]
 [-2.97872526e-03  2.82607673e+01]
 [-3.06605848e-03  2.82681480e+01]
 [-3.15054731e-03  2.82755287e+01]
 [-3.23187571e-03  2.82829094e+01]
 [-3.30972764e-03  2.82902901e+01]
 [-3.38378705e-03  2.82976709e+01]
 [-3.45373791e-03  2.83050516e+01]
 [-3.51926416e-03  2.83124323e+01]
 [-3.58004976e-03  2.83198130e+01]
 [-3.63577868e-03  2.83271937e+01]
 [-3.68613487e-03  2.83345744e+01]
 [-3.73080228e-03  2.83419552e+01]
 [-3.76946488e-03  2.83493359e+01]
 [-3.80180661e-03  2.83567166e+01]
 [-3.82751145e-03  2.83640973e+01]
 [-3.84626333e-03  2.83714780e+01]
 [-3.85774623e-03  2.83788587e+01]
 [-3.86164409e-03  2.83862395e+01]
 [-3.22890175e-03  2.83936202e+01]
 [-3.14751631e-03  2.84010009e+01]
 [-3.07889251e-03  2.84083816e+01]
 [-3.00456045e-03  2.84157623e+01]
 [-2.93539986e-03  2.84231431e+01]
 [-2.86515266e-03  2.84305238e+01]
 [-2.79717927e-03  2.84379045e+01]
 [-2.72944768e-03  2.84452852e+01]
 [-2.65407741e-03  2.84526659e+01]
 [-2.60314204e-03  2.84600466e+01]
 [-2.52918851e-03  2.84674274e+01]
 [-2.47121449e-03  2.84748081e+01]
 [-2.40515407e-03  2.84821888e+01]
 [-2.34508489e-03  2.84895695e+01]
 [-2.28246894e-03  2.84969502e+01]
 [-2.22316466e-03  2.85043309e+01]
 [-2.16310208e-03  2.85117117e+01]
 [-2.10454216e-03  2.85190924e+01]
 [-2.04645241e-03  2.85264731e+01]
 [-1.98884628e-03  2.85338538e+01]
 [-1.93250478e-03  2.85412345e+01]
 [-1.87638779e-03  2.85486153e+01]
 [-1.82143987e-03  2.85559960e+01]
 [-1.76670065e-03  2.85633767e+01]
 [-1.71265209e-03  2.85707574e+01]
 [-1.65966458e-03  2.85781381e+01]
 [-1.60656414e-03  2.85855188e+01]
 [-1.55502099e-03  2.85928996e+01]
 [-1.50328659e-03  2.86002803e+01]
 [-1.45129012e-03  2.86076610e+01]
 [-1.40325461e-03  2.86150417e+01]
 [-1.35229342e-03  2.86224224e+01]
 [-1.30114359e-03  2.86298031e+01]
 [-1.25717931e-03  2.86371839e+01]
 [-1.20645909e-03  2.86445646e+01]
 [-1.16084069e-03  2.86519453e+01]
 [-1.11313455e-03  2.86593260e+01]
 [-1.06729307e-03  2.86667067e+01]
 [-1.01967179e-03  2.86740874e+01]
 [-9.77267247e-04  2.86814682e+01]
 [-9.27333653e-04  2.86888489e+01]
 [-8.89400400e-04  2.86962296e+01]
 [-8.41392692e-04  2.87036103e+01]
 [-8.00390481e-04  2.87109910e+01]
 [-7.55811424e-04  2.87183718e+01]
 [-6.98182425e-04  2.87257525e+01]
 [-6.82140992e-04  2.87331332e+01]
 [-6.24055042e-04  2.87405139e+01]
 [-5.92359236e-04  2.87478946e+01]
 [-5.45316993e-04  2.87552753e+01]
 [-5.08427636e-04  2.87626561e+01]
 [-4.65613430e-04  2.87700368e+01]
 [-4.27346651e-04  2.87774175e+01]
 [-3.86701799e-04  2.87847982e+01]
 [-3.48014890e-04  2.87921789e+01]
 [-3.08595124e-04  2.87995596e+01]
 [-2.70280020e-04  2.88069404e+01]
 [-2.31802556e-04  2.88143211e+01]
 [-1.93908572e-04  2.88217018e+01]
 [-1.56392996e-04  2.88290825e+01]
 [-1.19068424e-04  2.88364632e+01]
 [-8.21224102e-05  2.88438439e+01]
 [-4.54139408e-05  2.88512247e+01]
 [-9.04396789e-06  2.88586054e+01]
 [ 2.75079387e-05  2.88659861e+01]
 [ 6.28173682e-05  2.88733668e+01]
 [ 9.84376022e-05  2.88807475e+01]
 [ 1.33351205e-04  2.88881283e+01]
 [ 1.68060284e-04  2.88955090e+01]
 [ 2.02619016e-04  2.89028897e+01]
 [ 2.36702814e-04  2.89102704e+01]
 [ 2.70806047e-04  2.89176511e+01]
 [ 3.04502194e-04  2.89250318e+01]
 [ 3.38190561e-04  2.89324126e+01]
 [ 3.71184107e-04  2.89397933e+01]
 [ 4.05450632e-04  2.89471740e+01]
 [ 4.35622062e-04  2.89545547e+01]
 [ 4.69284497e-04  2.89619354e+01]
 [ 5.02074115e-04  2.89693161e+01]
 [ 5.33036094e-04  2.89766969e+01]
 [ 5.64901087e-04  2.89840776e+01]
 [ 5.95507938e-04  2.89914583e+01]
 [ 6.26683372e-04  2.89988390e+01]
 [ 6.57404982e-04  2.90062197e+01]
 [ 6.90663078e-04  2.90136005e+01]
 [ 7.16734023e-04  2.90209812e+01]
 [ 7.49761699e-04  2.90283619e+01]
 [ 7.78286855e-04  2.90357426e+01]
 [ 8.14345425e-04  2.90431233e+01]
 [ 8.35534096e-04  2.90505040e+01]
 [ 8.70538346e-04  2.90578848e+01]
 [ 8.96870453e-04  2.90652655e+01]
 [ 9.29059136e-04  2.90726462e+01]
 [ 9.57295335e-04  2.90800269e+01]
 [ 9.85246812e-04  2.90874076e+01]
 [ 1.01494448e-03  2.90947883e+01]
 [ 1.04338702e-03  2.91021691e+01]
 [ 1.07232674e-03  2.91095498e+01]
 [ 1.10080059e-03  2.91169305e+01]
 [ 1.12932705e-03  2.91243112e+01]
 [ 1.15777328e-03  2.91316919e+01]
 [ 1.18613529e-03  2.91390726e+01]
 [ 1.21405621e-03  2.91464534e+01]
 [ 1.24247701e-03  2.91538341e+01]
 [ 1.26999524e-03  2.91612148e+01]
 [ 1.29807074e-03  2.91685955e+01]
 [ 1.32564189e-03  2.91759762e+01]
 [ 1.35325474e-03  2.91833570e+01]
 [ 1.38075811e-03  2.91907377e+01]
 [ 1.40797804e-03  2.91981184e+01]
 [ 1.43877797e-03  2.92054991e+01]
 [ 1.46027025e-03  2.92128798e+01]
 [ 1.49104353e-03  2.92202605e+01]
 [ 1.51578185e-03  2.92276413e+01]
 [ 1.54409797e-03  2.92350220e+01]
 [ 1.57005869e-03  2.92424027e+01]
 [ 1.59715477e-03  2.92497834e+01]
 [ 1.62924200e-03  2.92571641e+01]
 [ 1.64757299e-03  2.92645448e+01]
 [ 1.67601724e-03  2.92719256e+01]
 [ 1.70083776e-03  2.92793063e+01]
 [ 1.72740866e-03  2.92866870e+01]
 [ 1.75308623e-03  2.92940677e+01]
 [ 1.78835094e-03  2.93014484e+01]
 [ 1.79912785e-03  2.93088292e+01]
 [ 1.83442544e-03  2.93162099e+01]
 [ 1.85422279e-03  2.93235906e+01]
 [ 1.88326710e-03  2.93309713e+01]
 [ 1.90666386e-03  2.93383520e+01]
 [ 1.93343031e-03  2.93457327e+01]
 [ 1.95805600e-03  2.93531135e+01]
 [ 1.98389701e-03  2.93604942e+01]
 [ 2.00894558e-03  2.93678749e+01]
 [ 2.03439052e-03  2.93752556e+01]
 [ 2.05961480e-03  2.93826363e+01]
 [ 2.08497241e-03  2.93900170e+01]
 [ 2.11017402e-03  2.93973978e+01]
 [ 2.13539235e-03  2.94047785e+01]
 [ 2.16035083e-03  2.94121592e+01]
 [ 2.18581166e-03  2.94195399e+01]
 [ 2.21052529e-03  2.94269206e+01]
 [ 2.23581695e-03  2.94343013e+01]
 [ 2.26052882e-03  2.94416821e+01]
 [ 2.28562862e-03  2.94490628e+01]
 [ 2.31037181e-03  2.94564435e+01]
 [ 2.33530037e-03  2.94638242e+01]
 [ 2.36003344e-03  2.94712049e+01]
 [ 2.38482168e-03  2.94785857e+01]
 [ 2.40946851e-03  2.94859664e+01]
 [ 2.43423643e-03  2.94933471e+01]
 [ 2.45877543e-03  2.95007278e+01]
 [ 2.48359366e-03  2.95081085e+01]
 [ 2.50809754e-03  2.95154892e+01]
 [ 2.53280390e-03  2.95228700e+01]
 [ 2.55719645e-03  2.95302507e+01]
 [ 2.58226786e-03  2.95376314e+01]
 [ 2.61219028e-03  2.95450121e+01]
 [ 2.63204070e-03  2.95523928e+01]
 [ 2.65599613e-03  2.95597735e+01]
 [ 2.68127150e-03  2.95671543e+01]
 [ 2.70762378e-03  2.95745350e+01]
 [ 2.73022736e-03  2.95819157e+01]
 [ 2.75622861e-03  2.95892964e+01]
 [ 2.77974053e-03  2.95966771e+01]
 [ 2.80506693e-03  2.96040579e+01]
 [ 2.82874087e-03  2.96114386e+01]
 [ 2.85371690e-03  2.96188193e+01]
 [ 2.87740932e-03  2.96262000e+01]
 [ 2.90186420e-03  2.96335807e+01]
 [ 2.92602359e-03  2.96409614e+01]
 [ 2.95346646e-03  2.96483422e+01]
 [ 2.97217083e-03  2.96557229e+01]
 [ 2.99964884e-03  2.96631036e+01]
 [ 3.02168169e-03  2.96704843e+01]
 [ 3.04746831e-03  2.96778650e+01]
 [ 3.07027515e-03  2.96852457e+01]
 [ 3.10071856e-03  2.96926265e+01]
 [ 3.11493174e-03  2.97000072e+01]
 [ 3.14504753e-03  2.97073879e+01]
 [ 3.16531674e-03  2.97147686e+01]
 [ 3.19110393e-03  2.97221493e+01]
 [ 3.21397455e-03  2.97295300e+01]
 [ 3.23834329e-03  2.97369108e+01]
 [ 3.26204773e-03  2.97442915e+01]
 [ 3.28573127e-03  2.97516722e+01]
 [ 3.30960202e-03  2.97590529e+01]
 [ 3.33339155e-03  2.97664336e+01]
 [ 3.35768585e-03  2.97738144e+01]
 [ 3.38148348e-03  2.97811951e+01]
 [ 3.40564682e-03  2.97885758e+01]
 [ 3.42950965e-03  2.97959565e+01]
 [ 3.45337769e-03  2.98033372e+01]
 [ 3.47739450e-03  2.98107179e+01]
 [ 3.50114619e-03  2.98180987e+01]
 [ 3.52969887e-03  2.98254794e+01]
 [ 3.54569327e-03  2.98328601e+01]
 [ 3.57448182e-03  2.98402408e+01]
 [ 3.59528729e-03  2.98476215e+01]
 [ 3.62104167e-03  2.98550022e+01]
 [ 3.64361718e-03  2.98623830e+01]
 [ 3.66957531e-03  2.98697637e+01]
 [ 3.69051242e-03  2.98771444e+01]
 [ 3.71592116e-03  2.98845251e+01]
 [ 3.73886390e-03  2.98919058e+01]
 [ 3.76741063e-03  2.98992866e+01]
 [ 3.78355856e-03  2.99066673e+01]
 [ 3.81237715e-03  2.99140480e+01]
 [ 3.83918230e-03  2.99214287e+01]
 [ 3.85492439e-03  2.99288094e+01]
 [ 3.88425019e-03  2.99361901e+01]
 [ 3.90504464e-03  2.99435709e+01]
 [ 3.93089068e-03  2.99509516e+01]
 [ 3.95370943e-03  2.99583323e+01]
 [ 3.97844050e-03  2.99657130e+01]
 [ 4.00185337e-03  2.99730937e+01]
 [ 4.02622018e-03  2.99804744e+01]
 [ 4.04992703e-03  2.99878552e+01]
 [ 4.04949139e-03  2.99952359e+01]
 [ 4.04820800e-03  3.00026166e+01]
 [ 4.04611219e-03  3.00099973e+01]
 [ 4.04323928e-03  3.00173780e+01]
 [ 4.03962459e-03  3.00247587e+01]
 [ 4.03530346e-03  3.00321395e+01]
 [ 4.03031119e-03  3.00395202e+01]
 [ 4.02468311e-03  3.00469009e+01]
 [ 4.01845455e-03  3.00542816e+01]
 [ 4.01166083e-03  3.00616623e+01]
 [ 4.00433727e-03  3.00690431e+01]
 [ 3.99651919e-03  3.00764238e+01]
 [ 3.98824192e-03  3.00838045e+01]
 [ 3.97954077e-03  3.00911852e+01]
 [ 3.97045108e-03  3.00985659e+01]
 [ 3.96100816e-03  3.01059466e+01]
 [ 3.95124733e-03  3.01133274e+01]
 [ 3.94120392e-03  3.01207081e+01]
 [ 3.93091326e-03  3.01280888e+01]
 [ 3.92041066e-03  3.01354695e+01]
 [ 3.90973145e-03  3.01428502e+01]
 [ 3.89891094e-03  3.01502309e+01]
 [ 3.88798447e-03  3.01576117e+01]
 [ 3.87698735e-03  3.01649924e+01]
 [ 3.86595491e-03  3.01723731e+01]
 [ 3.85492247e-03  3.01797538e+01]
 [ 3.84392535e-03  3.01871345e+01]
 [ 3.83299888e-03  3.01945153e+01]
 [ 3.82217838e-03  3.02018960e+01]
 [ 3.81149916e-03  3.02092767e+01]
 [ 3.80099656e-03  3.02166574e+01]
 [ 3.79070590e-03  3.02240381e+01]
 [ 3.78066249e-03  3.02314188e+01]
 [ 3.77090167e-03  3.02387996e+01]
 [ 3.76145875e-03  3.02461803e+01]
 [ 3.75236905e-03  3.02535610e+01]
 [ 3.74366791e-03  3.02609417e+01]
 [ 3.73539063e-03  3.02683224e+01]
 [ 3.72757255e-03  3.02757031e+01]
 [ 3.72024899e-03  3.02830839e+01]
 [ 3.71345527e-03  3.02904646e+01]
 [ 3.70722671e-03  3.02978453e+01]
 [ 3.70159863e-03  3.03052260e+01]
 [ 3.69660637e-03  3.03126067e+01]
 [ 3.69228523e-03  3.03199874e+01]
 [ 3.68867055e-03  3.03273682e+01]
 [ 3.68579764e-03  3.03347489e+01]
 [ 3.68370183e-03  3.03421296e+01]
 [ 3.68241844e-03  3.03495103e+01]
 [ 3.68198279e-03  3.03568910e+01]
 [ 4.13173704e-03  3.03642718e+01]
 [ 4.17658523e-03  3.03716525e+01]
 [ 4.21893009e-03  3.03790332e+01]
 [ 4.25803858e-03  3.03864139e+01]
 [ 4.29772494e-03  3.03937946e+01]
 [ 4.33533104e-03  3.04011753e+01]
 [ 4.37186390e-03  3.04085561e+01]
 [ 4.40706051e-03  3.04159368e+01]
 [ 4.44103910e-03  3.04233175e+01]
 [ 4.47391411e-03  3.04306982e+01]
 [ 4.50568188e-03  3.04380789e+01]
 [ 4.53650341e-03  3.04454596e+01]
 [ 4.56651910e-03  3.04528404e+01]
 [ 4.59538160e-03  3.04602211e+01]
 [ 4.62278130e-03  3.04676018e+01]
 [ 4.64976538e-03  3.04749825e+01]
 [ 4.67599308e-03  3.04823632e+01]
 [ 4.70162661e-03  3.04897439e+01]
 [ 4.72643817e-03  3.04971247e+01]
 [ 4.75169771e-03  3.05045054e+01]
 [ 4.77441630e-03  3.05118861e+01]
 [ 4.79866852e-03  3.05192668e+01]
 [ 4.82105961e-03  3.05266475e+01]
 [ 4.84392821e-03  3.05340283e+01]
 [ 4.86576044e-03  3.05414090e+01]
 [ 4.88763196e-03  3.05487897e+01]
 [ 4.90884491e-03  3.05561704e+01]
 [ 4.92991796e-03  3.05635511e+01]
 [ 4.95053096e-03  3.05709318e+01]
 [ 4.97095766e-03  3.05783126e+01]
 [ 4.99393835e-03  3.05856933e+01]
 [ 5.00881214e-03  3.05930740e+01]
 [ 5.03145025e-03  3.06004547e+01]
 [ 5.05425316e-03  3.06078354e+01]
 [ 5.06539435e-03  3.06152161e+01]
 [ 5.08926074e-03  3.06225969e+01]
 [ 5.10492849e-03  3.06299776e+01]
 [ 5.12510897e-03  3.06373583e+01]
 [ 5.14226423e-03  3.06447390e+01]
 [ 5.16113683e-03  3.06521197e+01]
 [ 5.17860027e-03  3.06595005e+01]
 [ 5.19687550e-03  3.06668812e+01]
 [ 5.21431948e-03  3.06742619e+01]
 [ 5.23208398e-03  3.06816426e+01]
 [ 5.24937688e-03  3.06890233e+01]
 [ 5.26668405e-03  3.06964040e+01]
 [ 5.28872395e-03  3.07037848e+01]
 [ 5.29752266e-03  3.07111655e+01]
 [ 5.31971502e-03  3.07185462e+01]
 [ 5.34072610e-03  3.07259269e+01]
 [ 5.34724850e-03  3.07333076e+01]
 [ 5.37383247e-03  3.07406883e+01]
 [ 5.38114476e-03  3.07480691e+01]
 [ 5.40340077e-03  3.07554498e+01]
 [ 5.41660030e-03  3.07628305e+01]
 [ 5.43484316e-03  3.07702112e+01]
 [ 5.45010394e-03  3.07775919e+01]
 [ 5.46753299e-03  3.07849726e+01]
 [ 5.48248200e-03  3.07923534e+01]
 [ 5.49933819e-03  3.07997341e+01]
 [ 5.51736441e-03  3.08071148e+01]
 [ 5.52940467e-03  3.08144955e+01]
 [ 5.54777132e-03  3.08218762e+01]
 [ 5.56227101e-03  3.08292570e+01]
 [ 5.57879324e-03  3.08366377e+01]
 [ 5.59409140e-03  3.08440184e+01]
 [ 5.61065777e-03  3.08513991e+01]
 [ 5.63100992e-03  3.08587798e+01]
 [ 5.63703869e-03  3.08661605e+01]
 [ 5.65854278e-03  3.08735413e+01]
 [ 5.67034040e-03  3.08809220e+01]
 [ 5.68807659e-03  3.08883027e+01]
 [ 5.70150116e-03  3.08956834e+01]
 [ 5.71775463e-03  3.09030641e+01]
 [ 5.73388198e-03  3.09104448e+01]
 [ 5.74651575e-03  3.09178256e+01]
 [ 5.76249990e-03  3.09252063e+01]
 [ 5.77647762e-03  3.09325870e+01]
 [ 5.79165498e-03  3.09399677e+01]
 [ 5.80631495e-03  3.09473484e+01]
 [ 5.82104695e-03  3.09547292e+01]
 [ 5.83592357e-03  3.09621099e+01]
 [ 5.85075114e-03  3.09694906e+01]
 [ 5.86568796e-03  3.09768713e+01]
 [ 5.88039129e-03  3.09842520e+01]
 [ 5.89529082e-03  3.09916327e+01]
 [ 5.90991819e-03  3.09990135e+01]
 [ 5.92674026e-03  3.10063942e+01]
 [ 5.93782751e-03  3.10137749e+01]
 [ 5.95460232e-03  3.10211556e+01]
 [ 5.96744382e-03  3.10285363e+01]
 [ 5.98295931e-03  3.10359170e+01]
 [ 5.99676714e-03  3.10432978e+01]
 [ 6.01019980e-03  3.10506785e+01]
 [ 6.02399767e-03  3.10580592e+01]
 [ 6.03763539e-03  3.10654399e+01]
 [ 6.05127774e-03  3.10728206e+01]
 [ 6.06494874e-03  3.10802013e+01]
 [ 6.07855769e-03  3.10875821e+01]
 [ 6.09219813e-03  3.10949628e+01]
 [ 6.10578283e-03  3.11023435e+01]
 [ 6.11948745e-03  3.11097242e+01]
 [ 6.13330256e-03  3.11171049e+01]
 [ 6.14687239e-03  3.11244857e+01]
 [ 6.16064183e-03  3.11318664e+01]
 [ 6.17418337e-03  3.11392471e+01]
 [ 6.18785162e-03  3.11466278e+01]
 [ 6.20129650e-03  3.11540085e+01]
 [ 6.21503623e-03  3.11613892e+01]
 [ 6.22834261e-03  3.11687700e+01]
 [ 6.24199577e-03  3.11761507e+01]
 [ 6.25530110e-03  3.11835314e+01]
 [ 6.27142904e-03  3.11909121e+01]
 [ 6.28029279e-03  3.11982928e+01]
 [ 6.29647448e-03  3.12056735e+01]
 [ 6.30808868e-03  3.12130543e+01]
 [ 6.32212041e-03  3.12204350e+01]
 [ 6.33593088e-03  3.12278157e+01]
 [ 6.34982793e-03  3.12351964e+01]
 [ 6.36175287e-03  3.12425771e+01]
 [ 6.37562924e-03  3.12499579e+01]
 [ 6.38850736e-03  3.12573386e+01]
 [ 6.40142580e-03  3.12647193e+01]
 [ 6.41428684e-03  3.12721000e+01]
 [ 6.42702337e-03  3.12794807e+01]
 [ 6.43981151e-03  3.12868614e+01]
 [ 6.45241223e-03  3.12942422e+01]
 [ 6.46802428e-03  3.13016229e+01]
 [ 6.47779151e-03  3.13090036e+01]
 [ 6.48974317e-03  3.13163843e+01]
 [ 6.50273359e-03  3.13237650e+01]
 [ 6.51723518e-03  3.13311457e+01]
 [ 6.52576612e-03  3.13385265e+01]
 [ 6.54053505e-03  3.13459072e+01]
 [ 6.55140630e-03  3.13532879e+01]
 [ 6.56446593e-03  3.13606686e+01]
 [ 6.57627364e-03  3.13680493e+01]
 [ 6.58872592e-03  3.13754300e+01]
 [ 6.60074592e-03  3.13828108e+01]
 [ 6.61294813e-03  3.13901915e+01]
 [ 6.62495386e-03  3.13975722e+01]
 [ 6.63857148e-03  3.14049529e+01]
 [ 6.64785647e-03  3.14123336e+01]
 [ 6.66414623e-03  3.14197144e+01]
 [ 6.67062888e-03  3.14270951e+01]
 [ 6.68600178e-03  3.14344758e+01]
 [ 6.69630462e-03  3.14418565e+01]
 [ 6.71336706e-03  3.14492372e+01]
 [ 6.71608343e-03  3.14566179e+01]
 [ 6.73317130e-03  3.14639987e+01]
 [ 6.74130340e-03  3.14713794e+01]
 [ 6.75460628e-03  3.14787601e+01]
 [ 6.76479251e-03  3.14861408e+01]
 [ 6.78185850e-03  3.14935215e+01]
 [ 6.78888524e-03  3.15009022e+01]
 [ 6.79739576e-03  3.15082830e+01]
 [ 6.81047061e-03  3.15156637e+01]
 [ 6.82607852e-03  3.15230444e+01]
 [ 6.82786420e-03  3.15304251e+01]
 [ 6.84469741e-03  3.15378058e+01]
 [ 6.85216469e-03  3.15451866e+01]
 [ 6.86491496e-03  3.15525673e+01]
 [ 6.87454888e-03  3.15599480e+01]
 [ 6.88603159e-03  3.15673287e+01]
 [ 6.89630612e-03  3.15747094e+01]
 [ 6.90728423e-03  3.15820901e+01]
 [ 6.91777370e-03  3.15894709e+01]
 [ 6.92841688e-03  3.15968516e+01]
 [ 6.93909486e-03  3.16042323e+01]
 [ 6.94954139e-03  3.16116130e+01]
 [ 6.96012528e-03  3.16189937e+01]
 [ 6.97061066e-03  3.16263744e+01]
 [ 6.98316046e-03  3.16337552e+01]
 [ 6.99022445e-03  3.16411359e+01]
 [ 7.00279579e-03  3.16485166e+01]
 [ 7.01193488e-03  3.16558973e+01]
 [ 7.02288745e-03  3.16632780e+01]
 [ 7.03273540e-03  3.16706587e+01]
 [ 7.04336603e-03  3.16780395e+01]
 [ 7.05305159e-03  3.16854202e+01]
 [ 7.06334078e-03  3.16928009e+01]
 [ 7.07333801e-03  3.17001816e+01]
 [ 7.08337000e-03  3.17075623e+01]
 [ 7.09328265e-03  3.17149431e+01]
 [ 7.10426096e-03  3.17223238e+01]
 [ 7.11226049e-03  3.17297045e+01]
 [ 7.12319584e-03  3.17370852e+01]
 [ 7.13225896e-03  3.17444659e+01]
 [ 7.14221915e-03  3.17518466e+01]
 [ 7.15161818e-03  3.17592274e+01]
 [ 7.16125172e-03  3.17666081e+01]
 [ 7.17069490e-03  3.17739888e+01]
 [ 7.18018676e-03  3.17813695e+01]
 [ 7.18968042e-03  3.17887502e+01]
 [ 7.19902294e-03  3.17961309e+01]
 [ 7.20842599e-03  3.18035117e+01]
 [ 7.22264621e-03  3.18108924e+01]
 [ 7.22345295e-03  3.18182731e+01]
 [ 7.23805651e-03  3.18256538e+01]
 [ 7.24391853e-03  3.18330345e+01]
 [ 7.25497554e-03  3.18404153e+01]
 [ 7.26276876e-03  3.18477960e+01]
 [ 7.27257511e-03  3.18551767e+01]
 [ 7.28099611e-03  3.18625574e+01]
 [ 7.29021517e-03  3.18699381e+01]
 [ 7.29889441e-03  3.18773188e+01]
 [ 7.30787452e-03  3.18846996e+01]
 [ 7.31661350e-03  3.18920803e+01]
 [ 7.32544771e-03  3.18994610e+01]
 [ 7.33413473e-03  3.19068417e+01]
 [ 7.34286970e-03  3.19142224e+01]
 [ 7.35409745e-03  3.19216031e+01]
 [ 7.35809463e-03  3.19289839e+01]
 [ 7.36972567e-03  3.19363646e+01]
 [ 7.37635313e-03  3.19437453e+01]
 [ 7.38590816e-03  3.19511260e+01]
 [ 7.39389247e-03  3.19585067e+01]
 [ 7.40221817e-03  3.19658874e+01]
 [ 7.41050464e-03  3.19732682e+01]
 [ 7.42307862e-03  3.19806489e+01]
 [ 7.42397630e-03  3.19880296e+01]
 [ 7.43684453e-03  3.19954103e+01]
 [ 7.44202958e-03  3.20027910e+01]
 [ 7.45191778e-03  3.20101718e+01]
 [ 7.45879283e-03  3.20175525e+01]
 [ 7.46752829e-03  3.20249332e+01]
 [ 7.47481868e-03  3.20323139e+01]
 [ 7.48348583e-03  3.20396946e+01]
 [ 7.49161655e-03  3.20470753e+01]
 [ 7.49956796e-03  3.20544561e+01]
 [ 7.50774541e-03  3.20618368e+01]
 [ 7.51554627e-03  3.20692175e+01]
 [ 7.52357679e-03  3.20765982e+01]
 [ 7.53297226e-03  3.20839789e+01]
 [ 7.53861553e-03  3.20913596e+01]
 [ 7.54813628e-03  3.20987404e+01]
 [ 7.55520853e-03  3.21061211e+01]
 [ 7.56357143e-03  3.21135018e+01]
 [ 7.57105517e-03  3.21208825e+01]
 [ 7.57897167e-03  3.21282632e+01]
 [ 7.58646446e-03  3.21356440e+01]
 [ 7.59419913e-03  3.21430247e+01]
 [ 7.60170839e-03  3.21504054e+01]
 [ 7.60932464e-03  3.21577861e+01]
 [ 7.61658017e-03  3.21651668e+01]
 [ 7.62422264e-03  3.21725475e+01]
 [ 7.63146775e-03  3.21799283e+01]
 [ 7.63889145e-03  3.21873090e+01]
 [ 7.64602131e-03  3.21946897e+01]
 [ 7.65546069e-03  3.22020704e+01]
 [ 7.66504202e-03  3.22094511e+01]
 [ 7.66483764e-03  3.22168318e+01]
 [ 7.67678443e-03  3.22242126e+01]
 [ 7.68793784e-03  3.22315933e+01]
 [ 7.68460798e-03  3.22389740e+01]
 [ 7.69821427e-03  3.22463547e+01]
 [ 7.70117188e-03  3.22537354e+01]
 [ 7.71032957e-03  3.22611161e+01]
 [ 7.71581820e-03  3.22684969e+01]
 [ 7.72344744e-03  3.22758776e+01]
 [ 7.72976411e-03  3.22832583e+01]
 [ 7.73657485e-03  3.22906390e+01]
 [ 7.74320056e-03  3.22980197e+01]
 [ 7.74998372e-03  3.23054005e+01]
 [ 7.75652185e-03  3.23127812e+01]
 [ 7.76308523e-03  3.23201619e+01]
 [ 7.77177943e-03  3.23275426e+01]
 [ 7.77120750e-03  3.23349233e+01]
 [ 7.76952263e-03  3.23423040e+01]
 [ 7.76677119e-03  3.23496848e+01]
 [ 7.76299955e-03  3.23570655e+01]
 [ 7.75825408e-03  3.23644462e+01]
 [ 7.75258116e-03  3.23718269e+01]
 [ 7.74602716e-03  3.23792076e+01]
 [ 7.73863845e-03  3.23865883e+01]
 [ 7.73046141e-03  3.23939691e+01]
 [ 7.72154241e-03  3.24013498e+01]
 [ 7.71192782e-03  3.24087305e+01]
 [ 7.70166401e-03  3.24161112e+01]
 [ 7.69079735e-03  3.24234919e+01]
 [ 7.67937423e-03  3.24308726e+01]
 [ 7.66744100e-03  3.24382534e+01]
 [ 7.65504405e-03  3.24456341e+01]
 [ 7.64222975e-03  3.24530148e+01]
 [ 7.62904446e-03  3.24603955e+01]
 [ 7.61553457e-03  3.24677762e+01]
 [ 7.60174643e-03  3.24751570e+01]
 [ 7.58772644e-03  3.24825377e+01]
 [ 7.57352096e-03  3.24899184e+01]
 [ 7.55917636e-03  3.24972991e+01]
 [ 7.54473901e-03  3.25046798e+01]
 [ 7.53025529e-03  3.25120605e+01]
 [ 7.51577157e-03  3.25194413e+01]
 [ 7.50133422e-03  3.25268220e+01]
 [ 7.48698962e-03  3.25342027e+01]
 [ 7.47278414e-03  3.25415834e+01]
 [ 7.45876414e-03  3.25489641e+01]
 [ 7.44497601e-03  3.25563448e+01]
 [ 7.43146612e-03  3.25637256e+01]
 [ 7.41828083e-03  3.25711063e+01]
 [ 7.40546653e-03  3.25784870e+01]
 [ 7.39306958e-03  3.25858677e+01]
 [ 7.38113635e-03  3.25932484e+01]
 [ 7.36971322e-03  3.26006292e+01]
 [ 7.35884657e-03  3.26080099e+01]
 [ 7.34858276e-03  3.26153906e+01]
 [ 7.33896817e-03  3.26227713e+01]
 [ 7.33004916e-03  3.26301520e+01]
 [ 7.32187212e-03  3.26375327e+01]
 [ 7.31448342e-03  3.26449135e+01]
 [ 7.30792942e-03  3.26522942e+01]
 [ 7.30225650e-03  3.26596749e+01]
 [ 7.29751103e-03  3.26670556e+01]
 [ 7.29373939e-03  3.26744363e+01]
 [ 7.29098795e-03  3.26818170e+01]
 [ 7.28930307e-03  3.26891978e+01]
 [ 7.28873115e-03  3.26965785e+01]
 [ 6.91232438e-03  3.27039592e+01]
 [ 6.86903522e-03  3.27113399e+01]
 [ 6.81989994e-03  3.27187206e+01]
 [ 6.77740505e-03  3.27261013e+01]
 [ 6.73156664e-03  3.27334821e+01]
 [ 6.68823666e-03  3.27408628e+01]
 [ 6.64412410e-03  3.27482435e+01]
 [ 6.60081746e-03  3.27556242e+01]
 [ 6.55760272e-03  3.27630049e+01]
 [ 6.51479237e-03  3.27703857e+01]
 [ 6.47469732e-03  3.27777664e+01]
 [ 6.42823835e-03  3.27851471e+01]
 [ 6.38952903e-03  3.27925278e+01]
 [ 6.34504028e-03  3.27999085e+01]
 [ 6.30520250e-03  3.28072892e+01]
 [ 6.26302511e-03  3.28146700e+01]
 [ 6.22272540e-03  3.28220507e+01]
 [ 6.18172630e-03  3.28294314e+01]
 [ 6.14161158e-03  3.28368121e+01]
 [ 6.10137605e-03  3.28441928e+01]
 [ 6.06163284e-03  3.28515735e+01]
 [ 6.02483113e-03  3.28589543e+01]
 [ 5.98047155e-03  3.28663350e+01]
 [ 5.94446014e-03  3.28737157e+01]
 [ 5.90392672e-03  3.28810964e+01]
 [ 5.86655878e-03  3.28884771e+01]
 [ 5.82747596e-03  3.28958579e+01]
 [ 5.78877567e-03  3.29032386e+01]
 [ 5.75970927e-03  3.29106193e+01]
 [ 5.71590364e-03  3.29180000e+01]
 [ 5.68610881e-03  3.29253807e+01]
 [ 5.64899480e-03  3.29327614e+01]
 [ 5.61335538e-03  3.29401422e+01]
 [ 5.58081597e-03  3.29475229e+01]
 [ 5.54135632e-03  3.29549036e+01]
 [ 5.51174997e-03  3.29622843e+01]
 [ 5.47029411e-03  3.29696650e+01]
 [ 5.43919079e-03  3.29770457e+01]
 [ 5.40255494e-03  3.29844265e+01]
 [ 5.36933996e-03  3.29918072e+01]
 [ 5.33434245e-03  3.29991879e+01]
 [ 5.30054712e-03  3.30065686e+01]
 [ 5.26620130e-03  3.30139493e+01]
 [ 5.23251422e-03  3.30213300e+01]
 [ 5.19867825e-03  3.30287108e+01]
 [ 5.16516971e-03  3.30360915e+01]
 [ 5.13160935e-03  3.30434722e+01]
 [ 5.09855584e-03  3.30508529e+01]
 [ 5.06578637e-03  3.30582336e+01]
 [ 5.03709979e-03  3.30656144e+01]
 [ 4.99708878e-03  3.30729951e+01]
 [ 4.96906781e-03  3.30803758e+01]
 [ 4.93422522e-03  3.30877565e+01]
 [ 4.90611859e-03  3.30951372e+01]
 [ 4.86851048e-03  3.31025179e+01]
 [ 4.84601182e-03  3.31098987e+01]
 [ 4.80109432e-03  3.31172794e+01]
 [ 4.77721052e-03  3.31246601e+01]
 [ 4.74099585e-03  3.31320408e+01]
 [ 4.71229898e-03  3.31394215e+01]
 [ 4.67932709e-03  3.31468022e+01]
 [ 4.64908612e-03  3.31541830e+01]
 [ 4.61939328e-03  3.31615637e+01]
 [ 4.58540325e-03  3.31689444e+01]
 [ 4.55650994e-03  3.31763251e+01]
 [ 4.52462319e-03  3.31837058e+01]
 [ 4.49475903e-03  3.31910866e+01]
 [ 4.46384707e-03  3.31984673e+01]
 [ 4.43381616e-03  3.32058480e+01]
 [ 4.40342866e-03  3.32132287e+01]
 [ 4.37340977e-03  3.32206094e+01]
 [ 4.34329227e-03  3.32279901e+01]
 [ 4.31354684e-03  3.32353709e+01]
 [ 4.28372558e-03  3.32427516e+01]
 [ 4.25428431e-03  3.32501323e+01]
 [ 4.22456465e-03  3.32575130e+01]
 [ 4.19533695e-03  3.32648937e+01]
 [ 4.16599229e-03  3.32722744e+01]
 [ 4.13688854e-03  3.32796552e+01]
 [ 4.10781257e-03  3.32870359e+01]
 [ 4.07902270e-03  3.32944166e+01]
 [ 4.05013576e-03  3.33017973e+01]
 [ 4.02776894e-03  3.33091780e+01]
 [ 3.99150848e-03  3.33165587e+01]
 [ 3.96281200e-03  3.33239395e+01]
 [ 3.93481198e-03  3.33313202e+01]
 [ 3.90643631e-03  3.33387009e+01]
 [ 3.87768324e-03  3.33460816e+01]
 [ 3.84940614e-03  3.33534623e+01]
 [ 3.82091015e-03  3.33608431e+01]
 [ 3.79283984e-03  3.33682238e+01]
 [ 3.76464619e-03  3.33756045e+01]
 [ 3.73679670e-03  3.33829852e+01]
 [ 3.70886527e-03  3.33903659e+01]
 [ 3.68119886e-03  3.33977466e+01]
 [ 3.65356310e-03  3.34051274e+01]
 [ 3.62603824e-03  3.34125081e+01]
 [ 3.59877220e-03  3.34198888e+01]
 [ 3.57130990e-03  3.34272695e+01]
 [ 3.54442235e-03  3.34346502e+01]
 [ 3.51712320e-03  3.34420309e+01]
 [ 3.49045301e-03  3.34494117e+01]
 [ 3.46329930e-03  3.34567924e+01]
 [ 3.43829152e-03  3.34641731e+01]
 [ 3.40834445e-03  3.34715538e+01]
 [ 3.38366532e-03  3.34789345e+01]
 [ 3.35615252e-03  3.34863153e+01]
 [ 3.33043114e-03  3.34936960e+01]
 [ 3.30387589e-03  3.35010767e+01]
 [ 3.27802343e-03  3.35084574e+01]
 [ 3.25417015e-03  3.35158381e+01]
 [ 3.22367463e-03  3.35232188e+01]
 [ 3.20063613e-03  3.35305996e+01]
 [ 3.17345718e-03  3.35379803e+01]
 [ 3.14881102e-03  3.35453610e+01]
 [ 3.12288626e-03  3.35527417e+01]
 [ 3.09786207e-03  3.35601224e+01]
 [ 3.07247193e-03  3.35675031e+01]
 [ 3.05040790e-03  3.35748839e+01]
 [ 3.01962011e-03  3.35822646e+01]
 [ 2.99803526e-03  3.35896453e+01]
 [ 2.97115450e-03  3.35970260e+01]
 [ 2.94750695e-03  3.36044067e+01]
 [ 2.92210228e-03  3.36117874e+01]
 [ 2.89788344e-03  3.36191682e+01]
 [ 2.87307916e-03  3.36265489e+01]
 [ 2.84877257e-03  3.36339296e+01]
 [ 2.82432972e-03  3.36413103e+01]
 [ 2.80356422e-03  3.36486910e+01]
 [ 2.77238075e-03  3.36560718e+01]
 [ 2.75455801e-03  3.36634525e+01]
 [ 2.72403074e-03  3.36708332e+01]
 [ 2.70386625e-03  3.36782139e+01]
 [ 2.67772554e-03  3.36855946e+01]
 [ 2.65511990e-03  3.36929753e+01]
 [ 2.63051870e-03  3.37003561e+01]
 [ 2.60726024e-03  3.37077368e+01]
 [ 2.58322956e-03  3.37151175e+01]
 [ 2.55984655e-03  3.37224982e+01]
 [ 2.53606510e-03  3.37298789e+01]
 [ 2.51258650e-03  3.37372596e+01]
 [ 2.48908486e-03  3.37446404e+01]
 [ 2.46757560e-03  3.37520211e+01]
 [ 2.44076141e-03  3.37594018e+01]
 [ 2.41962315e-03  3.37667825e+01]
 [ 2.39516918e-03  3.37741632e+01]
 [ 2.37577570e-03  3.37815440e+01]
 [ 2.34673999e-03  3.37889247e+01]
 [ 2.32735735e-03  3.37963054e+01]
 [ 2.30226001e-03  3.38036861e+01]
 [ 2.27992649e-03  3.38110668e+01]
 [ 2.25867076e-03  3.38184475e+01]
 [ 2.23769887e-03  3.38258283e+01]
 [ 2.21419443e-03  3.38332090e+01]
 [ 2.19310128e-03  3.38405897e+01]
 [ 2.17519733e-03  3.38479704e+01]
 [ 2.14475477e-03  3.38553511e+01]
 [ 2.13003068e-03  3.38627318e+01]
 [ 2.10132022e-03  3.38701126e+01]
 [ 2.08875281e-03  3.38774933e+01]
 [ 2.05458559e-03  3.38848740e+01]
 [ 2.04035837e-03  3.38922547e+01]
 [ 2.01398721e-03  3.38996354e+01]
 [ 1.99494447e-03  3.39070161e+01]
 [ 1.97153586e-03  3.39143969e+01]
 [ 1.95091604e-03  3.39217776e+01]
 [ 1.92869327e-03  3.39291583e+01]
 [ 1.90752048e-03  3.39365390e+01]
 [ 1.88574247e-03  3.39439197e+01]
 [ 1.86495411e-03  3.39513005e+01]
 [ 1.84214776e-03  3.39586812e+01]
 [ 1.82180715e-03  3.39660619e+01]
 [ 1.80015098e-03  3.39734426e+01]
 [ 1.78353467e-03  3.39808233e+01]
 [ 1.75462082e-03  3.39882040e+01]
 [ 1.73826992e-03  3.39955848e+01]
 [ 1.71445937e-03  3.40029655e+01]
 [ 1.69523292e-03  3.40103462e+01]
 [ 1.67334247e-03  3.40177269e+01]
 [ 1.65313659e-03  3.40251076e+01]
 [ 1.63200768e-03  3.40324883e+01]
 [ 1.61155370e-03  3.40398691e+01]
 [ 1.59071142e-03  3.40472498e+01]
 [ 1.57023782e-03  3.40546305e+01]
 [ 1.54954777e-03  3.40620112e+01]
 [ 1.52907475e-03  3.40693919e+01]
 [ 1.50801966e-03  3.40767726e+01]
 [ 1.48780498e-03  3.40841534e+01]
 [ 1.46719926e-03  3.40915341e+01]
 [ 1.44683228e-03  3.40989148e+01]
 [ 1.42653549e-03  3.41062955e+01]
 [ 1.40610735e-03  3.41136762e+01]
 [ 1.38591536e-03  3.41210570e+01]
 [ 1.36548883e-03  3.41284377e+01]
 [ 1.34537195e-03  3.41358184e+01]
 [ 1.33018046e-03  3.41431991e+01]
 [ 1.30123909e-03  3.41505798e+01]
 [ 1.28482858e-03  3.41579605e+01]
 [ 1.26434037e-03  3.41653413e+01]
 [ 1.24187964e-03  3.41727220e+01]
 [ 1.22330027e-03  3.41801027e+01]
 [ 1.20214018e-03  3.41874834e+01]
 [ 1.18274114e-03  3.41948641e+01]
 [ 1.16224940e-03  3.42022448e+01]
 [ 1.14246541e-03  3.42096256e+01]
 [ 1.12230649e-03  3.42170063e+01]
 [ 1.10248059e-03  3.42243870e+01]
 [ 1.08236990e-03  3.42317677e+01]
 [ 1.06253482e-03  3.42391484e+01]
 [ 1.04267660e-03  3.42465292e+01]
 [ 1.02266167e-03  3.42539099e+01]
 [ 1.00291908e-03  3.42612906e+01]
 [ 9.82918060e-04  3.42686713e+01]
 [ 9.63124101e-04  3.42760520e+01]
 [ 9.43174982e-04  3.42834327e+01]
 [ 9.23448538e-04  3.42908135e+01]
 [ 9.03618134e-04  3.42981942e+01]
 [ 8.83819958e-04  3.43055749e+01]
 [ 8.64026983e-04  3.43129556e+01]
 [ 8.44755605e-04  3.43203363e+01]
 [ 8.25177339e-04  3.43277170e+01]
 [ 8.03856507e-04  3.43350978e+01]
 [ 7.85286066e-04  3.43424785e+01]
 [ 7.64939887e-04  3.43498592e+01]
 [ 7.45466800e-04  3.43572399e+01]
 [ 7.26655194e-04  3.43646206e+01]
 [ 7.09887182e-04  3.43720013e+01]
 [ 6.94428812e-04  3.43793821e+01]
 [ 6.73224100e-04  3.43867628e+01]
 [ 6.57667037e-04  3.43941435e+01]
 [ 6.38505394e-04  3.44015242e+01]
 [ 6.23935727e-04  3.44089049e+01]
 [ 6.00756263e-04  3.44162857e+01]
 [ 5.86035964e-04  3.44236664e+01]
 [ 5.65924156e-04  3.44310471e+01]
 [ 5.49094378e-04  3.44384278e+01]
 [ 5.31907721e-04  3.44458085e+01]
 [ 5.10942576e-04  3.44531892e+01]
 [ 4.94640375e-04  3.44605700e+01]
 [ 4.75344642e-04  3.44679507e+01]
 [ 4.57903528e-04  3.44753314e+01]
 [ 4.39196166e-04  3.44827121e+01]
 [ 4.21262634e-04  3.44900928e+01]
 [ 4.03199969e-04  3.44974735e+01]
 [ 3.84996604e-04  3.45048543e+01]
 [ 3.69256413e-04  3.45122350e+01]
 [ 3.46230841e-04  3.45196157e+01]
 [ 3.31103460e-04  3.45269964e+01]
 [ 3.11450110e-04  3.45343771e+01]
 [ 2.94122257e-04  3.45417579e+01]
 [ 2.77226519e-04  3.45491386e+01]
 [ 2.58723362e-04  3.45565193e+01]
 [ 2.37590120e-04  3.45639000e+01]
 [ 2.39722546e-04  3.45712807e+01]
 [ 2.46004559e-04  3.45786614e+01]
 [ 2.56263259e-04  3.45860422e+01]
 [ 2.70325746e-04  3.45934229e+01]
 [ 2.88019122e-04  3.46008036e+01]
 [ 3.09170487e-04  3.46081843e+01]
 [ 3.33606940e-04  3.46155650e+01]
 [ 3.61155584e-04  3.46229457e+01]
 [ 3.91643518e-04  3.46303265e+01]
 [ 4.24897843e-04  3.46377072e+01]
 [ 4.60745660e-04  3.46450879e+01]
 [ 4.99014069e-04  3.46524686e+01]
 [ 5.39530170e-04  3.46598493e+01]
 [ 5.82121065e-04  3.46672300e+01]
 [ 6.26613853e-04  3.46746108e+01]
 [ 6.72835636e-04  3.46819915e+01]
 [ 7.20613514e-04  3.46893722e+01]
 [ 7.69774587e-04  3.46967529e+01]
 [ 8.20145957e-04  3.47041336e+01]
 [ 8.71554723e-04  3.47115144e+01]
 [ 9.23827986e-04  3.47188951e+01]
 [ 9.76792847e-04  3.47262758e+01]
 [ 1.03027641e-03  3.47336565e+01]
 [ 1.08410576e-03  3.47410372e+01]
 [ 1.13810802e-03  3.47484179e+01]
 [ 1.19211028e-03  3.47557987e+01]
 [ 1.24593964e-03  3.47631794e+01]
 [ 1.29942320e-03  3.47705601e+01]
 [ 1.35238806e-03  3.47779408e+01]
 [ 1.40466132e-03  3.47853215e+01]
 [ 1.45607009e-03  3.47927022e+01]
 [ 1.50644146e-03  3.48000830e+01]
 [ 1.55560253e-03  3.48074637e+01]
 [ 1.60338041e-03  3.48148444e+01]
 [ 1.64960219e-03  3.48222251e+01]
 [ 1.69409498e-03  3.48296058e+01]
 [ 1.73668587e-03  3.48369866e+01]
 [ 1.77720198e-03  3.48443673e+01]
 [ 1.81547038e-03  3.48517480e+01]
 [ 1.85131820e-03  3.48591287e+01]
 [ 1.88457253e-03  3.48665094e+01]
 [ 1.91506046e-03  3.48738901e+01]
 [ 1.94260910e-03  3.48812709e+01]
 [ 1.96704556e-03  3.48886516e+01]
 [ 1.98819692e-03  3.48960323e+01]
 [ 2.00589030e-03  3.49034130e+01]
 [ 2.01995279e-03  3.49107937e+01]
 [ 2.03021149e-03  3.49181744e+01]
 [ 2.03649350e-03  3.49255552e+01]
 [ 2.03862592e-03  3.49329359e+01]
 [ 1.38719582e-03  3.49403166e+01]
 [ 1.31231039e-03  3.49476973e+01]
 [ 1.23772719e-03  3.49550780e+01]
 [ 1.16776858e-03  3.49624587e+01]
 [ 1.09076775e-03  3.49698395e+01]
 [ 1.02318699e-03  3.49772202e+01]
 [ 9.51644476e-04  3.49846009e+01]
 [ 8.84173487e-04  3.49919816e+01]
 [ 8.16066328e-04  3.49993623e+01]
 [ 7.49742915e-04  3.50067431e+01]
 [ 6.84145166e-04  3.50141238e+01]
 [ 6.19471241e-04  3.50215045e+01]
 [ 5.55880851e-04  3.50288852e+01]
 [ 4.93029278e-04  3.50362659e+01]
 [ 4.31193336e-04  3.50436466e+01]
 [ 3.73243957e-04  3.50510274e+01]
 [ 3.07357771e-04  3.50584081e+01]
 [ 2.55744948e-04  3.50657888e+01]
 [ 1.87166602e-04  3.50731695e+01]
 [ 1.35357537e-04  3.50805502e+01]
 [ 7.49012806e-05  3.50879309e+01]
 [ 2.06839002e-05  3.50953117e+01]
 [-3.61318172e-05  3.51026924e+01]
 [-9.01812522e-05  3.51100731e+01]
 [-1.44772070e-04  3.51174538e+01]
 [-1.98012928e-04  3.51248345e+01]
 [-2.51063304e-04  3.51322153e+01]
 [-3.03094287e-04  3.51395960e+01]
 [-3.54624112e-04  3.51469767e+01]
 [-4.05623914e-04  3.51543574e+01]
 [-4.54419595e-04  3.51617381e+01]
 [-5.05719842e-04  3.51691188e+01]
 [-5.56661669e-04  3.51764996e+01]
 [-6.04647670e-04  3.51838803e+01]
 [-6.53025148e-04  3.51912610e+01]
 [-7.00580762e-04  3.51986417e+01]
 [-7.47598341e-04  3.52060224e+01]
 [-7.94141634e-04  3.52134031e+01]
 [-8.36218261e-04  3.52207839e+01]
 [-8.89119555e-04  3.52281646e+01]
 [-9.29702137e-04  3.52355453e+01]
 [-9.76959746e-04  3.52429260e+01]
 [-1.01953529e-03  3.52503067e+01]
 [-1.06438063e-03  3.52576874e+01]
 [-1.10699348e-03  3.52650682e+01]
 [-1.15027009e-03  3.52724489e+01]
 [-1.19259971e-03  3.52798296e+01]
 [-1.23480008e-03  3.52872103e+01]
 [-1.27652242e-03  3.52945910e+01]
 [-1.31702745e-03  3.53019718e+01]
 [-1.35953655e-03  3.53093525e+01]
 [-1.39914045e-03  3.53167332e+01]
 [-1.44025698e-03  3.53241139e+01]
 [-1.47963696e-03  3.53314946e+01]
 [-1.51951401e-03  3.53388753e+01]
 [-1.55408036e-03  3.53462561e+01]
 [-1.60182754e-03  3.53536368e+01]
 [-1.63583341e-03  3.53610175e+01]
 [-1.67576802e-03  3.53683982e+01]
 [-1.71017897e-03  3.53757789e+01]
 [-1.74768309e-03  3.53831596e+01]
 [-1.78299679e-03  3.53905404e+01]
 [-1.81938684e-03  3.53979211e+01]
 [-1.85460688e-03  3.54053018e+01]
 [-1.89037687e-03  3.54126825e+01]
 [-1.92464171e-03  3.54200632e+01]
 [-1.96052306e-03  3.54274440e+01]
 [-1.99478247e-03  3.54348247e+01]
 [-2.02941667e-03  3.54422054e+01]
 [-2.05779884e-03  3.54495861e+01]
 [-2.10240452e-03  3.54569668e+01]
 [-2.12965021e-03  3.54643475e+01]
 [-2.16710781e-03  3.54717283e+01]
 [-2.19802728e-03  3.54791090e+01]
 [-2.23245191e-03  3.54864897e+01]
 [-2.26444573e-03  3.54938704e+01]
 [-2.29744618e-03  3.55012511e+01]
 [-2.32828381e-03  3.55086318e+01]
 [-2.36302095e-03  3.55160126e+01]
 [-2.39314791e-03  3.55233933e+01]
 [-2.42599071e-03  3.55307740e+01]
 [-2.45683896e-03  3.55381547e+01]
 [-2.48858710e-03  3.55455354e+01]
 [-2.51933321e-03  3.55529161e+01]
 [-2.54773115e-03  3.55602969e+01]
 [-2.58315326e-03  3.55676776e+01]
 [-2.61068856e-03  3.55750583e+01]
 [-2.64274296e-03  3.55824390e+01]
 [-2.67125150e-03  3.55898197e+01]
 [-2.70303230e-03  3.55972005e+01]
 [-2.73170404e-03  3.56045812e+01]
 [-2.76194532e-03  3.56119619e+01]
 [-2.79051037e-03  3.56193426e+01]
 [-2.82114091e-03  3.56267233e+01]
 [-2.84952395e-03  3.56341040e+01]
 [-2.87865781e-03  3.56414848e+01]
 [-2.90696559e-03  3.56488655e+01]
 [-2.93556532e-03  3.56562462e+01]
 [-2.96072146e-03  3.56636269e+01]
 [-2.99464730e-03  3.56710076e+01]
 [-3.01917991e-03  3.56783883e+01]
 [-3.04869692e-03  3.56857691e+01]
 [-3.07524040e-03  3.56931498e+01]
 [-3.10322715e-03  3.57005305e+01]
 [-3.13001626e-03  3.57079112e+01]
 [-3.15726778e-03  3.57152919e+01]
 [-3.18397935e-03  3.57226727e+01]
 [-3.21078284e-03  3.57300534e+01]
 [-3.23722626e-03  3.57374341e+01]
 [-3.26361549e-03  3.57448148e+01]
 [-3.28969438e-03  3.57521955e+01]
 [-3.31555650e-03  3.57595762e+01]
 [-3.34144566e-03  3.57669570e+01]
 [-3.36680731e-03  3.57743377e+01]
 [-3.39055692e-03  3.57817184e+01]
 [-3.41610019e-03  3.57890991e+01]
 [-3.44518269e-03  3.57964798e+01]
 [-3.46744184e-03  3.58038605e+01]
 [-3.49228899e-03  3.58112413e+01]
 [-3.51861835e-03  3.58186220e+01]
 [-3.54189146e-03  3.58260027e+01]
 [-3.56631496e-03  3.58333834e+01]
 [-3.59040057e-03  3.58407641e+01]
 [-3.61459828e-03  3.58481448e+01]
 [-3.63608697e-03  3.58555256e+01]
 [-3.66490969e-03  3.58629063e+01]
 [-3.68515768e-03  3.58702870e+01]
 [-3.71051650e-03  3.58776677e+01]
 [-3.73292700e-03  3.58850484e+01]
 [-3.75614114e-03  3.58924292e+01]
 [-3.77559150e-03  3.58998099e+01]
 [-3.80524071e-03  3.59071906e+01]
 [-3.82405152e-03  3.59145713e+01]
 [-3.84825448e-03  3.59219520e+01]
 [-3.86960312e-03  3.59293327e+01]
 [-3.89299372e-03  3.59367135e+01]
 [-3.91418736e-03  3.59440942e+01]
 [-3.93774336e-03  3.59514749e+01]
 [-3.95837800e-03  3.59588556e+01]
 [-3.98136214e-03  3.59662363e+01]
 [-4.00280297e-03  3.59736170e+01]
 [-4.02365283e-03  3.59809978e+01]
 [-4.04455560e-03  3.59883785e+01]
 [-4.06613060e-03  3.59957592e+01]
 [-4.08715681e-03  3.60031399e+01]
 [-4.10825160e-03  3.60105206e+01]
 [-4.12872696e-03  3.60179013e+01]
 [-4.15012276e-03  3.60252821e+01]
 [-4.16927263e-03  3.60326628e+01]
 [-4.18635445e-03  3.60400435e+01]
 [-4.21474239e-03  3.60474242e+01]
 [-4.22989907e-03  3.60548049e+01]
 [-4.25334831e-03  3.60621857e+01]
 [-4.27008471e-03  3.60695664e+01]
 [-4.29245144e-03  3.60769471e+01]
 [-4.31043296e-03  3.60843278e+01]
 [-4.33135014e-03  3.60917085e+01]
 [-4.35012628e-03  3.60990892e+01]
 [-4.36529636e-03  3.61064700e+01]
 [-4.39346848e-03  3.61138507e+01]
 [-4.40732198e-03  3.61212314e+01]
 [-4.42899797e-03  3.61286121e+01]
 [-4.44643225e-03  3.61359928e+01]
 [-4.46657749e-03  3.61433735e+01]
 [-4.48454658e-03  3.61507543e+01]
 [-4.50355960e-03  3.61581350e+01]
 [-4.52180312e-03  3.61655157e+01]
 [-4.53983249e-03  3.61728964e+01]
 [-4.55848933e-03  3.61802771e+01]
 [-4.57604423e-03  3.61876579e+01]
 [-4.59418860e-03  3.61950386e+01]
 [-4.61132709e-03  3.62024193e+01]
 [-4.63034356e-03  3.62098000e+01]
 [-4.64694561e-03  3.62171807e+01]
 [-4.66495406e-03  3.62245614e+01]
 [-4.68181388e-03  3.62319422e+01]
 [-4.69924967e-03  3.62393229e+01]
 [-4.71604373e-03  3.62467036e+01]
 [-4.73307091e-03  3.62540843e+01]
 [-4.74984987e-03  3.62614650e+01]
 [-4.76675054e-03  3.62688457e+01]
 [-4.78320548e-03  3.62762265e+01]
 [-4.79399891e-03  3.62836072e+01]
 [-4.82078633e-03  3.62909879e+01]
 [-4.83048571e-03  3.62983686e+01]
 [-4.85054827e-03  3.63057493e+01]
 [-4.86431006e-03  3.63131300e+01]
 [-4.88180907e-03  3.63205108e+01]
 [-4.89682463e-03  3.63278915e+01]
 [-4.91131896e-03  3.63352722e+01]
 [-4.93022194e-03  3.63426529e+01]
 [-4.94358283e-03  3.63500336e+01]
 [-4.96008016e-03  3.63574144e+01]
 [-4.97455172e-03  3.63647951e+01]
 [-4.99002846e-03  3.63721758e+01]
 [-5.00470749e-03  3.63795565e+01]
 [-5.01793338e-03  3.63869372e+01]
 [-5.03510508e-03  3.63943179e+01]
 [-5.05025736e-03  3.64016987e+01]
 [-5.06429108e-03  3.64090794e+01]
 [-5.07897298e-03  3.64164601e+01]
 [-5.09308220e-03  3.64238408e+01]
 [-5.10735222e-03  3.64312215e+01]
 [-5.11660307e-03  3.64386022e+01]
 [-5.14037645e-03  3.64459830e+01]
 [-5.14835083e-03  3.64533637e+01]
 [-5.16570020e-03  3.64607444e+01]
 [-5.17731694e-03  3.64681251e+01]
 [-5.19223321e-03  3.64755058e+01]
 [-5.20496633e-03  3.64828866e+01]
 [-5.21885752e-03  3.64902673e+01]
 [-5.23186177e-03  3.64976480e+01]
 [-5.24526294e-03  3.65050287e+01]
 [-5.25826108e-03  3.65124094e+01]
 [-5.27131450e-03  3.65197901e+01]
 [-5.28421353e-03  3.65271709e+01]
 [-5.29501726e-03  3.65345516e+01]
 [-5.31209358e-03  3.65419323e+01]
 [-5.31813208e-03  3.65493130e+01]
 [-5.33994901e-03  3.65566937e+01]
 [-5.34665662e-03  3.65640744e+01]
 [-5.36267035e-03  3.65714552e+01]
 [-5.37291853e-03  3.65788359e+01]
 [-5.38649210e-03  3.65862166e+01]
 [-5.39774592e-03  3.65935973e+01]
 [-5.41031914e-03  3.66009780e+01]
 [-5.42186589e-03  3.66083587e+01]
 [-5.43391542e-03  3.66157395e+01]
 [-5.44547130e-03  3.66231202e+01]
 [-5.45719625e-03  3.66305009e+01]
 [-5.46865056e-03  3.66378816e+01]
 [-5.48011086e-03  3.66452623e+01]
 [-5.49141477e-03  3.66526431e+01]
 [-5.50264481e-03  3.66600238e+01]
 [-5.51377380e-03  3.66674045e+01]
 [-5.52484363e-03  3.66747852e+01]
 [-5.53576897e-03  3.66821659e+01]
 [-5.54658317e-03  3.66895466e+01]
 [-5.55726131e-03  3.66969274e+01]
 [-5.56788132e-03  3.67043081e+01]
 [-5.57836112e-03  3.67116888e+01]
 [-5.58872868e-03  3.67190695e+01]
 [-5.59920369e-03  3.67264502e+01]
 [-5.60502833e-03  3.67338309e+01]
 [-5.62352376e-03  3.67412117e+01]
 [-5.62861269e-03  3.67485924e+01]
 [-5.64185985e-03  3.67559731e+01]
 [-5.65012357e-03  3.67633538e+01]
 [-5.66111886e-03  3.67707345e+01]
 [-5.67037705e-03  3.67781153e+01]
 [-5.67894979e-03  3.67854960e+01]
 [-5.69124655e-03  3.67928767e+01]
 [-5.69915543e-03  3.68002574e+01]
 [-5.70969209e-03  3.68076381e+01]
 [-5.71852466e-03  3.68150188e+01]
 [-5.72826916e-03  3.68223996e+01]
 [-5.73158256e-03  3.68297803e+01]
 [-5.74134366e-03  3.68371610e+01]
 [-5.75728381e-03  3.68445417e+01]
 [-5.77913434e-03  3.68519224e+01]
 [-5.80662661e-03  3.68593031e+01]
 [-5.83949196e-03  3.68666839e+01]
 [-5.87746174e-03  3.68740646e+01]
 [-5.92026730e-03  3.68814453e+01]
 [-5.96763997e-03  3.68888260e+01]
 [-6.01931111e-03  3.68962067e+01]
 [-6.07501207e-03  3.69035874e+01]
 [-6.13447418e-03  3.69109682e+01]
 [-6.19742879e-03  3.69183489e+01]
 [-6.26360725e-03  3.69257296e+01]
 [-6.33274091e-03  3.69331103e+01]
 [-6.40456111e-03  3.69404910e+01]
 [-6.47879919e-03  3.69478718e+01]
 [-6.55518651e-03  3.69552525e+01]
 [-6.63345441e-03  3.69626332e+01]
 [-6.71333423e-03  3.69700139e+01]
 [-6.79455732e-03  3.69773946e+01]
 [-6.87685503e-03  3.69847753e+01]
 [-6.95995870e-03  3.69921561e+01]
 [-7.04359968e-03  3.69995368e+01]
 [-7.12750931e-03  3.70069175e+01]
 [-7.21141895e-03  3.70142982e+01]
 [-7.29505993e-03  3.70216789e+01]
 [-7.37816360e-03  3.70290596e+01]
 [-7.46046131e-03  3.70364404e+01]
 [-7.54168440e-03  3.70438211e+01]
 [-7.62156422e-03  3.70512018e+01]
 [-7.69983212e-03  3.70585825e+01]
 [-7.77621944e-03  3.70659632e+01]
 [-7.85045752e-03  3.70733440e+01]
 [-7.92227772e-03  3.70807247e+01]
 [-7.99141138e-03  3.70881054e+01]
 [-8.05758984e-03  3.70954861e+01]
 [-8.12054445e-03  3.71028668e+01]
 [-8.18000656e-03  3.71102475e+01]
 [-8.23570752e-03  3.71176283e+01]
 [-8.28737866e-03  3.71250090e+01]
 [-8.33475133e-03  3.71323897e+01]
 [-8.37755688e-03  3.71397704e+01]
 [-8.41552667e-03  3.71471511e+01]
 [-8.44839202e-03  3.71545318e+01]
 [-8.47588429e-03  3.71619126e+01]
 [-8.49773482e-03  3.71692933e+01]
 [-8.51367497e-03  3.71766740e+01]
 [-8.52343607e-03  3.71840547e+01]
 [-8.52674947e-03  3.71914354e+01]
 [-7.98962628e-03  3.71988161e+01]
 [-7.92952805e-03  3.72061969e+01]
 [-7.88475004e-03  3.72135776e+01]
 [-7.83163581e-03  3.72209583e+01]
 [-7.78721280e-03  3.72283390e+01]
 [-7.74119399e-03  3.72357197e+01]
 [-7.69950718e-03  3.72431005e+01]
 [-7.65680707e-03  3.72504812e+01]
 [-7.62042751e-03  3.72578619e+01]
 [-7.58187243e-03  3.72652426e+01]
 [-7.54742782e-03  3.72726233e+01]
 [-7.51337270e-03  3.72800040e+01]
 [-7.48158255e-03  3.72873848e+01]
 [-7.45058198e-03  3.72947655e+01]
 [-7.42120016e-03  3.73021462e+01]
 [-7.39358899e-03  3.73095269e+01]
 [-7.36248624e-03  3.73169076e+01]
 [-7.34376730e-03  3.73242883e+01]
 [-7.31385278e-03  3.73316691e+01]
 [-7.30031701e-03  3.73390498e+01]
 [-7.27487758e-03  3.73464305e+01]
 [-7.25819912e-03  3.73538112e+01]
 [-7.23783202e-03  3.73611919e+01]
 [-7.22173333e-03  3.73685727e+01]
 [-7.20505191e-03  3.73759534e+01]
 [-7.19008637e-03  3.73833341e+01]
 [-7.17530601e-03  3.73907148e+01]
 [-7.16007755e-03  3.73980955e+01]
 [-7.15171921e-03  3.74054762e+01]
 [-7.14133324e-03  3.74128570e+01]
 [-7.13221564e-03  3.74202377e+01]
 [-7.12333192e-03  3.74276184e+01]
 [-7.11504640e-03  3.74349991e+01]
 [-7.10708533e-03  3.74423798e+01]
 [-7.09962177e-03  3.74497605e+01]
 [-7.09248462e-03  3.74571413e+01]
 [-7.08573663e-03  3.74645220e+01]
 [-7.07941143e-03  3.74719027e+01]
 [-7.07344789e-03  3.74792834e+01]
 [-7.06797478e-03  3.74866641e+01]
 [-7.06248642e-03  3.74940448e+01]
 [-7.05784875e-03  3.75014256e+01]
 [-7.05327669e-03  3.75088063e+01]
 [-7.04923924e-03  3.75161870e+01]
 [-7.04546566e-03  3.75235677e+01]
 [-7.04071577e-03  3.75309484e+01]
 [-7.03999508e-03  3.75383292e+01]
 [-7.03579379e-03  3.75457099e+01]
 [-7.03429956e-03  3.75530906e+01]
 [-7.03162397e-03  3.75604713e+01]
 [-7.03014462e-03  3.75678520e+01]
 [-7.02423582e-03  3.75752327e+01]
 [-7.02986483e-03  3.75826135e+01]
 [-7.02451344e-03  3.75899942e+01]
 [-7.02626034e-03  3.75973749e+01]
 [-7.02429582e-03  3.76047556e+01]
 [-7.02483449e-03  3.76121363e+01]
 [-7.02441208e-03  3.76195170e+01]
 [-7.02498960e-03  3.76268978e+01]
 [-7.02453939e-03  3.76342785e+01]
 [-7.02584344e-03  3.76416592e+01]
 [-7.02620046e-03  3.76490399e+01]
 [-7.02749046e-03  3.76564206e+01]
 [-7.02861238e-03  3.76638013e+01]
 [-7.03012384e-03  3.76711821e+01]
 [-7.03172901e-03  3.76785628e+01]
 [-7.03353625e-03  3.76859435e+01]
 [-7.03546744e-03  3.76933242e+01]
 [-7.03760540e-03  3.77007049e+01]
 [-7.03979216e-03  3.77080857e+01]
 [-7.04224167e-03  3.77154664e+01]
 [-7.04472863e-03  3.77228471e+01]
 [-7.04538105e-03  3.77302278e+01]
 [-7.05057343e-03  3.77376085e+01]
 [-7.05172337e-03  3.77449892e+01]
 [-7.05496390e-03  3.77523700e+01]
 [-7.05789824e-03  3.77597507e+01]
 [-7.06105249e-03  3.77671314e+01]
 [-7.06249095e-03  3.77745121e+01]
 [-7.06877499e-03  3.77818928e+01]
 [-7.07068531e-03  3.77892735e+01]
 [-7.07157171e-03  3.77966543e+01]
 [-7.07947397e-03  3.78040350e+01]
 [-7.07636095e-03  3.78114157e+01]
 [-7.08811580e-03  3.78187964e+01]
 [-7.08716182e-03  3.78261771e+01]
 [-7.09403756e-03  3.78335579e+01]
 [-7.09660365e-03  3.78409386e+01]
 [-7.10175634e-03  3.78483193e+01]
 [-7.10548959e-03  3.78557000e+01]
 [-7.11010667e-03  3.78630807e+01]
 [-7.11413318e-03  3.78704614e+01]
 [-7.11900965e-03  3.78778422e+01]
 [-7.12321966e-03  3.78852229e+01]
 [-7.12792307e-03  3.78926036e+01]
 [-7.13190165e-03  3.78999843e+01]
 [-7.13618419e-03  3.79073650e+01]
 [-7.14113308e-03  3.79147457e+01]
 [-7.14583209e-03  3.79221265e+01]
 [-7.14641298e-03  3.79295072e+01]
 [-7.15388063e-03  3.79368879e+01]
 [-7.16024134e-03  3.79442686e+01]
 [-7.16467370e-03  3.79516493e+01]
 [-7.17038439e-03  3.79590300e+01]
 [-7.17555640e-03  3.79664108e+01]
 [-7.18124251e-03  3.79737915e+01]
 [-7.18662274e-03  3.79811722e+01]
 [-7.19226188e-03  3.79885529e+01]
 [-7.19516511e-03  3.79959336e+01]
 [-7.20496764e-03  3.80033144e+01]
 [-7.20786342e-03  3.80106951e+01]
 [-7.21503069e-03  3.80180758e+01]
 [-7.21951513e-03  3.80254565e+01]
 [-7.22591143e-03  3.80328372e+01]
 [-7.23100668e-03  3.80402179e+01]
 [-7.23686099e-03  3.80475987e+01]
 [-7.24225480e-03  3.80549794e+01]
 [-7.24790972e-03  3.80623601e+01]
 [-7.25340217e-03  3.80697408e+01]
 [-7.25898829e-03  3.80771215e+01]
 [-7.26445943e-03  3.80845022e+01]
 [-7.27000674e-03  3.80918830e+01]
 [-7.27549762e-03  3.80992637e+01]
 [-7.28099328e-03  3.81066444e+01]
 [-7.28645504e-03  3.81140251e+01]
 [-7.29189166e-03  3.81214058e+01]
 [-7.29740358e-03  3.81287866e+01]
 [-7.30286099e-03  3.81361673e+01]
 [-7.30831223e-03  3.81435480e+01]
 [-7.31366909e-03  3.81509287e+01]
 [-7.31908676e-03  3.81583094e+01]
 [-7.32440969e-03  3.81656901e+01]
 [-7.32978334e-03  3.81730709e+01]
 [-7.33507304e-03  3.81804516e+01]
 [-7.34038759e-03  3.81878323e+01]
 [-7.34567511e-03  3.81952130e+01]
 [-7.35092697e-03  3.82025937e+01]
 [-7.35626305e-03  3.82099744e+01]
 [-7.36144408e-03  3.82173552e+01]
 [-7.36611114e-03  3.82247359e+01]
 [-7.36930354e-03  3.82321166e+01]
 [-7.37619305e-03  3.82394973e+01]
 [-7.38027430e-03  3.82468780e+01]
 [-7.38570170e-03  3.82542587e+01]
 [-7.38702218e-03  3.82616395e+01]
 [-7.39775493e-03  3.82690202e+01]
 [-7.39913523e-03  3.82764009e+01]
 [-7.40630073e-03  3.82837816e+01]
 [-7.40995077e-03  3.82911623e+01]
 [-7.41567561e-03  3.82985431e+01]
 [-7.42011997e-03  3.83059238e+01]
 [-7.42537025e-03  3.83133045e+01]
 [-7.43010645e-03  3.83206852e+01]
 [-7.43508194e-03  3.83280659e+01]
 [-7.43981388e-03  3.83354466e+01]
 [-7.44394655e-03  3.83428274e+01]
 [-7.44915326e-03  3.83502081e+01]
 [-7.45337008e-03  3.83575888e+01]
 [-7.45843713e-03  3.83649695e+01]
 [-7.46290997e-03  3.83723502e+01]
 [-7.46773096e-03  3.83797309e+01]
 [-7.47235060e-03  3.83871117e+01]
 [-7.47699742e-03  3.83944924e+01]
 [-7.48156013e-03  3.84018731e+01]
 [-7.48419606e-03  3.84092538e+01]
 [-7.49050935e-03  3.84166345e+01]
 [-7.49375612e-03  3.84240153e+01]
 [-7.49886255e-03  3.84313960e+01]
 [-7.50305062e-03  3.84387767e+01]
 [-7.50565651e-03  3.84461574e+01]
 [-7.51306365e-03  3.84535381e+01]
 [-7.51547707e-03  3.84609188e+01]
 [-7.52099449e-03  3.84682996e+01]
 [-7.52470713e-03  3.84756803e+01]
 [-7.52943384e-03  3.84830610e+01]
 [-7.53347982e-03  3.84904417e+01]
 [-7.53787977e-03  3.84978224e+01]
 [-7.54200603e-03  3.85052031e+01]
 [-7.54624856e-03  3.85125839e+01]
 [-7.55033424e-03  3.85199646e+01]
 [-7.54684164e-03  3.85273453e+01]
 [-7.56311328e-03  3.85347260e+01]
 [-7.55937882e-03  3.85421067e+01]
 [-7.56811099e-03  3.85494874e+01]
 [-7.56892725e-03  3.85568682e+01]
 [-7.57538556e-03  3.85642489e+01]
 [-7.57783305e-03  3.85716296e+01]
 [-7.58269100e-03  3.85790103e+01]
 [-7.58598582e-03  3.85863910e+01]
 [-7.59019623e-03  3.85937718e+01]
 [-7.59374094e-03  3.86011525e+01]
 [-7.59772675e-03  3.86085332e+01]
 [-7.60130462e-03  3.86159139e+01]
 [-7.60263517e-03  3.86232946e+01]
 [-7.60866996e-03  3.86306753e+01]
 [-7.61070059e-03  3.86380561e+01]
 [-7.61523313e-03  3.86454368e+01]
 [-7.61837092e-03  3.86528175e+01]
 [-7.62209655e-03  3.86601982e+01]
 [-7.62549099e-03  3.86675789e+01]
 [-7.62903226e-03  3.86749596e+01]
 [-7.63239598e-03  3.86823404e+01]
 [-7.63583663e-03  3.86897211e+01]
 [-7.63914745e-03  3.86971018e+01]
 [-7.63742605e-03  3.87044825e+01]
 [-7.64832894e-03  3.87118632e+01]
 [-7.64672880e-03  3.87192440e+01]
 [-7.65291132e-03  3.87266247e+01]
 [-7.65451200e-03  3.87340054e+01]
 [-7.65869571e-03  3.87413861e+01]
 [-7.66133305e-03  3.87487668e+01]
 [-7.66490701e-03  3.87561475e+01]
 [-7.66698083e-03  3.87635283e+01]
 [-7.67072331e-03  3.87709090e+01]
 [-7.67286430e-03  3.87782897e+01]
 [-7.67011837e-03  3.87856704e+01]
 [-7.68282966e-03  3.87930511e+01]
 [-7.67956217e-03  3.88004318e+01]
 [-7.68629234e-03  3.88078126e+01]
 [-7.68698646e-03  3.88151933e+01]
 [-7.69126269e-03  3.88225740e+01]
 [-7.69327733e-03  3.88299547e+01]
 [-7.69662701e-03  3.88373354e+01]
 [-7.69913173e-03  3.88447161e+01]
 [-7.70204556e-03  3.88520969e+01]
 [-7.70472847e-03  3.88594776e+01]
 [-7.70733851e-03  3.88668583e+01]
 [-7.70975379e-03  3.88742390e+01]
 [-7.71230019e-03  3.88816197e+01]
 [-7.71469467e-03  3.88890005e+01]
 [-7.71708435e-03  3.88963812e+01]
 [-7.71943836e-03  3.89037619e+01]
 [-7.72177589e-03  3.89111426e+01]
 [-7.72312892e-03  3.89185233e+01]
 [-7.72674562e-03  3.89259040e+01]
 [-7.72637963e-03  3.89332848e+01]
 [-7.73112795e-03  3.89406655e+01]
 [-7.73170890e-03  3.89480462e+01]
 [-7.73479823e-03  3.89554269e+01]
 [-7.73650252e-03  3.89628076e+01]
 [-7.73884177e-03  3.89701883e+01]
 [-7.74087540e-03  3.89775691e+01]
 [-7.74286020e-03  3.89849498e+01]
 [-7.74427769e-03  3.89923305e+01]
 [-7.74493996e-03  3.89997112e+01]
 [-7.74706558e-03  3.90070919e+01]
 [-7.74826064e-03  3.90144727e+01]
 [-7.75000593e-03  3.90218534e+01]
 [-7.75142215e-03  3.90292341e+01]
 [-7.75190219e-03  3.90366148e+01]
 [-7.75536421e-03  3.90439955e+01]
 [-7.75584591e-03  3.90513762e+01]
 [-7.75620990e-03  3.90587570e+01]
 [-7.76038090e-03  3.90661377e+01]
 [-7.76019322e-03  3.90735184e+01]
 [-7.76276879e-03  3.90808991e+01]
 [-7.76359226e-03  3.90882798e+01]
 [-7.76564181e-03  3.90956605e+01]
 [-7.76671752e-03  3.91030413e+01]
 [-7.76858507e-03  3.91104220e+01]
 [-7.76964018e-03  3.91178027e+01]
 [-7.77137524e-03  3.91251834e+01]
 [-7.77254587e-03  3.91325641e+01]
 [-7.77409976e-03  3.91399448e+01]
 [-7.77525728e-03  3.91473256e+01]
 [-7.77681371e-03  3.91547063e+01]
 [-7.77795461e-03  3.91620870e+01]
 [-7.77888587e-03  3.91694677e+01]
 [-7.78013207e-03  3.91768484e+01]
 [-7.78152518e-03  3.91842292e+01]
 [-7.77994006e-03  3.91916099e+01]
 [-7.78493016e-03  3.91989906e+01]
 [-7.78388109e-03  3.92063713e+01]
 [-7.78637847e-03  3.92137520e+01]
 [-7.78683320e-03  3.92211327e+01]
 [-7.78836005e-03  3.92285135e+01]
 [-7.78897310e-03  3.92358942e+01]
 [-7.79018211e-03  3.92432749e+01]
 [-7.79085551e-03  3.92506556e+01]
 [-7.79221999e-03  3.92580363e+01]
 [-7.79317230e-03  3.92654170e+01]
 [-7.79441672e-03  3.92727978e+01]
 [-7.79544409e-03  3.92801785e+01]
 [-7.79400752e-03  3.92875592e+01]
 [-7.79905811e-03  3.92949399e+01]
 [-7.79723477e-03  3.93023206e+01]
 [-7.80026985e-03  3.93097014e+01]
 [-7.79989828e-03  3.93170821e+01]
 [-7.79868799e-03  3.93244628e+01]
 [-7.80408240e-03  3.93318435e+01]
 [-7.80209175e-03  3.93392242e+01]
 [-7.80480425e-03  3.93466049e+01]
 [-7.80351665e-03  3.93539857e+01]
 [-7.79972346e-03  3.93613664e+01]
 [-7.79352909e-03  3.93687471e+01]
 [-7.78503792e-03  3.93761278e+01]
 [-7.77435436e-03  3.93835085e+01]
 [-7.76158280e-03  3.93908892e+01]
 [-7.74682766e-03  3.93982700e+01]
 [-7.73019332e-03  3.94056507e+01]
 [-7.71178419e-03  3.94130314e+01]
 [-7.69170466e-03  3.94204121e+01]
 [-7.67005914e-03  3.94277928e+01]
 [-7.64695203e-03  3.94351735e+01]
 [-7.62248772e-03  3.94425543e+01]
 [-7.59677061e-03  3.94499350e+01]
 [-7.56990511e-03  3.94573157e+01]
 [-7.54199561e-03  3.94646964e+01]
 [-7.51314652e-03  3.94720771e+01]
 [-7.48346223e-03  3.94794579e+01]
 [-7.45304714e-03  3.94868386e+01]
 [-7.42200565e-03  3.94942193e+01]
 [-7.39044217e-03  3.95016000e+01]
 [-7.35846108e-03  3.95089807e+01]
 [-7.32616680e-03  3.95163614e+01]
 [-7.29366372e-03  3.95237422e+01]
 [-7.26105624e-03  3.95311229e+01]
 [-7.22844876e-03  3.95385036e+01]
 [-7.19594568e-03  3.95458843e+01]
 [-7.16365140e-03  3.95532650e+01]
 [-7.13167032e-03  3.95606457e+01]
 [-7.10010683e-03  3.95680265e+01]
 [-7.06906535e-03  3.95754072e+01]
 [-7.03865026e-03  3.95827879e+01]
 [-7.00896597e-03  3.95901686e+01]
 [-6.98011687e-03  3.95975493e+01]
 [-6.95220738e-03  3.96049300e+01]
 [-6.92534188e-03  3.96123108e+01]
 [-6.89962477e-03  3.96196915e+01]
 [-6.87516046e-03  3.96270722e+01]
 [-6.85205334e-03  3.96344529e+01]
 [-6.83040782e-03  3.96418336e+01]
 [-6.81032830e-03  3.96492144e+01]
 [-6.79191916e-03  3.96565951e+01]
 [-6.77528483e-03  3.96639758e+01]
 [-6.76052968e-03  3.96713565e+01]
 [-6.74775813e-03  3.96787372e+01]
 [-6.73707457e-03  3.96861179e+01]
 [-6.72858340e-03  3.96934987e+01]
 [-6.72238902e-03  3.97008794e+01]
 [-6.71859583e-03  3.97082601e+01]
 [-6.71730824e-03  3.97156408e+01]
 [-6.62777409e-03  3.97230215e+01]
 [-6.61836901e-03  3.97304022e+01]
 [-6.60931376e-03  3.97377830e+01]
 [-6.60053572e-03  3.97451637e+01]
 [-6.59179575e-03  3.97525444e+01]
 [-6.58412272e-03  3.97599251e+01]
 [-6.57590375e-03  3.97673058e+01]
 [-6.56842982e-03  3.97746866e+01]
 [-6.56090118e-03  3.97820673e+01]
 [-6.55376993e-03  3.97894480e+01]
 [-6.54659036e-03  3.97968287e+01]
 [-6.53980508e-03  3.98042094e+01]
 [-6.53313102e-03  3.98115901e+01]
 [-6.52668177e-03  3.98189709e+01]
 [-6.51727162e-03  3.98263516e+01]
 [-6.51682159e-03  3.98337323e+01]
 [-6.50635665e-03  3.98411130e+01]
 [-6.50304484e-03  3.98484937e+01]
 [-6.49708360e-03  3.98558744e+01]
 [-6.49146515e-03  3.98632552e+01]
 [-6.48656435e-03  3.98706359e+01]
 [-6.48098534e-03  3.98780166e+01]
 [-6.47338082e-03  3.98853973e+01]
 [-6.47294963e-03  3.98927780e+01]
 [-6.46470607e-03  3.99001587e+01]
 [-6.46142719e-03  3.99075395e+01]
 [-6.45556312e-03  3.99149202e+01]
 [-6.45176510e-03  3.99223009e+01]
 [-6.44675939e-03  3.99296816e+01]
 [-6.44253002e-03  3.99370623e+01]
 [-6.43787750e-03  3.99444431e+01]
 [-6.43217254e-03  3.99518238e+01]
 [-6.43040973e-03  3.99592045e+01]
 [-6.42451026e-03  3.99665852e+01]
 [-6.42127122e-03  3.99739659e+01]
 [-6.41342942e-03  3.99813466e+01]
 [-6.41460934e-03  3.99887274e+01]
 [-6.40704576e-03  3.99961081e+01]
 [-6.40704576e-03  4.00034888e+01]]